Transaction_ID,Customer_ID,Customer_Age,Transaction_Amount,Transaction_Hour,Transaction_Distance,Previous_Transactions,Average_Transaction_Amount,Time_Since_Last_Transaction,Failed_Transactions,Account_Age_Days,Card_Age_Days,Device_Type,Location_Type,Payment_Method,Merchant_Category,Is_International,Card_Present,Authentication_Score,Device_Trust_Score,Fraud
1,1127,63,20496.27,7,592.41,37,98597.43,75.24,6,2058,827,Laptop,Online,Credit Card,Food,No,No,16,58,1
2,861,43,58217.36,3,430.63,6,71577.08,508.06,6,1173,1846,Mobile,Public,Digital Wallet,Food,No,Yes,74,48,1
3,1131,65,64447.99,18,394.66,82,82695.17,94.84,2,2096,1224,Mobile,Online,Credit Card,Shopping,No,Yes,43,17,1
4,1096,56,221471.41,22,342.48,86,9419.31,319.55,5,837,661,POS,Online,Contactless,Grocery,No,Yes,41,60,1
5,1045,58,56822.7,17,598.42,82,30391.81,455.2,5,3922,1397,Mobile,Work,Digital Wallet,Food,No,Yes,44,10,1
6,122,21,172090.18,20,588.29,51,6244.76,399.28,1,276,256,POS,Work,Digital Wallet,Online Services,No,Yes,52,79,1
7,467,47,64651.62,22,323.1,66,37468.93,703.9,8,1258,221,POS,Home,Credit Card,Online Services,No,Yes,17,50,1
8,331,47,258501.32,0,273.38,96,98138.32,565.76,7,3521,1659,Mobile,Unknown,Digital Wallet,Grocery,No,No,52,38,1
9,88,39,282661.42,19,277.54,145,10974.67,557.44,1,3168,1179,Mobile,Home,Credit Card,Food,No,No,43,85,1
10,1124,28,155596.04,14,257.29,65,56456.09,256.09,3,371,128,Tablet,Work,Online Banking,Entertainment,No,No,23,40,1
11,872,19,105757.43,17,319.07,9,1104.03,6.14,8,2422,373,Mobile,Home,Credit Card,Food,No,Yes,1,3,1
12,131,61,70293.93,21,164.51,141,71411.94,528.8,3,1969,2320,Laptop,Online,Online Banking,Travel,No,No,93,94,1
13,770,29,15029.32,11,556.11,101,20120.67,719.81,6,3001,49,POS,Work,Digital Wallet,Entertainment,No,No,25,79,1
14,344,47,80623.17,0,294.39,31,13393.66,292.29,4,3798,2436,Mobile,Unknown,Online Banking,Online Services,No,Yes,6,91,1
15,806,53,196305.31,6,505.28,63,34033.27,709.57,9,2464,462,Tablet,Public,Credit Card,Food,No,Yes,74,31,1
16,386,35,160131.72,18,285.44,59,77218.91,102.12,5,371,1029,POS,Public,Credit Card,Online Services,No,Yes,54,16,1
17,956,43,283217.98,0,431.12,10,11108.0,213.56,0,137,359,Mobile,Online,Credit Card,Travel,No,Yes,78,28,1
18,277,70,118943.55,23,202.46,89,23368.98,123.01,3,2754,1720,Mobile,Public,Digital Wallet,Shopping,No,Yes,23,45,1
19,1185,24,208189.62,6,375.07,124,1342.21,342.18,4,662,2262,Tablet,Work,Credit Card,Online Services,No,Yes,19,37,1
20,460,18,146847.89,1,299.27,100,96857.28,573.85,5,1027,364,POS,Online,Credit Card,Entertainment,No,Yes,56,43,1
21,22,43,153821.61,6,220.58,90,59418.49,245.34,5,1455,1986,Mobile,Work,Credit Card,Travel,No,No,53,73,1
22,253,40,80405.52,18,528.99,26,72130.01,652.49,4,625,2080,Mobile,Public,Online Banking,Entertainment,No,Yes,31,73,1
23,748,43,136539.74,12,68.07,77,65312.63,392.32,2,1355,2017,Mobile,Home,Digital Wallet,Shopping,No,Yes,38,76,1
24,857,62,141288.42,23,292.41,17,14864.27,335.16,1,1826,2252,Laptop,Online,Contactless,Online Services,Yes,No,19,28,1
25,475,23,212022.09,4,117.02,68,59696.52,566.69,6,1160,1901,Mobile,Unknown,Digital Wallet,Shopping,No,Yes,1,71,1
26,1083,23,282197.94,22,516.7,23,13575.85,73.13,0,3736,1634,Laptop,Online,Credit Card,Entertainment,No,Yes,77,60,1
27,511,61,98863.45,18,152.45,9,40423.03,557.12,4,614,1586,Tablet,Home,Online Banking,Online Services,No,No,50,64,1
28,700,25,12755.92,0,380.24,45,57111.83,175.0,3,2554,2375,POS,Online,Digital Wallet,Online Services,No,Yes,98,60,1
29,976,41,148938.91,0,99.76,147,56108.67,202.26,6,2414,2195,POS,Unknown,Digital Wallet,Travel,No,Yes,58,99,1
30,190,39,163383.95,17,243.25,75,12347.81,431.65,1,3561,818,POS,Home,Contactless,Electronics,No,No,81,36,1
31,958,36,50615.32,23,539.66,27,3926.38,649.4,7,2390,671,Mobile,Online,Digital Wallet,Entertainment,No,Yes,32,47,1
32,687,54,228163.34,0,100.06,141,79924.31,416.5,8,1207,235,Mobile,Public,Digital Wallet,Grocery,No,Yes,49,38,1
33,958,35,295480.24,4,398.09,140,72729.28,467.28,9,1854,2107,Tablet,Public,Online Banking,Online Services,Yes,No,98,65,1
34,563,48,283737.84,8,123.1,9,8640.98,559.17,0,638,1481,Laptop,Work,Online Banking,Electronics,No,No,97,34,1
35,832,54,59212.1,11,249.74,92,13177.84,186.79,4,1857,852,Laptop,Home,Digital Wallet,Online Services,No,No,92,22,1
36,1155,47,262621.44,8,324.6,77,89312.09,595.63,3,1402,2074,Mobile,Work,Credit Card,Grocery,Yes,No,44,94,1
37,647,59,211377.64,17,346.6,84,77028.33,300.99,4,2867,2334,Laptop,Online,Contactless,Travel,No,Yes,29,84,1
38,21,50,136208.58,22,361.71,77,99617.95,126.55,8,1819,2259,Mobile,Public,Credit Card,Online Services,No,Yes,88,51,1
39,841,27,162229.24,10,384.26,29,25771.75,252.15,2,2671,237,Laptop,Public,Credit Card,Grocery,No,Yes,48,72,1
40,167,54,254895.09,0,163.43,150,49036.4,177.29,0,3630,908,Mobile,Public,Contactless,Food,No,No,80,45,1
41,388,29,144092.47,18,241.12,73,24027.73,164.75,2,2377,2419,POS,Online,Contactless,Entertainment,Yes,No,77,71,1
42,601,47,112024.89,21,22.87,88,62468.61,203.52,3,2769,1642,Mobile,Online,Credit Card,Shopping,No,No,26,2,1
43,316,44,148024.92,9,461.37,106,11983.72,130.35,1,757,407,POS,Home,Credit Card,Grocery,No,Yes,7,58,1
44,14,56,173781.03,1,502.34,147,13160.7,480.78,0,1587,440,POS,Work,Online Banking,Online Services,No,Yes,44,94,1
45,242,26,56804.39,6,119.94,38,7652.85,417.64,0,265,412,POS,Public,Credit Card,Grocery,No,No,14,12,1
46,777,38,270282.23,19,121.27,95,69511.82,466.91,7,994,600,POS,Online,Credit Card,Food,No,Yes,52,100,1
47,565,29,202288.67,1,25.7,39,49660.22,247.55,3,2974,1204,Mobile,Online,Contactless,Travel,No,Yes,32,27,1
48,898,46,190017.35,18,582.25,143,61964.26,554.23,1,240,1673,Tablet,Home,Digital Wallet,Online Services,No,No,75,98,1
49,92,50,29938.92,5,484.41,54,87990.45,93.41,9,315,2446,POS,Home,Online Banking,Online Services,No,No,32,38,1
50,956,60,181291.76,9,216.74,110,74162.68,411.26,2,2500,1160,Mobile,Online,Online Banking,Shopping,No,Yes,75,75,0
51,509,70,36376.1,8,289.4,112,46441.43,198.4,7,1772,1192,Tablet,Public,Online Banking,Entertainment,Yes,Yes,84,20,1
52,776,32,23701.43,7,175.53,52,98443.42,379.93,5,523,309,Laptop,Home,Contactless,Travel,No,Yes,57,94,1
53,35,19,158240.54,10,358.55,35,45897.48,233.09,7,1047,2149,Laptop,Home,Digital Wallet,Entertainment,No,No,52,43,1
54,206,69,120895.38,8,430.53,37,11688.84,569.19,9,3520,1791,POS,Online,Online Banking,Online Services,No,Yes,34,32,1
55,1105,56,176684.2,19,268.7,78,99269.15,641.73,4,2914,2183,Laptop,Work,Online Banking,Food,No,Yes,61,90,1
56,1026,70,26857.73,19,524.22,61,2770.66,534.68,2,2844,2236,Mobile,Home,Contactless,Online Services,No,No,62,23,1
57,1022,61,129351.82,8,310.46,111,55213.41,126.5,5,2019,1203,POS,Home,Online Banking,Entertainment,No,Yes,86,41,1
58,566,35,52518.54,7,86.98,114,31255.0,197.98,9,2422,43,Mobile,Online,Contactless,Grocery,No,Yes,87,88,1
59,1130,20,296131.32,14,373.56,9,50603.44,661.95,7,552,2082,POS,Online,Credit Card,Shopping,No,Yes,93,2,1
60,703,24,168388.95,1,277.61,19,56091.94,314.85,4,848,1326,POS,Public,Credit Card,Online Services,Yes,Yes,76,62,1
61,402,60,206262.31,23,561.44,121,24389.54,677.66,4,2396,2288,POS,Online,Credit Card,Entertainment,No,Yes,31,96,1
62,730,35,97692.94,0,235.44,105,55907.45,282.63,2,1395,2404,POS,Online,Credit Card,Food,No,Yes,29,53,1
63,162,61,28512.2,8,242.02,80,75728.08,685.28,2,3480,887,POS,Home,Credit Card,Food,No,No,31,57,1
64,202,55,292763.67,8,390.64,26,27017.73,666.54,7,3647,495,POS,Online,Credit Card,Shopping,No,Yes,12,48,1
65,996,54,85949.08,12,316.43,40,38650.9,475.61,0,1686,1993,Laptop,Online,Contactless,Electronics,No,Yes,35,79,1
66,270,50,127200.07,7,224.98,25,27190.15,6.45,3,3849,1803,Mobile,Home,Credit Card,Grocery,No,Yes,57,6,1
67,816,61,194994.19,20,593.87,99,82145.69,288.3,8,3094,775,Mobile,Online,Digital Wallet,Electronics,No,Yes,41,16,1
68,456,48,7506.72,4,181.66,118,72635.73,656.1,5,2772,2254,POS,Home,Online Banking,Entertainment,No,Yes,27,11,1
69,1017,28,243096.71,2,166.88,69,87184.05,637.29,5,619,1820,Tablet,Online,Credit Card,Food,Yes,Yes,15,46,1
70,296,21,161019.8,20,518.72,71,17419.96,135.0,9,664,1886,Tablet,Online,Credit Card,Online Services,No,Yes,94,73,1
71,720,35,83537.33,3,2.52,89,7821.17,287.47,6,1841,161,POS,Online,Credit Card,Travel,No,Yes,71,57,1
72,338,21,18576.23,16,121.15,65,12378.66,601.58,6,237,806,POS,Public,Credit Card,Travel,No,Yes,36,67,1
73,879,66,48833.27,15,354.47,150,16521.32,416.11,5,2263,2493,POS,Public,Contactless,Food,No,No,24,7,1
74,1077,51,268520.65,15,97.89,64,53541.72,610.07,8,1006,373,Mobile,Unknown,Contactless,Travel,No,Yes,82,52,1
75,792,46,205838.66,19,591.49,58,97105.75,595.15,7,2094,1585,Laptop,Public,Contactless,Grocery,No,Yes,24,52,1
76,217,41,75045.53,2,278.79,112,36044.92,653.4,7,1343,1623,Mobile,Home,Contactless,Shopping,Yes,Yes,96,30,1
77,764,39,19773.67,5,358.62,123,95871.57,84.49,1,283,607,Laptop,Work,Credit Card,Entertainment,No,Yes,76,55,1
78,188,19,207215.53,0,96.64,97,4300.98,104.64,6,1000,374,Mobile,Home,Online Banking,Food,No,Yes,28,22,1
79,380,61,171765.08,20,173.98,106,92723.78,59.71,0,640,1450,POS,Home,Online Banking,Entertainment,No,No,75,4,1
80,493,23,121415.41,15,368.97,4,18524.68,673.4,9,2523,554,Mobile,Work,Contactless,Shopping,No,Yes,3,5,1
81,1065,59,109147.07,14,329.96,129,91291.26,342.17,7,3073,1627,Mobile,Public,Credit Card,Travel,No,Yes,3,22,1
82,1181,42,65122.6,6,470.73,26,6094.63,46.41,2,1509,1977,POS,Online,Digital Wallet,Food,No,No,29,68,1
83,15,38,200916.42,1,161.91,33,94847.84,231.57,8,1200,75,Mobile,Online,Credit Card,Grocery,No,Yes,32,4,1
84,65,33,291203.34,9,392.3,27,20479.43,253.08,4,913,1964,POS,Work,Credit Card,Shopping,Yes,Yes,54,43,1
85,521,48,52797.0,14,174.94,42,30620.05,582.9,6,3215,1658,POS,Online,Online Banking,Shopping,No,Yes,38,15,1
86,1153,31,179175.27,5,352.26,71,49348.76,529.57,6,3198,1010,Tablet,Unknown,Credit Card,Online Services,No,Yes,95,16,1
87,648,56,127313.1,1,363.22,64,38381.73,496.39,8,3483,1481,POS,Work,Digital Wallet,Grocery,No,Yes,56,84,1
88,1087,45,134061.95,23,73.54,25,66919.03,15.84,1,1429,2100,POS,Public,Digital Wallet,Entertainment,No,Yes,65,58,1
89,1163,49,76318.77,23,329.41,72,97493.37,655.71,3,3060,1922,Mobile,Home,Credit Card,Food,No,Yes,21,74,1
90,593,45,247557.95,16,7.66,105,60839.44,155.28,7,535,2144,Tablet,Public,Credit Card,Entertainment,No,No,41,33,1
91,392,68,145628.16,0,300.98,132,72287.8,452.96,4,3423,655,Mobile,Home,Contactless,Entertainment,No,No,20,95,1
92,419,66,163067.42,0,418.66,12,9256.52,44.6,4,2405,2283,Mobile,Online,Online Banking,Shopping,No,Yes,60,65,1
93,289,26,91497.8,3,44.16,58,62967.34,58.79,2,378,287,Mobile,Public,Online Banking,Entertainment,No,Yes,75,25,1
94,379,62,54624.36,19,563.26,95,45658.05,6.99,4,3271,2040,Tablet,Online,Contactless,Travel,No,Yes,59,37,1
95,231,39,25864.53,15,275.52,139,88635.34,407.51,6,2384,282,POS,Online,Credit Card,Online Services,No,Yes,74,18,1
96,1018,49,214264.33,7,563.08,101,39127.0,453.19,3,228,1634,POS,Online,Credit Card,Online Services,No,Yes,55,25,1
97,41,22,58950.66,0,64.89,108,68105.69,36.43,7,3278,1242,Laptop,Work,Credit Card,Online Services,No,No,3,15,1
98,1052,40,207053.6,18,569.97,59,23201.3,209.22,5,1177,2230,Laptop,Home,Digital Wallet,Travel,No,No,14,68,1
99,135,22,117173.9,10,65.96,117,26307.57,613.06,5,1210,1768,POS,Work,Digital Wallet,Shopping,No,Yes,45,35,1
100,201,59,124790.86,16,277.17,109,37924.18,73.03,5,2684,2154,POS,Home,Credit Card,Online Services,No,Yes,95,68,1
101,780,70,140806.33,9,562.83,22,30754.32,155.99,3,3387,754,Mobile,Public,Credit Card,Entertainment,No,No,99,42,1
102,930,49,110375.78,11,140.01,65,25760.94,305.62,2,640,2446,Mobile,Public,Online Banking,Online Services,No,Yes,60,84,1
103,1057,27,30275.93,8,21.35,50,5442.04,606.45,9,950,597,Laptop,Work,Digital Wallet,Travel,No,No,49,12,1
104,1072,56,92958.58,6,475.97,4,83756.26,183.57,5,1932,1808,Laptop,Unknown,Contactless,Electronics,No,Yes,9,94,1
105,503,32,199153.93,11,357.73,102,6898.0,717.94,5,3982,1207,POS,Home,Credit Card,Electronics,No,Yes,54,22,1
106,407,24,199768.74,14,308.6,43,88792.87,255.85,1,2312,2232,Laptop,Home,Digital Wallet,Entertainment,No,Yes,70,36,1
107,805,46,85938.67,7,21.09,105,12983.81,278.3,9,1755,300,Mobile,Unknown,Online Banking,Shopping,No,Yes,93,34,1
108,99,64,138084.78,16,392.11,4,6993.54,88.0,8,1347,591,Mobile,Work,Contactless,Online Services,No,Yes,52,91,1
109,684,20,58114.82,4,103.39,141,56518.97,489.77,3,814,1562,POS,Home,Credit Card,Travel,No,No,63,25,1
110,726,36,63190.59,13,558.75,67,50492.96,175.37,3,2919,1443,Mobile,Online,Credit Card,Food,No,Yes,52,39,1
111,961,27,7011.82,1,411.59,55,49377.84,452.82,9,3998,2209,Mobile,Public,Credit Card,Food,No,Yes,22,76,1
112,613,45,269034.29,15,424.37,96,57663.18,160.75,7,3119,1723,POS,Online,Online Banking,Travel,No,Yes,55,59,1
113,643,46,63290.93,16,139.93,65,29062.13,279.33,2,988,874,POS,Work,Digital Wallet,Entertainment,No,Yes,3,76,1
114,1029,32,68337.41,2,528.51,75,66463.45,616.82,9,1227,2342,Tablet,Work,Digital Wallet,Online Services,No,Yes,2,85,1
115,503,52,83952.47,22,322.87,130,50489.02,532.04,6,1456,249,Laptop,Online,Credit Card,Electronics,No,Yes,59,50,1
116,767,23,38309.68,0,514.32,120,33806.97,111.39,6,2458,928,POS,Online,Credit Card,Electronics,No,Yes,28,61,1
117,398,29,191814.94,17,162.93,86,82736.82,437.59,1,1871,2366,Mobile,Public,Credit Card,Travel,No,No,37,33,1
118,871,64,22635.37,17,453.4,62,72908.25,452.66,2,3221,1132,Laptop,Public,Contactless,Grocery,Yes,No,69,7,1
119,795,55,40347.31,3,344.95,112,39664.23,65.3,3,797,780,Tablet,Public,Online Banking,Online Services,No,No,9,19,1
120,393,30,193462.54,14,29.53,126,84837.97,335.43,1,2173,2397,Mobile,Online,Digital Wallet,Electronics,No,No,62,88,1
121,207,46,101964.22,18,243.5,77,92065.7,187.76,8,3923,347,Laptop,Work,Digital Wallet,Travel,No,No,32,20,1
122,1039,36,212413.55,18,110.75,122,53918.19,336.39,9,2108,1444,POS,Online,Credit Card,Shopping,No,No,81,5,1
123,892,20,167271.68,9,215.82,8,21887.77,559.51,5,2174,1802,Laptop,Online,Digital Wallet,Electronics,No,Yes,75,94,1
124,864,25,76880.75,4,230.32,54,91621.32,114.03,0,1523,617,POS,Home,Credit Card,Grocery,No,Yes,35,7,1
125,743,25,195283.3,18,285.22,135,19353.22,88.87,0,734,1871,Tablet,Online,Online Banking,Entertainment,No,Yes,47,20,1
126,564,37,34970.48,10,360.37,83,5318.11,193.98,7,1798,2116,POS,Home,Digital Wallet,Grocery,No,No,18,47,1
127,1021,64,160969.47,6,342.8,103,33084.96,685.64,5,1099,134,POS,Public,Credit Card,Electronics,No,Yes,36,81,1
128,96,21,131200.72,4,23.88,100,72833.15,538.46,9,3904,1635,POS,Work,Credit Card,Travel,Yes,Yes,19,98,1
129,485,68,80435.29,19,450.54,32,92365.77,14.11,6,2313,536,POS,Unknown,Credit Card,Food,No,No,25,7,1
130,231,38,181241.1,11,569.54,62,63909.92,288.78,5,3662,599,POS,Work,Credit Card,Electronics,No,No,46,75,1
131,749,20,261412.94,18,209.53,30,95207.94,185.4,1,2414,358,Tablet,Unknown,Contactless,Grocery,No,No,60,82,1
132,1195,62,299671.52,14,108.26,106,9690.9,459.5,2,2751,1744,Tablet,Home,Digital Wallet,Travel,No,No,95,94,1
133,541,25,182368.05,11,324.23,39,6545.0,330.74,7,2362,1013,Mobile,Unknown,Digital Wallet,Electronics,No,Yes,23,84,1
134,1060,40,121471.29,3,423.1,133,60617.1,694.44,3,2211,2385,POS,Home,Digital Wallet,Electronics,Yes,Yes,78,64,1
135,525,33,67639.61,11,407.5,22,96628.57,157.74,7,798,251,Mobile,Online,Digital Wallet,Electronics,No,Yes,27,66,1
136,1184,30,77203.12,17,367.46,150,50520.77,423.3,2,2772,180,Laptop,Home,Credit Card,Food,No,No,35,7,1
137,1110,20,143888.55,16,88.17,128,5625.76,504.18,1,2616,2250,Mobile,Online,Credit Card,Travel,No,Yes,77,91,1
138,578,65,110246.58,18,502.18,29,22511.26,594.42,6,3753,1008,POS,Unknown,Digital Wallet,Online Services,Yes,No,55,15,1
139,682,26,274152.98,15,255.66,42,24856.89,293.08,0,289,1598,POS,Unknown,Online Banking,Grocery,No,Yes,36,83,1
140,557,31,110551.81,10,133.27,60,34116.78,494.62,2,2580,650,POS,Home,Contactless,Shopping,Yes,No,88,34,1
141,1013,30,112096.03,1,52.22,119,4838.54,218.37,1,2669,2124,Tablet,Online,Credit Card,Grocery,No,Yes,97,66,1
142,646,70,115122.0,15,250.32,77,90536.82,313.6,4,1233,1661,Tablet,Public,Credit Card,Online Services,Yes,Yes,71,28,1
143,796,24,251002.4,0,370.97,96,51798.61,644.86,1,2973,1178,Laptop,Online,Contactless,Entertainment,No,Yes,9,66,1
144,1052,32,195271.42,16,399.39,86,67257.61,683.94,9,3368,1348,Mobile,Home,Digital Wallet,Food,No,Yes,21,11,1
145,190,24,184289.24,17,577.66,112,7183.7,517.58,4,1617,1867,Mobile,Work,Contactless,Entertainment,No,No,32,70,1
146,633,55,100309.49,12,92.31,84,5884.49,269.6,2,3099,869,Laptop,Online,Digital Wallet,Entertainment,No,Yes,66,56,1
147,628,51,245389.46,4,591.47,6,58853.54,590.46,8,113,1872,POS,Home,Digital Wallet,Online Services,No,No,44,23,1
148,973,58,11605.32,23,392.98,73,88785.95,18.72,9,439,1590,Laptop,Online,Credit Card,Shopping,No,Yes,89,10,1
149,710,39,261252.07,5,272.81,77,53083.96,74.07,8,1209,1647,Tablet,Online,Credit Card,Electronics,No,No,65,97,1
150,649,41,153873.69,0,532.97,31,87843.01,476.22,7,3591,2008,POS,Home,Credit Card,Shopping,No,Yes,75,83,1
151,318,66,119535.25,9,416.84,39,81193.63,209.77,4,2405,1350,Laptop,Online,Credit Card,Entertainment,No,Yes,80,75,1
152,684,54,149200.47,4,209.56,50,8047.45,685.0,9,2015,73,Mobile,Unknown,Digital Wallet,Food,No,Yes,87,24,1
153,664,61,200257.92,0,530.51,78,20594.77,314.02,6,1669,626,Laptop,Work,Online Banking,Entertainment,No,Yes,15,60,1
154,1137,18,3928.35,22,400.14,126,65942.21,309.2,1,2423,51,Laptop,Home,Credit Card,Entertainment,Yes,No,27,92,1
155,442,27,261478.4,10,419.45,109,44628.39,488.25,2,3000,255,POS,Online,Credit Card,Shopping,No,Yes,16,12,1
156,564,60,134077.18,23,537.89,88,29424.63,552.67,1,2174,578,Mobile,Home,Contactless,Travel,Yes,Yes,46,92,1
157,1137,33,102955.66,23,269.33,15,42154.07,342.45,9,2714,403,POS,Unknown,Credit Card,Entertainment,No,Yes,97,5,1
158,952,63,41559.85,6,394.31,51,44797.36,154.16,0,2260,1057,POS,Public,Digital Wallet,Travel,No,Yes,72,19,1
159,1105,25,131895.67,17,446.94,23,91099.95,556.8,2,3428,2101,Mobile,Public,Online Banking,Online Services,No,No,48,72,1
160,699,66,148947.2,20,272.64,10,10794.1,230.72,3,3667,2015,Mobile,Work,Credit Card,Electronics,No,Yes,65,37,1
161,113,42,121153.64,19,50.53,73,28333.21,126.16,8,843,1756,Tablet,Online,Online Banking,Entertainment,No,Yes,19,28,1
162,2,67,203630.16,20,462.98,113,53987.7,454.82,1,3777,862,Laptop,Public,Digital Wallet,Online Services,No,Yes,90,44,1
163,642,29,126326.87,9,29.17,77,69979.55,65.22,8,925,1834,Laptop,Home,Credit Card,Shopping,No,No,37,43,1
164,220,42,288429.13,14,430.89,32,63248.41,699.38,0,690,401,Tablet,Home,Contactless,Grocery,No,No,58,69,1
165,855,34,179823.33,3,546.57,113,94193.45,455.36,8,974,1646,Laptop,Work,Digital Wallet,Electronics,No,Yes,55,72,1
166,385,43,242262.63,15,208.51,65,79663.09,709.85,5,2879,1418,POS,Public,Digital Wallet,Food,No,Yes,53,88,1
167,1154,63,32895.84,14,61.69,101,55929.15,244.07,7,2455,942,Laptop,Online,Digital Wallet,Entertainment,No,No,47,20,1
168,1077,65,119247.66,14,140.1,18,21860.93,699.27,2,1140,1122,Mobile,Online,Credit Card,Shopping,No,Yes,3,99,1
169,730,31,101120.63,11,337.59,31,45361.99,104.89,7,3775,1366,POS,Online,Credit Card,Online Services,No,Yes,88,6,1
170,247,58,170887.77,7,565.62,54,69491.53,29.4,8,2757,1125,Mobile,Online,Credit Card,Online Services,No,Yes,86,69,1
171,836,53,258347.94,7,307.61,63,83877.24,23.85,6,1188,1299,Mobile,Home,Credit Card,Online Services,No,Yes,62,74,1
172,203,40,23593.63,17,68.09,1,95993.75,334.76,3,2167,787,POS,Online,Credit Card,Entertainment,No,No,1,92,1
173,123,60,21865.18,5,376.86,9,60742.55,59.85,5,2565,1818,Mobile,Online,Credit Card,Shopping,No,Yes,39,12,1
174,401,23,255110.28,4,439.84,120,52928.48,368.81,5,849,1126,Mobile,Online,Credit Card,Shopping,No,Yes,73,15,1
175,767,64,63933.74,1,236.27,92,2260.35,235.87,1,1870,1917,Laptop,Online,Credit Card,Travel,No,Yes,33,67,1
176,294,22,200659.1,11,433.05,90,7673.86,241.72,1,1940,2117,Mobile,Online,Online Banking,Entertainment,Yes,Yes,23,87,1
177,280,60,162909.15,3,195.23,116,16032.45,457.67,4,3694,595,Tablet,Public,Credit Card,Shopping,No,Yes,34,63,1
178,884,42,249884.79,22,473.56,56,5948.61,117.51,0,2940,331,Laptop,Online,Digital Wallet,Shopping,No,Yes,49,36,1
179,198,35,37614.16,12,204.97,3,40385.89,551.94,4,772,1754,Tablet,Online,Digital Wallet,Electronics,No,No,49,7,1
180,982,30,39021.91,16,154.04,130,34019.42,419.1,9,3190,963,Mobile,Unknown,Online Banking,Entertainment,No,Yes,99,1,1
181,752,60,167089.83,15,527.57,54,63916.74,658.77,2,1346,584,POS,Unknown,Digital Wallet,Grocery,No,Yes,49,72,1
182,144,31,283918.96,8,329.31,37,53798.68,262.75,2,475,33,Mobile,Online,Contactless,Grocery,No,Yes,10,91,1
183,609,45,124557.83,0,171.45,97,59799.09,707.56,7,3500,1314,Tablet,Home,Digital Wallet,Electronics,No,Yes,96,49,1
184,1148,35,98149.94,14,561.08,12,47461.73,414.64,2,3615,910,POS,Work,Credit Card,Travel,No,Yes,66,22,1
185,187,45,182046.13,11,414.67,112,28134.85,700.85,2,1448,439,Laptop,Home,Credit Card,Travel,No,Yes,71,52,1
186,464,68,279141.54,4,132.81,78,95306.12,19.58,0,2941,1800,Mobile,Work,Online Banking,Shopping,No,No,88,95,1
187,660,44,251094.66,22,368.98,140,9097.71,524.17,7,3835,2342,Mobile,Online,Digital Wallet,Shopping,No,Yes,67,43,1
188,764,49,298645.53,23,522.28,90,93919.65,587.99,9,1070,2092,POS,Unknown,Digital Wallet,Shopping,No,Yes,76,39,1
189,955,64,6868.32,17,417.84,144,31468.19,38.38,9,2037,117,POS,Online,Online Banking,Entertainment,Yes,Yes,39,75,1
190,403,26,33946.16,19,147.23,72,51509.81,416.9,5,1761,2037,POS,Home,Credit Card,Entertainment,No,Yes,42,43,1
191,147,57,182879.38,1,389.48,92,11329.81,577.42,7,1685,128,POS,Work,Contactless,Grocery,No,Yes,100,54,1
192,1172,49,246190.87,3,371.69,7,7557.64,403.99,2,3343,1037,Mobile,Online,Digital Wallet,Food,No,No,91,21,1
193,864,37,85644.78,14,492.6,15,43239.77,46.04,5,2010,1670,Mobile,Online,Digital Wallet,Shopping,No,Yes,1,15,1
194,489,45,71839.41,5,107.29,105,74298.89,499.31,1,2763,246,POS,Public,Contactless,Grocery,No,No,46,92,1
195,929,50,236114.04,21,419.93,72,27301.8,43.72,2,1597,2487,Laptop,Public,Online Banking,Electronics,No,Yes,36,38,1
196,551,21,17008.92,11,16.91,74,56453.61,588.6,3,1840,220,Laptop,Public,Digital Wallet,Grocery,No,Yes,96,23,1
197,338,63,110877.86,17,417.86,143,28225.71,31.08,8,3808,1268,Tablet,Online,Contactless,Food,No,Yes,91,91,1
198,872,51,151792.19,19,576.28,62,39167.0,99.01,3,1057,1763,Mobile,Online,Digital Wallet,Entertainment,Yes,Yes,44,83,1
199,641,65,168148.57,3,105.05,146,90691.41,198.15,6,2358,646,Mobile,Home,Digital Wallet,Entertainment,No,Yes,31,80,1
200,473,20,218611.69,0,187.12,46,85656.04,456.06,7,3046,1235,Tablet,Home,Contactless,Shopping,No,Yes,97,76,1
201,151,43,106518.23,14,349.93,105,51843.75,702.98,4,2610,2307,Mobile,Home,Credit Card,Electronics,Yes,Yes,58,51,1
202,263,25,183844.03,17,439.57,109,24191.51,84.92,1,1524,559,Mobile,Home,Digital Wallet,Electronics,No,Yes,96,23,1
203,144,23,175654.09,13,206.95,61,19721.8,102.84,7,3339,100,Laptop,Home,Credit Card,Grocery,No,Yes,4,51,1
204,346,33,164330.07,2,398.72,121,95431.69,265.65,4,634,1268,Tablet,Public,Online Banking,Travel,No,Yes,53,71,1
205,624,41,192180.94,14,539.62,43,20670.3,602.09,4,507,2194,Mobile,Online,Credit Card,Shopping,Yes,No,89,46,1
206,1017,65,77908.81,4,436.07,99,80912.75,336.46,6,2166,129,Mobile,Unknown,Online Banking,Entertainment,No,No,93,94,1
207,881,56,25486.16,23,426.76,55,37212.54,231.63,5,3214,629,POS,Public,Credit Card,Shopping,Yes,Yes,57,61,1
208,2,47,35869.57,21,229.49,133,98573.15,404.11,2,1786,889,Mobile,Public,Credit Card,Grocery,No,No,73,16,1
209,897,62,67452.26,2,546.9,112,37131.5,187.65,6,639,1718,Mobile,Public,Contactless,Shopping,Yes,Yes,78,60,1
210,254,30,150109.36,21,166.76,143,35475.9,288.9,0,171,2372,Mobile,Online,Credit Card,Travel,Yes,Yes,50,32,1
211,453,22,252148.78,6,123.57,91,63927.63,239.54,3,2739,1034,Mobile,Work,Credit Card,Travel,No,Yes,5,41,1
212,1061,42,210417.87,5,218.85,16,96170.92,579.0,3,589,1776,Tablet,Online,Credit Card,Food,No,No,52,60,1
213,1184,37,236733.28,21,390.27,57,97632.86,665.47,5,2128,2134,POS,Unknown,Online Banking,Shopping,No,Yes,17,21,1
214,1015,35,105357.59,0,517.08,102,70867.01,546.92,5,2285,2270,Laptop,Public,Online Banking,Entertainment,No,Yes,32,68,1
215,9,64,121455.66,18,79.68,25,75583.33,316.2,9,2600,1023,POS,Public,Contactless,Grocery,No,Yes,6,7,1
216,1123,35,118165.2,6,488.37,22,56558.52,363.17,7,1561,1206,POS,Online,Credit Card,Grocery,No,No,69,91,1
217,816,19,57642.77,3,487.79,123,75699.69,90.14,0,1323,1076,Mobile,Online,Digital Wallet,Travel,No,No,93,70,1
218,208,27,18458.88,11,352.36,87,86048.08,537.77,6,1316,59,Laptop,Public,Online Banking,Food,Yes,No,92,20,1
219,1155,62,177315.74,19,456.51,144,48866.48,429.5,3,738,1754,Tablet,Public,Digital Wallet,Food,No,Yes,61,44,1
220,404,67,296766.08,22,109.54,143,62176.3,649.77,5,1239,2387,Mobile,Online,Online Banking,Grocery,No,Yes,10,44,1
221,152,64,50132.23,17,102.17,82,53963.01,144.52,9,837,1674,POS,Online,Online Banking,Food,No,Yes,23,12,1
222,54,29,14100.78,8,517.75,102,56465.83,547.03,8,3322,1406,POS,Unknown,Credit Card,Online Services,Yes,Yes,53,59,1
223,1144,64,233881.55,18,299.14,141,89059.77,493.0,2,2158,601,Laptop,Work,Credit Card,Entertainment,No,Yes,61,78,1
224,628,30,75850.54,21,147.94,24,35883.87,191.48,7,3835,95,Mobile,Unknown,Online Banking,Grocery,No,Yes,19,34,1
225,587,67,248910.18,3,413.39,141,21214.31,480.55,2,438,2243,Mobile,Home,Digital Wallet,Online Services,No,No,4,44,1
226,104,64,211210.61,0,535.18,36,45899.87,665.56,5,1003,1545,Laptop,Online,Digital Wallet,Online Services,No,Yes,46,81,1
227,254,28,283707.49,8,379.58,49,21204.48,661.28,1,2968,593,Mobile,Online,Digital Wallet,Travel,No,Yes,32,40,1
228,1136,36,122737.28,14,208.73,82,50090.84,518.16,8,2759,209,POS,Online,Credit Card,Electronics,No,Yes,84,84,1
229,510,52,198624.75,21,290.2,48,90399.06,34.71,1,115,755,Mobile,Home,Digital Wallet,Online Services,Yes,Yes,46,2,1
230,99,56,139509.95,7,451.49,97,61934.64,628.04,4,3657,806,POS,Home,Credit Card,Online Services,No,Yes,62,61,1
231,153,70,189213.55,14,40.97,102,85615.57,473.63,5,1826,1070,Mobile,Public,Digital Wallet,Entertainment,No,No,92,21,1
232,914,43,134934.71,14,130.69,6,17036.0,223.58,3,2181,2203,POS,Work,Credit Card,Grocery,No,No,54,12,1
233,878,63,56670.81,17,277.82,68,90136.92,134.9,6,1337,111,POS,Work,Online Banking,Shopping,No,Yes,100,77,1
234,338,31,152418.44,6,362.74,14,60377.82,83.76,6,489,1669,POS,Unknown,Online Banking,Electronics,No,Yes,87,65,1
235,822,62,158622.4,21,203.83,30,3660.1,36.27,6,2817,1235,Laptop,Work,Digital Wallet,Online Services,Yes,No,67,82,1
236,1187,61,243200.09,17,179.39,110,63495.34,542.98,6,1753,997,Mobile,Unknown,Credit Card,Online Services,No,Yes,24,78,1
237,957,41,220682.66,15,25.31,8,95164.0,169.88,9,2538,1743,Laptop,Work,Credit Card,Entertainment,No,No,66,95,1
238,161,58,199171.11,1,20.04,66,8377.12,17.56,9,1174,1706,Laptop,Unknown,Credit Card,Travel,No,No,18,88,1
239,801,18,34104.79,3,167.58,132,58454.38,286.1,8,3762,1214,POS,Online,Credit Card,Food,No,No,96,12,1
240,398,68,216212.83,19,318.54,84,91590.12,347.53,1,3453,1964,Tablet,Public,Credit Card,Online Services,No,Yes,48,52,1
241,816,60,150141.52,15,334.04,120,1464.67,121.93,4,3918,2076,Tablet,Work,Online Banking,Entertainment,No,Yes,46,89,1
242,1159,39,268240.45,2,296.67,53,63275.84,31.81,9,2517,586,POS,Work,Contactless,Shopping,No,Yes,48,100,1
243,401,40,275969.29,23,246.22,99,47752.78,136.25,8,598,1240,Tablet,Public,Credit Card,Shopping,No,Yes,62,14,1
244,640,36,16641.46,22,151.75,74,35025.44,488.99,1,1906,1520,Tablet,Online,Credit Card,Shopping,Yes,No,94,18,1
245,1057,35,246210.4,1,240.72,143,62939.88,59.31,2,3290,2318,Mobile,Unknown,Contactless,Grocery,No,No,27,24,1
246,688,29,11405.45,2,83.69,100,5743.86,399.67,6,2946,1790,Mobile,Work,Online Banking,Online Services,No,Yes,62,26,1
247,460,45,110214.17,4,69.6,129,75429.77,105.5,8,579,2411,POS,Online,Digital Wallet,Electronics,Yes,Yes,78,94,1
248,955,45,162735.76,1,180.32,150,945.71,140.98,2,1766,77,POS,Work,Contactless,Grocery,No,Yes,65,61,1
249,470,50,44515.43,18,597.21,15,31040.11,283.08,9,2306,492,Laptop,Work,Digital Wallet,Food,No,Yes,52,68,1
250,1046,36,223919.51,23,196.23,22,50643.88,72.68,7,1439,1127,Laptop,Online,Online Banking,Online Services,Yes,Yes,1,64,1
251,750,45,2605.58,19,561.91,48,38013.71,124.79,7,1184,2394,Mobile,Public,Online Banking,Entertainment,No,Yes,50,40,1
252,38,69,50662.85,1,235.66,117,31093.86,251.31,3,200,2079,Laptop,Home,Credit Card,Electronics,Yes,Yes,40,29,1
253,230,66,174280.97,1,263.69,73,83168.1,237.43,5,1383,2449,Mobile,Home,Digital Wallet,Entertainment,No,Yes,72,18,1
254,563,54,214344.83,21,478.34,120,93515.84,539.5,7,64,1823,POS,Home,Credit Card,Travel,No,No,17,68,1
255,438,43,275001.27,23,56.64,17,87434.41,53.94,8,1254,1897,Laptop,Unknown,Digital Wallet,Online Services,No,Yes,1,59,1
256,27,52,211678.45,22,109.8,106,52481.92,619.54,1,1221,1063,Laptop,Online,Credit Card,Online Services,No,Yes,78,97,1
257,226,51,201566.6,19,584.32,83,88474.34,587.71,0,1562,617,Mobile,Work,Credit Card,Travel,No,No,77,56,1
258,798,52,118362.91,17,303.8,104,92125.73,551.54,4,1946,452,Tablet,Unknown,Credit Card,Entertainment,No,Yes,30,66,1
259,284,57,485.2,19,27.06,91,41219.22,222.82,9,3612,1686,Mobile,Work,Credit Card,Electronics,No,No,77,12,1
260,879,33,36135.76,20,28.9,49,28702.86,592.49,2,3347,505,Laptop,Work,Credit Card,Shopping,No,Yes,67,22,1
261,960,55,160412.91,13,544.39,59,10277.39,131.7,5,1277,274,Laptop,Home,Online Banking,Electronics,No,Yes,22,62,1
262,453,30,202571.45,14,524.08,138,48169.65,89.66,0,2418,517,Laptop,Home,Digital Wallet,Grocery,No,Yes,35,26,1
263,1020,40,125292.74,11,275.31,30,94656.54,32.46,3,2647,1865,Mobile,Home,Online Banking,Electronics,Yes,Yes,56,14,1
264,816,39,219230.64,10,98.35,85,56310.3,676.31,5,1855,1855,POS,Work,Online Banking,Entertainment,No,No,14,9,1
265,659,33,156606.5,10,498.26,21,66922.43,221.84,1,566,1126,Laptop,Online,Credit Card,Electronics,No,Yes,45,74,1
266,547,45,22345.44,6,195.1,34,11731.94,660.69,7,2055,782,Tablet,Home,Digital Wallet,Travel,No,Yes,86,7,1
267,1073,65,57685.67,11,251.73,73,14780.21,196.35,3,3541,1927,Tablet,Home,Online Banking,Entertainment,No,Yes,33,47,1
268,17,52,252015.47,15,409.64,98,46715.09,653.46,1,573,957,Tablet,Home,Digital Wallet,Grocery,Yes,Yes,12,58,1
269,1196,62,217501.33,4,212.36,76,95150.85,650.84,0,1675,1058,Tablet,Work,Contactless,Entertainment,Yes,Yes,24,20,1
270,158,63,268439.12,1,377.39,85,36398.07,665.05,7,3714,1515,POS,Home,Digital Wallet,Entertainment,Yes,Yes,69,79,1
271,477,25,35355.42,21,531.23,84,87809.66,357.28,9,1203,1419,POS,Home,Digital Wallet,Electronics,No,Yes,57,56,1
272,1070,61,297067.74,15,478.53,134,12468.72,623.49,0,3996,2294,Laptop,Public,Online Banking,Food,No,Yes,9,43,1
273,518,39,62901.07,22,229.28,109,61893.21,684.56,6,3958,1267,Tablet,Online,Credit Card,Grocery,No,Yes,2,98,1
274,99,38,3632.78,14,173.12,63,60260.99,233.79,6,3806,988,Mobile,Unknown,Digital Wallet,Grocery,No,Yes,59,60,1
275,1061,43,299227.14,10,171.66,12,86057.54,301.65,5,3722,1378,Mobile,Unknown,Credit Card,Online Services,No,Yes,95,52,1
276,280,57,84394.06,5,209.48,2,830.01,517.88,7,2433,2387,Laptop,Online,Credit Card,Shopping,Yes,No,29,88,1
277,497,38,200439.03,12,296.36,144,19398.2,216.33,9,3890,2115,POS,Online,Credit Card,Online Services,No,No,93,66,1
278,302,42,53087.03,18,250.25,129,22358.92,542.77,0,774,934,Tablet,Online,Digital Wallet,Grocery,No,Yes,100,20,1
279,181,58,174110.54,9,80.24,132,95021.63,53.29,0,2029,1114,POS,Online,Online Banking,Shopping,Yes,Yes,55,13,1
280,607,18,271220.09,23,98.49,47,15792.52,376.97,0,1049,1148,Mobile,Public,Credit Card,Travel,No,Yes,94,25,1
281,1123,23,96122.33,18,206.09,52,4177.75,88.15,5,562,2310,Laptop,Home,Online Banking,Entertainment,No,No,22,36,1
282,700,40,201109.17,4,337.46,47,53678.92,211.26,6,2450,1842,Laptop,Work,Credit Card,Shopping,No,No,85,3,1
283,993,68,56452.29,20,355.8,99,53091.57,186.28,9,3513,1601,POS,Home,Credit Card,Electronics,No,No,49,47,1
284,1140,40,187476.14,6,291.98,50,84482.67,604.05,8,3353,542,Mobile,Unknown,Contactless,Grocery,No,Yes,12,12,1
285,191,60,101001.46,10,443.4,45,94911.54,139.41,9,1968,2227,Laptop,Work,Credit Card,Online Services,No,Yes,71,60,1
286,253,60,63441.36,13,442.48,42,54085.27,582.1,4,1045,2292,POS,Public,Credit Card,Electronics,No,Yes,89,97,1
287,981,40,94023.3,22,256.86,71,93034.42,571.67,0,2091,2476,POS,Work,Credit Card,Electronics,No,Yes,8,28,1
288,928,49,53734.44,20,75.1,57,72653.34,359.25,8,2292,1611,POS,Work,Credit Card,Grocery,No,Yes,97,75,1
289,1185,47,270584.64,15,318.34,33,26823.63,168.44,4,2613,1630,Laptop,Work,Credit Card,Travel,No,Yes,16,81,1
290,128,30,119216.35,17,229.19,114,92877.86,163.44,5,1073,1989,POS,Online,Credit Card,Entertainment,No,No,40,14,1
291,18,60,73659.26,20,83.18,44,66910.6,334.8,8,957,2266,POS,Unknown,Digital Wallet,Shopping,No,No,45,31,1
292,566,35,134577.51,22,589.1,114,41702.55,6.44,1,1541,1716,POS,Work,Credit Card,Entertainment,No,Yes,64,69,1
293,570,40,96228.8,22,222.17,56,68184.09,382.62,2,1767,689,POS,Online,Digital Wallet,Entertainment,No,No,63,66,1
294,686,32,223351.33,3,375.67,44,40430.63,686.01,6,2513,57,POS,Home,Contactless,Electronics,No,No,51,60,1
295,626,50,291368.85,0,294.33,96,11861.28,111.47,2,1374,2031,Mobile,Online,Credit Card,Shopping,Yes,Yes,10,77,1
296,854,38,131466.29,21,86.13,73,72038.39,412.85,1,3068,164,Mobile,Online,Digital Wallet,Travel,No,Yes,76,20,1
297,962,56,258323.92,14,33.8,34,82496.72,692.48,6,3153,1819,POS,Public,Credit Card,Entertainment,No,No,86,11,1
298,155,40,169802.34,13,375.65,14,73016.22,619.59,7,2434,334,Tablet,Public,Credit Card,Grocery,No,Yes,71,78,1
299,490,44,47254.98,18,148.59,125,23296.91,612.29,8,1751,753,Mobile,Online,Online Banking,Food,No,No,45,4,1
300,785,62,207217.76,4,146.57,79,95685.18,591.75,1,2796,2468,POS,Home,Digital Wallet,Electronics,Yes,Yes,85,52,1
301,1128,61,154079.01,3,574.21,145,3012.83,222.57,1,2949,921,Mobile,Unknown,Credit Card,Food,No,Yes,56,47,1
302,246,35,195216.9,12,277.33,83,33602.19,641.26,6,636,2300,Mobile,Home,Credit Card,Online Services,No,Yes,86,67,1
303,1200,41,266917.26,17,18.14,137,26379.2,677.77,3,3449,2057,Laptop,Online,Credit Card,Travel,No,Yes,73,11,1
304,1063,68,132186.33,11,204.24,27,5288.56,357.02,4,2855,857,Mobile,Home,Online Banking,Online Services,No,No,84,50,1
305,759,64,270363.17,22,350.9,50,40870.1,255.36,0,355,2343,POS,Work,Online Banking,Travel,No,Yes,13,89,1
306,538,57,225225.64,20,197.48,55,62499.93,298.3,5,2604,1373,POS,Online,Credit Card,Travel,No,Yes,64,23,1
307,921,68,146632.62,14,16.6,132,88314.01,240.7,9,2764,2330,POS,Work,Credit Card,Travel,No,No,88,81,1
308,408,59,181006.32,22,266.86,98,98974.13,153.02,7,248,228,POS,Public,Credit Card,Online Services,No,No,30,62,1
309,525,24,97741.78,8,63.99,147,80904.91,445.32,0,551,436,Mobile,Online,Online Banking,Shopping,No,No,52,53,1
310,828,67,295080.83,3,371.69,37,47133.71,405.11,1,434,1491,Laptop,Online,Digital Wallet,Online Services,No,Yes,54,95,1
311,903,65,200238.61,4,371.94,132,72508.59,333.11,6,1072,1804,POS,Work,Credit Card,Online Services,No,No,57,14,1
312,36,37,13249.67,8,23.14,37,84440.57,69.1,1,609,1510,POS,Home,Credit Card,Online Services,No,Yes,18,47,0
313,685,44,98053.91,12,174.75,112,46798.07,573.78,8,819,1530,Mobile,Online,Credit Card,Food,No,Yes,25,18,1
314,20,23,187032.0,9,248.5,12,78612.92,126.03,5,1884,1400,POS,Online,Credit Card,Electronics,No,Yes,53,67,1
315,321,44,16994.35,15,330.38,56,48523.92,82.57,4,2371,515,POS,Online,Online Banking,Online Services,No,Yes,20,99,1
316,512,26,7262.87,12,177.99,80,38956.35,448.65,6,2092,392,Mobile,Work,Credit Card,Food,No,Yes,11,83,1
317,400,70,135062.27,3,173.0,14,52846.04,287.08,9,355,241,Mobile,Online,Contactless,Shopping,Yes,Yes,40,23,1
318,654,62,99873.78,20,589.82,54,67747.55,43.16,7,3727,730,Mobile,Online,Digital Wallet,Entertainment,No,Yes,98,95,1
319,972,48,131545.75,12,25.6,65,72824.76,256.07,8,1000,945,Mobile,Online,Credit Card,Travel,No,Yes,23,60,1
320,471,38,78881.72,20,593.43,116,35995.26,555.7,5,1865,1490,POS,Online,Digital Wallet,Entertainment,No,Yes,90,59,1
321,1167,43,49498.85,7,29.13,58,57346.37,443.02,4,187,172,POS,Public,Credit Card,Online Services,No,Yes,87,88,1
322,1116,57,206774.09,12,173.36,96,91032.15,261.27,6,3205,1123,Tablet,Online,Credit Card,Travel,No,No,42,50,1
323,834,65,154419.88,14,296.47,21,97643.13,138.18,1,1845,1901,POS,Home,Contactless,Electronics,No,Yes,47,61,1
324,727,62,60126.25,19,86.41,4,23111.19,454.93,7,1651,987,POS,Online,Digital Wallet,Travel,No,Yes,56,17,1
325,854,30,95944.87,19,81.34,73,19686.7,639.05,3,3707,1763,Laptop,Online,Credit Card,Online Services,No,Yes,33,54,1
326,51,66,177583.19,12,154.16,127,67830.22,465.35,0,3787,1581,Tablet,Home,Credit Card,Travel,No,Yes,89,91,1
327,575,40,21761.58,22,584.12,46,41761.05,585.31,2,2977,1363,POS,Work,Credit Card,Grocery,No,Yes,98,9,1
328,1149,37,44321.16,4,228.38,12,2910.12,375.55,8,3855,894,POS,Online,Credit Card,Entertainment,No,Yes,26,32,1
329,150,54,22066.36,21,339.81,128,35012.76,516.97,3,1827,1316,Mobile,Online,Credit Card,Grocery,No,No,69,78,1
330,314,70,243713.97,21,422.72,30,80771.1,645.29,9,835,89,Laptop,Public,Credit Card,Entertainment,No,No,29,22,1
331,570,45,225747.53,5,445.46,94,79843.98,556.71,9,1335,551,Laptop,Unknown,Online Banking,Entertainment,No,No,94,40,1
332,305,34,226018.55,4,412.98,60,49721.17,655.1,2,2224,338,POS,Home,Online Banking,Shopping,No,Yes,60,78,1
333,682,45,214925.97,12,202.49,100,47521.5,310.48,3,543,1573,Laptop,Online,Credit Card,Travel,No,No,91,52,1
334,838,58,200848.69,4,67.48,71,58160.99,651.05,2,3169,1435,Mobile,Online,Digital Wallet,Entertainment,No,Yes,37,78,1
335,1078,19,143149.88,12,169.39,81,22329.97,447.57,2,533,2418,POS,Work,Credit Card,Shopping,No,No,25,28,1
336,1003,42,192719.22,23,126.57,142,52841.34,626.45,1,3170,1655,Laptop,Home,Credit Card,Grocery,No,No,74,44,1
337,444,67,11604.63,19,82.2,111,1599.11,28.45,5,3660,1602,Mobile,Home,Digital Wallet,Grocery,No,Yes,44,54,1
338,613,58,186477.18,22,15.19,44,47818.18,473.69,9,1920,2031,POS,Home,Online Banking,Electronics,No,Yes,34,97,1
339,993,23,233385.52,7,561.47,108,33937.08,610.56,5,442,929,Mobile,Unknown,Credit Card,Electronics,Yes,Yes,12,48,1
340,264,28,150157.47,8,552.66,102,67649.53,125.51,9,1117,1137,Mobile,Home,Digital Wallet,Travel,No,No,93,22,1
341,1077,55,107318.25,20,30.72,91,64016.18,476.52,3,2669,791,Mobile,Work,Contactless,Entertainment,No,Yes,39,35,1
342,1004,23,83300.28,18,104.26,109,38393.17,593.98,7,795,269,Mobile,Home,Online Banking,Travel,No,Yes,19,45,1
343,5,62,192876.33,19,84.13,16,1223.66,207.39,5,266,254,Laptop,Online,Credit Card,Travel,No,No,19,28,1
344,1127,28,207871.08,14,169.09,110,25601.23,291.84,7,425,308,Tablet,Home,Credit Card,Online Services,No,No,29,67,1
345,774,31,261303.18,21,122.84,7,63518.11,410.1,5,2034,1446,Laptop,Home,Contactless,Online Services,No,No,66,86,1
346,877,19,102765.99,9,567.54,89,7701.15,373.85,8,1894,1731,Mobile,Work,Credit Card,Travel,No,Yes,90,38,1
347,992,57,230954.71,10,50.96,95,11210.42,28.31,2,3240,431,Mobile,Work,Digital Wallet,Shopping,No,Yes,98,53,1
348,884,20,168450.61,4,127.4,16,64879.98,71.13,2,1829,2123,Laptop,Work,Credit Card,Travel,No,No,94,87,1
349,47,70,264862.66,8,48.89,105,75698.86,72.43,1,3417,1837,Tablet,Unknown,Digital Wallet,Grocery,No,Yes,76,6,1
350,867,52,158390.85,10,588.24,122,32494.2,188.91,9,3767,1419,Mobile,Home,Credit Card,Electronics,No,Yes,20,14,1
351,823,50,155337.19,18,551.09,89,49222.47,177.1,5,1476,1226,Mobile,Home,Online Banking,Entertainment,No,No,57,86,1
352,936,41,173405.34,1,430.12,62,94598.28,534.43,6,161,333,Mobile,Work,Credit Card,Online Services,No,No,97,36,1
353,656,36,224819.68,5,255.87,30,94581.58,412.42,6,2303,2229,Mobile,Public,Digital Wallet,Food,No,Yes,9,84,1
354,269,35,289410.67,22,114.51,140,31096.53,550.09,4,3705,2428,Mobile,Home,Credit Card,Food,No,Yes,2,51,1
355,370,66,22161.65,20,133.28,67,81093.79,50.42,5,1526,734,POS,Public,Credit Card,Food,No,No,28,87,1
356,636,69,16125.04,0,266.1,46,59597.43,349.41,6,2064,121,Mobile,Unknown,Online Banking,Entertainment,No,Yes,34,77,1
357,1130,41,281271.35,2,461.05,43,97560.71,233.19,1,147,2183,Mobile,Online,Contactless,Travel,No,Yes,21,44,1
358,657,62,159009.7,2,159.21,45,48022.55,611.97,9,667,1156,Laptop,Online,Contactless,Grocery,No,No,83,45,1
359,120,52,184509.41,13,186.82,80,77583.33,509.64,6,2074,2209,Laptop,Online,Credit Card,Entertainment,Yes,Yes,78,73,1
360,831,18,144778.84,19,360.17,32,76929.64,625.88,0,3988,1342,Laptop,Online,Digital Wallet,Entertainment,No,Yes,81,41,1
361,1082,53,28187.87,21,143.02,8,49994.57,33.52,5,1993,487,Mobile,Online,Online Banking,Grocery,No,Yes,56,6,1
362,741,42,230450.0,4,350.74,113,79665.2,519.02,7,1792,928,POS,Online,Digital Wallet,Shopping,No,Yes,5,92,1
363,117,62,224192.67,16,232.58,62,26473.51,388.85,0,368,1866,POS,Home,Online Banking,Grocery,No,Yes,85,7,1
364,791,66,93579.83,14,21.1,20,12664.18,594.02,0,2496,278,Laptop,Online,Contactless,Entertainment,No,No,22,83,1
365,1151,60,91941.15,5,241.92,146,42803.79,365.2,5,1488,2269,Laptop,Online,Credit Card,Online Services,No,Yes,59,95,1
366,1013,51,251368.63,13,551.76,101,94391.25,389.0,4,1232,197,Mobile,Work,Online Banking,Shopping,No,Yes,40,99,1
367,1082,42,21799.94,13,176.22,6,50324.09,37.37,2,2052,1627,POS,Public,Credit Card,Online Services,No,Yes,84,93,0
368,634,33,264343.43,16,194.04,84,63708.28,481.37,9,1978,2248,Tablet,Home,Contactless,Online Services,No,Yes,92,47,1
369,513,51,77072.84,7,40.03,108,62604.16,196.73,9,2539,1269,Mobile,Public,Online Banking,Online Services,No,No,63,33,1
370,802,46,177936.13,7,369.22,4,13691.0,14.28,6,1650,1562,Laptop,Online,Digital Wallet,Online Services,No,Yes,32,22,1
371,1120,36,280804.65,18,509.62,71,39334.54,47.93,6,705,1227,POS,Online,Online Banking,Online Services,No,No,45,67,1
372,1142,40,203468.94,8,212.08,84,70840.43,689.25,6,3843,2021,Laptop,Public,Online Banking,Online Services,No,Yes,83,77,1
373,560,36,124387.5,10,144.53,100,97213.01,249.24,5,2795,437,Mobile,Unknown,Digital Wallet,Electronics,No,Yes,92,13,1
374,488,42,206891.31,12,573.99,71,17217.76,625.03,3,3205,530,Tablet,Work,Contactless,Shopping,Yes,Yes,87,56,1
375,897,33,103259.49,12,447.17,33,41338.97,690.97,8,2191,1191,Mobile,Online,Credit Card,Food,No,No,33,77,1
376,704,68,83249.8,23,340.51,143,9961.83,679.16,8,3801,128,Laptop,Home,Contactless,Shopping,No,Yes,82,12,1
377,581,26,299005.32,18,183.67,120,24616.46,634.85,6,3372,2324,POS,Online,Credit Card,Online Services,No,Yes,35,5,1
378,790,18,225261.99,20,132.87,93,37987.55,644.3,6,2640,742,POS,Public,Digital Wallet,Online Services,No,Yes,46,77,1
379,861,59,193451.52,18,429.59,133,54294.0,208.16,7,335,136,POS,Work,Credit Card,Electronics,No,No,36,55,1
380,247,36,106651.36,4,313.31,99,23441.4,109.14,4,1787,1101,Laptop,Home,Credit Card,Entertainment,No,No,62,76,1
381,1100,50,14843.33,15,312.6,66,23142.48,460.31,8,652,75,POS,Online,Digital Wallet,Food,No,Yes,83,74,1
382,154,51,9413.96,8,44.69,54,77894.08,351.49,5,84,2473,POS,Work,Credit Card,Shopping,No,Yes,90,15,1
383,997,33,166298.96,19,307.56,80,96282.85,71.19,6,553,1200,Laptop,Work,Contactless,Grocery,No,Yes,100,66,1
384,1110,61,228633.61,21,493.74,139,32699.49,487.86,6,2511,1633,Mobile,Online,Credit Card,Travel,Yes,No,26,38,1
385,697,57,161260.02,2,568.11,124,68955.21,405.3,8,219,979,POS,Online,Credit Card,Grocery,Yes,No,7,80,1
386,1093,35,252251.44,18,64.46,55,26179.01,621.42,6,418,1171,Mobile,Work,Contactless,Entertainment,No,Yes,87,97,1
387,1071,51,10124.62,4,378.88,5,92831.25,438.65,2,2744,2314,Mobile,Online,Online Banking,Food,No,No,5,98,1
388,1009,42,110088.95,7,341.22,35,67453.78,413.28,5,3436,658,Mobile,Public,Online Banking,Food,No,Yes,87,55,1
389,94,62,71197.41,13,534.24,93,80366.35,317.4,5,375,2247,Laptop,Public,Credit Card,Shopping,No,Yes,100,89,1
390,958,23,134237.16,23,450.87,119,5410.73,333.26,6,2342,1761,POS,Online,Online Banking,Entertainment,No,No,32,55,1
391,1012,38,21805.68,2,579.17,54,60051.34,687.16,5,2949,2469,Laptop,Home,Credit Card,Entertainment,Yes,Yes,79,47,1
392,453,23,286244.08,23,576.04,3,52997.43,99.77,3,3205,530,Mobile,Work,Contactless,Online Services,No,No,91,90,1
393,912,49,67054.29,12,135.8,6,29653.19,321.33,5,1728,1847,Tablet,Public,Online Banking,Travel,No,Yes,81,14,1
394,218,58,276700.1,10,435.35,87,26611.78,472.23,2,170,2251,POS,Work,Online Banking,Travel,No,Yes,84,15,1
395,474,65,127825.36,7,318.55,110,58212.47,311.82,0,2826,622,POS,Public,Online Banking,Food,No,Yes,57,35,1
396,432,60,295658.69,18,129.15,56,70795.32,203.99,0,2633,201,Laptop,Online,Digital Wallet,Grocery,No,No,80,31,1
397,341,56,166262.11,9,117.32,2,3800.69,206.97,4,268,987,Mobile,Public,Online Banking,Food,No,Yes,62,34,1
398,551,48,279256.78,17,49.11,82,56956.46,168.31,7,1483,838,Tablet,Home,Digital Wallet,Electronics,No,Yes,28,73,1
399,357,59,1704.16,17,477.43,94,17460.72,247.68,2,3710,652,Mobile,Work,Credit Card,Food,No,Yes,95,7,1
400,23,27,224496.82,6,195.04,5,14466.09,627.62,1,1151,748,Mobile,Online,Credit Card,Online Services,No,Yes,80,38,1
401,522,47,270924.89,15,514.25,139,62500.39,363.81,7,1940,2415,POS,Public,Credit Card,Travel,Yes,Yes,78,1,1
402,1124,69,42002.2,5,365.19,138,31431.58,173.05,8,2913,1464,Laptop,Online,Online Banking,Online Services,No,Yes,74,87,1
403,802,35,28928.14,15,404.34,41,44367.58,276.92,8,3562,1570,Laptop,Home,Digital Wallet,Shopping,No,Yes,66,14,1
404,762,41,127429.32,15,175.36,116,36319.88,76.29,1,999,1466,POS,Public,Digital Wallet,Electronics,No,Yes,97,25,1
405,442,69,280110.3,22,274.65,44,65009.46,650.92,7,2642,407,Laptop,Online,Online Banking,Food,No,Yes,41,8,1
406,769,26,162761.73,23,247.68,90,47276.92,293.96,1,2698,1462,Mobile,Home,Digital Wallet,Travel,No,Yes,86,40,1
407,1016,48,158284.19,0,141.8,33,96364.14,705.88,6,2334,1804,Mobile,Online,Credit Card,Grocery,No,Yes,66,6,1
408,516,32,42423.72,23,499.59,56,35562.08,250.29,7,1064,447,Mobile,Online,Credit Card,Electronics,No,Yes,64,79,1
409,1040,21,336.77,18,373.44,140,74158.29,602.19,0,207,2408,POS,Online,Credit Card,Shopping,No,No,7,20,1
410,792,57,243061.01,2,22.94,2,26100.61,184.67,7,3494,1012,POS,Public,Credit Card,Shopping,No,Yes,41,81,1
411,336,26,26363.61,5,492.04,1,51120.93,54.92,2,3395,2357,Laptop,Work,Credit Card,Grocery,No,No,45,96,1
412,258,62,190191.56,3,64.07,121,55480.69,22.94,0,1012,1168,Mobile,Online,Digital Wallet,Travel,No,No,44,59,1
413,497,26,274393.47,3,242.52,125,33246.37,436.48,6,2474,1263,Mobile,Home,Credit Card,Online Services,No,No,30,6,1
414,896,43,62674.71,3,342.97,33,47442.16,224.4,9,3490,476,POS,Online,Credit Card,Entertainment,No,No,38,39,1
415,160,21,199615.32,9,5.09,103,28288.22,319.39,2,2614,860,POS,Home,Contactless,Online Services,No,Yes,39,92,1
416,852,34,23701.7,8,391.92,36,1097.08,589.44,7,667,1447,Mobile,Home,Contactless,Grocery,No,Yes,19,10,1
417,690,33,181166.17,7,395.99,149,21957.01,178.71,8,2343,1234,POS,Work,Digital Wallet,Online Services,No,Yes,47,9,1
418,380,32,49263.12,18,391.69,84,70156.39,222.3,1,1186,222,Laptop,Home,Credit Card,Travel,No,No,38,34,1
419,957,52,220812.47,16,98.5,26,77210.82,608.66,0,3379,1309,Mobile,Home,Online Banking,Travel,No,Yes,17,77,1
420,691,69,90439.27,16,153.81,129,28380.19,354.84,7,1607,1998,Mobile,Work,Digital Wallet,Online Services,No,No,74,55,1
421,1192,22,139070.96,0,148.8,142,41100.28,595.94,9,3062,735,POS,Home,Credit Card,Online Services,No,Yes,79,75,1
422,1067,22,179869.22,19,576.06,90,4217.88,269.69,5,1154,1689,Laptop,Home,Digital Wallet,Travel,No,No,69,75,1
423,285,37,51464.9,13,40.98,46,24087.76,286.89,9,2481,2168,POS,Public,Credit Card,Entertainment,Yes,No,99,94,1
424,397,32,222517.18,21,257.54,42,78032.32,120.42,0,1337,677,Mobile,Work,Contactless,Food,No,Yes,4,92,1
425,12,35,90861.84,19,522.82,135,60795.63,659.78,2,3378,824,POS,Work,Online Banking,Food,No,No,35,87,1
426,499,64,198745.32,10,461.79,55,20974.17,645.69,8,168,770,Mobile,Work,Credit Card,Shopping,No,Yes,1,61,1
427,754,19,47569.09,2,493.55,56,26115.48,708.64,8,3322,2222,Mobile,Online,Digital Wallet,Food,No,No,81,59,1
428,35,46,206466.49,23,583.39,118,81771.8,289.82,5,98,271,Mobile,Online,Credit Card,Travel,Yes,No,85,79,1
429,727,30,38543.6,7,232.66,76,21303.88,589.42,2,2882,1539,POS,Work,Contactless,Online Services,No,No,58,11,1
430,849,21,127664.41,21,186.14,63,33748.69,298.83,7,2254,1084,POS,Work,Credit Card,Grocery,No,Yes,22,13,1
431,90,59,74237.1,9,18.88,83,66603.69,327.15,5,3474,802,Mobile,Online,Credit Card,Food,No,Yes,5,62,1
432,776,62,224537.74,16,90.44,99,56330.68,597.62,0,3810,1113,Laptop,Public,Credit Card,Entertainment,No,No,60,92,1
433,605,27,78684.3,7,337.43,132,46356.59,127.79,5,574,130,POS,Public,Credit Card,Grocery,No,No,36,71,1
434,970,48,264527.02,21,95.02,42,90024.24,158.7,4,2378,1808,Mobile,Home,Contactless,Food,No,Yes,9,95,1
435,1022,58,267556.88,0,441.91,96,22361.19,226.67,7,1281,2049,POS,Online,Contactless,Travel,Yes,Yes,84,22,1
436,418,25,59012.75,19,22.82,110,74271.28,567.51,1,1701,618,POS,Home,Credit Card,Food,No,Yes,57,38,1
437,115,20,184192.4,20,156.06,70,16326.85,268.37,6,1425,302,Tablet,Online,Credit Card,Grocery,No,Yes,78,14,1
438,617,65,26406.52,6,417.42,28,61765.52,257.95,5,1044,2064,Tablet,Online,Digital Wallet,Shopping,No,No,84,6,1
439,826,63,117521.98,23,153.67,126,87127.04,719.15,0,675,1531,POS,Online,Online Banking,Food,No,Yes,90,31,1
440,1099,26,214025.19,8,437.39,92,46061.23,276.4,7,2476,2135,Mobile,Online,Credit Card,Shopping,No,Yes,4,51,1
441,413,47,197861.03,11,597.52,40,72567.3,178.47,5,3244,1012,Laptop,Online,Digital Wallet,Online Services,No,No,51,3,1
442,729,70,187447.73,21,478.35,42,82129.14,448.75,2,786,416,Mobile,Online,Credit Card,Electronics,No,Yes,39,17,1
443,1021,28,84834.01,8,205.43,118,14034.63,577.37,4,2061,1661,POS,Home,Credit Card,Entertainment,No,Yes,84,20,1
444,761,52,113469.68,19,540.4,5,70729.78,50.21,6,3238,74,POS,Online,Online Banking,Shopping,Yes,Yes,52,7,1
445,676,54,30973.55,23,31.18,101,92024.18,445.64,8,2650,2368,Mobile,Unknown,Digital Wallet,Grocery,No,Yes,75,17,1
446,457,59,215734.94,2,435.14,61,57848.88,25.83,3,2133,1311,Laptop,Home,Digital Wallet,Electronics,Yes,Yes,71,58,1
447,920,30,151216.25,3,14.48,41,19019.16,379.01,1,1698,844,Mobile,Work,Online Banking,Electronics,No,No,55,90,1
448,192,53,212658.81,9,105.15,111,13130.78,185.11,2,2459,1299,POS,Unknown,Online Banking,Travel,No,Yes,31,27,1
449,739,30,74758.16,3,592.56,9,26343.67,220.85,6,1975,269,Mobile,Online,Credit Card,Electronics,No,Yes,50,13,1
450,1123,29,97399.02,21,216.85,62,10799.57,336.36,7,500,1181,Tablet,Online,Digital Wallet,Entertainment,Yes,No,8,5,1
451,978,54,100331.18,8,492.39,54,51582.71,667.52,4,1261,1767,Mobile,Online,Online Banking,Entertainment,No,No,87,65,1
452,1009,27,7820.15,21,225.96,104,7435.62,511.71,2,3739,305,Tablet,Public,Digital Wallet,Entertainment,No,Yes,15,17,1
453,96,26,102380.26,0,504.1,126,22728.76,674.54,0,2712,2495,Mobile,Public,Online Banking,Entertainment,Yes,Yes,65,37,1
454,663,69,241011.04,4,579.28,34,44271.09,475.21,9,2820,2284,Mobile,Work,Credit Card,Travel,No,No,10,16,1
455,37,24,269199.82,8,261.6,42,47654.52,5.22,0,64,1605,Tablet,Work,Credit Card,Food,Yes,Yes,41,18,1
456,279,19,155513.67,4,335.83,14,56757.15,191.29,1,3367,2442,Tablet,Work,Credit Card,Online Services,No,Yes,88,92,1
457,217,40,136704.96,5,377.37,33,70708.69,652.17,4,3704,862,POS,Home,Digital Wallet,Grocery,No,Yes,79,3,1
458,867,56,9344.3,18,560.93,118,5199.25,463.32,2,1005,1399,POS,Work,Credit Card,Grocery,Yes,No,48,18,1
459,873,57,263773.38,7,154.42,98,8521.78,706.79,6,50,597,Laptop,Unknown,Contactless,Shopping,No,No,21,41,1
460,62,56,4001.76,9,366.94,92,6555.49,112.38,1,1193,189,POS,Unknown,Digital Wallet,Travel,No,Yes,86,94,1
461,596,38,283430.55,10,195.17,100,42603.46,213.73,1,2342,1887,POS,Public,Digital Wallet,Grocery,No,Yes,24,96,1
462,729,40,146815.95,12,130.55,87,4663.87,260.97,2,3501,125,Laptop,Home,Online Banking,Travel,No,No,74,78,0
463,397,46,102646.15,19,51.41,145,74735.09,235.19,0,486,628,Laptop,Unknown,Digital Wallet,Shopping,No,Yes,23,17,1
464,699,31,277273.11,3,372.62,124,22688.52,181.51,1,3221,1360,POS,Online,Online Banking,Grocery,No,No,80,83,1
465,1043,43,7414.86,10,529.31,32,93951.64,319.35,4,3834,2345,Tablet,Home,Online Banking,Shopping,No,Yes,69,61,1
466,177,68,174469.33,11,211.16,101,48897.17,462.49,2,3027,73,POS,Online,Credit Card,Food,No,Yes,33,47,1
467,396,22,164724.86,4,331.82,39,44909.41,224.17,9,412,1041,Mobile,Unknown,Credit Card,Food,No,Yes,36,72,1
468,445,48,65874.19,9,385.46,94,78163.6,57.48,5,2612,1776,POS,Work,Contactless,Entertainment,No,Yes,25,68,1
469,76,42,128723.34,23,249.08,10,71458.82,510.17,1,1092,1911,Mobile,Public,Digital Wallet,Online Services,No,Yes,58,24,1
470,265,48,195713.98,6,542.06,100,60927.25,330.55,7,3848,2086,Mobile,Online,Online Banking,Grocery,No,Yes,90,93,1
471,455,67,218166.65,20,217.97,58,93547.1,400.71,3,3854,1978,POS,Online,Online Banking,Food,No,Yes,66,47,1
472,718,37,314.99,8,75.44,101,42514.8,327.94,2,3741,1913,POS,Work,Digital Wallet,Food,No,Yes,98,56,1
473,735,61,281062.34,8,86.84,64,80948.9,641.07,4,3061,410,Laptop,Home,Digital Wallet,Shopping,No,Yes,31,75,1
474,851,34,49441.16,9,534.57,19,38319.25,402.34,7,3123,1885,Laptop,Online,Contactless,Online Services,No,Yes,44,76,1
475,144,62,70150.77,9,592.81,101,83915.39,664.77,8,1620,1696,Mobile,Online,Online Banking,Online Services,Yes,Yes,63,14,1
476,885,19,79115.69,1,173.72,117,26317.73,367.66,0,1895,2192,Mobile,Online,Online Banking,Electronics,No,Yes,45,71,1
477,1093,42,11442.26,3,86.59,136,29282.07,210.73,3,76,1688,Mobile,Online,Digital Wallet,Entertainment,No,No,83,67,1
478,1123,30,37003.33,7,289.59,71,67948.02,255.98,5,775,417,Mobile,Unknown,Contactless,Entertainment,No,No,82,96,1
479,396,56,295906.34,13,425.86,40,21664.97,375.98,5,568,939,Laptop,Work,Online Banking,Travel,No,Yes,50,11,1
480,1049,45,94633.5,16,367.64,13,23300.84,381.64,8,1437,1977,POS,Online,Online Banking,Food,No,Yes,67,2,1
481,948,59,34678.8,12,570.69,101,30873.61,494.91,0,3583,1372,Mobile,Online,Credit Card,Food,No,Yes,71,17,1
482,891,23,32186.68,20,490.76,124,68053.41,161.71,4,1101,905,Mobile,Home,Digital Wallet,Shopping,No,Yes,87,42,1
483,1175,20,215866.04,23,521.45,82,88994.12,474.4,9,708,57,POS,Public,Credit Card,Food,No,No,1,58,1
484,1168,52,256385.14,17,325.23,88,67619.48,560.61,0,1013,665,POS,Online,Online Banking,Travel,No,No,71,23,1
485,569,35,77159.99,17,196.7,105,82867.52,487.18,5,2073,2045,Mobile,Home,Digital Wallet,Shopping,No,Yes,86,33,1
486,1063,28,6370.76,12,421.19,130,54584.28,346.97,8,1836,1451,Mobile,Public,Credit Card,Online Services,No,Yes,67,86,1
487,109,37,67004.7,7,263.71,16,7357.86,714.01,3,3182,2154,POS,Public,Digital Wallet,Entertainment,No,Yes,83,45,1
488,1066,22,17049.06,11,173.01,14,10496.39,291.52,9,1683,616,Laptop,Unknown,Digital Wallet,Food,Yes,Yes,94,78,1
489,935,36,31108.14,22,91.79,128,55662.0,76.83,9,74,1239,POS,Work,Online Banking,Food,No,Yes,9,49,1
490,398,39,129509.29,23,316.96,145,33116.2,591.5,8,304,263,Laptop,Public,Digital Wallet,Travel,No,No,99,20,1
491,634,36,69052.52,20,356.76,60,22446.52,152.86,2,3794,2007,POS,Home,Digital Wallet,Grocery,No,Yes,35,53,1
492,1157,64,154832.17,0,341.49,17,46892.56,513.59,6,3062,358,POS,Online,Online Banking,Online Services,No,No,13,17,1
493,1187,33,76122.78,19,70.37,45,66816.43,128.95,4,3412,2425,Mobile,Home,Online Banking,Online Services,No,No,26,8,1
494,733,41,282167.14,17,342.21,38,38806.7,12.25,9,261,1312,Mobile,Work,Contactless,Online Services,No,Yes,45,7,1
495,235,58,271792.6,2,101.46,124,80352.95,115.14,0,115,2063,Tablet,Public,Credit Card,Travel,No,Yes,51,37,1
496,658,21,170085.15,11,398.4,104,73983.06,271.49,6,3206,2496,Mobile,Unknown,Online Banking,Shopping,No,No,92,100,1
497,751,32,106391.76,18,257.92,64,73624.03,76.85,7,1808,420,Mobile,Unknown,Credit Card,Entertainment,No,Yes,25,49,1
498,588,42,114405.95,12,509.35,121,98526.37,142.41,5,206,1915,Mobile,Work,Online Banking,Grocery,No,Yes,56,68,1
499,1033,61,123614.5,9,467.07,6,29875.38,550.55,0,1799,1973,Laptop,Public,Online Banking,Grocery,No,No,39,30,1
500,1098,52,218301.04,14,434.77,112,64650.2,554.34,8,1643,2066,Tablet,Work,Online Banking,Travel,No,Yes,3,52,1
501,954,31,135546.53,19,420.59,102,85620.09,588.61,6,2715,1980,Mobile,Home,Credit Card,Travel,No,Yes,75,54,1
502,492,66,257033.31,1,336.51,49,58162.68,605.65,5,3290,1901,POS,Online,Contactless,Entertainment,No,Yes,94,52,1
503,913,36,283234.03,18,37.14,21,79055.47,302.77,3,3161,2192,Tablet,Work,Contactless,Electronics,No,No,53,85,1
504,1198,55,100850.25,2,393.47,23,41737.99,624.65,2,3321,33,POS,Home,Credit Card,Shopping,No,No,33,42,1
505,1192,53,168252.27,13,280.42,76,59253.89,378.72,3,617,1181,POS,Public,Digital Wallet,Grocery,Yes,Yes,62,27,1
506,170,24,28607.46,6,282.0,64,6038.81,338.88,0,632,38,POS,Online,Contactless,Electronics,No,Yes,98,3,1
507,946,47,60220.67,7,227.72,27,98583.88,517.37,8,3217,2195,POS,Public,Digital Wallet,Entertainment,No,Yes,67,95,1
508,795,36,124098.38,10,557.48,134,80101.84,154.03,1,3893,1704,Laptop,Online,Digital Wallet,Grocery,No,No,69,16,1
509,634,66,61940.19,21,150.05,149,86946.5,568.46,1,3571,961,Laptop,Home,Digital Wallet,Grocery,No,No,95,77,1
510,29,42,262980.49,19,190.3,71,69582.28,309.27,2,3268,154,Mobile,Home,Digital Wallet,Food,No,Yes,4,71,1
511,1189,33,47570.05,5,577.84,107,19011.98,91.74,0,2715,2300,Laptop,Public,Digital Wallet,Grocery,No,No,72,75,1
512,339,64,136752.68,10,486.19,133,3587.33,85.99,9,3546,2405,Mobile,Home,Digital Wallet,Shopping,No,No,59,98,1
513,500,57,181749.2,16,8.94,143,86533.33,118.82,2,1286,1046,POS,Online,Digital Wallet,Entertainment,No,Yes,17,42,1
514,511,68,207589.99,9,543.71,149,39934.9,641.22,3,2191,288,Mobile,Work,Contactless,Entertainment,No,No,22,75,1
515,217,25,114982.5,23,136.38,58,26754.56,713.48,8,3076,2144,Mobile,Online,Contactless,Grocery,No,Yes,38,96,1
516,1156,35,260742.81,16,423.71,132,56386.46,257.09,4,1561,1001,Mobile,Work,Online Banking,Shopping,No,No,88,56,1
517,1094,45,170538.91,20,332.07,135,42379.4,210.41,5,2689,1579,POS,Home,Digital Wallet,Electronics,No,Yes,31,33,1
518,445,33,131908.38,1,322.32,35,65340.77,157.59,0,2228,308,Mobile,Online,Online Banking,Food,No,Yes,49,29,1
519,876,69,20265.47,5,430.89,121,48637.43,593.17,2,613,1176,POS,Work,Credit Card,Electronics,No,No,52,95,1
520,167,36,139460.37,4,124.71,143,69874.7,150.71,6,3065,618,Mobile,Online,Online Banking,Travel,No,Yes,89,91,1
521,91,59,246238.68,3,95.84,130,85415.62,665.35,6,2447,2349,POS,Unknown,Digital Wallet,Electronics,No,No,38,62,1
522,714,34,184400.85,1,391.32,120,19957.92,480.53,9,3450,531,Mobile,Online,Credit Card,Travel,No,Yes,96,66,1
523,39,62,249665.52,11,174.7,5,33278.57,645.94,0,3052,922,Mobile,Work,Digital Wallet,Shopping,No,Yes,49,8,1
524,1150,30,148254.1,2,584.38,71,43963.15,398.93,8,1220,247,POS,Online,Online Banking,Grocery,No,Yes,90,43,1
525,173,24,35626.67,5,271.18,86,96224.82,497.32,0,2149,2236,Mobile,Public,Contactless,Travel,No,Yes,100,47,1
526,653,44,4190.59,23,67.4,95,36850.69,446.05,6,889,389,Mobile,Online,Credit Card,Entertainment,No,Yes,27,12,1
527,754,27,91035.54,13,411.65,41,38419.44,598.48,1,2430,1518,Tablet,Online,Digital Wallet,Grocery,No,Yes,23,84,1
528,1082,51,209427.34,7,184.04,75,65520.52,601.84,8,1064,1694,POS,Public,Digital Wallet,Grocery,No,Yes,84,40,1
529,476,53,237098.95,20,89.58,83,42210.37,424.69,8,839,320,POS,Unknown,Digital Wallet,Online Services,No,Yes,27,5,1
530,456,42,88796.28,20,253.98,38,95146.76,455.44,8,2818,2113,POS,Work,Contactless,Grocery,No,Yes,81,56,1
531,829,23,148746.61,13,578.55,42,89499.64,663.76,3,667,889,Tablet,Public,Digital Wallet,Online Services,No,Yes,14,57,1
532,895,41,126393.56,2,247.15,56,51584.17,669.51,5,182,2143,Laptop,Home,Online Banking,Travel,No,Yes,3,77,1
533,1025,35,123215.78,15,208.73,71,64655.14,478.29,1,1215,2234,Tablet,Public,Online Banking,Entertainment,No,Yes,27,1,1
534,387,40,69481.48,14,266.98,55,6274.04,5.68,2,1843,1608,Tablet,Home,Credit Card,Entertainment,No,Yes,62,33,1
535,348,23,40997.69,6,7.76,22,69725.19,75.27,5,2463,2198,Mobile,Work,Online Banking,Electronics,No,Yes,14,60,1
536,190,46,59086.9,14,80.29,27,70866.49,617.73,0,2768,2269,POS,Public,Digital Wallet,Grocery,No,No,92,73,1
537,505,42,16694.18,12,509.88,105,36240.33,61.09,6,3245,1407,Mobile,Home,Online Banking,Grocery,No,Yes,44,34,1
538,824,34,59519.41,5,586.83,38,22358.45,153.81,1,168,1596,Laptop,Home,Credit Card,Food,No,No,25,72,1
539,929,63,2859.35,14,95.19,112,91550.3,166.07,7,2283,2434,Mobile,Online,Credit Card,Grocery,No,No,61,33,1
540,934,41,188214.79,16,321.54,39,42957.14,432.21,4,2173,560,Mobile,Online,Online Banking,Electronics,No,No,75,100,1
541,1141,28,94980.98,3,579.82,143,65543.76,415.22,6,755,509,Tablet,Home,Credit Card,Online Services,No,Yes,52,56,1
542,134,43,291946.1,21,94.37,119,3816.22,208.45,7,1634,826,Mobile,Online,Contactless,Online Services,No,Yes,12,76,1
543,58,68,58195.74,21,112.19,60,41699.68,149.56,2,1409,1126,Mobile,Online,Digital Wallet,Online Services,No,No,97,100,1
544,685,51,103813.99,13,556.13,136,81817.25,550.49,5,3572,1129,Mobile,Work,Credit Card,Electronics,No,Yes,84,83,1
545,672,45,107416.56,14,423.56,44,39063.81,673.53,8,2395,2265,Mobile,Online,Online Banking,Online Services,Yes,Yes,34,21,1
546,173,20,2634.6,11,91.6,43,60514.54,38.11,3,2589,2044,Mobile,Home,Digital Wallet,Entertainment,No,No,23,97,1
547,815,28,251778.47,18,236.4,134,21380.65,95.98,9,48,1391,POS,Work,Credit Card,Food,No,Yes,19,68,1
548,1173,55,9695.14,21,34.23,23,41944.3,462.39,6,1466,505,Laptop,Online,Credit Card,Entertainment,No,Yes,100,4,1
549,80,31,282059.93,9,259.89,122,92799.95,579.22,0,1991,946,Laptop,Public,Credit Card,Grocery,No,No,1,49,1
550,886,68,267633.1,5,466.85,141,56861.95,569.68,6,2484,678,Tablet,Online,Credit Card,Food,Yes,No,74,11,1
551,203,43,160703.02,8,332.61,84,90242.18,518.2,8,1881,2239,POS,Home,Digital Wallet,Travel,No,Yes,65,90,1
552,764,65,163124.31,1,388.64,106,90250.92,638.96,9,3046,831,Mobile,Online,Online Banking,Online Services,No,Yes,5,5,1
553,47,38,196168.0,3,196.43,64,94442.71,156.57,7,1455,2124,POS,Public,Credit Card,Entertainment,No,Yes,57,60,1
554,1167,56,116176.3,8,97.26,125,89591.47,77.34,3,892,2101,POS,Online,Online Banking,Electronics,No,No,22,30,1
555,656,47,194201.96,14,8.36,52,826.47,443.1,2,130,1389,Mobile,Online,Contactless,Entertainment,No,No,43,66,1
556,471,25,13526.04,12,492.88,48,93434.48,592.06,6,622,1337,POS,Public,Digital Wallet,Shopping,No,Yes,2,88,1
557,971,68,16308.88,19,382.17,61,14177.21,419.11,0,2772,2251,Mobile,Online,Online Banking,Shopping,No,Yes,73,16,1
558,1036,37,137223.4,7,137.98,17,4472.66,693.36,7,2095,908,Mobile,Unknown,Credit Card,Shopping,No,Yes,7,82,1
559,736,65,164931.73,18,251.35,40,6011.16,572.83,0,1208,2048,Mobile,Online,Credit Card,Electronics,No,No,21,76,1
560,784,49,266356.51,18,480.97,75,35217.16,504.6,6,3954,259,POS,Home,Credit Card,Electronics,No,Yes,71,90,1
561,968,39,31487.72,15,323.45,89,62270.01,43.48,5,2206,732,POS,Work,Online Banking,Online Services,No,Yes,59,12,1
562,358,24,246812.11,10,180.45,69,40529.96,77.66,9,3069,147,Laptop,Online,Online Banking,Shopping,Yes,Yes,9,26,1
563,972,26,63093.2,9,160.68,85,3042.65,565.1,7,1963,2130,Laptop,Online,Contactless,Grocery,No,No,40,68,1
564,668,62,118285.69,7,130.96,26,47910.02,142.81,5,1368,977,Laptop,Work,Digital Wallet,Online Services,No,No,73,27,1
565,373,18,95049.07,0,494.33,40,44492.01,20.86,4,395,601,Mobile,Home,Digital Wallet,Electronics,No,Yes,49,53,1
566,1032,46,120106.57,9,349.33,96,75806.5,655.76,8,2539,1990,POS,Public,Online Banking,Grocery,No,Yes,12,87,1
567,1146,25,45233.6,17,425.64,117,28321.48,641.39,3,1214,552,Tablet,Public,Credit Card,Electronics,No,Yes,100,85,1
568,676,21,151120.67,2,516.14,136,22144.35,157.39,6,1985,801,Laptop,Online,Online Banking,Electronics,No,Yes,73,48,1
569,90,52,240512.61,10,592.12,73,25965.93,561.77,5,1684,142,Laptop,Online,Credit Card,Shopping,No,Yes,10,37,1
570,698,20,132516.05,17,150.07,45,30722.11,34.64,9,3012,1317,POS,Home,Credit Card,Travel,Yes,No,74,98,1
571,540,62,147235.01,2,108.95,17,60116.9,205.31,5,3477,1397,POS,Online,Credit Card,Grocery,No,Yes,17,45,1
572,732,57,254645.4,7,277.47,77,47416.79,449.08,4,361,128,Mobile,Work,Contactless,Grocery,Yes,No,4,75,1
573,869,24,211846.83,13,21.53,137,34021.01,549.51,1,714,1076,Laptop,Online,Digital Wallet,Online Services,No,No,64,3,1
574,41,44,147187.28,5,475.13,91,37744.26,7.59,3,1718,268,Mobile,Online,Credit Card,Travel,No,Yes,16,6,1
575,740,18,77382.92,14,530.31,106,37406.9,234.94,0,940,1316,POS,Online,Credit Card,Food,No,Yes,49,78,1
576,502,44,265489.53,13,411.78,101,97254.47,154.41,8,2097,1378,Laptop,Work,Credit Card,Entertainment,Yes,No,100,6,1
577,959,33,173148.42,6,161.16,103,23683.2,719.12,8,575,416,Mobile,Home,Credit Card,Travel,No,Yes,27,77,1
578,1169,55,66422.17,9,74.33,24,81897.13,483.14,7,3927,635,Laptop,Public,Credit Card,Food,No,Yes,6,29,1
579,929,24,80809.01,14,229.6,73,70966.98,292.14,3,2649,2199,Mobile,Home,Online Banking,Travel,No,Yes,9,33,1
580,461,61,240959.61,9,500.08,121,1054.22,54.56,4,2076,1353,Tablet,Work,Online Banking,Shopping,No,Yes,58,17,1
581,732,40,13339.25,21,209.02,106,99321.03,431.08,0,2539,592,Mobile,Work,Contactless,Online Services,No,Yes,32,57,0
582,752,58,297628.45,16,21.04,139,75765.72,462.06,3,1211,2394,Mobile,Work,Credit Card,Food,No,Yes,38,11,1
583,925,28,39192.47,18,164.93,35,68403.73,587.83,3,3465,1872,Mobile,Online,Contactless,Shopping,No,Yes,30,66,1
584,909,59,238840.95,16,593.97,136,40829.81,207.85,4,2986,49,Mobile,Online,Credit Card,Shopping,No,Yes,78,34,1
585,390,70,118493.12,11,406.16,17,55742.71,706.63,1,3819,571,Mobile,Work,Credit Card,Food,No,No,45,95,1
586,883,50,147715.63,14,540.56,140,25700.45,316.47,1,634,1353,POS,Home,Credit Card,Grocery,No,Yes,29,16,1
587,256,67,264207.11,11,465.03,93,4030.6,213.15,1,1783,1795,Mobile,Home,Contactless,Grocery,No,Yes,92,41,1
588,709,53,123932.07,8,324.05,109,83684.16,250.95,7,2400,2482,Mobile,Online,Contactless,Food,No,Yes,22,37,1
589,450,54,161294.38,4,89.64,50,89700.21,374.15,1,2166,2189,POS,Unknown,Contactless,Travel,No,Yes,31,22,1
590,10,58,14884.97,3,209.51,114,16665.83,674.43,5,2040,1344,POS,Home,Credit Card,Travel,No,Yes,81,46,1
591,824,34,804.01,11,350.45,24,78812.08,529.34,1,2250,1975,Laptop,Online,Online Banking,Entertainment,No,No,17,35,1
592,798,52,73515.48,15,522.44,37,74244.69,415.56,7,69,2456,Mobile,Unknown,Digital Wallet,Online Services,No,Yes,54,7,1
593,877,65,204206.87,8,161.57,11,18248.31,117.31,0,2029,969,POS,Work,Credit Card,Online Services,Yes,Yes,79,50,1
594,1029,22,36467.34,2,73.18,99,42471.97,107.62,1,963,267,Mobile,Online,Credit Card,Travel,Yes,Yes,47,15,1
595,1143,65,34217.21,20,335.52,55,42564.41,361.63,4,232,673,POS,Online,Online Banking,Grocery,No,Yes,32,4,1
596,1016,49,123347.09,2,106.31,27,76116.44,524.7,5,3834,2407,POS,Online,Online Banking,Food,Yes,Yes,28,88,1
597,374,20,194386.33,17,366.41,67,83847.26,540.75,8,1612,214,Laptop,Public,Online Banking,Travel,No,Yes,11,13,1
598,1089,69,213650.39,16,158.48,2,9930.12,162.74,5,272,1860,Mobile,Work,Digital Wallet,Food,No,Yes,39,29,1
599,146,64,53617.36,9,138.96,68,56515.44,72.16,7,1559,1815,Mobile,Home,Digital Wallet,Online Services,No,No,17,50,1
600,224,52,23968.49,1,239.81,146,76293.98,276.87,6,2165,1478,POS,Online,Online Banking,Entertainment,No,No,76,16,1
601,177,69,282125.07,23,356.12,148,78725.96,661.09,0,3770,511,POS,Home,Online Banking,Food,No,Yes,39,1,1
602,853,31,78273.85,10,327.42,63,15225.36,392.71,1,2751,1411,Mobile,Work,Credit Card,Entertainment,No,No,73,34,1
603,63,65,256018.61,23,147.22,72,52787.76,230.54,3,1960,391,Mobile,Public,Online Banking,Online Services,No,Yes,25,98,1
604,827,48,259061.09,2,534.72,130,85827.09,233.09,0,2609,1089,Tablet,Online,Credit Card,Entertainment,No,Yes,26,80,1
605,795,48,231779.53,22,66.37,83,32192.6,95.19,7,689,545,POS,Work,Credit Card,Online Services,No,Yes,68,96,1
606,689,34,50733.2,22,24.16,42,42799.13,340.77,3,742,1799,POS,Work,Credit Card,Entertainment,No,Yes,62,33,1
607,105,41,246558.26,1,361.82,107,80533.67,569.8,6,3925,359,Mobile,Work,Digital Wallet,Shopping,No,No,19,15,1
608,1123,69,230798.24,8,74.48,28,9387.29,697.37,6,1204,2346,Laptop,Home,Credit Card,Grocery,No,Yes,13,81,1
609,511,40,179057.22,18,303.18,105,86019.58,361.2,7,1153,1572,Mobile,Unknown,Contactless,Online Services,No,Yes,29,58,1
610,385,35,101226.89,1,571.09,112,31460.09,120.48,8,276,984,POS,Public,Digital Wallet,Electronics,No,No,54,81,1
611,405,67,78826.33,18,419.3,133,644.31,491.76,8,2702,2455,Mobile,Online,Contactless,Grocery,No,Yes,73,35,1
612,823,31,36654.57,1,370.67,15,23798.83,544.91,6,760,322,POS,Home,Credit Card,Food,No,Yes,42,53,1
613,518,67,152976.14,14,345.1,110,9405.31,51.72,8,3957,1964,Mobile,Unknown,Online Banking,Grocery,No,Yes,62,29,1
614,476,32,175619.74,23,108.13,73,9692.3,612.12,4,3973,1339,Mobile,Public,Contactless,Online Services,No,Yes,71,76,1
615,709,32,107865.76,20,259.87,90,69437.16,597.13,9,1590,389,POS,Public,Credit Card,Online Services,No,No,71,58,1
616,771,23,142660.18,2,205.84,37,21790.65,340.28,3,1014,1639,POS,Online,Credit Card,Travel,No,Yes,21,77,1
617,1047,44,109117.99,4,571.87,143,93506.87,403.55,2,525,1390,Mobile,Online,Digital Wallet,Electronics,No,Yes,9,21,1
618,997,32,192337.72,10,145.77,4,51886.23,513.68,5,1342,653,Laptop,Online,Credit Card,Grocery,No,No,45,39,1
619,677,67,270387.64,23,283.17,84,46279.78,487.29,9,2492,1595,Tablet,Home,Credit Card,Electronics,No,Yes,27,1,1
620,714,53,49259.69,6,562.88,149,43711.21,12.0,8,3047,1950,POS,Online,Contactless,Grocery,Yes,Yes,48,49,1
621,83,25,114484.5,5,473.61,60,69412.47,88.24,3,2692,1541,Tablet,Online,Online Banking,Online Services,No,Yes,85,77,1
622,1169,32,42346.49,13,578.73,86,45500.14,117.15,1,2156,2421,Mobile,Online,Digital Wallet,Online Services,No,Yes,69,43,0
623,1109,20,187520.64,0,365.19,71,13295.74,544.11,2,1438,1283,Laptop,Online,Credit Card,Shopping,Yes,Yes,5,88,1
624,1102,64,218688.27,16,200.61,31,88077.13,316.92,2,3539,647,POS,Online,Credit Card,Food,Yes,Yes,72,88,1
625,457,30,279580.63,16,496.08,17,43125.34,392.81,1,2605,1853,POS,Online,Credit Card,Online Services,No,Yes,15,77,1
626,1,58,83733.69,13,175.23,7,7863.46,556.36,8,3442,604,Tablet,Home,Digital Wallet,Food,No,Yes,77,100,1
627,51,51,285068.34,9,99.28,126,53171.92,245.57,3,1112,2031,POS,Public,Digital Wallet,Travel,No,No,97,5,1
628,685,41,19072.48,7,423.92,83,64911.01,539.23,2,2783,426,Mobile,Online,Credit Card,Shopping,No,Yes,44,55,1
629,717,57,180943.86,7,383.55,28,27920.46,318.51,9,2714,2498,Laptop,Online,Contactless,Grocery,No,No,47,78,1
630,449,49,17234.1,13,527.43,10,80133.87,271.63,5,928,1609,POS,Work,Digital Wallet,Grocery,No,Yes,32,80,1
631,881,49,268142.88,6,577.17,27,67142.7,239.85,7,2988,431,Mobile,Public,Credit Card,Grocery,Yes,Yes,36,70,1
632,488,47,158989.74,5,514.39,141,65208.95,694.76,7,573,1541,POS,Online,Online Banking,Grocery,No,Yes,49,2,1
633,34,69,200837.57,3,36.48,127,42372.08,555.84,9,3093,2123,Laptop,Online,Credit Card,Electronics,No,No,53,68,1
634,95,66,249489.02,0,398.88,43,96210.57,14.64,5,2767,716,Laptop,Public,Online Banking,Grocery,No,Yes,23,63,1
635,1096,30,45178.16,14,470.95,69,27781.82,689.34,4,1932,183,Mobile,Public,Online Banking,Food,No,Yes,34,80,1
636,154,18,11673.61,14,589.17,63,57981.7,558.34,6,248,290,Mobile,Online,Contactless,Shopping,Yes,Yes,18,100,1
637,250,51,263676.46,0,225.11,70,31250.99,107.49,2,3201,2364,Tablet,Home,Credit Card,Entertainment,No,Yes,12,85,1
638,674,32,94548.47,19,102.34,99,74608.07,55.06,9,1024,2062,Laptop,Public,Credit Card,Food,No,No,87,81,1
639,438,61,38780.77,2,511.83,71,5255.25,221.97,1,2009,1806,Mobile,Public,Credit Card,Grocery,No,Yes,2,67,1
640,118,31,140591.53,22,190.82,93,5066.44,449.45,7,2180,1384,POS,Home,Credit Card,Electronics,No,Yes,27,88,1
641,771,46,179531.99,4,359.12,143,81180.67,443.95,8,2037,668,Mobile,Online,Online Banking,Entertainment,No,Yes,50,70,1
642,268,51,9388.08,4,234.24,146,43709.68,198.68,5,913,1322,POS,Online,Online Banking,Online Services,No,No,31,83,1
643,1078,35,82541.21,3,241.69,132,34447.42,320.94,3,2707,186,Mobile,Home,Contactless,Entertainment,No,No,48,98,1
644,236,24,9936.68,16,439.61,11,60948.92,152.64,5,2832,643,Laptop,Home,Credit Card,Grocery,No,Yes,86,86,1
645,389,46,126158.58,20,217.2,134,70338.98,36.51,6,1172,1938,Laptop,Online,Online Banking,Entertainment,No,Yes,69,3,0
646,990,48,268540.5,19,416.0,122,20519.53,372.27,7,36,1011,Tablet,Public,Credit Card,Grocery,No,Yes,17,39,1
647,763,42,294797.46,13,9.09,18,18950.41,249.9,2,2465,1305,POS,Home,Contactless,Electronics,No,Yes,43,87,1
648,401,55,191150.56,7,195.13,67,95836.0,390.92,5,3579,296,POS,Public,Credit Card,Shopping,No,Yes,71,11,1
649,624,31,48575.14,1,191.77,145,59171.6,681.49,9,1575,88,Mobile,Public,Online Banking,Food,Yes,Yes,18,96,1
650,767,25,271764.23,7,449.43,97,39316.59,103.31,5,857,646,Tablet,Public,Credit Card,Shopping,No,Yes,66,30,1
651,919,44,154922.72,0,189.08,34,80243.45,1.51,9,1334,1834,Laptop,Work,Credit Card,Grocery,No,Yes,31,50,1
652,853,19,46209.42,3,380.18,147,52753.32,55.44,6,2119,1612,POS,Online,Online Banking,Electronics,No,Yes,63,100,1
653,578,34,276525.83,18,413.27,137,24545.45,333.2,3,3660,2248,POS,Work,Contactless,Travel,No,No,28,67,1
654,75,54,227264.97,4,395.23,44,21070.16,509.02,5,125,1717,Laptop,Public,Online Banking,Grocery,Yes,Yes,67,48,1
655,435,31,219538.41,4,362.17,95,39987.5,418.19,1,1557,1741,Laptop,Online,Credit Card,Food,No,No,9,40,1
656,103,42,212783.29,20,248.46,91,86059.64,356.37,7,2323,1372,Mobile,Home,Credit Card,Food,Yes,Yes,97,100,1
657,764,47,60181.91,19,224.3,111,6614.07,254.92,2,3325,686,POS,Work,Credit Card,Online Services,No,Yes,28,16,1
658,738,46,63380.91,23,338.97,71,22243.34,223.25,8,143,866,POS,Online,Online Banking,Grocery,No,No,92,32,1
659,806,37,206519.07,18,38.69,53,89368.61,270.99,7,2621,1053,POS,Public,Credit Card,Travel,No,Yes,18,100,1
660,98,38,65994.85,11,525.55,71,12612.59,440.42,5,359,763,Tablet,Online,Contactless,Online Services,Yes,Yes,15,62,1
661,798,70,131657.64,19,495.28,53,63147.76,120.87,9,3604,427,POS,Online,Digital Wallet,Entertainment,No,Yes,75,86,1
662,859,39,234622.35,0,208.16,108,21744.38,555.4,1,3254,998,Laptop,Home,Digital Wallet,Food,No,Yes,89,76,1
663,435,52,235207.36,6,340.31,19,60783.75,414.22,7,1270,491,Tablet,Public,Online Banking,Online Services,No,Yes,5,40,1
664,447,54,136033.21,16,559.37,66,38618.86,193.87,5,3590,167,Mobile,Online,Online Banking,Food,No,Yes,41,78,1
665,249,33,237677.76,1,163.35,1,10616.85,360.88,0,3859,791,POS,Public,Credit Card,Online Services,No,Yes,91,71,1
666,166,67,251602.68,10,445.6,106,58456.27,693.2,5,2349,2227,Mobile,Work,Credit Card,Online Services,No,Yes,76,66,1
667,984,66,196467.25,6,50.1,55,68462.75,14.85,4,1998,892,Mobile,Online,Credit Card,Grocery,No,Yes,74,11,1
668,1020,60,68604.91,16,314.26,15,68187.13,143.74,5,3501,810,POS,Online,Digital Wallet,Food,No,Yes,73,74,1
669,542,34,82276.13,2,530.44,127,63884.92,322.89,0,3451,622,POS,Home,Credit Card,Electronics,No,No,66,6,1
670,759,33,94520.86,21,331.25,15,50272.37,459.71,3,3523,1630,Tablet,Work,Online Banking,Travel,No,Yes,73,9,0
671,1130,19,35129.55,5,369.94,121,52187.53,152.88,6,2338,2377,POS,Home,Credit Card,Online Services,No,Yes,51,19,1
672,81,21,82020.57,21,544.63,66,63746.19,670.62,4,3620,1476,POS,Work,Contactless,Food,No,No,16,25,1
673,133,38,62934.82,10,429.36,114,69180.81,462.69,5,746,1472,Laptop,Online,Online Banking,Online Services,No,Yes,65,5,1
674,797,56,136653.09,17,417.67,137,65660.24,631.76,1,293,1366,Mobile,Home,Contactless,Grocery,No,Yes,85,5,1
675,900,51,272540.42,17,352.04,146,58901.08,237.18,7,2878,1331,POS,Online,Credit Card,Travel,No,Yes,57,54,1
676,138,47,31433.65,21,379.98,145,16005.98,596.86,9,347,831,POS,Online,Online Banking,Entertainment,No,No,37,67,1
677,184,23,216108.35,9,482.32,72,21456.35,272.38,3,1767,2387,Laptop,Online,Contactless,Food,No,Yes,39,68,1
678,785,34,206216.17,4,587.55,98,26392.29,182.06,5,3217,603,Mobile,Home,Credit Card,Shopping,No,Yes,65,12,1
679,984,56,28816.68,22,477.3,44,92006.33,656.4,2,3313,625,POS,Online,Contactless,Grocery,Yes,Yes,49,90,1
680,69,42,276779.46,22,424.67,16,76059.81,66.49,8,2237,2077,POS,Work,Credit Card,Shopping,No,Yes,47,6,1
681,546,22,170584.81,20,81.76,78,55510.25,678.89,7,2554,56,Mobile,Work,Credit Card,Grocery,Yes,Yes,40,74,1
682,53,22,109181.28,23,490.34,52,25579.66,330.19,5,670,2458,Mobile,Online,Digital Wallet,Shopping,No,Yes,14,91,1
683,205,37,226985.92,21,441.73,2,11533.71,714.69,8,888,1373,POS,Home,Credit Card,Shopping,No,Yes,40,87,1
684,126,33,77283.9,14,462.37,61,89926.54,388.55,9,177,160,Mobile,Public,Contactless,Grocery,No,Yes,48,38,1
685,43,68,208083.6,20,139.04,132,89320.27,545.42,8,1876,1576,Mobile,Public,Credit Card,Electronics,No,Yes,32,30,1
686,111,58,12009.39,19,542.11,126,11514.21,5.19,1,1500,2362,Laptop,Online,Digital Wallet,Grocery,No,Yes,88,37,1
687,761,54,251838.47,22,58.82,52,79823.06,357.65,8,3179,1250,Mobile,Work,Digital Wallet,Entertainment,No,No,39,25,1
688,848,57,134506.44,3,152.54,41,44941.18,530.99,7,1004,766,Mobile,Online,Online Banking,Food,No,No,33,44,1
689,95,26,191044.21,20,397.98,31,32734.71,563.66,1,1315,1328,Laptop,Online,Credit Card,Entertainment,No,Yes,30,60,1
690,900,22,66449.22,20,404.39,121,74040.9,113.88,8,81,1121,Mobile,Work,Online Banking,Grocery,Yes,No,26,14,1
691,360,59,203154.41,0,188.34,51,61625.79,301.72,4,287,262,POS,Work,Credit Card,Shopping,No,Yes,43,67,1
692,900,19,231694.86,14,421.06,95,78113.0,301.79,8,1049,251,Laptop,Home,Online Banking,Grocery,No,Yes,55,68,1
693,281,26,142016.63,16,233.06,11,7895.72,74.71,2,3834,482,Mobile,Home,Contactless,Entertainment,No,Yes,44,36,1
694,667,60,185356.3,18,0.61,136,32199.41,319.05,3,3652,1689,Mobile,Online,Credit Card,Entertainment,Yes,No,78,25,1
695,93,53,136952.14,13,97.98,12,32272.03,581.13,0,277,333,Mobile,Public,Credit Card,Electronics,No,No,76,8,1
696,672,39,268238.0,18,529.63,99,33310.43,216.2,4,1942,965,Mobile,Work,Digital Wallet,Grocery,No,Yes,3,25,1
697,61,39,149410.97,17,134.01,45,50496.75,311.51,6,317,1667,POS,Home,Credit Card,Online Services,No,Yes,7,36,1
698,634,39,252558.43,1,68.19,34,28659.87,691.89,6,1307,1373,Mobile,Home,Credit Card,Online Services,No,No,85,30,1
699,1075,51,240425.48,5,409.48,72,44716.17,22.93,5,3729,2341,Laptop,Work,Credit Card,Shopping,No,Yes,58,79,1
700,1029,46,123210.4,12,264.7,21,37093.87,425.94,5,976,394,POS,Home,Digital Wallet,Travel,No,No,91,60,1
701,604,55,69102.34,16,478.06,41,73661.96,535.3,7,1762,1442,Laptop,Work,Credit Card,Entertainment,No,Yes,10,45,1
702,682,63,121884.03,5,516.94,22,60548.33,547.86,9,2291,1280,Mobile,Home,Digital Wallet,Grocery,No,Yes,10,47,1
703,534,50,247882.59,20,507.67,21,65536.13,515.5,8,1145,485,POS,Online,Digital Wallet,Online Services,No,No,100,50,1
704,838,35,68367.0,21,188.15,71,21453.1,523.07,3,573,1793,POS,Online,Online Banking,Entertainment,No,Yes,81,69,1
705,645,24,157378.46,4,303.57,14,32887.47,42.58,3,3706,1358,POS,Public,Contactless,Shopping,No,Yes,42,82,1
706,233,18,241848.41,6,390.26,79,2605.96,384.62,7,2309,357,Tablet,Online,Digital Wallet,Online Services,No,Yes,34,96,1
707,524,50,106107.89,0,193.53,73,11283.28,563.76,4,672,848,POS,Home,Credit Card,Electronics,No,No,82,42,1
708,346,18,192698.67,12,25.14,52,26872.9,67.82,9,3931,1995,POS,Unknown,Credit Card,Grocery,No,Yes,26,50,1
709,1070,41,73764.91,18,297.65,76,7013.64,8.77,8,3836,765,Laptop,Home,Digital Wallet,Food,Yes,Yes,60,7,1
710,546,21,32872.91,21,8.18,19,60461.92,586.5,5,42,1497,Tablet,Online,Contactless,Shopping,No,Yes,2,4,1
711,1102,21,238335.83,0,570.41,27,99813.95,512.88,8,867,595,Mobile,Home,Online Banking,Online Services,No,Yes,73,54,1
712,1097,35,29780.69,12,478.11,146,10531.11,296.85,3,2610,1657,Tablet,Home,Credit Card,Grocery,No,No,45,45,1
713,794,44,81487.28,10,115.61,13,82212.41,677.09,0,3546,849,Mobile,Online,Contactless,Food,No,No,5,31,1
714,249,60,256547.32,6,172.9,107,12322.22,551.97,3,3604,1744,Mobile,Home,Online Banking,Travel,No,No,26,80,1
715,47,49,104006.14,19,589.71,129,67156.44,696.86,8,1579,545,Mobile,Work,Credit Card,Online Services,Yes,Yes,79,61,1
716,1145,50,291916.3,2,224.44,85,64494.18,669.11,6,3958,2495,Laptop,Work,Online Banking,Food,Yes,No,25,45,1
717,214,45,293922.33,0,470.34,141,90320.34,346.58,5,868,1154,Laptop,Unknown,Credit Card,Entertainment,No,Yes,26,3,1
718,239,59,80555.98,7,268.37,109,11837.59,543.41,1,2696,2485,Tablet,Work,Digital Wallet,Electronics,No,Yes,92,47,1
719,1080,58,12389.37,16,518.53,115,31886.72,481.85,3,2483,1458,Mobile,Online,Credit Card,Online Services,No,No,87,49,1
720,350,53,211548.48,12,422.4,51,9532.59,584.26,0,1693,1183,POS,Unknown,Credit Card,Grocery,No,No,85,3,1
721,107,23,135350.85,13,14.23,1,41034.64,567.16,2,1597,873,Laptop,Home,Online Banking,Grocery,No,Yes,22,3,1
722,831,33,30315.78,4,176.99,121,91203.52,110.41,1,3782,64,Tablet,Unknown,Online Banking,Travel,No,No,19,93,1
723,48,51,212286.09,23,335.02,123,78261.55,168.37,3,317,2076,Mobile,Unknown,Credit Card,Electronics,No,No,10,83,1
724,337,40,9449.36,21,555.74,32,72428.56,191.4,3,2503,1797,POS,Public,Credit Card,Grocery,No,No,42,4,1
725,1050,67,261071.99,22,61.67,142,53536.24,589.34,8,465,2231,Tablet,Work,Digital Wallet,Online Services,No,No,100,59,1
726,804,59,41681.89,23,360.9,93,88406.83,583.75,6,1019,1812,POS,Work,Online Banking,Electronics,No,Yes,31,35,1
727,8,41,38280.83,5,181.65,68,45219.46,356.69,2,2158,258,Mobile,Online,Credit Card,Grocery,No,No,31,53,1
728,625,66,52784.12,21,533.65,63,15393.72,418.24,6,3589,1005,Laptop,Home,Online Banking,Food,Yes,Yes,99,16,1
729,719,30,288083.88,5,459.22,82,83839.73,595.4,7,3283,1876,Mobile,Home,Contactless,Online Services,Yes,Yes,75,51,1
730,303,35,207981.49,20,222.14,142,28324.01,225.14,6,2435,1306,Mobile,Work,Digital Wallet,Grocery,No,Yes,81,26,1
731,639,30,240431.32,7,100.68,41,5836.54,36.22,7,2779,1541,Laptop,Online,Credit Card,Electronics,No,No,97,38,1
732,56,66,119350.73,12,7.39,3,13040.78,347.52,8,284,834,POS,Home,Credit Card,Online Services,Yes,No,86,68,1
733,726,54,100960.19,17,372.87,94,61101.36,657.88,0,1906,593,Tablet,Online,Credit Card,Travel,No,No,90,34,1
734,526,60,70421.75,22,243.97,59,60904.66,569.16,9,2039,2092,Mobile,Work,Credit Card,Online Services,No,Yes,36,21,1
735,474,56,144246.34,3,189.2,18,26388.23,264.03,5,1864,924,POS,Online,Online Banking,Electronics,No,Yes,66,41,1
736,28,59,165593.44,16,591.31,104,72854.42,46.73,3,2976,883,Mobile,Online,Credit Card,Travel,Yes,Yes,32,59,1
737,78,34,189569.28,4,279.95,74,77477.2,458.62,0,195,369,Laptop,Home,Credit Card,Entertainment,No,No,67,89,1
738,365,32,77209.84,2,450.03,120,92090.01,600.85,1,494,2440,Tablet,Home,Digital Wallet,Grocery,No,No,63,3,1
739,666,35,284601.36,3,106.86,76,58701.28,478.8,9,285,209,Tablet,Home,Contactless,Entertainment,No,Yes,23,56,1
740,526,40,51010.57,22,8.57,8,78052.62,306.11,3,452,618,Tablet,Home,Credit Card,Online Services,No,No,50,62,1
741,699,68,289699.39,4,250.83,81,75433.42,88.9,0,227,2292,Mobile,Online,Online Banking,Food,Yes,Yes,65,18,1
742,883,47,4555.35,13,399.57,101,26152.0,655.77,5,1266,2075,Mobile,Public,Digital Wallet,Shopping,No,Yes,69,89,1
743,1031,51,144389.59,14,304.21,9,31367.48,198.76,0,586,1788,POS,Online,Online Banking,Grocery,No,Yes,44,96,1
744,1027,21,100077.01,19,534.33,90,48109.0,161.56,8,1867,2429,POS,Unknown,Contactless,Online Services,No,Yes,58,84,1
745,919,20,134792.11,16,260.67,48,2394.38,587.52,9,2960,2098,Mobile,Public,Credit Card,Entertainment,No,No,57,15,1
746,750,24,171242.31,5,186.95,115,30091.08,706.48,2,1925,1646,Tablet,Online,Digital Wallet,Grocery,No,Yes,37,66,1
747,363,35,130733.19,9,549.67,87,47651.35,475.35,0,2602,594,Mobile,Home,Online Banking,Shopping,Yes,Yes,65,30,1
748,806,59,124512.57,21,244.38,95,11252.89,449.9,5,3153,698,Laptop,Public,Contactless,Travel,No,Yes,18,76,1
749,739,24,219843.75,22,162.15,114,13064.45,230.06,5,1318,398,POS,Online,Credit Card,Online Services,No,Yes,5,39,1
750,1039,57,205794.29,15,59.05,18,46592.06,14.8,6,2006,723,Laptop,Public,Credit Card,Grocery,No,Yes,82,64,1
751,485,23,249998.06,16,476.09,29,73231.02,138.18,6,1378,1131,POS,Online,Credit Card,Shopping,No,Yes,99,57,1
752,28,39,75062.7,13,495.14,2,83458.02,420.83,9,584,1172,Tablet,Unknown,Online Banking,Electronics,No,Yes,96,63,1
753,714,18,182897.6,19,20.46,78,54858.23,109.03,3,36,388,Tablet,Public,Contactless,Online Services,No,Yes,26,7,1
754,1063,21,175599.92,11,215.51,68,47737.52,636.37,4,1795,1670,Mobile,Unknown,Digital Wallet,Travel,No,Yes,33,86,1
755,86,63,110984.37,8,450.05,98,38735.92,135.55,2,2121,1567,POS,Online,Credit Card,Electronics,No,Yes,42,72,1
756,126,66,145868.66,14,567.86,117,19698.42,375.96,5,3273,1680,POS,Online,Credit Card,Shopping,Yes,Yes,88,87,1
757,812,69,94203.26,11,227.0,110,15082.92,368.7,6,3203,532,Laptop,Unknown,Digital Wallet,Electronics,No,Yes,27,23,1
758,537,67,42639.13,13,523.3,41,79293.7,434.88,8,764,2109,Mobile,Unknown,Contactless,Travel,No,No,54,76,1
759,145,60,64218.98,21,236.54,115,46768.16,235.82,8,1633,2435,POS,Work,Online Banking,Grocery,Yes,No,83,6,1
760,25,46,31743.54,17,108.11,81,79136.86,628.96,4,1687,91,Mobile,Online,Online Banking,Electronics,No,No,82,58,1
761,67,38,204952.57,19,2.57,122,70556.26,319.95,3,2666,1150,Laptop,Online,Digital Wallet,Shopping,Yes,Yes,79,14,1
762,233,43,198252.15,5,198.44,87,19792.64,504.14,6,841,1700,Mobile,Home,Contactless,Electronics,Yes,Yes,91,28,1
763,109,31,285186.85,3,227.4,22,51275.57,457.89,2,2028,1549,Mobile,Home,Online Banking,Electronics,Yes,Yes,75,5,1
764,1170,26,218930.56,22,567.1,49,44679.65,84.44,3,3397,1663,Mobile,Work,Credit Card,Food,No,Yes,24,68,1
765,111,64,15708.55,11,124.04,16,42675.41,448.34,8,1258,481,Laptop,Public,Online Banking,Travel,No,Yes,3,56,1
766,228,29,265285.13,12,229.65,68,54485.82,396.55,4,1992,2483,Tablet,Work,Digital Wallet,Food,No,Yes,39,25,1
767,111,59,258816.28,18,15.58,22,98217.15,647.01,9,520,1722,Tablet,Online,Online Banking,Online Services,No,Yes,71,27,1
768,34,68,133051.76,21,458.24,139,81383.61,634.24,6,347,386,Tablet,Unknown,Contactless,Shopping,No,No,12,60,1
769,623,68,175800.33,12,549.13,85,90419.39,108.77,1,1224,2208,Laptop,Work,Credit Card,Entertainment,No,No,33,4,1
770,748,23,292825.89,11,143.07,121,3449.14,58.91,8,247,1075,POS,Home,Online Banking,Shopping,No,No,22,29,1
771,595,37,159738.08,19,257.68,80,14463.47,212.18,4,2578,625,POS,Public,Digital Wallet,Shopping,No,Yes,35,91,1
772,425,41,271606.02,2,73.71,55,8933.98,710.36,4,1870,1654,Mobile,Online,Contactless,Shopping,No,No,14,7,1
773,613,44,25003.32,2,274.37,35,26691.49,15.63,3,1246,2303,Mobile,Home,Credit Card,Online Services,No,No,26,32,1
774,692,55,57396.46,13,80.44,34,44468.3,484.52,7,362,1159,Laptop,Unknown,Online Banking,Shopping,Yes,Yes,83,20,1
775,315,25,132282.41,17,314.25,73,64384.3,438.17,3,1206,2002,Mobile,Unknown,Credit Card,Food,No,Yes,85,64,1
776,877,18,175468.57,18,440.91,77,50332.71,465.57,1,2033,2471,POS,Unknown,Credit Card,Shopping,No,Yes,54,43,1
777,662,66,244886.73,9,332.23,132,90366.8,157.24,4,2630,900,Mobile,Work,Credit Card,Electronics,No,Yes,41,100,1
778,277,66,296479.81,16,147.51,125,94015.67,163.31,2,3124,2060,Laptop,Work,Digital Wallet,Online Services,No,Yes,45,30,1
779,624,41,116716.56,14,212.6,11,16770.33,310.12,3,3799,1861,Mobile,Online,Contactless,Shopping,No,Yes,31,60,1
780,516,64,14319.95,18,383.32,61,85364.84,69.11,2,2293,2164,Tablet,Work,Credit Card,Entertainment,No,Yes,69,93,1
781,843,24,240371.33,8,354.06,122,48431.36,53.81,6,1096,122,Mobile,Home,Credit Card,Travel,No,Yes,99,28,1
782,350,36,181353.78,3,82.5,35,45606.28,63.71,5,3462,833,POS,Home,Credit Card,Food,No,Yes,17,40,1
783,823,39,59643.0,14,507.05,69,78601.47,412.59,1,1678,2230,POS,Online,Digital Wallet,Food,No,Yes,60,67,1
784,1161,52,148499.05,18,285.38,57,9767.48,286.43,7,2820,383,Mobile,Work,Credit Card,Food,No,Yes,96,91,1
785,759,47,222718.84,15,97.84,139,88308.07,211.47,4,3013,908,Mobile,Home,Contactless,Food,No,Yes,4,85,1
786,899,46,231146.49,7,74.13,12,67250.9,227.46,5,2491,637,Laptop,Unknown,Digital Wallet,Shopping,No,Yes,10,37,1
787,243,39,149935.56,16,579.35,125,87588.53,149.32,7,3519,1926,Tablet,Work,Online Banking,Entertainment,No,No,94,99,1
788,543,28,91633.84,20,169.28,43,99450.52,296.34,6,2699,1012,Mobile,Work,Online Banking,Grocery,No,Yes,9,59,1
789,1064,37,292125.4,0,545.2,147,52041.44,146.28,2,1703,2486,POS,Online,Online Banking,Online Services,No,Yes,61,20,1
790,229,46,199042.45,6,246.65,77,9779.59,502.62,1,2694,1140,Mobile,Online,Contactless,Online Services,No,Yes,90,63,1
791,548,68,122530.43,20,231.86,68,17069.12,89.32,2,2393,2288,Mobile,Online,Contactless,Online Services,No,Yes,22,73,1
792,920,58,84210.92,17,420.71,59,32700.02,682.74,7,3998,412,Laptop,Home,Credit Card,Shopping,No,Yes,21,35,1
793,6,59,219357.78,11,6.43,2,10803.52,64.76,3,3753,1648,Mobile,Home,Contactless,Travel,No,No,23,58,1
794,468,51,72730.82,15,203.18,136,81626.51,679.3,7,3531,1577,POS,Online,Digital Wallet,Travel,No,Yes,61,10,1
795,75,18,51595.83,0,181.94,150,30038.35,599.99,3,2844,1058,Mobile,Public,Credit Card,Shopping,No,Yes,12,59,1
796,4,48,158997.18,14,520.92,21,97600.68,490.14,6,2576,1129,POS,Work,Digital Wallet,Shopping,No,Yes,95,21,1
797,646,47,87067.22,6,317.71,101,70407.85,656.87,5,378,2488,Laptop,Online,Credit Card,Shopping,No,No,17,43,1
798,118,65,188708.65,16,219.06,86,17756.32,100.32,9,2152,2081,Tablet,Home,Digital Wallet,Entertainment,No,Yes,55,43,1
799,881,35,35469.81,2,160.01,122,47866.24,127.03,0,2310,1136,Mobile,Work,Online Banking,Food,No,Yes,21,88,1
800,504,34,196516.84,10,354.51,75,46954.98,181.62,7,2990,970,Mobile,Home,Credit Card,Online Services,No,Yes,54,1,1
801,947,55,85060.63,5,91.43,75,49504.91,176.34,5,2801,460,Tablet,Public,Credit Card,Travel,No,No,47,46,1
802,574,31,172.86,5,148.1,83,53801.27,223.88,1,2647,2489,Mobile,Work,Contactless,Travel,Yes,No,41,31,1
803,194,40,38168.12,14,176.52,78,3601.72,414.5,4,67,2046,Laptop,Home,Digital Wallet,Food,No,Yes,97,63,1
804,847,42,280091.25,6,364.94,21,68786.96,20.38,1,2339,2112,Laptop,Online,Credit Card,Grocery,Yes,Yes,15,46,1
805,715,32,260219.66,10,224.27,120,48975.58,275.3,9,3547,1295,Mobile,Home,Contactless,Online Services,Yes,Yes,96,23,1
806,1050,63,70159.35,16,303.72,12,79201.06,177.47,6,241,937,POS,Home,Contactless,Online Services,No,Yes,59,18,1
807,173,39,233533.73,22,390.44,83,81627.28,436.81,9,3559,2157,POS,Home,Credit Card,Food,No,Yes,99,62,1
808,326,20,182610.62,17,573.78,113,23438.24,709.32,5,1703,2152,Laptop,Public,Credit Card,Travel,No,Yes,15,27,1
809,1142,36,291274.32,21,459.02,15,5318.08,372.76,6,1020,313,POS,Home,Contactless,Online Services,No,Yes,29,44,1
810,836,61,112144.34,23,243.45,113,70471.77,306.55,5,3383,756,POS,Public,Credit Card,Online Services,No,Yes,11,46,1
811,724,51,204470.04,20,449.09,141,97787.4,265.2,9,3671,1811,Mobile,Home,Digital Wallet,Travel,No,Yes,29,61,1
812,225,52,19154.36,18,569.84,124,44942.47,565.18,0,814,366,Mobile,Home,Credit Card,Entertainment,No,Yes,86,12,1
813,532,67,118934.58,7,299.88,141,26331.47,51.92,2,3666,2024,Laptop,Public,Online Banking,Travel,No,No,90,99,1
814,113,18,289148.92,23,246.59,115,16088.85,691.04,9,2283,2017,Laptop,Online,Credit Card,Shopping,No,No,82,16,1
815,140,69,161740.36,19,47.27,147,29100.84,300.96,1,34,615,Mobile,Work,Digital Wallet,Online Services,No,Yes,89,21,1
816,559,38,86435.06,7,535.48,32,33128.0,225.93,0,3936,1944,Mobile,Online,Credit Card,Shopping,No,Yes,85,91,1
817,1,46,36169.26,20,148.24,99,42675.54,701.33,0,1672,596,Laptop,Work,Credit Card,Food,No,Yes,88,100,0
818,90,23,211088.15,10,38.84,87,65713.01,673.84,3,1296,2160,POS,Online,Credit Card,Food,No,Yes,56,64,1
819,654,54,193492.33,20,322.55,149,27679.72,462.23,0,177,1729,Mobile,Online,Credit Card,Shopping,No,Yes,92,13,1
820,320,18,112244.22,2,507.62,112,5572.19,13.42,1,3792,2395,POS,Home,Contactless,Food,No,No,53,50,1
821,139,68,285287.31,22,244.28,142,37641.22,538.97,0,1739,904,POS,Public,Contactless,Shopping,No,Yes,3,8,1
822,845,18,6758.62,13,469.95,24,85635.15,241.67,5,3052,1681,POS,Online,Online Banking,Entertainment,No,No,13,56,1
823,259,44,91186.78,8,501.92,49,50085.98,279.62,3,1376,1350,Mobile,Home,Digital Wallet,Food,No,Yes,38,56,1
824,902,38,276328.74,0,272.91,32,96495.98,114.38,7,2464,1820,Mobile,Work,Credit Card,Electronics,Yes,Yes,70,8,1
825,690,70,96348.54,0,354.78,75,50610.34,376.94,4,3494,1395,Laptop,Public,Credit Card,Grocery,No,Yes,11,80,1
826,10,33,75750.62,11,320.58,109,27951.93,536.1,9,1704,984,POS,Work,Credit Card,Travel,No,Yes,23,87,1
827,261,61,160312.7,10,563.55,11,19734.74,196.64,4,3788,1918,POS,Online,Online Banking,Shopping,Yes,No,73,45,1
828,172,57,247158.14,20,435.44,68,69605.19,675.89,7,3866,1477,Tablet,Public,Credit Card,Grocery,No,Yes,56,98,1
829,898,43,31033.71,0,555.24,90,53869.94,140.29,9,1998,2096,Mobile,Online,Contactless,Travel,No,Yes,17,24,1
830,13,33,282911.91,19,132.4,110,60597.89,47.8,5,3351,1876,POS,Online,Online Banking,Travel,No,Yes,9,21,1
831,1192,45,238542.36,11,186.49,133,75635.12,463.98,5,457,2081,POS,Home,Contactless,Food,Yes,Yes,83,13,1
832,321,18,54456.95,16,43.01,32,72727.39,611.52,2,398,2267,POS,Online,Digital Wallet,Travel,Yes,No,99,50,1
833,329,53,213631.19,14,300.19,71,4814.65,686.26,5,3078,1334,Tablet,Work,Digital Wallet,Electronics,No,No,96,51,1
834,785,27,115549.12,1,524.42,74,80355.9,552.39,9,677,92,Laptop,Public,Credit Card,Food,No,No,92,4,1
835,777,60,120748.17,17,196.44,138,53503.98,143.83,6,1500,1043,Tablet,Home,Digital Wallet,Grocery,No,No,28,93,1
836,911,34,235008.7,15,77.41,99,39475.0,703.92,1,3123,2067,POS,Work,Contactless,Shopping,No,Yes,79,60,1
837,1119,40,288839.16,3,41.53,21,53983.18,662.0,2,2627,2019,Tablet,Home,Credit Card,Travel,No,Yes,19,68,1
838,318,24,38084.1,7,268.78,40,61438.92,117.56,5,568,1932,Mobile,Work,Credit Card,Online Services,Yes,Yes,97,21,1
839,236,61,126247.01,1,98.83,42,15375.88,402.37,9,3383,1834,Tablet,Home,Credit Card,Travel,No,Yes,87,34,1
840,334,70,144334.39,13,207.99,72,42032.83,400.02,8,1332,1907,POS,Unknown,Contactless,Entertainment,No,No,92,73,1
841,376,24,112955.91,14,492.08,46,33890.83,318.68,8,1173,1825,Tablet,Public,Credit Card,Online Services,No,Yes,4,25,1
842,1161,61,109020.42,8,230.74,82,35365.69,708.68,7,3354,1055,Laptop,Online,Online Banking,Grocery,No,Yes,47,85,1
843,588,32,15775.37,1,366.12,73,9587.83,43.02,7,1924,2144,POS,Home,Credit Card,Shopping,No,No,47,4,1
844,513,51,205693.03,16,301.54,118,16404.43,451.63,8,2554,907,POS,Work,Contactless,Entertainment,No,Yes,31,64,1
845,918,63,130920.7,9,431.26,41,16602.29,147.9,8,1118,161,Mobile,Public,Digital Wallet,Shopping,No,Yes,99,80,1
846,873,62,58518.66,8,94.12,94,37635.86,379.73,9,1639,1101,POS,Home,Credit Card,Travel,No,Yes,5,25,1
847,270,21,244828.45,1,552.3,132,89501.91,561.44,8,1356,1022,Laptop,Online,Online Banking,Online Services,No,No,33,40,1
848,798,31,240787.97,23,386.36,99,20999.72,177.72,4,3418,1706,POS,Work,Online Banking,Travel,No,Yes,48,7,1
849,725,31,145968.85,18,162.94,142,41911.15,283.28,5,203,1100,POS,Public,Digital Wallet,Electronics,No,No,32,45,1
850,1189,33,89605.35,16,74.39,142,31505.14,684.56,4,1953,1789,Laptop,Work,Online Banking,Food,No,Yes,79,5,1
851,5,24,191464.01,10,90.26,53,78844.64,548.29,0,3516,2361,POS,Home,Credit Card,Electronics,No,Yes,59,40,1
852,851,49,86516.83,16,469.71,128,5487.58,412.4,3,1313,1464,Mobile,Online,Contactless,Shopping,No,Yes,98,21,1
853,78,36,70878.78,9,353.07,29,20056.07,159.92,0,3386,1275,POS,Work,Credit Card,Shopping,No,Yes,64,34,1
854,574,19,219181.34,17,228.76,23,21458.83,306.28,0,2150,1429,Mobile,Online,Credit Card,Shopping,Yes,No,47,48,1
855,132,27,12193.54,22,200.07,85,99299.8,557.35,2,1132,1062,Mobile,Home,Credit Card,Grocery,No,Yes,9,22,1
856,601,67,28521.06,5,513.53,96,57292.11,590.81,6,1097,931,POS,Online,Credit Card,Online Services,No,No,35,91,1
857,1066,34,2135.77,15,524.92,71,14326.35,176.19,0,774,1524,POS,Work,Digital Wallet,Shopping,Yes,Yes,47,61,1
858,89,54,45967.66,17,348.97,8,27583.81,476.72,6,3104,371,Laptop,Online,Digital Wallet,Food,No,Yes,88,74,1
859,402,29,20790.1,19,314.96,76,17198.3,68.49,9,2520,95,Mobile,Public,Digital Wallet,Travel,No,Yes,82,79,1
860,296,23,298741.13,17,489.96,100,12898.15,16.81,9,2156,636,Laptop,Public,Credit Card,Electronics,No,Yes,17,3,1
861,616,39,86714.11,0,449.73,16,79819.61,395.09,0,3478,1449,POS,Unknown,Credit Card,Online Services,No,No,1,77,1
862,800,49,44865.48,2,240.49,93,49827.39,161.63,8,3794,1411,Mobile,Unknown,Online Banking,Travel,No,Yes,55,90,1
863,422,58,72374.78,14,50.1,6,63305.41,56.91,4,2216,387,Mobile,Online,Online Banking,Online Services,No,Yes,11,56,1
864,1047,37,280844.06,19,461.22,37,33459.5,525.5,5,1955,1445,POS,Home,Credit Card,Grocery,No,Yes,33,65,1
865,575,18,156096.05,9,101.64,95,55592.66,358.59,8,2892,405,POS,Online,Digital Wallet,Entertainment,No,Yes,70,73,1
866,143,64,109508.95,20,10.32,61,26128.12,573.34,2,3108,1239,Mobile,Home,Credit Card,Electronics,No,Yes,56,39,1
867,993,70,262030.1,4,506.06,18,31149.61,478.07,2,912,1358,POS,Home,Online Banking,Grocery,No,Yes,64,26,1
868,665,23,118557.58,14,347.16,111,65397.68,525.49,4,1931,2141,Tablet,Online,Contactless,Shopping,No,Yes,93,18,1
869,145,36,100569.07,22,535.05,95,15459.84,221.37,6,1889,207,Mobile,Online,Credit Card,Shopping,Yes,Yes,58,72,1
870,1007,35,62264.03,13,291.01,16,61913.57,189.63,2,2802,264,POS,Work,Online Banking,Entertainment,No,Yes,20,15,1
871,503,23,113401.27,14,555.93,104,85297.36,432.67,3,2590,791,POS,Unknown,Credit Card,Electronics,No,Yes,18,46,1
872,821,62,95073.64,9,212.71,14,12482.11,144.14,1,725,2117,Mobile,Public,Credit Card,Food,No,Yes,78,22,1
873,104,50,203223.46,23,434.85,103,89797.4,587.12,8,3864,1340,Laptop,Online,Digital Wallet,Food,No,Yes,45,38,1
874,1063,40,86945.85,8,180.94,68,8404.85,376.55,9,2804,1312,POS,Online,Digital Wallet,Shopping,No,Yes,43,46,1
875,198,40,173202.2,11,1.2,30,35216.47,163.51,8,106,1293,Mobile,Work,Online Banking,Shopping,Yes,Yes,20,4,1
876,579,43,19861.06,6,228.16,60,61245.68,450.16,1,3144,1637,Laptop,Public,Online Banking,Shopping,No,Yes,57,21,1
877,391,30,57467.62,4,442.79,53,56161.77,680.43,4,1977,380,Mobile,Work,Contactless,Grocery,No,No,82,80,1
878,554,24,122280.84,23,90.44,64,10090.91,59.2,0,3258,570,Mobile,Public,Digital Wallet,Online Services,No,Yes,27,46,1
879,1039,32,281091.08,9,303.13,14,79991.86,78.82,7,2607,1652,Mobile,Public,Digital Wallet,Entertainment,No,Yes,18,89,1
880,478,61,113237.87,7,127.79,23,97328.75,607.58,5,1908,59,Laptop,Online,Digital Wallet,Online Services,No,No,17,23,1
881,923,44,199255.83,21,45.24,122,18532.21,79.0,9,1273,338,Mobile,Unknown,Credit Card,Entertainment,No,Yes,60,17,1
882,420,43,76600.66,19,370.66,7,89565.53,28.45,9,1638,1539,Laptop,Online,Digital Wallet,Travel,No,Yes,89,96,1
883,157,50,38197.37,15,571.2,10,55902.54,250.58,1,1042,2123,Mobile,Public,Online Banking,Entertainment,No,No,5,66,1
884,550,32,17655.13,11,186.77,102,93625.41,336.08,1,219,166,POS,Online,Credit Card,Electronics,No,Yes,6,1,1
885,1121,53,91693.51,8,348.6,13,18020.55,410.04,9,904,804,POS,Work,Contactless,Entertainment,No,Yes,100,73,1
886,1021,62,47382.54,9,572.19,127,79306.13,365.31,4,291,1628,Mobile,Home,Online Banking,Electronics,No,Yes,97,90,1
887,997,44,52285.73,15,390.46,48,6448.27,657.5,6,2221,1484,POS,Online,Online Banking,Food,No,Yes,15,49,1
888,951,22,228251.72,9,404.03,5,88378.05,553.46,8,3586,876,POS,Unknown,Contactless,Online Services,Yes,Yes,39,35,1
889,289,19,4849.84,8,107.77,61,67578.86,708.35,8,2718,236,Tablet,Public,Digital Wallet,Travel,No,Yes,80,60,1
890,196,50,167387.26,2,295.82,122,37340.35,343.1,5,2355,2034,Laptop,Unknown,Credit Card,Entertainment,No,Yes,39,6,1
891,598,33,113900.47,18,220.57,90,19451.45,60.81,1,2891,1259,Mobile,Home,Online Banking,Food,No,Yes,88,41,1
892,517,40,152014.34,10,282.84,103,81745.04,687.99,5,1755,2408,POS,Work,Contactless,Electronics,No,No,21,73,1
893,865,55,168892.79,5,480.6,90,60522.51,3.06,0,3764,625,Mobile,Online,Credit Card,Travel,Yes,Yes,13,84,1
894,1142,33,94078.97,5,276.69,3,36361.38,558.81,1,2384,1157,POS,Online,Credit Card,Food,Yes,No,29,49,1
895,806,31,88603.15,14,38.18,24,44661.66,22.62,2,3997,2436,Laptop,Work,Credit Card,Electronics,No,Yes,98,26,0
896,1183,46,220047.21,14,543.37,117,82740.99,548.1,4,2684,881,POS,Online,Credit Card,Travel,No,Yes,5,34,1
897,815,43,261395.97,12,327.12,98,34223.26,675.32,9,2627,584,Laptop,Online,Contactless,Shopping,No,Yes,67,74,1
898,228,52,57855.23,21,554.73,84,9418.45,280.33,0,3257,1232,Laptop,Online,Credit Card,Entertainment,No,Yes,21,94,1
899,216,32,29375.87,4,343.63,119,91172.58,173.57,9,329,2435,POS,Online,Online Banking,Shopping,No,No,9,4,1
900,948,20,269348.96,13,42.25,42,39040.7,163.0,4,2424,1317,Mobile,Online,Contactless,Shopping,No,Yes,67,98,1
901,15,40,105033.65,20,331.95,148,35164.56,354.09,4,1476,784,Mobile,Home,Online Banking,Shopping,No,No,44,9,1
902,1181,46,165440.09,1,345.66,41,20837.76,123.12,3,455,578,Mobile,Public,Credit Card,Food,No,No,62,69,1
903,1181,51,107926.99,22,129.0,82,89793.55,484.54,2,71,1406,Mobile,Home,Online Banking,Shopping,No,Yes,94,9,1
904,47,50,37828.12,11,282.88,102,22141.78,265.28,6,2393,1417,Mobile,Online,Contactless,Online Services,No,No,67,25,1
905,324,58,176840.56,19,275.94,148,63848.95,232.71,6,667,1303,Tablet,Home,Credit Card,Online Services,No,Yes,62,40,1
906,844,58,157589.74,13,373.91,6,88136.12,332.18,0,1878,1173,POS,Online,Credit Card,Grocery,No,Yes,62,67,1
907,130,40,60977.77,18,156.14,122,3973.9,390.71,6,2154,836,POS,Public,Contactless,Shopping,No,Yes,60,25,1
908,95,24,135615.53,23,349.26,25,82964.77,102.28,2,125,1957,Laptop,Home,Digital Wallet,Food,No,No,49,51,1
909,627,20,239104.56,19,144.95,41,41354.64,509.62,2,3364,1263,Mobile,Public,Digital Wallet,Entertainment,Yes,Yes,39,18,1
910,755,49,177168.79,14,268.14,3,65968.47,635.73,5,2896,2129,POS,Home,Contactless,Online Services,No,Yes,41,59,1
911,794,48,29165.51,19,74.06,108,37554.25,200.22,5,766,1775,POS,Home,Online Banking,Grocery,No,Yes,50,75,1
912,69,35,164451.65,23,22.86,57,69703.87,129.96,3,1676,342,Tablet,Public,Credit Card,Travel,No,No,98,87,1
913,11,60,210851.22,16,192.69,83,25802.34,547.59,4,2827,1332,Mobile,Online,Digital Wallet,Travel,No,No,17,59,1
914,872,24,237831.75,13,165.11,74,2682.09,132.23,2,234,417,POS,Home,Credit Card,Entertainment,No,Yes,53,34,1
915,550,58,188772.36,22,244.46,133,94804.86,29.8,2,1341,1255,Mobile,Public,Credit Card,Food,No,Yes,55,53,1
916,1158,18,45882.18,17,577.21,86,2128.59,445.89,8,3364,2216,Mobile,Online,Digital Wallet,Shopping,No,Yes,78,98,1
917,712,31,213080.96,21,313.58,97,82497.88,172.7,4,3689,1905,POS,Home,Credit Card,Travel,No,Yes,75,47,1
918,23,69,203234.82,23,332.13,15,17329.19,123.79,0,3013,2096,Tablet,Public,Contactless,Entertainment,Yes,No,56,24,1
919,815,49,7425.62,4,564.99,88,39525.91,706.76,8,684,2398,Mobile,Online,Credit Card,Entertainment,No,No,1,61,1
920,346,23,123583.13,21,552.73,94,82337.99,210.21,9,2392,124,POS,Work,Digital Wallet,Shopping,No,Yes,65,57,1
921,302,56,99951.78,11,530.53,126,20990.25,650.49,5,1422,159,POS,Unknown,Online Banking,Entertainment,No,Yes,64,66,1
922,363,27,200856.68,9,59.25,100,86637.91,128.4,8,3698,1983,POS,Online,Online Banking,Food,No,Yes,52,77,1
923,396,24,64919.13,7,380.76,39,50027.01,589.68,6,1305,2337,Mobile,Online,Digital Wallet,Food,No,No,15,20,1
924,218,43,177302.49,5,484.96,79,36932.27,361.5,9,1386,1016,Mobile,Public,Digital Wallet,Grocery,No,No,2,71,1
925,141,51,273970.47,14,501.43,39,66412.56,56.68,9,773,846,Laptop,Public,Contactless,Travel,No,Yes,12,73,1
926,958,47,239360.93,11,346.96,52,34468.28,528.22,6,3527,2231,POS,Home,Credit Card,Electronics,Yes,Yes,45,34,1
927,985,53,276445.18,5,10.99,131,35055.19,642.3,4,2372,2199,Mobile,Public,Online Banking,Entertainment,No,Yes,57,54,1
928,993,38,293553.94,11,584.24,126,73485.88,117.46,6,2908,1809,Laptop,Work,Contactless,Food,No,Yes,42,65,1
929,828,34,3299.97,14,283.58,66,31328.31,522.45,9,2719,786,Mobile,Work,Credit Card,Shopping,No,Yes,2,72,1
930,683,50,186860.11,11,236.46,45,20476.88,320.49,3,314,1197,Mobile,Public,Contactless,Shopping,No,Yes,87,51,1
931,1004,27,123910.54,8,237.27,22,80860.79,542.81,5,1370,1264,POS,Unknown,Online Banking,Electronics,No,No,62,41,1
932,356,68,257970.36,18,254.78,83,80634.42,514.06,1,541,2477,Mobile,Work,Digital Wallet,Electronics,Yes,Yes,34,1,1
933,1008,64,75619.23,20,145.69,138,50009.78,19.25,9,3085,435,POS,Online,Credit Card,Electronics,No,Yes,17,25,1
934,1157,59,294310.74,1,196.74,149,52902.23,128.76,2,58,1882,Mobile,Online,Contactless,Online Services,No,No,41,93,1
935,888,68,184151.02,12,591.22,17,69759.62,339.19,1,3841,2441,Mobile,Home,Credit Card,Shopping,Yes,Yes,78,52,1
936,127,29,238081.87,12,221.22,67,51172.79,672.19,9,3395,2019,POS,Public,Digital Wallet,Entertainment,Yes,Yes,75,81,1
937,1130,33,25771.31,7,316.27,7,41995.48,246.36,1,3108,192,POS,Unknown,Online Banking,Food,No,No,84,71,1
938,1009,58,55119.02,12,509.05,101,99491.97,452.83,6,571,580,POS,Unknown,Online Banking,Shopping,No,Yes,71,99,1
939,604,49,227545.26,3,316.69,36,15190.22,8.8,4,2292,160,POS,Online,Credit Card,Food,No,No,65,16,1
940,1014,32,6693.76,5,195.01,67,59476.43,512.04,5,656,2347,Mobile,Home,Credit Card,Electronics,No,Yes,15,21,1
941,51,44,245081.71,5,314.49,77,88643.37,434.25,2,2041,1734,Tablet,Public,Online Banking,Grocery,No,Yes,38,2,1
942,1053,45,4283.31,20,68.89,87,68877.9,515.11,9,244,816,Mobile,Work,Digital Wallet,Travel,No,No,98,90,1
943,779,34,197169.94,11,78.44,72,88151.87,651.37,4,1217,2442,POS,Home,Credit Card,Entertainment,No,Yes,73,69,1
944,814,63,109591.67,11,416.62,59,33965.3,105.56,4,3271,1963,Tablet,Public,Credit Card,Grocery,No,Yes,65,5,1
945,420,67,183487.31,16,550.52,20,27563.3,188.42,3,2298,1376,Mobile,Public,Digital Wallet,Electronics,No,Yes,9,73,1
946,983,19,208839.82,6,435.54,129,85201.6,716.96,9,1053,2285,POS,Online,Digital Wallet,Electronics,No,Yes,42,53,1
947,825,53,102808.32,14,45.23,109,39714.4,112.61,3,3361,2425,Tablet,Home,Contactless,Food,No,Yes,66,18,1
948,1025,67,32477.94,23,242.04,14,71113.39,518.88,7,1777,74,Laptop,Home,Credit Card,Shopping,No,Yes,86,19,1
949,567,24,20986.8,16,2.03,24,15200.98,522.08,5,2338,376,Mobile,Online,Contactless,Travel,No,Yes,89,63,1
950,371,30,176721.91,9,306.97,110,75705.89,491.79,1,1867,743,POS,Online,Contactless,Entertainment,No,Yes,51,6,1
951,936,32,156244.54,22,116.33,134,55123.77,163.83,1,3944,676,POS,Online,Digital Wallet,Online Services,No,No,78,63,1
952,661,42,222686.08,19,520.95,38,27226.86,154.98,1,3743,2446,Tablet,Unknown,Credit Card,Travel,No,No,99,27,1
953,969,40,152969.68,5,63.05,129,49703.14,479.8,5,1053,387,Laptop,Online,Contactless,Electronics,No,Yes,80,54,1
954,1161,39,126791.49,8,1.36,41,69845.89,134.18,0,1670,934,Laptop,Online,Credit Card,Travel,No,No,19,31,1
955,202,43,119486.34,14,270.96,31,1682.7,476.36,2,595,89,Mobile,Unknown,Digital Wallet,Entertainment,No,Yes,31,64,1
956,313,50,8031.43,15,93.68,36,63927.97,354.67,0,3721,2375,Tablet,Online,Digital Wallet,Electronics,No,No,66,21,1
957,117,28,100733.6,20,442.92,105,54388.28,278.43,3,3573,2136,Mobile,Public,Online Banking,Entertainment,No,No,32,14,1
958,937,27,292808.45,7,552.0,109,22418.47,216.24,0,3928,260,POS,Public,Digital Wallet,Online Services,No,Yes,100,80,1
959,575,42,262079.32,15,25.64,31,75421.62,682.26,8,830,477,Mobile,Home,Digital Wallet,Travel,No,Yes,75,2,1
960,244,54,98880.48,4,237.65,113,30694.37,365.88,5,1308,2445,POS,Public,Contactless,Grocery,No,No,8,18,1
961,537,65,176379.84,17,598.09,131,28047.66,404.15,7,1331,583,Mobile,Home,Contactless,Online Services,Yes,No,69,18,1
962,75,60,254204.29,19,439.74,61,47386.23,683.47,1,3660,1082,Mobile,Public,Digital Wallet,Electronics,No,Yes,98,35,1
963,386,70,132438.17,13,571.94,6,67776.89,470.83,5,675,2354,Tablet,Online,Digital Wallet,Electronics,No,Yes,32,78,1
964,475,55,5485.56,1,98.87,20,92920.17,689.66,3,3125,1432,POS,Online,Online Banking,Grocery,No,Yes,47,82,1
965,418,58,22445.69,22,133.21,111,14565.05,76.67,6,1018,860,POS,Work,Online Banking,Entertainment,No,No,70,83,1
966,347,62,153166.78,22,93.31,61,39948.58,609.6,7,3534,67,Mobile,Home,Credit Card,Shopping,No,Yes,8,25,1
967,640,41,290834.87,2,181.77,141,7165.46,241.56,5,1021,1260,Mobile,Home,Digital Wallet,Electronics,No,Yes,34,99,1
968,939,57,207993.54,13,434.77,23,75975.8,583.57,0,658,1759,POS,Public,Credit Card,Entertainment,No,Yes,4,7,1
969,955,63,21367.77,6,99.39,79,45049.42,616.07,7,1804,318,POS,Work,Digital Wallet,Entertainment,Yes,No,36,3,1
970,876,50,56889.33,14,314.78,31,70839.45,195.54,0,2555,1546,POS,Online,Online Banking,Entertainment,No,Yes,44,57,1
971,763,34,231419.81,16,161.89,4,32558.35,294.42,8,1547,1278,Mobile,Public,Credit Card,Shopping,No,No,25,76,1
972,664,41,252447.78,0,497.6,118,84509.57,522.76,1,2459,2105,POS,Work,Credit Card,Grocery,No,Yes,26,54,1
973,25,54,185346.61,8,4.45,66,53715.39,71.41,9,848,731,Laptop,Unknown,Digital Wallet,Grocery,No,Yes,33,16,1
974,710,19,193362.51,21,134.26,144,94388.98,544.01,5,2451,2411,Laptop,Online,Online Banking,Food,No,Yes,9,20,1
975,1185,49,8598.4,13,363.34,115,8342.06,79.63,7,2630,1426,Mobile,Home,Online Banking,Grocery,Yes,Yes,47,5,1
976,177,41,248576.22,15,58.48,31,51670.54,658.42,4,2839,1880,Mobile,Public,Credit Card,Online Services,No,No,72,61,1
977,285,26,236503.73,20,280.05,123,76762.3,199.04,1,1376,233,Laptop,Online,Credit Card,Electronics,No,No,17,31,1
978,63,21,77784.64,12,262.01,43,60215.19,414.47,4,3190,2456,Mobile,Home,Online Banking,Travel,No,Yes,15,24,1
979,1003,34,212632.15,5,511.59,4,2807.82,84.44,0,2169,1168,Laptop,Online,Digital Wallet,Entertainment,No,No,42,63,1
980,662,34,64534.9,21,375.43,48,97247.7,194.11,7,406,1073,POS,Public,Digital Wallet,Travel,No,Yes,54,45,1
981,666,70,12195.02,0,384.0,144,30177.24,290.91,7,1134,1037,POS,Home,Digital Wallet,Entertainment,No,No,13,44,1
982,156,67,60420.85,20,571.11,89,25303.15,350.73,1,1695,1650,Mobile,Work,Digital Wallet,Entertainment,No,Yes,50,88,1
983,1073,65,53670.8,3,589.43,126,48823.16,0.15,5,2680,2473,Mobile,Unknown,Digital Wallet,Grocery,No,No,44,80,1
984,967,47,101390.62,2,392.21,77,54444.73,639.84,7,2177,382,Laptop,Public,Contactless,Electronics,No,Yes,3,39,1
985,849,57,125593.0,16,313.44,65,76745.67,5.63,9,1643,1167,Mobile,Unknown,Contactless,Shopping,No,Yes,53,28,1
986,1108,28,152610.81,1,364.95,69,39630.73,557.08,7,1608,575,Mobile,Work,Credit Card,Shopping,No,Yes,56,5,1
987,689,38,143078.49,18,229.78,14,44276.06,338.87,6,1176,311,Laptop,Online,Digital Wallet,Travel,No,No,54,77,1
988,148,38,81275.31,19,592.48,75,53728.51,377.24,2,2877,702,Tablet,Online,Digital Wallet,Food,No,No,57,15,1
989,342,35,8848.28,22,423.16,29,39741.52,150.03,3,3497,789,POS,Home,Credit Card,Shopping,No,Yes,12,49,1
990,476,46,181569.98,21,174.96,79,91497.53,437.34,0,52,1374,POS,Online,Digital Wallet,Shopping,No,No,93,4,1
991,1087,41,118783.87,7,35.13,94,85199.57,386.85,8,2733,2443,POS,Online,Digital Wallet,Grocery,No,No,59,14,1
992,561,27,89671.78,14,27.31,66,45769.88,118.33,9,799,549,Mobile,Unknown,Online Banking,Food,No,Yes,65,91,1
993,327,62,260095.62,5,123.35,115,519.39,171.52,9,2596,139,POS,Home,Credit Card,Shopping,No,No,96,10,1
994,1165,34,224048.32,22,140.13,40,90142.98,48.26,1,3378,982,Laptop,Work,Credit Card,Electronics,No,Yes,37,87,1
995,990,35,257343.89,19,249.32,143,12871.49,47.82,9,3799,709,Laptop,Online,Credit Card,Electronics,Yes,No,20,92,1
996,215,59,148545.34,1,129.3,32,24828.99,10.02,6,3196,1631,POS,Online,Online Banking,Online Services,No,Yes,72,44,1
997,435,65,39366.28,14,378.73,20,15659.95,158.82,7,948,988,POS,Online,Contactless,Travel,No,Yes,37,77,1
998,952,37,208896.81,19,127.15,53,18391.65,489.39,3,3483,2401,POS,Work,Digital Wallet,Grocery,No,No,31,36,1
999,723,54,61901.53,11,113.13,49,80386.32,227.74,9,2009,2005,Mobile,Home,Digital Wallet,Online Services,No,Yes,95,59,1
1000,32,62,132424.78,2,283.01,89,58160.39,246.83,0,406,2089,POS,Online,Credit Card,Travel,No,Yes,25,32,1
1001,670,35,19593.74,9,533.26,82,95631.47,95.06,4,3126,1852,POS,Public,Digital Wallet,Travel,No,Yes,50,65,1
1002,285,34,247609.99,13,281.25,1,23529.62,414.38,9,2368,2054,Mobile,Unknown,Digital Wallet,Grocery,No,Yes,49,64,1
1003,429,26,37869.6,21,248.6,61,48820.67,246.41,9,1280,1214,Mobile,Online,Credit Card,Electronics,No,Yes,8,4,1
1004,286,31,270938.94,13,347.07,130,97754.12,486.98,5,1226,2341,Mobile,Public,Online Banking,Travel,No,Yes,94,1,1
1005,1168,66,259282.76,2,154.7,94,82731.13,533.88,6,1700,409,Mobile,Work,Credit Card,Travel,No,Yes,94,82,1
1006,1043,46,139428.37,0,212.39,17,72997.26,421.02,0,3554,2157,POS,Online,Online Banking,Electronics,No,Yes,91,77,0
1007,18,48,223336.02,19,128.69,117,19303.03,198.84,3,3389,1324,Mobile,Home,Digital Wallet,Online Services,No,No,35,89,1
1008,769,21,185871.58,0,343.3,106,77055.84,366.25,4,3922,645,POS,Public,Contactless,Grocery,Yes,No,13,21,1
1009,590,35,240942.39,1,418.58,132,35082.73,181.46,4,3170,465,POS,Online,Credit Card,Food,No,Yes,21,79,1
1010,1199,37,129598.35,18,404.38,85,53288.42,650.11,6,3382,951,Mobile,Work,Credit Card,Travel,Yes,No,73,41,1
1011,1010,64,235763.96,23,153.26,43,61111.54,551.82,3,2940,1577,Laptop,Home,Contactless,Shopping,No,Yes,24,41,1
1012,194,60,138790.8,9,467.9,76,61131.69,355.01,9,2419,824,Mobile,Work,Credit Card,Electronics,No,Yes,48,10,1
1013,502,61,282295.64,3,153.94,140,72789.09,695.13,6,899,1164,Mobile,Home,Digital Wallet,Food,No,Yes,33,99,1
1014,988,26,145962.99,3,90.61,50,66339.36,393.71,7,1386,481,Mobile,Work,Credit Card,Shopping,Yes,Yes,1,4,1
1015,1137,30,138839.52,12,210.21,61,7302.9,236.61,1,1796,289,Laptop,Public,Digital Wallet,Shopping,No,Yes,72,69,1
1016,114,32,235543.05,8,358.85,104,46006.03,68.83,0,1439,1237,POS,Home,Digital Wallet,Entertainment,No,No,3,44,1
1017,947,44,246491.15,6,85.63,51,66570.15,391.54,9,1395,2252,POS,Online,Online Banking,Food,No,No,14,59,1
1018,831,32,166391.29,15,389.03,77,29951.3,619.51,9,2394,741,POS,Home,Credit Card,Entertainment,Yes,No,14,38,1
1019,925,45,54021.36,17,517.91,98,31649.14,624.05,0,1360,1753,Tablet,Unknown,Online Banking,Online Services,Yes,Yes,49,24,1
1020,55,54,140380.69,2,176.24,83,12894.47,435.33,0,3871,2008,POS,Online,Digital Wallet,Electronics,No,No,33,24,1
1021,800,36,290424.94,19,270.4,78,42152.19,283.34,8,3274,1439,Laptop,Home,Digital Wallet,Online Services,Yes,Yes,4,19,1
1022,778,43,225920.56,19,137.37,5,98689.63,468.25,3,573,2263,Mobile,Public,Digital Wallet,Food,Yes,No,38,84,1
1023,162,69,243367.66,9,217.08,138,28889.28,548.76,8,3301,1954,POS,Unknown,Contactless,Entertainment,No,No,25,92,1
1024,87,43,9944.37,23,13.67,88,53377.97,296.43,6,3693,196,POS,Public,Online Banking,Online Services,No,Yes,47,43,1
1025,55,42,140411.05,21,572.28,17,74452.11,342.96,6,1918,2220,Mobile,Home,Credit Card,Online Services,No,Yes,13,75,1
1026,1032,43,194021.68,15,249.83,65,1842.98,490.08,1,2152,522,Mobile,Online,Online Banking,Electronics,No,Yes,39,87,1
1027,833,43,249026.8,2,473.43,124,90093.74,631.2,1,1981,2149,Mobile,Public,Digital Wallet,Travel,No,Yes,25,79,1
1028,313,63,14877.17,10,86.01,21,38961.74,569.55,4,805,2224,Mobile,Unknown,Contactless,Shopping,No,No,73,85,1
1029,759,45,255746.42,9,487.51,111,86977.04,16.22,9,1650,1391,Mobile,Unknown,Credit Card,Electronics,No,No,43,100,1
1030,443,66,164565.44,15,516.16,107,4375.29,89.64,0,246,1138,Laptop,Online,Credit Card,Online Services,No,Yes,38,13,1
1031,328,35,59274.46,7,429.43,22,14993.52,614.02,6,2710,1870,POS,Online,Digital Wallet,Food,Yes,Yes,35,32,1
1032,1078,49,95244.84,8,541.97,69,32591.68,600.37,6,561,920,POS,Unknown,Online Banking,Shopping,No,Yes,93,10,1
1033,761,70,84650.67,14,100.73,36,34873.45,280.0,7,478,1364,POS,Home,Credit Card,Shopping,No,Yes,55,59,1
1034,579,20,159304.62,20,286.15,149,84855.53,420.72,6,3762,1760,Mobile,Online,Credit Card,Electronics,No,Yes,50,46,1
1035,1075,19,15600.54,2,372.26,73,1614.51,652.22,7,3108,1749,Mobile,Unknown,Online Banking,Travel,No,No,78,32,1
1036,1007,50,47644.99,3,357.92,91,64290.62,656.33,2,918,1000,Mobile,Home,Credit Card,Electronics,No,No,34,49,1
1037,96,59,243826.64,12,516.69,126,13565.59,563.85,2,1943,96,POS,Work,Credit Card,Grocery,No,Yes,25,84,1
1038,1112,36,39867.94,11,129.81,146,82409.96,150.98,7,422,867,Mobile,Work,Online Banking,Entertainment,No,No,42,39,1
1039,1102,34,70095.54,20,105.8,99,77968.04,525.83,8,1651,956,Tablet,Public,Contactless,Entertainment,Yes,No,92,51,1
1040,1144,61,136065.84,8,152.4,15,50242.14,72.88,9,3487,370,Mobile,Unknown,Online Banking,Grocery,No,Yes,51,16,1
1041,814,50,155184.55,13,534.98,44,21662.38,643.65,3,3602,131,Mobile,Online,Digital Wallet,Entertainment,Yes,Yes,94,39,1
1042,491,29,229106.78,18,564.65,97,63632.29,107.47,7,1200,981,Mobile,Unknown,Credit Card,Grocery,No,No,37,60,1
1043,452,66,134254.99,6,341.99,36,16047.7,476.92,0,2393,1163,POS,Online,Online Banking,Food,No,Yes,66,5,1
1044,165,20,236980.4,15,301.07,30,19407.37,439.41,1,2531,936,Mobile,Public,Credit Card,Online Services,No,Yes,85,81,1
1045,182,60,185542.06,21,363.43,26,62855.65,559.39,9,3288,1485,Mobile,Home,Credit Card,Electronics,No,Yes,34,100,1
1046,469,66,34018.61,19,369.98,85,99127.23,397.18,9,1378,2419,Laptop,Online,Credit Card,Shopping,No,Yes,83,64,1
1047,910,43,46983.8,4,102.6,101,89160.55,42.98,9,2890,857,POS,Home,Online Banking,Food,Yes,No,38,48,1
1048,735,52,131166.41,9,412.0,121,59514.18,508.24,8,347,1232,Laptop,Home,Digital Wallet,Entertainment,No,Yes,31,26,1
1049,823,25,119127.13,17,271.68,31,54084.41,275.93,1,2471,2211,POS,Work,Contactless,Food,No,Yes,26,51,1
1050,944,69,223088.93,10,310.67,17,99839.3,230.67,1,408,1083,Laptop,Online,Credit Card,Shopping,No,No,76,68,1
1051,7,53,174263.07,6,18.67,98,54966.02,714.01,7,734,1025,Mobile,Unknown,Online Banking,Food,No,No,94,26,1
1052,330,70,116501.11,13,458.85,126,42301.59,425.13,4,2871,414,Laptop,Online,Digital Wallet,Travel,No,Yes,26,20,1
1053,775,24,51311.01,19,501.34,24,91000.78,511.75,4,1527,627,Laptop,Home,Credit Card,Entertainment,No,No,63,77,1
1054,151,63,68128.45,17,371.84,122,23801.34,379.0,5,3801,38,POS,Public,Digital Wallet,Online Services,No,No,48,71,1
1055,1109,63,172692.76,10,449.36,132,10203.84,554.4,7,1071,165,POS,Work,Online Banking,Online Services,No,Yes,95,24,1
1056,147,53,127089.3,21,313.86,137,63591.96,541.52,7,2904,1343,POS,Public,Digital Wallet,Electronics,No,Yes,79,67,1
1057,915,33,154526.76,11,371.2,130,10037.04,473.18,8,178,1005,Laptop,Public,Credit Card,Grocery,No,No,10,67,1
1058,700,41,51286.16,17,237.05,123,37628.28,718.38,9,587,1008,Mobile,Online,Contactless,Online Services,No,Yes,36,50,1
1059,82,18,198905.59,1,475.23,38,42645.95,331.11,2,3113,1701,POS,Home,Credit Card,Online Services,Yes,No,40,16,1
1060,514,66,255776.37,22,281.23,143,54980.04,508.49,8,2819,2120,Laptop,Online,Contactless,Entertainment,No,Yes,26,95,1
1061,815,42,77456.06,0,408.29,131,99170.12,574.42,2,2539,1877,POS,Unknown,Online Banking,Online Services,No,Yes,9,33,1
1062,709,27,147505.12,22,373.05,57,22487.68,270.81,0,3726,1818,POS,Work,Online Banking,Entertainment,No,Yes,53,78,1
1063,746,33,292660.65,9,421.54,42,37887.76,329.22,4,3261,1272,Tablet,Home,Credit Card,Electronics,No,No,81,50,1
1064,1023,33,100039.2,20,471.24,53,13657.89,697.8,6,3840,2037,Laptop,Unknown,Digital Wallet,Electronics,No,Yes,70,89,1
1065,707,25,178554.4,0,307.87,119,60957.55,23.35,2,3054,142,POS,Online,Digital Wallet,Shopping,No,Yes,86,2,1
1066,471,46,27149.69,5,487.93,121,72903.48,241.48,8,724,2089,Mobile,Home,Credit Card,Shopping,No,Yes,80,59,1
1067,1143,56,181843.9,6,298.61,56,48466.64,350.12,0,2644,1393,Laptop,Public,Credit Card,Online Services,No,No,86,41,1
1068,396,45,26980.57,16,574.0,87,24960.21,1.15,5,2343,2323,Mobile,Public,Credit Card,Travel,No,Yes,53,77,1
1069,261,23,287774.71,8,451.73,76,62278.38,647.38,5,576,1566,Mobile,Work,Credit Card,Food,No,No,39,63,1
1070,805,33,214727.23,6,103.1,85,54146.19,206.17,7,2157,2121,Tablet,Home,Credit Card,Food,No,No,61,82,1
1071,934,37,236469.12,16,497.84,85,17532.98,185.62,2,547,1372,Tablet,Online,Credit Card,Food,No,Yes,52,62,1
1072,905,33,211260.9,2,331.18,81,40865.35,590.65,4,1692,1542,POS,Work,Online Banking,Grocery,No,Yes,68,84,1
1073,1077,24,176959.74,15,590.68,8,43802.11,200.22,9,1121,1827,POS,Home,Online Banking,Entertainment,No,Yes,68,2,1
1074,940,58,135028.84,4,431.43,11,98270.47,473.52,4,2779,1379,Mobile,Public,Contactless,Entertainment,Yes,Yes,73,7,1
1075,854,31,257526.18,19,51.09,138,85003.94,591.5,7,273,1306,POS,Public,Credit Card,Electronics,No,No,78,77,1
1076,593,60,287055.02,17,237.28,115,73569.89,570.6,6,38,337,Laptop,Work,Online Banking,Grocery,No,Yes,42,8,1
1077,714,43,149760.95,0,310.61,81,88933.31,563.03,2,3258,1376,Tablet,Online,Digital Wallet,Travel,No,No,90,3,1
1078,1182,43,279467.36,3,503.49,87,73680.7,63.91,6,3684,1661,POS,Home,Digital Wallet,Online Services,No,No,67,14,1
1079,632,31,175041.54,22,437.74,42,90388.48,57.58,9,2541,896,Mobile,Work,Digital Wallet,Travel,No,Yes,96,87,1
1080,59,24,161561.42,10,221.93,37,5928.03,220.94,7,2723,2113,Tablet,Home,Online Banking,Food,Yes,Yes,75,72,1
1081,128,50,136399.37,19,392.23,92,45878.59,25.98,4,1353,1670,Laptop,Home,Credit Card,Electronics,No,No,51,33,1
1082,736,43,62865.4,8,346.36,85,74816.38,360.36,4,1373,740,POS,Online,Credit Card,Food,Yes,Yes,3,27,1
1083,721,62,1215.53,7,76.07,59,58537.93,284.3,0,2326,1344,POS,Unknown,Credit Card,Online Services,No,Yes,13,11,1
1084,1139,37,72527.72,7,141.3,37,17929.03,401.1,7,2400,1658,POS,Online,Credit Card,Entertainment,No,Yes,13,97,1
1085,526,20,152965.98,4,205.0,21,34378.96,215.2,5,2633,1542,Mobile,Online,Digital Wallet,Electronics,No,Yes,61,11,1
1086,521,69,114049.99,11,117.69,130,32118.55,349.79,5,1681,2313,POS,Work,Digital Wallet,Grocery,No,Yes,24,18,1
1087,552,21,134600.72,0,90.51,83,26504.02,241.08,4,3563,2438,Tablet,Online,Online Banking,Food,No,Yes,20,92,1
1088,237,43,294196.4,14,35.39,143,34641.99,140.63,4,3499,1309,Laptop,Work,Credit Card,Travel,No,No,74,90,1
1089,494,28,105146.68,17,523.92,1,51727.9,467.58,2,422,897,Laptop,Home,Online Banking,Online Services,No,Yes,87,94,1
1090,4,19,135709.66,5,173.72,107,85559.47,484.91,2,1281,1412,Mobile,Home,Credit Card,Shopping,No,Yes,97,74,1
1091,666,31,40141.31,9,174.55,28,74332.25,597.06,1,2996,2102,Mobile,Home,Credit Card,Grocery,No,Yes,55,42,0
1092,442,61,14482.52,13,124.13,50,83607.35,629.83,8,598,1013,Mobile,Work,Online Banking,Entertainment,No,Yes,35,3,1
1093,29,47,232645.31,20,285.5,35,88418.57,507.24,7,273,1054,Mobile,Home,Online Banking,Food,No,Yes,78,32,1
1094,1133,66,171247.88,7,308.79,137,41906.97,495.03,2,3158,2435,POS,Unknown,Digital Wallet,Electronics,No,Yes,80,36,1
1095,610,29,228235.37,2,125.36,132,34929.62,40.9,4,1196,147,POS,Public,Credit Card,Electronics,No,Yes,30,10,1
1096,805,43,45043.85,21,365.34,41,6233.53,79.13,9,2269,2190,POS,Home,Contactless,Food,No,Yes,83,85,1
1097,75,61,171591.45,21,433.94,67,93083.92,585.06,4,2596,1248,POS,Online,Contactless,Grocery,No,Yes,33,55,1
1098,838,50,76167.38,18,224.62,48,7049.39,167.8,7,3505,1073,Mobile,Online,Digital Wallet,Travel,No,Yes,41,71,1
1099,1170,30,68495.74,11,351.48,86,74242.98,256.07,5,3037,605,Laptop,Public,Contactless,Food,No,Yes,66,25,1
1100,128,31,3556.65,11,301.63,58,38121.78,104.7,6,3376,432,POS,Home,Credit Card,Entertainment,No,Yes,49,62,1
1101,42,41,39189.18,14,117.73,39,94903.69,140.59,4,3747,282,POS,Online,Digital Wallet,Electronics,No,Yes,8,34,1
1102,41,51,92849.51,6,438.14,25,42250.4,558.32,0,3140,1659,Mobile,Work,Contactless,Entertainment,No,Yes,84,25,1
1103,934,61,35151.94,3,480.97,60,81752.53,188.61,7,222,698,Laptop,Online,Digital Wallet,Grocery,No,No,3,73,1
1104,34,43,295758.95,20,389.45,117,28624.16,323.36,3,356,757,Mobile,Home,Digital Wallet,Grocery,No,Yes,85,8,1
1105,1041,38,92658.93,8,194.68,86,30259.33,109.29,4,2560,1487,Mobile,Home,Credit Card,Shopping,No,Yes,65,53,1
1106,1177,45,39184.15,21,556.11,114,59754.18,488.14,0,54,1175,Laptop,Home,Credit Card,Online Services,No,Yes,85,99,0
1107,998,65,59804.79,15,273.49,84,99799.27,524.38,2,131,1570,POS,Home,Credit Card,Travel,No,Yes,72,92,1
1108,588,53,176352.2,12,159.89,124,51998.46,260.48,1,692,1008,POS,Work,Digital Wallet,Food,No,Yes,2,10,1
1109,342,57,19306.65,3,245.24,111,93662.71,565.04,1,246,598,Laptop,Online,Credit Card,Online Services,No,Yes,87,78,1
1110,27,19,258744.0,23,415.4,42,78731.86,172.81,0,771,572,Laptop,Online,Credit Card,Food,No,Yes,41,93,1
1111,646,59,288453.75,8,507.64,52,79688.5,498.2,5,296,548,POS,Online,Digital Wallet,Travel,No,Yes,53,1,1
1112,731,26,74099.55,20,214.27,48,43878.02,525.6,7,191,2089,Mobile,Home,Online Banking,Electronics,No,Yes,75,58,1
1113,168,40,135083.57,17,139.96,32,38960.95,697.44,2,2364,39,Tablet,Home,Online Banking,Food,No,Yes,16,19,1
1114,610,32,6738.12,14,376.08,131,19596.22,167.35,0,707,186,Mobile,Unknown,Online Banking,Travel,Yes,No,9,78,1
1115,268,30,192249.0,14,552.77,118,96412.16,67.56,9,915,170,Laptop,Work,Digital Wallet,Food,No,Yes,96,20,1
1116,821,40,124236.42,5,110.38,23,95959.66,189.46,1,3983,166,Mobile,Public,Credit Card,Electronics,No,Yes,39,48,1
1117,455,34,81090.53,10,481.91,135,74833.24,88.55,2,2324,720,POS,Public,Online Banking,Online Services,No,Yes,64,100,1
1118,906,65,62130.45,7,286.23,127,29977.12,122.26,5,2251,1653,Mobile,Home,Credit Card,Travel,No,Yes,36,72,1
1119,922,19,196241.52,20,479.81,37,24895.36,240.63,2,3497,1453,Mobile,Public,Digital Wallet,Online Services,No,Yes,23,58,1
1120,981,37,124923.49,16,303.57,7,98866.72,298.13,8,1062,1495,Mobile,Online,Digital Wallet,Electronics,No,No,47,38,1
1121,702,37,53979.82,23,226.71,77,7121.01,650.69,0,938,705,Tablet,Online,Digital Wallet,Food,No,No,49,42,1
1122,634,63,206763.81,16,418.2,82,84434.65,140.92,6,1501,1566,POS,Public,Credit Card,Travel,No,Yes,55,88,1
1123,130,20,169565.18,23,540.43,95,35868.07,699.67,9,1047,2354,Mobile,Work,Credit Card,Shopping,No,Yes,94,7,1
1124,1020,29,257615.75,17,192.49,22,42177.54,583.33,7,2865,1409,Mobile,Online,Digital Wallet,Food,No,No,10,69,1
1125,819,57,35331.02,3,276.72,78,83281.78,634.67,8,1624,962,POS,Online,Credit Card,Travel,No,No,63,78,1
1126,693,19,235721.41,14,138.03,82,9515.0,669.21,7,2674,2188,POS,Unknown,Contactless,Shopping,No,Yes,95,73,1
1127,794,53,202087.68,1,110.45,145,35739.88,542.36,4,2739,1097,POS,Online,Contactless,Travel,No,No,26,20,1
1128,29,31,34591.78,1,466.85,19,95226.42,567.94,0,1374,240,POS,Home,Digital Wallet,Entertainment,No,Yes,48,52,1
1129,149,33,208476.74,9,120.8,95,70057.06,315.29,0,3673,2420,POS,Work,Contactless,Entertainment,No,Yes,30,26,1
1130,11,36,132520.03,2,476.09,39,75616.45,367.57,7,1178,2438,Laptop,Public,Online Banking,Travel,No,No,2,89,1
1131,676,51,283500.94,7,257.82,117,75871.78,671.4,6,70,2488,Tablet,Home,Credit Card,Online Services,No,Yes,29,84,1
1132,1137,61,42569.24,19,597.03,36,6526.72,272.41,4,2414,537,POS,Online,Digital Wallet,Travel,No,No,54,56,1
1133,187,63,192885.73,6,118.81,15,20719.16,30.3,9,3786,261,Mobile,Work,Credit Card,Entertainment,Yes,Yes,32,70,1
1134,807,23,114655.82,11,56.24,60,49380.69,549.21,2,3873,833,Laptop,Home,Online Banking,Food,No,No,38,71,1
1135,744,30,287048.72,18,45.72,144,37130.95,412.72,8,2403,1223,POS,Home,Credit Card,Entertainment,No,Yes,21,100,1
1136,98,53,99059.47,14,501.33,89,41385.77,586.73,3,3786,263,Laptop,Work,Online Banking,Entertainment,No,No,27,62,1
1137,55,39,288659.55,13,262.95,16,78254.01,54.49,5,3287,2379,POS,Online,Digital Wallet,Grocery,No,Yes,88,62,1
1138,623,35,270455.61,15,2.37,98,1960.58,447.32,3,3342,2177,Mobile,Public,Credit Card,Entertainment,No,Yes,34,36,1
1139,664,29,81187.93,13,524.93,104,66218.95,178.42,8,3440,2330,Mobile,Online,Contactless,Electronics,No,No,23,20,1
1140,758,69,241082.18,2,526.21,44,510.97,650.36,3,3195,2385,Mobile,Online,Contactless,Food,No,Yes,78,18,1
1141,406,47,298681.7,17,483.95,51,6774.32,79.22,7,2996,1753,POS,Work,Contactless,Electronics,No,No,39,72,1
1142,69,70,75873.63,21,149.37,18,41124.47,607.03,2,3517,416,POS,Public,Online Banking,Food,No,Yes,69,27,1
1143,751,68,131089.47,5,223.97,5,84174.38,63.85,7,1116,1176,Mobile,Online,Online Banking,Electronics,No,Yes,73,5,1
1144,1172,57,156102.2,16,447.08,6,14927.08,18.17,2,1045,161,Mobile,Home,Credit Card,Grocery,No,Yes,45,95,1
1145,958,24,88549.85,22,293.87,76,55684.83,169.32,4,2810,2298,Mobile,Online,Credit Card,Electronics,No,Yes,63,46,1
1146,365,49,4677.93,13,92.72,115,68011.27,239.86,0,2597,2139,Mobile,Unknown,Credit Card,Travel,Yes,No,8,41,1
1147,482,65,66116.76,13,146.06,12,23338.52,451.14,5,3826,861,Mobile,Online,Credit Card,Entertainment,No,No,7,85,1
1148,201,36,84652.87,19,583.57,12,51476.86,94.93,1,3310,761,Mobile,Public,Credit Card,Grocery,No,No,30,52,1
1149,154,23,133135.55,12,91.03,73,91185.02,314.93,2,3310,432,POS,Home,Digital Wallet,Online Services,No,Yes,12,3,1
1150,73,37,51413.63,2,435.79,106,51466.74,147.15,0,3477,2248,POS,Public,Credit Card,Grocery,No,Yes,20,58,1
1151,713,44,261988.98,12,287.07,150,16153.64,615.83,5,114,1529,Mobile,Work,Credit Card,Travel,No,No,64,90,1
1152,296,70,211502.85,23,449.29,49,62967.52,32.47,4,236,1647,POS,Home,Online Banking,Travel,No,No,29,81,1
1153,1041,60,25651.62,1,396.84,4,59423.92,256.34,9,3448,43,Laptop,Online,Credit Card,Travel,No,No,55,94,1
1154,61,54,195062.73,8,263.78,3,3182.0,454.63,1,3766,299,Mobile,Home,Credit Card,Shopping,No,No,12,87,1
1155,939,65,196131.58,12,212.67,144,9514.14,657.43,7,190,1107,POS,Online,Digital Wallet,Grocery,No,No,84,25,1
1156,42,24,286870.73,7,452.74,14,16099.74,624.97,8,479,1184,Mobile,Public,Credit Card,Food,Yes,No,22,68,1
1157,25,22,1005.96,15,194.22,64,14060.76,644.55,2,2193,1826,Mobile,Public,Contactless,Travel,No,No,23,41,1
1158,1063,28,74454.94,23,472.77,120,26316.84,45.35,5,391,1570,Mobile,Online,Online Banking,Travel,No,No,48,75,1
1159,131,32,278344.66,2,408.07,68,45683.48,605.48,5,1304,2378,POS,Online,Digital Wallet,Shopping,No,Yes,45,62,1
1160,108,20,279646.96,12,346.81,59,37485.77,561.56,9,2989,2013,POS,Public,Credit Card,Shopping,No,No,26,41,1
1161,172,22,216203.87,3,221.6,130,89119.66,649.76,5,2260,1992,Laptop,Online,Credit Card,Entertainment,No,No,28,82,1
1162,102,40,229752.42,17,123.45,119,61404.89,224.4,7,2753,456,POS,Public,Online Banking,Travel,No,Yes,55,33,1
1163,866,70,27535.74,1,426.4,10,87676.36,656.48,4,3429,2193,Mobile,Public,Contactless,Food,No,Yes,73,100,1
1164,524,54,154211.36,19,55.26,75,52940.41,289.96,9,2669,2313,POS,Work,Digital Wallet,Travel,No,Yes,69,38,1
1165,275,26,69551.74,21,582.34,90,9442.11,456.59,9,1060,1616,POS,Home,Online Banking,Entertainment,No,Yes,2,18,1
1166,1068,32,54447.29,20,587.26,101,46597.1,305.47,7,1890,2090,Tablet,Work,Credit Card,Grocery,No,No,28,54,1
1167,817,20,243109.96,14,78.57,132,82292.24,307.96,2,3700,1382,POS,Public,Digital Wallet,Travel,No,Yes,77,49,1
1168,957,46,40597.94,16,62.81,28,19813.32,393.62,6,3621,97,Tablet,Unknown,Credit Card,Shopping,No,No,79,61,1
1169,1041,23,140648.63,9,247.92,130,9575.82,256.33,0,1440,420,POS,Online,Credit Card,Shopping,No,No,53,16,1
1170,330,34,281579.61,0,578.23,66,33278.76,570.79,3,960,1145,POS,Home,Digital Wallet,Online Services,No,No,14,86,1
1171,12,43,55831.03,5,240.49,144,39195.33,456.26,4,1423,2181,Mobile,Home,Credit Card,Entertainment,No,Yes,46,85,1
1172,216,38,293400.23,2,218.6,124,30972.64,496.66,6,1601,2037,Mobile,Public,Online Banking,Entertainment,No,Yes,78,44,1
1173,339,25,298286.97,18,422.3,57,13956.46,166.42,5,792,1479,Mobile,Work,Contactless,Shopping,No,Yes,67,31,1
1174,661,38,166729.58,6,107.65,21,25458.57,698.1,5,2689,802,Mobile,Online,Credit Card,Shopping,Yes,Yes,74,95,1
1175,1105,28,51125.81,12,218.31,103,68387.1,475.36,1,2156,1996,Mobile,Public,Credit Card,Travel,No,Yes,70,27,1
1176,374,55,94899.86,12,175.14,58,38899.89,142.06,1,1851,2381,Mobile,Public,Credit Card,Entertainment,No,Yes,20,41,1
1177,976,25,127405.4,16,361.12,37,63438.67,540.38,1,1836,2456,Mobile,Online,Credit Card,Grocery,No,Yes,35,3,1
1178,710,59,92866.33,0,98.07,143,53862.23,125.16,9,1274,1445,POS,Online,Digital Wallet,Travel,No,Yes,48,95,1
1179,466,41,84262.61,13,329.45,132,55130.77,45.73,7,1761,117,POS,Online,Credit Card,Shopping,No,Yes,43,34,1
1180,1113,52,291671.69,2,514.6,47,25230.68,379.89,6,3839,1845,Mobile,Work,Digital Wallet,Food,No,No,20,90,1
1181,489,31,46094.11,13,308.75,103,52393.53,398.58,0,1652,1706,Mobile,Online,Online Banking,Entertainment,No,Yes,56,88,1
1182,47,31,220025.04,23,410.26,72,2847.67,136.14,8,1623,654,Mobile,Home,Credit Card,Online Services,No,Yes,3,10,1
1183,778,27,223.05,0,45.61,89,43458.5,250.9,7,2048,1964,POS,Unknown,Online Banking,Travel,No,No,68,57,1
1184,1040,29,178895.18,15,269.68,58,57475.97,680.96,8,1465,1302,Laptop,Public,Contactless,Entertainment,No,Yes,11,29,1
1185,711,55,274791.31,9,57.39,105,18608.56,205.27,3,3580,2443,POS,Public,Credit Card,Food,No,No,62,38,1
1186,401,61,86451.43,12,359.88,69,26027.57,112.09,4,2759,1142,POS,Work,Digital Wallet,Grocery,No,Yes,61,77,1
1187,981,63,55739.24,3,168.99,46,22343.34,714.65,4,1150,1028,POS,Online,Digital Wallet,Electronics,No,Yes,95,6,1
1188,1110,51,195538.77,8,172.72,25,7520.52,217.73,8,1711,2492,Mobile,Home,Online Banking,Shopping,No,Yes,58,14,1
1189,250,58,213809.16,13,46.52,121,35111.8,489.81,7,1954,484,Laptop,Work,Credit Card,Food,No,Yes,29,94,1
1190,391,27,206440.35,3,186.49,35,97907.09,166.8,9,2470,964,POS,Online,Online Banking,Electronics,Yes,Yes,38,4,1
1191,335,34,95863.13,9,304.25,15,35711.1,396.13,5,497,238,Mobile,Online,Digital Wallet,Travel,No,No,84,45,1
1192,629,34,75735.5,7,351.0,106,46323.39,278.18,9,2947,2448,Tablet,Home,Digital Wallet,Food,No,Yes,88,92,1
1193,137,20,286780.05,22,40.47,128,65482.18,692.34,9,3472,1366,Mobile,Work,Online Banking,Electronics,No,Yes,87,39,1
1194,883,48,276997.52,2,391.05,74,65025.53,311.68,0,3494,1557,Laptop,Online,Contactless,Food,No,No,22,74,1
1195,688,68,137249.25,22,293.58,88,95014.55,420.65,6,2095,2163,POS,Home,Online Banking,Electronics,No,No,86,54,1
1196,827,18,253873.54,6,322.38,29,85827.63,680.24,8,1237,676,Tablet,Home,Contactless,Travel,No,Yes,41,26,1
1197,727,29,135751.81,9,499.76,38,79498.09,712.25,3,1196,1273,POS,Online,Credit Card,Travel,Yes,No,84,98,1
1198,594,56,127374.27,2,205.66,24,95186.91,73.28,3,1516,2372,POS,Online,Credit Card,Travel,Yes,No,63,29,1
1199,990,21,47113.21,1,104.84,19,23461.16,600.73,4,3608,1751,Laptop,Online,Digital Wallet,Travel,No,Yes,38,62,1
1200,372,59,127979.18,14,331.31,49,61896.89,275.19,7,1387,2056,POS,Work,Credit Card,Travel,No,Yes,50,8,1
1201,935,30,161271.34,8,567.04,44,88776.08,428.32,4,91,2042,POS,Home,Online Banking,Grocery,No,No,7,39,1
1202,995,51,6849.05,14,310.96,35,62601.75,270.1,3,192,1216,POS,Home,Credit Card,Electronics,No,Yes,24,18,1
1203,402,59,133289.49,16,499.23,142,97753.34,288.86,7,581,1180,POS,Home,Digital Wallet,Travel,No,No,46,73,1
1204,615,38,234428.73,6,454.34,56,10485.1,114.46,4,2256,146,Laptop,Home,Online Banking,Food,No,Yes,25,22,1
1205,1183,39,204045.81,19,311.24,134,44213.39,412.43,7,3336,1459,Mobile,Unknown,Digital Wallet,Food,No,No,78,18,1
1206,1176,21,190583.58,17,388.71,32,97747.61,393.68,0,3993,678,Mobile,Home,Credit Card,Travel,Yes,Yes,29,37,1
1207,995,35,272875.67,14,244.3,26,38267.02,136.42,2,1113,385,Mobile,Home,Contactless,Food,No,Yes,67,33,1
1208,620,22,5507.8,17,318.61,143,74085.86,390.09,6,1281,1052,Mobile,Home,Online Banking,Travel,No,No,93,48,1
1209,188,36,167158.57,23,304.62,56,3525.09,700.64,0,268,1203,Mobile,Work,Digital Wallet,Grocery,Yes,No,80,48,1
1210,1122,19,236225.92,22,425.61,37,69636.29,514.4,4,2645,2313,Mobile,Work,Online Banking,Food,No,Yes,85,2,1
1211,131,29,162446.48,11,246.28,125,93495.36,346.36,5,2823,1221,Mobile,Home,Digital Wallet,Entertainment,No,No,22,26,1
1212,805,34,97236.28,22,60.31,53,38579.28,659.59,0,2161,1548,Laptop,Home,Credit Card,Online Services,No,Yes,85,17,1
1213,1195,27,40961.54,20,473.33,101,2619.33,414.27,6,3816,98,Mobile,Public,Credit Card,Online Services,No,Yes,86,4,1
1214,936,51,266280.17,7,411.07,78,3277.03,97.32,8,2070,1774,POS,Public,Online Banking,Shopping,No,Yes,9,9,1
1215,986,23,141281.64,1,570.1,36,89256.32,394.25,8,3142,296,Mobile,Unknown,Credit Card,Online Services,No,No,87,10,1
1216,183,25,263446.75,1,257.52,101,72390.35,130.38,2,467,844,POS,Work,Online Banking,Food,No,No,49,69,1
1217,983,68,175797.05,4,47.38,11,11115.3,552.63,3,558,1910,POS,Work,Credit Card,Food,No,Yes,73,38,1
1218,364,28,202290.22,0,73.41,27,5931.73,696.37,0,134,1578,Mobile,Online,Online Banking,Online Services,Yes,Yes,96,49,1
1219,39,29,241297.92,21,464.11,2,80580.12,259.85,3,2614,411,POS,Work,Credit Card,Grocery,Yes,Yes,36,40,1
1220,497,26,197780.75,3,41.12,22,81081.13,313.2,4,411,1665,Tablet,Online,Digital Wallet,Online Services,No,No,100,49,1
1221,982,19,119476.65,5,544.74,66,12491.92,303.54,6,3194,403,Mobile,Online,Online Banking,Shopping,No,Yes,5,86,1
1222,921,25,154138.65,22,169.35,112,30501.28,205.49,4,1268,714,Mobile,Online,Online Banking,Online Services,No,Yes,90,19,1
1223,722,28,240933.35,12,539.38,17,78112.59,571.83,7,3797,535,POS,Work,Online Banking,Entertainment,No,No,4,37,1
1224,1185,70,112157.72,18,464.22,132,52778.5,444.8,6,2294,2314,Tablet,Work,Digital Wallet,Shopping,No,Yes,24,97,1
1225,16,53,116497.62,10,522.79,14,95680.19,46.21,0,2566,2402,Mobile,Unknown,Digital Wallet,Food,No,No,41,49,1
1226,493,27,28797.47,12,128.82,7,48365.73,603.96,1,180,1504,POS,Online,Credit Card,Online Services,No,Yes,14,6,1
1227,1132,38,274383.87,7,357.62,79,67857.31,134.78,6,1427,783,POS,Online,Credit Card,Travel,No,Yes,91,64,1
1228,894,37,27401.79,6,56.61,144,51223.44,704.99,2,1823,1984,POS,Work,Online Banking,Entertainment,No,Yes,12,23,1
1229,311,65,194497.93,12,121.77,104,94325.07,271.26,1,2890,1981,POS,Unknown,Contactless,Online Services,No,Yes,82,78,0
1230,739,25,124017.02,0,186.29,147,40166.58,443.88,8,660,1475,POS,Public,Digital Wallet,Online Services,No,Yes,44,31,1
1231,1194,53,121745.26,5,444.62,1,23364.75,56.13,9,3550,1879,Mobile,Online,Online Banking,Food,No,No,9,53,1
1232,546,46,203897.6,6,15.32,31,33000.07,248.22,7,451,1269,Tablet,Work,Online Banking,Travel,No,No,66,33,1
1233,414,59,20221.41,15,541.92,128,85351.13,577.71,7,675,761,POS,Unknown,Contactless,Travel,No,No,38,17,1
1234,251,29,178152.36,14,42.95,132,50044.89,343.64,2,1997,50,Mobile,Online,Online Banking,Online Services,No,Yes,96,65,1
1235,759,31,231632.33,19,226.21,91,35748.1,651.32,9,236,334,Mobile,Public,Digital Wallet,Grocery,No,No,77,76,1
1236,1165,65,248481.01,1,49.11,58,54653.87,414.14,8,2852,633,Mobile,Online,Credit Card,Entertainment,No,Yes,57,67,1
1237,1063,67,51242.06,22,461.5,56,13756.36,668.58,7,863,1039,Mobile,Unknown,Credit Card,Food,No,Yes,47,45,1
1238,814,38,269235.97,15,85.22,43,1033.25,707.48,1,3803,474,Mobile,Online,Credit Card,Electronics,No,Yes,55,100,1
1239,29,39,196878.21,16,530.91,74,28418.18,326.86,6,3771,2343,POS,Home,Contactless,Travel,No,No,88,88,1
1240,958,38,264568.25,23,318.37,49,60698.07,406.96,7,1530,1221,POS,Online,Digital Wallet,Online Services,No,Yes,2,78,1
1241,477,61,145635.69,14,569.11,112,71312.24,601.16,6,2665,1111,Mobile,Home,Digital Wallet,Grocery,No,Yes,83,37,1
1242,318,67,162655.8,2,174.57,108,82747.79,159.58,8,2641,1738,POS,Work,Contactless,Shopping,No,Yes,18,92,1
1243,245,47,275719.58,3,272.86,60,92703.02,620.39,6,255,786,Tablet,Online,Online Banking,Electronics,No,Yes,66,27,1
1244,748,56,269982.87,11,416.7,94,41505.18,426.22,6,3707,353,Mobile,Work,Online Banking,Grocery,No,Yes,90,20,1
1245,697,37,134503.45,4,499.23,144,74181.42,522.39,0,833,1319,Mobile,Home,Credit Card,Shopping,No,Yes,57,79,1
1246,272,41,82396.35,16,253.1,73,7929.96,57.59,1,1856,1115,Mobile,Work,Credit Card,Entertainment,No,Yes,64,42,1
1247,377,40,118011.81,5,535.51,99,6224.23,551.68,4,1887,2166,POS,Home,Credit Card,Grocery,No,No,88,25,1
1248,266,24,116390.52,9,71.23,114,12917.4,223.84,0,2767,2493,Mobile,Unknown,Online Banking,Online Services,No,No,27,70,1
1249,926,26,86131.38,21,425.36,15,45132.63,579.79,9,3488,1637,Mobile,Unknown,Digital Wallet,Travel,No,No,53,51,1
1250,921,18,80647.02,17,209.25,63,21522.5,366.64,6,2183,1129,Mobile,Unknown,Credit Card,Travel,No,Yes,59,78,1
1251,340,43,258332.77,9,61.25,28,29049.03,197.79,4,3177,2482,POS,Home,Online Banking,Entertainment,Yes,Yes,29,39,1
1252,389,55,21051.59,5,232.31,148,64964.08,685.99,4,545,2442,POS,Home,Credit Card,Travel,Yes,No,72,30,1
1253,577,55,203315.59,23,528.19,36,36172.96,550.87,7,1876,414,Laptop,Public,Digital Wallet,Grocery,No,Yes,95,47,1
1254,3,61,51928.73,5,588.33,125,55958.47,709.7,8,3025,38,POS,Home,Online Banking,Electronics,No,Yes,98,47,1
1255,1166,39,103417.32,19,235.98,141,41534.17,262.48,9,216,2386,Mobile,Online,Digital Wallet,Grocery,No,Yes,14,50,1
1256,376,61,18556.76,14,531.91,62,17312.44,467.47,0,2609,2247,POS,Unknown,Contactless,Electronics,No,Yes,68,28,1
1257,324,27,81065.09,3,306.04,13,7864.99,440.38,9,2352,176,Mobile,Work,Digital Wallet,Grocery,No,Yes,43,31,1
1258,146,23,230549.48,15,430.35,88,24005.03,495.07,3,3749,1956,Mobile,Online,Credit Card,Entertainment,No,Yes,29,73,1
1259,293,34,265516.1,21,27.7,40,6241.2,27.68,1,2616,109,POS,Home,Credit Card,Grocery,No,No,57,48,1
1260,432,68,66535.99,23,334.61,124,62051.89,210.11,8,2028,833,POS,Public,Digital Wallet,Online Services,Yes,No,33,66,1
1261,705,67,139118.0,7,42.56,25,79673.9,654.73,8,677,1789,Mobile,Work,Contactless,Food,No,Yes,21,53,1
1262,949,55,141150.18,6,161.54,24,34304.21,305.21,0,2095,1007,Mobile,Home,Contactless,Online Services,No,Yes,41,60,1
1263,585,41,262085.23,18,340.31,97,39017.55,691.67,2,314,836,Laptop,Online,Contactless,Travel,No,No,1,47,1
1264,399,68,228863.44,16,484.39,39,81711.01,153.8,9,3403,1608,POS,Home,Digital Wallet,Grocery,No,Yes,27,45,1
1265,817,27,153971.86,20,336.76,109,22649.98,718.15,7,3600,1986,Mobile,Online,Digital Wallet,Grocery,No,Yes,2,1,1
1266,964,25,201257.09,12,561.75,61,12356.45,502.29,1,3009,1615,POS,Online,Digital Wallet,Online Services,No,Yes,64,66,1
1267,1164,38,254221.78,14,486.29,20,50361.25,559.03,1,4000,324,POS,Home,Digital Wallet,Electronics,No,No,51,92,1
1268,187,23,2960.73,1,94.17,16,64795.92,285.8,1,1043,1183,Mobile,Home,Credit Card,Shopping,No,No,54,100,1
1269,61,38,120926.72,9,233.68,149,60165.62,653.06,4,2982,1946,POS,Home,Credit Card,Travel,No,Yes,74,23,1
1270,939,56,272182.23,12,401.26,15,71530.37,392.78,8,679,1817,Mobile,Home,Digital Wallet,Electronics,No,Yes,74,20,1
1271,710,41,222119.88,17,563.07,42,6146.74,490.31,6,1797,1218,POS,Work,Credit Card,Electronics,No,Yes,30,33,1
1272,807,50,162898.13,22,592.64,4,43106.06,68.35,6,2929,642,POS,Unknown,Contactless,Online Services,Yes,Yes,1,94,1
1273,11,35,158940.39,10,458.03,131,24237.77,454.85,1,2334,1840,Laptop,Home,Online Banking,Electronics,Yes,Yes,95,89,1
1274,1086,45,104396.25,12,344.47,114,76032.57,632.95,1,1272,98,Mobile,Home,Digital Wallet,Food,No,Yes,99,48,1
1275,226,69,156204.11,18,454.09,129,87336.68,128.45,4,2721,585,POS,Work,Credit Card,Entertainment,No,Yes,29,16,1
1276,1177,49,196649.42,23,164.31,141,28492.91,531.19,6,1997,1715,Mobile,Online,Digital Wallet,Food,No,Yes,13,39,1
1277,564,29,125567.08,23,170.52,54,9974.2,18.39,6,2434,529,Tablet,Unknown,Digital Wallet,Online Services,Yes,Yes,73,7,1
1278,772,65,214274.53,21,392.78,82,25716.08,666.87,8,285,859,Laptop,Public,Digital Wallet,Online Services,No,No,43,62,1
1279,885,59,258383.54,4,523.17,40,10848.84,707.7,2,2685,531,Laptop,Work,Online Banking,Grocery,Yes,Yes,41,44,1
1280,1131,44,46489.99,2,581.9,127,32581.01,255.07,0,1327,1003,Laptop,Home,Contactless,Shopping,No,Yes,75,97,1
1281,226,27,135518.95,18,205.13,139,54050.76,77.18,8,2411,759,Laptop,Home,Online Banking,Shopping,Yes,No,88,98,1
1282,825,63,122465.23,22,478.03,42,97381.25,474.21,0,1866,930,Mobile,Work,Digital Wallet,Entertainment,No,Yes,89,81,1
1283,218,69,206270.69,12,510.99,93,40237.34,21.58,7,3469,689,POS,Unknown,Credit Card,Grocery,No,Yes,58,49,1
1284,937,59,75035.25,4,374.09,4,22393.97,347.44,4,2074,790,Mobile,Online,Digital Wallet,Entertainment,Yes,Yes,77,4,1
1285,753,49,192111.25,11,208.88,25,17096.77,195.75,7,2092,2131,Mobile,Home,Contactless,Electronics,No,Yes,14,13,1
1286,506,59,263259.02,13,371.64,100,17717.46,340.86,6,208,361,Laptop,Unknown,Online Banking,Shopping,No,Yes,41,26,1
1287,259,43,125497.67,5,350.88,125,19663.47,13.26,8,3546,988,Laptop,Public,Credit Card,Electronics,Yes,Yes,67,13,1
1288,54,42,273313.61,21,364.11,40,76345.57,37.26,1,3873,1788,Mobile,Public,Online Banking,Entertainment,No,Yes,54,96,1
1289,1071,28,297949.81,8,371.75,92,6572.26,11.6,8,1456,1774,Tablet,Work,Credit Card,Shopping,No,No,6,43,1
1290,727,40,31917.01,16,508.31,136,99741.57,445.81,9,117,342,Laptop,Home,Digital Wallet,Electronics,No,Yes,46,12,1
1291,689,51,69992.65,7,102.46,85,52507.3,403.31,4,2171,1885,Mobile,Home,Online Banking,Travel,No,Yes,77,78,1
1292,1123,69,285118.89,12,220.69,35,54655.05,167.95,4,874,384,POS,Work,Digital Wallet,Grocery,Yes,No,1,85,1
1293,1044,57,287502.47,4,351.81,146,36077.61,465.62,0,3496,1555,POS,Work,Digital Wallet,Travel,No,No,29,33,1
1294,419,40,29402.41,21,170.35,47,69180.41,636.64,5,57,2302,Laptop,Public,Credit Card,Electronics,Yes,Yes,78,67,1
1295,690,46,4598.05,21,586.9,5,47409.91,199.74,9,2063,643,POS,Work,Credit Card,Food,No,No,76,7,1
1296,850,48,48413.9,16,158.26,125,33241.6,599.05,9,2774,128,Mobile,Online,Online Banking,Electronics,No,No,26,79,1
1297,62,24,298804.23,2,282.04,111,26881.27,477.04,9,2152,2384,POS,Unknown,Online Banking,Shopping,No,Yes,58,7,1
1298,1169,57,54081.89,5,526.48,72,92602.3,24.45,9,83,824,Tablet,Work,Online Banking,Entertainment,No,Yes,87,43,1
1299,216,50,150814.03,13,48.5,87,29453.46,270.17,2,350,2468,Tablet,Work,Credit Card,Electronics,No,Yes,3,48,1
1300,3,38,254540.48,14,492.5,3,43921.13,365.63,9,3660,2451,POS,Online,Online Banking,Shopping,No,Yes,60,90,1
1301,160,19,6218.44,13,342.82,93,35358.97,526.85,2,2837,233,Mobile,Online,Credit Card,Shopping,No,Yes,14,26,1
1302,781,35,181386.25,10,19.57,41,9074.79,206.81,2,3335,1803,Laptop,Public,Credit Card,Travel,Yes,Yes,98,76,1
1303,1144,64,83179.93,10,541.8,148,19000.47,707.57,3,2707,638,Mobile,Unknown,Digital Wallet,Electronics,No,No,23,59,1
1304,893,50,258714.24,8,24.0,87,19355.45,492.9,8,1825,1170,POS,Unknown,Digital Wallet,Grocery,No,Yes,62,56,1
1305,1113,54,85110.0,5,309.37,85,69518.13,268.49,7,1283,95,POS,Online,Credit Card,Food,No,No,10,40,1
1306,329,51,206058.04,14,29.89,136,40955.25,69.95,5,1855,2208,Laptop,Home,Credit Card,Food,No,Yes,4,66,1
1307,580,37,202298.47,11,43.18,133,78305.77,130.67,7,3854,808,Laptop,Unknown,Digital Wallet,Entertainment,No,Yes,39,15,1
1308,952,52,66525.92,5,532.38,25,71040.62,351.13,7,361,930,POS,Public,Credit Card,Entertainment,No,No,74,44,1
1309,635,68,10536.28,0,459.61,39,19608.95,356.23,0,1747,857,Mobile,Work,Credit Card,Travel,No,Yes,88,95,1
1310,988,67,122833.95,15,118.57,125,56510.23,552.78,8,3573,1439,Mobile,Work,Digital Wallet,Electronics,No,No,34,59,1
1311,921,35,86829.03,19,372.47,105,74419.43,522.87,0,346,2169,Laptop,Online,Credit Card,Entertainment,No,No,88,34,1
1312,738,63,242712.43,14,476.91,5,63487.77,145.0,1,2178,1130,Laptop,Public,Digital Wallet,Electronics,No,Yes,25,12,1
1313,170,41,240129.22,1,533.81,136,60201.64,428.41,8,2325,768,Laptop,Home,Contactless,Grocery,No,Yes,52,6,1
1314,521,25,137161.48,16,281.25,4,74091.28,14.95,6,3581,1925,Mobile,Online,Credit Card,Food,Yes,Yes,15,96,1
1315,40,47,181993.02,2,538.55,60,6149.68,287.01,9,2032,2131,Laptop,Unknown,Contactless,Shopping,No,No,12,100,1
1316,955,61,181317.43,2,304.96,54,73276.48,550.18,0,2938,687,POS,Unknown,Credit Card,Food,No,No,1,10,1
1317,984,70,248164.73,4,413.09,150,27629.2,287.71,2,2947,1139,Mobile,Online,Credit Card,Travel,No,Yes,9,80,1
1318,1148,27,127558.22,16,587.43,78,57401.29,601.65,0,3726,2122,POS,Public,Online Banking,Electronics,Yes,Yes,59,25,1
1319,975,40,82706.46,22,141.95,19,24609.35,702.83,4,250,1693,Tablet,Home,Online Banking,Shopping,No,Yes,14,94,1
1320,38,69,79583.97,16,101.53,99,83962.35,437.23,3,1392,2194,POS,Home,Digital Wallet,Online Services,No,Yes,31,40,1
1321,328,66,160904.06,19,205.54,68,48315.66,104.49,7,177,176,Tablet,Work,Credit Card,Online Services,No,No,88,93,1
1322,1200,28,134799.55,5,99.06,33,64472.65,273.43,8,3090,1074,Tablet,Home,Online Banking,Shopping,No,Yes,53,48,1
1323,914,19,132092.22,0,170.86,150,79511.16,6.93,3,1952,565,POS,Work,Contactless,Travel,Yes,Yes,63,87,1
1324,454,43,27432.09,6,445.92,139,89583.87,434.0,2,3397,1529,Mobile,Home,Contactless,Shopping,No,No,10,56,1
1325,37,53,215609.26,14,286.78,16,73340.18,591.55,3,1762,1101,Tablet,Online,Digital Wallet,Electronics,No,Yes,43,60,1
1326,973,50,64199.63,6,225.34,127,15302.47,453.59,2,3508,448,Laptop,Work,Online Banking,Food,No,Yes,18,7,1
1327,796,64,59166.39,18,221.55,93,85525.97,566.0,5,2658,1163,Laptop,Online,Online Banking,Online Services,No,Yes,67,47,1
1328,973,30,123886.22,19,117.12,44,62048.5,575.95,0,507,1027,Mobile,Work,Online Banking,Electronics,No,No,59,14,1
1329,593,57,68410.72,21,268.72,9,61140.25,612.74,1,1853,1130,Mobile,Home,Contactless,Entertainment,No,Yes,76,2,1
1330,1138,42,175199.09,10,374.97,78,92173.39,192.07,7,3125,2347,Mobile,Home,Online Banking,Online Services,No,Yes,99,63,1
1331,1064,21,111501.86,22,83.92,79,25258.74,627.33,2,3982,951,POS,Home,Online Banking,Shopping,Yes,Yes,23,37,1
1332,224,59,134728.63,13,583.7,86,24338.97,470.98,3,2960,721,POS,Home,Credit Card,Shopping,No,No,86,69,1
1333,318,36,161197.08,12,266.25,15,51562.76,208.67,0,1239,1138,Mobile,Home,Digital Wallet,Online Services,No,Yes,75,22,1
1334,349,35,61140.3,19,568.8,6,75210.88,710.85,2,199,841,Mobile,Online,Contactless,Electronics,No,Yes,46,70,1
1335,115,54,46809.91,8,81.23,1,45000.45,684.14,0,1856,1704,POS,Work,Credit Card,Online Services,No,Yes,49,45,1
1336,698,47,264138.53,8,460.45,20,63572.19,413.64,9,1597,271,POS,Work,Credit Card,Grocery,No,Yes,23,7,1
1337,1064,36,130173.74,15,370.77,130,45526.21,607.13,4,2515,1117,POS,Home,Credit Card,Travel,No,Yes,12,100,1
1338,40,40,123686.87,11,492.13,70,61233.52,188.35,0,3094,1293,Mobile,Public,Contactless,Grocery,No,Yes,29,5,1
1339,216,33,10780.08,9,360.61,2,82315.1,299.61,8,330,1711,POS,Home,Online Banking,Electronics,No,No,89,26,1
1340,1171,18,149443.09,5,577.72,131,18457.43,132.54,6,2765,2475,POS,Work,Credit Card,Online Services,No,Yes,88,92,1
1341,336,29,166295.5,17,376.35,7,69690.16,374.52,7,3465,2126,Mobile,Work,Credit Card,Food,No,Yes,59,47,1
1342,1192,41,167696.38,1,470.87,84,78848.86,357.17,8,1907,1506,Mobile,Unknown,Online Banking,Travel,No,Yes,53,87,1
1343,92,51,212138.65,19,526.61,54,44987.59,153.3,9,3065,2222,Mobile,Online,Digital Wallet,Shopping,No,Yes,68,66,1
1344,353,70,53326.8,8,428.89,41,32661.74,484.45,7,3278,946,Mobile,Work,Credit Card,Grocery,Yes,No,63,21,1
1345,571,25,75741.72,18,314.78,115,1847.66,84.9,2,3903,427,POS,Online,Contactless,Grocery,Yes,Yes,29,66,1
1346,816,35,243238.07,5,164.05,133,79811.95,44.51,6,2221,800,Laptop,Online,Digital Wallet,Shopping,Yes,Yes,3,2,1
1347,781,65,284156.47,1,512.77,102,33129.9,277.19,6,552,700,POS,Home,Online Banking,Travel,No,No,95,18,1
1348,363,22,40866.23,14,288.61,82,36052.29,295.13,6,3582,1782,POS,Work,Contactless,Travel,No,Yes,89,91,1
1349,557,43,149345.1,16,372.61,63,33932.61,230.28,7,3593,1356,Laptop,Public,Credit Card,Travel,No,Yes,37,64,1
1350,1194,47,64331.46,15,48.0,1,50124.56,185.8,3,1539,457,POS,Online,Digital Wallet,Shopping,No,Yes,63,46,1
1351,356,30,18115.94,20,298.66,25,70398.71,243.99,5,2736,110,Mobile,Work,Digital Wallet,Shopping,Yes,Yes,23,69,1
1352,191,36,97718.45,7,419.05,143,77300.38,117.71,1,3961,2261,Laptop,Home,Contactless,Grocery,No,No,49,9,1
1353,422,46,43191.92,9,350.65,145,39560.79,290.55,6,2562,2360,POS,Unknown,Credit Card,Online Services,No,Yes,86,14,1
1354,700,20,213008.93,9,269.41,149,66478.65,651.32,8,851,2167,Mobile,Home,Online Banking,Grocery,No,No,93,68,1
1355,7,43,160164.25,17,134.44,55,72208.08,161.66,4,3538,738,Laptop,Home,Digital Wallet,Shopping,No,No,100,65,1
1356,133,57,43235.96,9,186.15,107,30043.27,492.84,3,224,2011,POS,Work,Online Banking,Shopping,No,Yes,77,40,0
1357,557,29,2871.55,8,420.52,138,10113.84,102.17,1,495,1418,POS,Work,Online Banking,Shopping,No,Yes,3,22,1
1358,826,19,242466.3,23,134.9,65,89519.24,254.88,6,3055,232,Tablet,Public,Credit Card,Electronics,No,Yes,22,15,1
1359,761,28,52940.7,18,373.23,37,67873.04,231.31,1,3177,628,POS,Home,Credit Card,Electronics,No,No,36,25,1
1360,1055,61,181904.37,0,354.05,112,64986.99,674.67,1,3261,35,Mobile,Online,Credit Card,Electronics,Yes,Yes,10,64,1
1361,535,45,101142.88,3,582.27,7,6360.8,308.2,8,2567,2434,POS,Home,Digital Wallet,Travel,No,Yes,9,51,1
1362,426,35,175687.23,23,36.94,76,81878.37,497.17,1,129,2132,POS,Online,Contactless,Shopping,No,Yes,56,32,1
1363,672,30,94764.52,2,65.32,40,56822.39,433.81,9,145,1120,Mobile,Work,Credit Card,Grocery,No,No,55,95,1
1364,363,54,26173.17,9,303.9,1,84864.5,101.63,2,409,1750,Tablet,Online,Digital Wallet,Grocery,No,Yes,19,42,1
1365,82,39,66962.71,11,316.5,148,97468.84,676.48,2,1648,176,Mobile,Work,Contactless,Electronics,No,Yes,72,87,1
1366,356,29,56498.76,17,24.44,108,95731.48,249.09,1,2901,615,Mobile,Online,Contactless,Travel,Yes,Yes,33,17,1
1367,589,19,128463.0,22,495.6,68,85680.89,32.32,9,2140,1009,Laptop,Online,Online Banking,Food,No,Yes,20,34,1
1368,295,54,197519.31,19,297.09,12,1589.26,216.39,2,2209,765,Tablet,Work,Online Banking,Online Services,No,Yes,94,69,1
1369,1070,24,79215.44,5,208.31,150,88629.86,241.72,8,1301,724,POS,Online,Credit Card,Online Services,No,Yes,35,47,1
1370,1137,43,3719.77,20,191.65,129,7968.7,66.87,2,2472,1149,Tablet,Work,Credit Card,Entertainment,Yes,No,31,42,1
1371,17,43,155729.32,1,516.91,126,85193.8,446.42,4,2720,1986,POS,Unknown,Credit Card,Food,No,Yes,83,94,1
1372,360,41,181767.27,9,118.44,1,28377.32,249.74,6,1464,883,Mobile,Online,Digital Wallet,Food,No,Yes,50,50,1
1373,866,29,288864.86,1,96.67,131,61201.8,453.01,0,1932,277,Mobile,Public,Digital Wallet,Entertainment,No,Yes,46,53,1
1374,700,33,176882.29,8,128.3,117,4287.79,4.95,0,3053,2209,POS,Home,Credit Card,Grocery,No,Yes,78,94,1
1375,448,40,141404.65,9,375.2,149,77232.58,707.08,9,1481,1578,POS,Home,Credit Card,Travel,No,Yes,10,14,1
1376,856,57,172063.15,1,486.65,13,11614.76,122.85,1,2991,2426,Mobile,Work,Credit Card,Entertainment,No,Yes,67,89,1
1377,365,26,278377.4,7,198.92,141,41363.47,474.75,0,2747,471,Tablet,Home,Credit Card,Travel,No,Yes,34,67,1
1378,675,49,248530.61,23,104.49,105,81835.88,515.39,0,2805,2333,Laptop,Work,Contactless,Food,No,No,51,20,1
1379,1008,32,96961.32,16,125.91,134,69687.23,123.64,9,3427,1439,Laptop,Home,Contactless,Entertainment,No,Yes,92,61,1
1380,467,54,71252.58,16,371.7,25,1101.25,80.52,3,1996,1654,POS,Public,Credit Card,Food,No,No,83,23,1
1381,414,30,78863.82,3,148.0,88,40601.72,109.94,9,2623,2493,POS,Online,Credit Card,Entertainment,No,Yes,39,23,1
1382,586,22,151375.87,17,526.43,101,4671.79,177.78,2,2452,2396,Mobile,Online,Contactless,Online Services,No,Yes,90,21,1
1383,994,28,223240.43,11,62.78,26,67513.24,121.21,0,873,2393,Mobile,Unknown,Credit Card,Entertainment,No,Yes,68,44,1
1384,572,27,151015.44,16,19.9,132,96910.37,485.31,2,327,1015,Mobile,Home,Contactless,Shopping,No,No,12,5,1
1385,335,69,20432.14,8,53.48,102,65698.5,303.06,0,3380,1027,POS,Public,Credit Card,Online Services,No,Yes,26,52,1
1386,37,30,217101.85,18,507.46,100,22825.06,387.26,2,3073,1715,Laptop,Online,Digital Wallet,Electronics,No,No,71,73,1
1387,989,58,241810.44,13,390.91,25,35845.69,34.18,3,325,2407,POS,Home,Online Banking,Online Services,No,Yes,67,39,1
1388,278,70,86920.41,13,574.67,148,97676.73,620.11,7,3628,1300,POS,Unknown,Credit Card,Electronics,No,Yes,90,22,1
1389,916,63,199271.31,16,202.11,1,22793.21,122.89,2,144,1962,Mobile,Online,Credit Card,Food,No,No,2,83,1
1390,484,67,128034.91,1,128.0,94,56372.14,259.37,2,2570,1450,POS,Online,Online Banking,Food,No,No,12,69,1
1391,731,32,266746.89,7,337.4,68,40345.15,51.86,8,3158,830,Laptop,Public,Contactless,Food,Yes,No,59,68,1
1392,192,59,253583.14,4,322.93,23,76947.37,98.58,8,2956,152,Mobile,Public,Online Banking,Shopping,No,No,32,21,1
1393,1041,24,157677.06,6,354.82,106,86805.23,479.41,5,3243,2347,Laptop,Public,Online Banking,Shopping,No,Yes,51,82,1
1394,524,57,207482.51,21,208.85,150,34413.31,498.69,9,2796,2085,POS,Work,Contactless,Food,No,Yes,11,5,1
1395,918,45,265016.58,15,4.04,95,66209.44,487.45,3,2729,2419,Laptop,Online,Credit Card,Shopping,No,Yes,32,61,1
1396,401,49,148765.53,15,21.5,62,55130.25,397.58,9,2696,715,POS,Home,Credit Card,Entertainment,No,No,64,77,1
1397,886,52,94043.9,16,398.46,129,28205.23,685.82,4,1938,1691,Laptop,Unknown,Credit Card,Entertainment,No,No,45,90,1
1398,705,32,226124.47,21,314.19,68,27558.11,365.22,8,1856,1950,Laptop,Work,Credit Card,Entertainment,No,Yes,79,80,1
1399,22,65,66097.87,6,492.7,147,54093.85,323.63,0,2486,365,POS,Online,Online Banking,Electronics,No,Yes,54,11,1
1400,474,53,116620.49,19,180.6,30,15823.29,178.31,6,3179,890,POS,Public,Credit Card,Entertainment,No,No,6,67,1
1401,1144,38,259731.6,7,489.38,129,81175.58,71.26,6,1055,2333,Mobile,Unknown,Credit Card,Online Services,No,Yes,26,68,1
1402,210,23,217354.26,7,255.58,48,7365.98,394.72,9,815,2193,Mobile,Public,Credit Card,Electronics,No,No,8,9,1
1403,306,18,121202.92,22,58.47,19,9910.16,226.79,0,64,1949,Laptop,Work,Credit Card,Entertainment,No,No,8,94,1
1404,704,21,64501.88,10,586.76,127,34551.52,377.35,0,1830,2127,Mobile,Home,Credit Card,Food,No,Yes,38,51,1
1405,687,28,106854.92,14,307.41,150,12250.13,148.49,8,2472,1217,POS,Public,Credit Card,Electronics,Yes,Yes,8,60,1
1406,285,61,85302.83,17,377.87,50,47832.15,603.5,6,3319,1201,Mobile,Online,Contactless,Shopping,No,No,17,45,1
1407,716,43,52909.18,5,402.64,134,40267.75,719.78,3,1120,584,POS,Public,Online Banking,Grocery,Yes,Yes,83,60,1
1408,763,54,223025.54,21,217.77,149,72320.07,232.2,8,3170,535,Tablet,Online,Contactless,Electronics,No,No,3,58,1
1409,948,40,75695.76,11,448.64,147,95323.91,606.49,4,3325,1846,Mobile,Public,Contactless,Travel,No,Yes,41,76,1
1410,381,46,136304.82,14,522.22,63,75479.08,628.56,2,390,2311,Mobile,Online,Contactless,Electronics,No,Yes,73,54,1
1411,460,38,115819.25,22,232.62,129,18355.14,717.17,1,2535,1907,Mobile,Unknown,Credit Card,Entertainment,No,Yes,53,49,1
1412,1031,65,294625.01,5,394.37,48,93584.37,246.82,8,323,218,Mobile,Home,Contactless,Entertainment,No,Yes,97,13,1
1413,29,62,117388.56,17,454.4,89,39517.28,544.37,3,3427,1470,POS,Public,Digital Wallet,Entertainment,No,Yes,96,21,1
1414,907,62,24086.75,23,114.48,127,47681.84,164.82,6,1256,1250,Laptop,Home,Credit Card,Shopping,No,No,96,21,1
1415,1057,66,27038.74,19,199.89,149,42446.84,449.89,0,2670,1689,POS,Home,Online Banking,Food,Yes,No,70,27,0
1416,879,44,177267.04,8,65.72,36,28414.43,507.52,8,984,1609,Laptop,Online,Credit Card,Electronics,No,Yes,62,69,1
1417,79,56,179849.13,7,361.52,81,89556.91,533.63,8,3679,2091,Mobile,Online,Credit Card,Shopping,No,Yes,53,81,1
1418,947,57,125685.82,13,480.66,47,33557.77,149.24,9,2374,996,Laptop,Online,Credit Card,Travel,No,Yes,59,55,1
1419,459,30,129609.92,18,366.7,148,58070.35,611.1,5,1845,1617,POS,Work,Digital Wallet,Electronics,No,No,93,85,1
1420,570,40,16274.38,18,108.28,27,24383.34,303.16,5,975,1745,Mobile,Unknown,Online Banking,Grocery,No,Yes,81,65,1
1421,738,33,155012.3,7,328.05,52,79838.85,155.86,5,290,1990,Tablet,Unknown,Credit Card,Entertainment,No,Yes,83,16,1
1422,516,47,151471.37,1,501.04,75,77532.77,390.67,4,2866,2044,Mobile,Online,Online Banking,Shopping,No,Yes,95,22,1
1423,1123,21,44949.84,3,181.98,92,29983.06,621.63,0,1571,641,Mobile,Work,Credit Card,Shopping,No,No,83,87,1
1424,397,57,31241.43,5,499.67,62,68314.63,696.31,3,3233,313,Laptop,Online,Credit Card,Electronics,Yes,No,23,20,1
1425,39,33,37159.39,2,470.88,66,70535.42,538.73,9,1830,1657,Laptop,Public,Credit Card,Grocery,No,Yes,47,49,1
1426,887,48,30398.37,2,13.53,80,56469.89,4.15,0,3426,1641,POS,Public,Contactless,Shopping,No,No,35,72,1
1427,797,70,182951.49,18,144.05,140,60259.54,97.07,4,3169,746,Laptop,Home,Contactless,Shopping,No,No,14,46,1
1428,157,59,59025.15,10,325.99,144,57658.24,55.01,3,3227,563,Mobile,Home,Credit Card,Shopping,No,Yes,65,49,1
1429,1099,42,75503.9,9,430.71,130,8645.51,72.96,7,1446,711,Tablet,Home,Contactless,Online Services,No,No,97,94,1
1430,884,61,52154.29,11,528.38,64,67191.4,275.85,0,431,1925,Laptop,Online,Online Banking,Electronics,No,No,49,66,1
1431,1154,29,287354.81,13,384.8,29,47242.61,243.78,7,2904,1633,Mobile,Work,Credit Card,Entertainment,No,Yes,36,62,1
1432,974,43,256399.78,17,228.52,87,44126.5,81.94,7,3784,190,POS,Online,Digital Wallet,Grocery,No,Yes,1,63,1
1433,1108,54,69225.4,23,111.18,96,86069.92,635.22,0,365,203,Mobile,Online,Online Banking,Shopping,No,Yes,84,32,1
1434,1046,65,98337.13,8,456.14,31,2811.06,443.15,8,3039,1552,POS,Work,Digital Wallet,Online Services,No,No,22,83,1
1435,849,50,63046.86,14,124.47,83,25505.83,573.47,8,2106,1389,Mobile,Home,Digital Wallet,Shopping,No,Yes,35,13,1
1436,748,45,147613.6,23,417.41,143,12579.65,267.58,5,3789,2103,Laptop,Work,Digital Wallet,Food,No,Yes,3,42,1
1437,989,26,5981.2,2,109.14,33,4016.43,295.43,0,1872,1819,POS,Home,Credit Card,Grocery,Yes,Yes,12,88,1
1438,21,29,201443.27,22,55.09,100,27929.86,228.76,6,1991,1848,POS,Unknown,Credit Card,Online Services,No,Yes,37,10,1
1439,303,22,156995.13,10,151.03,148,98853.39,315.72,6,2881,2088,Mobile,Work,Digital Wallet,Grocery,No,No,58,47,1
1440,869,69,269601.81,9,171.32,73,27387.8,439.51,8,873,1463,Tablet,Online,Online Banking,Travel,Yes,Yes,77,69,1
1441,84,45,49401.37,17,388.5,131,66538.73,355.0,0,1670,552,Mobile,Work,Online Banking,Food,No,No,12,91,1
1442,570,52,241252.36,3,96.95,18,12270.74,603.32,7,74,1723,Laptop,Online,Digital Wallet,Entertainment,No,No,2,60,1
1443,934,22,237609.11,12,558.22,126,60383.84,648.11,7,1154,117,POS,Online,Credit Card,Online Services,No,No,84,61,1
1444,1186,51,38241.64,5,332.84,7,98455.91,338.23,6,1279,2319,Laptop,Home,Credit Card,Food,No,No,65,58,1
1445,1187,63,119627.91,20,294.81,124,29537.83,172.69,5,2496,1185,Mobile,Online,Contactless,Electronics,No,Yes,58,25,1
1446,1009,51,51128.78,12,261.1,114,84883.52,680.54,0,645,627,Laptop,Home,Digital Wallet,Food,No,No,60,71,1
1447,793,30,76490.68,19,340.18,84,99758.35,529.25,9,2339,2076,Mobile,Online,Digital Wallet,Electronics,Yes,Yes,41,62,1
1448,792,56,79047.53,4,13.96,84,59061.13,460.93,7,794,1675,Mobile,Online,Credit Card,Food,No,Yes,35,61,1
1449,492,59,166915.29,19,594.06,83,31285.41,536.72,4,1730,2188,Laptop,Online,Credit Card,Food,No,No,88,45,1
1450,208,62,123482.14,13,334.74,105,67516.36,54.8,3,2369,2366,Tablet,Online,Credit Card,Travel,No,No,90,27,1
1451,1084,65,284325.07,12,21.6,102,84562.4,48.78,4,3313,2151,Laptop,Work,Online Banking,Online Services,No,Yes,11,52,1
1452,430,31,37998.41,13,354.19,93,17549.35,110.33,4,3757,1887,Mobile,Home,Digital Wallet,Grocery,No,Yes,52,59,1
1453,985,28,292110.27,7,262.53,60,45525.32,106.25,9,1509,2185,POS,Home,Digital Wallet,Electronics,No,No,52,85,1
1454,520,59,69268.53,15,14.91,102,32259.18,302.94,2,3337,1744,POS,Work,Contactless,Entertainment,No,Yes,62,43,1
1455,591,55,231884.89,12,554.7,24,28694.22,113.42,3,563,830,Mobile,Work,Credit Card,Grocery,No,Yes,63,28,1
1456,1051,21,101757.08,23,6.83,109,86151.72,615.27,3,1122,1649,POS,Online,Credit Card,Shopping,No,No,15,21,1
1457,199,70,43010.11,14,346.93,140,42454.57,416.27,7,1634,2154,POS,Unknown,Credit Card,Entertainment,No,No,70,34,1
1458,387,50,257380.97,18,577.09,94,34238.1,265.21,4,1299,232,Mobile,Unknown,Digital Wallet,Food,No,Yes,40,85,1
1459,349,24,92727.38,0,142.94,64,60549.3,50.22,5,604,1294,POS,Online,Contactless,Entertainment,No,Yes,9,47,1
1460,960,58,197690.74,21,152.88,4,22330.46,425.58,9,266,2489,Tablet,Online,Contactless,Food,No,Yes,70,27,1
1461,693,25,169976.46,1,0.75,94,23374.4,83.99,1,3432,1267,Mobile,Work,Digital Wallet,Food,No,No,17,15,1
1462,378,54,141579.72,17,40.28,133,52268.73,535.14,8,2440,1584,Mobile,Work,Online Banking,Shopping,No,Yes,23,5,1
1463,899,68,148796.26,18,27.41,16,41222.64,578.01,7,560,82,Tablet,Work,Contactless,Travel,Yes,No,58,64,1
1464,916,27,219698.15,7,493.68,27,29850.75,391.71,7,2820,701,Mobile,Online,Digital Wallet,Online Services,No,Yes,95,17,1
1465,527,60,26423.1,2,502.12,132,5868.14,107.8,9,2542,38,POS,Unknown,Credit Card,Travel,No,Yes,80,8,1
1466,1177,32,200487.38,22,436.16,72,52317.04,566.56,4,1282,720,Mobile,Online,Online Banking,Shopping,No,No,51,57,1
1467,734,55,268754.05,13,211.97,48,81752.62,221.71,4,3971,112,POS,Home,Online Banking,Entertainment,No,Yes,57,57,1
1468,206,32,17430.68,8,492.84,136,85212.03,160.39,2,1562,1078,POS,Public,Digital Wallet,Electronics,No,Yes,86,48,1
1469,455,22,42281.94,7,324.09,81,23926.28,338.85,1,2459,254,POS,Work,Credit Card,Shopping,No,Yes,16,88,1
1470,521,46,215017.92,16,182.93,44,60164.3,664.31,8,156,1481,Mobile,Public,Credit Card,Grocery,No,Yes,45,18,1
1471,1017,36,131240.77,22,262.65,52,85660.19,214.18,5,687,1247,POS,Unknown,Digital Wallet,Food,Yes,Yes,61,42,1
1472,956,68,121124.23,22,39.93,34,41168.23,652.03,7,3983,1171,Laptop,Work,Credit Card,Grocery,Yes,Yes,12,69,1
1473,726,27,41176.29,23,566.97,21,93247.61,38.73,3,1894,1977,Tablet,Home,Digital Wallet,Travel,No,Yes,73,54,1
1474,1014,29,152080.34,15,371.66,24,90346.36,60.23,4,1167,2050,Mobile,Public,Credit Card,Travel,No,No,6,16,1
1475,501,21,38050.94,9,438.87,44,21209.32,502.99,9,2320,2155,POS,Online,Digital Wallet,Entertainment,No,Yes,4,85,1
1476,117,48,143038.47,20,406.11,114,26267.0,137.31,4,1198,1205,Mobile,Home,Credit Card,Electronics,No,Yes,81,76,1
1477,386,35,229108.23,9,400.82,103,18453.98,228.04,9,2630,1109,POS,Online,Contactless,Grocery,No,Yes,74,17,1
1478,584,33,77553.48,23,10.85,134,20007.41,98.27,3,1726,2434,POS,Online,Credit Card,Shopping,No,No,35,44,1
1479,395,57,144287.77,5,315.46,56,90832.28,239.29,1,2516,1312,Tablet,Home,Digital Wallet,Food,No,Yes,47,33,1
1480,1088,53,297605.59,21,493.12,14,93148.22,202.0,5,3439,564,Mobile,Home,Credit Card,Grocery,No,No,85,11,1
1481,721,42,206026.46,16,27.19,101,5663.78,530.19,3,2485,600,Mobile,Work,Credit Card,Food,No,Yes,19,40,1
1482,72,40,252422.9,15,573.72,1,59563.53,505.49,3,2666,607,Laptop,Home,Online Banking,Electronics,No,No,27,37,1
1483,274,29,124512.8,14,254.78,12,56641.04,687.55,9,3269,2483,Mobile,Home,Credit Card,Entertainment,No,Yes,11,75,1
1484,338,51,230381.49,21,174.29,115,39359.49,521.61,2,2873,2192,Mobile,Home,Digital Wallet,Grocery,No,No,70,28,1
1485,607,53,12248.7,13,319.33,106,63353.91,500.3,7,3723,1856,Mobile,Home,Credit Card,Electronics,No,No,59,30,1
1486,166,54,36961.06,3,480.83,37,94763.1,499.86,5,1760,1869,POS,Home,Digital Wallet,Entertainment,No,Yes,41,46,1
1487,11,20,61000.87,3,285.12,3,17440.36,635.75,8,3841,360,Mobile,Public,Online Banking,Entertainment,No,Yes,43,78,1
1488,729,26,120645.38,1,387.24,53,12480.89,213.36,4,3268,1597,POS,Online,Contactless,Grocery,No,Yes,28,43,1
1489,801,70,253738.89,10,300.2,100,3822.36,216.14,5,3634,1012,Laptop,Work,Digital Wallet,Shopping,Yes,Yes,63,85,1
1490,102,35,103945.19,3,378.95,17,36701.41,533.7,8,1218,1557,POS,Online,Online Banking,Shopping,No,Yes,67,96,1
1491,779,60,196420.9,20,83.25,113,34094.03,164.74,3,2719,117,Mobile,Home,Online Banking,Food,No,Yes,45,91,1
1492,214,52,212823.36,20,23.68,110,43366.56,656.66,9,3363,603,POS,Public,Credit Card,Travel,No,No,24,98,1
1493,1112,51,175896.09,15,82.57,143,50579.35,385.09,6,2641,2080,Mobile,Online,Contactless,Grocery,No,Yes,77,8,1
1494,401,58,107236.87,20,171.86,4,75903.49,216.16,9,3362,1827,Mobile,Online,Digital Wallet,Entertainment,No,Yes,64,43,1
1495,588,31,173158.3,3,152.39,145,39515.28,558.81,9,1228,553,Mobile,Public,Credit Card,Food,No,Yes,79,33,1
1496,889,21,102745.45,0,369.3,139,33396.0,224.94,5,2888,1618,Mobile,Online,Contactless,Grocery,No,Yes,73,55,1
1497,1070,46,25253.73,23,273.81,12,82774.44,693.56,5,3197,1201,Laptop,Work,Credit Card,Travel,No,Yes,39,58,1
1498,592,58,297841.91,18,23.77,32,85054.77,707.75,5,1410,113,POS,Public,Digital Wallet,Food,No,Yes,99,21,1
1499,1110,62,38242.02,1,21.4,43,23660.21,480.13,3,2447,1451,Mobile,Public,Digital Wallet,Entertainment,No,No,45,47,1
1500,92,67,21797.28,8,54.81,104,31809.85,81.91,9,1605,2261,POS,Public,Digital Wallet,Travel,No,Yes,61,51,1
1501,673,32,263571.37,22,212.17,93,82599.08,189.58,5,2984,2246,POS,Home,Online Banking,Electronics,No,Yes,82,29,1
1502,714,45,90620.21,12,4.21,43,8401.12,371.15,6,3822,2185,POS,Public,Credit Card,Shopping,No,Yes,43,16,1
1503,936,59,195124.06,17,296.65,131,32921.75,613.06,1,1195,2270,Mobile,Online,Credit Card,Shopping,No,No,67,68,1
1504,242,33,98768.82,15,216.72,85,45110.84,133.2,8,799,881,Mobile,Online,Credit Card,Online Services,No,Yes,92,89,1
1505,2,29,117497.14,15,333.49,35,19113.63,75.26,6,1220,1413,Mobile,Home,Credit Card,Travel,No,Yes,80,69,1
1506,225,69,78707.68,9,432.63,117,18401.46,53.72,2,3804,1148,Laptop,Home,Online Banking,Grocery,No,Yes,42,19,1
1507,801,22,102978.9,8,150.96,20,42773.77,365.07,9,1372,1209,Laptop,Home,Online Banking,Travel,No,Yes,41,39,1
1508,589,51,123269.05,10,94.67,143,75574.91,637.0,9,1684,301,Laptop,Work,Digital Wallet,Entertainment,No,Yes,47,70,1
1509,116,59,216152.78,3,167.19,85,84103.18,30.59,6,687,1790,Mobile,Home,Credit Card,Travel,No,Yes,43,30,1
1510,918,18,153509.7,9,1.56,117,97933.89,152.95,9,3070,1889,Tablet,Home,Digital Wallet,Grocery,No,No,23,28,1
1511,1127,56,283075.21,2,72.45,106,7861.41,499.18,9,1915,935,Mobile,Public,Credit Card,Shopping,No,Yes,32,63,1
1512,194,49,12659.93,5,450.62,146,22059.88,594.64,4,3436,767,Laptop,Online,Online Banking,Entertainment,No,Yes,74,13,1
1513,1190,43,150970.19,2,134.07,105,75784.67,581.35,8,1018,828,Mobile,Online,Credit Card,Grocery,No,Yes,57,67,1
1514,871,34,175309.01,8,596.58,93,54289.57,565.27,5,3575,1233,Tablet,Online,Digital Wallet,Food,No,Yes,38,64,1
1515,90,65,276067.08,2,101.11,41,33104.14,93.54,6,3742,1276,POS,Online,Digital Wallet,Online Services,No,Yes,77,58,1
1516,122,44,14842.64,17,473.37,100,20956.17,286.07,3,3246,2193,POS,Home,Contactless,Shopping,No,Yes,15,99,1
1517,143,41,172092.53,7,423.17,69,28407.52,709.02,1,1107,990,POS,Online,Credit Card,Online Services,No,Yes,28,68,1
1518,994,52,256103.62,21,193.62,106,43214.25,712.0,3,151,95,POS,Online,Credit Card,Electronics,No,Yes,13,10,1
1519,106,63,72654.13,7,198.78,139,18126.55,433.79,8,3225,556,Mobile,Home,Contactless,Entertainment,No,Yes,35,51,1
1520,887,59,262900.08,14,338.35,146,96440.48,510.7,2,2244,478,Mobile,Work,Digital Wallet,Electronics,No,Yes,2,70,1
1521,428,56,5811.12,12,511.5,140,11205.05,684.93,6,3021,2178,POS,Work,Online Banking,Travel,No,Yes,61,1,1
1522,317,43,219763.14,6,232.02,144,98564.95,324.0,3,863,95,POS,Online,Online Banking,Food,No,Yes,65,1,1
1523,635,66,279940.66,18,37.18,27,84268.38,98.63,2,1708,1403,POS,Home,Credit Card,Online Services,No,No,41,7,1
1524,9,55,197193.58,7,224.96,100,42603.59,481.68,4,2099,1881,POS,Online,Credit Card,Travel,No,Yes,96,80,1
1525,774,40,131764.87,9,124.78,145,74111.73,691.28,1,1329,149,Mobile,Work,Credit Card,Shopping,No,Yes,94,88,0
1526,1097,39,13559.82,16,563.55,85,67315.77,502.02,9,1914,2322,POS,Online,Online Banking,Food,No,Yes,86,4,1
1527,223,21,276042.13,0,418.52,119,21722.05,578.41,3,1992,418,Mobile,Public,Online Banking,Grocery,Yes,Yes,4,16,1
1528,553,66,141141.84,12,30.97,31,34237.47,304.44,6,437,316,Laptop,Public,Online Banking,Shopping,No,Yes,53,71,1
1529,716,26,8796.12,12,176.15,109,51555.69,69.54,1,511,1820,Mobile,Online,Digital Wallet,Food,No,No,88,25,1
1530,1108,21,206977.34,23,30.6,27,63965.5,121.68,9,2376,447,Tablet,Home,Credit Card,Electronics,Yes,No,14,15,1
1531,111,24,144602.99,15,498.09,87,54518.05,707.51,5,2354,380,Laptop,Online,Digital Wallet,Shopping,No,No,17,9,1
1532,251,40,37391.16,8,543.82,17,47562.25,355.14,4,2893,2232,Laptop,Online,Contactless,Grocery,No,Yes,14,11,1
1533,383,19,64360.12,9,67.81,11,44593.65,8.75,2,2399,1391,Tablet,Unknown,Contactless,Shopping,No,Yes,41,71,1
1534,7,66,19440.76,5,264.45,129,50077.32,687.87,4,2192,1582,Laptop,Public,Credit Card,Online Services,No,Yes,62,53,1
1535,459,41,172330.63,4,559.16,82,43717.98,358.45,9,2349,2280,Mobile,Work,Credit Card,Online Services,No,No,52,39,1
1536,1108,57,186646.64,1,87.55,49,54362.34,602.13,6,3269,994,POS,Online,Online Banking,Travel,No,Yes,27,87,1
1537,208,48,151772.12,10,175.5,41,88854.54,394.94,2,3890,1938,POS,Work,Digital Wallet,Grocery,No,Yes,85,3,1
1538,900,64,245148.93,8,182.91,20,63466.52,73.32,7,1489,2456,Laptop,Work,Digital Wallet,Entertainment,No,Yes,40,71,1
1539,22,48,258316.55,5,18.52,71,72400.78,443.25,6,1922,77,Tablet,Online,Digital Wallet,Grocery,Yes,Yes,35,3,1
1540,410,64,184725.76,7,22.25,37,59949.57,718.13,3,2341,2306,Laptop,Work,Credit Card,Shopping,No,Yes,90,12,1
1541,895,57,3925.67,8,571.7,126,64480.26,25.11,4,2327,1781,Mobile,Online,Credit Card,Grocery,No,Yes,95,3,1
1542,515,65,208599.37,8,342.87,144,58045.81,606.11,9,1515,1019,Laptop,Unknown,Credit Card,Online Services,No,Yes,59,71,1
1543,1151,68,125457.97,7,184.34,39,3173.22,169.62,3,2955,2029,Mobile,Online,Credit Card,Online Services,Yes,Yes,97,23,1
1544,809,60,169710.69,11,227.52,109,99960.04,283.64,1,2516,1870,POS,Public,Credit Card,Food,No,Yes,49,38,1
1545,874,51,194759.27,7,429.05,64,3844.12,268.41,8,3868,1328,Laptop,Online,Credit Card,Travel,No,Yes,63,79,1
1546,14,41,105135.96,2,220.23,23,39817.23,647.14,0,3443,1922,Mobile,Public,Credit Card,Entertainment,No,No,11,87,1
1547,971,66,275137.84,12,137.04,32,10959.01,363.28,7,1519,927,Laptop,Online,Credit Card,Online Services,No,No,80,42,1
1548,978,43,40279.06,18,61.55,123,10144.38,322.02,3,1111,1768,POS,Online,Credit Card,Shopping,No,No,6,5,1
1549,1014,33,201486.39,1,437.5,19,79455.93,589.0,8,2082,1598,Mobile,Work,Digital Wallet,Electronics,No,Yes,98,41,1
1550,1036,64,1407.44,16,108.75,106,42879.62,35.31,2,3724,998,POS,Online,Contactless,Grocery,No,Yes,41,53,1
1551,87,30,277402.87,15,42.25,67,80213.3,62.34,6,1930,675,POS,Online,Credit Card,Travel,No,Yes,32,62,1
1552,909,32,33839.99,3,256.46,89,27642.25,15.71,2,1851,40,POS,Online,Credit Card,Grocery,No,Yes,21,93,1
1553,122,44,28555.78,17,24.22,60,26018.05,495.38,9,2940,1994,POS,Online,Credit Card,Electronics,No,Yes,93,83,1
1554,1171,21,99968.99,13,579.02,11,25497.52,378.49,6,294,1084,Laptop,Public,Online Banking,Food,No,Yes,75,24,1
1555,750,33,112132.53,1,376.56,49,61806.49,630.75,1,1302,1500,Laptop,Home,Credit Card,Travel,No,Yes,57,87,1
1556,685,47,64368.59,12,92.04,143,81592.44,358.99,2,2172,994,POS,Online,Credit Card,Travel,No,Yes,5,28,1
1557,309,61,175577.99,20,103.89,128,45499.97,159.79,7,1916,428,Laptop,Online,Contactless,Travel,No,Yes,91,81,1
1558,695,47,132929.94,19,342.11,61,38235.26,579.73,6,1862,416,Mobile,Work,Credit Card,Entertainment,No,No,28,9,1
1559,288,53,10349.26,16,214.26,143,97371.17,211.98,2,2896,1383,Mobile,Public,Contactless,Grocery,No,No,95,61,1
1560,307,20,95963.65,14,464.67,5,12117.03,673.7,7,726,167,POS,Unknown,Online Banking,Entertainment,No,Yes,75,53,1
1561,914,39,243148.83,19,327.71,29,48919.95,180.38,8,1510,1778,Laptop,Work,Online Banking,Shopping,No,Yes,77,17,1
1562,662,66,206941.49,4,260.28,69,41144.53,120.84,1,770,511,Mobile,Work,Digital Wallet,Electronics,No,Yes,70,65,1
1563,549,39,217488.77,6,577.81,150,10263.6,355.24,1,2394,329,POS,Online,Credit Card,Grocery,No,Yes,27,9,1
1564,312,67,209465.27,17,234.74,13,27185.94,36.47,6,803,61,Laptop,Home,Online Banking,Online Services,No,Yes,94,70,1
1565,873,67,93360.81,23,240.67,116,3329.9,26.31,7,148,571,Tablet,Online,Credit Card,Grocery,No,No,53,15,1
1566,1083,66,29989.21,10,399.63,110,87756.95,357.18,4,1799,1874,Mobile,Work,Digital Wallet,Shopping,No,No,48,6,1
1567,924,29,81812.91,17,485.78,80,60981.03,154.96,1,2871,2121,Mobile,Public,Credit Card,Electronics,No,Yes,83,18,1
1568,755,38,249552.41,4,375.92,100,81594.34,6.83,9,2279,576,Mobile,Unknown,Credit Card,Shopping,No,Yes,78,88,1
1569,35,21,294143.19,12,419.32,17,52394.67,213.23,4,3875,1013,Laptop,Work,Digital Wallet,Travel,No,No,58,94,1
1570,445,48,148204.72,17,224.07,148,60151.23,343.76,2,3154,74,POS,Public,Digital Wallet,Online Services,No,Yes,9,83,0
1571,93,61,3009.14,1,287.96,114,70235.02,283.95,8,2394,2009,POS,Public,Credit Card,Travel,No,No,55,58,1
1572,353,48,42099.44,19,118.62,6,90847.16,97.62,1,3774,409,Mobile,Online,Digital Wallet,Electronics,No,Yes,45,92,1
1573,903,40,96691.96,3,408.31,22,9629.31,417.41,8,1297,526,POS,Home,Online Banking,Travel,Yes,Yes,28,23,1
1574,862,70,173617.75,12,133.26,137,33429.37,511.47,1,1147,1945,Mobile,Unknown,Digital Wallet,Shopping,Yes,Yes,28,88,1
1575,159,37,22620.58,23,1.25,88,71048.11,486.42,0,3653,988,Mobile,Work,Digital Wallet,Entertainment,No,No,46,27,1
1576,957,32,283012.85,15,560.29,33,95855.88,283.57,9,3381,2215,POS,Online,Online Banking,Food,No,Yes,25,77,1
1577,24,40,109588.59,5,183.96,70,98090.34,99.16,5,3193,437,Mobile,Home,Online Banking,Online Services,No,No,26,75,1
1578,404,45,273784.01,7,118.38,49,63991.25,359.68,5,842,214,POS,Online,Digital Wallet,Grocery,Yes,Yes,62,15,1
1579,805,33,234178.49,15,161.25,104,19763.05,641.12,3,67,518,Mobile,Work,Contactless,Grocery,No,Yes,68,30,1
1580,516,54,226655.64,12,198.6,102,12361.29,337.53,1,2490,2095,Mobile,Online,Credit Card,Shopping,No,Yes,67,6,1
1581,732,38,182055.2,22,284.99,144,94631.34,140.97,9,272,1750,Tablet,Home,Credit Card,Electronics,No,Yes,34,25,1
1582,532,32,188072.47,3,42.08,106,43675.81,67.09,2,1417,1125,Mobile,Online,Online Banking,Travel,No,Yes,21,31,1
1583,956,34,191437.17,1,32.08,82,19884.2,679.63,5,2028,200,Mobile,Unknown,Credit Card,Food,No,Yes,81,11,1
1584,152,67,188653.54,8,176.1,86,93422.31,534.99,3,3749,429,Laptop,Home,Contactless,Food,Yes,Yes,34,68,1
1585,947,54,166163.1,17,177.81,14,10900.17,225.4,4,3165,1808,Mobile,Online,Credit Card,Travel,No,No,44,79,1
1586,608,30,295925.56,16,71.03,49,73092.32,212.72,8,884,268,POS,Home,Online Banking,Shopping,No,No,76,24,1
1587,420,36,219713.94,7,243.17,50,62713.67,644.57,4,3976,1370,POS,Online,Digital Wallet,Travel,Yes,No,89,14,1
1588,1141,47,233106.22,14,170.78,23,9229.6,127.93,9,2278,1576,Tablet,Online,Credit Card,Entertainment,No,Yes,21,24,1
1589,866,62,261751.6,8,16.12,66,34205.51,385.27,7,2384,349,Mobile,Online,Online Banking,Electronics,No,Yes,18,87,1
1590,578,35,64770.36,16,531.49,115,15418.1,513.75,1,1827,1378,Laptop,Work,Online Banking,Grocery,No,Yes,36,69,1
1591,335,31,25232.87,22,531.67,28,60647.61,285.46,5,204,1519,POS,Home,Contactless,Travel,Yes,Yes,70,26,1
1592,932,53,144920.04,1,125.9,20,47972.75,28.83,5,1742,788,Mobile,Home,Digital Wallet,Shopping,Yes,Yes,84,94,1
1593,295,53,154272.8,5,98.14,121,925.37,164.06,4,3049,2119,Mobile,Public,Digital Wallet,Entertainment,No,Yes,53,42,1
1594,755,37,248771.62,4,328.6,97,97583.2,649.31,5,3093,263,POS,Online,Contactless,Grocery,No,No,20,48,1
1595,186,69,133190.7,16,378.64,119,35283.67,376.69,4,3071,585,Laptop,Public,Credit Card,Entertainment,No,No,96,51,1
1596,637,36,171298.82,1,574.55,109,26191.34,587.14,1,2674,1984,Tablet,Public,Credit Card,Shopping,No,No,95,67,1
1597,530,62,158168.57,17,226.72,26,22633.07,400.14,4,701,705,Mobile,Public,Credit Card,Electronics,No,Yes,84,18,1
1598,21,61,11557.01,9,371.11,147,16302.18,679.4,0,723,1333,POS,Online,Contactless,Food,No,No,94,86,1
1599,911,24,184602.95,9,526.97,106,99914.14,654.59,2,577,937,Mobile,Home,Credit Card,Entertainment,No,Yes,3,28,1
1600,867,61,248430.18,5,270.25,141,29863.39,347.73,6,1910,832,POS,Public,Online Banking,Grocery,No,No,84,30,1
1601,794,70,47334.41,11,73.85,62,40848.59,229.23,3,1152,880,Mobile,Home,Digital Wallet,Shopping,No,Yes,8,2,1
1602,100,21,178340.09,16,226.78,126,87199.91,433.24,7,3327,1026,POS,Online,Credit Card,Grocery,No,No,85,73,1
1603,752,51,178123.8,12,82.37,142,64367.81,485.95,2,2626,875,Laptop,Public,Contactless,Grocery,No,Yes,48,65,1
1604,478,19,49339.07,19,10.48,139,37185.09,358.87,6,302,2036,Tablet,Online,Digital Wallet,Entertainment,No,No,23,36,1
1605,940,22,37126.73,15,451.06,67,89883.68,592.06,1,3053,1349,POS,Home,Digital Wallet,Grocery,No,Yes,1,21,1
1606,526,27,294017.58,9,143.44,12,75097.56,132.08,7,813,51,Mobile,Work,Credit Card,Food,No,Yes,2,62,1
1607,334,49,118176.38,20,1.7,35,23176.1,240.84,2,1239,1740,Mobile,Public,Credit Card,Online Services,No,Yes,74,54,1
1608,2,59,68303.78,1,523.52,110,64552.03,494.22,5,969,1037,POS,Public,Online Banking,Online Services,No,No,37,28,1
1609,375,58,51480.23,1,266.55,14,92278.65,177.69,1,481,2074,Laptop,Online,Credit Card,Grocery,No,Yes,94,100,1
1610,293,30,200313.75,22,143.7,101,49897.86,316.74,6,2638,271,POS,Public,Digital Wallet,Online Services,No,Yes,51,32,1
1611,837,56,182872.64,6,158.04,60,73494.43,693.89,3,1558,1447,Mobile,Home,Credit Card,Shopping,No,Yes,44,58,0
1612,1005,22,193101.28,5,144.7,43,97124.82,450.67,5,123,482,POS,Work,Contactless,Entertainment,No,Yes,24,70,1
1613,553,27,26493.01,0,117.14,55,69196.21,683.33,1,1360,1659,Mobile,Work,Online Banking,Shopping,No,Yes,32,23,1
1614,318,27,268071.02,11,504.82,109,10692.65,520.19,2,1791,2290,POS,Home,Online Banking,Grocery,No,Yes,56,70,1
1615,381,55,116840.99,12,102.61,93,24833.68,521.79,2,2594,2486,Mobile,Work,Credit Card,Shopping,No,No,50,64,1
1616,14,44,94079.48,11,337.33,95,59712.1,426.18,3,1918,651,Laptop,Home,Digital Wallet,Food,No,No,64,86,1
1617,504,68,138762.2,18,46.85,147,27917.8,102.48,0,983,588,Mobile,Online,Credit Card,Shopping,No,Yes,30,31,1
1618,231,38,117080.81,8,569.74,95,95775.4,374.24,5,2251,901,Tablet,Home,Credit Card,Grocery,No,Yes,38,19,1
1619,1108,25,259086.74,9,362.19,148,40832.53,181.99,5,2772,1098,Mobile,Work,Credit Card,Electronics,No,Yes,78,72,1
1620,130,18,278785.37,16,541.94,28,45994.43,719.04,3,1126,1290,Laptop,Public,Contactless,Entertainment,No,No,55,8,1
1621,838,45,91105.62,17,239.03,3,70309.41,192.29,7,1198,1832,POS,Home,Contactless,Travel,No,Yes,3,84,1
1622,1169,66,259194.35,7,486.5,86,52662.85,166.17,4,937,536,Mobile,Home,Digital Wallet,Online Services,No,Yes,25,64,1
1623,891,56,234478.79,6,512.27,108,38523.52,449.23,9,1717,479,POS,Home,Digital Wallet,Electronics,No,Yes,45,88,1
1624,28,31,279249.22,8,421.92,117,8125.47,367.93,3,2133,1943,POS,Unknown,Digital Wallet,Electronics,No,No,62,77,1
1625,66,38,73800.52,9,56.22,108,59846.34,15.47,6,2772,567,Tablet,Online,Credit Card,Shopping,No,No,7,41,1
1626,1187,47,173130.05,11,10.14,15,86824.21,93.35,9,663,1907,Mobile,Online,Online Banking,Electronics,No,No,81,51,1
1627,261,38,82435.92,14,101.55,62,68733.36,583.97,9,2321,1262,POS,Home,Online Banking,Electronics,No,No,27,7,1
1628,460,66,247245.94,14,71.3,31,38458.75,348.31,7,2971,1343,Mobile,Online,Digital Wallet,Electronics,No,Yes,23,52,1
1629,301,26,1696.72,3,435.22,26,13208.74,105.22,1,233,745,POS,Work,Online Banking,Shopping,No,Yes,32,72,1
1630,919,34,169489.27,3,334.43,148,81725.65,335.03,0,3692,429,Mobile,Work,Contactless,Grocery,No,No,2,91,1
1631,287,22,101827.11,22,315.81,66,94203.96,182.34,5,45,1261,Mobile,Online,Credit Card,Electronics,No,Yes,75,3,1
1632,1034,48,96872.84,0,152.09,149,39133.16,161.06,1,155,1476,Mobile,Public,Digital Wallet,Travel,No,Yes,34,17,1
1633,630,69,193507.41,11,93.19,115,72999.9,689.57,7,2676,1489,POS,Home,Contactless,Online Services,No,Yes,52,5,1
1634,270,57,255460.19,1,124.33,60,41370.96,260.72,4,2543,950,POS,Unknown,Online Banking,Electronics,No,Yes,61,60,1
1635,592,55,182797.7,14,240.47,63,50475.56,33.53,1,2867,2416,Mobile,Home,Contactless,Shopping,No,Yes,34,73,1
1636,844,60,255966.58,16,444.22,101,83729.4,698.64,4,1931,2073,POS,Work,Credit Card,Online Services,No,No,7,70,1
1637,862,36,79452.67,6,153.08,100,8800.72,572.31,1,3529,1769,Mobile,Home,Credit Card,Online Services,No,Yes,10,8,1
1638,133,53,155898.61,5,419.32,139,53268.37,183.25,5,3452,486,POS,Public,Credit Card,Grocery,No,No,89,44,1
1639,972,67,135215.91,11,295.16,119,21854.72,294.46,7,1608,1914,POS,Home,Credit Card,Shopping,No,Yes,2,26,1
1640,513,50,3592.31,18,531.32,57,34310.69,620.86,1,108,1464,POS,Online,Contactless,Food,No,Yes,30,48,1
1641,313,30,167087.96,0,140.13,131,64620.67,257.4,5,3602,674,Laptop,Home,Digital Wallet,Food,No,Yes,81,84,1
1642,576,31,198491.14,20,270.79,37,3209.23,408.57,5,818,2359,Laptop,Online,Contactless,Grocery,No,Yes,29,26,1
1643,886,50,177615.13,13,58.45,111,59585.6,385.14,0,1432,443,Tablet,Work,Credit Card,Grocery,No,Yes,82,58,1
1644,1145,46,220910.34,3,201.42,149,28702.5,288.99,8,2341,1643,Laptop,Home,Credit Card,Travel,No,Yes,60,67,1
1645,1131,60,171444.72,4,304.37,112,67113.69,460.48,7,2382,2240,Mobile,Unknown,Credit Card,Grocery,No,Yes,99,58,1
1646,687,66,20118.4,0,439.78,1,14587.34,340.82,3,1541,872,POS,Unknown,Credit Card,Entertainment,No,Yes,17,25,1
1647,165,53,35022.01,0,119.25,23,73713.25,15.38,6,2817,1490,Tablet,Work,Digital Wallet,Food,No,Yes,56,15,1
1648,305,61,178982.73,20,131.25,107,64741.15,586.37,3,154,1681,Laptop,Online,Credit Card,Electronics,No,Yes,86,11,1
1649,156,27,82566.26,5,379.13,113,97138.56,81.56,7,647,190,Mobile,Work,Credit Card,Shopping,No,No,51,96,1
1650,620,48,23985.57,4,229.78,89,91167.92,334.2,9,771,284,Mobile,Unknown,Online Banking,Online Services,No,Yes,25,96,1
1651,957,23,128937.86,1,289.52,135,28688.63,417.57,1,3747,1123,POS,Online,Credit Card,Food,No,No,84,6,1
1652,334,18,166341.35,20,501.76,38,3218.0,507.99,1,110,2489,POS,Home,Credit Card,Online Services,Yes,Yes,16,2,1
1653,969,24,98690.92,4,299.7,47,65709.17,295.83,2,2949,2072,POS,Unknown,Digital Wallet,Grocery,No,No,25,23,1
1654,511,44,216158.07,8,391.67,103,60487.3,529.62,3,1674,65,POS,Home,Online Banking,Online Services,No,Yes,15,93,1
1655,1044,38,193166.81,18,394.24,62,3229.16,94.66,5,204,2043,POS,Home,Contactless,Shopping,No,No,79,7,1
1656,282,45,99912.23,20,482.27,73,12706.41,470.52,4,705,499,Mobile,Online,Online Banking,Electronics,No,Yes,57,62,1
1657,797,33,226486.27,14,383.06,3,58677.82,594.98,9,3226,338,Mobile,Home,Contactless,Shopping,No,No,15,30,1
1658,1025,63,194643.64,12,39.35,102,91226.81,640.41,9,377,1951,POS,Home,Credit Card,Shopping,No,No,56,80,1
1659,119,40,191269.87,11,205.63,148,90696.78,417.33,6,1942,510,Mobile,Work,Credit Card,Food,No,Yes,82,1,1
1660,1059,69,166072.97,4,593.6,105,15572.76,225.35,5,1420,1892,POS,Unknown,Online Banking,Shopping,No,Yes,37,77,1
1661,198,37,3515.76,1,118.31,44,38765.11,117.7,3,1588,818,POS,Home,Online Banking,Electronics,No,Yes,65,36,1
1662,485,55,208982.5,3,352.24,100,4798.69,248.87,9,1468,320,Laptop,Work,Online Banking,Travel,No,Yes,33,1,1
1663,1083,42,112874.93,17,505.84,26,47192.55,388.83,8,2955,459,Laptop,Work,Digital Wallet,Shopping,No,Yes,3,22,1
1664,837,45,282788.65,20,352.14,48,75431.8,141.44,6,2920,627,Laptop,Work,Credit Card,Grocery,No,Yes,49,93,1
1665,1185,22,245413.63,9,223.68,5,79102.28,685.82,0,2651,461,POS,Online,Credit Card,Shopping,No,Yes,22,62,1
1666,1009,38,176349.57,12,48.6,59,50149.45,645.95,7,753,1587,POS,Work,Credit Card,Electronics,Yes,Yes,54,80,1
1667,691,35,75729.38,11,217.32,61,10039.03,23.83,3,1305,534,Mobile,Unknown,Credit Card,Entertainment,No,Yes,21,44,1
1668,1036,64,61194.85,1,109.65,49,38445.72,404.66,6,637,702,POS,Online,Online Banking,Online Services,Yes,Yes,27,9,1
1669,490,23,102181.41,14,576.54,145,93244.15,568.32,1,3822,1608,Tablet,Work,Credit Card,Electronics,No,Yes,4,89,1
1670,276,46,143022.73,13,429.16,70,23346.45,176.76,2,2646,1462,Mobile,Work,Credit Card,Online Services,No,Yes,99,38,1
1671,693,36,88890.05,9,449.76,15,32315.57,377.25,0,2311,1455,Mobile,Online,Contactless,Online Services,No,Yes,1,22,1
1672,242,50,154527.36,21,261.86,1,74809.3,292.37,1,387,70,Laptop,Online,Digital Wallet,Food,No,Yes,4,41,1
1673,126,18,49694.59,7,66.42,141,73491.29,141.59,4,3427,413,Mobile,Public,Credit Card,Food,No,Yes,55,2,1
1674,217,62,293316.07,14,160.4,128,91264.13,442.65,1,1118,1344,Mobile,Public,Online Banking,Travel,No,Yes,24,1,1
1675,1063,20,32466.57,12,156.2,125,39117.81,715.46,5,322,1845,Mobile,Online,Online Banking,Online Services,No,Yes,29,10,1
1676,495,59,279590.05,7,292.32,19,51702.57,263.07,5,1377,212,POS,Public,Credit Card,Shopping,No,No,22,99,1
1677,427,38,274082.05,20,276.86,119,47005.55,397.76,5,1020,1925,Mobile,Online,Online Banking,Travel,No,No,23,88,1
1678,919,52,157655.61,20,260.33,64,92811.34,236.12,2,3432,1093,Laptop,Home,Credit Card,Grocery,No,No,85,50,1
1679,151,58,217500.59,21,297.84,66,77048.39,631.42,2,2606,1652,Mobile,Online,Online Banking,Grocery,No,Yes,78,24,1
1680,384,57,130870.88,13,592.22,57,83228.46,622.53,9,2212,1338,POS,Home,Credit Card,Travel,No,Yes,8,47,1
1681,308,20,189047.37,0,179.36,44,13743.28,128.8,6,849,167,POS,Work,Digital Wallet,Shopping,No,No,58,46,1
1682,746,42,102238.72,12,369.35,12,79288.75,647.97,3,3520,364,POS,Online,Digital Wallet,Online Services,No,No,80,74,1
1683,892,62,90417.59,7,144.08,122,43581.39,109.17,5,159,167,Tablet,Work,Online Banking,Shopping,No,Yes,99,20,1
1684,375,55,173511.11,17,280.23,24,2822.2,68.81,7,1989,1527,Tablet,Work,Online Banking,Electronics,No,No,88,76,1
1685,1032,62,149489.09,21,120.43,139,6478.79,470.15,2,3650,517,Laptop,Work,Contactless,Travel,No,No,59,60,1
1686,129,37,173902.96,8,335.14,1,67951.84,277.91,8,3863,605,Tablet,Work,Credit Card,Travel,No,No,90,23,1
1687,1015,69,86069.51,12,159.37,28,37515.24,382.18,8,2646,1663,Mobile,Home,Online Banking,Food,No,Yes,7,23,1
1688,669,61,110150.65,2,22.55,68,86877.5,469.89,2,3458,1199,POS,Unknown,Credit Card,Grocery,No,Yes,25,73,1
1689,517,62,25261.0,17,489.26,105,73560.18,38.14,5,2599,927,Mobile,Work,Digital Wallet,Travel,No,Yes,45,62,1
1690,86,51,15777.68,9,77.39,94,2657.16,211.0,4,2537,2486,POS,Unknown,Digital Wallet,Online Services,No,Yes,90,4,1
1691,1199,38,76111.79,4,221.14,124,68845.39,331.91,3,622,1563,Laptop,Public,Credit Card,Grocery,No,Yes,26,93,1
1692,311,65,22366.63,5,286.57,124,19639.07,192.02,7,3019,1138,Laptop,Unknown,Credit Card,Electronics,Yes,No,30,27,1
1693,1143,40,31222.04,7,259.77,22,42546.97,35.35,9,3703,1616,Tablet,Work,Online Banking,Grocery,No,No,66,93,1
1694,427,23,243897.23,23,435.54,89,62661.15,62.5,8,2978,1062,POS,Online,Credit Card,Entertainment,No,Yes,53,57,1
1695,114,68,11758.22,6,358.27,45,87335.43,577.28,8,1954,888,Laptop,Home,Credit Card,Travel,No,Yes,73,68,1
1696,1169,70,197716.94,20,177.58,124,45881.74,656.21,4,1685,1142,Laptop,Online,Digital Wallet,Electronics,No,Yes,39,66,1
1697,303,30,81840.07,17,31.5,145,80944.8,109.69,4,643,1142,Mobile,Work,Credit Card,Electronics,No,No,11,71,1
1698,744,66,261476.55,13,460.67,79,78405.08,179.54,2,1548,2296,Mobile,Online,Credit Card,Entertainment,No,Yes,79,57,1
1699,588,40,145549.19,14,211.84,39,41746.58,469.65,8,568,379,Mobile,Unknown,Digital Wallet,Electronics,No,Yes,12,43,1
1700,987,26,91742.38,9,533.89,28,50347.53,687.08,0,290,1953,Mobile,Online,Credit Card,Food,No,Yes,99,48,1
1701,345,34,155339.92,20,237.34,130,70198.26,215.77,2,3674,434,POS,Online,Contactless,Entertainment,No,Yes,50,42,1
1702,814,19,114649.21,11,430.74,149,3599.27,615.77,6,3237,72,POS,Home,Contactless,Grocery,No,Yes,56,98,1
1703,801,36,169333.89,6,563.77,87,89135.74,364.39,6,2686,1811,Mobile,Online,Digital Wallet,Grocery,No,Yes,40,12,1
1704,1025,36,34448.41,6,390.87,135,77096.71,688.73,4,1714,2335,Mobile,Online,Credit Card,Grocery,No,No,16,91,1
1705,1171,24,299097.45,10,248.39,52,25316.88,98.19,5,1280,1908,Laptop,Work,Digital Wallet,Online Services,No,Yes,49,54,1
1706,1077,59,127724.21,12,340.66,126,98127.41,701.05,3,1842,881,Laptop,Work,Credit Card,Grocery,No,Yes,32,86,1
1707,1093,59,104534.37,14,326.3,147,18349.34,317.56,7,1872,1098,POS,Work,Credit Card,Grocery,No,No,82,79,1
1708,361,37,213091.93,17,351.1,73,91451.62,686.12,3,1900,1043,Laptop,Work,Credit Card,Grocery,No,Yes,45,74,1
1709,1010,26,109233.43,6,88.52,140,32785.11,330.31,9,257,1247,POS,Online,Online Banking,Food,No,Yes,85,35,1
1710,704,34,249998.96,5,419.26,94,76433.1,381.71,5,3928,1571,Mobile,Online,Credit Card,Travel,No,Yes,80,40,1
1711,575,44,136335.79,22,87.45,2,45909.47,579.46,4,2838,1316,Laptop,Home,Digital Wallet,Travel,No,No,71,53,1
1712,1185,64,215895.57,10,9.26,17,73778.51,520.32,9,2335,559,POS,Home,Credit Card,Online Services,No,Yes,5,84,1
1713,1113,19,32325.22,7,375.06,125,16000.41,446.15,5,1467,1940,Mobile,Online,Digital Wallet,Online Services,Yes,Yes,44,32,1
1714,688,53,253851.14,19,70.59,131,27315.89,300.28,2,2903,2146,Laptop,Unknown,Credit Card,Electronics,No,Yes,41,84,1
1715,781,36,220741.82,0,462.36,21,10435.85,570.58,2,3321,1078,Mobile,Home,Contactless,Electronics,No,No,97,5,1
1716,585,34,63593.86,7,519.65,78,86581.83,682.73,9,1289,542,Laptop,Online,Digital Wallet,Grocery,Yes,Yes,95,29,1
1717,589,22,43671.27,7,566.87,79,29981.15,7.16,6,1073,2047,Mobile,Public,Credit Card,Online Services,Yes,Yes,85,91,1
1718,1183,56,94956.08,18,398.85,51,69600.38,423.29,0,2501,212,POS,Home,Credit Card,Entertainment,No,Yes,67,90,1
1719,489,35,292823.57,2,289.47,106,82112.01,623.52,0,2490,2131,POS,Work,Credit Card,Grocery,Yes,Yes,74,11,1
1720,971,70,77123.79,4,211.69,105,90191.11,470.28,0,3490,1134,POS,Public,Digital Wallet,Travel,Yes,Yes,75,29,1
1721,1126,24,136892.55,2,294.81,10,11076.56,576.62,5,2422,189,Laptop,Home,Credit Card,Shopping,No,Yes,22,20,1
1722,494,34,9103.07,14,114.62,116,89354.99,644.45,3,2727,2037,POS,Online,Digital Wallet,Electronics,No,No,17,43,1
1723,19,56,119228.54,13,209.38,55,20126.65,540.71,5,2544,1502,POS,Online,Credit Card,Entertainment,No,Yes,89,70,1
1724,397,53,171438.87,20,430.9,36,73821.75,516.28,0,218,767,Laptop,Home,Online Banking,Electronics,No,Yes,92,8,1
1725,1001,57,285942.07,14,130.85,51,73020.48,694.62,3,1670,2341,Mobile,Home,Digital Wallet,Entertainment,No,Yes,50,45,1
1726,851,62,155069.14,23,158.81,74,1346.06,621.87,3,3469,2007,POS,Online,Online Banking,Travel,No,Yes,84,66,1
1727,822,21,245750.29,16,449.72,17,22452.08,587.09,1,1438,230,POS,Online,Contactless,Electronics,No,No,94,62,1
1728,455,55,164183.58,17,107.11,61,49444.9,62.3,0,1996,1337,Mobile,Home,Contactless,Online Services,Yes,Yes,31,55,1
1729,725,42,12331.43,1,147.91,91,42293.45,172.18,7,3199,2224,Laptop,Online,Credit Card,Online Services,No,Yes,13,91,1
1730,1089,22,94570.98,11,11.02,141,91898.06,400.91,5,3030,1493,POS,Online,Online Banking,Grocery,Yes,Yes,74,38,1
1731,1100,47,172707.3,15,432.17,95,36294.22,510.91,3,2347,740,Mobile,Work,Digital Wallet,Electronics,No,Yes,51,84,1
1732,711,29,285183.13,3,370.93,80,93729.88,218.38,1,694,1799,Mobile,Online,Digital Wallet,Shopping,No,Yes,33,94,1
1733,143,21,257753.19,1,416.78,103,46213.22,67.29,4,1271,1968,POS,Home,Contactless,Online Services,Yes,Yes,20,93,1
1734,917,41,68583.85,13,128.99,48,96453.11,224.06,8,50,1262,Mobile,Online,Credit Card,Online Services,No,Yes,48,66,1
1735,828,46,66110.94,10,412.58,86,73866.8,555.16,6,3373,901,POS,Online,Digital Wallet,Travel,Yes,Yes,78,15,1
1736,605,26,60431.77,12,358.03,70,83018.79,631.74,3,2791,604,POS,Online,Digital Wallet,Entertainment,No,No,72,33,1
1737,305,21,276757.42,6,219.99,47,10935.25,657.3,4,1213,111,Laptop,Work,Credit Card,Shopping,No,Yes,72,11,1
1738,736,68,255814.58,9,262.98,10,58821.07,272.85,7,1545,292,Mobile,Online,Contactless,Entertainment,No,Yes,92,40,1
1739,291,41,232487.54,23,340.97,80,14698.69,268.29,4,458,315,Mobile,Online,Credit Card,Electronics,No,Yes,74,88,1
1740,102,31,117881.26,0,296.23,13,30113.29,292.89,5,2653,52,Laptop,Online,Online Banking,Food,No,Yes,14,41,1
1741,867,22,151363.77,20,385.28,58,62544.76,270.65,9,2673,2061,POS,Public,Contactless,Electronics,No,Yes,62,79,1
1742,968,35,139353.09,3,109.0,84,72759.46,479.69,5,2662,2380,Laptop,Public,Online Banking,Travel,No,Yes,51,5,1
1743,974,59,76094.09,17,324.66,68,4398.79,258.06,7,3673,235,POS,Online,Contactless,Grocery,No,Yes,78,73,1
1744,842,36,151557.91,5,270.44,84,53328.9,14.75,4,3095,1485,POS,Work,Credit Card,Online Services,No,Yes,70,4,1
1745,962,29,9245.91,1,276.88,86,56748.74,316.15,0,1919,124,Tablet,Unknown,Digital Wallet,Entertainment,No,Yes,98,91,1
1746,942,35,39629.93,2,281.89,144,8343.39,161.47,3,1020,1429,POS,Home,Digital Wallet,Shopping,No,No,81,68,1
1747,1027,34,265988.22,13,528.94,63,50318.46,20.84,2,2736,166,POS,Online,Online Banking,Electronics,No,Yes,21,37,1
1748,85,47,225528.76,7,491.27,43,71527.31,339.06,1,3148,2228,POS,Online,Credit Card,Entertainment,No,Yes,92,13,1
1749,328,41,126918.24,15,377.93,30,5796.11,148.37,6,252,2067,Mobile,Public,Online Banking,Shopping,Yes,Yes,38,21,1
1750,816,28,155193.39,18,430.03,67,76146.64,326.03,6,989,2279,POS,Public,Credit Card,Electronics,No,Yes,15,11,1
1751,454,52,111062.67,17,26.16,24,57854.44,200.05,7,187,972,Tablet,Unknown,Credit Card,Food,No,No,36,76,1
1752,629,40,222259.88,5,446.52,101,83406.11,434.71,9,3148,103,POS,Online,Digital Wallet,Food,Yes,Yes,100,14,1
1753,1178,34,235277.74,13,291.96,106,22197.23,713.43,4,2037,1375,Laptop,Online,Digital Wallet,Grocery,No,Yes,9,36,1
1754,665,18,229009.23,2,190.99,101,83410.73,394.05,0,830,578,Mobile,Work,Contactless,Electronics,Yes,Yes,99,13,1
1755,12,32,216811.26,15,84.3,8,9908.82,465.8,5,751,1029,Laptop,Unknown,Online Banking,Travel,No,No,59,59,1
1756,1157,49,61430.85,0,45.59,96,40681.05,661.89,5,3634,1054,Mobile,Online,Digital Wallet,Food,No,Yes,82,69,1
1757,304,26,101457.2,11,27.41,35,20348.74,269.34,7,3452,1997,Mobile,Unknown,Credit Card,Entertainment,No,No,54,21,1
1758,975,32,141006.65,13,97.5,96,87664.07,120.0,9,2396,1391,Laptop,Home,Credit Card,Travel,No,No,17,73,1
1759,783,45,99304.82,18,18.57,50,70639.52,203.69,1,1284,320,POS,Work,Digital Wallet,Travel,No,No,82,97,0
1760,43,41,226506.57,21,439.72,145,3023.5,290.07,8,2375,100,Mobile,Online,Credit Card,Electronics,No,Yes,4,64,1
1761,944,52,98873.12,18,149.54,2,1447.57,464.45,5,474,137,Mobile,Home,Online Banking,Entertainment,No,Yes,84,55,1
1762,343,39,41555.8,8,221.56,44,29479.3,3.4,0,134,1234,POS,Work,Credit Card,Entertainment,No,Yes,13,81,1
1763,498,44,119772.23,6,493.72,102,14756.67,614.45,8,1691,1863,Mobile,Home,Credit Card,Shopping,No,Yes,75,91,1
1764,364,36,293976.34,13,69.24,130,63215.3,54.88,7,912,1318,POS,Public,Online Banking,Food,Yes,No,43,65,1
1765,891,62,67841.84,4,501.44,72,66547.79,648.48,9,1352,2280,Mobile,Unknown,Online Banking,Food,No,Yes,97,51,1
1766,427,29,183686.38,17,383.9,110,94224.11,683.6,0,1121,1528,Laptop,Online,Credit Card,Travel,No,Yes,92,69,1
1767,1005,37,129948.62,8,205.55,137,95227.97,712.88,7,567,2053,Mobile,Home,Credit Card,Travel,No,Yes,8,76,1
1768,21,18,21400.27,20,71.13,129,66060.22,582.87,6,2750,1273,POS,Work,Contactless,Electronics,No,Yes,20,25,1
1769,407,38,146414.19,6,55.35,103,1064.67,102.22,4,1673,598,POS,Home,Online Banking,Entertainment,No,No,82,25,1
1770,619,66,210679.08,8,201.64,137,36220.29,508.47,5,830,1135,POS,Online,Online Banking,Food,No,Yes,71,12,1
1771,1015,62,154014.67,3,84.64,142,51557.58,146.47,3,2894,193,Mobile,Unknown,Credit Card,Shopping,No,No,61,11,1
1772,336,18,261644.61,16,160.99,27,50168.39,645.94,8,3697,959,POS,Home,Digital Wallet,Food,No,No,44,94,1
1773,1141,27,86752.21,11,32.25,137,60532.39,228.02,8,1094,1322,POS,Home,Credit Card,Food,No,No,97,48,1
1774,1148,64,25966.13,5,357.21,93,96074.87,235.36,9,3301,1236,Laptop,Home,Credit Card,Grocery,Yes,Yes,51,91,1
1775,399,49,280976.03,17,87.59,100,88576.67,660.72,0,1601,1995,POS,Online,Credit Card,Grocery,No,No,58,81,1
1776,793,56,113521.09,7,454.16,131,11336.35,9.63,8,3045,209,POS,Public,Credit Card,Food,No,Yes,75,94,1
1777,715,39,172964.02,20,131.3,117,26965.05,139.74,2,2940,501,Laptop,Unknown,Contactless,Travel,No,Yes,30,3,1
1778,51,35,237621.74,14,478.89,122,83394.39,303.85,1,3476,1164,Mobile,Online,Digital Wallet,Entertainment,Yes,Yes,99,75,1
1779,324,65,97361.67,2,114.33,110,82518.54,504.55,3,1459,561,POS,Home,Online Banking,Entertainment,No,Yes,84,49,1
1780,789,63,214877.74,1,432.96,73,27899.39,466.28,3,3335,2019,Laptop,Unknown,Contactless,Online Services,Yes,Yes,10,33,1
1781,141,49,40712.11,23,200.18,30,73193.51,482.01,8,1561,638,POS,Home,Credit Card,Online Services,No,Yes,94,47,1
1782,470,44,87458.99,22,350.08,19,67367.72,633.63,3,271,1112,Tablet,Work,Credit Card,Food,No,No,18,73,1
1783,787,45,43498.72,8,23.68,102,47615.63,87.23,4,3020,1004,Mobile,Work,Credit Card,Entertainment,No,No,25,18,1
1784,964,35,243388.04,7,297.4,67,20544.77,376.0,5,1392,1004,Laptop,Work,Contactless,Electronics,Yes,No,96,1,1
1785,1008,56,66872.51,3,89.64,50,88920.0,522.37,3,2097,253,POS,Work,Online Banking,Travel,No,Yes,34,70,1
1786,373,66,215249.33,1,292.05,48,67946.19,458.04,0,1908,218,Mobile,Unknown,Digital Wallet,Online Services,No,Yes,44,98,1
1787,494,46,282995.19,13,85.24,3,17314.8,322.84,1,3765,88,Laptop,Home,Online Banking,Travel,Yes,Yes,39,5,1
1788,751,35,158378.89,1,262.53,66,70627.83,12.42,2,2971,1061,Mobile,Unknown,Credit Card,Online Services,No,No,95,3,1
1789,1180,61,162054.75,1,66.82,106,74272.66,43.62,3,3272,1537,Tablet,Public,Credit Card,Entertainment,No,No,92,90,1
1790,291,25,138363.97,21,132.36,111,88744.59,85.73,4,3317,854,POS,Online,Digital Wallet,Food,No,No,90,70,0
1791,1168,48,97834.45,6,357.25,40,22672.51,247.19,9,1921,435,Tablet,Home,Online Banking,Food,No,No,68,11,1
1792,106,51,142748.94,11,586.01,125,98881.03,84.8,9,2918,643,POS,Online,Credit Card,Grocery,No,Yes,43,75,1
1793,670,24,180881.98,5,269.79,18,15762.65,306.84,2,2821,1905,Laptop,Unknown,Credit Card,Food,No,Yes,20,40,1
1794,2,53,295798.87,17,412.46,139,60268.54,128.7,0,1069,1074,Tablet,Work,Digital Wallet,Online Services,No,Yes,72,64,1
1795,589,35,281335.59,3,323.89,19,65889.06,561.02,7,3384,413,Laptop,Unknown,Credit Card,Entertainment,No,Yes,2,80,1
1796,644,55,258659.67,18,299.27,89,42185.81,627.48,7,330,441,POS,Online,Online Banking,Food,Yes,No,27,84,1
1797,90,26,266750.25,12,39.29,135,47766.25,280.61,3,194,1972,POS,Public,Digital Wallet,Grocery,No,No,34,84,1
1798,350,26,140407.97,19,87.01,57,89145.55,368.21,6,2858,2308,POS,Unknown,Digital Wallet,Grocery,No,Yes,55,90,1
1799,1132,63,197267.55,20,529.89,130,64704.79,686.52,3,3792,2313,POS,Home,Contactless,Entertainment,No,No,36,58,1
1800,1063,25,268530.51,22,246.39,38,49951.6,385.61,2,1311,692,POS,Work,Online Banking,Shopping,Yes,Yes,85,99,1
1801,909,68,117945.93,1,368.79,133,13270.78,716.45,6,1641,1633,Mobile,Home,Credit Card,Grocery,Yes,Yes,72,25,1
1802,159,52,288532.57,7,317.18,82,1230.09,102.42,5,3718,75,Laptop,Home,Digital Wallet,Entertainment,No,Yes,87,30,1
1803,959,35,124794.24,18,227.64,36,12934.38,620.82,0,2430,251,POS,Online,Credit Card,Electronics,Yes,Yes,72,40,1
1804,312,22,180364.69,8,233.0,88,95640.36,358.04,8,3188,781,POS,Public,Online Banking,Online Services,No,No,69,25,1
1805,445,31,212970.43,3,333.5,119,76526.63,16.45,1,3928,2233,Laptop,Public,Online Banking,Food,No,Yes,65,10,1
1806,298,45,285182.54,15,85.11,85,96728.07,700.0,2,1050,847,POS,Work,Digital Wallet,Food,No,Yes,85,57,1
1807,952,47,73460.42,18,232.66,148,4053.02,694.84,4,1579,1298,Laptop,Home,Online Banking,Travel,No,No,44,35,1
1808,36,21,223864.68,9,268.46,133,68181.93,276.02,2,2948,39,Mobile,Online,Digital Wallet,Grocery,No,Yes,43,27,1
1809,1108,56,156292.59,5,591.08,24,4907.21,686.99,2,1998,2166,POS,Home,Online Banking,Online Services,No,No,74,68,1
1810,1196,37,80640.29,15,211.2,30,78314.62,101.61,7,3899,2403,POS,Work,Credit Card,Entertainment,No,No,66,62,1
1811,559,42,233004.39,9,386.93,28,38404.54,489.71,3,2836,2363,Laptop,Unknown,Credit Card,Shopping,No,Yes,21,80,1
1812,891,45,165711.46,12,82.88,109,10028.65,138.27,9,907,244,Mobile,Unknown,Online Banking,Food,No,Yes,61,29,1
1813,141,29,198326.05,8,39.76,135,57020.64,177.66,1,2830,1025,POS,Public,Credit Card,Travel,No,Yes,13,99,1
1814,887,19,96938.03,6,522.99,35,28371.96,561.15,4,2943,1901,Laptop,Online,Online Banking,Entertainment,No,Yes,28,21,1
1815,1142,60,144434.06,3,438.58,119,66127.61,271.76,1,3110,1125,Mobile,Online,Online Banking,Travel,No,Yes,30,41,1
1816,726,31,185244.54,18,190.84,34,65988.39,5.23,9,3564,1261,Mobile,Unknown,Online Banking,Shopping,No,Yes,82,31,1
1817,1050,39,121532.75,3,302.99,103,70648.24,298.31,7,3637,1694,Mobile,Home,Online Banking,Entertainment,No,No,2,19,1
1818,521,48,59591.92,18,81.88,117,99250.28,164.29,2,3725,1011,POS,Unknown,Digital Wallet,Food,No,Yes,58,38,1
1819,10,40,288495.98,18,424.44,76,38976.42,492.03,1,1350,431,Mobile,Home,Contactless,Entertainment,No,Yes,83,32,1
1820,984,65,153489.12,11,42.66,54,46798.89,140.08,2,2009,641,Mobile,Unknown,Digital Wallet,Food,No,Yes,21,4,1
1821,378,37,220202.72,12,454.34,29,80558.86,606.44,2,1270,2417,POS,Unknown,Digital Wallet,Electronics,No,Yes,90,78,1
1822,682,55,123373.05,3,328.33,138,58047.82,192.38,0,2305,858,POS,Work,Digital Wallet,Food,No,No,46,65,1
1823,584,21,106604.02,9,167.67,27,4207.09,283.04,2,3133,935,Mobile,Online,Contactless,Travel,No,No,89,83,1
1824,152,32,122208.57,20,517.61,13,84386.31,214.66,2,460,386,Mobile,Home,Credit Card,Shopping,No,Yes,83,48,1
1825,720,41,122818.07,6,591.65,42,5624.12,463.66,3,2866,2455,Tablet,Online,Online Banking,Entertainment,No,No,25,32,1
1826,1073,42,163299.62,4,152.98,21,17496.6,72.93,7,2247,1369,Mobile,Online,Credit Card,Electronics,No,Yes,57,8,1
1827,1178,18,163086.61,16,483.84,131,10656.96,344.28,8,1284,1935,Mobile,Online,Credit Card,Electronics,No,No,20,5,1
1828,859,24,149196.43,17,450.22,136,8253.75,240.87,0,2147,2152,Mobile,Public,Contactless,Electronics,No,Yes,6,72,1
1829,50,48,40522.26,10,448.44,70,3055.65,636.59,0,1164,1152,POS,Home,Credit Card,Travel,No,Yes,18,49,1
1830,664,29,148873.04,14,574.36,145,5975.26,52.95,5,3190,294,POS,Online,Online Banking,Food,No,No,49,70,1
1831,531,59,50814.26,20,292.23,10,44522.7,597.4,0,31,1808,POS,Public,Digital Wallet,Online Services,No,Yes,82,99,1
1832,1084,22,37928.12,21,404.66,141,25658.8,120.81,4,1980,1136,POS,Online,Online Banking,Electronics,Yes,Yes,20,53,1
1833,1191,61,279800.45,6,494.41,106,13090.42,63.87,0,3157,1858,POS,Public,Online Banking,Shopping,No,No,34,60,1
1834,857,67,181524.51,17,287.98,12,66041.2,145.75,7,2747,1635,Laptop,Work,Credit Card,Shopping,No,Yes,10,61,1
1835,146,59,197881.07,5,289.12,128,22998.14,74.0,4,2348,257,Laptop,Unknown,Digital Wallet,Online Services,No,Yes,33,62,1
1836,915,55,120597.92,17,191.53,128,2385.44,375.16,5,3375,2018,Tablet,Public,Credit Card,Entertainment,No,Yes,55,75,1
1837,993,29,272703.37,15,468.61,61,42132.77,711.52,3,2621,2208,POS,Unknown,Digital Wallet,Shopping,No,No,19,13,1
1838,242,56,191415.35,1,411.87,26,31388.08,24.81,7,2347,1953,Mobile,Public,Online Banking,Food,No,Yes,66,89,1
1839,581,35,230774.04,18,270.96,15,32201.14,332.07,8,219,1621,Mobile,Home,Credit Card,Online Services,No,Yes,47,51,1
1840,687,19,110631.88,0,251.89,22,44804.37,278.03,8,2799,574,POS,Work,Online Banking,Online Services,No,Yes,49,29,1
1841,483,27,288007.56,10,44.02,89,67056.94,244.58,0,3584,273,Mobile,Home,Credit Card,Food,No,Yes,67,20,1
1842,1132,32,246156.34,19,4.4,65,61839.67,239.01,6,3409,1279,Mobile,Home,Credit Card,Online Services,No,Yes,30,35,1
1843,673,47,256199.14,4,317.57,21,93757.53,644.42,3,51,2305,Laptop,Online,Credit Card,Electronics,No,Yes,83,90,1
1844,631,61,51741.06,15,250.79,16,52012.81,13.76,9,2091,2322,Mobile,Public,Credit Card,Food,No,Yes,85,84,1
1845,661,34,81361.87,22,477.72,16,47520.71,557.96,7,3587,1982,Mobile,Online,Digital Wallet,Food,No,Yes,59,41,1
1846,662,21,85759.42,0,325.82,42,21734.74,182.19,6,1771,473,Mobile,Public,Credit Card,Electronics,Yes,Yes,78,44,1
1847,805,24,81345.68,18,562.06,41,75660.44,276.03,0,1599,644,Tablet,Public,Contactless,Entertainment,No,No,31,44,1
1848,419,58,256636.91,13,118.09,108,14507.19,302.57,0,3955,1866,Mobile,Home,Contactless,Food,No,No,21,6,1
1849,988,48,9662.25,2,594.1,125,49367.72,219.48,0,1517,854,Tablet,Home,Digital Wallet,Food,No,Yes,17,63,1
1850,1184,68,22922.39,1,179.1,13,42421.56,67.45,1,597,965,Mobile,Work,Digital Wallet,Travel,Yes,Yes,53,17,1
1851,650,56,82247.07,23,385.63,79,66000.94,82.41,9,3853,1774,Mobile,Online,Contactless,Entertainment,No,Yes,51,91,1
1852,969,51,60041.91,4,301.36,138,91803.34,214.72,1,2002,411,POS,Home,Online Banking,Electronics,No,No,24,41,1
1853,590,23,69634.7,16,216.07,42,94686.26,591.72,8,3534,551,POS,Unknown,Credit Card,Travel,Yes,Yes,40,83,1
1854,1101,67,239403.16,17,84.02,121,17196.03,97.02,4,2652,871,POS,Home,Online Banking,Grocery,No,Yes,98,96,1
1855,509,55,168981.67,0,81.33,131,26550.81,534.73,0,1453,1631,Mobile,Home,Credit Card,Travel,No,No,47,23,1
1856,441,62,1830.62,14,427.05,16,81257.71,208.06,6,2669,1906,Mobile,Work,Digital Wallet,Entertainment,No,Yes,20,38,1
1857,921,68,128853.9,21,226.9,44,52068.84,636.11,9,2629,2235,POS,Online,Digital Wallet,Food,No,Yes,16,41,1
1858,770,51,122424.69,8,576.8,121,45576.94,308.45,1,835,576,Mobile,Public,Online Banking,Electronics,No,Yes,58,31,1
1859,263,61,34272.19,22,195.73,24,71207.23,123.72,2,943,196,POS,Public,Credit Card,Entertainment,Yes,No,49,16,1
1860,637,32,202874.92,4,590.12,26,60391.53,709.81,3,2356,2099,Tablet,Public,Credit Card,Travel,No,Yes,42,3,1
1861,1191,31,210658.95,12,123.65,58,97086.05,127.26,2,797,2144,POS,Home,Contactless,Shopping,No,Yes,12,80,1
1862,459,23,216295.88,18,62.14,9,58605.48,408.73,2,1163,877,Tablet,Online,Online Banking,Electronics,No,Yes,41,16,1
1863,999,67,218568.44,23,187.89,126,46864.4,409.93,8,77,46,Laptop,Work,Digital Wallet,Shopping,No,Yes,58,68,1
1864,700,54,115.84,9,531.41,19,54510.33,268.49,3,773,284,Mobile,Home,Online Banking,Grocery,No,Yes,60,69,1
1865,302,67,286180.85,19,313.35,28,80949.71,685.08,7,1135,357,POS,Online,Online Banking,Grocery,Yes,Yes,24,54,1
1866,1126,49,244281.21,20,81.82,135,61461.17,607.61,0,2763,2027,POS,Work,Digital Wallet,Food,No,Yes,13,92,1
1867,554,20,271204.11,13,121.9,45,64881.29,597.49,5,2702,375,Mobile,Work,Credit Card,Entertainment,No,Yes,34,87,1
1868,288,20,4791.42,21,187.1,128,97158.17,701.39,0,1331,2317,Laptop,Home,Digital Wallet,Online Services,No,Yes,61,42,1
1869,1191,39,280164.25,20,354.3,94,62030.35,329.17,4,410,1526,Laptop,Public,Contactless,Food,No,No,27,64,1
1870,621,39,242955.58,11,199.76,16,38338.38,70.06,6,339,2384,Tablet,Online,Online Banking,Online Services,Yes,No,85,19,1
1871,1006,27,251182.02,10,448.36,5,69286.94,551.15,0,2629,205,Mobile,Work,Digital Wallet,Online Services,No,Yes,67,89,1
1872,36,68,28076.89,22,369.97,52,66116.21,274.25,8,571,2390,POS,Public,Credit Card,Entertainment,Yes,No,14,83,1
1873,744,20,221659.53,6,524.36,6,1877.84,137.13,8,796,573,Laptop,Public,Contactless,Travel,No,Yes,41,62,1
1874,353,29,287979.02,16,300.83,49,46999.27,347.99,5,3341,2412,POS,Unknown,Digital Wallet,Food,Yes,Yes,57,3,1
1875,73,46,203596.35,17,199.04,80,74418.91,666.53,1,1236,1386,POS,Online,Digital Wallet,Shopping,No,Yes,30,8,1
1876,648,65,171211.37,6,597.76,98,50154.63,123.46,1,213,1193,Mobile,Work,Credit Card,Travel,No,Yes,45,90,1
1877,1094,34,283694.34,23,213.7,107,78072.3,611.08,8,3655,1836,Mobile,Work,Online Banking,Entertainment,No,No,74,31,1
1878,425,24,132936.84,19,257.45,37,45362.93,301.17,3,2011,1338,POS,Online,Credit Card,Travel,No,Yes,1,19,1
1879,999,30,179828.14,5,485.57,116,98340.5,98.58,5,2543,1396,Laptop,Public,Digital Wallet,Online Services,No,Yes,92,81,1
1880,708,19,142953.85,10,53.64,17,29642.71,610.85,9,668,2346,Mobile,Unknown,Digital Wallet,Shopping,No,Yes,83,65,1
1881,561,21,279860.58,11,232.2,32,9666.2,698.13,1,1490,215,POS,Work,Online Banking,Electronics,No,Yes,94,53,1
1882,828,27,22917.81,15,51.88,25,43286.17,209.79,3,623,139,Laptop,Online,Digital Wallet,Entertainment,No,Yes,84,13,1
1883,956,56,150385.8,18,84.01,22,54400.05,218.62,1,1286,796,Mobile,Online,Digital Wallet,Electronics,No,Yes,52,59,1
1884,517,41,206117.04,22,3.28,61,35234.83,281.25,2,1874,64,Laptop,Unknown,Credit Card,Travel,No,Yes,20,57,1
1885,428,34,237592.77,18,6.22,126,24606.98,586.19,1,2781,1275,POS,Home,Online Banking,Grocery,No,Yes,23,43,1
1886,160,69,174947.29,10,228.48,44,67369.84,7.6,7,30,1675,Mobile,Online,Credit Card,Grocery,No,Yes,95,12,1
1887,149,23,272684.43,15,485.59,102,38023.95,161.33,4,3606,1799,Laptop,Work,Credit Card,Food,No,No,96,96,1
1888,776,36,282603.23,22,352.41,20,63321.17,508.28,4,3085,827,Mobile,Home,Digital Wallet,Grocery,No,Yes,90,88,1
1889,67,22,19389.34,11,381.13,109,78017.61,292.12,7,2439,39,POS,Online,Online Banking,Entertainment,No,No,78,98,1
1890,1014,49,120770.92,7,311.79,88,76219.76,237.88,7,748,2286,POS,Work,Online Banking,Travel,No,Yes,6,24,1
1891,381,27,7135.36,2,491.97,47,37843.28,628.06,6,3810,1689,Laptop,Online,Online Banking,Online Services,No,Yes,33,42,1
1892,58,26,98892.06,1,528.29,51,57005.87,660.49,4,312,67,POS,Home,Credit Card,Online Services,Yes,Yes,8,9,1
1893,342,44,161106.78,5,509.92,39,45240.99,682.56,6,3630,2008,Laptop,Public,Credit Card,Entertainment,No,No,63,48,1
1894,1154,30,273247.4,15,487.37,14,87145.12,196.31,0,2908,2171,Tablet,Unknown,Credit Card,Shopping,Yes,Yes,4,68,1
1895,727,36,253981.64,19,110.04,21,87936.47,657.02,2,3997,916,POS,Work,Credit Card,Travel,No,Yes,13,48,1
1896,1196,38,38337.17,23,356.53,143,34702.29,530.64,2,2246,1216,Laptop,Online,Digital Wallet,Food,No,Yes,35,25,1
1897,770,41,27999.81,14,349.51,100,9627.88,111.12,1,2966,2319,POS,Home,Credit Card,Entertainment,No,Yes,93,100,1
1898,614,55,176821.27,13,317.0,97,17174.46,439.43,5,1239,2175,POS,Online,Digital Wallet,Grocery,No,Yes,89,24,1
1899,354,21,159682.18,1,288.75,1,37016.67,19.06,2,2199,608,Mobile,Home,Contactless,Food,No,Yes,34,23,1
1900,116,41,79986.65,19,53.96,109,56642.87,510.06,3,470,170,POS,Work,Online Banking,Food,No,Yes,56,62,1
1901,662,52,269845.98,17,61.75,82,65850.31,528.2,2,3837,232,Mobile,Public,Online Banking,Shopping,No,Yes,11,79,1
1902,453,20,278217.19,13,541.42,138,33471.42,568.34,6,668,1541,Laptop,Home,Online Banking,Grocery,Yes,Yes,38,89,1
1903,287,21,120843.17,17,378.3,18,66916.16,124.3,3,3779,2044,Tablet,Online,Credit Card,Electronics,No,No,93,61,1
1904,1017,54,267101.74,1,157.76,58,93805.13,452.38,4,503,2494,POS,Home,Online Banking,Travel,No,No,45,10,1
1905,311,57,115246.27,0,167.94,126,65375.41,128.86,6,3223,975,Mobile,Online,Credit Card,Electronics,No,Yes,86,10,1
1906,208,65,221071.37,19,366.31,73,16277.24,681.59,3,1887,2214,POS,Work,Credit Card,Electronics,No,Yes,58,70,1
1907,618,52,142835.07,1,244.46,110,58177.06,486.04,5,2809,804,POS,Work,Credit Card,Shopping,No,Yes,34,69,1
1908,446,48,36862.69,8,265.07,52,54418.6,68.73,8,970,934,Mobile,Work,Credit Card,Online Services,No,Yes,75,60,1
1909,670,61,278387.47,8,36.86,46,87134.66,134.74,5,3892,647,POS,Home,Digital Wallet,Food,No,Yes,92,93,1
1910,633,42,136283.57,15,83.67,107,35355.15,477.72,4,689,951,Mobile,Public,Credit Card,Food,No,Yes,72,84,1
1911,55,57,220372.66,10,236.31,13,42583.09,343.26,0,321,1826,Mobile,Public,Contactless,Travel,Yes,Yes,24,65,1
1912,912,30,110215.43,22,419.96,96,60066.58,530.16,7,3015,1169,POS,Public,Contactless,Shopping,No,No,74,86,1
1913,1036,21,5762.38,5,29.29,17,52680.32,202.24,4,276,167,Laptop,Home,Contactless,Entertainment,No,Yes,79,57,1
1914,657,63,30249.05,11,201.07,67,72042.15,473.73,4,1971,2492,Tablet,Home,Online Banking,Food,No,Yes,63,87,1
1915,980,31,148916.22,2,417.2,61,4518.7,127.49,2,217,277,Tablet,Online,Contactless,Travel,No,No,39,90,1
1916,515,30,207020.31,11,475.33,65,56569.84,391.52,9,1576,555,Mobile,Public,Credit Card,Entertainment,No,Yes,21,14,1
1917,237,44,100487.12,22,114.54,133,12606.35,689.62,1,3385,1643,POS,Online,Digital Wallet,Grocery,No,Yes,100,36,1
1918,348,23,208676.99,0,439.03,89,31863.29,452.36,0,586,254,Mobile,Work,Credit Card,Electronics,Yes,Yes,36,62,1
1919,627,34,209620.81,8,573.27,56,66331.87,36.09,8,1177,1174,Mobile,Unknown,Digital Wallet,Shopping,Yes,No,48,76,1
1920,1128,53,211210.38,19,544.13,5,16162.71,711.91,4,2967,764,POS,Home,Online Banking,Online Services,No,Yes,84,15,1
1921,630,57,147807.3,21,473.73,101,31229.76,113.03,9,276,750,POS,Public,Digital Wallet,Entertainment,No,Yes,13,49,1
1922,364,66,274474.36,5,427.54,87,70449.15,517.04,3,3507,492,Laptop,Public,Credit Card,Food,No,No,2,80,1
1923,321,52,146810.04,10,141.47,61,65255.12,383.47,6,1390,2317,Mobile,Public,Digital Wallet,Grocery,No,No,27,15,1
1924,286,34,135134.53,2,380.52,69,9558.45,212.01,3,988,50,Laptop,Home,Credit Card,Travel,No,No,7,72,1
1925,149,58,59894.31,3,386.14,63,57938.22,127.75,1,3260,1850,POS,Online,Online Banking,Travel,No,Yes,90,44,1
1926,1108,19,92365.76,9,244.39,44,15151.82,128.03,8,3368,2008,Mobile,Online,Digital Wallet,Grocery,Yes,Yes,94,78,1
1927,406,30,12796.11,18,296.06,28,25601.0,618.06,7,2369,477,Mobile,Home,Contactless,Shopping,No,No,19,2,1
1928,978,69,190097.23,5,416.57,13,46191.52,628.51,3,3691,1993,POS,Online,Contactless,Electronics,Yes,Yes,40,76,1
1929,456,19,74635.87,0,571.28,30,11380.01,334.96,7,1856,284,Laptop,Online,Credit Card,Food,No,Yes,21,63,1
1930,800,69,91316.16,7,177.54,63,99367.87,74.7,8,2972,1215,Mobile,Work,Contactless,Electronics,No,No,58,24,1
1931,1185,45,231267.28,7,148.19,73,16954.27,636.61,1,2228,332,Mobile,Work,Contactless,Shopping,Yes,Yes,26,2,1
1932,1013,60,98233.63,5,361.28,57,78240.61,350.7,3,3386,1817,POS,Home,Digital Wallet,Shopping,No,Yes,74,82,1
1933,784,43,72734.55,16,78.91,64,83068.97,315.97,5,2228,806,Laptop,Public,Online Banking,Electronics,No,Yes,36,4,1
1934,460,39,50800.42,18,349.73,52,99449.17,293.36,6,153,653,Mobile,Unknown,Credit Card,Online Services,No,Yes,44,92,1
1935,738,64,232480.03,0,53.77,63,43151.0,262.87,4,3841,1083,POS,Unknown,Contactless,Entertainment,No,Yes,64,89,1
1936,509,60,38998.91,14,294.61,141,87472.4,378.77,9,2349,1489,POS,Home,Digital Wallet,Entertainment,Yes,No,27,40,1
1937,481,20,136180.75,12,372.44,93,95775.17,435.31,9,1924,2465,Mobile,Online,Contactless,Shopping,Yes,Yes,8,7,1
1938,114,52,152128.34,20,42.53,107,17702.97,335.88,6,1393,709,Tablet,Home,Credit Card,Entertainment,No,Yes,90,76,1
1939,749,29,206248.23,2,124.57,109,48203.89,645.6,3,1782,509,Mobile,Online,Online Banking,Entertainment,No,No,1,61,1
1940,361,41,190021.72,1,201.56,88,6471.08,228.78,7,688,164,Laptop,Online,Digital Wallet,Online Services,No,No,23,44,1
1941,341,22,243235.13,2,221.47,45,62262.04,416.43,2,3831,1091,Mobile,Public,Credit Card,Online Services,No,Yes,73,83,1
1942,770,37,13520.96,8,405.82,108,58349.91,216.04,2,2685,317,Mobile,Work,Contactless,Grocery,No,Yes,31,68,1
1943,761,56,89002.57,15,317.65,46,20810.57,542.44,4,3548,1122,Tablet,Home,Online Banking,Travel,No,No,7,2,1
1944,969,56,84112.22,23,229.57,77,79891.32,73.62,5,1615,2269,Laptop,Public,Online Banking,Electronics,No,Yes,9,88,1
1945,449,30,43890.47,12,270.68,46,4208.24,135.94,2,1010,1173,Laptop,Public,Digital Wallet,Online Services,No,Yes,71,45,1
1946,835,58,86824.56,18,8.28,129,80719.62,576.88,9,1510,2478,Mobile,Online,Contactless,Travel,No,Yes,92,11,1
1947,311,70,92998.62,17,462.43,92,3151.21,131.98,1,2632,1453,POS,Home,Online Banking,Travel,No,Yes,98,88,1
1948,262,62,156613.15,20,25.08,12,65854.47,450.57,4,2608,938,Mobile,Online,Credit Card,Grocery,No,Yes,53,39,1
1949,406,29,199144.97,11,497.68,88,8337.57,698.58,9,3214,687,Tablet,Online,Online Banking,Shopping,No,Yes,16,73,1
1950,143,30,114392.04,11,324.83,73,25496.94,376.53,5,3990,1769,Mobile,Unknown,Credit Card,Grocery,Yes,Yes,74,7,1
1951,342,27,215869.12,0,316.93,102,72330.38,135.01,2,754,1651,POS,Online,Online Banking,Shopping,No,Yes,24,29,1
1952,1125,50,100915.99,19,422.89,99,28400.28,230.97,6,1583,922,Mobile,Home,Credit Card,Shopping,No,Yes,74,99,1
1953,244,57,87156.07,7,515.81,58,51361.8,592.91,2,675,2231,Mobile,Online,Digital Wallet,Travel,No,Yes,46,64,0
1954,490,33,162402.3,16,565.62,128,91567.2,253.26,1,1856,1223,Tablet,Home,Online Banking,Online Services,No,No,29,24,1
1955,12,62,7212.54,20,326.25,117,5438.62,520.96,9,1579,708,Mobile,Home,Digital Wallet,Food,Yes,Yes,89,67,1
1956,561,52,24028.76,19,90.82,35,81202.44,559.71,3,2141,2383,Laptop,Work,Online Banking,Travel,Yes,No,30,1,1
1957,42,20,125449.07,21,527.24,84,6994.56,360.9,2,1446,1678,Mobile,Home,Contactless,Grocery,Yes,Yes,51,97,1
1958,678,22,282879.52,6,24.88,66,13116.09,563.94,6,1728,1709,Mobile,Unknown,Credit Card,Travel,No,Yes,83,46,1
1959,594,43,216481.38,8,484.5,26,12372.25,228.24,7,3871,2431,POS,Online,Digital Wallet,Grocery,No,Yes,31,98,1
1960,1182,28,26529.16,16,408.41,42,99413.18,371.68,2,3600,936,Mobile,Online,Credit Card,Travel,No,No,30,43,1
1961,134,24,253910.77,9,542.88,77,18428.54,494.35,5,547,1264,Mobile,Online,Digital Wallet,Entertainment,No,Yes,34,10,1
1962,1091,70,219717.0,3,538.53,30,89727.8,121.1,0,3456,1756,Mobile,Public,Credit Card,Grocery,No,No,92,79,1
1963,1031,27,183322.86,21,32.37,116,99097.75,197.08,4,3734,1508,Mobile,Public,Digital Wallet,Online Services,No,No,19,75,1
1964,948,59,246105.86,6,365.86,36,38686.58,469.5,1,3254,1720,Mobile,Unknown,Credit Card,Online Services,No,Yes,75,33,1
1965,73,69,121292.54,6,75.24,19,63289.33,471.89,0,358,883,Mobile,Work,Contactless,Entertainment,No,No,28,61,1
1966,399,51,66528.17,7,47.54,22,78019.58,355.23,6,719,2269,Mobile,Home,Credit Card,Shopping,Yes,Yes,6,96,1
1967,578,20,153655.81,23,269.24,65,39568.19,572.84,9,508,622,POS,Online,Credit Card,Travel,No,Yes,17,38,1
1968,859,25,164697.64,23,59.01,57,16600.51,347.13,3,420,997,Mobile,Work,Digital Wallet,Travel,No,Yes,91,20,1
1969,130,48,161544.08,7,436.88,11,43659.39,634.56,4,2652,1049,POS,Home,Credit Card,Shopping,No,Yes,36,96,1
1970,931,28,169565.63,15,581.38,26,77302.82,529.88,1,441,927,POS,Home,Credit Card,Electronics,No,Yes,1,72,1
1971,266,62,284616.6,11,341.96,19,78185.89,226.65,7,1311,1614,Mobile,Work,Online Banking,Food,No,Yes,16,53,1
1972,793,24,270683.46,14,141.48,83,23438.61,284.64,9,3678,845,Mobile,Online,Digital Wallet,Grocery,No,Yes,68,55,1
1973,253,62,262727.54,7,506.0,140,17909.08,480.77,2,898,1901,Mobile,Online,Credit Card,Food,No,Yes,47,17,1
1974,822,19,240444.9,21,511.94,67,92095.79,644.02,6,536,1120,Tablet,Unknown,Credit Card,Electronics,No,Yes,23,46,1
1975,164,23,283034.09,8,439.81,56,4877.9,128.75,0,1752,656,POS,Online,Digital Wallet,Shopping,No,Yes,96,100,1
1976,95,58,29638.54,2,369.27,18,73606.48,370.61,9,1973,141,Tablet,Work,Online Banking,Electronics,No,Yes,67,2,1
1977,833,49,79610.47,21,520.74,113,5118.93,85.61,0,987,700,Laptop,Online,Credit Card,Food,No,Yes,62,98,1
1978,1134,37,148567.28,20,98.39,5,83871.06,201.28,6,1792,55,Mobile,Public,Credit Card,Online Services,No,No,85,11,1
1979,336,51,253975.69,15,558.99,112,90588.77,493.94,0,1764,651,POS,Home,Credit Card,Electronics,No,No,88,78,1
1980,822,67,151599.2,14,568.35,115,30093.2,56.06,8,2371,1119,Mobile,Online,Contactless,Travel,No,No,15,82,1
1981,238,33,224435.62,23,523.26,67,7856.6,476.93,8,792,746,POS,Work,Digital Wallet,Entertainment,No,Yes,75,10,1
1982,381,42,41774.08,3,150.77,70,48328.11,648.59,7,1530,1771,Laptop,Home,Credit Card,Travel,No,Yes,67,23,1
1983,899,29,75798.9,19,514.98,52,30197.07,697.95,7,1883,398,Mobile,Work,Digital Wallet,Online Services,No,Yes,83,88,1
1984,483,24,219559.65,15,298.83,127,42005.05,156.05,3,1758,1875,POS,Online,Online Banking,Food,No,No,43,44,1
1985,902,56,49503.73,9,357.16,65,66666.05,539.23,3,2585,171,Tablet,Online,Credit Card,Grocery,Yes,Yes,8,75,1
1986,1049,34,105471.64,10,504.44,80,21377.69,666.99,4,2196,43,POS,Home,Digital Wallet,Grocery,Yes,Yes,98,56,1
1987,1141,62,79533.39,4,18.23,113,36016.68,65.88,8,1744,560,Laptop,Online,Online Banking,Grocery,No,Yes,98,28,1
1988,482,28,105023.52,10,218.08,111,78364.97,298.16,2,2555,467,POS,Home,Credit Card,Entertainment,No,Yes,44,27,1
1989,917,23,212526.38,12,489.51,53,64554.31,661.98,3,2641,412,POS,Work,Contactless,Entertainment,No,Yes,26,48,1
1990,994,40,110417.37,14,488.47,137,32964.41,146.09,9,3723,944,Laptop,Work,Digital Wallet,Electronics,No,Yes,67,72,1
1991,964,44,166623.47,5,509.29,133,66598.01,672.31,4,1789,1319,Mobile,Public,Digital Wallet,Travel,No,Yes,32,37,1
1992,537,63,30069.57,15,101.94,116,76648.64,379.63,6,2919,1002,Tablet,Home,Contactless,Online Services,No,Yes,64,64,1
1993,1103,23,241524.81,14,423.68,72,59452.32,72.01,4,3711,1710,POS,Work,Credit Card,Grocery,No,Yes,43,47,1
1994,1197,55,111029.6,10,88.33,21,24329.93,323.97,8,1372,2067,Tablet,Work,Online Banking,Electronics,No,Yes,74,49,1
1995,1036,19,194595.39,19,471.17,103,524.41,234.98,5,1448,2482,POS,Online,Online Banking,Food,Yes,Yes,74,66,1
1996,128,39,217644.34,1,147.45,107,80383.49,203.26,2,3149,915,Mobile,Unknown,Digital Wallet,Entertainment,No,No,62,45,1
1997,92,37,62977.31,1,442.82,63,82352.04,389.91,5,1666,1713,POS,Online,Credit Card,Electronics,No,Yes,11,58,1
1998,543,42,265414.03,11,273.27,148,69911.65,348.24,5,3539,108,Mobile,Unknown,Digital Wallet,Entertainment,No,Yes,78,65,1
1999,846,32,184905.65,15,591.76,150,8119.8,347.07,9,2552,338,Laptop,Home,Credit Card,Travel,No,Yes,95,68,1
2000,989,66,128674.67,18,348.15,77,58729.62,63.55,0,3023,756,Laptop,Public,Digital Wallet,Grocery,No,Yes,9,3,1
2001,447,46,54782.32,1,379.73,75,82191.56,577.69,6,2829,1481,POS,Work,Online Banking,Food,No,No,48,90,1
2002,390,25,282696.05,16,221.21,63,39272.0,346.69,2,3687,1759,Mobile,Home,Digital Wallet,Travel,No,Yes,6,71,1
2003,672,54,226544.95,13,440.84,67,20201.07,591.07,0,579,1743,POS,Online,Digital Wallet,Electronics,No,Yes,54,86,1
2004,43,66,62486.57,23,297.18,36,58968.92,593.73,0,2035,1388,POS,Online,Credit Card,Electronics,Yes,Yes,62,10,1
2005,254,69,101379.46,15,11.33,134,82717.51,228.41,4,2805,742,POS,Home,Credit Card,Online Services,No,No,54,10,1
2006,1154,50,242921.31,4,365.34,37,5362.56,3.23,9,2213,980,Mobile,Public,Contactless,Shopping,No,Yes,99,39,1
2007,1084,39,208733.73,9,498.36,93,59896.65,656.11,9,2595,1465,Mobile,Online,Credit Card,Travel,No,No,98,65,1
2008,663,67,229758.71,16,142.46,75,64495.79,547.72,1,788,499,Laptop,Online,Credit Card,Food,No,Yes,56,58,1
2009,467,64,132416.21,12,133.03,115,60435.52,77.31,1,353,1568,POS,Work,Contactless,Grocery,No,Yes,82,37,1
2010,287,22,214971.23,15,365.53,77,65178.35,505.27,3,3298,967,Mobile,Home,Digital Wallet,Entertainment,No,Yes,87,75,1
2011,1011,56,116009.47,8,490.88,13,63321.84,14.51,9,1955,2198,Tablet,Public,Online Banking,Shopping,No,Yes,30,34,1
2012,778,35,63457.75,23,150.15,38,13475.19,20.08,6,140,2227,Laptop,Online,Credit Card,Food,No,No,3,10,1
2013,345,55,189839.84,3,559.39,148,23876.21,378.64,7,1853,2230,POS,Online,Credit Card,Grocery,No,Yes,61,78,1
2014,642,70,292806.58,23,556.47,17,62089.9,69.24,9,3651,1782,Laptop,Online,Digital Wallet,Travel,No,Yes,15,38,1
2015,382,54,93249.23,15,120.72,123,2260.47,694.33,6,1168,1981,POS,Unknown,Digital Wallet,Entertainment,No,Yes,3,61,1
2016,690,47,138344.78,22,158.64,114,63657.08,643.57,8,1750,1700,Mobile,Online,Contactless,Food,No,No,15,66,1
2017,1080,68,202233.01,10,420.51,26,66705.97,467.9,6,753,1309,Mobile,Home,Digital Wallet,Shopping,No,No,67,74,1
2018,457,48,162497.73,6,571.06,32,24297.89,45.96,3,2565,603,POS,Online,Credit Card,Grocery,No,No,29,96,1
2019,983,27,253044.0,16,426.07,86,60014.22,233.95,8,2442,2145,Mobile,Online,Credit Card,Grocery,No,Yes,31,29,1
2020,83,32,228546.64,21,267.22,98,53641.96,267.7,8,1537,254,POS,Public,Credit Card,Entertainment,Yes,Yes,71,50,1
2021,1123,59,17583.33,12,101.82,91,26438.81,346.29,2,796,876,Mobile,Online,Credit Card,Travel,No,Yes,71,65,1
2022,149,65,299526.53,3,276.88,121,46565.91,121.69,9,861,2324,Laptop,Work,Digital Wallet,Entertainment,No,Yes,55,4,1
2023,1180,61,225745.5,13,364.26,57,91007.64,415.85,7,3411,1369,Mobile,Home,Credit Card,Travel,No,Yes,75,97,1
2024,190,35,259184.6,9,198.91,107,42946.98,313.81,0,2190,321,POS,Online,Credit Card,Electronics,No,No,92,24,1
2025,883,40,195394.19,9,306.4,22,63169.5,682.06,1,1323,2291,POS,Online,Contactless,Electronics,No,No,100,41,1
2026,263,50,256899.91,9,78.56,112,4017.41,674.07,7,2397,1613,Mobile,Home,Digital Wallet,Travel,No,Yes,43,22,1
2027,1104,33,33803.65,11,271.59,85,8241.11,407.18,7,204,1000,Mobile,Online,Credit Card,Food,No,No,25,10,1
2028,400,55,104386.58,1,54.92,80,8590.15,463.97,5,1875,1246,POS,Unknown,Credit Card,Shopping,No,Yes,81,44,1
2029,764,52,262938.64,22,29.93,73,77934.96,99.3,7,3120,1040,POS,Home,Online Banking,Electronics,No,Yes,55,60,1
2030,609,51,60576.4,8,514.42,77,35350.56,160.87,7,1256,1668,POS,Online,Contactless,Food,No,No,50,26,1
2031,785,45,23564.81,4,123.45,74,23147.36,648.53,1,1988,1487,POS,Home,Online Banking,Entertainment,Yes,Yes,38,14,1
2032,101,19,236456.87,7,345.31,127,74858.79,503.43,2,155,2151,Mobile,Home,Digital Wallet,Online Services,No,Yes,60,12,1
2033,820,47,250662.3,20,89.82,121,17411.03,136.47,6,1024,654,Tablet,Home,Online Banking,Electronics,Yes,No,85,20,1
2034,820,30,48879.4,13,157.89,85,25026.01,410.59,2,1520,1316,POS,Online,Contactless,Online Services,No,Yes,52,98,1
2035,420,58,256318.36,6,217.12,150,43377.68,673.03,1,2331,87,Mobile,Public,Credit Card,Grocery,Yes,No,84,35,1
2036,124,33,206061.66,6,86.63,82,33478.09,248.59,5,1881,1714,POS,Unknown,Contactless,Grocery,No,No,74,86,1
2037,422,22,156072.8,8,28.05,21,58746.52,133.87,1,3006,1334,POS,Work,Online Banking,Food,No,No,70,63,1
2038,1087,45,249092.03,2,526.36,142,34115.14,678.26,1,2844,1660,POS,Home,Credit Card,Shopping,No,Yes,76,17,1
2039,768,70,125832.85,13,7.59,74,39598.69,332.16,1,3901,237,Mobile,Online,Credit Card,Grocery,Yes,No,81,28,1
2040,483,56,58278.79,16,37.26,9,86357.22,300.47,3,2369,1937,Mobile,Home,Digital Wallet,Entertainment,No,No,45,87,1
2041,519,62,85527.32,17,483.14,146,88510.88,192.72,6,3253,1196,Laptop,Unknown,Credit Card,Electronics,No,Yes,97,80,1
2042,155,37,151598.69,11,169.56,13,82857.26,641.95,5,228,442,Mobile,Home,Credit Card,Grocery,Yes,No,100,87,1
2043,92,41,159446.1,21,433.83,17,86550.68,608.86,4,1252,1648,POS,Work,Contactless,Electronics,No,No,19,37,1
2044,982,44,241693.69,13,88.16,126,57188.0,290.21,3,3915,1105,Mobile,Work,Digital Wallet,Shopping,No,No,5,100,1
2045,455,47,237426.68,12,142.75,87,64800.2,22.14,1,716,1070,POS,Unknown,Digital Wallet,Travel,No,Yes,42,23,1
2046,598,62,174451.83,13,343.88,16,55938.73,321.64,7,1506,769,Mobile,Work,Credit Card,Grocery,No,Yes,93,95,1
2047,510,44,234257.57,8,593.19,24,78666.01,130.3,1,811,833,Tablet,Work,Digital Wallet,Electronics,Yes,Yes,30,15,1
2048,386,43,57612.86,18,44.53,75,55324.55,102.85,7,970,448,Mobile,Online,Online Banking,Travel,No,Yes,65,13,1
2049,405,24,15114.35,1,240.63,103,11552.16,283.09,9,3281,948,Mobile,Online,Credit Card,Shopping,No,Yes,76,14,1
2050,246,59,262102.78,10,26.33,86,81053.22,71.43,3,2295,2278,Laptop,Public,Credit Card,Grocery,No,Yes,79,86,0
2051,742,64,22758.79,16,119.94,105,76178.22,689.38,4,2707,1495,POS,Work,Credit Card,Online Services,No,No,5,9,1
2052,661,70,74081.86,1,544.53,42,82119.91,34.32,0,847,1555,POS,Home,Credit Card,Shopping,Yes,Yes,38,8,1
2053,650,55,208626.15,18,58.33,18,19447.73,289.05,1,2910,109,Mobile,Online,Contactless,Grocery,No,Yes,11,78,1
2054,901,22,122893.44,6,514.19,78,27525.9,117.23,7,3946,2266,Mobile,Home,Credit Card,Online Services,No,No,84,71,1
2055,65,40,262906.56,17,107.09,92,29927.29,495.98,0,3421,1533,POS,Work,Credit Card,Online Services,No,Yes,29,67,1
2056,1037,45,89464.14,12,517.14,11,51054.01,56.84,2,2100,857,POS,Home,Digital Wallet,Online Services,No,Yes,14,100,1
2057,213,51,3660.22,4,323.04,126,13820.77,393.75,1,666,1647,Mobile,Public,Digital Wallet,Online Services,No,Yes,90,23,1
2058,242,70,90266.63,17,526.98,97,38845.48,556.66,9,3185,1097,Mobile,Work,Credit Card,Food,No,No,98,81,1
2059,493,32,173464.71,22,91.45,53,18624.74,684.05,4,740,1215,Mobile,Unknown,Digital Wallet,Electronics,No,Yes,74,41,1
2060,338,49,112843.92,23,457.34,83,26843.89,502.97,3,3427,1786,Mobile,Public,Credit Card,Entertainment,No,Yes,91,89,0
2061,173,43,160508.34,23,408.58,47,70785.57,71.72,3,2776,1714,Mobile,Public,Credit Card,Online Services,No,No,89,87,1
2062,672,65,262991.78,15,325.99,52,85553.71,63.83,3,2406,1689,Tablet,Online,Credit Card,Online Services,No,Yes,10,75,1
2063,164,48,273754.27,14,486.45,57,2779.13,526.78,3,3705,539,POS,Public,Credit Card,Grocery,No,No,39,32,1
2064,465,36,79865.62,7,389.14,75,56806.75,155.12,3,3431,1566,Mobile,Online,Credit Card,Entertainment,No,Yes,60,65,1
2065,995,26,138695.93,14,526.29,59,4087.95,322.07,5,3795,724,POS,Home,Digital Wallet,Online Services,No,Yes,96,27,1
2066,497,46,164788.29,0,228.95,69,8982.3,703.17,1,3840,1150,Tablet,Public,Credit Card,Grocery,No,Yes,98,92,1
2067,700,68,284738.83,16,354.16,86,70655.86,590.35,3,2788,2098,POS,Online,Credit Card,Shopping,No,Yes,23,90,1
2068,395,56,299585.33,14,522.43,146,73693.01,609.56,6,2550,1408,POS,Home,Online Banking,Entertainment,No,Yes,97,64,1
2069,703,21,70698.63,13,129.28,71,81491.08,619.77,6,2555,2004,POS,Unknown,Digital Wallet,Online Services,No,Yes,96,73,1
2070,308,20,218121.26,13,291.7,33,47687.03,446.11,0,1288,1558,Tablet,Online,Credit Card,Entertainment,No,No,22,94,1
2071,183,46,113471.52,9,576.46,3,86050.84,535.66,9,951,1457,POS,Public,Credit Card,Grocery,No,Yes,86,67,1
2072,629,69,2531.65,1,284.42,28,17100.41,258.52,8,2633,1276,Laptop,Unknown,Online Banking,Entertainment,No,Yes,87,95,1
2073,510,28,2874.83,5,152.07,1,25346.78,718.88,6,2665,429,Mobile,Work,Credit Card,Online Services,No,Yes,83,53,1
2074,546,50,138223.75,16,210.97,126,13882.96,201.4,5,1706,2066,POS,Work,Digital Wallet,Food,No,Yes,23,10,1
2075,624,55,146551.64,4,531.11,113,79854.96,424.85,1,2771,518,POS,Online,Credit Card,Online Services,No,No,22,51,1
2076,594,28,6868.65,4,572.95,47,23253.17,203.16,5,148,317,Mobile,Online,Online Banking,Food,No,Yes,62,32,1
2077,744,44,206109.53,14,570.09,37,15973.37,80.78,4,1093,1433,POS,Home,Online Banking,Grocery,No,Yes,94,65,1
2078,554,50,88271.62,14,419.52,86,62499.51,408.71,8,289,466,Mobile,Home,Online Banking,Shopping,No,Yes,19,46,1
2079,21,38,168011.94,19,306.01,48,8169.66,254.48,0,3026,2207,Mobile,Home,Credit Card,Grocery,No,Yes,22,72,1
2080,554,56,90345.63,10,110.02,108,4967.58,419.96,4,785,470,Tablet,Online,Digital Wallet,Entertainment,No,Yes,1,10,1
2081,397,48,50223.58,4,74.37,19,11118.41,402.29,2,3742,1546,Tablet,Home,Digital Wallet,Shopping,No,No,34,88,1
2082,625,55,122211.4,0,36.33,142,523.97,390.47,8,35,819,Laptop,Home,Credit Card,Shopping,No,Yes,26,83,1
2083,105,63,69758.78,10,11.12,83,69850.52,88.86,0,2388,1026,Mobile,Online,Contactless,Shopping,No,Yes,4,62,1
2084,192,19,160486.81,10,526.93,65,56442.41,316.99,5,95,1298,POS,Home,Contactless,Food,No,Yes,48,71,1
2085,17,44,59728.68,5,485.55,26,21382.57,584.66,2,3475,2307,POS,Home,Credit Card,Online Services,No,Yes,45,73,1
2086,1144,53,152570.95,22,340.91,138,23683.99,226.97,0,2808,215,Mobile,Public,Online Banking,Food,No,Yes,12,54,1
2087,393,28,47297.82,7,599.23,99,81191.38,319.61,2,1199,191,Mobile,Online,Digital Wallet,Electronics,No,Yes,92,96,1
2088,425,64,201325.32,1,571.85,77,50431.1,355.61,1,3335,2478,Mobile,Work,Digital Wallet,Grocery,Yes,No,37,83,1
2089,129,35,226205.91,14,393.24,70,70003.57,621.18,9,58,1509,POS,Public,Credit Card,Entertainment,No,Yes,3,39,1
2090,1154,18,33207.23,22,279.01,43,45549.17,472.07,7,3922,820,POS,Work,Credit Card,Grocery,No,Yes,28,29,1
2091,572,52,140393.94,21,91.73,70,24152.94,72.24,2,3774,574,Laptop,Online,Contactless,Travel,No,No,93,16,1
2092,29,52,21354.42,8,309.6,59,97055.08,622.94,6,1696,2490,POS,Work,Online Banking,Food,No,Yes,84,44,1
2093,1121,48,179494.92,14,95.07,3,56781.93,599.1,9,689,1174,POS,Unknown,Digital Wallet,Online Services,No,No,2,67,1
2094,1034,45,79394.85,7,239.37,133,13532.7,542.65,5,929,98,Laptop,Work,Online Banking,Grocery,No,No,56,69,1
2095,242,56,158334.57,15,565.62,85,40905.96,335.62,6,3695,2370,Laptop,Home,Online Banking,Grocery,No,Yes,65,70,1
2096,232,18,155286.56,13,205.52,95,33269.07,545.46,6,933,1780,Mobile,Online,Credit Card,Travel,No,Yes,46,17,1
2097,789,42,277313.87,14,92.1,78,21801.7,344.75,9,3571,664,Mobile,Online,Credit Card,Entertainment,No,Yes,100,81,1
2098,715,60,164770.06,19,349.65,101,93377.28,530.4,0,390,1333,Tablet,Online,Online Banking,Entertainment,No,No,44,100,1
2099,759,55,174941.24,12,361.62,83,88151.54,633.69,3,3955,595,Mobile,Online,Online Banking,Food,No,Yes,18,42,1
2100,802,37,120555.77,8,116.69,84,20315.14,641.2,3,1648,562,Mobile,Work,Contactless,Travel,No,Yes,73,96,1
2101,776,20,284728.97,0,118.35,121,35538.71,327.35,4,1977,1662,Mobile,Unknown,Credit Card,Grocery,No,Yes,37,40,1
2102,726,68,233178.05,5,593.74,135,76350.38,618.74,9,3039,1911,Tablet,Online,Digital Wallet,Shopping,Yes,Yes,54,14,1
2103,200,19,85693.05,7,146.35,53,21246.35,73.14,4,3686,583,POS,Home,Online Banking,Shopping,No,Yes,25,32,1
2104,945,35,253278.45,19,503.0,114,59360.7,73.4,7,3456,1978,POS,Public,Digital Wallet,Grocery,No,No,83,43,1
2105,79,61,129775.67,17,282.46,6,70129.5,394.8,3,3827,982,POS,Unknown,Online Banking,Food,Yes,No,62,77,1
2106,956,27,248617.28,17,261.28,135,65570.25,469.36,0,2103,2105,POS,Public,Credit Card,Travel,No,No,25,47,1
2107,856,22,246884.13,16,177.33,18,70787.66,110.24,4,3391,1449,Laptop,Online,Credit Card,Food,No,No,52,23,1
2108,1197,26,56742.17,20,464.41,54,70816.61,340.02,0,2148,599,Mobile,Online,Credit Card,Shopping,No,Yes,63,60,1
2109,467,19,210372.23,15,528.46,127,96498.19,68.03,2,3963,457,Laptop,Public,Credit Card,Entertainment,No,No,15,12,1
2110,581,51,87263.83,12,157.05,25,34976.64,433.55,7,3790,1009,Mobile,Home,Credit Card,Food,No,Yes,46,86,1
2111,940,55,89318.05,21,57.51,63,87919.75,615.68,9,1142,1146,Tablet,Public,Contactless,Shopping,No,Yes,56,94,1
2112,449,48,88974.79,3,82.58,115,2669.8,531.13,4,206,64,Mobile,Work,Credit Card,Entertainment,Yes,Yes,26,58,1
2113,87,27,217697.92,3,475.79,141,29176.19,272.43,6,2104,1767,POS,Home,Digital Wallet,Grocery,No,Yes,64,22,1
2114,101,67,69024.83,20,261.78,51,5341.25,715.53,0,1342,2453,Mobile,Home,Contactless,Food,No,Yes,20,64,1
2115,1032,29,371.66,13,79.58,28,65294.79,477.35,5,2917,1036,Mobile,Online,Digital Wallet,Food,No,No,67,74,1
2116,845,53,214599.53,4,204.5,73,10528.64,587.0,7,2894,2024,POS,Home,Credit Card,Shopping,No,Yes,25,12,1
2117,87,38,51438.3,15,308.78,72,84647.83,482.22,5,604,1429,Mobile,Home,Credit Card,Shopping,No,Yes,21,100,1
2118,43,66,31434.27,13,511.3,85,64835.87,712.38,3,3077,1352,Laptop,Online,Digital Wallet,Entertainment,No,No,34,92,1
2119,408,64,71331.08,13,385.23,110,3367.13,591.4,7,560,2430,Mobile,Online,Credit Card,Electronics,No,No,88,87,1
2120,664,23,114032.17,13,106.03,30,71620.35,374.03,7,3585,383,Mobile,Unknown,Contactless,Online Services,No,No,25,24,1
2121,1041,65,142824.31,23,95.64,9,86272.48,264.22,5,3535,1008,Tablet,Work,Digital Wallet,Entertainment,No,Yes,65,92,1
2122,148,66,13466.56,13,247.69,141,66281.54,491.18,7,522,2481,Tablet,Work,Online Banking,Food,No,No,29,72,1
2123,277,20,291174.94,18,45.58,82,3537.16,425.0,5,2355,1447,Mobile,Home,Digital Wallet,Food,No,Yes,32,20,1
2124,232,27,214847.31,2,453.47,64,85863.0,453.17,3,3076,432,POS,Online,Contactless,Food,No,Yes,1,3,1
2125,366,22,97025.9,16,241.17,38,73380.16,247.03,5,3447,1544,POS,Work,Digital Wallet,Grocery,No,Yes,35,71,1
2126,436,63,95677.31,13,206.14,119,38155.91,308.74,8,3680,1577,Mobile,Work,Online Banking,Shopping,No,Yes,56,23,1
2127,399,43,134617.91,9,305.71,22,33198.71,401.87,7,1291,423,Mobile,Online,Contactless,Food,No,Yes,16,59,1
2128,499,38,187910.82,12,425.52,99,48242.11,604.3,6,1190,1749,POS,Unknown,Contactless,Food,No,Yes,32,99,1
2129,540,62,43997.28,21,341.82,106,86776.62,549.32,4,1216,133,POS,Home,Credit Card,Entertainment,No,Yes,79,33,1
2130,563,43,56760.05,3,481.54,64,25579.91,85.52,6,2916,2088,Mobile,Online,Credit Card,Shopping,No,Yes,5,46,1
2131,442,55,257844.43,10,377.8,9,10545.9,176.87,0,876,1039,Mobile,Home,Credit Card,Entertainment,No,Yes,10,35,1
2132,773,61,76950.85,14,472.89,126,86531.32,19.29,7,2977,1773,Mobile,Home,Credit Card,Electronics,No,Yes,86,22,1
2133,350,43,114120.48,14,418.22,95,3115.84,5.83,4,322,1278,Mobile,Work,Contactless,Entertainment,No,Yes,72,34,1
2134,520,25,261394.43,23,116.28,88,91144.2,161.63,6,1081,1370,Mobile,Online,Credit Card,Entertainment,Yes,Yes,79,36,1
2135,138,22,198978.03,1,31.89,113,30921.65,575.53,6,285,1947,POS,Online,Credit Card,Electronics,No,Yes,20,26,1
2136,992,32,102579.39,10,542.09,72,51068.16,651.43,7,934,451,POS,Public,Credit Card,Entertainment,No,Yes,89,41,1
2137,368,33,205141.49,1,567.42,50,13663.4,282.13,6,3904,2350,POS,Public,Contactless,Food,No,Yes,12,10,1
2138,360,18,6003.0,22,436.3,148,90274.37,405.55,5,3725,2131,Mobile,Online,Online Banking,Food,Yes,Yes,90,7,1
2139,921,33,220719.23,4,434.66,81,75108.7,508.39,5,1805,1226,Mobile,Work,Digital Wallet,Travel,No,Yes,68,42,1
2140,329,54,146156.11,12,162.45,33,92453.48,686.12,4,1808,2324,Mobile,Unknown,Online Banking,Online Services,No,Yes,63,11,1
2141,962,20,243973.33,0,325.69,63,68481.29,657.32,4,694,647,Tablet,Unknown,Online Banking,Shopping,No,Yes,26,81,1
2142,463,69,286395.83,6,595.35,105,18877.03,41.27,3,294,1212,Mobile,Unknown,Online Banking,Food,No,Yes,60,72,1
2143,946,64,277743.99,6,513.76,99,31172.57,178.75,6,2010,324,Mobile,Home,Credit Card,Grocery,No,Yes,74,71,1
2144,963,48,272788.59,9,182.98,6,48941.43,35.48,2,1617,305,Mobile,Unknown,Online Banking,Shopping,No,Yes,61,72,1
2145,836,30,153699.77,5,180.98,135,60922.19,443.95,4,3582,223,POS,Public,Digital Wallet,Entertainment,Yes,Yes,15,97,1
2146,169,33,108106.62,19,290.4,9,92682.71,511.58,2,430,340,Tablet,Online,Online Banking,Travel,No,Yes,5,6,1
2147,217,60,139564.09,11,243.06,101,38703.17,222.03,7,2537,649,Mobile,Unknown,Digital Wallet,Grocery,No,Yes,32,46,1
2148,378,38,206999.81,12,223.01,61,70455.67,614.79,4,806,1156,POS,Unknown,Contactless,Food,No,Yes,96,5,1
2149,119,19,265210.93,23,376.37,99,96120.38,326.08,9,3667,279,POS,Online,Digital Wallet,Grocery,No,Yes,22,80,1
2150,190,44,62175.19,10,7.39,148,15661.22,718.83,5,3234,985,Mobile,Unknown,Digital Wallet,Entertainment,No,Yes,22,45,1
2151,767,55,275466.13,17,458.12,58,86339.6,0.39,0,3098,2045,Mobile,Unknown,Online Banking,Travel,No,Yes,12,14,1
2152,370,43,244572.55,1,444.16,60,42360.25,78.92,3,1244,325,POS,Public,Credit Card,Grocery,No,Yes,64,34,1
2153,149,55,293658.92,15,498.28,35,73375.97,217.36,8,1177,267,Mobile,Public,Credit Card,Entertainment,No,Yes,75,56,1
2154,652,63,264087.51,1,504.95,47,29707.06,18.46,4,1484,839,POS,Online,Digital Wallet,Shopping,No,Yes,88,58,1
2155,770,42,84053.21,18,340.06,46,33731.43,563.31,0,3319,2366,Mobile,Home,Digital Wallet,Entertainment,No,Yes,80,50,1
2156,374,28,31876.18,5,468.15,87,3199.76,38.09,3,3978,1683,Laptop,Home,Credit Card,Entertainment,No,No,16,98,1
2157,781,25,33761.1,0,295.69,4,97154.71,539.29,5,2480,1795,Mobile,Public,Online Banking,Online Services,No,Yes,65,89,1
2158,160,25,87437.87,10,570.94,10,81438.53,37.94,6,3072,2333,POS,Work,Online Banking,Entertainment,Yes,Yes,51,86,1
2159,351,50,184293.7,17,114.82,107,9844.84,182.04,6,3423,550,POS,Work,Digital Wallet,Travel,No,No,87,67,1
2160,892,70,241315.67,9,549.41,75,99951.13,605.74,7,2378,1172,Laptop,Online,Digital Wallet,Grocery,No,No,92,82,1
2161,523,24,269785.17,17,155.49,40,60699.95,684.79,4,3172,2196,Mobile,Work,Credit Card,Entertainment,No,No,32,56,1
2162,522,55,187163.64,0,62.08,127,85446.0,298.52,5,2291,1144,Mobile,Online,Contactless,Travel,No,No,53,20,1
2163,783,38,1788.83,18,263.74,119,7132.75,698.36,1,903,2249,POS,Unknown,Online Banking,Travel,No,Yes,100,13,1
2164,273,25,55976.4,15,369.14,73,39250.39,451.39,9,1598,752,POS,Work,Digital Wallet,Electronics,No,Yes,3,98,1
2165,936,68,30007.89,6,138.98,40,67130.29,299.46,1,403,1974,Mobile,Online,Online Banking,Online Services,No,Yes,13,85,1
2166,183,38,109061.01,14,333.7,96,11090.16,578.04,2,3437,1169,POS,Online,Credit Card,Entertainment,No,No,92,93,1
2167,488,37,150455.16,0,484.83,23,49145.83,212.71,3,1224,1587,Tablet,Online,Credit Card,Online Services,No,Yes,92,73,1
2168,846,25,13114.81,22,154.62,143,44546.45,191.45,5,2421,2426,Mobile,Work,Credit Card,Food,No,Yes,58,86,1
2169,124,63,104608.54,20,348.4,115,21996.0,472.75,5,3557,596,Tablet,Public,Credit Card,Travel,No,Yes,45,95,1
2170,985,48,53835.98,8,203.92,116,30376.85,281.21,2,891,505,Laptop,Work,Digital Wallet,Entertainment,No,No,24,45,1
2171,790,67,194156.34,1,318.1,133,96728.28,97.95,0,3511,2185,POS,Work,Digital Wallet,Food,No,No,51,31,1
2172,414,46,139335.28,16,400.32,146,29220.52,48.31,2,330,2006,Mobile,Online,Credit Card,Shopping,No,Yes,13,70,1
2173,1196,65,148645.76,23,210.58,21,21735.9,567.27,3,1549,1626,POS,Public,Digital Wallet,Food,No,Yes,24,41,1
2174,686,26,128364.77,9,596.69,3,53852.81,486.69,8,3392,1175,POS,Online,Credit Card,Travel,No,Yes,5,46,1
2175,113,32,286810.31,5,338.48,46,67260.32,296.55,9,2826,1657,POS,Online,Online Banking,Travel,No,Yes,81,2,1
2176,888,47,64499.06,4,494.76,90,72646.76,645.29,7,3950,1888,Mobile,Online,Credit Card,Travel,No,Yes,50,7,1
2177,122,43,155047.61,7,435.22,79,75547.59,295.88,3,2514,1275,POS,Home,Digital Wallet,Grocery,No,No,76,12,1
2178,39,27,220831.61,7,511.76,127,4164.83,511.44,6,2179,1512,Laptop,Home,Digital Wallet,Electronics,Yes,No,49,64,1
2179,497,46,167097.64,4,104.69,53,39679.16,654.57,8,2087,1695,POS,Home,Credit Card,Food,No,Yes,18,43,1
2180,780,33,278713.36,11,133.92,148,77508.83,605.33,1,3142,1551,Mobile,Home,Digital Wallet,Grocery,No,Yes,33,51,1
2181,943,53,113452.71,6,292.7,21,90532.78,368.04,2,2447,399,POS,Online,Online Banking,Entertainment,No,Yes,58,83,1
2182,149,37,139156.37,12,511.47,90,60418.91,490.09,0,155,2006,POS,Home,Digital Wallet,Online Services,No,Yes,31,20,1
2183,1022,62,26647.84,12,118.97,113,5704.53,297.9,7,2862,789,POS,Public,Credit Card,Entertainment,No,Yes,34,13,1
2184,661,54,182738.83,16,582.65,51,39966.26,466.02,1,412,1254,Mobile,Public,Credit Card,Travel,No,Yes,94,47,1
2185,302,39,86534.77,3,77.0,68,7885.6,185.51,6,2404,1815,Laptop,Online,Digital Wallet,Food,No,Yes,96,85,1
2186,238,24,48176.68,17,105.46,116,74979.52,313.07,6,479,604,Mobile,Work,Online Banking,Grocery,No,Yes,74,26,1
2187,647,40,163404.93,9,100.76,138,6818.79,150.95,2,552,1438,Mobile,Work,Digital Wallet,Shopping,No,No,31,97,1
2188,663,58,159739.85,2,351.81,83,18980.24,27.59,1,1884,2141,Mobile,Online,Credit Card,Food,No,Yes,99,58,1
2189,236,57,22853.91,11,550.57,95,41987.36,423.79,2,1039,2289,POS,Online,Online Banking,Entertainment,No,No,79,22,1
2190,203,46,209494.81,0,153.44,137,46533.51,622.4,7,3808,2146,POS,Work,Credit Card,Travel,No,Yes,27,59,1
2191,256,33,187169.28,10,332.05,29,40944.93,18.51,8,971,1177,Mobile,Work,Online Banking,Food,No,Yes,59,75,1
2192,598,55,56786.28,17,105.88,110,46607.97,141.22,7,3633,406,POS,Online,Contactless,Electronics,No,Yes,27,15,1
2193,662,45,140883.52,12,378.87,71,71467.3,331.39,1,3060,1411,POS,Online,Digital Wallet,Travel,No,Yes,1,45,1
2194,235,65,216124.84,16,74.39,38,37242.25,479.48,8,302,1839,POS,Online,Contactless,Electronics,No,Yes,76,47,1
2195,534,55,158877.78,7,295.04,127,55001.17,123.37,5,2042,2145,POS,Public,Credit Card,Grocery,Yes,No,68,82,1
2196,860,48,118707.17,19,393.28,72,30685.24,40.91,1,531,1932,POS,Unknown,Credit Card,Online Services,No,Yes,23,31,1
2197,770,31,96769.3,18,347.69,59,35685.94,373.76,8,3848,1186,Mobile,Work,Credit Card,Travel,No,Yes,98,98,1
2198,541,70,183157.12,16,84.43,28,61573.0,589.49,4,3588,1115,POS,Unknown,Online Banking,Entertainment,No,Yes,52,29,1
2199,213,50,281738.7,1,97.24,46,49304.22,25.47,5,3328,190,Mobile,Online,Digital Wallet,Shopping,No,Yes,57,41,1
2200,463,26,201556.28,2,403.0,71,72442.11,251.61,0,1280,788,POS,Unknown,Credit Card,Food,No,Yes,87,81,1
2201,436,44,22516.3,2,485.44,38,56273.59,477.76,1,2943,1339,POS,Public,Credit Card,Grocery,No,Yes,51,18,1
2202,283,41,138259.42,5,544.89,117,80455.62,94.22,0,2418,859,Mobile,Home,Online Banking,Food,No,Yes,83,96,1
2203,88,30,267258.16,9,488.26,108,44619.12,169.96,3,2349,878,Tablet,Home,Credit Card,Travel,No,Yes,84,10,1
2204,1068,43,28429.28,23,584.37,146,49357.85,385.6,1,1844,2006,Laptop,Work,Credit Card,Online Services,No,Yes,63,9,1
2205,461,46,296663.83,21,245.25,95,67162.15,686.33,0,2472,278,Mobile,Home,Credit Card,Online Services,No,Yes,84,52,1
2206,278,68,284725.91,17,199.03,63,22513.77,206.96,2,3225,1144,Mobile,Online,Credit Card,Grocery,Yes,Yes,93,27,1
2207,421,66,23574.52,17,17.4,103,38899.99,351.07,3,2987,1060,POS,Online,Credit Card,Online Services,No,Yes,77,26,1
2208,696,60,280030.65,13,270.21,5,62671.7,288.01,3,2272,1559,Mobile,Work,Digital Wallet,Shopping,No,No,28,85,1
2209,515,45,109003.46,15,391.0,107,3373.19,646.14,2,1636,1374,POS,Online,Digital Wallet,Shopping,Yes,Yes,24,29,1
2210,703,45,253428.28,6,489.34,142,43978.66,51.85,1,3845,2279,Tablet,Online,Digital Wallet,Grocery,No,Yes,22,20,1
2211,19,25,125573.16,0,160.84,58,60085.57,407.67,7,1226,1707,Tablet,Home,Online Banking,Entertainment,No,No,86,73,1
2212,23,40,132312.45,16,308.4,146,96753.87,609.22,9,3304,2238,POS,Online,Contactless,Electronics,No,Yes,40,68,1
2213,413,46,190309.5,22,397.37,7,87763.15,711.45,1,1086,1510,Laptop,Online,Credit Card,Food,No,Yes,75,15,1
2214,1054,22,232365.78,4,331.19,87,28433.82,503.11,4,2288,2339,Laptop,Online,Credit Card,Travel,No,No,8,52,1
2215,108,59,10233.37,0,164.78,97,50967.41,273.62,6,842,39,Mobile,Online,Credit Card,Shopping,No,No,96,87,1
2216,1152,24,177987.48,20,477.87,45,6113.23,296.57,8,2771,744,Tablet,Online,Digital Wallet,Food,No,Yes,88,80,1
2217,1135,59,56101.22,16,104.43,16,24455.06,253.28,2,2830,388,Tablet,Home,Credit Card,Food,No,No,12,1,1
2218,136,53,103850.26,9,543.04,64,77598.16,434.64,0,3078,1329,Mobile,Unknown,Online Banking,Food,No,Yes,49,19,1
2219,362,58,104455.8,11,571.58,37,12769.74,532.4,8,3152,1910,Tablet,Online,Digital Wallet,Grocery,No,Yes,21,26,1
2220,129,44,140771.2,19,219.66,9,26140.21,590.03,0,1936,2201,Laptop,Online,Online Banking,Shopping,Yes,No,67,59,1
2221,515,63,100307.51,1,226.02,137,94432.23,300.01,7,2969,659,POS,Work,Credit Card,Entertainment,No,Yes,39,4,1
2222,449,19,32297.6,22,446.1,140,82473.65,516.06,1,1908,297,Tablet,Home,Digital Wallet,Food,No,Yes,62,62,1
2223,1128,42,43774.06,15,274.05,146,78291.86,659.69,6,3508,307,POS,Unknown,Online Banking,Shopping,No,No,82,92,1
2224,874,26,10128.05,14,17.65,90,86523.47,663.0,2,570,1053,Laptop,Work,Credit Card,Shopping,No,Yes,58,57,0
2225,473,70,141127.7,12,551.97,74,75085.77,506.93,5,547,105,POS,Online,Credit Card,Travel,No,Yes,62,60,1
2226,1034,44,286338.86,17,258.73,125,12498.33,458.61,5,964,555,Laptop,Online,Credit Card,Entertainment,No,No,70,35,1
2227,302,18,34791.0,19,122.5,51,51897.85,382.75,3,162,647,Tablet,Online,Digital Wallet,Entertainment,No,No,36,35,1
2228,231,40,283884.72,21,333.62,32,44702.27,131.98,7,2173,1229,Laptop,Home,Contactless,Entertainment,No,No,45,40,1
2229,923,27,220035.12,13,131.73,88,31459.58,89.1,4,453,1747,Laptop,Work,Credit Card,Grocery,No,Yes,79,21,1
2230,1090,59,191285.89,17,124.01,136,83487.02,349.76,6,887,2010,POS,Home,Digital Wallet,Shopping,No,Yes,15,27,1
2231,937,69,193618.8,1,327.67,26,46681.85,114.88,4,3051,1620,Mobile,Online,Online Banking,Shopping,Yes,Yes,62,47,1
2232,112,42,248035.62,1,234.93,66,6499.61,415.48,3,111,299,Mobile,Public,Digital Wallet,Entertainment,No,Yes,38,13,1
2233,1037,20,32165.27,2,344.01,73,27859.08,464.94,5,2866,31,POS,Work,Credit Card,Grocery,No,No,64,54,1
2234,500,23,151475.82,4,598.1,50,23247.8,378.49,2,2392,1309,Tablet,Unknown,Contactless,Shopping,Yes,Yes,88,6,1
2235,932,23,209157.63,15,515.48,45,88804.15,26.32,5,1782,1567,Mobile,Work,Credit Card,Entertainment,No,Yes,71,31,1
2236,598,70,176087.45,21,5.1,87,64920.09,41.66,5,945,1416,Laptop,Public,Credit Card,Travel,No,Yes,9,87,1
2237,234,19,249850.44,14,30.81,33,56257.44,81.69,5,3381,1160,Laptop,Work,Contactless,Electronics,No,Yes,75,33,1
2238,602,35,21774.29,11,366.24,19,50911.6,110.71,2,1696,1187,Tablet,Work,Credit Card,Grocery,No,Yes,80,9,1
2239,314,40,207241.24,8,375.94,141,65186.25,712.72,7,3187,1462,POS,Online,Online Banking,Online Services,No,No,71,69,1
2240,566,19,160254.92,13,526.98,113,75610.12,248.1,3,1893,1504,Laptop,Online,Credit Card,Electronics,No,No,25,44,1
2241,1036,29,113810.34,20,377.62,22,55661.28,210.29,1,395,564,POS,Work,Online Banking,Online Services,No,Yes,78,58,0
2242,209,39,102148.47,15,137.01,148,93859.4,37.73,6,1878,1638,POS,Home,Online Banking,Electronics,No,No,65,38,1
2243,1038,54,186287.71,10,281.38,97,97695.0,457.47,7,2443,2428,POS,Home,Digital Wallet,Electronics,Yes,No,20,44,1
2244,1044,37,267309.51,5,485.49,5,99536.56,469.61,3,1146,566,Mobile,Unknown,Digital Wallet,Travel,No,Yes,28,68,1
2245,587,56,148903.16,9,553.73,126,67104.42,126.41,5,2148,1247,Laptop,Public,Credit Card,Shopping,No,Yes,49,32,1
2246,1015,41,247434.48,7,142.53,78,93295.74,661.86,7,355,1093,Tablet,Home,Credit Card,Travel,No,No,34,3,1
2247,1094,65,120706.7,15,323.99,30,40745.73,576.38,4,1560,493,POS,Online,Online Banking,Food,No,Yes,73,98,1
2248,1125,37,30808.1,2,95.78,91,86029.44,165.91,8,1379,52,POS,Home,Online Banking,Grocery,No,Yes,20,59,1
2249,698,18,18545.57,1,298.45,82,90962.84,349.86,5,2921,718,Tablet,Work,Online Banking,Shopping,No,Yes,95,12,1
2250,132,18,15495.18,15,54.52,88,90461.98,330.1,5,3292,157,POS,Work,Contactless,Entertainment,Yes,No,85,100,1
2251,1156,34,114107.03,18,565.07,132,83169.21,251.0,1,2291,1316,Laptop,Online,Contactless,Food,No,Yes,22,46,1
2252,1044,18,101237.6,8,383.01,105,40956.62,588.72,6,1100,2112,POS,Home,Online Banking,Food,No,No,77,32,1
2253,536,70,215409.31,15,512.6,67,16311.29,78.76,8,1783,130,POS,Unknown,Contactless,Grocery,No,No,44,31,1
2254,1014,69,222872.17,21,598.98,118,33728.66,299.08,4,2166,766,POS,Home,Credit Card,Travel,No,No,47,13,1
2255,227,62,15351.11,3,110.01,30,76845.21,308.24,4,3888,640,POS,Unknown,Online Banking,Food,No,No,25,49,1
2256,1178,47,66414.87,9,416.64,111,23672.11,337.54,4,3073,1135,Laptop,Online,Online Banking,Travel,No,Yes,22,86,1
2257,822,58,82351.13,18,532.25,144,48088.07,620.19,0,1280,1370,Mobile,Work,Credit Card,Food,Yes,No,61,91,1
2258,871,64,164328.83,12,345.77,39,56757.25,157.16,4,1450,2032,Laptop,Online,Contactless,Travel,No,Yes,52,69,1
2259,405,20,43440.12,17,384.0,86,60583.93,74.19,9,2294,2407,POS,Home,Credit Card,Shopping,No,Yes,20,64,1
2260,202,63,40268.97,14,244.9,41,93604.69,444.86,7,1805,225,POS,Home,Digital Wallet,Food,No,No,96,26,1
2261,38,28,283142.29,3,405.02,31,66318.56,125.24,2,2378,2491,Mobile,Home,Credit Card,Online Services,No,Yes,80,49,1
2262,942,41,241280.45,8,237.65,141,78736.73,54.04,8,3517,1562,Mobile,Work,Digital Wallet,Travel,No,No,20,83,1
2263,188,39,54278.41,3,286.23,127,58396.9,307.24,8,955,1534,Laptop,Home,Digital Wallet,Electronics,No,No,86,23,1
2264,1081,61,122029.69,15,62.2,64,83441.24,158.22,5,2930,2145,Laptop,Work,Digital Wallet,Electronics,No,No,45,92,1
2265,941,62,106751.04,20,5.18,117,26734.53,260.14,3,2971,1446,Mobile,Home,Online Banking,Food,No,No,37,66,1
2266,1044,43,237322.12,14,33.56,19,21382.83,187.07,3,199,1326,POS,Home,Online Banking,Grocery,Yes,Yes,15,3,1
2267,273,30,153112.85,23,115.92,111,92668.84,66.79,0,1418,1352,Mobile,Public,Online Banking,Travel,No,Yes,76,77,1
2268,1143,18,38442.14,1,274.23,114,69501.35,403.49,9,1285,900,Tablet,Unknown,Credit Card,Shopping,No,No,9,100,1
2269,583,41,221723.72,13,13.09,25,67316.79,19.55,4,649,2218,Mobile,Home,Digital Wallet,Online Services,No,Yes,44,21,1
2270,516,27,119126.7,2,93.98,121,46995.88,695.79,4,3429,214,POS,Online,Online Banking,Grocery,No,No,15,46,1
2271,526,52,78950.98,21,468.98,99,37981.38,245.82,4,1286,1719,POS,Online,Online Banking,Grocery,No,Yes,44,39,1
2272,336,41,112712.04,22,457.42,90,55791.27,500.54,0,711,1242,Laptop,Home,Online Banking,Food,Yes,Yes,86,78,1
2273,698,45,149377.19,3,473.94,3,12496.35,583.48,0,3748,1072,Tablet,Work,Credit Card,Shopping,No,Yes,12,38,1
2274,1079,53,103000.34,0,552.96,130,45743.9,201.03,9,2720,2158,Mobile,Public,Credit Card,Travel,No,Yes,27,28,1
2275,500,33,72647.54,22,71.88,5,45809.09,539.12,1,2114,527,POS,Online,Contactless,Electronics,Yes,Yes,19,69,1
2276,900,57,119610.76,8,98.3,20,54064.48,599.36,0,2848,1595,POS,Unknown,Online Banking,Travel,No,Yes,25,45,1
2277,766,33,5849.96,16,200.47,38,63651.22,173.82,7,1455,1692,POS,Online,Credit Card,Grocery,No,Yes,74,62,1
2278,536,34,231772.1,13,549.13,101,95753.18,714.6,3,1040,247,Mobile,Online,Digital Wallet,Shopping,No,Yes,99,17,1
2279,162,68,51366.37,16,465.4,128,65390.83,14.99,5,2713,554,Mobile,Online,Digital Wallet,Electronics,No,Yes,64,40,1
2280,594,32,13266.99,0,194.81,102,88430.65,156.32,7,455,1391,Tablet,Online,Digital Wallet,Food,Yes,No,12,35,1
2281,159,33,196144.24,9,53.04,36,55852.23,561.64,4,1958,150,Mobile,Online,Digital Wallet,Online Services,No,Yes,50,82,1
2282,60,32,232203.45,22,370.02,99,62879.32,139.85,5,2485,1535,POS,Home,Digital Wallet,Electronics,No,Yes,72,57,1
2283,915,51,244167.36,15,154.46,113,7448.78,502.78,3,2852,2256,Laptop,Online,Contactless,Grocery,No,Yes,11,85,1
2284,211,28,148103.4,18,318.93,37,13759.74,616.0,5,2942,2188,Mobile,Online,Contactless,Grocery,No,No,83,25,1
2285,406,18,61689.92,23,565.11,54,58177.21,690.64,5,246,2086,Mobile,Home,Contactless,Food,No,Yes,23,95,1
2286,664,32,221194.58,2,343.78,149,39873.43,341.51,2,2247,251,POS,Work,Online Banking,Grocery,No,Yes,88,15,1
2287,1133,43,209943.95,11,554.34,149,79981.65,699.2,3,639,826,POS,Public,Credit Card,Online Services,No,Yes,15,19,1
2288,1100,68,73956.59,2,236.13,92,54546.2,296.43,5,387,890,Mobile,Public,Digital Wallet,Online Services,No,No,63,51,1
2289,542,21,271031.99,14,380.19,70,88287.96,157.13,7,215,2281,Mobile,Unknown,Digital Wallet,Food,No,No,20,13,1
2290,998,60,31401.0,16,536.39,84,97247.0,370.07,6,754,1727,Laptop,Home,Online Banking,Electronics,No,No,89,96,1
2291,1141,22,294808.2,17,353.0,11,15189.7,467.91,3,899,2272,Mobile,Work,Contactless,Electronics,No,No,78,95,1
2292,927,52,258088.32,6,369.13,88,39785.36,329.79,2,853,2338,POS,Home,Digital Wallet,Grocery,No,Yes,10,78,1
2293,868,30,206400.8,18,429.93,87,66665.61,408.26,7,1797,895,POS,Online,Credit Card,Shopping,No,Yes,61,25,1
2294,19,27,281631.09,6,529.32,31,30896.13,299.87,5,2007,1062,POS,Unknown,Credit Card,Electronics,No,No,93,83,1
2295,432,28,216721.12,4,53.36,101,27069.72,377.88,7,708,1269,POS,Public,Digital Wallet,Entertainment,No,Yes,47,23,1
2296,740,35,57218.05,7,202.45,60,81466.99,685.87,8,3919,952,POS,Public,Credit Card,Electronics,No,Yes,49,83,1
2297,183,51,132702.63,20,238.91,61,98047.66,359.93,8,1214,1682,POS,Home,Contactless,Shopping,No,Yes,49,81,1
2298,113,56,21543.76,15,545.87,67,77493.43,182.36,9,313,369,POS,Home,Digital Wallet,Entertainment,No,Yes,76,59,1
2299,481,58,116958.26,15,573.63,79,52605.82,546.32,8,213,2124,POS,Public,Contactless,Entertainment,No,No,33,16,1
2300,1170,59,222506.75,18,72.67,71,44529.87,243.13,9,3638,859,Mobile,Unknown,Credit Card,Travel,Yes,Yes,87,96,1
2301,831,67,115994.36,14,71.91,67,54194.95,587.69,0,2219,842,Tablet,Online,Credit Card,Entertainment,No,Yes,78,95,1
2302,1137,40,99155.22,6,560.95,128,46552.55,41.02,2,3796,518,Laptop,Work,Digital Wallet,Grocery,No,Yes,23,51,1
2303,763,24,178647.18,4,177.82,111,50537.36,239.23,8,1649,1375,POS,Online,Contactless,Food,No,No,53,10,1
2304,476,56,261674.14,22,145.47,16,20743.58,68.03,3,260,820,Laptop,Online,Credit Card,Shopping,No,Yes,37,72,1
2305,763,20,14370.2,10,21.86,45,90422.32,61.52,9,3569,122,Mobile,Work,Online Banking,Travel,No,Yes,22,55,1
2306,971,29,115702.58,9,165.72,34,75576.23,474.07,1,2465,1864,Mobile,Work,Digital Wallet,Online Services,No,Yes,93,62,0
2307,1020,24,47556.4,20,416.27,44,68257.25,277.5,0,764,1305,POS,Online,Contactless,Electronics,No,Yes,100,45,1
2308,1142,66,208636.74,22,255.91,117,95017.53,627.48,4,187,1216,POS,Home,Credit Card,Entertainment,No,Yes,2,66,1
2309,161,43,31806.8,8,310.36,125,28797.24,371.86,3,1371,1211,POS,Public,Digital Wallet,Grocery,No,Yes,20,25,1
2310,401,50,199475.85,0,550.42,103,8575.36,212.72,4,1238,167,Mobile,Work,Credit Card,Online Services,No,No,5,58,1
2311,198,54,85925.64,19,69.26,120,82700.8,519.07,4,3522,341,Mobile,Online,Credit Card,Travel,No,No,91,91,1
2312,660,65,59755.15,0,43.21,35,99842.49,449.33,7,3284,2367,Laptop,Online,Digital Wallet,Food,No,Yes,3,64,1
2313,1071,32,280912.13,7,511.23,126,58054.03,575.73,5,3698,2142,POS,Online,Credit Card,Travel,No,No,82,44,1
2314,399,19,5655.52,2,465.03,75,6351.53,463.42,2,2654,1736,POS,Home,Online Banking,Food,No,No,77,24,1
2315,78,58,131389.4,1,158.61,84,78156.57,120.33,8,1105,732,POS,Online,Online Banking,Online Services,No,No,86,51,1
2316,124,24,6585.94,3,194.88,53,7838.03,482.66,7,1056,990,Tablet,Home,Credit Card,Travel,No,Yes,77,63,1
2317,75,49,145129.56,18,186.51,58,54231.39,281.98,8,2154,1590,POS,Work,Contactless,Grocery,No,Yes,12,24,1
2318,137,21,150364.11,10,388.86,143,28114.48,333.52,3,1700,1303,Mobile,Home,Contactless,Travel,Yes,Yes,32,48,1
2319,602,37,96566.58,4,37.2,50,91545.16,663.53,7,1891,568,Mobile,Home,Contactless,Electronics,No,No,58,20,1
2320,837,67,39735.32,23,293.9,141,45407.46,259.24,2,2659,146,POS,Public,Digital Wallet,Grocery,No,Yes,100,32,1
2321,500,70,112978.62,9,80.76,111,89897.1,440.65,4,3775,515,Mobile,Online,Digital Wallet,Electronics,No,No,71,34,1
2322,138,53,201711.66,23,491.93,111,30258.57,261.77,6,2685,1416,POS,Home,Credit Card,Grocery,No,No,70,93,1
2323,50,49,234740.5,22,228.71,120,39042.58,68.29,0,1069,1079,POS,Public,Credit Card,Grocery,No,Yes,40,52,1
2324,973,45,159272.11,7,316.78,65,94738.36,326.59,0,2307,813,Mobile,Home,Digital Wallet,Online Services,No,Yes,6,38,1
2325,254,30,176991.33,12,18.08,106,20530.79,429.92,2,933,649,Mobile,Home,Digital Wallet,Electronics,No,Yes,63,14,1
2326,710,18,60264.85,4,35.43,91,58060.86,293.46,3,2994,1546,Mobile,Home,Digital Wallet,Grocery,No,No,25,24,1
2327,563,52,86270.37,11,405.2,146,39156.78,281.34,0,918,1410,POS,Online,Digital Wallet,Travel,No,No,91,99,1
2328,757,65,48652.49,12,460.18,26,77529.61,590.69,7,1320,1529,Mobile,Online,Credit Card,Entertainment,No,Yes,69,83,1
2329,547,47,74863.68,21,426.17,72,13364.99,21.47,1,1359,443,Laptop,Home,Online Banking,Travel,No,Yes,83,72,1
2330,922,53,67543.55,7,442.34,44,44002.89,212.89,4,3956,458,POS,Home,Credit Card,Electronics,Yes,Yes,73,8,1
2331,581,42,155882.69,14,63.22,90,70043.8,584.48,5,1059,272,Mobile,Online,Digital Wallet,Travel,No,Yes,50,6,1
2332,49,33,168850.36,12,416.22,133,40998.12,662.79,5,1163,1834,Mobile,Online,Credit Card,Entertainment,No,Yes,40,75,1
2333,917,36,283489.73,0,109.46,124,6323.91,296.91,5,172,2329,Laptop,Unknown,Credit Card,Grocery,No,Yes,1,43,1
2334,1098,18,58751.64,21,59.26,5,70658.67,639.94,0,1960,1128,Mobile,Online,Contactless,Food,No,No,46,55,1
2335,704,22,192538.55,5,454.42,127,50568.23,143.31,2,1720,141,Tablet,Online,Credit Card,Shopping,Yes,No,73,77,1
2336,261,68,245196.05,10,533.7,113,1625.21,159.51,2,236,811,POS,Online,Digital Wallet,Electronics,No,Yes,39,27,1
2337,356,39,168116.41,12,430.17,111,61459.26,609.27,7,2506,999,Mobile,Online,Contactless,Online Services,No,No,10,24,1
2338,638,41,76575.6,20,483.44,77,92028.16,650.36,5,195,1663,POS,Work,Credit Card,Travel,Yes,No,49,92,1
2339,743,60,78838.81,19,594.66,13,11547.08,160.5,1,2337,389,Laptop,Home,Digital Wallet,Entertainment,No,No,14,67,1
2340,1010,62,11871.99,0,81.29,58,59271.79,42.81,0,2027,796,POS,Online,Credit Card,Electronics,No,Yes,46,6,1
2341,931,69,91702.72,10,579.11,130,73002.55,65.12,3,3786,948,POS,Unknown,Credit Card,Grocery,No,Yes,40,66,1
2342,641,54,223406.64,10,360.92,88,7541.98,188.27,0,423,197,Tablet,Home,Digital Wallet,Electronics,No,Yes,89,97,1
2343,792,70,14350.58,7,488.05,36,2750.24,548.27,4,150,2290,Mobile,Online,Digital Wallet,Food,No,No,19,16,1
2344,612,53,65866.66,21,390.28,25,46687.49,367.24,7,3027,817,Mobile,Work,Credit Card,Grocery,No,No,17,57,1
2345,809,53,211899.13,2,342.24,34,79223.08,328.08,9,442,1981,POS,Home,Digital Wallet,Shopping,No,Yes,82,62,1
2346,686,21,234817.2,18,422.32,140,16491.58,420.62,1,3241,1899,Mobile,Home,Credit Card,Travel,No,Yes,46,91,1
2347,188,53,136649.99,11,192.5,19,83745.41,640.97,7,2005,2123,Tablet,Home,Contactless,Online Services,No,Yes,73,85,1
2348,985,69,209452.49,5,554.6,114,65829.44,65.2,7,2245,1071,Laptop,Work,Online Banking,Travel,No,Yes,65,65,1
2349,548,70,116446.86,22,69.62,106,33551.24,500.23,5,3185,908,Mobile,Work,Credit Card,Electronics,No,Yes,70,18,1
2350,725,35,48057.98,7,191.16,37,51824.67,667.3,7,450,787,POS,Online,Online Banking,Entertainment,Yes,No,38,80,1
2351,926,67,119505.03,4,19.18,107,96574.71,153.69,1,1759,1403,POS,Home,Credit Card,Electronics,No,Yes,17,38,1
2352,876,33,174032.35,9,163.16,129,22035.48,603.21,6,2865,717,Tablet,Online,Credit Card,Food,No,Yes,73,18,1
2353,618,58,284421.18,21,131.32,60,50203.77,502.61,7,297,427,Laptop,Home,Credit Card,Online Services,No,No,11,14,1
2354,414,35,20718.41,15,30.25,67,62636.41,10.52,3,2115,2003,Mobile,Work,Digital Wallet,Shopping,No,No,53,26,1
2355,903,39,152267.49,11,295.32,79,14232.45,166.84,8,3003,127,Laptop,Online,Credit Card,Food,No,Yes,18,70,1
2356,163,19,98743.04,16,281.45,111,4830.45,436.25,5,3404,1949,POS,Online,Credit Card,Entertainment,No,No,7,11,1
2357,270,38,152542.68,5,47.11,48,1839.27,361.78,2,2415,2236,Tablet,Unknown,Digital Wallet,Travel,Yes,No,35,2,1
2358,632,53,7290.24,8,157.48,147,32806.94,380.16,3,1807,116,POS,Home,Contactless,Entertainment,No,Yes,44,25,1
2359,906,61,93976.3,9,572.02,88,7857.76,167.07,3,2407,1796,Mobile,Online,Digital Wallet,Food,No,Yes,71,67,1
2360,205,56,245978.46,19,66.89,40,80475.11,486.03,0,228,472,POS,Work,Digital Wallet,Online Services,No,Yes,39,61,1
2361,582,64,166227.13,13,183.36,134,99733.29,191.89,9,2887,2249,POS,Online,Contactless,Travel,No,No,11,40,1
2362,841,56,135229.69,13,22.0,96,6599.73,280.45,0,34,711,POS,Work,Credit Card,Shopping,No,No,10,30,1
2363,596,46,85728.97,16,89.76,61,43556.26,265.68,0,1485,2312,Mobile,Online,Credit Card,Electronics,No,Yes,98,9,0
2364,250,43,89482.95,15,419.79,5,3060.35,483.89,3,1018,150,Laptop,Online,Contactless,Shopping,No,Yes,88,30,1
2365,875,38,114992.12,3,220.35,37,13832.09,65.07,0,1424,526,POS,Unknown,Digital Wallet,Electronics,No,No,76,21,1
2366,196,34,250687.66,1,271.52,139,32630.79,148.07,5,924,641,POS,Public,Credit Card,Shopping,No,Yes,9,86,1
2367,690,33,290167.24,15,94.61,106,39672.97,144.44,1,1920,2499,Mobile,Public,Online Banking,Grocery,No,No,86,45,1
2368,1094,48,131652.75,0,409.44,99,94008.4,78.15,0,2180,164,Mobile,Online,Online Banking,Travel,Yes,Yes,96,12,1
2369,639,68,118066.52,2,451.04,8,39885.76,149.55,6,2512,344,POS,Public,Credit Card,Travel,No,Yes,8,42,1
2370,672,26,253980.58,22,109.08,87,49879.63,437.12,5,1961,2146,POS,Home,Credit Card,Online Services,No,Yes,48,53,1
2371,1172,48,128128.91,10,27.47,84,24935.55,527.19,0,679,2275,Laptop,Home,Credit Card,Travel,No,No,21,30,1
2372,944,31,165650.25,15,49.02,11,512.45,475.45,9,1858,40,Laptop,Online,Digital Wallet,Grocery,No,No,80,46,1
2373,199,66,69359.41,17,394.4,71,89983.78,342.19,8,2458,898,POS,Public,Online Banking,Grocery,Yes,No,97,70,1
2374,492,54,223076.41,14,81.74,94,8630.62,37.85,5,2143,764,POS,Online,Credit Card,Electronics,No,No,89,91,1
2375,896,19,159643.3,8,296.6,123,96442.76,690.49,1,608,1163,Laptop,Work,Online Banking,Grocery,No,Yes,6,98,1
2376,142,69,242729.46,11,92.01,141,13518.99,121.1,6,2347,1373,Mobile,Online,Online Banking,Travel,No,No,59,79,1
2377,165,65,234241.75,17,102.5,106,60685.41,481.3,2,76,1998,POS,Home,Credit Card,Entertainment,No,Yes,68,60,1
2378,314,63,64579.93,4,3.11,49,99941.35,657.29,6,2993,45,Laptop,Online,Digital Wallet,Electronics,Yes,No,23,55,1
2379,21,31,214719.1,23,192.83,7,14277.23,502.43,8,394,1681,Mobile,Home,Digital Wallet,Travel,No,Yes,73,54,1
2380,1106,50,240036.32,7,54.33,101,42682.34,157.07,4,3982,1254,Tablet,Home,Digital Wallet,Travel,No,Yes,100,30,1
2381,1155,52,103897.56,2,236.68,51,78152.16,227.44,0,3281,1217,Mobile,Home,Contactless,Grocery,No,Yes,75,79,1
2382,984,56,51865.47,1,358.87,5,3702.92,21.85,4,2145,36,Mobile,Online,Credit Card,Shopping,No,Yes,35,59,1
2383,305,64,889.38,18,220.84,13,69133.38,441.22,7,3216,2138,Laptop,Online,Credit Card,Entertainment,No,No,12,36,1
2384,371,68,135326.01,7,423.2,42,8497.15,441.39,7,3127,954,POS,Home,Online Banking,Entertainment,No,Yes,99,58,1
2385,853,37,105794.58,1,445.0,125,24033.75,522.39,2,3660,661,Mobile,Work,Digital Wallet,Grocery,No,No,71,57,1
2386,384,19,166517.46,18,418.12,133,16427.58,8.02,3,2284,1467,Mobile,Unknown,Contactless,Electronics,No,Yes,57,93,1
2387,445,68,56493.52,0,562.06,62,90779.97,588.86,7,102,965,Laptop,Public,Credit Card,Online Services,No,No,29,7,1
2388,425,58,257913.7,21,142.76,129,18455.44,531.9,7,1312,589,Mobile,Public,Credit Card,Entertainment,No,No,85,79,1
2389,161,36,77400.79,12,114.08,74,4523.19,101.52,6,3487,120,POS,Home,Digital Wallet,Travel,No,Yes,67,52,1
2390,629,54,68006.24,22,366.02,114,58968.76,250.36,5,2052,1571,POS,Home,Contactless,Electronics,No,Yes,61,51,1
2391,895,35,144266.15,19,357.13,54,34945.0,459.77,3,2107,475,POS,Home,Digital Wallet,Grocery,No,No,61,93,1
2392,490,33,149705.42,16,306.3,116,40867.77,357.02,9,3522,1338,Mobile,Work,Online Banking,Food,Yes,No,88,14,1
2393,1017,21,64604.06,2,3.11,131,12346.74,82.96,8,1056,1446,Mobile,Online,Credit Card,Shopping,No,Yes,30,74,1
2394,327,29,81631.03,8,333.37,83,74949.33,62.98,1,1574,979,Mobile,Home,Digital Wallet,Shopping,No,Yes,27,24,1
2395,598,46,50994.6,4,559.71,130,60354.59,562.67,1,1573,1935,Mobile,Public,Credit Card,Food,No,Yes,93,38,1
2396,1015,24,215566.21,5,201.08,49,36739.6,112.38,0,550,1840,Mobile,Unknown,Contactless,Grocery,Yes,Yes,30,2,1
2397,289,31,231049.7,3,580.58,31,17571.71,123.99,2,2965,359,Mobile,Work,Credit Card,Electronics,No,Yes,100,71,1
2398,593,29,138752.32,16,214.38,74,59548.45,598.28,2,430,2036,POS,Online,Digital Wallet,Online Services,No,Yes,55,35,1
2399,573,52,214254.7,20,84.34,117,77970.43,440.78,3,1717,1583,POS,Online,Credit Card,Food,No,Yes,23,92,1
2400,28,22,220807.02,20,239.34,3,31583.53,435.43,2,2021,1074,Tablet,Online,Contactless,Entertainment,No,Yes,37,40,1
2401,954,34,41568.83,20,297.02,124,3073.11,345.18,9,2066,1964,Mobile,Public,Digital Wallet,Travel,No,No,26,50,1
2402,43,59,289856.79,15,377.86,85,21827.23,409.72,5,683,2302,POS,Home,Contactless,Food,No,Yes,36,26,1
2403,423,49,246327.48,15,303.17,64,68398.58,433.31,8,979,1849,Mobile,Online,Credit Card,Food,No,Yes,92,96,1
2404,177,27,61424.59,21,322.26,18,98915.09,696.84,7,877,1785,Mobile,Home,Credit Card,Entertainment,No,Yes,63,15,1
2405,529,60,55930.89,10,14.93,34,1830.94,160.62,5,3375,1844,Mobile,Online,Credit Card,Electronics,No,Yes,37,86,1
2406,966,34,37785.78,1,152.55,56,30962.28,154.56,7,1525,1611,Laptop,Online,Digital Wallet,Travel,No,Yes,51,87,1
2407,198,22,41599.73,16,186.76,67,6671.08,41.29,7,964,2445,Laptop,Home,Credit Card,Travel,Yes,Yes,68,10,1
2408,610,62,224473.72,14,592.26,91,31976.75,473.94,9,1425,1858,Mobile,Home,Online Banking,Shopping,No,No,93,89,1
2409,842,59,140949.31,17,177.69,67,40888.48,395.36,5,2508,1252,Mobile,Home,Credit Card,Travel,No,Yes,78,27,1
2410,853,26,234901.96,9,538.0,110,92125.78,80.18,1,568,1052,POS,Work,Digital Wallet,Travel,No,Yes,63,26,1
2411,22,66,223901.84,5,183.19,40,8515.8,262.53,4,3449,1680,Laptop,Online,Credit Card,Travel,No,Yes,37,18,1
2412,1136,50,181423.35,20,58.12,147,77824.84,128.72,3,100,601,Mobile,Public,Digital Wallet,Travel,No,Yes,97,65,1
2413,1081,53,205941.35,15,148.95,133,39855.67,238.73,5,1535,467,Laptop,Work,Digital Wallet,Entertainment,No,Yes,31,66,1
2414,1090,53,5604.88,4,164.06,142,81220.65,684.92,1,1784,786,Mobile,Home,Credit Card,Grocery,Yes,Yes,78,32,1
2415,842,35,93602.12,11,586.96,91,51583.52,492.02,3,1855,620,Tablet,Work,Contactless,Online Services,No,Yes,25,95,1
2416,98,26,191382.87,5,404.74,49,4408.56,5.55,7,285,910,Mobile,Home,Online Banking,Shopping,No,Yes,73,76,1
2417,1168,46,2902.55,13,559.04,64,94647.49,181.88,0,3204,2268,Tablet,Home,Digital Wallet,Grocery,No,Yes,25,77,1
2418,435,67,9989.79,22,501.08,112,8732.04,7.56,2,2224,2174,Tablet,Online,Digital Wallet,Food,No,No,46,59,1
2419,637,31,255581.21,15,347.37,100,59969.51,514.73,3,931,917,POS,Public,Credit Card,Shopping,No,Yes,89,63,1
2420,1110,42,205239.06,6,405.4,104,87827.94,338.04,1,699,2227,Mobile,Public,Digital Wallet,Electronics,No,Yes,30,93,1
2421,588,32,79684.38,1,375.09,5,8437.09,715.69,1,1913,72,Laptop,Home,Digital Wallet,Grocery,No,Yes,20,59,1
2422,344,23,206420.06,5,399.92,119,55612.39,528.21,5,169,1350,POS,Home,Credit Card,Grocery,Yes,Yes,23,3,1
2423,571,59,237757.76,8,159.23,88,82516.84,372.95,5,2732,942,POS,Online,Online Banking,Food,No,No,1,68,1
2424,611,46,92107.61,6,245.17,127,98639.31,579.41,2,2698,2396,POS,Work,Credit Card,Shopping,No,Yes,15,16,1
2425,243,32,10907.61,1,355.77,24,72570.58,507.49,7,1476,247,POS,Online,Credit Card,Shopping,No,Yes,21,63,1
2426,561,46,279840.46,18,22.04,107,28194.27,175.59,2,2948,2223,Tablet,Online,Digital Wallet,Shopping,No,Yes,30,10,1
2427,960,21,103619.43,7,289.96,50,70107.25,381.83,1,3933,2405,Mobile,Home,Online Banking,Shopping,No,Yes,11,14,1
2428,32,35,32033.88,10,515.91,58,70723.79,400.36,4,93,2336,POS,Work,Credit Card,Shopping,No,Yes,90,51,1
2429,391,67,147607.88,3,295.67,1,70146.62,324.94,6,1324,148,POS,Public,Digital Wallet,Grocery,No,Yes,52,83,1
2430,277,66,230563.49,15,331.62,138,85498.91,129.1,0,1751,1195,Tablet,Online,Credit Card,Shopping,No,No,30,43,1
2431,532,61,66572.03,17,121.54,2,9194.32,160.9,1,897,319,POS,Unknown,Online Banking,Entertainment,No,Yes,9,94,1
2432,1178,56,80920.07,12,476.71,63,11287.77,202.43,1,2912,1692,Tablet,Work,Digital Wallet,Entertainment,No,Yes,69,68,1
2433,383,33,72890.22,4,215.65,16,64241.4,7.48,7,542,254,Laptop,Online,Online Banking,Online Services,No,No,47,62,1
2434,1092,28,297502.75,1,573.97,37,95411.17,660.21,9,1060,923,Laptop,Home,Credit Card,Food,No,Yes,34,100,1
2435,884,31,59301.38,10,596.23,16,46850.94,494.02,5,1446,1310,Mobile,Online,Online Banking,Travel,No,No,33,62,1
2436,214,20,172698.51,0,549.64,87,96075.99,496.56,3,3102,274,POS,Unknown,Online Banking,Shopping,No,Yes,98,32,1
2437,376,68,277586.87,12,51.38,90,93839.48,412.12,3,3362,2253,POS,Home,Online Banking,Grocery,No,Yes,65,91,1
2438,744,67,44154.28,4,200.24,80,90339.52,496.33,4,2124,551,Tablet,Home,Online Banking,Travel,No,Yes,51,23,1
2439,213,59,291259.17,17,567.11,27,91030.17,706.94,2,897,1648,Mobile,Online,Digital Wallet,Entertainment,Yes,Yes,79,83,1
2440,79,55,284248.42,13,482.82,111,89882.72,277.38,3,807,1192,Mobile,Online,Credit Card,Electronics,No,Yes,31,34,1
2441,628,62,265383.14,12,546.75,64,82078.99,513.05,3,1055,148,Mobile,Online,Online Banking,Online Services,No,Yes,56,75,1
2442,604,59,64445.5,6,343.75,97,69650.41,258.92,6,2612,1631,Mobile,Online,Credit Card,Grocery,No,Yes,76,19,1
2443,782,35,190253.11,7,288.5,137,2928.61,615.1,6,388,2336,Laptop,Online,Credit Card,Shopping,No,No,71,23,1
2444,1001,37,228291.35,17,64.34,11,13659.23,617.79,0,1530,600,Mobile,Online,Contactless,Grocery,Yes,Yes,45,44,1
2445,680,65,295809.78,6,503.76,70,13856.09,649.64,2,1968,1926,Mobile,Online,Credit Card,Food,No,Yes,33,51,1
2446,58,42,54209.1,19,447.21,143,2842.26,4.03,8,1475,1245,POS,Home,Credit Card,Travel,Yes,No,96,40,1
2447,1050,55,229831.17,16,35.8,48,12111.83,214.77,5,844,972,POS,Home,Digital Wallet,Food,No,Yes,51,56,1
2448,881,30,101706.47,15,126.04,94,92014.77,96.51,5,625,1183,Mobile,Online,Contactless,Shopping,No,No,5,72,1
2449,447,21,52770.38,10,334.59,76,66548.53,326.92,3,2281,2235,Laptop,Online,Contactless,Online Services,No,No,38,9,1
2450,66,31,126470.94,18,410.8,60,31551.27,356.77,9,1000,290,POS,Unknown,Digital Wallet,Travel,Yes,Yes,5,14,1
2451,1068,50,238171.39,0,83.03,68,79439.32,184.33,8,256,419,POS,Online,Credit Card,Grocery,No,Yes,56,58,1
2452,1121,45,139508.46,20,147.27,57,49092.76,520.91,2,3025,674,Laptop,Online,Online Banking,Grocery,No,Yes,81,63,1
2453,1012,69,161303.18,7,116.27,64,14641.64,194.31,7,3865,161,Mobile,Work,Digital Wallet,Travel,No,Yes,71,99,1
2454,227,54,298548.31,0,132.39,80,88507.96,614.82,5,846,437,Mobile,Work,Credit Card,Grocery,No,No,89,34,1
2455,774,25,119792.88,8,552.47,87,34196.86,128.0,1,2020,2073,Mobile,Home,Contactless,Shopping,No,No,25,65,1
2456,679,61,184658.69,18,429.63,120,70036.49,264.47,2,2228,1206,Laptop,Online,Credit Card,Electronics,No,No,67,32,1
2457,601,51,109636.74,20,442.4,143,29414.12,448.05,0,3348,2359,Mobile,Home,Credit Card,Shopping,No,Yes,52,8,1
2458,379,61,117896.42,8,476.5,79,50257.09,435.88,2,1871,596,POS,Home,Credit Card,Food,No,No,36,23,1
2459,709,22,208722.66,20,214.27,36,81717.14,56.27,3,2094,1691,Mobile,Online,Contactless,Entertainment,No,No,92,32,1
2460,307,22,281372.3,9,460.43,54,16099.35,609.32,5,2381,2123,POS,Home,Credit Card,Entertainment,No,Yes,23,38,1
2461,779,48,162753.45,23,587.06,145,97736.51,430.65,9,1942,715,Mobile,Online,Digital Wallet,Online Services,No,Yes,8,99,1
2462,504,62,230543.14,22,419.19,100,7486.48,626.31,6,1567,2009,Tablet,Online,Contactless,Entertainment,No,Yes,31,22,1
2463,268,26,26853.05,10,250.34,86,53633.89,624.71,2,3298,1982,Tablet,Unknown,Credit Card,Online Services,No,Yes,63,27,1
2464,8,59,63426.3,0,429.96,22,91644.54,393.11,6,1499,2098,POS,Home,Credit Card,Travel,No,Yes,21,85,1
2465,508,49,150689.28,19,540.53,75,94596.54,655.77,3,1394,2036,Mobile,Home,Credit Card,Travel,No,Yes,99,61,1
2466,476,50,6101.52,7,77.69,36,23594.84,610.87,0,2858,1218,Mobile,Unknown,Digital Wallet,Shopping,No,No,50,52,1
2467,164,20,75931.21,19,159.54,29,14826.51,689.85,0,1114,2345,Mobile,Work,Digital Wallet,Travel,Yes,No,29,29,1
2468,485,47,155268.65,11,551.62,142,72578.1,612.37,7,296,130,Tablet,Public,Online Banking,Grocery,Yes,Yes,60,13,1
2469,1096,67,4586.86,0,567.77,18,4676.37,591.28,9,1150,690,Mobile,Home,Credit Card,Food,No,Yes,67,37,1
2470,567,29,79437.43,9,290.74,38,48781.28,337.99,6,1336,2056,Laptop,Online,Online Banking,Grocery,No,Yes,44,42,1
2471,905,46,154257.84,3,225.04,101,79737.35,152.74,3,1300,62,Mobile,Home,Contactless,Shopping,No,Yes,89,45,1
2472,559,20,171987.46,14,170.03,34,56245.35,655.72,0,64,265,Mobile,Work,Contactless,Food,No,Yes,2,42,1
2473,238,43,277732.93,18,299.5,121,19207.32,520.26,5,815,2275,POS,Public,Digital Wallet,Entertainment,No,Yes,98,34,1
2474,1128,47,193639.15,5,560.75,87,48960.91,202.93,9,3570,536,Laptop,Online,Contactless,Online Services,No,Yes,15,34,1
2475,554,26,124479.27,4,90.31,110,92166.83,245.58,6,97,361,Mobile,Online,Contactless,Food,No,Yes,39,74,1
2476,828,43,279112.32,4,252.19,67,61912.69,494.01,5,218,515,Tablet,Home,Digital Wallet,Grocery,Yes,Yes,40,79,1
2477,468,19,235486.41,17,547.01,43,72288.32,344.08,5,70,149,POS,Public,Credit Card,Entertainment,Yes,Yes,47,27,1
2478,386,20,60082.68,2,209.8,123,33958.26,58.76,7,637,187,Mobile,Online,Contactless,Travel,No,Yes,76,80,1
2479,775,63,39339.62,21,460.96,22,19254.14,101.93,5,712,879,Mobile,Home,Online Banking,Shopping,No,No,52,42,1
2480,848,21,202775.91,1,233.86,87,25936.4,536.89,1,974,2221,Tablet,Home,Credit Card,Electronics,Yes,Yes,88,26,1
2481,387,42,168008.96,3,483.05,77,53551.17,236.64,6,2984,722,POS,Home,Contactless,Online Services,No,Yes,6,52,1
2482,877,68,236923.12,17,588.61,125,28381.91,365.56,9,3168,1081,Mobile,Home,Credit Card,Food,No,Yes,70,27,1
2483,259,30,221667.63,8,233.0,96,54425.5,551.99,3,976,978,POS,Public,Credit Card,Shopping,No,No,48,51,1
2484,283,56,187600.94,18,507.14,122,70925.3,540.87,2,1361,1632,POS,Work,Credit Card,Grocery,No,No,58,68,1
2485,40,61,295916.01,9,593.06,40,73572.39,120.33,7,3220,1319,Laptop,Work,Credit Card,Electronics,Yes,No,90,61,1
2486,486,52,160123.56,21,590.31,104,16886.15,70.93,9,882,2128,Mobile,Work,Digital Wallet,Shopping,No,Yes,3,34,1
2487,929,40,34020.42,14,260.55,119,75167.87,425.67,4,3784,2186,POS,Work,Digital Wallet,Electronics,No,No,96,75,1
2488,220,26,248499.24,0,291.71,138,67432.47,534.0,3,3287,1388,Mobile,Home,Digital Wallet,Shopping,No,No,46,3,1
2489,1153,19,75630.82,10,182.39,120,1694.51,107.39,3,1003,163,Laptop,Home,Digital Wallet,Online Services,No,Yes,18,25,1
2490,1015,58,233212.91,13,188.75,17,6357.78,267.87,4,3171,2058,Mobile,Home,Online Banking,Entertainment,No,Yes,56,25,1
2491,1024,61,287136.42,9,295.74,102,64801.83,626.61,3,3088,2157,Mobile,Online,Credit Card,Electronics,No,Yes,92,65,1
2492,613,48,209068.97,18,120.71,130,38678.54,679.85,2,786,1036,Mobile,Work,Contactless,Online Services,No,No,33,76,1
2493,928,61,178849.45,23,426.82,145,15037.35,326.98,3,1724,2415,POS,Public,Online Banking,Shopping,No,Yes,17,82,1
2494,688,64,138169.81,20,322.02,108,4917.46,57.34,9,3084,461,POS,Online,Online Banking,Electronics,No,Yes,32,37,1
2495,613,19,109386.52,15,538.89,90,16360.13,185.62,4,1337,1534,Laptop,Online,Digital Wallet,Entertainment,No,No,76,13,1
2496,260,49,105966.12,7,486.44,119,95772.64,167.82,1,1672,131,Mobile,Public,Contactless,Electronics,No,Yes,85,82,1
2497,990,35,190948.17,1,193.82,63,72892.78,172.13,6,1999,360,POS,Online,Credit Card,Electronics,No,Yes,2,15,1
2498,966,30,225406.81,22,303.73,5,53006.69,355.65,4,2625,405,Laptop,Online,Credit Card,Shopping,No,No,26,6,1
2499,366,63,203587.27,6,450.43,25,94183.28,419.96,8,1401,2308,POS,Work,Online Banking,Food,No,No,39,39,1
2500,544,22,59603.19,18,116.32,73,62101.49,88.29,5,2992,1504,Tablet,Online,Online Banking,Online Services,No,Yes,63,13,1
2501,649,59,148246.76,6,19.44,124,72701.7,640.35,0,1248,793,POS,Work,Credit Card,Online Services,No,Yes,17,76,1
2502,814,61,237512.86,14,511.46,22,28623.86,446.42,8,1833,1923,Mobile,Online,Digital Wallet,Entertainment,No,No,100,74,1
2503,1040,27,142763.65,7,82.96,93,59103.69,430.06,4,513,453,Mobile,Work,Digital Wallet,Grocery,No,No,34,26,1
2504,1153,60,161033.32,13,533.7,35,14775.99,710.84,8,2037,1078,Mobile,Online,Digital Wallet,Shopping,No,No,19,27,1
2505,575,42,231363.7,0,548.21,55,40746.07,452.3,0,617,445,Laptop,Unknown,Digital Wallet,Travel,No,Yes,62,22,1
2506,1133,51,198413.47,12,276.69,128,3807.41,668.86,1,3381,331,POS,Work,Contactless,Electronics,No,Yes,32,97,1
2507,1013,54,122862.54,2,484.17,20,22054.49,206.18,2,3934,1153,POS,Home,Contactless,Travel,No,Yes,50,80,1
2508,670,47,268634.27,20,218.23,5,7949.43,172.97,4,1401,1441,POS,Online,Contactless,Grocery,No,Yes,86,65,1
2509,269,24,48853.86,5,515.03,63,39083.99,371.94,5,3693,2196,Mobile,Public,Digital Wallet,Shopping,No,No,45,43,1
2510,1186,23,298655.38,18,494.9,32,84382.0,366.25,4,3579,1716,POS,Online,Credit Card,Grocery,Yes,Yes,54,43,1
2511,924,20,35743.89,14,47.57,74,38104.44,163.15,0,1151,1645,Laptop,Work,Digital Wallet,Grocery,Yes,Yes,82,65,1
2512,1126,30,4583.5,3,349.77,145,83248.14,503.78,3,311,2408,POS,Public,Digital Wallet,Online Services,No,Yes,88,11,1
2513,247,20,267016.67,20,384.18,101,65821.58,21.43,5,659,691,Mobile,Work,Credit Card,Food,No,Yes,1,86,1
2514,131,43,73561.56,2,1.01,79,51198.18,497.28,3,2496,388,Mobile,Public,Digital Wallet,Entertainment,No,Yes,66,93,1
2515,353,41,218936.92,3,587.96,23,24070.72,329.22,3,252,318,POS,Home,Digital Wallet,Shopping,No,Yes,40,34,1
2516,196,70,243323.51,4,244.24,56,92254.53,496.12,4,3353,1755,POS,Public,Contactless,Food,No,Yes,24,67,1
2517,930,23,257710.02,17,310.65,137,5892.98,343.55,7,109,2074,POS,Home,Credit Card,Grocery,No,Yes,52,95,1
2518,1022,60,297479.11,9,117.29,106,69046.85,703.68,4,855,1987,Mobile,Online,Online Banking,Online Services,No,Yes,2,77,1
2519,645,66,88282.51,7,366.75,69,62313.37,241.04,6,2759,604,POS,Online,Digital Wallet,Shopping,No,Yes,61,58,1
2520,227,59,213101.98,11,486.47,22,44383.63,707.45,7,2490,746,POS,Online,Credit Card,Online Services,No,Yes,27,11,1
2521,701,29,34708.42,21,351.74,32,24411.94,46.87,5,3770,1257,POS,Unknown,Credit Card,Grocery,No,No,66,50,1
2522,265,66,122102.11,2,472.93,2,43354.25,492.34,5,3494,1232,Tablet,Online,Credit Card,Food,No,Yes,87,72,1
2523,646,53,254406.71,17,438.8,123,87340.89,327.09,1,2411,2423,POS,Home,Credit Card,Travel,No,Yes,33,10,1
2524,211,19,110360.65,22,142.98,85,83758.23,591.96,9,2966,1042,Laptop,Work,Credit Card,Food,No,Yes,34,79,1
2525,943,28,177369.5,7,261.77,14,94167.43,568.54,4,1381,2182,Mobile,Online,Contactless,Entertainment,No,Yes,62,8,1
2526,457,56,151181.66,0,89.6,37,31125.42,576.17,0,1055,2390,Laptop,Online,Credit Card,Travel,No,Yes,32,64,1
2527,725,51,193820.86,13,25.64,27,39016.86,68.3,8,1256,2163,POS,Home,Online Banking,Online Services,Yes,No,3,30,1
2528,982,43,291871.03,21,38.31,64,2363.25,592.12,6,2335,1976,Mobile,Work,Contactless,Electronics,No,Yes,55,36,1
2529,1155,35,16815.08,22,565.53,70,94323.52,154.19,1,2840,1533,Mobile,Online,Digital Wallet,Travel,No,Yes,27,30,1
2530,588,38,172231.06,12,590.73,15,33274.31,18.59,5,3468,1381,POS,Online,Credit Card,Travel,No,No,76,56,1
2531,476,53,258922.33,11,57.44,29,40714.3,156.85,9,3247,2377,Mobile,Public,Digital Wallet,Electronics,No,Yes,8,95,1
2532,986,57,144466.68,2,201.45,74,90826.56,345.14,8,866,557,Mobile,Home,Credit Card,Travel,No,No,20,69,1
2533,156,69,23650.3,17,69.1,28,52896.54,534.35,4,2073,1844,POS,Public,Credit Card,Travel,No,Yes,52,19,1
2534,190,63,168205.75,20,500.62,59,56834.37,157.49,2,3479,1209,Mobile,Public,Digital Wallet,Grocery,No,Yes,17,49,1
2535,981,61,99688.96,12,298.03,73,18035.17,81.45,9,1494,1410,Mobile,Home,Credit Card,Electronics,No,No,33,98,1
2536,546,39,46567.04,14,372.95,149,50116.67,465.13,3,484,1581,Laptop,Online,Online Banking,Grocery,No,Yes,55,77,1
2537,41,70,254725.45,9,324.18,10,91861.76,708.41,2,3508,1094,Laptop,Online,Digital Wallet,Electronics,No,Yes,75,62,1
2538,307,47,156527.69,0,426.3,132,56092.45,432.67,0,1840,1311,Laptop,Online,Online Banking,Entertainment,No,No,73,61,1
2539,943,67,279989.6,5,191.82,62,25884.08,497.59,9,2096,1419,POS,Online,Credit Card,Travel,No,No,98,25,1
2540,338,60,241824.35,8,82.93,132,3602.5,404.08,6,3031,584,POS,Online,Credit Card,Travel,No,Yes,71,78,1
2541,1099,47,207922.24,9,11.06,127,33962.03,563.31,7,1933,1119,Laptop,Work,Digital Wallet,Travel,No,Yes,16,11,1
2542,953,25,1607.15,14,267.69,6,57472.8,702.58,1,1008,1917,Laptop,Home,Contactless,Entertainment,No,Yes,91,30,1
2543,279,51,128404.25,8,544.75,80,4740.02,391.82,7,462,2322,Laptop,Home,Online Banking,Grocery,No,Yes,79,71,1
2544,1200,64,59326.14,22,183.51,72,61174.36,300.15,8,1482,760,Mobile,Online,Online Banking,Online Services,Yes,No,64,66,1
2545,896,26,273248.29,13,117.98,16,52579.68,619.46,6,281,1074,POS,Home,Digital Wallet,Travel,No,Yes,88,35,1
2546,273,68,52457.74,10,555.66,38,78451.83,698.21,0,2053,2224,Mobile,Unknown,Digital Wallet,Electronics,Yes,No,40,43,1
2547,837,37,85889.41,6,63.72,65,3374.37,93.1,3,825,342,POS,Work,Credit Card,Electronics,No,No,58,67,1
2548,620,57,155099.35,23,31.55,126,78194.31,416.33,6,3944,345,POS,Work,Digital Wallet,Electronics,No,Yes,83,97,1
2549,862,42,79082.75,1,527.71,83,52327.27,570.59,5,3663,2480,POS,Public,Digital Wallet,Electronics,No,Yes,23,51,1
2550,931,36,63038.42,13,420.7,17,37367.67,384.05,7,2984,1920,Mobile,Home,Credit Card,Online Services,No,Yes,95,46,1
2551,289,22,179769.89,5,253.53,113,96555.61,294.68,5,1876,1501,Laptop,Home,Contactless,Grocery,Yes,Yes,94,62,1
2552,724,28,26769.96,4,451.53,140,16431.89,471.8,9,2726,155,Mobile,Public,Online Banking,Grocery,No,Yes,7,62,1
2553,893,32,17544.51,4,444.99,70,54361.85,194.57,5,2987,525,POS,Online,Credit Card,Grocery,Yes,Yes,59,32,1
2554,272,25,111736.36,18,24.52,71,32437.66,251.44,9,2815,1010,Laptop,Home,Contactless,Food,No,Yes,59,17,1
2555,1090,36,216227.27,18,405.91,131,52984.89,714.44,5,250,773,Mobile,Home,Credit Card,Electronics,No,No,3,51,1
2556,483,40,166486.55,5,384.7,49,55451.41,458.29,6,2190,1652,POS,Public,Credit Card,Entertainment,No,No,30,28,1
2557,936,44,126920.65,9,578.29,21,9400.1,628.52,4,3250,729,Mobile,Online,Contactless,Grocery,No,Yes,10,85,1
2558,248,57,169768.89,22,579.99,136,66282.95,581.61,8,589,2058,Mobile,Home,Digital Wallet,Grocery,No,Yes,98,51,1
2559,156,49,109698.9,13,226.99,64,63630.91,469.67,6,1111,2122,Laptop,Public,Online Banking,Food,No,No,13,19,1
2560,1071,43,280850.29,16,354.11,32,77061.99,605.34,0,2274,865,Mobile,Work,Credit Card,Grocery,No,Yes,39,97,1
2561,454,44,16565.98,2,85.24,20,9520.52,206.83,8,3838,993,POS,Public,Contactless,Online Services,No,Yes,77,57,1
2562,201,36,202050.1,0,40.34,16,30077.23,458.76,5,3750,940,Laptop,Work,Online Banking,Travel,No,No,64,75,1
2563,124,67,267395.67,9,259.95,60,65186.0,425.28,7,3808,757,Tablet,Online,Digital Wallet,Electronics,No,Yes,25,97,1
2564,1,59,241185.02,2,414.08,137,14104.72,448.18,8,1771,127,POS,Home,Online Banking,Grocery,No,Yes,41,87,1
2565,968,46,55293.91,4,340.87,103,67921.02,121.5,1,3119,1324,Laptop,Work,Contactless,Travel,No,No,98,7,1
2566,855,56,88848.31,18,258.08,61,6373.16,199.69,1,809,1497,Laptop,Home,Digital Wallet,Electronics,No,No,40,8,1
2567,640,58,215142.68,9,490.96,104,33825.69,206.47,4,2292,1144,Mobile,Work,Digital Wallet,Electronics,No,No,62,30,1
2568,191,50,25372.74,15,476.76,61,84747.76,433.44,4,3819,1707,POS,Work,Online Banking,Grocery,No,Yes,40,7,1
2569,516,36,243577.32,0,439.3,76,77541.98,700.24,9,665,2073,POS,Work,Credit Card,Online Services,No,Yes,34,58,1
2570,442,54,215700.19,5,46.68,15,64653.69,686.93,9,1069,2194,Mobile,Public,Contactless,Food,No,No,79,86,1
2571,143,36,218909.03,8,477.98,132,87110.61,163.65,1,2754,100,Mobile,Home,Credit Card,Electronics,No,Yes,3,27,1
2572,533,50,30162.39,4,551.69,103,71072.32,219.56,9,2737,1395,POS,Online,Digital Wallet,Electronics,No,Yes,52,40,1
2573,227,64,215356.39,13,36.14,75,52177.82,26.06,3,3889,787,Laptop,Online,Online Banking,Shopping,No,Yes,46,100,1
2574,949,33,203977.46,9,241.3,28,97981.89,287.21,8,3500,755,Tablet,Online,Digital Wallet,Online Services,Yes,No,86,36,1
2575,460,40,249293.65,1,593.02,74,69638.18,600.98,3,2310,136,Tablet,Unknown,Credit Card,Online Services,Yes,Yes,98,19,1
2576,551,24,12574.63,4,359.74,133,60336.03,659.35,0,2102,2463,POS,Unknown,Digital Wallet,Entertainment,No,No,69,91,1
2577,393,43,7030.89,0,308.39,125,41182.62,170.35,4,1454,804,POS,Public,Contactless,Online Services,No,Yes,41,56,1
2578,845,49,111964.83,9,106.88,56,90290.04,191.45,1,1833,2371,POS,Unknown,Digital Wallet,Entertainment,No,No,86,70,1
2579,210,29,44721.61,21,339.51,64,29923.06,159.09,5,1418,2253,POS,Unknown,Credit Card,Travel,Yes,Yes,60,80,1
2580,1139,25,167559.5,8,263.71,127,1417.35,252.14,0,3015,1160,POS,Online,Online Banking,Travel,No,Yes,29,24,1
2581,646,22,275212.94,2,76.9,121,20075.68,579.45,6,3396,1139,Mobile,Online,Digital Wallet,Food,No,No,8,24,1
2582,219,59,117504.77,14,278.87,89,11396.99,465.77,6,3096,1280,Mobile,Online,Digital Wallet,Travel,No,Yes,98,30,1
2583,407,45,253500.62,3,99.06,17,32239.88,565.9,3,3538,2406,POS,Work,Credit Card,Online Services,No,Yes,4,39,1
2584,888,70,172.24,12,438.53,97,82674.93,419.82,8,2148,1304,Mobile,Work,Credit Card,Shopping,No,Yes,25,45,1
2585,558,22,50637.54,5,584.2,55,65327.2,185.64,2,3813,2119,POS,Work,Digital Wallet,Travel,No,Yes,50,99,1
2586,550,66,9224.02,19,282.01,137,17313.57,164.23,4,1612,1479,POS,Work,Digital Wallet,Electronics,No,No,23,49,1
2587,142,43,98511.34,16,379.6,110,78987.76,6.58,4,2102,110,Laptop,Online,Digital Wallet,Travel,No,No,25,35,1
2588,612,22,272466.06,22,258.87,16,50669.88,562.33,7,3826,945,Laptop,Home,Credit Card,Grocery,No,Yes,98,20,1
2589,501,39,29175.94,4,83.5,144,51515.11,609.94,9,3475,291,Mobile,Online,Credit Card,Travel,No,No,70,36,1
2590,840,32,181962.29,14,582.35,13,36530.16,553.19,9,3646,1448,Mobile,Public,Online Banking,Electronics,No,No,98,75,1
2591,702,30,135503.63,7,78.18,78,86529.33,53.66,3,487,1383,POS,Work,Digital Wallet,Shopping,No,Yes,21,19,1
2592,596,45,281546.62,4,67.42,85,32173.57,548.82,0,3315,837,Mobile,Home,Credit Card,Entertainment,No,Yes,94,40,1
2593,281,50,36843.49,23,275.77,73,9866.91,33.05,4,240,1949,POS,Work,Credit Card,Shopping,No,Yes,56,89,1
2594,424,60,63687.15,12,395.5,119,30621.53,76.12,0,2618,577,Mobile,Public,Credit Card,Shopping,No,Yes,3,22,1
2595,856,40,8959.64,0,213.28,68,71677.68,317.2,2,2848,2175,POS,Public,Digital Wallet,Food,No,Yes,79,65,1
2596,270,50,130237.18,0,115.91,74,65929.4,342.88,5,1092,1198,Mobile,Public,Digital Wallet,Food,Yes,Yes,21,84,1
2597,154,60,83422.09,6,491.47,99,19207.71,587.62,0,3361,2002,Laptop,Work,Credit Card,Online Services,No,Yes,83,99,1
2598,614,35,260984.79,21,218.18,117,11622.54,489.29,9,706,2204,Mobile,Work,Digital Wallet,Electronics,No,No,83,23,1
2599,662,67,181521.75,4,117.0,137,66256.14,110.48,2,2172,1357,Mobile,Public,Credit Card,Online Services,No,Yes,49,24,1
2600,83,70,184265.81,13,219.37,146,67799.5,162.9,6,1443,824,POS,Work,Credit Card,Food,No,No,46,39,1
2601,947,47,159620.02,14,129.13,138,36931.89,205.76,1,2297,1432,POS,Home,Contactless,Grocery,No,Yes,98,87,1
2602,899,43,27645.92,20,311.91,115,84358.74,89.13,5,935,869,Mobile,Work,Online Banking,Entertainment,Yes,Yes,78,38,1
2603,284,33,133561.1,16,401.14,54,97831.42,207.18,6,1321,577,Mobile,Public,Online Banking,Electronics,No,Yes,68,47,1
2604,980,30,299851.61,23,479.83,79,20961.7,524.62,1,1547,96,POS,Work,Credit Card,Grocery,No,Yes,31,7,1
2605,173,56,250585.26,17,136.92,15,57918.34,173.88,4,1683,711,POS,Public,Credit Card,Food,Yes,Yes,46,44,1
2606,1087,50,268048.37,6,100.59,139,1031.96,601.48,9,1119,1528,Mobile,Home,Digital Wallet,Travel,Yes,Yes,75,73,1
2607,1097,43,246985.59,21,12.25,118,71448.91,338.11,9,1440,1663,Mobile,Unknown,Online Banking,Grocery,No,Yes,44,93,1
2608,763,65,31002.2,17,137.24,112,41721.07,232.58,0,2270,866,Mobile,Home,Digital Wallet,Food,No,Yes,45,41,1
2609,633,18,68311.73,18,14.83,106,19730.29,297.0,2,3421,1486,Mobile,Home,Digital Wallet,Entertainment,No,Yes,75,42,1
2610,787,66,1036.18,19,207.61,105,75346.08,510.87,0,3648,1815,Mobile,Online,Credit Card,Food,No,Yes,49,74,1
2611,943,55,91122.69,6,87.84,47,81159.56,372.14,2,2252,1355,Laptop,Work,Digital Wallet,Electronics,No,No,4,79,1
2612,1012,19,32671.36,7,348.15,118,11561.07,5.34,3,141,604,Laptop,Online,Online Banking,Grocery,No,No,80,48,1
2613,398,66,141890.72,12,230.54,126,4579.08,664.08,4,3409,1131,Laptop,Public,Digital Wallet,Online Services,Yes,Yes,57,72,1
2614,1144,23,203170.53,17,56.6,148,33740.8,47.61,3,3903,59,Mobile,Home,Credit Card,Travel,No,No,56,22,1
2615,934,63,262364.14,23,240.22,98,62786.05,675.81,3,3441,1405,Laptop,Home,Digital Wallet,Grocery,No,Yes,38,63,1
2616,676,67,224790.23,10,126.0,150,79445.24,20.37,8,3181,860,Mobile,Online,Online Banking,Electronics,No,Yes,6,84,1
2617,936,55,281581.82,8,408.27,48,54833.22,555.13,8,3579,1168,Mobile,Public,Credit Card,Travel,No,Yes,82,57,1
2618,465,59,16264.1,22,218.98,82,58284.5,385.01,8,2188,1558,Laptop,Unknown,Digital Wallet,Grocery,No,Yes,89,82,1
2619,286,41,3752.73,0,88.64,16,80085.89,364.17,4,1540,2061,Mobile,Online,Contactless,Travel,No,Yes,24,56,1
2620,265,35,198435.3,21,210.09,133,53119.92,52.49,4,1974,564,POS,Online,Credit Card,Entertainment,Yes,Yes,52,34,1
2621,320,44,86876.79,7,135.01,74,61309.87,171.97,1,2530,398,Mobile,Home,Credit Card,Grocery,No,No,39,23,1
2622,673,58,76124.95,20,477.57,21,51863.63,559.86,5,442,1779,POS,Home,Digital Wallet,Shopping,Yes,No,73,28,1
2623,820,25,99333.04,11,590.03,61,88105.59,641.72,1,2681,331,Laptop,Online,Credit Card,Entertainment,No,No,37,41,1
2624,89,45,81011.84,1,15.78,24,23933.9,381.01,9,989,1724,Laptop,Unknown,Credit Card,Online Services,No,Yes,98,10,1
2625,821,27,153479.78,14,414.17,23,26767.36,254.47,4,215,2384,Tablet,Work,Credit Card,Shopping,No,Yes,34,52,1
2626,1001,34,132100.52,20,158.74,87,13232.17,43.25,4,1606,866,Mobile,Online,Credit Card,Grocery,No,Yes,40,56,1
2627,334,46,153777.32,23,40.31,139,82036.94,491.2,3,3188,1329,Mobile,Work,Contactless,Shopping,No,Yes,40,23,1
2628,222,23,201846.81,17,9.1,2,41471.84,200.55,4,3325,540,Mobile,Online,Online Banking,Online Services,No,Yes,37,10,1
2629,41,31,116200.44,16,528.67,53,35115.45,39.7,6,80,916,Laptop,Public,Credit Card,Online Services,Yes,Yes,92,65,1
2630,68,39,75467.18,14,212.49,139,98144.2,479.45,9,3227,1588,Laptop,Online,Contactless,Grocery,No,Yes,50,29,1
2631,988,23,49943.54,19,596.73,15,92716.93,349.77,1,1199,2076,POS,Home,Online Banking,Entertainment,No,Yes,11,46,1
2632,514,43,104907.29,19,265.71,140,97212.77,8.71,0,3142,2464,Mobile,Unknown,Digital Wallet,Food,No,Yes,78,41,1
2633,1151,56,222567.76,8,112.96,122,14658.75,79.95,3,384,824,POS,Online,Credit Card,Entertainment,No,Yes,59,69,1
2634,695,29,227035.8,2,466.4,123,89179.56,503.46,6,3546,1901,Mobile,Online,Online Banking,Electronics,No,Yes,26,44,1
2635,1040,52,200104.93,19,555.93,92,33206.61,45.94,0,2440,1461,Mobile,Public,Credit Card,Electronics,No,Yes,60,29,1
2636,477,31,70285.05,18,489.46,23,1759.35,623.51,3,2613,1830,POS,Work,Credit Card,Electronics,No,No,8,50,1
2637,1086,39,176467.07,17,447.25,88,39434.18,224.22,5,3916,306,Mobile,Online,Credit Card,Online Services,No,Yes,28,20,1
2638,881,68,171249.83,19,201.15,142,51165.04,63.93,5,1337,259,POS,Online,Credit Card,Electronics,No,Yes,84,63,1
2639,432,40,145331.43,7,39.16,99,11267.93,547.05,0,65,1921,Mobile,Work,Online Banking,Shopping,No,No,60,8,1
2640,268,65,165038.7,0,121.18,27,53998.92,377.64,6,306,1780,Mobile,Unknown,Credit Card,Shopping,No,Yes,89,89,1
2641,1059,24,147588.01,23,268.36,21,82036.63,220.85,4,1749,1210,Mobile,Online,Digital Wallet,Entertainment,No,No,10,65,1
2642,779,57,169680.36,23,573.74,49,38076.27,292.45,5,1378,2090,Laptop,Online,Credit Card,Travel,No,Yes,63,100,1
2643,494,67,214680.24,14,433.85,44,35588.16,15.51,0,3767,1556,Laptop,Unknown,Digital Wallet,Travel,No,No,61,44,1
2644,661,42,32977.5,18,497.06,44,34211.64,477.18,6,3087,2274,Mobile,Work,Credit Card,Grocery,No,Yes,75,16,1
2645,1013,30,224912.76,9,166.74,128,92347.9,263.42,3,2259,644,Mobile,Online,Digital Wallet,Shopping,No,Yes,26,69,1
2646,1059,38,40852.26,11,410.45,23,5351.43,514.14,2,2548,2180,Mobile,Unknown,Credit Card,Food,No,No,23,50,1
2647,977,58,20081.74,5,517.53,129,44785.08,452.32,3,1865,1223,Mobile,Unknown,Credit Card,Shopping,No,Yes,63,13,1
2648,482,27,292826.3,12,287.91,125,26827.65,468.94,8,2494,2186,POS,Online,Credit Card,Food,No,Yes,19,65,1
2649,728,70,287101.83,3,258.22,36,89433.8,570.9,4,3767,2453,Laptop,Online,Digital Wallet,Travel,No,Yes,18,72,1
2650,480,26,18224.92,12,431.78,55,10057.2,454.47,4,918,2203,POS,Home,Credit Card,Shopping,No,Yes,50,1,1
2651,1089,32,133031.71,16,336.17,110,41438.56,301.54,7,3251,2462,Mobile,Public,Digital Wallet,Online Services,No,Yes,19,20,1
2652,1032,69,55954.86,0,595.91,16,40978.21,280.81,6,433,177,Mobile,Online,Credit Card,Grocery,Yes,No,15,25,1
2653,343,19,145654.93,4,255.35,89,88895.24,86.19,2,543,465,Tablet,Online,Contactless,Entertainment,No,Yes,16,29,1
2654,332,42,249070.16,23,105.98,18,21941.6,561.22,0,3910,1487,POS,Home,Digital Wallet,Electronics,No,Yes,20,67,1
2655,438,30,285188.47,16,283.43,38,64667.09,548.02,1,2643,2402,POS,Online,Credit Card,Travel,No,Yes,19,93,1
2656,174,51,190312.37,17,141.51,20,13873.41,177.41,2,2518,2234,Laptop,Home,Credit Card,Shopping,Yes,Yes,75,18,1
2657,559,68,106236.31,6,336.97,19,95420.58,621.14,0,1299,141,Mobile,Public,Credit Card,Shopping,Yes,No,71,82,1
2658,527,51,181037.34,15,75.92,13,59504.99,424.12,0,3069,1508,Mobile,Public,Contactless,Electronics,No,Yes,19,88,1
2659,659,52,93669.19,7,570.01,17,62812.54,344.71,7,1099,1822,POS,Home,Credit Card,Travel,No,Yes,88,57,1
2660,26,55,272956.11,11,515.96,30,43660.45,12.7,7,2152,1126,Mobile,Online,Online Banking,Entertainment,No,Yes,31,53,1
2661,820,20,261133.1,13,93.76,43,34557.13,275.64,1,1202,983,POS,Online,Digital Wallet,Online Services,No,Yes,52,70,1
2662,605,59,167513.7,18,103.85,48,21661.3,461.32,7,2483,1528,Tablet,Unknown,Online Banking,Entertainment,No,Yes,48,92,1
2663,406,23,97507.19,10,307.71,43,60596.78,64.71,1,2080,1326,POS,Unknown,Contactless,Entertainment,No,Yes,8,62,1
2664,232,65,88087.56,11,463.84,93,95478.89,330.94,4,1062,987,Tablet,Public,Contactless,Travel,Yes,Yes,50,52,1
2665,533,66,10122.06,12,131.84,114,36299.2,715.27,0,543,765,POS,Work,Credit Card,Grocery,Yes,No,61,78,1
2666,505,36,244764.67,7,37.05,66,88374.11,515.94,8,3339,902,Mobile,Home,Online Banking,Entertainment,Yes,Yes,88,26,1
2667,179,20,135169.93,0,327.55,119,15303.24,393.79,3,2617,123,Laptop,Online,Credit Card,Food,No,Yes,8,71,1
2668,132,35,97607.37,8,415.11,53,93644.54,383.83,9,319,697,Mobile,Unknown,Credit Card,Shopping,No,Yes,13,11,1
2669,348,56,141386.0,1,147.0,72,35373.39,31.61,1,2258,544,Tablet,Work,Digital Wallet,Food,No,Yes,74,21,1
2670,540,26,245639.52,13,443.99,78,38282.86,689.27,0,3416,1273,Laptop,Home,Digital Wallet,Travel,No,Yes,19,69,1
2671,772,69,37471.8,12,570.41,74,46552.8,668.3,5,2343,223,POS,Unknown,Digital Wallet,Entertainment,No,Yes,50,31,1
2672,76,29,257311.03,15,82.68,72,71965.3,491.36,7,112,2131,POS,Unknown,Contactless,Entertainment,No,Yes,23,45,1
2673,579,22,269262.9,1,306.86,13,72105.52,71.38,3,1914,963,Tablet,Home,Online Banking,Entertainment,No,No,57,64,1
2674,854,20,284017.7,3,34.58,59,48219.06,149.72,0,3866,841,Mobile,Public,Credit Card,Electronics,No,Yes,97,27,1
2675,194,28,119306.65,11,124.39,32,52553.71,132.5,0,2335,1641,POS,Home,Digital Wallet,Electronics,No,Yes,30,97,1
2676,1186,47,65220.41,15,54.35,83,3486.04,374.14,5,1613,1783,Mobile,Home,Credit Card,Grocery,No,Yes,94,34,1
2677,347,21,112154.88,9,242.7,120,30777.52,149.7,1,1699,2006,POS,Work,Digital Wallet,Entertainment,No,Yes,29,50,1
2678,951,22,99940.34,2,492.59,54,34928.7,501.01,4,1865,1550,Laptop,Public,Digital Wallet,Shopping,No,Yes,61,100,1
2679,1111,18,52928.56,3,346.49,2,56093.36,392.61,1,979,1683,POS,Online,Online Banking,Electronics,No,Yes,35,69,1
2680,214,44,182219.27,5,133.94,118,56050.83,12.81,8,2276,1508,Laptop,Work,Contactless,Grocery,No,Yes,9,26,1
2681,573,45,143039.59,22,24.55,37,71135.03,535.75,1,1345,2031,Tablet,Home,Credit Card,Travel,Yes,No,72,48,1
2682,780,46,259723.73,4,332.26,97,71844.22,136.04,4,677,1752,Laptop,Online,Contactless,Entertainment,No,Yes,25,52,1
2683,262,35,9729.66,17,80.11,103,23903.47,593.93,3,3184,1061,POS,Online,Online Banking,Shopping,No,No,64,99,0
2684,730,29,193195.99,2,205.97,114,77133.62,255.7,0,295,2168,Mobile,Public,Credit Card,Electronics,No,Yes,37,84,1
2685,283,30,228908.37,9,306.36,1,2450.56,243.87,9,3518,375,POS,Unknown,Credit Card,Online Services,No,Yes,38,78,1
2686,362,58,227870.02,10,542.29,128,71758.11,8.61,8,3074,380,Mobile,Home,Digital Wallet,Travel,No,Yes,8,5,1
2687,441,19,265833.58,18,49.55,103,10655.08,711.17,2,2947,239,POS,Online,Credit Card,Online Services,No,No,90,12,1
2688,93,54,218737.22,13,401.33,145,73100.0,440.68,9,2808,2335,Mobile,Work,Credit Card,Electronics,No,Yes,75,13,1
2689,753,62,278350.24,20,8.94,57,52948.25,304.42,7,890,725,Mobile,Public,Digital Wallet,Grocery,No,No,40,91,1
2690,867,33,99863.71,10,378.13,70,44006.82,69.66,3,48,2381,POS,Home,Credit Card,Grocery,No,Yes,23,91,1
2691,142,65,151012.5,20,331.14,44,69221.31,503.42,8,3631,1294,POS,Home,Contactless,Travel,No,No,96,16,1
2692,749,41,4322.49,3,487.21,141,4118.9,203.64,4,400,1671,POS,Online,Contactless,Entertainment,No,Yes,45,51,1
2693,653,52,2186.58,23,319.23,76,22735.3,711.56,1,3792,1587,POS,Home,Digital Wallet,Shopping,No,No,1,54,1
2694,701,39,72113.97,21,211.89,85,61835.79,684.4,7,3124,894,Mobile,Work,Credit Card,Online Services,No,Yes,49,68,1
2695,998,53,30332.08,5,146.03,66,84797.93,529.44,3,3486,2322,Mobile,Online,Digital Wallet,Food,No,Yes,9,13,1
2696,49,28,78137.39,16,51.61,53,38420.21,699.17,1,1880,815,Mobile,Work,Digital Wallet,Electronics,No,No,40,18,1
2697,881,63,53195.28,21,321.0,18,26246.77,76.15,5,3857,1990,Mobile,Online,Contactless,Online Services,No,Yes,28,76,1
2698,1160,46,8653.16,18,533.05,28,52114.28,201.61,0,648,2381,Mobile,Public,Credit Card,Shopping,No,No,97,19,1
2699,555,52,272800.31,12,309.09,132,62420.37,182.41,7,672,1588,POS,Online,Online Banking,Food,Yes,No,96,81,1
2700,404,65,2566.12,21,443.59,42,42300.25,51.94,8,1575,140,Mobile,Public,Digital Wallet,Entertainment,No,Yes,8,42,1
2701,892,32,220851.04,9,179.41,126,87732.71,700.01,6,2456,1183,Mobile,Home,Credit Card,Grocery,No,Yes,37,71,1
2702,865,48,45729.15,10,269.15,117,52582.15,43.28,8,1764,2337,Tablet,Work,Credit Card,Travel,No,Yes,82,21,1
2703,602,59,273677.66,5,195.1,134,4064.45,616.83,1,846,695,Mobile,Online,Online Banking,Entertainment,No,Yes,71,53,1
2704,341,58,267849.5,1,66.01,102,22693.87,553.1,0,2901,590,Laptop,Work,Credit Card,Shopping,No,Yes,18,1,1
2705,704,60,196204.95,0,250.48,137,45339.38,270.69,6,2167,82,Mobile,Work,Contactless,Shopping,No,Yes,76,14,1
2706,318,33,201703.02,10,458.69,148,69923.69,13.64,3,2221,931,POS,Public,Contactless,Electronics,No,Yes,68,3,1
2707,618,27,1701.21,15,237.29,38,22365.35,4.49,9,1860,2267,Mobile,Online,Digital Wallet,Grocery,No,No,77,96,1
2708,382,66,295462.98,2,390.28,50,97637.62,146.96,7,2698,1694,POS,Work,Digital Wallet,Food,No,Yes,75,9,1
2709,233,49,263362.0,4,455.29,60,32196.55,355.64,2,893,1544,Laptop,Unknown,Credit Card,Food,No,No,80,11,1
2710,817,68,268542.36,14,193.98,141,53481.78,329.75,6,233,2221,Mobile,Home,Contactless,Electronics,No,Yes,44,23,1
2711,553,19,197807.44,14,478.61,119,2387.16,421.45,6,3657,1233,Mobile,Online,Digital Wallet,Grocery,No,Yes,78,30,1
2712,856,41,103501.6,3,203.69,99,88546.63,555.83,9,3621,1572,POS,Home,Digital Wallet,Entertainment,No,Yes,16,47,1
2713,819,40,268105.23,22,154.04,94,78989.05,271.76,8,3493,747,POS,Home,Contactless,Food,No,Yes,52,5,1
2714,183,19,87525.93,3,133.86,68,19948.07,115.55,3,3402,684,Mobile,Home,Credit Card,Online Services,No,Yes,53,30,1
2715,1065,55,168857.19,7,120.34,140,93357.05,576.06,9,1960,1161,Mobile,Public,Digital Wallet,Grocery,No,Yes,86,90,1
2716,397,48,30009.32,6,442.41,64,31926.06,239.6,0,1558,2262,Laptop,Home,Digital Wallet,Online Services,No,Yes,18,68,1
2717,779,68,276594.49,16,532.56,79,69372.54,206.63,6,2942,1805,Laptop,Online,Credit Card,Entertainment,No,Yes,40,91,1
2718,907,57,42317.06,14,138.77,53,81988.14,550.33,9,2230,1528,POS,Home,Credit Card,Travel,No,Yes,61,29,1
2719,127,43,67546.55,4,51.6,26,74220.99,672.59,5,558,2179,Laptop,Work,Digital Wallet,Shopping,No,Yes,25,45,1
2720,1,46,167484.43,12,188.6,138,91799.49,658.78,0,368,1779,Mobile,Online,Digital Wallet,Travel,No,Yes,35,7,1
2721,1192,20,229251.49,3,394.88,140,86495.34,99.04,8,2826,1751,POS,Online,Credit Card,Electronics,No,Yes,71,16,1
2722,19,31,185843.46,21,221.43,150,99463.85,362.32,9,3613,2045,Laptop,Online,Contactless,Food,No,Yes,84,72,1
2723,584,42,69716.96,16,329.73,21,18669.84,66.96,7,2004,1111,POS,Public,Credit Card,Travel,No,Yes,27,89,1
2724,456,65,382.82,21,446.71,71,30823.8,691.91,9,3436,117,POS,Work,Digital Wallet,Online Services,No,No,93,88,1
2725,957,18,227169.46,16,245.38,82,63804.47,155.04,3,1562,1175,Mobile,Home,Credit Card,Shopping,No,No,10,41,1
2726,1133,70,295563.68,13,599.82,60,73438.19,142.23,4,1109,1297,Mobile,Public,Credit Card,Food,Yes,Yes,75,61,1
2727,445,20,242992.94,13,179.12,99,53693.2,640.01,7,585,1120,Mobile,Public,Digital Wallet,Entertainment,No,No,20,51,1
2728,602,43,138115.96,16,586.96,47,7855.87,696.86,1,3922,2371,POS,Work,Digital Wallet,Food,No,Yes,33,55,1
2729,103,35,271139.8,7,122.22,143,84238.73,502.33,5,2830,2117,POS,Online,Online Banking,Grocery,No,Yes,77,64,1
2730,988,26,123013.32,1,67.0,24,96107.0,87.21,9,960,1265,Mobile,Home,Digital Wallet,Shopping,No,No,80,51,1
2731,520,55,157527.73,12,450.62,10,40848.93,349.87,1,2628,1109,Tablet,Online,Credit Card,Food,No,No,11,21,1
2732,1177,40,143191.22,21,421.53,120,22868.84,587.97,7,1183,320,Tablet,Work,Digital Wallet,Travel,No,Yes,69,58,1
2733,859,38,134342.4,15,486.8,88,2421.72,412.23,4,127,1672,Mobile,Public,Credit Card,Electronics,Yes,No,67,80,1
2734,174,18,232579.71,15,206.48,104,24111.25,95.56,9,822,736,Laptop,Home,Credit Card,Travel,No,Yes,59,47,1
2735,1005,38,158078.0,5,558.52,124,70141.92,123.84,2,2499,828,POS,Work,Contactless,Grocery,No,No,66,11,1
2736,431,44,95083.46,21,72.13,34,91203.14,622.2,1,109,1502,Mobile,Online,Digital Wallet,Food,No,Yes,53,61,1
2737,727,59,77521.63,23,18.65,41,9804.55,379.51,3,317,873,POS,Work,Credit Card,Grocery,No,Yes,38,72,1
2738,850,23,11420.42,3,180.69,11,55549.29,508.23,7,2924,943,POS,Online,Online Banking,Entertainment,No,No,10,99,1
2739,990,61,175000.23,2,478.5,1,69705.36,268.67,0,1799,373,Mobile,Public,Online Banking,Food,No,No,6,6,1
2740,639,53,69065.43,5,403.95,82,27999.89,383.44,9,3947,1601,POS,Online,Online Banking,Online Services,No,Yes,85,75,1
2741,420,45,44525.36,3,262.01,26,57204.76,703.52,2,2246,1006,Mobile,Public,Digital Wallet,Grocery,No,No,95,28,1
2742,594,62,196183.61,17,154.12,53,71667.22,237.45,0,3180,2122,POS,Home,Digital Wallet,Online Services,No,Yes,34,42,1
2743,485,34,204394.66,5,36.03,125,83853.06,485.88,1,100,1230,Mobile,Home,Online Banking,Shopping,No,Yes,49,52,1
2744,412,57,225671.25,4,202.83,9,45523.74,124.29,9,292,1678,POS,Public,Online Banking,Travel,Yes,No,32,11,1
2745,936,69,151122.71,8,276.28,9,74911.79,87.74,6,741,151,POS,Home,Digital Wallet,Travel,No,No,29,70,1
2746,1108,20,268226.98,10,412.37,129,30527.41,564.24,0,2800,304,Mobile,Online,Online Banking,Food,Yes,No,65,40,1
2747,1137,29,280909.19,5,387.76,59,21698.15,607.77,8,2607,989,Laptop,Work,Credit Card,Electronics,No,No,33,30,1
2748,332,56,242230.54,15,568.43,106,19137.72,481.22,7,814,341,Laptop,Work,Credit Card,Food,Yes,Yes,17,56,1
2749,655,29,190714.49,18,60.69,125,36207.84,113.99,0,239,2495,Tablet,Online,Contactless,Electronics,No,Yes,98,78,1
2750,41,19,91185.91,10,202.14,16,4070.03,173.3,9,2194,1382,Mobile,Online,Contactless,Online Services,No,No,49,77,1
2751,959,63,294885.18,20,289.21,38,28657.69,656.06,0,2693,1156,POS,Public,Online Banking,Food,No,Yes,16,99,1
2752,105,39,82313.44,14,402.58,139,65396.17,207.94,1,3178,717,POS,Work,Credit Card,Travel,No,No,7,6,1
2753,202,40,60876.81,23,297.52,59,64967.95,589.6,1,344,2359,Mobile,Online,Credit Card,Grocery,Yes,No,100,49,1
2754,450,47,132702.02,8,547.7,29,7818.6,205.95,5,2088,1298,Tablet,Work,Credit Card,Electronics,No,Yes,13,33,1
2755,910,22,17146.49,23,365.4,8,29097.85,676.42,0,3994,1186,Laptop,Online,Online Banking,Online Services,No,Yes,84,11,1
2756,210,26,293550.49,18,24.28,98,57170.99,658.41,3,1104,885,POS,Home,Credit Card,Online Services,No,Yes,4,65,1
2757,563,38,176571.22,18,68.64,134,32195.94,31.25,6,1060,1845,Mobile,Online,Online Banking,Shopping,No,Yes,63,27,1
2758,1142,28,167129.93,23,452.22,109,42089.81,554.72,8,1976,370,Mobile,Home,Online Banking,Grocery,No,Yes,69,30,1
2759,713,22,196773.3,8,429.61,108,71424.67,122.1,9,984,51,Mobile,Work,Digital Wallet,Electronics,No,No,80,46,1
2760,771,52,149157.39,22,92.52,149,1422.05,155.07,2,1602,2034,POS,Online,Contactless,Entertainment,No,Yes,73,26,1
2761,1108,44,9715.85,3,35.82,57,28001.16,331.14,3,290,999,Laptop,Home,Contactless,Grocery,No,Yes,76,28,1
2762,454,66,183732.16,9,347.44,76,14666.04,414.99,4,3675,2042,Mobile,Online,Online Banking,Shopping,No,Yes,78,32,1
2763,667,19,214880.55,8,381.63,113,13197.11,234.64,4,1565,374,Laptop,Online,Credit Card,Food,No,Yes,15,74,1
2764,629,41,125083.04,18,81.61,6,95924.5,414.32,1,229,1759,Mobile,Home,Contactless,Online Services,No,Yes,5,12,1
2765,387,48,227212.94,14,284.43,124,37967.75,122.96,4,2407,1514,Mobile,Work,Credit Card,Entertainment,No,Yes,42,100,1
2766,296,50,68177.69,18,183.85,134,52945.31,16.18,9,119,1912,Tablet,Public,Credit Card,Shopping,No,Yes,18,86,1
2767,258,56,66460.85,1,558.82,53,73515.28,411.32,0,620,229,Mobile,Public,Online Banking,Food,No,Yes,72,16,1
2768,1105,47,48508.95,9,131.91,132,5221.02,372.59,6,2132,2082,Laptop,Work,Credit Card,Electronics,No,Yes,8,82,1
2769,268,63,111661.23,18,440.09,9,24481.75,496.58,4,1965,2377,Laptop,Home,Digital Wallet,Food,No,No,89,71,1
2770,419,54,254118.91,16,311.12,69,83298.7,467.91,5,1274,1800,Laptop,Home,Digital Wallet,Online Services,No,Yes,68,52,1
2771,235,68,248390.83,19,7.41,74,86268.07,646.2,8,121,569,Mobile,Unknown,Digital Wallet,Travel,No,Yes,26,100,1
2772,986,45,114908.98,23,310.44,111,37608.62,330.87,2,3687,1205,Tablet,Online,Contactless,Shopping,No,Yes,75,2,1
2773,574,48,176776.71,20,60.13,87,37798.73,6.13,0,2133,2323,Mobile,Work,Online Banking,Electronics,Yes,Yes,70,73,1
2774,49,28,216272.81,1,395.61,4,75811.24,454.11,7,3845,2090,Laptop,Work,Credit Card,Food,No,Yes,33,94,1
2775,1151,40,72437.91,18,339.53,37,29859.49,486.13,1,3280,1007,Mobile,Unknown,Credit Card,Electronics,No,No,22,28,1
2776,223,19,50525.51,16,6.75,71,12150.86,375.52,1,1995,1518,Laptop,Work,Contactless,Electronics,No,Yes,93,62,1
2777,921,57,291631.59,17,123.21,6,26124.78,496.33,9,90,315,Laptop,Unknown,Digital Wallet,Grocery,No,Yes,69,29,1
2778,277,58,185305.44,16,465.85,51,39040.8,233.05,3,1925,1667,Tablet,Work,Credit Card,Shopping,No,Yes,1,83,1
2779,1131,44,294426.57,1,165.83,99,5694.37,107.23,4,2194,2416,Tablet,Online,Digital Wallet,Electronics,No,No,86,92,1
2780,420,52,101393.02,18,299.82,96,48128.69,478.51,0,619,1267,Laptop,Online,Credit Card,Shopping,No,Yes,35,56,1
2781,611,19,210939.21,0,187.54,142,74130.75,176.61,2,265,142,Mobile,Online,Credit Card,Electronics,No,Yes,56,25,1
2782,375,56,66858.83,10,552.96,11,51617.64,328.6,7,2110,367,Tablet,Online,Digital Wallet,Electronics,No,Yes,95,93,1
2783,73,54,78433.93,9,322.18,10,7653.59,354.02,5,3668,119,POS,Online,Digital Wallet,Food,No,No,67,87,1
2784,1054,38,153619.45,4,417.86,13,44294.89,343.64,2,3344,1529,Mobile,Online,Credit Card,Entertainment,Yes,No,3,74,1
2785,195,22,95953.48,15,50.54,121,71036.01,430.92,6,815,1083,Mobile,Work,Online Banking,Shopping,No,Yes,71,41,1
2786,1180,69,50369.71,23,24.68,60,6280.62,21.3,5,1127,1593,Mobile,Public,Contactless,Travel,No,No,1,5,1
2787,1196,62,78937.92,4,155.91,5,6454.8,712.57,4,50,1441,Laptop,Public,Online Banking,Grocery,No,Yes,42,62,1
2788,847,38,10820.94,23,185.83,12,37374.84,515.77,7,1918,1633,Mobile,Online,Digital Wallet,Shopping,No,Yes,58,97,1
2789,1065,46,211356.64,22,412.76,141,19898.91,306.34,7,3814,386,POS,Home,Online Banking,Electronics,No,Yes,88,62,1
2790,1087,37,147685.79,11,341.69,85,93510.69,137.84,2,1207,488,Laptop,Home,Online Banking,Grocery,No,Yes,94,5,0
2791,23,55,28363.5,3,225.06,117,58343.69,57.82,7,1307,500,Mobile,Public,Online Banking,Entertainment,No,Yes,96,68,1
2792,360,37,51591.03,22,392.64,122,29088.88,484.01,9,1260,1768,POS,Public,Credit Card,Grocery,Yes,No,96,37,1
2793,1099,67,30850.11,5,98.56,41,70625.28,228.28,8,3250,1171,Mobile,Home,Credit Card,Shopping,No,Yes,85,68,1
2794,560,42,183816.58,18,38.56,48,37805.44,165.3,9,2995,337,Mobile,Online,Online Banking,Electronics,No,Yes,64,89,1
2795,672,19,28353.69,8,512.78,51,13645.51,273.63,2,3796,593,Mobile,Online,Credit Card,Grocery,No,No,80,32,1
2796,1142,49,226309.27,11,338.59,118,24104.61,426.95,7,331,1068,Mobile,Work,Digital Wallet,Travel,No,Yes,4,14,1
2797,679,43,6251.22,14,389.63,96,64453.35,483.66,7,2374,1149,POS,Work,Credit Card,Grocery,No,Yes,17,91,1
2798,440,23,74887.8,15,184.69,76,5661.67,464.56,6,3592,639,Mobile,Online,Credit Card,Grocery,No,Yes,77,90,1
2799,933,58,267210.94,12,223.49,46,27632.56,621.56,7,802,84,POS,Home,Digital Wallet,Food,No,Yes,99,63,1
2800,7,20,215587.54,20,49.88,100,21226.99,157.58,0,1097,1331,POS,Home,Contactless,Food,No,Yes,40,72,1
2801,421,50,21983.2,23,514.26,38,20512.94,458.49,2,3245,442,Mobile,Home,Online Banking,Shopping,No,Yes,34,30,1
2802,833,18,246355.72,6,355.67,92,68434.86,72.89,5,3345,1524,Laptop,Public,Credit Card,Shopping,No,Yes,56,77,1
2803,559,68,147961.23,22,50.63,141,82668.78,394.56,6,448,67,Laptop,Online,Contactless,Travel,Yes,No,11,96,1
2804,1172,22,254050.23,19,482.82,150,71728.73,420.49,6,1570,799,POS,Online,Digital Wallet,Food,No,Yes,100,43,1
2805,914,30,180261.86,3,266.75,130,64749.92,155.77,5,91,212,Mobile,Online,Credit Card,Electronics,No,Yes,89,53,1
2806,1007,36,204581.73,10,459.18,93,91686.95,282.08,3,887,1266,Mobile,Public,Digital Wallet,Shopping,No,Yes,40,53,1
2807,126,29,298051.12,7,8.07,77,6310.04,595.6,4,567,155,POS,Home,Credit Card,Entertainment,No,No,94,29,1
2808,395,65,69777.43,5,17.73,13,17164.57,106.94,8,1370,169,Mobile,Home,Credit Card,Food,No,No,13,87,1
2809,817,42,187221.28,9,102.88,57,41733.48,312.9,0,1488,650,Mobile,Work,Online Banking,Electronics,No,Yes,24,28,1
2810,881,68,138150.38,6,126.94,147,37558.94,671.57,1,1890,1574,Tablet,Public,Online Banking,Food,No,Yes,100,78,1
2811,576,52,11931.64,6,458.49,137,42096.13,363.01,4,725,1516,Mobile,Work,Digital Wallet,Grocery,No,Yes,34,74,1
2812,325,29,4439.75,3,424.16,116,21042.26,522.12,4,847,61,Laptop,Unknown,Credit Card,Travel,No,Yes,8,71,1
2813,930,47,35856.65,2,369.84,95,15375.58,595.36,6,1434,264,POS,Home,Credit Card,Entertainment,No,No,82,49,1
2814,833,22,194762.61,23,530.97,130,51164.73,146.8,7,3137,102,Laptop,Online,Contactless,Electronics,No,Yes,7,90,1
2815,1055,51,170192.21,6,148.67,79,92841.23,157.19,9,949,501,Laptop,Home,Credit Card,Electronics,No,Yes,62,36,1
2816,837,39,166073.53,3,542.69,57,39500.96,546.21,5,1004,1701,Mobile,Work,Digital Wallet,Shopping,No,Yes,46,27,1
2817,926,56,9653.84,12,545.73,95,4813.64,542.41,5,571,1819,POS,Work,Digital Wallet,Travel,No,Yes,86,57,1
2818,443,30,140843.97,19,260.84,57,70763.65,43.43,4,3682,657,POS,Online,Credit Card,Travel,No,No,71,28,1
2819,75,64,277394.38,16,57.08,144,29464.94,232.27,4,3333,697,Mobile,Unknown,Contactless,Electronics,No,Yes,13,30,1
2820,557,20,119337.8,6,436.07,107,24886.95,287.0,7,1741,623,Mobile,Public,Credit Card,Food,No,Yes,2,44,1
2821,1179,70,187514.25,16,202.49,79,32763.67,596.93,4,819,2369,POS,Work,Online Banking,Electronics,No,Yes,2,43,1
2822,363,37,233967.62,3,477.06,134,72519.64,303.8,5,2110,1986,Laptop,Online,Online Banking,Electronics,No,Yes,29,55,1
2823,448,48,235199.19,10,98.63,14,81972.53,666.68,2,610,2290,Laptop,Public,Online Banking,Online Services,No,Yes,91,88,1
2824,262,22,155832.1,2,323.94,27,59011.58,717.56,4,2071,196,Laptop,Home,Online Banking,Electronics,No,No,82,65,1
2825,125,41,257399.79,10,305.09,38,32586.64,562.14,8,381,2479,Mobile,Online,Online Banking,Electronics,No,No,58,27,1
2826,911,57,117474.29,2,60.64,147,31392.58,479.83,2,2332,1933,Mobile,Online,Digital Wallet,Electronics,No,No,2,1,1
2827,245,50,266619.1,11,218.32,127,12868.68,282.23,7,1103,998,POS,Work,Contactless,Online Services,No,Yes,59,10,1
2828,542,25,72144.13,0,51.31,4,93363.45,48.36,6,2061,2057,Laptop,Home,Contactless,Electronics,No,No,53,43,1
2829,485,41,84136.9,3,279.11,58,63994.87,412.7,3,3124,208,Laptop,Work,Digital Wallet,Food,No,Yes,68,69,1
2830,122,67,16030.88,13,505.82,137,3183.97,260.49,4,1307,2248,Mobile,Online,Digital Wallet,Entertainment,No,Yes,61,9,1
2831,125,37,238694.99,0,162.49,113,66405.53,252.71,7,3495,2051,Mobile,Home,Digital Wallet,Grocery,Yes,Yes,49,67,1
2832,170,33,125174.87,13,459.03,143,44991.77,495.18,9,1729,2081,Mobile,Work,Credit Card,Entertainment,No,No,46,29,1
2833,124,67,68812.07,12,110.46,4,97269.52,333.87,6,3983,365,Mobile,Online,Credit Card,Shopping,No,Yes,72,2,1
2834,1059,69,69613.9,12,404.4,52,81997.35,541.53,9,302,224,Laptop,Work,Credit Card,Online Services,No,Yes,100,82,1
2835,1111,29,270429.84,23,549.36,146,17545.92,286.74,9,2770,2021,Laptop,Home,Online Banking,Online Services,No,No,59,14,1
2836,646,30,250191.59,14,194.69,99,72151.06,108.71,1,1912,1397,Mobile,Work,Digital Wallet,Online Services,No,No,48,62,1
2837,786,62,166103.91,16,540.3,93,48813.82,332.22,7,279,1261,POS,Public,Contactless,Entertainment,No,No,9,55,1
2838,201,59,184871.63,11,303.5,117,19110.99,684.73,7,1290,1989,Laptop,Work,Online Banking,Food,No,Yes,18,29,1
2839,369,56,142350.24,21,190.42,4,70024.62,577.12,8,2981,1556,POS,Work,Credit Card,Electronics,No,Yes,50,5,1
2840,797,42,117560.8,22,537.96,85,54965.06,148.22,1,261,2207,Mobile,Home,Credit Card,Online Services,No,Yes,86,69,1
2841,77,63,274651.52,13,19.71,7,3522.2,281.8,3,2505,2062,Mobile,Work,Digital Wallet,Travel,Yes,Yes,75,66,1
2842,59,49,37771.25,11,17.3,125,64835.5,668.02,1,986,1725,Tablet,Online,Contactless,Online Services,Yes,Yes,27,39,1
2843,431,41,125592.19,17,360.1,85,63681.22,89.15,3,663,1830,Mobile,Public,Online Banking,Food,No,Yes,32,23,1
2844,638,65,103434.12,3,478.15,63,14836.47,182.92,2,271,2400,Mobile,Online,Online Banking,Travel,No,No,66,95,1
2845,109,64,149495.4,13,451.05,123,35224.28,188.87,6,2211,1813,Mobile,Work,Online Banking,Shopping,No,Yes,66,16,1
2846,1008,61,137343.8,18,48.14,89,58796.95,411.11,4,1124,53,Mobile,Work,Digital Wallet,Grocery,No,Yes,94,22,1
2847,68,26,155714.97,12,570.18,95,14308.91,295.79,6,3959,406,Laptop,Home,Credit Card,Food,No,Yes,22,91,1
2848,1093,57,42061.7,22,421.99,119,85345.98,57.6,1,3566,808,POS,Home,Credit Card,Electronics,Yes,Yes,86,29,1
2849,1189,67,153991.14,17,569.49,44,3234.86,453.05,3,3522,1209,Mobile,Unknown,Digital Wallet,Electronics,No,Yes,24,69,1
2850,305,40,72801.4,10,197.79,102,10732.32,71.43,5,3411,2170,Mobile,Online,Credit Card,Grocery,No,Yes,91,12,1
2851,674,67,55380.97,5,416.52,45,12052.64,436.66,4,1053,1926,POS,Home,Online Banking,Grocery,No,Yes,75,13,1
2852,365,30,19543.78,8,516.03,117,53046.66,365.1,1,1332,1803,Mobile,Work,Credit Card,Food,No,No,13,8,1
2853,821,49,228819.5,11,228.59,51,62201.34,355.49,6,248,2198,POS,Work,Credit Card,Food,Yes,No,91,24,1
2854,343,67,128289.83,18,578.93,65,40672.21,48.69,1,726,929,POS,Unknown,Online Banking,Electronics,No,Yes,15,92,1
2855,947,32,188030.44,13,159.36,54,29222.35,460.27,8,336,616,Mobile,Work,Online Banking,Travel,No,Yes,49,37,1
2856,899,53,218305.24,14,189.71,72,81027.08,310.61,6,2053,1084,Mobile,Unknown,Credit Card,Food,No,Yes,17,91,1
2857,1133,66,203827.07,10,552.24,120,7294.46,296.06,2,343,639,POS,Online,Contactless,Grocery,No,No,39,36,1
2858,762,22,141203.17,5,581.81,143,28389.04,429.49,5,3504,2206,Mobile,Home,Digital Wallet,Electronics,No,Yes,73,73,1
2859,341,39,116430.77,13,171.47,19,4392.0,436.54,4,3000,836,Mobile,Public,Online Banking,Entertainment,No,Yes,87,15,1
2860,942,33,112850.38,2,82.27,10,1882.07,10.92,8,1782,1660,Laptop,Home,Contactless,Food,No,No,4,59,1
2861,383,58,192050.63,18,455.55,16,35661.3,90.25,2,3589,1729,Mobile,Work,Credit Card,Shopping,Yes,Yes,57,5,1
2862,1004,27,148488.83,19,557.83,108,19884.95,170.37,1,1846,2016,POS,Unknown,Contactless,Online Services,No,Yes,15,92,1
2863,300,41,254754.76,10,360.63,16,27202.4,488.18,1,1458,1381,Mobile,Home,Online Banking,Grocery,No,No,43,15,1
2864,139,35,262423.13,23,380.89,80,82184.24,415.3,3,1432,138,Laptop,Work,Credit Card,Shopping,Yes,Yes,31,100,1
2865,359,66,51251.06,16,457.88,28,16716.52,545.52,0,310,555,Laptop,Public,Online Banking,Grocery,No,No,6,18,1
2866,836,35,40956.47,16,92.27,148,78133.22,533.26,8,1690,1528,Laptop,Online,Contactless,Food,No,No,90,86,1
2867,483,24,189157.24,22,584.09,9,67667.54,614.31,2,3792,2031,Laptop,Work,Online Banking,Electronics,Yes,No,59,5,1
2868,909,21,90437.6,2,218.92,104,32981.33,271.37,4,3428,979,POS,Online,Online Banking,Travel,Yes,No,65,86,1
2869,1135,43,5669.36,13,377.13,138,54882.34,248.51,1,64,2469,POS,Unknown,Credit Card,Food,No,No,86,17,1
2870,866,22,266603.94,6,281.44,45,44721.34,598.35,7,2147,1697,Mobile,Work,Credit Card,Shopping,Yes,Yes,30,22,1
2871,139,33,68147.54,18,281.17,109,13275.33,171.15,2,389,881,Tablet,Online,Digital Wallet,Travel,No,Yes,58,85,1
2872,996,52,278791.27,2,421.8,143,90764.94,332.1,4,1743,635,Mobile,Public,Digital Wallet,Entertainment,No,Yes,86,87,1
2873,435,43,215258.59,1,596.8,30,57176.99,140.0,6,1964,2424,Laptop,Public,Contactless,Travel,No,Yes,97,64,1
2874,509,35,228819.78,16,395.61,48,88083.88,657.97,1,437,1654,Mobile,Online,Digital Wallet,Entertainment,No,Yes,56,28,1
2875,273,46,60518.3,8,476.54,91,82470.74,293.68,2,1614,851,POS,Home,Credit Card,Grocery,Yes,No,69,92,1
2876,1123,40,70334.91,21,17.06,91,8437.7,153.07,7,609,336,Mobile,Online,Credit Card,Shopping,No,Yes,36,81,1
2877,104,70,156428.2,5,486.35,74,21123.43,498.28,9,2596,939,POS,Work,Credit Card,Entertainment,No,Yes,46,83,1
2878,762,31,51712.75,23,180.34,44,14953.48,176.22,7,635,1087,Mobile,Online,Credit Card,Online Services,No,Yes,74,13,1
2879,787,32,91698.96,20,76.46,134,83162.56,679.33,2,1437,2246,POS,Work,Digital Wallet,Travel,No,Yes,1,45,1
2880,165,66,96506.6,8,68.44,117,86313.44,264.75,9,2158,1398,Laptop,Online,Credit Card,Shopping,Yes,Yes,12,34,1
2881,999,50,47973.02,4,408.08,24,53033.17,478.57,6,3539,1672,POS,Work,Contactless,Travel,No,Yes,67,54,1
2882,520,42,61634.33,1,598.57,7,10865.72,248.64,1,2327,1701,Tablet,Public,Digital Wallet,Food,No,Yes,10,33,1
2883,517,38,236586.7,21,399.88,6,13993.85,581.24,8,3139,567,POS,Home,Contactless,Travel,No,No,1,16,1
2884,657,34,50242.04,14,157.78,118,81448.11,645.79,7,3963,957,POS,Home,Digital Wallet,Food,No,Yes,19,43,1
2885,613,40,8634.37,8,122.38,85,92954.42,567.32,8,2122,1134,POS,Unknown,Digital Wallet,Food,No,Yes,82,61,1
2886,164,60,188843.55,18,315.81,110,20347.83,610.93,8,3460,734,Mobile,Work,Digital Wallet,Online Services,No,No,95,94,1
2887,64,34,292797.34,9,39.49,145,1608.19,73.44,6,166,2268,Laptop,Online,Contactless,Entertainment,No,No,55,3,1
2888,1115,31,99431.02,3,239.9,31,33429.81,665.33,3,2900,312,Mobile,Public,Online Banking,Food,No,Yes,49,91,1
2889,1141,46,35684.85,9,399.91,139,3534.69,449.53,4,1008,1000,Mobile,Online,Digital Wallet,Entertainment,No,Yes,55,59,1
2890,267,37,171159.16,7,580.61,133,82883.5,625.85,6,849,518,POS,Online,Digital Wallet,Food,Yes,No,86,20,1
2891,1164,47,271915.63,21,255.68,64,49405.47,492.83,4,1514,2119,Mobile,Home,Credit Card,Grocery,No,Yes,68,32,1
2892,246,36,235240.13,12,120.53,76,64365.15,145.41,9,2444,199,Laptop,Online,Online Banking,Online Services,Yes,Yes,41,21,1
2893,395,70,186792.51,6,490.51,131,41442.75,438.92,7,3406,1622,Mobile,Work,Contactless,Shopping,Yes,Yes,55,46,1
2894,476,56,94585.44,6,446.65,56,34878.0,65.57,4,2306,897,Mobile,Online,Credit Card,Entertainment,No,Yes,74,69,1
2895,977,30,162609.86,3,515.89,63,22608.94,500.95,4,2260,595,Mobile,Unknown,Digital Wallet,Travel,No,No,74,2,1
2896,1044,35,27464.33,14,129.22,105,77167.99,294.54,4,496,1447,Mobile,Online,Digital Wallet,Entertainment,No,Yes,79,86,1
2897,558,40,203715.73,11,243.2,38,69706.98,109.33,3,867,414,Mobile,Public,Contactless,Grocery,No,Yes,69,71,1
2898,1018,63,217556.3,15,588.94,54,36392.53,705.05,6,2281,1941,Laptop,Unknown,Credit Card,Shopping,No,No,43,74,1
2899,883,50,289512.98,5,95.25,130,32451.06,648.79,1,1004,110,Mobile,Online,Credit Card,Food,No,No,81,52,1
2900,147,56,78193.17,8,403.03,2,623.67,643.36,9,652,1591,POS,Online,Credit Card,Shopping,No,Yes,82,1,1
2901,666,57,5635.08,2,142.69,140,6823.44,567.97,3,1952,267,POS,Work,Credit Card,Electronics,No,Yes,57,80,1
2902,620,35,163727.98,7,300.35,40,62513.92,498.26,2,1121,2376,Mobile,Home,Online Banking,Shopping,No,No,48,28,1
2903,820,26,212066.47,6,480.41,2,51703.43,471.69,9,2946,766,Mobile,Home,Credit Card,Shopping,No,Yes,50,61,1
2904,864,50,237143.2,3,293.41,105,43762.92,76.48,7,2627,869,Mobile,Home,Digital Wallet,Online Services,No,No,69,84,1
2905,582,49,58202.31,12,483.39,125,82836.47,648.42,6,1763,1962,POS,Public,Contactless,Shopping,No,Yes,8,26,1
2906,1023,34,78599.69,18,256.09,80,50637.87,634.42,2,3406,1493,Tablet,Work,Credit Card,Travel,No,Yes,56,79,1
2907,695,36,153826.02,6,599.61,47,38757.11,538.48,3,2681,117,Tablet,Online,Credit Card,Travel,No,Yes,91,94,1
2908,1126,44,99247.18,9,261.78,132,16545.01,667.67,3,1829,2101,POS,Online,Contactless,Online Services,No,Yes,89,12,1
2909,407,23,258167.39,11,90.05,91,82158.46,398.26,9,2832,361,POS,Online,Online Banking,Shopping,No,No,26,2,1
2910,399,52,142180.67,2,241.42,101,57836.7,322.36,6,2705,218,POS,Online,Credit Card,Electronics,Yes,Yes,23,74,1
2911,715,54,239893.64,23,445.68,130,9699.77,696.93,7,1045,2299,POS,Work,Credit Card,Electronics,No,No,41,91,1
2912,704,51,174227.87,11,508.84,15,65065.39,334.23,3,2172,382,POS,Public,Contactless,Entertainment,No,Yes,87,21,1
2913,761,37,231949.73,18,276.33,49,42794.54,461.79,7,1778,1141,POS,Public,Credit Card,Shopping,No,Yes,93,55,1
2914,499,42,99868.63,14,356.89,112,81232.93,268.67,0,3347,2299,Laptop,Online,Online Banking,Entertainment,No,Yes,97,16,1
2915,974,21,249441.84,7,507.01,35,91932.0,458.19,8,714,2061,POS,Public,Credit Card,Online Services,No,Yes,59,37,1
2916,82,27,82444.24,11,488.22,116,60246.35,518.5,6,2874,889,POS,Home,Credit Card,Food,No,Yes,18,45,1
2917,604,27,163875.03,19,394.81,94,73295.48,449.79,3,3180,196,Laptop,Home,Contactless,Electronics,No,Yes,71,86,1
2918,772,41,64280.73,5,489.11,24,6130.79,370.53,7,1486,1759,Laptop,Online,Credit Card,Food,No,Yes,96,39,1
2919,903,38,142710.4,9,345.76,60,56245.42,216.15,9,3381,130,POS,Unknown,Credit Card,Online Services,Yes,Yes,71,41,1
2920,365,28,95520.75,1,3.29,77,75656.33,463.6,1,3762,554,Laptop,Work,Digital Wallet,Food,No,Yes,8,22,1
2921,163,44,80084.36,23,25.24,48,49927.83,654.08,7,398,1200,POS,Online,Digital Wallet,Shopping,No,No,58,49,1
2922,1072,33,290098.81,12,587.9,140,59558.23,5.08,9,2356,517,Mobile,Home,Credit Card,Online Services,No,No,85,81,1
2923,511,43,48106.22,6,87.42,41,89945.34,96.52,5,380,1574,POS,Public,Digital Wallet,Electronics,Yes,Yes,17,17,1
2924,116,47,236219.02,7,243.01,128,20210.91,86.32,6,1279,2158,Mobile,Unknown,Credit Card,Entertainment,No,Yes,51,26,1
2925,941,66,295251.07,22,560.32,31,10275.53,664.72,6,1981,851,Mobile,Work,Credit Card,Food,No,Yes,33,38,1
2926,337,33,6068.45,15,117.43,149,69219.04,477.21,1,2483,1179,POS,Public,Credit Card,Shopping,No,Yes,30,38,1
2927,881,24,209738.32,10,506.35,24,82373.47,685.29,1,2523,1635,Mobile,Home,Contactless,Online Services,No,Yes,66,41,1
2928,737,33,75948.25,3,491.05,9,85123.77,419.67,3,2400,2004,POS,Online,Credit Card,Travel,No,Yes,60,67,1
2929,840,52,12242.3,16,591.8,150,64343.63,332.5,5,2707,1735,Mobile,Home,Digital Wallet,Electronics,No,No,46,73,1
2930,147,33,120926.58,15,169.37,132,83404.74,570.51,3,2150,101,POS,Work,Credit Card,Travel,No,Yes,100,65,1
2931,443,57,280571.82,18,189.54,77,70216.09,115.96,5,547,2322,Mobile,Home,Credit Card,Online Services,No,Yes,22,56,1
2932,837,29,3628.35,22,541.78,131,9194.0,274.63,4,1374,608,Mobile,Work,Credit Card,Grocery,No,Yes,32,19,1
2933,1037,52,176406.92,10,140.83,120,76323.33,335.77,5,51,1263,POS,Public,Digital Wallet,Entertainment,No,No,25,14,1
2934,943,66,150468.8,6,328.97,90,18346.29,214.96,8,208,223,Mobile,Work,Credit Card,Entertainment,No,Yes,8,66,1
2935,287,38,262027.91,12,424.55,117,24042.63,267.39,5,2785,567,POS,Work,Digital Wallet,Online Services,No,Yes,97,71,1
2936,720,67,25292.11,18,163.49,110,39767.74,56.33,5,1162,361,POS,Online,Contactless,Entertainment,No,No,63,38,1
2937,1138,60,204489.66,16,563.08,121,31799.42,142.63,7,3473,322,Mobile,Online,Credit Card,Electronics,No,No,29,43,1
2938,480,53,204064.9,21,399.59,98,32504.35,241.62,4,3798,759,Laptop,Public,Online Banking,Food,No,Yes,81,92,1
2939,22,65,200757.1,12,28.76,15,17341.32,573.06,4,1509,65,Mobile,Online,Credit Card,Online Services,No,No,40,10,1
2940,683,34,282706.12,11,81.87,136,29740.17,131.48,9,1620,1581,Mobile,Unknown,Credit Card,Shopping,Yes,Yes,45,89,1
2941,906,49,246943.95,6,114.87,52,2456.43,249.65,0,1282,1131,Laptop,Work,Credit Card,Grocery,No,Yes,2,22,1
2942,320,58,12687.62,0,147.35,55,47554.64,46.84,5,967,1700,Tablet,Home,Digital Wallet,Food,No,No,49,75,1
2943,126,23,141377.75,0,438.54,37,76974.8,401.16,0,3096,274,POS,Work,Credit Card,Electronics,No,No,31,64,1
2944,277,41,119446.12,19,53.82,132,86293.61,440.14,7,3025,2131,Mobile,Work,Online Banking,Grocery,No,Yes,68,45,1
2945,194,44,93113.15,22,210.68,55,82132.64,623.19,9,560,1146,Mobile,Work,Credit Card,Travel,No,No,90,74,1
2946,696,37,135455.88,13,546.87,12,41937.54,589.78,8,2441,1879,Tablet,Online,Digital Wallet,Shopping,No,No,9,18,1
2947,57,42,115319.84,14,334.22,147,73177.43,205.54,5,1950,1429,Mobile,Work,Online Banking,Online Services,No,No,95,69,1
2948,1187,19,129756.94,10,159.67,37,29145.13,98.69,8,2502,2253,POS,Public,Credit Card,Entertainment,No,Yes,10,11,1
2949,19,26,293780.63,23,574.26,7,6028.47,112.46,1,988,219,Laptop,Public,Digital Wallet,Online Services,No,Yes,51,27,1
2950,264,45,26681.03,8,146.97,55,67759.17,697.66,8,3317,1811,POS,Online,Credit Card,Travel,No,Yes,70,27,1
2951,794,70,276677.04,16,543.11,28,65055.22,484.76,3,1101,2041,Tablet,Online,Credit Card,Online Services,No,Yes,44,60,1
2952,113,55,144122.99,3,435.6,37,80262.12,30.75,2,1518,1245,Laptop,Work,Online Banking,Grocery,No,Yes,26,36,1
2953,542,20,187160.3,19,444.44,75,61802.57,98.57,0,701,645,POS,Work,Credit Card,Food,No,Yes,75,57,1
2954,647,37,249071.87,18,459.08,114,16110.72,349.83,0,1963,97,POS,Public,Online Banking,Shopping,No,Yes,79,13,1
2955,579,23,108202.86,6,304.19,106,85389.66,149.72,7,1326,2401,POS,Home,Credit Card,Entertainment,No,Yes,84,28,1
2956,1089,56,129183.53,0,488.84,110,62911.65,578.65,1,1661,1208,Mobile,Work,Credit Card,Shopping,Yes,Yes,78,66,1
2957,25,50,122914.59,8,501.8,84,80857.17,412.76,0,2046,483,Laptop,Home,Credit Card,Food,No,Yes,21,7,1
2958,1,18,112481.83,12,216.61,11,77523.66,441.13,1,1083,2303,Laptop,Online,Digital Wallet,Electronics,No,Yes,91,96,1
2959,911,54,277666.24,23,240.51,66,30137.52,333.29,2,1686,1561,Laptop,Home,Credit Card,Food,No,Yes,30,70,1
2960,141,23,248696.07,1,533.31,13,7918.02,184.44,3,3090,2181,Mobile,Public,Credit Card,Electronics,No,Yes,71,19,1
2961,648,62,32789.1,1,315.08,15,18062.19,424.41,8,908,495,POS,Work,Digital Wallet,Entertainment,No,Yes,15,15,1
2962,188,51,32526.19,23,520.23,56,9739.8,516.25,6,3024,1805,Mobile,Public,Credit Card,Food,No,Yes,80,87,1
2963,1152,64,128418.07,14,376.25,53,24719.54,267.15,4,3967,1179,Mobile,Public,Online Banking,Food,No,No,59,88,1
2964,201,32,29687.35,16,356.34,61,46223.46,363.61,4,3065,1089,Mobile,Unknown,Digital Wallet,Online Services,No,Yes,84,46,1
2965,1151,62,185766.02,12,19.07,128,90727.66,604.59,5,3291,1295,Mobile,Online,Online Banking,Food,No,Yes,84,52,1
2966,257,43,43193.11,6,167.1,42,87265.87,107.14,0,2229,162,Mobile,Home,Online Banking,Food,No,No,86,92,1
2967,547,31,156759.74,8,301.48,29,72000.68,392.61,5,1429,921,POS,Public,Credit Card,Electronics,No,Yes,70,24,1
2968,194,24,2265.26,11,352.6,44,2899.18,250.92,5,2332,1280,POS,Unknown,Credit Card,Electronics,No,Yes,20,54,1
2969,703,63,95047.24,2,378.45,133,34468.23,506.04,4,2780,1456,Laptop,Work,Credit Card,Travel,No,No,69,53,1
2970,1128,48,203189.5,22,429.88,113,68393.67,13.64,9,2731,425,Mobile,Online,Credit Card,Online Services,Yes,No,53,56,1
2971,802,41,145263.28,21,393.91,106,13338.38,482.77,8,787,2167,POS,Home,Credit Card,Entertainment,No,Yes,75,22,1
2972,942,48,293483.02,14,509.22,38,80208.24,74.18,9,3135,2332,Mobile,Online,Digital Wallet,Entertainment,No,No,2,70,1
2973,414,46,262243.73,6,177.63,115,91500.08,46.73,9,216,112,Mobile,Home,Digital Wallet,Electronics,No,Yes,30,47,1
2974,1099,59,107785.33,22,385.12,130,35733.39,521.76,4,908,1553,Mobile,Online,Credit Card,Travel,No,No,8,4,1
2975,910,49,13741.41,0,31.17,109,70731.38,461.08,8,1502,870,Laptop,Online,Credit Card,Travel,Yes,Yes,40,34,1
2976,188,34,253703.33,13,288.37,84,15246.31,644.36,9,3187,1137,POS,Work,Credit Card,Food,Yes,Yes,8,51,1
2977,45,31,273379.17,18,161.19,46,69236.24,374.2,6,702,2104,POS,Public,Credit Card,Travel,No,Yes,17,27,1
2978,83,57,246206.16,15,228.84,92,2634.81,381.66,2,905,408,Laptop,Unknown,Digital Wallet,Entertainment,Yes,Yes,99,22,1
2979,1147,53,38472.19,9,213.12,105,15501.76,509.08,8,147,1954,Laptop,Online,Online Banking,Shopping,No,No,30,54,1
2980,358,65,299374.75,0,36.73,72,71133.2,232.91,9,3724,2470,Mobile,Public,Credit Card,Electronics,No,Yes,1,16,1
2981,1090,41,77649.41,4,280.25,139,71329.1,26.67,6,1111,246,Laptop,Public,Online Banking,Online Services,No,No,69,96,1
2982,936,62,217289.05,2,596.78,29,64295.69,165.71,3,3119,410,POS,Online,Digital Wallet,Food,No,Yes,64,57,1
2983,375,44,272419.66,16,179.71,47,47997.72,171.45,8,3980,666,Laptop,Home,Digital Wallet,Online Services,No,No,80,69,1
2984,162,42,70782.57,17,441.82,111,67653.36,241.74,5,900,829,Mobile,Online,Credit Card,Travel,No,Yes,36,59,1
2985,322,49,272486.74,20,328.9,7,77493.18,679.3,8,3241,312,Mobile,Public,Credit Card,Online Services,No,Yes,79,41,1
2986,450,69,92913.53,18,195.47,117,96664.93,579.51,3,2535,243,Laptop,Online,Online Banking,Electronics,No,No,49,33,1
2987,1037,35,292926.33,21,54.22,64,88919.78,673.89,9,735,1209,Tablet,Online,Contactless,Online Services,No,Yes,81,45,1
2988,184,63,84449.88,21,129.91,82,79556.15,719.0,1,2719,2076,Laptop,Public,Online Banking,Electronics,No,Yes,77,99,0
2989,111,35,286035.4,17,469.22,64,69628.37,312.38,8,3043,884,POS,Home,Credit Card,Electronics,No,Yes,24,69,1
2990,508,54,16158.04,15,167.77,92,57628.48,163.57,9,2289,646,Tablet,Home,Credit Card,Entertainment,No,Yes,4,23,1
2991,295,43,212810.68,1,87.01,12,12500.58,403.25,3,515,2118,POS,Public,Digital Wallet,Food,No,No,77,46,1
2992,904,26,159680.13,14,199.11,12,16972.91,634.43,1,3897,548,POS,Home,Online Banking,Shopping,No,Yes,62,32,1
2993,974,52,143415.34,12,350.63,36,82117.82,335.38,6,3221,1058,POS,Work,Credit Card,Food,No,Yes,9,52,1
2994,632,25,67125.94,12,422.23,29,80429.63,363.94,6,2968,1074,Mobile,Public,Online Banking,Grocery,No,Yes,26,78,1
2995,1051,37,211708.18,15,232.73,139,61638.66,96.88,4,1607,675,Tablet,Online,Digital Wallet,Travel,No,Yes,47,33,1
2996,733,59,57323.77,7,299.14,85,44164.59,302.79,4,1056,970,POS,Online,Online Banking,Grocery,Yes,Yes,16,69,1
2997,321,39,165897.25,10,273.22,74,3090.25,278.7,7,1997,271,Mobile,Online,Digital Wallet,Food,No,Yes,37,57,1
2998,913,36,76048.28,7,5.9,47,33054.11,253.28,5,1282,960,POS,Work,Digital Wallet,Entertainment,No,Yes,70,35,1
2999,437,47,286690.85,21,237.66,81,42353.65,638.87,0,1282,2183,Mobile,Online,Credit Card,Shopping,Yes,Yes,11,54,1
3000,781,70,8686.5,9,352.6,121,48838.72,42.79,3,3079,372,POS,Online,Online Banking,Online Services,Yes,Yes,2,58,1
3001,1077,45,59998.51,22,342.18,43,92967.8,699.95,0,1014,1696,Mobile,Work,Online Banking,Food,No,Yes,94,86,1
3002,726,52,72768.95,0,449.99,146,11316.59,6.04,4,372,2494,POS,Unknown,Contactless,Travel,Yes,Yes,83,70,1
3003,31,60,124278.94,11,402.39,74,52127.26,680.83,4,3242,67,Mobile,Work,Credit Card,Food,No,Yes,23,98,1
3004,337,28,69895.8,8,166.45,53,37108.27,394.64,3,3158,365,Laptop,Home,Digital Wallet,Online Services,Yes,Yes,47,56,1
3005,183,48,147455.59,4,153.76,39,99014.76,505.79,8,1269,2190,Mobile,Home,Contactless,Entertainment,No,Yes,62,4,1
3006,1047,66,261752.41,8,278.75,107,86255.47,134.82,7,1696,280,Mobile,Work,Digital Wallet,Online Services,No,Yes,76,66,1
3007,544,65,213647.82,15,439.92,37,44159.19,471.07,9,1167,941,POS,Public,Credit Card,Online Services,No,Yes,39,9,1
3008,1098,56,174030.6,17,56.75,97,99969.71,635.02,2,1756,293,Mobile,Work,Contactless,Online Services,No,Yes,6,94,1
3009,1034,53,26792.05,7,569.02,49,51649.29,100.51,4,1808,928,Laptop,Home,Credit Card,Electronics,No,Yes,36,19,1
3010,660,47,208228.23,22,326.12,128,17128.22,91.59,5,323,610,POS,Home,Credit Card,Entertainment,No,No,62,63,1
3011,160,40,50007.64,10,184.19,10,55809.53,218.93,4,3928,2461,Mobile,Online,Digital Wallet,Entertainment,No,Yes,60,60,1
3012,1038,36,235931.58,19,416.19,40,23007.47,116.53,7,57,1820,Mobile,Home,Credit Card,Entertainment,No,Yes,79,51,1
3013,412,29,75092.02,18,27.31,146,63813.13,79.75,4,3639,1444,Mobile,Home,Credit Card,Shopping,No,Yes,36,73,1
3014,1012,32,125172.91,3,290.9,106,93775.3,488.42,7,1649,1039,Tablet,Online,Digital Wallet,Grocery,No,Yes,77,5,1
3015,53,48,105206.01,19,291.84,41,78726.76,154.03,9,2936,1651,POS,Unknown,Digital Wallet,Food,Yes,Yes,72,16,1
3016,408,60,257658.29,9,97.6,2,27679.79,480.28,9,1374,1783,POS,Public,Contactless,Travel,No,Yes,89,90,1
3017,847,54,38050.68,23,502.51,53,30037.43,620.6,2,3943,591,POS,Unknown,Online Banking,Electronics,No,Yes,88,7,1
3018,1046,54,169736.9,12,478.19,147,7394.18,469.49,4,3815,1187,Tablet,Work,Online Banking,Online Services,No,Yes,31,2,1
3019,1054,32,42704.28,19,92.06,26,28943.85,86.03,3,602,1442,POS,Online,Digital Wallet,Online Services,No,Yes,40,78,0
3020,703,46,211468.27,13,218.61,54,9716.17,413.02,5,3798,1795,Mobile,Online,Credit Card,Electronics,No,Yes,60,31,1
3021,260,67,271532.93,20,60.71,51,50195.15,283.47,2,3859,90,Laptop,Home,Digital Wallet,Grocery,No,No,13,86,1
3022,1083,60,130438.84,1,509.24,114,70980.53,247.29,9,3614,1795,Laptop,Work,Online Banking,Shopping,No,Yes,93,33,1
3023,776,43,146478.87,3,194.33,17,75242.53,229.41,3,957,1404,Mobile,Home,Digital Wallet,Online Services,Yes,No,96,40,1
3024,1036,61,278234.11,6,263.87,120,6423.16,669.2,3,1808,686,POS,Home,Credit Card,Travel,No,Yes,37,59,1
3025,850,19,156345.32,18,194.66,46,34325.61,534.63,4,3133,2007,Mobile,Home,Credit Card,Grocery,No,No,61,95,1
3026,354,37,146330.77,16,186.36,55,29173.09,96.46,5,1800,198,POS,Public,Digital Wallet,Electronics,Yes,Yes,18,83,1
3027,1099,32,173540.9,15,448.51,50,10877.88,342.78,1,1464,1075,Laptop,Unknown,Credit Card,Online Services,No,Yes,90,6,1
3028,873,69,206800.0,12,448.67,75,36565.9,229.19,9,2474,1132,Mobile,Work,Contactless,Travel,No,Yes,18,46,1
3029,991,21,32154.32,23,310.91,11,30282.35,704.12,7,3118,2379,Mobile,Home,Digital Wallet,Travel,No,Yes,34,40,1
3030,1018,39,246351.05,23,394.74,140,63632.67,704.18,3,2678,1936,Mobile,Home,Online Banking,Food,No,Yes,54,43,1
3031,1178,67,130707.96,21,307.24,48,88388.62,230.13,6,1105,416,POS,Work,Credit Card,Online Services,No,No,31,74,1
3032,1120,55,21797.32,22,17.64,121,45756.75,253.59,6,399,1642,POS,Online,Digital Wallet,Shopping,No,Yes,79,12,1
3033,294,40,235876.18,17,40.07,56,74793.18,431.62,9,193,1595,Laptop,Unknown,Contactless,Entertainment,No,No,37,90,1
3034,209,43,113147.3,20,230.55,8,15028.03,345.15,1,1356,2406,Mobile,Home,Credit Card,Online Services,No,Yes,84,4,1
3035,1112,68,30200.21,11,449.97,14,89549.15,153.51,6,2527,2230,Laptop,Work,Credit Card,Online Services,Yes,Yes,92,59,1
3036,818,28,190170.33,22,547.98,114,15683.18,475.53,0,2621,1744,Mobile,Public,Credit Card,Entertainment,No,Yes,68,49,1
3037,390,45,264051.39,0,18.31,54,19614.07,240.64,1,2787,836,POS,Home,Credit Card,Grocery,No,Yes,72,5,1
3038,325,19,266337.28,14,221.13,17,11093.15,470.71,4,3603,670,Mobile,Work,Digital Wallet,Electronics,No,No,58,94,1
3039,940,25,287303.28,2,134.66,133,31313.11,276.31,7,380,1859,Tablet,Work,Credit Card,Electronics,No,No,82,24,1
3040,889,46,260324.87,5,489.22,131,55464.84,504.18,6,2456,2268,POS,Home,Online Banking,Shopping,No,No,96,35,1
3041,1181,28,742.06,13,507.66,9,98805.41,480.85,2,1492,2129,Laptop,Unknown,Digital Wallet,Food,No,Yes,53,5,1
3042,668,54,114134.33,22,124.24,122,79440.12,366.39,9,230,2418,Tablet,Online,Credit Card,Electronics,Yes,No,87,5,1
3043,633,35,245580.92,5,426.64,114,38353.36,507.44,8,3208,46,POS,Work,Contactless,Grocery,No,Yes,62,72,1
3044,577,67,109939.28,0,439.19,20,57796.68,331.95,4,2582,271,Mobile,Work,Credit Card,Grocery,No,Yes,79,99,1
3045,137,31,180504.4,19,106.65,83,62519.15,83.71,2,3089,1723,Tablet,Unknown,Digital Wallet,Online Services,Yes,Yes,7,55,1
3046,428,27,181934.45,5,260.5,21,82361.36,131.2,6,3485,680,POS,Home,Credit Card,Grocery,No,Yes,31,65,1
3047,612,52,109571.09,7,372.39,33,73776.95,177.19,3,3949,1464,Laptop,Home,Contactless,Grocery,No,No,96,66,1
3048,911,26,271351.73,14,16.13,133,57144.47,45.62,0,3958,323,Mobile,Public,Contactless,Grocery,No,No,40,7,1
3049,819,52,151018.18,13,243.05,26,67083.71,512.22,4,3397,1463,Mobile,Unknown,Credit Card,Online Services,No,Yes,78,15,1
3050,141,28,139488.78,15,93.4,108,74718.8,264.58,7,1081,2436,POS,Unknown,Credit Card,Electronics,No,Yes,83,78,1
3051,1107,61,299254.37,19,325.37,89,13747.83,67.43,3,366,702,Laptop,Online,Online Banking,Online Services,No,Yes,50,77,1
3052,177,29,148100.76,22,505.83,92,20445.32,590.39,6,316,1469,Mobile,Work,Credit Card,Travel,No,Yes,80,44,1
3053,198,20,53601.64,15,315.09,33,69014.14,492.26,7,2708,211,Mobile,Public,Online Banking,Shopping,No,Yes,9,29,1
3054,624,70,153969.52,18,22.07,18,85117.34,325.66,8,3444,821,Mobile,Online,Contactless,Entertainment,No,Yes,65,2,1
3055,691,56,244223.62,23,18.28,18,41221.6,178.22,8,1084,696,Mobile,Work,Digital Wallet,Shopping,Yes,No,25,58,1
3056,401,31,233080.41,0,363.5,33,97999.09,109.34,4,2743,1867,Laptop,Work,Contactless,Grocery,No,Yes,8,71,1
3057,471,45,236595.67,3,197.12,27,21999.14,330.08,5,1825,755,Mobile,Home,Credit Card,Entertainment,No,Yes,39,10,1
3058,218,28,212436.33,23,343.81,49,41961.58,637.39,6,3588,382,POS,Work,Contactless,Online Services,No,No,32,84,1
3059,929,56,76339.93,9,98.6,143,38163.04,135.73,9,1672,98,POS,Home,Credit Card,Travel,No,Yes,8,89,1
3060,632,42,258639.02,19,466.23,108,93064.45,409.48,1,3352,506,Laptop,Home,Credit Card,Food,No,Yes,13,55,1
3061,951,38,268043.7,17,516.5,68,28895.16,692.42,8,1416,354,POS,Home,Contactless,Entertainment,No,Yes,67,90,1
3062,906,27,58326.39,1,533.59,99,47343.68,458.76,0,136,1348,Laptop,Home,Digital Wallet,Travel,No,No,66,42,1
3063,175,60,39223.65,3,182.79,19,19129.77,316.83,5,2583,1262,Tablet,Home,Online Banking,Food,No,No,28,70,1
3064,23,32,292683.93,14,396.61,25,52365.99,515.82,5,3543,1210,Mobile,Home,Online Banking,Travel,No,No,4,68,1
3065,235,36,260510.36,3,167.79,104,85811.71,593.71,6,146,1128,Mobile,Home,Digital Wallet,Food,Yes,No,23,72,1
3066,1037,65,267981.52,15,457.77,76,30751.93,425.21,1,1298,1907,Mobile,Home,Credit Card,Electronics,No,No,34,13,1
3067,1125,39,265924.28,14,72.75,76,81173.81,627.73,5,2156,2364,Mobile,Work,Online Banking,Grocery,No,No,55,37,1
3068,929,38,162551.88,17,457.78,106,91175.5,370.55,5,770,1284,POS,Online,Credit Card,Online Services,No,No,71,8,1
3069,523,69,193955.88,6,264.12,33,7759.31,597.64,8,3587,1630,Mobile,Work,Credit Card,Online Services,No,Yes,94,40,1
3070,431,61,163654.32,14,513.4,37,75764.24,685.46,7,52,112,Mobile,Home,Digital Wallet,Food,No,Yes,58,93,1
3071,793,49,15456.78,21,443.49,92,25906.67,360.95,4,3298,1318,POS,Public,Contactless,Entertainment,No,No,73,91,1
3072,533,67,223676.38,10,226.22,124,17945.1,435.64,6,390,298,POS,Online,Online Banking,Food,No,No,19,9,1
3073,979,40,151649.08,18,542.17,43,60311.68,438.86,6,729,330,Laptop,Online,Credit Card,Shopping,No,No,9,78,1
3074,810,30,194347.95,7,170.36,126,70707.46,562.65,4,1480,1051,Mobile,Online,Online Banking,Food,No,Yes,23,60,1
3075,913,22,150841.68,23,580.21,9,39778.72,592.55,6,246,119,POS,Work,Contactless,Travel,No,Yes,75,75,1
3076,1125,21,147594.22,0,460.44,14,4397.78,19.7,2,3067,1955,Mobile,Online,Credit Card,Entertainment,No,Yes,13,89,1
3077,871,45,51619.55,2,594.41,131,90916.1,528.05,6,3860,389,Tablet,Online,Credit Card,Grocery,No,Yes,93,87,1
3078,540,31,83686.24,4,32.82,69,73209.32,564.37,5,1719,1353,POS,Work,Credit Card,Electronics,No,Yes,31,10,1
3079,1024,25,47739.92,17,164.78,26,27530.85,504.34,5,2784,1466,Laptop,Online,Digital Wallet,Grocery,No,Yes,72,71,1
3080,227,26,58780.32,11,444.89,127,49937.95,513.89,1,657,1178,POS,Unknown,Credit Card,Online Services,No,No,19,77,1
3081,873,68,291895.92,11,553.39,53,3265.38,29.91,1,3297,756,Mobile,Work,Digital Wallet,Electronics,No,No,5,22,1
3082,892,52,46018.72,20,17.75,41,34258.64,318.32,6,596,1632,POS,Home,Online Banking,Travel,Yes,Yes,91,56,1
3083,1037,54,80854.2,18,0.51,82,52492.26,589.11,0,3788,1231,Tablet,Work,Digital Wallet,Electronics,No,Yes,39,46,0
3084,210,38,177217.84,8,154.12,102,51963.75,672.49,8,2520,1832,Tablet,Home,Contactless,Entertainment,No,No,14,18,1
3085,741,35,183092.56,10,511.74,21,21214.4,165.29,2,2050,34,POS,Home,Digital Wallet,Travel,No,Yes,22,73,1
3086,397,50,46276.84,16,460.41,121,77786.36,417.06,5,3560,1866,Tablet,Work,Credit Card,Entertainment,No,Yes,22,86,1
3087,1124,25,238135.86,15,204.5,39,30236.78,579.14,2,2536,1767,POS,Home,Digital Wallet,Online Services,No,Yes,5,59,1
3088,31,68,235582.34,3,1.71,69,58250.8,541.76,8,3585,2194,Mobile,Public,Contactless,Electronics,No,Yes,62,61,1
3089,898,66,71271.58,9,333.05,75,27516.46,445.64,9,2221,460,POS,Online,Credit Card,Grocery,No,Yes,52,52,1
3090,649,34,86671.02,21,143.15,62,42804.2,13.56,6,343,419,POS,Online,Credit Card,Electronics,No,No,80,9,1
3091,329,60,281402.56,14,447.49,45,21147.71,521.23,0,2952,1403,POS,Home,Online Banking,Shopping,No,No,39,63,1
3092,1190,48,247718.87,18,268.09,27,63484.28,556.76,3,758,773,POS,Home,Credit Card,Travel,Yes,Yes,26,64,1
3093,952,51,209369.33,2,407.32,116,42845.64,520.48,4,3358,113,Mobile,Unknown,Online Banking,Food,No,Yes,80,14,1
3094,1124,23,24761.74,20,511.46,142,2103.67,551.41,6,2716,482,Laptop,Work,Digital Wallet,Travel,No,Yes,56,76,1
3095,621,39,125537.4,22,321.69,41,3302.42,310.32,6,503,1164,POS,Home,Online Banking,Entertainment,No,Yes,12,17,1
3096,1197,31,167834.63,4,201.91,106,47377.86,715.5,4,714,352,Tablet,Unknown,Digital Wallet,Electronics,No,Yes,80,17,1
3097,162,20,56304.65,10,461.84,74,18730.97,554.99,0,635,1983,Laptop,Work,Credit Card,Online Services,No,Yes,49,51,1
3098,776,29,134523.15,23,159.48,60,58711.68,416.69,4,3600,1592,Mobile,Work,Credit Card,Grocery,No,Yes,12,56,1
3099,274,53,180347.66,4,534.97,42,41115.08,672.62,4,2979,2018,Laptop,Public,Credit Card,Shopping,No,Yes,96,24,1
3100,1027,29,98280.27,6,43.32,122,65614.77,653.91,3,1272,1158,POS,Home,Online Banking,Grocery,No,No,5,77,1
3101,1052,62,234305.35,5,501.36,11,95263.32,586.51,5,1617,1139,POS,Online,Digital Wallet,Travel,Yes,Yes,100,36,1
3102,326,19,252150.83,12,55.39,147,53109.25,405.9,7,3632,535,Laptop,Public,Online Banking,Online Services,Yes,Yes,92,62,1
3103,940,19,97150.48,1,34.15,118,78844.17,379.56,9,1411,1209,Mobile,Home,Credit Card,Grocery,No,Yes,51,18,1
3104,1173,32,251613.28,18,218.27,65,75427.58,236.74,4,3338,1764,Tablet,Public,Online Banking,Entertainment,Yes,No,4,94,1
3105,540,40,31162.61,10,573.95,47,92218.21,180.71,7,3784,525,POS,Work,Credit Card,Shopping,No,Yes,93,55,1
3106,488,46,251334.96,19,590.1,14,21794.78,368.95,4,304,970,Laptop,Public,Credit Card,Shopping,No,Yes,83,42,1
3107,822,34,45909.85,4,121.64,67,82819.03,416.05,2,3908,415,POS,Work,Credit Card,Shopping,No,No,25,65,1
3108,1089,49,24969.85,8,89.61,109,90599.28,176.13,7,1929,1702,Laptop,Public,Online Banking,Online Services,No,Yes,99,14,1
3109,356,24,192568.44,5,212.1,10,39579.92,664.28,3,3773,705,POS,Online,Digital Wallet,Electronics,Yes,Yes,24,10,1
3110,235,47,141634.02,16,202.58,124,31724.71,401.28,2,781,1926,POS,Online,Digital Wallet,Online Services,No,No,56,5,1
3111,227,45,272376.39,18,455.88,17,95227.57,379.13,2,3678,2364,POS,Unknown,Contactless,Online Services,No,Yes,19,22,1
3112,49,31,109020.44,22,266.68,143,62949.47,313.72,5,2294,952,POS,Work,Digital Wallet,Entertainment,Yes,Yes,23,93,1
3113,118,61,86216.96,7,468.04,97,38377.31,41.91,7,1612,1823,Mobile,Work,Digital Wallet,Shopping,No,Yes,95,96,1
3114,54,47,150270.4,6,449.35,57,79286.86,635.34,9,3498,230,POS,Work,Contactless,Grocery,No,No,83,95,1
3115,565,34,136838.26,4,347.2,138,30795.15,228.3,4,3175,840,POS,Work,Digital Wallet,Grocery,No,No,96,37,1
3116,1068,49,103393.97,14,500.19,71,18052.55,462.61,0,2031,912,Mobile,Online,Online Banking,Online Services,No,No,77,33,1
3117,53,63,208153.02,9,117.79,97,54624.98,437.39,0,705,1432,Mobile,Unknown,Digital Wallet,Grocery,No,Yes,46,94,1
3118,558,23,227892.59,23,97.51,17,56838.1,420.87,2,739,1318,Laptop,Online,Credit Card,Electronics,No,No,18,97,1
3119,1126,68,255909.89,15,450.51,76,82661.77,378.56,5,952,1241,POS,Work,Online Banking,Electronics,Yes,Yes,61,10,1
3120,868,41,291859.7,8,147.26,17,45974.22,130.72,1,3429,927,Tablet,Unknown,Contactless,Electronics,No,Yes,71,64,1
3121,398,23,80070.19,6,2.18,111,81551.36,202.11,0,437,2434,Laptop,Work,Digital Wallet,Travel,No,Yes,45,58,1
3122,1162,44,214856.44,10,547.22,120,31476.61,377.46,6,177,1246,Mobile,Online,Digital Wallet,Grocery,No,Yes,88,63,1
3123,675,35,118338.04,8,373.95,144,57749.14,568.35,1,1139,1163,Laptop,Home,Digital Wallet,Electronics,No,Yes,46,35,1
3124,387,41,203156.88,16,267.24,119,21243.04,311.09,7,3622,1676,Mobile,Home,Contactless,Entertainment,No,No,17,49,1
3125,111,54,142846.91,8,435.58,78,38851.87,146.9,1,532,1118,Laptop,Online,Contactless,Food,No,Yes,15,28,1
3126,614,41,298132.55,2,200.33,3,85825.2,63.41,0,1818,1118,POS,Home,Credit Card,Travel,No,Yes,73,55,1
3127,17,55,218697.75,21,572.22,108,21990.83,477.4,9,2309,346,POS,Home,Online Banking,Shopping,No,No,34,9,1
3128,884,51,285752.14,7,41.64,51,81118.83,304.86,1,3989,2172,Mobile,Online,Digital Wallet,Electronics,No,Yes,99,75,1
3129,541,57,250507.37,18,384.75,114,28645.73,90.35,1,2575,488,Tablet,Work,Credit Card,Online Services,No,No,8,45,1
3130,171,64,270880.01,19,466.49,94,3931.73,485.65,6,2500,1762,Laptop,Online,Digital Wallet,Grocery,No,No,50,27,1
3131,409,32,244344.32,15,281.74,116,11438.49,149.54,0,1520,424,Mobile,Public,Credit Card,Travel,No,Yes,11,32,1
3132,740,28,137801.82,6,453.1,105,74715.01,366.54,2,2324,1249,POS,Online,Contactless,Travel,Yes,Yes,88,41,1
3133,858,39,75611.36,6,556.18,99,26576.06,220.52,4,1423,1603,Laptop,Online,Credit Card,Online Services,No,No,42,21,1
3134,230,41,111159.02,19,446.52,76,65587.49,670.82,6,3614,1092,Laptop,Work,Contactless,Entertainment,No,No,94,76,1
3135,119,18,6168.85,12,185.97,81,70070.29,164.44,5,3880,2226,Tablet,Online,Contactless,Shopping,No,No,85,7,1
3136,1180,35,157245.55,2,337.33,72,34839.29,302.4,7,134,2453,Mobile,Home,Credit Card,Food,No,No,43,22,1
3137,784,61,151566.83,11,547.01,147,47754.44,690.84,0,2311,2443,Mobile,Online,Online Banking,Food,No,Yes,35,96,1
3138,465,29,157622.61,23,269.73,143,40674.83,229.55,6,1511,1785,Mobile,Home,Digital Wallet,Grocery,No,Yes,59,54,1
3139,104,60,292211.96,7,409.18,111,94761.23,464.14,8,1310,485,Laptop,Home,Contactless,Travel,No,Yes,12,67,1
3140,698,45,273445.06,12,279.58,58,32334.91,228.11,6,2552,305,Mobile,Online,Online Banking,Travel,No,Yes,73,76,1
3141,175,57,48597.66,19,73.25,78,18740.64,79.77,5,1646,1608,POS,Online,Online Banking,Shopping,No,Yes,12,58,1
3142,745,24,110727.87,15,35.63,48,36876.49,451.87,8,3736,1291,POS,Work,Contactless,Grocery,No,No,28,77,1
3143,1158,40,127244.46,6,571.39,56,67116.81,659.55,3,3081,2482,POS,Work,Credit Card,Travel,No,Yes,93,86,1
3144,665,38,108223.82,3,367.72,42,69887.59,325.9,9,1225,192,POS,Online,Credit Card,Electronics,No,Yes,46,64,1
3145,33,51,239568.94,11,62.74,24,92443.7,450.88,5,3920,1672,POS,Unknown,Online Banking,Food,No,No,40,42,1
3146,55,28,157258.9,16,514.53,110,88234.57,438.45,5,1326,829,Mobile,Home,Credit Card,Grocery,No,Yes,99,53,1
3147,519,39,171672.74,0,313.85,52,29187.89,298.92,9,3972,1162,Tablet,Work,Contactless,Electronics,No,Yes,29,28,1
3148,756,59,255918.77,16,463.27,34,45788.74,442.76,2,788,209,Mobile,Home,Online Banking,Entertainment,No,Yes,70,58,1
3149,12,52,241797.85,1,76.49,3,74853.26,186.78,6,904,2209,Mobile,Work,Digital Wallet,Travel,No,Yes,16,5,1
3150,720,69,39750.24,5,544.19,68,91695.46,272.25,0,3989,1572,Tablet,Online,Credit Card,Shopping,Yes,No,46,94,1
3151,555,46,214202.98,11,354.53,139,34047.92,318.53,7,3295,2064,Tablet,Home,Credit Card,Entertainment,No,Yes,92,55,1
3152,373,59,130687.3,10,443.09,141,44721.92,622.1,7,141,1508,Mobile,Online,Credit Card,Entertainment,No,Yes,65,96,1
3153,484,45,88465.21,20,19.31,50,89998.09,250.86,7,2100,1041,Laptop,Public,Digital Wallet,Shopping,No,Yes,29,60,1
3154,973,35,15100.64,10,189.53,82,36169.15,457.34,8,3014,1461,Mobile,Online,Online Banking,Entertainment,Yes,Yes,52,45,1
3155,623,31,146226.14,17,160.83,19,48311.04,153.73,3,3995,1714,POS,Unknown,Digital Wallet,Electronics,No,Yes,40,84,1
3156,307,35,106695.46,7,569.78,44,90498.16,181.92,5,2392,486,POS,Online,Digital Wallet,Online Services,No,Yes,6,20,1
3157,457,45,75528.76,6,111.61,3,80323.2,466.9,6,231,944,POS,Public,Credit Card,Entertainment,No,Yes,27,9,1
3158,160,41,208432.05,13,424.38,113,24721.38,548.89,1,3602,2322,POS,Home,Credit Card,Shopping,No,Yes,37,7,1
3159,331,25,230868.67,15,26.13,65,32817.11,332.78,5,647,813,Laptop,Work,Contactless,Food,No,Yes,22,7,1
3160,776,59,73512.38,11,119.01,39,35619.39,241.34,7,2683,1168,Mobile,Online,Credit Card,Travel,No,Yes,7,90,1
3161,225,62,14929.29,8,203.49,64,91317.48,655.4,3,1024,1390,POS,Public,Credit Card,Shopping,Yes,No,1,97,1
3162,983,70,254640.93,19,476.81,104,99893.91,97.87,4,54,85,Mobile,Work,Online Banking,Electronics,No,Yes,77,50,1
3163,729,25,3086.93,22,474.09,13,77513.43,518.94,7,686,453,Laptop,Home,Digital Wallet,Electronics,No,No,48,95,1
3164,1069,21,281140.04,20,571.58,68,48690.47,496.95,2,1561,79,POS,Public,Credit Card,Food,No,No,51,14,1
3165,1083,44,188323.2,15,550.1,70,1512.29,497.01,5,1419,2450,POS,Home,Contactless,Electronics,No,Yes,14,99,1
3166,644,53,96621.81,20,49.37,75,69900.06,673.51,0,560,1989,Laptop,Home,Digital Wallet,Online Services,No,Yes,79,94,1
3167,616,22,74018.73,18,498.01,1,39241.44,524.32,3,3823,1415,POS,Work,Credit Card,Shopping,No,Yes,12,35,1
3168,195,50,2800.8,15,270.98,98,63482.15,217.2,5,1647,2159,Laptop,Online,Online Banking,Electronics,No,Yes,49,63,1
3169,489,66,70717.88,8,519.6,104,60866.05,254.52,2,75,911,Mobile,Unknown,Credit Card,Online Services,No,Yes,41,19,1
3170,157,51,41404.72,12,54.03,116,48342.79,281.66,0,1088,2125,Laptop,Work,Digital Wallet,Food,Yes,Yes,68,73,1
3171,610,47,183688.65,4,493.75,137,94466.55,22.28,5,2279,1699,POS,Online,Online Banking,Food,No,No,85,59,1
3172,412,25,50047.02,21,96.21,113,2803.06,657.74,2,1588,267,Laptop,Home,Contactless,Online Services,No,Yes,2,82,1
3173,1103,56,158636.09,18,200.64,103,71357.18,53.05,7,394,418,POS,Online,Credit Card,Grocery,No,No,85,64,1
3174,1148,64,177075.92,9,17.79,37,41279.07,503.88,6,2547,714,Laptop,Work,Credit Card,Entertainment,No,Yes,62,65,1
3175,471,43,89482.71,6,74.67,106,71522.15,525.74,6,3401,216,Laptop,Home,Digital Wallet,Online Services,No,Yes,57,17,1
3176,516,54,10615.98,8,267.71,108,67684.35,607.49,7,2854,2440,Mobile,Public,Contactless,Online Services,No,Yes,14,86,1
3177,1128,51,11272.44,13,491.09,21,1518.68,398.47,6,2493,2085,Mobile,Home,Online Banking,Entertainment,No,No,44,12,1
3178,393,24,8001.56,14,464.32,148,28891.18,522.22,4,1399,2104,Mobile,Online,Digital Wallet,Online Services,No,Yes,66,55,1
3179,631,57,221763.49,12,141.56,129,19314.61,218.03,9,1402,1003,Laptop,Public,Credit Card,Electronics,No,No,75,18,1
3180,608,45,95471.11,9,91.44,28,17115.14,536.85,7,2776,1012,POS,Home,Digital Wallet,Electronics,No,Yes,37,66,1
3181,980,56,238910.43,13,233.86,108,72983.43,247.32,7,2887,305,POS,Home,Contactless,Grocery,No,No,78,24,1
3182,434,56,129576.67,20,530.02,9,24335.36,650.05,7,2267,854,Mobile,Work,Credit Card,Electronics,No,Yes,47,4,1
3183,1167,45,135954.13,22,55.31,32,47736.39,117.72,9,3504,1921,Tablet,Work,Credit Card,Electronics,No,Yes,61,87,1
3184,540,31,153913.49,11,325.98,66,25075.41,227.41,5,3853,506,Laptop,Unknown,Digital Wallet,Entertainment,No,No,84,4,1
3185,278,70,213938.13,18,53.74,100,58233.27,359.16,1,378,1605,Tablet,Work,Credit Card,Shopping,No,Yes,99,21,1
3186,233,67,82123.51,5,282.39,21,72197.09,558.63,7,402,2437,Tablet,Public,Digital Wallet,Grocery,No,Yes,27,27,1
3187,1114,55,36564.05,11,76.51,82,33441.94,539.16,9,1692,1289,Mobile,Public,Credit Card,Shopping,No,No,49,11,1
3188,362,21,166861.59,23,48.66,24,60500.57,151.8,0,3606,1086,POS,Public,Credit Card,Shopping,No,No,60,62,1
3189,26,59,98160.59,12,114.91,111,82573.05,103.94,8,3392,1594,POS,Home,Online Banking,Grocery,No,Yes,70,64,1
3190,1049,35,132803.14,7,153.53,92,9875.32,218.93,8,1014,574,Mobile,Home,Digital Wallet,Online Services,No,No,71,88,1
3191,507,61,194119.32,15,166.12,12,71211.72,348.35,5,1016,2177,POS,Home,Contactless,Entertainment,No,Yes,45,27,1
3192,267,65,148288.31,1,387.34,139,32652.92,388.13,9,2188,359,Mobile,Online,Online Banking,Shopping,No,Yes,1,64,1
3193,461,42,186121.62,21,33.46,23,12703.67,309.04,5,1608,1118,Mobile,Home,Credit Card,Grocery,No,Yes,13,36,1
3194,456,24,163305.58,6,48.95,92,54792.59,477.46,5,1556,2199,POS,Unknown,Credit Card,Shopping,No,Yes,38,91,1
3195,1092,55,221964.93,11,113.63,123,23013.1,307.9,3,3402,1608,POS,Online,Online Banking,Entertainment,No,Yes,17,92,1
3196,1007,45,211810.39,6,523.3,34,82225.5,681.36,0,2723,1938,Mobile,Online,Credit Card,Online Services,No,Yes,100,62,1
3197,863,22,160303.55,18,377.35,125,4768.14,187.97,0,1066,1774,POS,Online,Contactless,Travel,No,No,38,47,1
3198,491,20,203703.02,13,438.36,57,10315.96,451.75,0,552,156,POS,Online,Credit Card,Electronics,No,Yes,1,98,1
3199,1073,61,262080.52,8,222.53,3,52339.11,440.23,4,3203,1239,POS,Home,Credit Card,Online Services,No,Yes,1,66,1
3200,564,48,129738.16,17,128.33,6,59099.71,202.81,6,2019,1802,Mobile,Work,Credit Card,Electronics,No,Yes,83,41,1
3201,1126,64,123887.65,10,23.26,48,73123.72,296.47,0,2274,2168,POS,Online,Digital Wallet,Travel,No,Yes,30,90,1
3202,216,59,229297.26,15,293.38,102,26296.44,263.2,0,1444,1608,POS,Online,Online Banking,Food,No,Yes,77,45,1
3203,559,37,174807.9,18,344.78,120,84255.16,124.28,5,2132,1986,Tablet,Work,Credit Card,Shopping,No,Yes,7,79,1
3204,159,36,21394.93,10,538.25,13,95337.66,343.7,1,2260,2123,Laptop,Unknown,Digital Wallet,Online Services,Yes,Yes,20,24,1
3205,489,65,267644.39,17,529.31,36,50154.41,278.46,1,1072,2102,Mobile,Unknown,Credit Card,Travel,No,No,44,19,1
3206,686,28,9331.85,10,255.1,70,76172.87,128.47,6,392,1919,Mobile,Work,Digital Wallet,Shopping,Yes,Yes,73,71,1
3207,794,57,224544.07,3,254.43,33,52722.41,323.97,8,3875,2426,Laptop,Online,Credit Card,Travel,No,No,13,81,1
3208,5,20,227662.36,17,97.09,105,7411.97,303.79,7,2550,1664,POS,Work,Digital Wallet,Online Services,No,Yes,39,68,1
3209,361,40,285938.01,18,154.84,57,32948.1,94.67,1,38,902,POS,Home,Digital Wallet,Grocery,Yes,Yes,20,100,1
3210,459,24,16334.91,12,555.44,55,9204.93,94.54,6,2737,1938,Laptop,Unknown,Credit Card,Online Services,No,Yes,89,40,1
3211,248,40,179097.37,3,85.05,107,98893.47,466.24,4,2102,2371,POS,Public,Online Banking,Grocery,No,Yes,5,94,1
3212,946,24,128409.39,9,581.24,141,23288.08,508.77,9,1359,275,POS,Online,Digital Wallet,Electronics,No,Yes,52,64,1
3213,422,63,99256.82,21,303.09,51,63772.09,677.66,3,3685,286,Tablet,Public,Digital Wallet,Shopping,No,No,25,52,1
3214,15,51,27186.54,4,274.24,92,28792.34,62.73,9,1487,851,Mobile,Online,Digital Wallet,Grocery,Yes,No,12,43,1
3215,736,59,168839.97,2,105.2,53,65498.0,84.95,3,2050,2429,Mobile,Online,Online Banking,Grocery,No,Yes,90,62,1
3216,1146,36,143764.31,15,397.09,36,21434.97,37.4,3,1475,819,Mobile,Online,Digital Wallet,Entertainment,No,Yes,56,55,1
3217,277,26,31455.88,7,276.18,133,78634.37,383.25,8,3935,723,Mobile,Home,Contactless,Electronics,No,No,86,78,1
3218,453,65,183785.6,23,222.71,119,11525.75,448.42,6,1110,768,Mobile,Home,Contactless,Electronics,No,Yes,1,42,1
3219,598,68,221412.14,6,159.08,25,89567.46,290.6,6,3635,748,POS,Work,Online Banking,Electronics,No,Yes,72,59,1
3220,446,35,230206.76,18,40.36,81,84121.96,574.51,3,853,585,Mobile,Online,Contactless,Shopping,No,No,100,48,1
3221,210,58,271621.42,13,311.84,37,68041.33,494.45,8,3649,1543,Laptop,Online,Contactless,Food,No,No,49,46,1
3222,714,65,122900.28,14,188.09,19,7207.76,709.81,7,3280,1298,POS,Online,Credit Card,Travel,No,Yes,67,53,1
3223,302,62,285926.52,16,424.87,35,21252.62,99.37,9,2145,1307,POS,Home,Contactless,Travel,No,No,22,64,1
3224,3,59,259642.28,20,434.25,107,86006.48,42.08,3,3597,1162,POS,Work,Credit Card,Grocery,No,Yes,85,20,1
3225,990,42,89020.82,0,199.6,54,12636.46,197.93,5,1054,2400,Mobile,Work,Credit Card,Entertainment,No,Yes,85,29,1
3226,1117,69,47868.98,5,401.64,6,16015.24,13.81,3,77,143,Tablet,Home,Contactless,Online Services,No,Yes,31,54,1
3227,520,31,130673.28,22,155.58,129,54628.33,671.49,0,1470,977,Laptop,Public,Credit Card,Online Services,No,No,1,53,1
3228,493,61,120629.42,14,436.44,34,27780.66,218.91,4,3765,514,Tablet,Online,Digital Wallet,Food,No,Yes,27,90,1
3229,620,42,172758.22,11,10.14,56,22596.53,397.79,9,974,307,Laptop,Home,Contactless,Electronics,No,Yes,2,83,1
3230,1185,36,175057.53,20,91.39,97,57793.44,229.08,2,3298,1802,Laptop,Online,Credit Card,Travel,No,Yes,93,8,1
3231,331,56,225021.1,19,147.38,26,37571.38,177.06,0,3671,1082,POS,Online,Credit Card,Shopping,No,No,1,20,1
3232,333,32,153016.0,1,463.87,91,14485.71,109.79,1,3149,427,Mobile,Online,Digital Wallet,Electronics,No,No,42,65,1
3233,50,33,31536.31,4,40.29,38,53717.95,230.73,1,2006,251,Mobile,Public,Online Banking,Electronics,No,Yes,8,80,1
3234,863,44,257501.57,8,113.24,59,39007.73,443.14,7,2013,2395,Laptop,Online,Online Banking,Grocery,No,Yes,35,58,1
3235,272,57,92998.4,19,215.5,127,73584.42,699.57,3,384,2348,Laptop,Public,Contactless,Food,No,No,35,65,1
3236,580,27,291392.11,13,6.0,24,10724.17,401.87,2,3335,1807,Mobile,Public,Credit Card,Online Services,Yes,Yes,7,35,1
3237,560,21,35446.25,17,457.39,111,62251.02,383.6,3,3087,2475,POS,Home,Credit Card,Grocery,No,Yes,23,8,1
3238,696,68,287479.53,21,336.28,21,43931.09,25.49,9,466,1662,Laptop,Home,Online Banking,Food,No,No,23,8,1
3239,1114,36,27394.44,7,540.46,60,40903.16,604.89,0,729,372,Laptop,Work,Online Banking,Online Services,No,Yes,46,66,1
3240,446,45,69387.74,1,19.1,90,23612.62,32.38,0,1947,2458,POS,Unknown,Credit Card,Grocery,No,Yes,19,28,1
3241,1017,38,14069.32,8,163.2,148,3527.39,652.5,4,2703,804,POS,Unknown,Credit Card,Travel,No,Yes,79,95,1
3242,1163,64,211563.43,6,438.89,6,84845.07,387.89,6,119,369,POS,Unknown,Credit Card,Online Services,No,Yes,72,44,1
3243,357,31,255104.59,17,405.25,10,32977.8,121.38,8,398,36,Mobile,Work,Contactless,Travel,No,No,97,16,1
3244,274,50,130277.92,15,146.21,140,68268.56,325.28,6,3016,1326,Mobile,Online,Contactless,Online Services,No,No,99,75,1
3245,1043,65,278563.77,20,357.61,97,94784.95,716.39,4,1222,317,Mobile,Online,Credit Card,Electronics,No,Yes,13,64,1
3246,311,27,177130.69,4,476.36,150,56716.53,219.73,2,1416,922,POS,Work,Credit Card,Entertainment,Yes,No,50,78,1
3247,870,36,189039.14,22,20.51,80,40016.12,194.08,7,3032,746,Laptop,Home,Credit Card,Online Services,No,Yes,31,37,1
3248,886,47,253641.22,14,430.72,17,27193.22,85.05,6,1926,213,POS,Online,Contactless,Electronics,No,No,71,33,1
3249,154,39,89110.38,4,151.63,138,93437.36,429.98,3,3278,1883,POS,Online,Contactless,Shopping,No,Yes,84,8,1
3250,620,20,106344.29,10,568.74,140,68366.64,64.33,0,2577,599,Tablet,Online,Digital Wallet,Entertainment,No,Yes,38,34,1
3251,883,54,271794.98,21,323.16,83,66695.5,551.55,2,733,652,Mobile,Home,Credit Card,Travel,No,No,57,13,1
3252,797,58,270298.95,13,20.52,40,42902.75,661.85,7,2210,2263,Laptop,Work,Credit Card,Entertainment,No,Yes,8,16,1
3253,125,35,292947.18,18,242.36,74,84582.35,670.95,1,2249,672,Mobile,Online,Digital Wallet,Entertainment,No,Yes,100,36,1
3254,619,28,270561.31,2,579.8,74,71510.38,77.79,8,1583,139,POS,Public,Contactless,Travel,No,Yes,14,54,1
3255,245,65,38298.87,23,438.36,50,28676.74,401.99,3,2840,761,Mobile,Public,Credit Card,Shopping,No,Yes,94,85,1
3256,848,19,247134.91,9,180.64,10,60158.08,70.01,6,2518,243,Tablet,Online,Online Banking,Online Services,No,Yes,51,81,1
3257,450,29,123010.56,5,345.37,103,43304.3,411.89,9,3062,1627,Mobile,Public,Credit Card,Shopping,No,Yes,9,39,1
3258,930,23,297241.33,2,359.66,94,1155.72,586.8,6,141,597,Mobile,Home,Digital Wallet,Grocery,No,No,13,53,1
3259,520,60,141737.06,1,14.5,132,80858.53,387.26,7,1093,1490,Mobile,Public,Online Banking,Food,No,No,76,34,1
3260,1165,57,166195.44,12,107.71,129,12721.62,627.89,6,131,1387,Tablet,Online,Online Banking,Online Services,No,Yes,66,18,1
3261,362,61,158979.5,17,331.29,43,51240.47,577.23,3,1422,1482,Mobile,Unknown,Online Banking,Grocery,No,Yes,38,41,1
3262,8,46,96588.94,1,241.95,83,33954.51,199.19,6,1227,876,Tablet,Home,Online Banking,Food,Yes,Yes,21,100,1
3263,478,47,22599.12,14,114.43,133,34537.86,453.71,4,3927,1101,POS,Public,Credit Card,Shopping,Yes,Yes,29,36,1
3264,495,19,268705.8,4,463.71,104,47997.81,5.44,9,370,1005,POS,Online,Credit Card,Online Services,No,Yes,84,5,1
3265,833,26,240822.48,14,293.65,34,99703.8,285.21,6,949,2276,POS,Home,Online Banking,Shopping,No,No,50,28,1
3266,1063,64,41944.08,20,186.33,24,41133.78,171.41,2,1977,2406,Tablet,Work,Credit Card,Food,Yes,Yes,64,49,1
3267,593,19,233052.8,16,97.43,142,18641.76,674.73,9,2891,1950,POS,Home,Digital Wallet,Grocery,No,Yes,9,69,1
3268,187,46,187791.42,1,366.89,41,61553.83,291.94,6,225,1991,Laptop,Work,Contactless,Food,No,Yes,15,68,1
3269,754,50,122802.22,17,399.92,13,24010.63,470.96,6,1637,1946,Tablet,Work,Contactless,Grocery,No,No,53,3,1
3270,93,27,76280.94,14,401.92,132,11002.14,527.05,1,1235,153,Laptop,Online,Online Banking,Shopping,No,No,97,33,1
3271,86,51,257932.66,19,132.56,28,5492.33,556.74,7,3854,2277,Mobile,Unknown,Credit Card,Travel,No,No,53,57,1
3272,1068,61,210086.46,22,357.41,83,2776.69,529.78,6,1854,104,POS,Public,Contactless,Shopping,No,Yes,71,52,1
3273,137,25,164367.2,2,543.29,129,43400.88,208.27,8,3424,2018,Mobile,Work,Contactless,Grocery,No,Yes,3,67,1
3274,421,54,182909.6,4,212.24,107,42959.22,494.0,3,1166,186,Laptop,Home,Online Banking,Travel,No,Yes,87,72,1
3275,74,50,27410.75,10,126.85,13,18961.77,395.33,8,3953,1187,Laptop,Work,Credit Card,Travel,No,Yes,22,23,1
3276,1180,64,142228.54,8,463.4,114,78509.9,430.15,0,1728,2389,POS,Home,Digital Wallet,Travel,No,No,39,70,1
3277,171,23,58190.72,4,106.54,106,13362.43,0.69,4,1604,1598,Mobile,Unknown,Online Banking,Online Services,No,Yes,77,27,1
3278,170,61,62594.27,0,152.62,5,91574.06,186.02,9,3336,1173,Laptop,Online,Online Banking,Food,No,No,9,86,1
3279,872,57,198425.06,13,60.84,97,58963.81,670.1,6,534,112,POS,Online,Credit Card,Electronics,No,Yes,34,34,1
3280,322,62,273385.72,4,161.09,14,3247.83,208.93,3,1996,722,Mobile,Home,Credit Card,Shopping,No,No,12,65,1
3281,456,36,121186.61,7,246.5,80,96315.78,315.43,6,3172,1281,POS,Online,Online Banking,Entertainment,No,No,34,36,1
3282,944,49,62404.01,20,38.96,120,31140.16,134.49,8,2296,2263,POS,Public,Online Banking,Entertainment,No,No,45,91,1
3283,790,44,194659.21,13,523.09,35,45272.51,99.88,4,1570,1906,Laptop,Online,Digital Wallet,Shopping,No,Yes,97,9,1
3284,613,18,261369.0,15,308.45,3,28784.73,150.32,4,1806,1814,POS,Public,Digital Wallet,Travel,No,Yes,50,25,1
3285,1179,60,224520.81,5,353.07,4,72977.92,398.67,1,2242,2120,POS,Home,Online Banking,Food,Yes,No,99,78,1
3286,889,69,260640.29,7,223.09,135,48825.18,661.71,4,3614,1562,Tablet,Home,Credit Card,Grocery,No,Yes,28,18,1
3287,349,50,161012.75,1,402.07,131,13671.11,234.93,7,2458,102,Mobile,Public,Credit Card,Food,No,Yes,39,82,1
3288,1197,57,225587.69,18,259.35,81,10868.29,232.92,3,1237,1907,POS,Online,Digital Wallet,Travel,No,No,3,27,0
3289,10,49,42105.36,8,456.91,111,72674.85,406.22,1,1956,2242,Mobile,Home,Credit Card,Shopping,No,Yes,47,9,1
3290,740,22,104547.56,4,492.93,59,24089.6,256.92,7,2446,2344,Mobile,Work,Online Banking,Online Services,No,Yes,12,76,1
3291,667,34,116925.79,4,403.27,74,14210.44,655.51,3,3549,1493,POS,Online,Online Banking,Entertainment,No,No,43,56,1
3292,546,25,153437.59,18,295.06,129,50193.05,272.11,4,2085,1181,Mobile,Online,Online Banking,Food,Yes,Yes,77,47,1
3293,129,59,278730.0,3,469.47,59,80375.15,353.17,6,3721,1371,POS,Unknown,Contactless,Online Services,No,Yes,67,82,1
3294,601,51,262301.54,15,296.82,118,28238.88,384.09,4,1435,63,Laptop,Home,Credit Card,Online Services,Yes,Yes,18,49,1
3295,605,26,40444.2,15,67.35,138,28004.95,563.11,9,3483,2175,POS,Online,Credit Card,Travel,Yes,No,90,14,1
3296,327,40,51919.62,15,70.25,103,83471.19,406.06,3,2043,1263,Mobile,Online,Credit Card,Food,No,Yes,10,74,1
3297,980,52,107356.4,6,569.18,131,15209.46,172.27,6,477,2393,Laptop,Online,Online Banking,Travel,No,Yes,4,84,1
3298,404,67,87294.09,17,128.53,135,61864.4,89.36,3,1750,739,Mobile,Online,Digital Wallet,Food,Yes,Yes,12,22,1
3299,629,24,184469.81,23,489.65,9,95523.84,675.2,9,3897,1309,Mobile,Online,Credit Card,Entertainment,No,Yes,53,59,1
3300,718,32,270842.54,20,148.4,99,84209.66,577.15,3,1207,1607,Mobile,Home,Credit Card,Food,No,Yes,51,34,1
3301,1041,70,288691.23,0,258.75,141,6650.62,16.63,1,63,434,Mobile,Online,Contactless,Shopping,Yes,Yes,16,48,1
3302,274,37,196115.53,2,393.14,114,32331.13,591.52,4,526,645,POS,Home,Online Banking,Online Services,No,Yes,17,69,1
3303,685,67,251463.94,20,95.74,62,14666.26,425.27,7,2941,1954,Laptop,Home,Digital Wallet,Electronics,No,No,95,30,1
3304,116,42,157608.14,7,442.48,62,94949.44,373.65,3,2099,1887,Laptop,Work,Contactless,Travel,No,Yes,26,1,1
3305,861,20,62577.25,0,414.1,10,98601.19,8.9,1,1433,911,Laptop,Home,Online Banking,Online Services,No,Yes,2,26,1
3306,693,63,157454.05,6,326.08,87,23881.81,562.24,8,3249,1242,POS,Online,Credit Card,Electronics,No,Yes,29,71,1
3307,1115,41,166569.27,6,339.75,11,67135.05,142.69,5,2740,1957,POS,Home,Digital Wallet,Entertainment,Yes,Yes,94,7,1
3308,1106,51,222763.02,7,63.91,62,84242.36,524.17,2,1632,1627,POS,Work,Digital Wallet,Entertainment,No,No,47,5,1
3309,324,63,66042.91,18,261.85,77,23751.19,11.52,9,1968,1969,Mobile,Public,Online Banking,Online Services,No,No,11,84,1
3310,961,39,110556.28,16,52.4,104,19174.22,573.39,4,619,1275,Laptop,Home,Credit Card,Online Services,Yes,No,34,64,1
3311,114,28,109271.84,10,185.06,56,1615.5,16.69,5,3845,469,Mobile,Work,Digital Wallet,Electronics,No,Yes,71,92,1
3312,1082,65,287835.93,14,540.24,110,41490.26,169.92,8,1604,561,POS,Online,Digital Wallet,Entertainment,No,No,29,23,1
3313,154,25,133239.09,8,344.93,49,89994.03,193.23,4,706,1333,Mobile,Home,Contactless,Entertainment,No,No,97,8,1
3314,315,56,226552.68,16,445.75,16,90346.48,113.49,8,1152,1301,POS,Online,Contactless,Grocery,No,Yes,49,47,1
3315,1065,60,225268.33,10,344.54,73,13210.44,346.41,0,3742,145,Mobile,Work,Digital Wallet,Travel,No,Yes,91,80,1
3316,105,52,79736.7,5,116.94,116,20833.07,204.33,9,2072,434,Laptop,Home,Digital Wallet,Travel,No,No,16,41,1
3317,354,66,171603.72,8,357.09,93,41100.71,715.17,3,3632,2051,Laptop,Public,Contactless,Travel,No,Yes,81,48,1
3318,1016,63,268301.44,17,453.36,137,78172.14,417.62,0,2348,1308,Mobile,Home,Online Banking,Shopping,No,Yes,75,70,1
3319,733,55,142611.8,19,83.47,33,61379.22,407.91,1,2038,326,Mobile,Work,Contactless,Grocery,Yes,Yes,14,75,1
3320,709,25,283540.74,1,490.24,88,51628.05,159.1,1,30,2411,Mobile,Home,Contactless,Shopping,No,Yes,13,77,1
3321,651,54,64416.02,3,333.46,39,59397.22,294.32,9,2364,1124,Laptop,Work,Online Banking,Shopping,No,Yes,35,66,1
3322,824,44,22340.32,17,3.06,114,10071.87,89.35,4,2050,995,POS,Work,Credit Card,Grocery,No,Yes,90,49,1
3323,947,45,267447.02,0,312.11,77,48027.53,549.04,0,3281,2136,Laptop,Work,Credit Card,Shopping,Yes,Yes,52,2,1
3324,661,57,254319.59,10,237.71,87,99210.3,238.5,9,968,745,Laptop,Online,Digital Wallet,Electronics,No,Yes,25,63,1
3325,99,51,297777.7,2,178.22,114,9300.39,541.44,2,1309,1035,Laptop,Online,Online Banking,Grocery,No,No,59,13,1
3326,588,49,203850.11,7,462.87,56,52165.04,267.68,5,3275,1104,Laptop,Online,Credit Card,Grocery,No,Yes,76,83,1
3327,282,32,281012.71,4,539.75,138,29917.1,711.91,0,883,45,Mobile,Online,Credit Card,Online Services,No,No,68,33,1
3328,403,61,248102.01,19,457.71,41,54221.37,123.29,0,79,1557,Laptop,Unknown,Digital Wallet,Travel,No,Yes,42,25,1
3329,1133,34,253343.46,20,508.14,104,57594.97,1.2,2,1585,80,Mobile,Public,Contactless,Entertainment,No,Yes,48,82,1
3330,700,50,170785.56,21,545.31,99,57958.55,428.31,8,2694,1832,Laptop,Online,Digital Wallet,Food,No,Yes,91,29,1
3331,199,64,114771.14,21,547.62,59,85294.77,686.13,1,2267,1633,POS,Public,Credit Card,Shopping,No,Yes,45,37,1
3332,327,63,280373.97,4,69.23,122,39279.87,465.91,5,1804,1233,Tablet,Online,Credit Card,Entertainment,Yes,Yes,72,75,1
3333,154,69,129691.94,10,274.1,120,51877.24,61.81,2,3144,2022,Mobile,Unknown,Credit Card,Travel,No,Yes,72,41,1
3334,552,33,161691.93,11,0.67,41,1587.38,389.19,5,3618,2405,Mobile,Online,Contactless,Electronics,No,Yes,29,87,1
3335,405,46,133889.68,21,304.12,66,79060.28,654.84,6,2837,1756,Mobile,Public,Contactless,Online Services,Yes,Yes,3,87,1
3336,462,26,169489.01,8,554.58,62,26319.03,4.78,6,95,961,Laptop,Work,Digital Wallet,Grocery,Yes,No,21,35,1
3337,132,50,141204.47,20,119.86,40,81747.22,120.26,1,2473,2045,Laptop,Online,Digital Wallet,Entertainment,No,No,31,3,1
3338,791,66,14485.47,12,384.05,40,26931.05,586.5,2,1304,2378,Mobile,Online,Online Banking,Food,No,Yes,13,47,1
3339,874,46,264626.25,21,386.81,102,1573.46,643.62,3,157,547,POS,Public,Credit Card,Entertainment,No,No,95,62,1
3340,84,30,133373.71,19,96.63,15,15905.72,509.18,7,2774,2339,Laptop,Public,Credit Card,Grocery,Yes,Yes,81,18,1
3341,754,38,176724.2,2,143.5,124,98575.45,713.92,4,217,2168,POS,Home,Digital Wallet,Travel,Yes,Yes,48,57,1
3342,628,38,41842.42,12,277.48,131,32320.22,65.05,0,1236,223,Tablet,Online,Contactless,Entertainment,No,No,96,52,1
3343,1133,22,1116.02,21,113.33,24,11327.98,392.93,8,1636,1117,Tablet,Home,Online Banking,Grocery,No,Yes,24,73,1
3344,221,27,73662.5,10,351.2,48,12316.5,493.23,0,607,1347,POS,Home,Credit Card,Electronics,No,No,2,48,1
3345,553,23,211405.35,10,290.98,48,31379.1,505.93,1,2918,255,Mobile,Public,Contactless,Online Services,No,Yes,3,20,1
3346,1171,68,29848.44,20,311.76,47,4245.68,571.33,6,791,474,Mobile,Online,Online Banking,Travel,No,No,26,88,1
3347,112,30,272675.34,19,81.11,105,51393.11,660.7,2,696,2411,POS,Work,Online Banking,Shopping,No,Yes,2,81,1
3348,615,18,64585.27,20,310.59,113,21767.22,260.45,5,3513,1932,Laptop,Online,Credit Card,Online Services,No,Yes,33,12,1
3349,924,37,61457.62,6,30.16,8,52171.41,31.03,7,962,526,POS,Online,Credit Card,Travel,No,Yes,34,33,1
3350,475,64,54534.24,16,528.98,18,14506.04,261.02,4,2156,1512,Mobile,Work,Credit Card,Entertainment,Yes,No,90,70,1
3351,836,63,4293.12,15,206.28,108,43270.79,483.6,0,1072,1386,Mobile,Home,Contactless,Grocery,Yes,Yes,98,94,1
3352,271,25,231564.46,13,513.87,84,59992.73,153.77,9,3579,274,Tablet,Online,Credit Card,Food,No,No,38,70,1
3353,421,27,262522.86,0,421.14,65,6668.99,583.2,2,2000,2141,Mobile,Home,Digital Wallet,Travel,No,Yes,78,48,1
3354,707,26,184287.39,10,459.82,109,40175.56,158.31,1,3882,834,Mobile,Home,Digital Wallet,Travel,No,Yes,95,23,1
3355,40,66,56541.17,12,189.07,46,30601.12,7.34,5,74,961,POS,Work,Digital Wallet,Travel,No,No,20,46,1
3356,189,58,85654.87,0,137.03,66,24415.8,365.87,4,3875,1790,Mobile,Public,Digital Wallet,Travel,Yes,Yes,10,7,1
3357,1188,20,142830.42,1,244.34,80,60651.2,523.08,6,1275,1319,Laptop,Home,Credit Card,Entertainment,Yes,Yes,84,26,1
3358,994,28,286308.35,8,15.02,150,59059.93,251.82,1,2206,2239,Mobile,Unknown,Credit Card,Online Services,No,Yes,33,67,1
3359,536,29,74280.68,12,551.29,140,63254.63,539.23,5,647,1834,Mobile,Online,Credit Card,Shopping,No,Yes,45,57,1
3360,1028,27,219520.61,4,232.52,147,16308.83,315.71,4,792,54,Mobile,Home,Credit Card,Food,No,Yes,60,25,1
3361,290,42,131890.52,8,593.14,150,28928.07,123.72,5,1686,1948,Mobile,Online,Credit Card,Online Services,No,Yes,66,67,1
3362,433,66,89424.42,12,456.99,106,21363.04,65.29,4,3331,329,Mobile,Work,Online Banking,Travel,No,Yes,61,79,1
3363,471,66,136829.19,4,48.77,126,54280.11,511.65,6,822,1278,POS,Unknown,Credit Card,Grocery,No,Yes,51,39,1
3364,628,42,21454.89,14,396.28,145,46376.04,277.78,4,1280,103,POS,Public,Credit Card,Food,No,Yes,12,68,1
3365,279,28,239626.34,6,162.87,13,33364.23,657.21,6,2474,1169,POS,Work,Online Banking,Entertainment,No,Yes,80,38,1
3366,877,53,73066.25,13,146.61,28,78708.47,389.03,0,2352,181,Mobile,Unknown,Credit Card,Shopping,No,Yes,9,45,1
3367,581,56,217651.1,15,154.31,123,9850.39,250.94,8,167,1615,Mobile,Work,Contactless,Online Services,No,No,11,64,1
3368,863,70,20597.68,5,549.69,67,97502.22,251.34,5,3274,1937,Tablet,Work,Digital Wallet,Travel,No,Yes,21,85,1
3369,254,43,286534.06,1,300.24,5,12096.14,94.72,8,1380,1985,POS,Home,Contactless,Shopping,No,No,76,54,1
3370,181,31,57985.19,15,401.85,100,77420.55,427.57,0,2860,121,Laptop,Online,Credit Card,Travel,No,Yes,68,94,1
3371,681,56,264834.35,18,168.93,143,37138.9,419.2,1,2292,1440,Laptop,Work,Credit Card,Travel,No,No,26,71,1
3372,825,57,242861.02,4,314.01,81,86593.59,576.02,6,2305,714,Laptop,Online,Digital Wallet,Grocery,No,Yes,63,13,1
3373,700,18,290361.19,3,210.39,44,7879.91,144.94,3,2184,401,Mobile,Unknown,Credit Card,Electronics,Yes,Yes,19,50,1
3374,566,21,143419.41,13,193.02,119,37784.81,209.44,9,2236,1551,POS,Unknown,Digital Wallet,Grocery,No,No,17,43,1
3375,680,47,218246.45,5,148.56,46,33876.62,70.1,0,1947,1289,Mobile,Public,Digital Wallet,Food,No,Yes,44,7,1
3376,391,29,111276.13,7,245.7,68,99319.13,212.72,4,1189,1095,Mobile,Home,Digital Wallet,Online Services,No,Yes,61,87,1
3377,1109,52,55392.03,23,396.19,128,98562.12,308.29,3,3864,1202,POS,Online,Contactless,Shopping,No,No,1,44,1
3378,212,30,132978.47,2,133.62,49,19385.49,694.1,5,2107,640,Mobile,Public,Credit Card,Food,No,Yes,72,64,1
3379,384,69,49808.13,3,579.28,102,63179.72,470.24,6,1151,149,POS,Home,Digital Wallet,Food,No,Yes,58,7,1
3380,342,48,294615.18,0,75.2,77,53784.18,563.69,2,638,1868,POS,Unknown,Digital Wallet,Food,No,Yes,94,10,1
3381,844,55,28964.32,1,288.38,20,15860.16,234.43,5,798,1582,Mobile,Home,Online Banking,Shopping,No,Yes,41,78,1
3382,1062,60,176804.6,12,51.47,111,17194.08,104.13,1,813,2125,Tablet,Online,Credit Card,Travel,No,No,24,69,1
3383,420,40,187976.51,8,14.09,146,98930.55,184.91,9,2959,1439,Laptop,Online,Digital Wallet,Travel,No,No,43,62,1
3384,751,21,161470.05,11,553.65,115,45546.63,184.73,3,3624,1633,Mobile,Public,Digital Wallet,Online Services,No,Yes,81,19,1
3385,1193,69,198689.55,9,486.33,12,13017.23,419.88,9,3000,2116,POS,Online,Contactless,Travel,No,No,94,33,1
3386,306,33,34942.61,9,416.65,79,21871.61,245.93,8,2419,502,Tablet,Unknown,Online Banking,Travel,No,Yes,9,62,1
3387,702,24,166550.06,17,519.18,119,27200.63,617.34,6,197,1186,Tablet,Home,Credit Card,Travel,No,No,66,78,1
3388,869,39,86235.05,11,481.81,36,51336.27,711.75,1,3312,353,POS,Work,Digital Wallet,Online Services,No,Yes,90,67,1
3389,537,46,282058.8,21,388.52,8,33887.04,247.24,5,713,81,Mobile,Work,Online Banking,Online Services,Yes,Yes,32,7,1
3390,1136,28,228645.29,15,508.48,28,45773.67,507.67,3,3939,962,POS,Online,Digital Wallet,Grocery,No,Yes,91,30,1
3391,206,50,291757.09,22,234.78,116,17066.71,473.42,7,2709,2213,POS,Online,Credit Card,Travel,No,Yes,41,91,1
3392,496,46,11363.07,5,331.87,86,33009.5,140.09,7,3286,1457,Mobile,Public,Credit Card,Entertainment,Yes,Yes,11,36,1
3393,1071,56,85611.44,23,465.9,49,7496.5,660.97,0,2509,1812,POS,Home,Credit Card,Online Services,Yes,No,65,75,1
3394,504,29,58707.23,23,51.34,80,89026.17,143.68,7,3525,2246,Mobile,Work,Credit Card,Entertainment,Yes,Yes,18,100,1
3395,1046,24,3445.26,20,515.26,5,20275.87,530.64,9,68,1853,POS,Public,Online Banking,Grocery,No,Yes,8,16,1
3396,213,56,72773.49,23,94.52,46,75811.56,250.34,6,1009,389,POS,Work,Digital Wallet,Grocery,No,No,27,81,1
3397,310,59,203664.92,9,518.79,98,35280.4,264.36,0,2464,1713,Laptop,Online,Credit Card,Travel,No,Yes,82,19,1
3398,661,65,69403.57,14,187.14,102,47702.53,327.98,2,2846,97,Mobile,Home,Digital Wallet,Grocery,Yes,Yes,9,35,1
3399,753,43,152750.13,8,196.41,2,29480.47,622.46,4,820,1203,Mobile,Work,Credit Card,Online Services,No,Yes,2,38,1
3400,272,57,266356.65,23,44.83,25,69795.91,101.07,2,771,510,Mobile,Home,Credit Card,Grocery,Yes,No,81,58,1
3401,938,26,208158.0,1,531.6,1,84532.37,39.38,2,1504,1468,Laptop,Home,Online Banking,Shopping,Yes,Yes,75,56,1
3402,32,58,118449.26,17,105.12,68,28983.88,289.53,0,3216,1990,Mobile,Online,Online Banking,Food,No,No,46,63,1
3403,443,51,111803.43,11,378.21,69,24600.66,40.12,7,2478,250,Laptop,Unknown,Digital Wallet,Food,No,No,70,48,1
3404,162,62,136775.17,2,386.56,16,68303.31,495.1,8,3405,290,Mobile,Public,Online Banking,Shopping,Yes,Yes,5,66,1
3405,767,30,53194.73,6,169.05,18,19917.73,547.46,4,3704,2343,Mobile,Work,Credit Card,Entertainment,No,No,12,63,1
3406,254,53,190236.83,8,591.4,107,64164.06,615.41,0,3410,1679,Laptop,Work,Credit Card,Food,Yes,Yes,44,91,1
3407,521,42,109309.43,7,38.97,17,9895.59,535.59,0,3674,706,Tablet,Online,Digital Wallet,Online Services,No,Yes,42,59,1
3408,977,41,255724.37,5,364.92,125,62203.65,659.78,8,1156,2485,POS,Home,Credit Card,Entertainment,No,Yes,99,51,1
3409,10,61,226990.14,0,287.99,82,51583.97,538.8,0,1780,272,Mobile,Unknown,Online Banking,Electronics,No,Yes,88,65,1
3410,726,34,183192.9,13,147.67,4,11833.62,673.98,8,131,1965,Mobile,Online,Credit Card,Food,No,No,30,66,1
3411,505,19,109324.25,15,98.55,115,65085.81,139.12,2,1960,1708,POS,Public,Online Banking,Electronics,No,No,52,52,1
3412,785,30,63058.56,15,442.38,95,44932.44,359.95,2,684,1222,Mobile,Home,Digital Wallet,Grocery,No,Yes,81,79,1
3413,436,48,232867.94,3,549.83,95,22102.95,715.63,3,3191,1486,POS,Home,Online Banking,Electronics,No,Yes,47,65,1
3414,1135,46,145974.09,5,64.97,137,35661.72,490.77,4,3219,695,Laptop,Work,Online Banking,Electronics,No,Yes,36,70,1
3415,153,67,67502.54,14,116.79,31,49464.16,632.63,5,3240,1915,Mobile,Home,Credit Card,Electronics,No,Yes,70,30,1
3416,917,45,58632.87,21,591.77,133,9609.65,21.98,5,2980,796,Tablet,Online,Credit Card,Travel,No,Yes,32,44,1
3417,869,44,49703.73,7,9.51,16,95782.14,627.68,9,1356,1631,POS,Public,Contactless,Travel,No,Yes,98,64,1
3418,1126,32,233170.64,0,305.2,42,66723.43,502.38,8,781,1939,POS,Home,Digital Wallet,Grocery,No,Yes,44,91,1
3419,753,48,68773.26,12,309.91,30,10702.23,123.03,0,3749,217,POS,Home,Digital Wallet,Shopping,No,Yes,16,81,1
3420,563,57,158040.01,17,158.27,26,82374.79,18.59,8,1570,734,Laptop,Home,Credit Card,Food,No,Yes,71,40,1
3421,1105,32,135518.75,17,397.99,31,32594.22,187.22,3,1262,721,Mobile,Online,Digital Wallet,Shopping,No,Yes,96,88,1
3422,489,50,173925.31,12,566.99,50,59881.55,659.37,6,2164,1396,Laptop,Online,Credit Card,Electronics,No,No,17,59,1
3423,895,37,263158.75,21,270.4,143,28075.71,481.09,5,2015,364,Mobile,Online,Online Banking,Shopping,No,Yes,32,50,1
3424,1112,59,260337.44,13,449.78,52,73473.89,662.03,8,888,767,POS,Online,Credit Card,Travel,No,Yes,14,86,1
3425,104,29,135377.71,10,387.82,38,72439.39,321.28,1,348,2414,Mobile,Online,Credit Card,Entertainment,No,Yes,26,15,1
3426,1120,54,4708.34,6,284.03,20,55428.32,674.38,1,3890,2432,Laptop,Online,Credit Card,Grocery,No,Yes,73,21,1
3427,1025,26,127990.5,17,30.36,99,24472.1,333.38,6,996,385,Laptop,Unknown,Digital Wallet,Entertainment,No,Yes,13,91,1
3428,1007,40,181897.44,20,445.18,44,25743.53,147.14,8,2964,1952,Laptop,Work,Contactless,Grocery,No,Yes,89,16,1
3429,407,25,167373.65,21,218.27,111,38594.85,109.09,4,662,261,Mobile,Home,Credit Card,Entertainment,No,Yes,12,47,1
3430,167,49,195435.7,3,135.08,89,14928.71,715.55,6,3346,825,Mobile,Home,Credit Card,Online Services,No,Yes,45,78,1
3431,509,65,46307.31,16,568.99,63,34096.74,240.45,7,3971,219,Laptop,Home,Digital Wallet,Entertainment,No,No,16,68,1
3432,313,31,193995.88,18,464.21,118,68593.28,115.32,7,1143,77,POS,Work,Online Banking,Entertainment,Yes,Yes,94,88,1
3433,763,44,54877.22,13,577.38,150,83169.11,6.15,3,3579,843,Tablet,Work,Contactless,Food,No,Yes,52,77,1
3434,681,42,225182.14,9,154.1,72,33591.94,205.68,9,2729,2013,Laptop,Home,Credit Card,Online Services,No,No,21,5,1
3435,477,30,101792.38,5,501.56,54,23742.23,640.17,6,3213,2132,POS,Unknown,Online Banking,Electronics,No,Yes,24,33,1
3436,73,38,212997.64,17,364.83,137,83347.94,384.53,0,979,2196,POS,Online,Credit Card,Travel,No,No,43,72,1
3437,1165,62,14454.89,3,588.91,143,89125.05,455.39,3,2030,2301,Mobile,Home,Credit Card,Online Services,No,Yes,5,56,1
3438,582,48,122417.22,10,567.82,48,41297.14,664.13,4,1447,2280,Mobile,Unknown,Credit Card,Entertainment,No,No,33,39,1
3439,262,54,211539.85,12,583.79,148,3176.96,369.29,9,1940,1709,POS,Online,Contactless,Food,No,Yes,31,83,1
3440,245,65,68138.47,7,571.08,101,69648.68,603.58,6,269,2088,Laptop,Home,Online Banking,Travel,No,Yes,9,10,1
3441,561,60,238606.58,9,5.09,60,78511.31,233.23,5,3373,288,Mobile,Public,Credit Card,Entertainment,No,Yes,35,39,1
3442,1100,22,189270.84,22,444.78,98,2293.41,703.52,3,2220,2004,Mobile,Home,Contactless,Grocery,No,Yes,8,83,1
3443,175,30,176309.78,10,163.52,100,59705.57,56.84,2,3031,327,POS,Unknown,Credit Card,Grocery,No,Yes,75,31,1
3444,109,45,106129.3,2,423.16,99,59042.69,521.9,5,1772,1250,POS,Public,Credit Card,Electronics,No,No,17,78,1
3445,183,60,144787.2,14,588.38,73,38181.44,475.64,9,148,1657,POS,Online,Online Banking,Shopping,No,Yes,80,89,1
3446,192,42,179245.06,7,24.1,119,75101.85,138.08,4,625,1468,Laptop,Online,Contactless,Grocery,No,Yes,20,8,0
3447,65,68,141791.39,19,340.41,128,43103.81,280.03,2,2045,2410,Mobile,Public,Digital Wallet,Grocery,No,Yes,91,4,1
3448,963,52,209524.17,17,441.1,140,67839.21,225.31,3,1304,2230,POS,Work,Online Banking,Grocery,No,No,78,5,1
3449,1124,64,130165.71,20,152.39,88,51953.17,68.13,1,3379,1429,Mobile,Work,Contactless,Grocery,No,No,22,36,1
3450,864,56,60761.73,0,135.46,105,25222.23,421.09,8,192,163,Mobile,Online,Credit Card,Electronics,No,No,54,6,1
3451,1152,24,64258.74,23,36.68,19,60846.84,715.44,6,683,985,Mobile,Public,Credit Card,Electronics,No,Yes,71,60,1
3452,369,55,1840.55,7,56.8,80,73822.4,402.95,9,379,2193,Mobile,Online,Credit Card,Entertainment,No,Yes,75,94,1
3453,851,49,90357.22,2,394.22,26,97403.61,392.63,2,60,1309,POS,Public,Online Banking,Grocery,No,Yes,81,55,1
3454,43,20,224700.4,0,303.37,121,38320.84,29.12,7,2535,582,Tablet,Home,Digital Wallet,Shopping,No,Yes,77,83,1
3455,488,62,238269.4,19,18.53,33,6915.02,100.32,7,3939,722,Mobile,Unknown,Credit Card,Shopping,No,Yes,81,43,1
3456,78,56,60820.02,15,581.81,106,98803.14,369.57,0,2168,2265,Tablet,Public,Digital Wallet,Online Services,No,No,75,82,1
3457,826,54,287717.29,8,393.8,30,62568.76,709.33,4,2205,2116,Tablet,Work,Digital Wallet,Travel,No,Yes,68,21,1
3458,674,67,150770.6,16,309.52,126,94671.82,631.17,4,2856,509,POS,Public,Online Banking,Online Services,No,Yes,80,60,1
3459,701,39,275101.93,15,164.0,36,10830.8,245.02,2,3649,1183,POS,Home,Online Banking,Food,No,Yes,31,43,1
3460,759,25,212058.91,22,395.03,125,34532.37,391.01,1,999,92,Mobile,Public,Credit Card,Grocery,No,Yes,85,54,1
3461,728,34,216757.78,5,218.82,124,13826.7,397.99,0,877,984,POS,Public,Digital Wallet,Travel,No,Yes,97,81,0
3462,925,69,25604.58,22,421.65,118,83633.26,493.49,3,821,2174,Mobile,Home,Credit Card,Entertainment,No,No,13,31,1
3463,902,44,66075.34,6,409.7,123,88094.1,495.23,9,3826,1465,Mobile,Online,Online Banking,Shopping,No,Yes,29,85,1
3464,889,50,2743.57,23,56.1,37,50380.51,568.67,1,538,1895,Mobile,Online,Online Banking,Electronics,No,No,79,75,1
3465,993,63,214866.68,15,545.6,61,19067.32,18.08,4,3013,1499,Mobile,Home,Online Banking,Electronics,No,Yes,10,61,1
3466,1192,34,103397.04,7,292.44,96,13148.34,679.46,9,774,1662,POS,Home,Credit Card,Food,No,No,33,80,1
3467,339,59,236017.09,9,236.07,120,59022.33,50.54,1,769,1844,POS,Home,Digital Wallet,Grocery,No,No,15,73,1
3468,193,29,101746.97,13,573.3,12,50884.44,342.89,0,1934,265,POS,Online,Online Banking,Entertainment,No,No,77,23,1
3469,283,65,245818.19,10,263.21,122,69631.52,662.11,9,3911,1138,POS,Online,Online Banking,Entertainment,No,Yes,35,23,1
3470,390,63,39296.41,1,432.87,35,30868.12,351.17,9,2068,1826,Laptop,Public,Contactless,Travel,No,Yes,54,52,1
3471,1000,44,52094.61,11,393.25,67,40535.62,45.91,9,266,2432,Mobile,Work,Credit Card,Online Services,No,Yes,21,3,1
3472,525,65,102328.87,19,99.5,38,2625.43,165.13,9,2036,1219,Tablet,Online,Credit Card,Grocery,No,No,30,49,1
3473,659,25,122605.37,19,594.69,24,61209.23,416.68,8,1586,1420,POS,Home,Digital Wallet,Shopping,No,Yes,46,70,1
3474,716,40,104675.97,12,278.43,81,42602.78,63.35,1,3709,1463,POS,Online,Digital Wallet,Online Services,No,Yes,42,20,1
3475,891,59,229117.75,14,237.17,72,92016.58,305.11,9,1042,2241,Laptop,Public,Credit Card,Grocery,Yes,Yes,71,79,1
3476,1113,66,29175.72,11,551.81,79,64357.74,237.01,3,3054,1283,POS,Work,Credit Card,Shopping,No,Yes,49,30,1
3477,1119,46,105429.98,12,317.78,114,40170.1,586.97,2,3100,911,POS,Work,Online Banking,Food,No,Yes,24,32,1
3478,452,67,251188.28,7,423.19,45,26727.12,79.38,0,1104,956,Mobile,Online,Digital Wallet,Electronics,Yes,Yes,80,70,1
3479,428,37,20132.44,15,507.82,125,90575.85,491.65,7,1902,1756,Tablet,Work,Credit Card,Grocery,No,Yes,69,31,1
3480,1175,33,282708.82,2,141.68,96,2118.37,292.8,1,1876,1295,Mobile,Work,Contactless,Online Services,Yes,No,6,16,1
3481,1046,34,295896.42,12,102.1,13,33027.79,423.22,7,498,150,Laptop,Work,Digital Wallet,Travel,No,Yes,2,29,1
3482,883,33,26661.6,11,41.57,110,94378.81,148.06,0,1945,995,POS,Work,Digital Wallet,Food,No,Yes,3,22,1
3483,313,36,87452.63,18,538.33,6,65576.28,439.03,5,417,2079,POS,Online,Contactless,Shopping,No,Yes,53,40,1
3484,840,25,111782.96,1,120.62,97,53505.55,485.3,3,3163,147,Tablet,Public,Credit Card,Grocery,No,Yes,10,28,1
3485,519,55,232939.77,0,185.0,71,20751.7,50.66,2,1396,668,POS,Online,Digital Wallet,Travel,Yes,No,24,79,1
3486,375,55,178818.45,7,171.84,47,83420.79,593.55,0,3254,403,Mobile,Home,Online Banking,Entertainment,No,Yes,33,85,0
3487,451,70,193345.27,8,183.1,93,20817.81,620.12,9,765,2189,Mobile,Work,Credit Card,Electronics,No,No,84,8,1
3488,1015,46,227277.2,7,401.0,101,25201.23,45.85,0,683,1840,Mobile,Public,Online Banking,Online Services,No,Yes,22,65,1
3489,595,58,35481.9,20,572.49,44,19589.19,434.33,6,2118,1953,POS,Public,Contactless,Shopping,No,No,61,30,1
3490,500,53,249979.52,16,198.01,32,16235.87,427.73,5,1539,1072,POS,Home,Credit Card,Shopping,No,Yes,96,58,1
3491,464,43,211715.38,8,244.88,3,95354.59,9.07,2,982,1806,Tablet,Public,Credit Card,Food,No,Yes,94,2,1
3492,1148,48,173244.78,5,462.8,84,60402.14,246.56,1,3779,801,POS,Public,Credit Card,Electronics,No,Yes,67,24,1
3493,113,61,266931.63,14,259.69,4,63964.79,697.63,9,1755,590,POS,Work,Digital Wallet,Shopping,Yes,Yes,4,49,1
3494,1036,29,210121.88,22,555.66,145,95455.38,399.97,2,2886,2231,Tablet,Online,Credit Card,Online Services,No,Yes,51,69,0
3495,1150,34,60589.82,23,302.18,88,23442.22,671.92,7,1610,1568,Tablet,Online,Credit Card,Shopping,No,Yes,4,12,1
3496,331,32,128980.64,12,208.97,106,1088.8,486.5,6,3821,2461,POS,Work,Contactless,Shopping,No,Yes,39,5,1
3497,140,26,148263.46,20,582.96,105,60088.92,20.54,6,411,833,Mobile,Home,Digital Wallet,Food,Yes,Yes,31,98,1
3498,902,56,16659.77,21,255.76,36,51030.56,56.05,4,125,710,Mobile,Work,Credit Card,Shopping,Yes,Yes,57,14,1
3499,1121,59,286395.79,11,139.09,58,48026.21,520.0,9,941,208,Mobile,Public,Contactless,Food,No,No,73,76,1
3500,517,65,38660.32,12,107.03,8,6657.08,399.33,2,816,644,POS,Unknown,Online Banking,Entertainment,No,Yes,30,27,1
3501,569,29,209268.63,6,597.11,86,45716.27,91.64,0,322,1784,POS,Work,Credit Card,Entertainment,Yes,Yes,93,66,1
3502,846,49,151918.69,22,451.92,97,29112.18,442.16,0,3336,76,Laptop,Online,Online Banking,Entertainment,No,Yes,89,49,1
3503,1093,42,7787.11,17,245.49,59,27819.19,583.43,5,370,2260,POS,Work,Digital Wallet,Online Services,No,Yes,39,100,1
3504,118,56,277431.77,13,495.9,30,22626.97,542.17,3,748,2431,Laptop,Online,Online Banking,Entertainment,Yes,Yes,99,45,1
3505,888,35,255565.86,10,328.31,101,33586.57,177.31,6,3034,245,Laptop,Unknown,Credit Card,Travel,No,Yes,25,38,1
3506,1083,32,157324.95,13,190.78,67,35636.74,185.97,9,2615,1476,POS,Online,Credit Card,Online Services,No,Yes,58,67,1
3507,1057,49,68759.81,16,446.16,132,31223.19,696.85,9,1403,1699,Laptop,Home,Credit Card,Travel,No,Yes,36,58,1
3508,50,23,36574.7,23,447.66,93,97885.9,638.94,9,2949,1038,Laptop,Work,Credit Card,Entertainment,No,Yes,11,100,1
3509,19,61,109081.4,20,300.35,63,93306.74,229.27,0,3308,1266,Mobile,Online,Digital Wallet,Online Services,No,Yes,90,72,1
3510,726,60,76702.94,1,27.57,32,57663.75,593.34,5,989,1037,Mobile,Online,Digital Wallet,Grocery,No,Yes,46,66,1
3511,197,69,152056.69,18,46.67,87,98114.96,116.54,6,3592,763,Tablet,Online,Credit Card,Entertainment,No,Yes,89,54,1
3512,559,52,289926.15,15,473.36,51,99124.2,141.81,0,2458,2398,Mobile,Online,Contactless,Electronics,No,Yes,21,29,1
3513,452,51,172528.55,21,494.17,63,35916.0,130.54,1,3242,2168,POS,Unknown,Online Banking,Shopping,No,Yes,2,89,1
3514,289,55,266990.32,9,407.13,80,44796.16,63.25,8,2936,344,Tablet,Online,Digital Wallet,Grocery,No,Yes,74,4,1
3515,1165,22,195298.56,21,503.52,87,95926.65,615.38,8,2676,2189,Laptop,Public,Contactless,Electronics,No,Yes,39,55,1
3516,1108,35,142626.43,7,431.83,110,61058.31,416.78,5,3007,403,POS,Home,Contactless,Electronics,No,Yes,99,10,1
3517,391,33,256396.81,20,538.21,101,21686.44,186.52,3,1944,1316,POS,Public,Credit Card,Online Services,No,Yes,33,44,1
3518,215,25,141463.3,4,90.66,129,69093.38,611.05,6,3711,397,Mobile,Home,Digital Wallet,Electronics,No,Yes,31,81,1
3519,215,42,260601.59,6,232.95,19,20971.75,577.93,4,3124,407,Tablet,Online,Online Banking,Electronics,No,Yes,4,65,1
3520,128,49,87543.87,12,278.73,101,34266.1,72.77,2,2839,858,POS,Online,Credit Card,Grocery,No,No,67,3,1
3521,760,43,38731.04,15,178.95,94,23142.24,463.82,3,2441,854,Mobile,Work,Credit Card,Electronics,No,Yes,69,62,1
3522,404,69,256608.81,4,435.36,81,24875.53,519.75,1,3863,703,Mobile,Public,Credit Card,Electronics,No,Yes,81,94,1
3523,1053,39,176265.81,15,547.51,103,963.23,515.42,5,3249,1649,Laptop,Work,Credit Card,Entertainment,No,Yes,13,5,1
3524,338,48,266738.81,14,247.78,113,88130.53,520.69,2,2643,1324,Tablet,Online,Contactless,Electronics,No,Yes,65,44,1
3525,831,60,281354.38,8,564.95,13,29951.05,122.09,6,998,2324,Mobile,Unknown,Online Banking,Grocery,No,Yes,45,11,1
3526,714,27,16183.15,21,310.3,118,9094.25,226.93,3,2904,203,Laptop,Home,Credit Card,Travel,No,Yes,39,73,1
3527,361,29,150340.69,22,313.75,86,9155.25,607.82,7,1969,65,Laptop,Public,Online Banking,Grocery,No,Yes,87,47,1
3528,569,70,112551.87,11,360.33,23,55823.82,646.85,0,2060,331,Laptop,Online,Credit Card,Shopping,No,No,89,14,1
3529,218,45,187794.93,7,161.36,107,99295.59,201.09,8,1604,915,POS,Public,Credit Card,Online Services,No,No,53,19,1
3530,202,23,238098.0,12,230.32,12,14929.74,16.67,2,534,2110,POS,Online,Credit Card,Grocery,No,Yes,31,13,1
3531,17,37,84249.01,4,332.17,137,10412.37,619.05,2,1899,2459,Laptop,Online,Credit Card,Online Services,No,No,13,21,1
3532,322,22,167083.84,13,565.22,78,44111.24,271.57,4,2062,1931,Laptop,Work,Credit Card,Grocery,No,No,1,63,1
3533,518,40,212647.7,15,385.79,67,56551.46,237.28,9,2295,1736,POS,Unknown,Online Banking,Travel,No,Yes,98,39,1
3534,681,26,40415.88,10,200.2,108,29790.85,249.91,0,1912,1732,Tablet,Home,Credit Card,Food,No,Yes,29,66,1
3535,1106,46,244238.67,19,6.78,44,30600.95,299.36,2,2559,722,POS,Online,Online Banking,Travel,No,Yes,61,30,1
3536,425,33,181872.27,11,589.01,149,42735.41,272.41,3,3517,624,Laptop,Home,Credit Card,Food,No,Yes,95,23,1
3537,1019,63,284866.28,14,296.04,7,31757.49,407.87,1,3014,2492,Tablet,Work,Digital Wallet,Entertainment,No,No,72,64,1
3538,387,39,101924.72,23,563.13,128,91575.49,56.93,5,2826,903,Mobile,Home,Contactless,Food,No,Yes,2,27,1
3539,778,25,32532.97,11,329.83,97,4674.48,699.51,9,1378,348,POS,Public,Credit Card,Electronics,No,Yes,12,1,1
3540,98,37,151999.71,8,363.48,11,23839.73,674.25,3,865,787,Laptop,Online,Digital Wallet,Online Services,No,Yes,56,71,1
3541,208,68,25834.65,0,427.29,106,80951.0,672.78,0,3956,1487,POS,Online,Digital Wallet,Electronics,No,No,97,66,1
3542,586,31,290861.0,2,192.92,83,83478.83,633.09,2,3890,2136,Laptop,Public,Credit Card,Electronics,No,No,94,23,1
3543,166,56,11701.62,11,419.54,36,11599.73,475.47,6,3838,206,Mobile,Online,Credit Card,Food,No,Yes,41,95,1
3544,22,54,226075.82,19,316.31,118,97389.46,159.28,2,518,1595,Laptop,Home,Online Banking,Grocery,Yes,Yes,27,29,1
3545,154,67,157578.21,12,403.65,41,69488.81,35.72,5,1461,338,Mobile,Online,Credit Card,Food,No,Yes,89,14,1
3546,219,51,110649.33,22,501.58,92,27623.01,71.6,5,3245,183,Laptop,Public,Credit Card,Online Services,No,No,38,60,1
3547,669,28,19846.07,5,110.95,49,45875.77,233.34,0,2877,996,Mobile,Home,Online Banking,Food,No,No,97,43,1
3548,230,57,186687.86,9,368.32,143,30065.29,362.85,1,2288,2061,Mobile,Online,Contactless,Shopping,No,Yes,52,5,1
3549,20,50,175607.58,9,31.74,141,15427.21,715.14,9,2743,1193,Mobile,Online,Credit Card,Shopping,Yes,Yes,80,75,1
3550,553,48,84336.89,15,61.72,53,29472.22,313.58,5,288,414,POS,Work,Online Banking,Shopping,No,No,32,33,1
3551,950,61,273075.49,0,404.92,107,58219.15,377.79,1,1280,653,POS,Public,Contactless,Electronics,Yes,Yes,88,93,1
3552,148,51,91302.59,15,43.03,33,82683.98,500.54,1,2052,1086,Mobile,Work,Credit Card,Entertainment,No,No,2,70,1
3553,1132,67,134972.65,3,357.42,119,36671.14,130.21,3,1647,1761,Laptop,Home,Digital Wallet,Travel,No,Yes,66,7,1
3554,403,24,163174.36,5,132.4,32,35116.2,671.64,7,3990,1699,Laptop,Public,Credit Card,Shopping,No,Yes,20,45,1
3555,596,66,30159.54,18,182.8,118,47066.07,380.95,5,2449,1489,Laptop,Online,Online Banking,Online Services,No,Yes,57,10,1
3556,367,40,279655.3,1,78.22,62,64633.28,198.98,7,1444,1952,Mobile,Work,Credit Card,Travel,Yes,No,62,84,1
3557,802,63,112423.39,17,149.58,82,75285.82,673.28,3,1021,1900,Mobile,Work,Credit Card,Shopping,No,Yes,91,73,1
3558,918,24,24325.69,9,492.86,130,33016.55,450.36,2,2165,35,POS,Public,Online Banking,Food,No,Yes,86,17,1
3559,1158,42,116248.62,3,383.51,77,58842.07,348.31,6,429,1858,POS,Work,Online Banking,Food,No,Yes,48,100,1
3560,73,20,180100.74,0,569.88,16,39241.4,417.75,6,338,720,Laptop,Online,Credit Card,Electronics,No,Yes,83,6,1
3561,481,55,154144.44,14,29.72,123,71781.79,538.8,1,33,1671,POS,Home,Online Banking,Online Services,No,Yes,7,55,1
3562,560,37,208393.14,9,475.55,8,16885.15,111.35,0,1226,1890,Laptop,Public,Contactless,Electronics,No,Yes,67,1,1
3563,745,51,16739.63,17,419.6,147,26064.02,622.69,7,1597,1284,Mobile,Unknown,Contactless,Travel,No,Yes,50,11,1
3564,100,66,85433.73,15,156.9,67,42893.01,690.85,2,3847,1454,POS,Online,Online Banking,Electronics,No,No,34,17,1
3565,1083,61,245787.25,12,437.64,115,88996.77,408.28,5,2303,814,Mobile,Online,Contactless,Entertainment,No,Yes,87,57,1
3566,508,61,24060.12,14,430.07,113,57545.92,491.27,6,2416,646,POS,Public,Contactless,Entertainment,Yes,Yes,69,39,1
3567,258,47,256660.24,1,275.88,32,96556.91,619.09,7,1259,915,Laptop,Public,Online Banking,Entertainment,No,Yes,67,73,1
3568,413,34,27659.64,19,413.34,105,10776.13,269.93,5,1155,2100,POS,Unknown,Contactless,Online Services,No,Yes,88,16,1
3569,1089,27,250352.82,3,267.03,25,46287.45,714.84,6,2135,190,Laptop,Unknown,Online Banking,Electronics,No,Yes,91,53,1
3570,595,52,108300.44,0,201.66,53,42198.31,489.99,4,1834,1247,POS,Work,Digital Wallet,Shopping,No,Yes,34,91,1
3571,1178,37,183701.5,6,280.16,81,60220.51,305.34,2,1203,2343,Mobile,Work,Digital Wallet,Travel,Yes,Yes,43,5,1
3572,266,35,45950.85,22,537.13,25,81290.48,487.72,1,3353,112,Mobile,Unknown,Credit Card,Grocery,No,Yes,21,8,1
3573,821,62,19944.0,10,231.06,33,84224.08,375.66,6,3580,197,POS,Unknown,Credit Card,Travel,No,No,12,73,1
3574,1103,61,64859.87,9,242.51,31,67184.36,80.47,7,2633,373,POS,Public,Online Banking,Travel,Yes,Yes,32,58,1
3575,662,44,38443.36,0,365.24,36,64332.87,573.04,7,3529,41,POS,Home,Digital Wallet,Online Services,No,Yes,47,13,1
3576,947,66,93790.53,10,451.92,87,94928.44,406.39,2,1595,1583,Laptop,Online,Online Banking,Grocery,No,Yes,86,3,1
3577,560,53,154363.54,23,440.91,123,38676.9,573.03,1,948,479,Laptop,Online,Contactless,Shopping,No,No,98,27,1
3578,917,40,176668.96,9,12.37,44,83361.94,111.62,8,553,603,Laptop,Unknown,Digital Wallet,Electronics,Yes,Yes,87,50,1
3579,891,49,236981.45,13,412.61,48,92189.62,387.66,5,3592,1754,Mobile,Home,Credit Card,Online Services,Yes,Yes,55,54,1
3580,868,27,196906.34,13,270.61,13,49408.15,551.99,9,555,1220,POS,Unknown,Digital Wallet,Shopping,No,No,65,56,1
3581,610,28,182666.62,6,314.69,144,73045.71,711.58,2,1345,494,POS,Work,Credit Card,Food,No,Yes,68,20,1
3582,414,55,123593.43,22,337.22,91,38013.48,636.78,4,3146,1788,POS,Online,Digital Wallet,Shopping,No,Yes,17,97,1
3583,25,23,142195.15,10,439.17,131,16308.46,622.35,0,3301,1819,Laptop,Online,Digital Wallet,Grocery,No,Yes,26,13,1
3584,284,58,124414.8,21,498.88,143,58857.14,178.25,1,53,36,Laptop,Work,Online Banking,Electronics,No,Yes,95,88,1
3585,881,64,252665.59,3,387.93,66,20048.93,603.37,8,2840,1248,POS,Online,Credit Card,Grocery,No,Yes,33,50,1
3586,301,51,69077.14,23,338.56,28,46031.11,121.97,9,1684,348,POS,Public,Credit Card,Grocery,No,Yes,64,88,1
3587,1092,53,1815.71,1,224.57,125,87351.49,142.72,9,3488,2207,POS,Work,Credit Card,Online Services,Yes,No,92,84,1
3588,1031,54,195430.84,6,83.16,80,9058.81,79.37,2,1643,2186,POS,Online,Online Banking,Shopping,No,No,10,27,1
3589,817,34,60818.41,18,575.17,132,3527.64,617.48,7,3536,2296,POS,Work,Digital Wallet,Electronics,No,No,100,18,1
3590,1161,57,267045.53,13,277.37,72,60844.55,78.03,9,271,458,Mobile,Unknown,Digital Wallet,Shopping,No,Yes,46,28,1
3591,1188,57,257727.99,18,339.94,44,33440.6,99.53,7,232,1884,POS,Work,Credit Card,Shopping,No,Yes,73,100,1
3592,83,29,23110.54,6,450.77,119,42084.8,177.11,4,266,273,Mobile,Work,Online Banking,Travel,No,No,90,97,1
3593,1097,38,32005.88,11,41.51,46,40868.2,412.36,7,980,336,POS,Unknown,Contactless,Travel,No,Yes,51,58,1
3594,46,57,148601.96,2,513.08,84,9118.71,633.74,1,3099,1862,Tablet,Online,Credit Card,Travel,No,No,34,32,1
3595,618,36,182805.88,14,478.32,26,854.86,301.18,1,323,930,Mobile,Work,Online Banking,Online Services,No,Yes,14,7,1
3596,928,20,82545.01,4,464.77,96,89893.11,393.37,3,3449,1650,Tablet,Public,Credit Card,Electronics,No,No,41,15,1
3597,262,35,215067.64,7,13.68,13,22170.96,119.96,7,1140,2486,Mobile,Online,Online Banking,Entertainment,No,No,90,78,1
3598,176,70,178515.31,13,316.15,125,42894.86,191.55,1,239,778,Mobile,Online,Digital Wallet,Entertainment,No,Yes,95,35,1
3599,1190,68,97514.75,3,33.03,69,97206.62,96.51,3,817,2078,Mobile,Online,Digital Wallet,Online Services,No,Yes,38,52,1
3600,657,36,7708.91,6,330.75,51,82762.88,295.2,7,1662,806,Laptop,Public,Credit Card,Online Services,No,No,48,40,1
3601,842,64,225070.07,6,431.21,13,11239.12,425.08,2,3103,223,Mobile,Home,Contactless,Entertainment,No,Yes,43,95,1
3602,370,23,64504.62,17,73.55,139,51097.64,204.57,7,2306,1922,Mobile,Home,Credit Card,Entertainment,No,Yes,28,50,1
3603,54,33,250358.68,13,417.08,60,73142.86,609.13,1,439,2199,Mobile,Work,Contactless,Electronics,No,No,41,95,1
3604,690,25,126145.05,7,269.99,32,69990.08,706.49,0,3344,2441,Mobile,Online,Credit Card,Travel,No,No,56,90,1
3605,1151,65,173165.53,11,487.03,18,76203.76,86.6,5,2847,1057,Mobile,Work,Credit Card,Online Services,No,Yes,81,89,1
3606,367,35,261897.32,9,320.39,93,46016.74,12.96,7,992,178,Tablet,Online,Digital Wallet,Travel,No,Yes,76,70,1
3607,644,69,259100.54,13,202.0,148,18004.33,568.66,8,1521,1170,Tablet,Home,Contactless,Travel,No,Yes,91,27,1
3608,379,65,111518.72,8,199.53,44,46754.81,137.34,9,487,267,POS,Unknown,Digital Wallet,Electronics,Yes,Yes,65,32,1
3609,73,60,62745.78,5,538.54,37,64964.78,254.33,7,2631,1191,Mobile,Online,Credit Card,Shopping,No,Yes,60,12,1
3610,915,56,232566.31,4,272.0,127,61054.91,283.91,1,2290,759,POS,Home,Contactless,Food,No,Yes,97,60,1
3611,860,66,129980.75,0,243.75,19,7516.94,659.96,0,1861,487,Laptop,Work,Digital Wallet,Grocery,No,Yes,13,30,1
3612,43,66,57693.39,0,24.4,32,6962.77,474.4,6,1958,2072,Laptop,Unknown,Credit Card,Electronics,No,Yes,69,24,1
3613,377,29,271337.16,19,218.91,106,96543.15,29.33,6,415,1784,Mobile,Unknown,Digital Wallet,Grocery,No,Yes,52,88,1
3614,1065,62,59511.45,16,509.85,22,15604.64,10.76,2,1465,743,Mobile,Unknown,Online Banking,Grocery,No,No,43,86,1
3615,170,27,7839.57,10,456.71,122,29799.02,143.77,5,3616,1640,Laptop,Work,Online Banking,Shopping,No,Yes,92,4,1
3616,212,24,6181.96,11,132.94,129,76879.63,229.15,6,557,373,POS,Public,Online Banking,Grocery,No,No,88,83,1
3617,39,63,186732.38,2,248.13,54,41262.87,348.91,8,1441,1392,POS,Online,Contactless,Online Services,No,No,84,89,1
3618,369,18,198536.35,5,118.35,148,18555.75,603.26,0,3380,2313,POS,Home,Online Banking,Travel,No,Yes,40,5,1
3619,757,66,93381.41,10,572.55,58,46989.62,226.74,2,1019,1517,POS,Online,Digital Wallet,Online Services,No,Yes,42,4,1
3620,151,53,96071.3,12,359.07,70,57110.52,271.17,4,131,692,Tablet,Online,Credit Card,Travel,No,No,37,93,1
3621,1135,38,101914.23,10,452.74,63,45550.28,237.19,2,1642,2453,Laptop,Home,Online Banking,Entertainment,No,No,84,9,1
3622,1071,54,204079.55,7,428.43,3,91935.13,6.55,7,419,275,POS,Public,Contactless,Entertainment,No,No,23,51,1
3623,1024,69,17534.32,9,524.28,99,28827.58,687.75,9,1255,1307,POS,Unknown,Credit Card,Grocery,No,Yes,67,40,1
3624,737,41,278741.99,1,569.62,45,66302.55,100.16,5,3668,2358,Mobile,Home,Digital Wallet,Shopping,No,Yes,69,53,1
3625,69,42,66834.06,23,19.95,143,11673.32,207.19,1,3822,2144,POS,Public,Online Banking,Food,No,No,79,98,1
3626,299,24,299901.99,13,585.19,17,39532.4,93.19,0,1445,1586,Laptop,Work,Digital Wallet,Grocery,Yes,No,69,72,1
3627,944,59,51539.66,15,522.39,143,74228.83,353.24,9,870,1587,Tablet,Online,Contactless,Grocery,No,Yes,98,75,1
3628,802,34,231486.78,16,230.08,5,22869.29,671.17,4,1407,2252,POS,Unknown,Digital Wallet,Shopping,No,Yes,58,98,1
3629,296,46,67101.42,10,502.32,11,59182.22,72.59,8,1646,1244,POS,Online,Digital Wallet,Shopping,No,Yes,46,96,1
3630,203,47,24345.96,1,442.07,92,15766.98,317.5,9,1809,2362,POS,Work,Credit Card,Grocery,No,Yes,87,32,1
3631,61,24,262492.5,23,475.97,142,10718.82,16.21,8,264,334,POS,Work,Contactless,Online Services,Yes,Yes,47,49,1
3632,946,50,257639.5,22,132.8,39,52561.66,555.07,0,143,822,Mobile,Online,Credit Card,Online Services,No,Yes,17,5,1
3633,963,24,121130.76,4,389.31,42,67663.59,461.72,2,3059,436,Mobile,Online,Contactless,Food,Yes,Yes,9,32,1
3634,1185,41,210748.6,15,16.04,94,11780.02,503.81,5,2013,361,Laptop,Online,Credit Card,Shopping,No,Yes,68,5,1
3635,331,28,167164.07,15,509.01,5,91818.74,340.13,4,3168,2382,POS,Online,Credit Card,Shopping,No,No,94,96,1
3636,338,26,255901.54,1,570.65,52,22964.34,653.51,3,838,2067,Mobile,Online,Digital Wallet,Electronics,No,Yes,78,65,1
3637,639,29,94585.29,15,397.44,150,12437.54,294.94,1,1093,1826,POS,Online,Online Banking,Online Services,No,No,30,70,1
3638,275,52,157149.35,4,307.85,44,20668.54,370.19,3,3834,580,Laptop,Online,Digital Wallet,Food,No,Yes,95,25,1
3639,1188,21,145663.17,7,435.58,115,17372.46,500.64,4,2180,1390,POS,Work,Credit Card,Travel,No,No,61,27,1
3640,319,53,106236.36,19,196.15,127,9522.13,374.85,1,440,1083,Mobile,Home,Digital Wallet,Entertainment,No,No,65,78,1
3641,589,45,267447.37,13,376.02,116,79885.0,136.4,9,1348,469,Mobile,Online,Contactless,Travel,No,No,58,73,1
3642,504,30,49846.79,9,431.52,149,49806.01,228.36,0,1618,287,Mobile,Home,Contactless,Grocery,No,No,27,28,1
3643,387,40,44937.64,22,86.04,68,39157.68,66.54,6,837,812,Laptop,Home,Credit Card,Online Services,No,Yes,66,88,1
3644,870,36,173115.17,1,84.47,47,95087.48,311.54,6,1617,1844,Mobile,Home,Online Banking,Travel,Yes,No,45,63,1
3645,833,59,197282.52,2,429.82,127,37415.33,438.8,7,1090,263,POS,Home,Online Banking,Entertainment,No,Yes,40,73,1
3646,1015,54,58466.31,17,259.35,35,17113.79,85.43,9,96,2103,Mobile,Work,Online Banking,Entertainment,No,No,61,36,1
3647,603,56,117276.16,20,533.58,7,27767.27,454.06,5,2480,2461,POS,Work,Credit Card,Shopping,No,Yes,41,56,1
3648,691,41,283974.5,1,187.51,116,24277.17,642.88,0,1727,422,POS,Home,Digital Wallet,Food,No,Yes,74,34,1
3649,494,33,74060.57,20,25.94,52,50124.76,243.23,7,2283,491,Tablet,Home,Online Banking,Grocery,No,No,88,67,1
3650,490,50,200541.37,8,390.1,110,29504.76,159.94,1,370,1781,Mobile,Home,Credit Card,Grocery,No,No,84,21,1
3651,721,29,222070.8,1,410.7,46,51848.09,642.98,2,1887,868,POS,Work,Credit Card,Entertainment,No,Yes,42,39,1
3652,1097,51,134493.8,6,332.38,137,67094.7,498.23,7,1105,139,Mobile,Unknown,Credit Card,Food,No,No,62,37,1
3653,509,24,281264.04,6,410.16,23,77841.23,75.97,3,2503,1528,Mobile,Work,Contactless,Online Services,No,Yes,80,42,1
3654,390,28,221023.35,13,314.49,131,71160.7,293.9,4,985,1381,Laptop,Online,Contactless,Online Services,No,Yes,38,36,1
3655,295,48,137431.58,4,415.73,127,20956.28,485.38,8,238,235,Mobile,Home,Credit Card,Shopping,No,No,60,66,1
3656,796,46,170843.63,7,26.84,9,12032.02,413.6,6,1567,1124,Tablet,Home,Online Banking,Grocery,No,Yes,49,17,1
3657,865,30,207814.77,22,221.35,53,54473.79,445.39,9,2040,239,Tablet,Online,Credit Card,Grocery,No,Yes,18,54,1
3658,549,48,177697.84,21,126.88,48,20291.72,408.38,6,3742,214,Laptop,Online,Online Banking,Travel,No,No,99,29,1
3659,649,19,263621.41,17,60.05,123,8950.91,574.62,0,3279,1436,Mobile,Home,Digital Wallet,Grocery,No,Yes,94,25,1
3660,568,56,107130.91,5,140.84,82,52945.89,230.78,0,2753,920,Laptop,Work,Digital Wallet,Entertainment,No,Yes,5,21,1
3661,853,32,90035.73,13,115.19,109,33016.02,510.12,7,1918,428,Mobile,Home,Contactless,Grocery,Yes,Yes,11,19,1
3662,770,28,64230.28,17,583.89,7,75736.83,713.58,9,3123,1712,Mobile,Unknown,Digital Wallet,Entertainment,Yes,Yes,4,29,1
3663,445,51,11431.11,16,172.28,99,31762.07,280.83,0,398,1007,Laptop,Work,Credit Card,Shopping,No,No,61,3,1
3664,363,56,12999.89,8,138.96,31,97882.36,569.58,9,1792,343,Tablet,Home,Credit Card,Food,No,Yes,75,76,1
3665,123,21,261029.55,12,501.01,102,75973.06,177.27,1,1023,257,Tablet,Unknown,Contactless,Food,No,No,12,55,1
3666,742,28,203550.1,15,251.76,56,6240.48,203.04,3,111,1199,Mobile,Home,Credit Card,Grocery,No,Yes,49,51,1
3667,680,46,198193.67,20,253.17,99,51132.84,673.11,8,1217,2377,POS,Work,Online Banking,Electronics,No,Yes,28,90,1
3668,420,19,184431.38,9,266.43,5,56480.74,18.77,6,406,956,Mobile,Work,Digital Wallet,Travel,No,Yes,90,39,1
3669,92,33,254780.82,9,250.21,30,69682.62,156.63,6,32,2138,POS,Work,Credit Card,Electronics,No,Yes,34,31,1
3670,63,56,144132.05,3,196.28,22,50030.78,347.75,9,713,2385,Mobile,Home,Online Banking,Food,Yes,Yes,56,72,1
3671,512,30,261136.21,11,172.16,145,48602.64,289.39,6,3219,1876,POS,Public,Contactless,Electronics,No,No,65,35,1
3672,1163,54,107897.56,7,529.23,138,37109.89,453.04,4,3757,566,Laptop,Public,Credit Card,Food,Yes,Yes,6,69,1
3673,772,34,278019.58,14,97.44,27,27510.41,138.84,0,793,104,Tablet,Work,Credit Card,Entertainment,No,Yes,33,27,1
3674,256,38,209627.23,20,109.05,127,94646.92,50.89,4,3496,1706,Mobile,Work,Online Banking,Online Services,No,Yes,47,26,1
3675,135,61,77227.42,22,343.25,135,32100.87,265.98,7,295,1471,Laptop,Online,Digital Wallet,Online Services,No,No,24,27,1
3676,875,36,169269.07,18,206.52,23,6810.42,377.58,6,2512,1656,POS,Online,Online Banking,Shopping,No,Yes,34,13,1
3677,822,24,159955.87,14,253.21,75,17144.83,404.69,6,2759,1629,POS,Unknown,Digital Wallet,Grocery,No,No,72,23,1
3678,88,55,41455.86,7,484.02,117,85799.03,433.12,1,754,638,Mobile,Online,Digital Wallet,Electronics,No,No,16,65,1
3679,988,25,177413.75,7,542.23,136,58870.03,395.08,0,2870,641,Laptop,Home,Credit Card,Grocery,No,Yes,80,92,1
3680,1153,30,94504.21,18,474.44,8,77988.66,177.02,3,1280,1050,Mobile,Home,Digital Wallet,Entertainment,No,Yes,16,79,1
3681,823,54,15799.4,8,141.34,101,80973.76,550.5,7,2453,814,Mobile,Public,Credit Card,Online Services,Yes,Yes,98,77,1
3682,1027,19,284601.98,23,587.99,5,82412.03,63.29,0,1315,270,Mobile,Home,Online Banking,Entertainment,No,Yes,84,69,1
3683,974,58,192482.96,16,218.22,86,55286.06,142.89,1,2443,2082,Mobile,Public,Digital Wallet,Shopping,No,Yes,14,90,1
3684,934,28,263087.99,7,101.86,130,18123.5,532.38,6,796,1268,POS,Online,Online Banking,Shopping,No,No,59,71,1
3685,121,41,202849.2,11,299.95,12,15249.16,201.47,4,2505,1632,Laptop,Work,Contactless,Online Services,No,Yes,62,99,1
3686,1062,23,107159.41,14,435.31,47,57611.45,355.35,5,1061,2434,POS,Home,Contactless,Entertainment,No,No,90,22,1
3687,1008,43,153855.15,3,50.42,26,36968.18,235.65,7,1983,423,POS,Work,Digital Wallet,Grocery,No,No,66,73,1
3688,925,24,202756.45,5,380.76,102,56025.8,365.08,8,1094,1444,Tablet,Online,Credit Card,Entertainment,No,Yes,19,1,1
3689,645,56,288079.67,15,514.92,120,50098.55,249.66,7,1931,398,Laptop,Online,Credit Card,Electronics,No,Yes,61,15,1
3690,714,36,76175.47,4,157.44,70,60418.71,715.83,0,3358,2106,POS,Online,Online Banking,Electronics,No,Yes,66,53,0
3691,860,23,262505.62,22,416.03,2,3695.12,257.45,3,2720,1870,Tablet,Work,Online Banking,Online Services,No,Yes,26,94,1
3692,21,60,277230.93,12,240.25,26,3767.25,451.51,4,2641,1476,Laptop,Work,Credit Card,Travel,No,No,89,67,1
3693,242,46,201157.61,14,248.77,14,72298.72,639.62,8,1155,38,POS,Unknown,Contactless,Online Services,No,Yes,49,70,1
3694,455,60,279386.86,16,168.85,82,19716.16,459.35,5,1272,363,Mobile,Public,Credit Card,Travel,No,Yes,19,95,1
3695,963,56,119423.79,21,374.82,102,65393.75,407.46,5,2321,979,POS,Public,Digital Wallet,Entertainment,No,Yes,49,5,1
3696,621,19,285909.55,19,216.92,32,54884.3,409.89,2,2922,2307,Mobile,Online,Digital Wallet,Travel,No,Yes,81,68,1
3697,303,36,210864.58,21,498.63,62,98188.55,357.5,1,968,422,POS,Home,Digital Wallet,Entertainment,Yes,Yes,30,56,1
3698,803,21,12697.53,4,577.76,115,83622.88,581.48,1,332,1881,POS,Home,Digital Wallet,Shopping,No,Yes,76,25,1
3699,964,23,272071.16,18,561.09,30,41606.88,36.4,6,399,1361,Laptop,Work,Credit Card,Shopping,No,Yes,57,75,1
3700,69,66,145393.4,6,98.3,141,61833.08,637.31,4,880,808,POS,Online,Contactless,Electronics,No,Yes,85,62,1
3701,1153,54,138152.06,2,9.01,31,12170.3,422.17,9,2352,1728,POS,Online,Contactless,Grocery,Yes,No,36,43,1
3702,196,45,169983.34,12,263.36,37,38945.41,611.2,0,2147,416,Laptop,Online,Digital Wallet,Food,No,Yes,40,14,1
3703,140,47,44900.43,13,437.47,102,73521.83,7.58,4,76,2186,POS,Unknown,Credit Card,Online Services,No,No,28,89,1
3704,283,24,140802.9,15,586.48,128,62455.82,625.89,0,2194,2416,Laptop,Home,Credit Card,Online Services,No,Yes,97,52,1
3705,312,26,249355.05,12,470.16,86,48704.9,86.59,8,3691,1813,POS,Public,Credit Card,Grocery,No,Yes,46,27,1
3706,746,42,4743.19,1,348.54,59,18064.65,519.3,7,2594,1875,Tablet,Work,Digital Wallet,Entertainment,No,Yes,73,93,1
3707,277,50,81947.86,13,16.3,28,80413.02,299.95,3,3355,251,Laptop,Home,Digital Wallet,Grocery,No,Yes,82,52,1
3708,61,18,836.13,19,495.41,122,27680.08,490.4,0,861,2374,Mobile,Unknown,Digital Wallet,Electronics,No,No,88,1,1
3709,52,68,124771.82,6,106.7,61,82137.67,452.33,7,2696,1896,Mobile,Public,Digital Wallet,Travel,No,Yes,32,46,1
3710,153,23,218521.82,4,33.84,147,61355.1,117.73,4,785,1082,POS,Unknown,Contactless,Entertainment,No,No,87,5,1
3711,544,35,239651.67,13,510.29,16,37586.78,370.57,0,3274,956,Laptop,Unknown,Credit Card,Electronics,No,Yes,58,62,1
3712,567,27,283562.41,8,339.97,69,4540.22,199.68,1,3037,1255,Laptop,Public,Digital Wallet,Travel,No,No,76,56,1
3713,622,45,182590.53,9,77.57,44,23625.68,403.56,4,1482,1861,Laptop,Online,Online Banking,Entertainment,Yes,Yes,98,64,1
3714,314,28,76462.6,6,232.23,113,88962.56,531.39,8,2113,159,Mobile,Online,Contactless,Electronics,Yes,Yes,26,21,1
3715,807,50,277251.97,13,51.78,138,81888.45,58.6,9,934,2125,Laptop,Work,Online Banking,Food,No,Yes,70,98,1
3716,848,18,232617.19,13,382.99,19,57697.9,371.4,7,2484,856,Laptop,Home,Digital Wallet,Electronics,No,No,69,66,1
3717,97,30,172371.1,1,169.82,84,46899.09,444.73,9,3517,629,POS,Online,Online Banking,Entertainment,No,Yes,87,45,1
3718,881,54,208722.5,16,519.72,93,64890.7,212.74,7,1738,799,Tablet,Online,Contactless,Travel,No,Yes,50,60,1
3719,829,37,277302.47,19,215.0,141,46891.69,686.17,8,2489,486,POS,Work,Contactless,Entertainment,No,Yes,79,18,1
3720,137,18,213746.97,3,297.03,144,64608.33,374.67,1,2565,1102,POS,Work,Credit Card,Online Services,No,Yes,32,15,1
3721,1030,69,110575.51,12,38.58,100,31086.71,131.49,6,3793,1301,Mobile,Public,Digital Wallet,Entertainment,No,Yes,58,46,1
3722,1011,20,213937.16,17,165.72,39,83930.47,77.7,9,808,1883,POS,Online,Online Banking,Electronics,No,Yes,64,33,1
3723,109,35,12179.42,2,406.22,67,70340.83,390.04,4,1820,2367,Mobile,Public,Online Banking,Entertainment,No,Yes,77,11,1
3724,547,58,115986.03,18,441.89,73,33332.58,270.23,2,1968,564,Laptop,Public,Digital Wallet,Grocery,No,Yes,28,51,1
3725,1063,31,121956.28,4,146.07,50,83151.28,138.71,9,861,1436,Mobile,Online,Credit Card,Shopping,Yes,Yes,97,93,1
3726,662,48,50134.79,0,302.54,53,48990.58,22.2,7,3422,1149,Laptop,Home,Digital Wallet,Online Services,No,Yes,72,29,1
3727,425,44,7023.34,8,490.61,46,17876.57,408.0,1,1126,2328,Mobile,Work,Digital Wallet,Food,No,Yes,80,8,1
3728,630,34,40101.03,23,228.26,52,8232.39,431.03,3,3670,2318,POS,Work,Credit Card,Travel,No,Yes,39,65,1
3729,261,63,196420.99,7,80.7,124,70110.77,102.18,4,1631,334,POS,Online,Online Banking,Food,No,No,96,30,1
3730,87,46,240706.42,2,259.41,5,86579.52,433.29,4,673,1641,POS,Work,Credit Card,Online Services,No,No,80,53,1
3731,465,53,296462.23,1,360.58,74,80840.48,685.43,3,442,1672,Laptop,Unknown,Digital Wallet,Grocery,No,Yes,45,74,1
3732,76,54,103974.41,0,4.94,95,65737.28,704.38,2,3873,1047,Tablet,Online,Contactless,Online Services,No,No,13,6,1
3733,471,43,179853.83,11,209.47,75,14566.82,639.73,2,2201,1020,POS,Work,Digital Wallet,Electronics,No,No,20,45,1
3734,414,70,281149.78,21,364.66,116,9857.39,581.12,4,3486,1625,Mobile,Unknown,Digital Wallet,Electronics,No,Yes,58,63,1
3735,825,34,50195.83,12,571.17,130,34830.45,150.82,9,3705,1493,Mobile,Work,Credit Card,Grocery,No,Yes,19,1,1
3736,895,39,215321.91,9,245.42,68,85563.63,112.72,5,3887,1541,Mobile,Home,Online Banking,Online Services,No,Yes,75,9,1
3737,726,42,226518.12,16,98.2,80,96192.76,320.42,0,1035,1551,Laptop,Home,Contactless,Shopping,No,Yes,91,50,1
3738,457,19,26783.76,10,320.76,105,24515.41,446.17,3,2730,2209,POS,Home,Online Banking,Electronics,No,No,80,52,1
3739,653,39,258388.69,4,171.81,69,76328.52,612.5,9,261,405,POS,Unknown,Digital Wallet,Online Services,No,Yes,9,55,1
3740,672,22,243950.2,8,129.26,142,57599.99,167.09,9,3683,1988,Laptop,Online,Digital Wallet,Grocery,No,No,77,16,1
3741,495,21,10117.56,12,354.45,143,3664.83,345.4,5,2510,1751,POS,Online,Credit Card,Electronics,No,Yes,19,3,1
3742,1069,53,27416.22,19,549.57,134,54520.18,466.19,1,520,716,Tablet,Online,Online Banking,Online Services,Yes,No,94,42,1
3743,597,23,14833.16,22,501.22,16,80691.07,320.88,9,1740,400,Tablet,Online,Credit Card,Online Services,No,Yes,55,2,1
3744,450,69,100489.59,10,109.78,87,27974.22,327.07,4,3972,184,Mobile,Online,Contactless,Online Services,No,Yes,39,60,1
3745,485,38,152835.77,22,459.64,124,89787.48,162.16,8,2163,2322,Mobile,Unknown,Credit Card,Electronics,No,Yes,17,72,1
3746,646,30,159751.08,3,138.31,140,24007.91,710.4,2,3866,711,Mobile,Work,Credit Card,Food,Yes,No,62,94,1
3747,620,54,80373.26,20,174.78,41,8109.08,342.19,2,3131,1889,POS,Unknown,Credit Card,Shopping,No,No,94,18,1
3748,1042,42,273487.91,10,552.07,119,16413.96,383.62,8,1720,1474,POS,Unknown,Digital Wallet,Entertainment,No,Yes,93,61,1
3749,662,43,110542.01,8,546.67,19,83781.79,157.44,2,1253,117,Mobile,Home,Online Banking,Travel,No,Yes,60,59,1
3750,758,56,13760.49,6,101.59,76,42021.94,370.23,3,904,1559,Mobile,Online,Credit Card,Grocery,No,Yes,42,3,1
3751,289,37,90138.11,15,38.98,109,79796.08,183.93,8,2233,42,POS,Unknown,Online Banking,Shopping,No,No,2,6,1
3752,721,50,159379.72,22,176.22,119,53357.69,145.76,3,2834,1731,Laptop,Unknown,Digital Wallet,Food,No,Yes,50,13,1
3753,638,31,122525.72,22,349.27,113,48315.63,198.59,4,927,1210,Mobile,Home,Credit Card,Grocery,No,Yes,67,15,1
3754,235,53,82225.37,4,526.2,2,80787.86,2.09,1,2609,349,Mobile,Home,Credit Card,Entertainment,No,No,20,86,1
3755,416,34,39483.84,5,71.74,20,42637.02,410.55,7,3816,321,Mobile,Work,Contactless,Entertainment,No,Yes,1,83,1
3756,938,38,245767.43,18,249.27,119,80302.26,279.05,8,1899,1669,Laptop,Home,Credit Card,Grocery,No,Yes,5,44,1
3757,499,63,298843.96,0,163.41,95,10515.89,647.07,9,181,802,Mobile,Work,Online Banking,Travel,No,Yes,97,8,1
3758,974,33,98929.69,15,9.45,137,63812.93,29.41,3,3178,1713,POS,Work,Digital Wallet,Online Services,No,No,39,78,1
3759,634,63,114548.15,17,473.17,21,70407.41,31.2,2,1381,1530,POS,Home,Online Banking,Entertainment,No,Yes,87,87,1
3760,1020,33,185449.45,23,488.06,8,89960.19,637.84,3,201,1704,Mobile,Work,Digital Wallet,Shopping,No,No,18,25,1
3761,115,37,215560.6,12,133.13,29,22820.23,91.27,6,1458,953,Mobile,Unknown,Credit Card,Entertainment,No,Yes,68,33,1
3762,932,46,117669.66,0,91.17,35,60619.88,1.66,0,1459,1486,Mobile,Home,Contactless,Grocery,No,Yes,97,65,1
3763,674,45,271488.36,9,87.16,38,43609.03,128.9,1,3942,2479,Laptop,Online,Credit Card,Food,Yes,Yes,90,65,1
3764,1035,25,168045.2,6,278.64,90,38585.78,593.21,9,791,187,POS,Online,Credit Card,Entertainment,No,No,22,17,1
3765,206,41,135171.98,4,148.27,68,11118.0,577.97,4,1751,413,Laptop,Unknown,Digital Wallet,Food,No,No,30,82,1
3766,247,20,194037.16,12,307.06,131,13856.22,244.96,8,3463,427,Mobile,Work,Contactless,Entertainment,No,Yes,90,52,1
3767,758,42,285845.87,21,231.22,109,83780.35,481.02,5,3229,2133,POS,Home,Credit Card,Travel,Yes,No,1,89,1
3768,1151,36,238386.23,15,126.93,111,75100.47,365.27,2,1928,1126,POS,Public,Digital Wallet,Shopping,No,Yes,70,15,1
3769,147,50,12099.94,23,450.84,12,38542.94,651.42,2,3624,999,Mobile,Unknown,Digital Wallet,Food,No,No,81,51,1
3770,118,19,99759.74,19,90.64,32,82934.41,40.72,6,1389,223,Mobile,Online,Credit Card,Entertainment,No,Yes,95,62,1
3771,412,32,141216.35,21,479.44,63,8536.24,585.51,2,1807,1760,Laptop,Home,Online Banking,Electronics,No,Yes,51,91,1
3772,363,39,94423.82,13,337.09,43,62665.0,122.91,9,722,789,Mobile,Home,Digital Wallet,Electronics,No,Yes,68,60,1
3773,137,27,210086.25,10,499.31,107,86883.52,282.03,2,3366,1282,Laptop,Home,Digital Wallet,Online Services,No,No,74,56,1
3774,1199,35,247898.12,18,3.35,38,83966.99,138.29,9,2272,824,POS,Home,Credit Card,Shopping,No,Yes,61,30,1
3775,958,39,219430.39,22,449.64,29,37591.88,505.91,6,1811,1656,Mobile,Home,Contactless,Online Services,No,Yes,48,73,1
3776,19,63,296801.05,1,31.38,55,74650.77,488.43,8,129,2343,POS,Work,Credit Card,Grocery,No,Yes,53,89,1
3777,195,66,81837.04,7,570.08,52,43033.08,394.53,8,1617,1692,POS,Work,Online Banking,Food,No,No,34,34,1
3778,330,44,262509.35,12,421.79,115,84093.75,502.71,2,3472,1124,Mobile,Unknown,Contactless,Online Services,Yes,No,86,40,1
3779,175,30,230010.14,6,192.44,19,53310.81,460.52,7,3079,120,Laptop,Online,Credit Card,Travel,No,Yes,86,11,1
3780,1002,50,108717.41,11,192.25,35,76603.28,559.06,0,938,1669,Tablet,Home,Credit Card,Grocery,No,Yes,7,79,1
3781,449,22,220263.95,7,516.96,48,8317.87,172.45,7,1950,106,Mobile,Public,Credit Card,Travel,No,No,39,29,1
3782,946,43,31312.38,15,541.75,110,59207.58,308.87,1,457,1350,Mobile,Unknown,Online Banking,Shopping,No,Yes,37,94,1
3783,141,30,236821.11,17,535.0,31,55253.28,109.26,3,616,2399,Laptop,Home,Online Banking,Travel,No,No,63,11,1
3784,758,44,159745.95,18,485.34,3,61192.68,309.36,6,2997,2498,POS,Home,Online Banking,Entertainment,No,Yes,55,1,1
3785,930,31,87757.82,3,491.51,88,69716.34,505.25,5,3234,1687,Laptop,Home,Credit Card,Grocery,No,Yes,15,81,1
3786,93,41,196767.61,11,343.87,52,91851.84,497.83,8,285,375,Mobile,Online,Contactless,Shopping,No,Yes,83,75,1
3787,239,20,192521.84,15,17.42,71,78675.37,510.82,7,1503,1694,POS,Home,Credit Card,Grocery,No,Yes,74,29,1
3788,205,64,62924.92,20,52.52,51,22353.98,222.38,1,750,679,POS,Home,Online Banking,Food,No,Yes,62,63,1
3789,560,68,9216.18,21,389.91,56,82676.68,476.83,3,2030,1314,Tablet,Work,Credit Card,Travel,No,Yes,68,76,1
3790,245,66,130143.41,16,241.0,99,12646.93,264.64,0,2481,1399,Tablet,Online,Credit Card,Entertainment,No,Yes,50,94,1
3791,832,47,170896.61,3,340.6,21,62408.76,680.04,6,3037,2226,Laptop,Work,Credit Card,Online Services,No,Yes,41,59,1
3792,925,52,262993.92,19,139.03,129,88334.0,247.29,3,1708,1942,POS,Online,Credit Card,Grocery,No,No,61,91,1
3793,295,65,278472.22,23,389.83,108,10561.64,434.21,7,2657,2495,Mobile,Home,Credit Card,Grocery,Yes,No,25,36,1
3794,640,31,158688.68,23,146.08,53,85044.42,540.13,1,3155,1516,POS,Work,Credit Card,Online Services,Yes,No,28,15,1
3795,856,29,226165.66,21,276.76,6,79962.76,652.62,7,3880,2029,Laptop,Work,Credit Card,Travel,No,No,82,73,1
3796,17,45,131847.05,23,287.49,82,50625.66,315.36,1,436,795,POS,Work,Digital Wallet,Shopping,No,Yes,35,95,1
3797,71,61,223850.04,8,107.01,79,31235.31,259.61,7,1438,1839,POS,Online,Credit Card,Shopping,No,No,83,89,1
3798,305,46,61519.98,4,525.79,47,40841.1,309.68,0,1991,1614,Tablet,Home,Digital Wallet,Travel,No,No,53,60,1
3799,1031,60,111382.31,16,315.73,96,96881.48,233.13,1,2319,2142,POS,Home,Contactless,Grocery,No,Yes,84,15,1
3800,817,34,190304.98,16,520.14,106,20568.91,470.86,4,2124,1512,POS,Work,Credit Card,Shopping,Yes,No,39,34,1
3801,1127,57,5545.57,1,157.89,82,58170.63,671.56,0,144,705,Mobile,Home,Credit Card,Electronics,No,Yes,97,62,1
3802,821,66,216766.15,1,103.82,31,8782.45,90.86,4,1046,2301,Mobile,Work,Credit Card,Grocery,No,Yes,59,16,1
3803,193,38,250677.1,20,11.3,143,22180.36,403.91,4,1761,505,POS,Home,Online Banking,Shopping,Yes,Yes,65,23,1
3804,529,40,119802.58,22,56.77,58,76449.98,646.32,6,835,355,POS,Work,Credit Card,Online Services,No,No,1,33,1
3805,171,37,134437.93,6,88.91,23,30608.6,72.17,1,2207,2165,Laptop,Home,Credit Card,Food,No,Yes,45,93,1
3806,251,28,255399.54,3,47.77,41,98583.72,355.63,1,1610,187,Mobile,Public,Online Banking,Travel,No,Yes,19,96,1
3807,541,51,232718.83,12,538.18,15,50331.3,622.98,5,3256,1326,Tablet,Public,Credit Card,Grocery,No,Yes,48,32,1
3808,416,27,86516.03,19,546.91,87,51895.66,648.34,9,1023,969,Mobile,Work,Digital Wallet,Electronics,Yes,Yes,49,16,1
3809,794,27,97260.43,10,562.45,3,4113.32,370.38,2,2026,311,Tablet,Online,Credit Card,Travel,No,Yes,73,79,1
3810,1168,60,203695.58,2,575.94,1,95674.41,18.06,7,524,686,Laptop,Public,Credit Card,Grocery,No,Yes,14,85,1
3811,25,23,169003.11,1,295.36,75,17836.23,76.15,2,1882,2240,Tablet,Online,Credit Card,Shopping,No,No,67,28,1
3812,668,53,48752.65,15,318.25,139,54064.89,422.48,9,111,930,POS,Unknown,Digital Wallet,Electronics,No,Yes,30,14,1
3813,1097,41,93047.98,2,78.93,76,39869.62,89.27,3,3880,360,Laptop,Unknown,Online Banking,Travel,No,Yes,65,21,1
3814,632,29,270004.98,23,82.66,4,41850.68,107.67,6,3042,173,Mobile,Public,Credit Card,Shopping,No,Yes,69,88,1
3815,1117,60,206483.51,14,463.77,25,64508.37,555.95,0,2746,1443,Tablet,Work,Credit Card,Grocery,No,No,87,99,1
3816,505,40,295793.7,16,513.51,94,66377.82,540.52,0,3126,1073,Mobile,Home,Credit Card,Shopping,No,Yes,6,71,1
3817,336,44,230127.06,15,470.94,96,15851.72,606.81,8,3435,1265,POS,Home,Credit Card,Grocery,No,Yes,84,31,1
3818,425,62,282598.13,19,500.83,108,50208.87,76.22,5,1235,1617,Laptop,Online,Digital Wallet,Travel,No,No,46,22,1
3819,499,54,64934.95,6,166.3,99,79152.51,142.74,4,1485,679,POS,Online,Contactless,Grocery,No,Yes,42,25,1
3820,947,23,231468.31,15,279.91,95,44607.01,599.75,1,1227,694,POS,Work,Credit Card,Travel,No,Yes,72,46,1
3821,630,18,6163.23,4,275.79,100,16997.54,519.21,1,2886,202,Laptop,Home,Digital Wallet,Travel,Yes,Yes,61,42,1
3822,718,23,201260.93,1,597.17,91,31665.09,580.31,6,2051,2078,POS,Online,Contactless,Electronics,No,Yes,31,4,1
3823,339,67,140837.76,0,569.53,44,21631.77,712.62,5,3142,1257,Mobile,Work,Digital Wallet,Electronics,No,Yes,79,33,1
3824,659,39,104093.35,21,359.29,128,13018.84,622.4,7,2522,1924,Tablet,Online,Online Banking,Food,No,Yes,26,100,1
3825,962,58,258735.07,12,83.21,23,38069.32,374.78,2,2946,1254,Mobile,Online,Digital Wallet,Electronics,No,Yes,58,90,1
3826,429,41,256294.88,15,155.53,23,54323.16,223.82,2,3496,967,Mobile,Work,Credit Card,Shopping,No,No,33,54,1
3827,899,42,6788.28,4,218.58,55,7738.78,410.21,4,1341,438,Tablet,Home,Credit Card,Electronics,No,Yes,52,29,1
3828,139,32,182890.59,2,523.99,77,60580.43,459.82,9,590,607,Mobile,Public,Credit Card,Travel,No,Yes,32,47,1
3829,942,43,110412.88,14,102.79,63,99305.93,241.49,3,1315,2038,Mobile,Home,Credit Card,Travel,No,Yes,54,70,1
3830,542,25,124756.73,15,132.24,103,96430.43,555.1,7,1809,111,Mobile,Unknown,Online Banking,Electronics,No,Yes,1,83,1
3831,57,68,249629.02,10,209.96,60,83002.76,66.87,5,2134,632,Tablet,Unknown,Digital Wallet,Shopping,No,Yes,5,56,1
3832,658,41,93020.95,18,556.18,80,27000.94,561.18,7,2083,2005,Mobile,Online,Online Banking,Food,No,Yes,22,25,1
3833,435,65,282920.34,17,302.54,95,2729.56,23.14,6,3660,2254,Laptop,Online,Credit Card,Travel,No,No,95,58,1
3834,384,55,53972.18,20,388.28,69,83437.4,358.59,1,1628,1268,Tablet,Work,Online Banking,Entertainment,No,No,5,74,1
3835,560,23,198850.45,8,232.64,114,6044.16,620.25,8,974,1017,Laptop,Unknown,Credit Card,Food,No,No,8,100,1
3836,194,52,201664.31,7,113.52,104,20959.99,62.37,5,608,170,Mobile,Work,Credit Card,Grocery,No,Yes,70,48,1
3837,534,59,75733.33,21,134.07,108,54673.09,372.82,5,944,2345,Tablet,Online,Digital Wallet,Entertainment,Yes,Yes,63,51,1
3838,518,18,97492.71,18,481.7,89,18248.61,114.85,1,1748,168,Tablet,Home,Contactless,Entertainment,No,Yes,10,74,1
3839,716,63,250456.07,21,536.14,21,83461.94,644.28,8,191,1113,Laptop,Public,Digital Wallet,Entertainment,No,No,62,80,1
3840,751,53,228565.4,4,296.1,131,77827.39,599.31,0,3398,1617,POS,Public,Digital Wallet,Travel,Yes,Yes,40,15,1
3841,185,29,98795.85,16,214.52,10,75699.07,672.43,5,1670,1114,Mobile,Online,Digital Wallet,Travel,No,Yes,47,98,1
3842,292,55,160233.57,4,484.8,87,81704.7,630.0,7,804,1779,POS,Work,Digital Wallet,Online Services,No,Yes,80,46,1
3843,732,28,18597.92,13,404.02,91,22360.33,530.34,1,86,1685,Mobile,Home,Credit Card,Entertainment,No,Yes,56,54,1
3844,116,29,62702.89,6,25.0,137,73024.79,133.2,2,2605,69,Laptop,Online,Digital Wallet,Entertainment,No,No,28,54,1
3845,825,59,145797.59,8,210.77,123,35850.51,217.87,9,3160,1399,Mobile,Unknown,Digital Wallet,Food,No,Yes,56,79,1
3846,1073,67,25883.52,16,409.46,4,66851.05,357.79,9,1219,1380,POS,Online,Online Banking,Travel,No,Yes,1,65,1
3847,685,56,253015.37,2,344.42,90,12641.16,424.05,6,3863,2024,Laptop,Online,Credit Card,Entertainment,No,Yes,52,62,1
3848,82,24,215430.06,7,586.85,96,70705.86,563.19,0,575,1882,POS,Unknown,Digital Wallet,Shopping,No,Yes,82,70,1
3849,834,28,283095.74,21,519.74,29,97224.72,163.49,4,2123,2483,POS,Work,Online Banking,Grocery,No,No,62,52,1
3850,333,53,208070.73,12,36.31,86,4838.24,92.45,5,3010,773,POS,Public,Credit Card,Travel,No,Yes,42,19,1
3851,557,69,282126.37,15,435.6,47,9835.98,347.53,9,840,67,Mobile,Work,Digital Wallet,Travel,No,Yes,47,43,1
3852,335,48,166398.32,20,202.13,77,12801.86,113.73,6,76,2394,Tablet,Home,Online Banking,Grocery,No,Yes,37,6,1
3853,532,50,180105.56,9,409.41,87,43341.11,499.52,9,1443,1136,Laptop,Online,Digital Wallet,Grocery,No,Yes,11,68,1
3854,221,30,293093.62,17,370.53,31,29432.63,414.5,9,2329,659,Laptop,Public,Credit Card,Grocery,No,No,67,10,1
3855,635,35,192674.53,2,302.08,51,80788.56,533.62,6,2243,844,Mobile,Online,Online Banking,Shopping,No,Yes,29,43,1
3856,323,58,9332.89,11,511.84,36,47641.83,45.77,2,2445,568,Mobile,Online,Contactless,Grocery,No,Yes,4,55,1
3857,3,41,217168.45,15,425.36,95,48711.47,694.59,6,1432,2286,POS,Unknown,Credit Card,Online Services,No,Yes,95,9,1
3858,206,26,271650.06,17,533.79,15,71845.29,0.1,0,3418,1690,POS,Public,Contactless,Entertainment,No,Yes,11,65,1
3859,40,48,238694.52,16,169.32,78,36515.91,234.39,3,3233,521,Laptop,Public,Digital Wallet,Electronics,No,Yes,30,51,1
3860,59,58,175191.6,6,209.2,40,35644.12,489.37,6,1442,2375,Mobile,Work,Digital Wallet,Travel,No,Yes,79,63,1
3861,951,27,201423.92,18,373.36,45,75814.18,32.6,6,2659,613,POS,Online,Contactless,Grocery,No,Yes,79,56,1
3862,574,19,297058.52,22,579.9,90,78114.15,60.1,3,601,87,Laptop,Unknown,Contactless,Entertainment,No,Yes,58,81,1
3863,644,55,27289.56,22,223.26,56,1932.68,55.3,0,1770,1512,POS,Online,Credit Card,Grocery,Yes,Yes,32,92,1
3864,843,32,200206.72,7,19.86,54,14807.15,418.73,7,3851,1684,POS,Online,Credit Card,Shopping,Yes,Yes,29,12,1
3865,1146,20,85090.97,16,267.81,85,21703.27,645.08,3,3957,1979,Laptop,Online,Contactless,Shopping,No,Yes,43,46,1
3866,619,60,192063.11,20,326.59,9,35484.25,399.96,1,377,2473,POS,Work,Digital Wallet,Travel,No,Yes,92,16,1
3867,96,48,182326.31,6,480.69,118,29499.08,434.61,3,874,1427,POS,Home,Credit Card,Shopping,No,Yes,85,78,1
3868,898,23,46121.7,0,437.3,65,67017.74,249.19,7,2695,2164,Tablet,Home,Contactless,Shopping,No,Yes,39,70,1
3869,1086,20,62103.32,7,578.82,108,82899.46,13.59,7,526,1891,Mobile,Online,Credit Card,Entertainment,No,No,11,47,1
3870,561,28,186526.71,18,469.72,129,19612.65,15.66,4,725,640,POS,Work,Digital Wallet,Grocery,Yes,Yes,96,60,1
3871,905,32,38556.16,19,179.53,141,56516.52,639.59,1,1903,1177,Mobile,Public,Digital Wallet,Shopping,No,Yes,27,57,1
3872,348,62,79627.74,19,385.01,38,37097.72,73.94,6,2008,2051,POS,Home,Digital Wallet,Electronics,No,Yes,24,63,1
3873,671,69,250590.14,9,403.51,105,50824.9,719.85,2,2588,675,Tablet,Work,Credit Card,Entertainment,No,Yes,37,30,1
3874,1148,45,98194.74,11,598.81,40,62265.41,118.47,5,3620,2360,Mobile,Public,Credit Card,Entertainment,No,Yes,65,90,1
3875,317,27,146469.24,23,83.67,143,89413.18,485.77,8,2529,858,POS,Online,Credit Card,Travel,Yes,Yes,32,84,1
3876,719,55,282347.99,0,115.2,130,19633.12,683.25,4,572,1725,Laptop,Work,Online Banking,Entertainment,Yes,Yes,53,5,1
3877,1072,64,68222.01,23,93.73,75,9157.16,260.91,8,245,2234,Laptop,Public,Online Banking,Travel,No,No,1,15,1
3878,1160,67,116948.84,20,353.64,33,62907.59,528.82,3,2547,2303,Mobile,Online,Online Banking,Shopping,No,Yes,56,31,1
3879,250,67,181976.69,3,81.61,85,39716.02,252.68,8,2930,1708,Laptop,Online,Online Banking,Food,No,Yes,34,18,1
3880,314,24,226626.14,3,393.78,59,16708.82,219.63,0,2381,295,Mobile,Public,Credit Card,Electronics,Yes,Yes,82,77,1
3881,807,32,270505.85,8,482.36,95,12150.17,145.38,3,327,1319,Mobile,Home,Contactless,Grocery,No,Yes,29,43,1
3882,485,35,274650.35,14,259.96,26,56111.52,591.09,0,1399,1341,Mobile,Work,Credit Card,Electronics,No,Yes,6,11,1
3883,44,35,233014.36,23,336.63,103,30396.82,185.39,8,315,1345,Mobile,Unknown,Credit Card,Shopping,No,Yes,57,51,1
3884,571,69,68576.42,14,547.68,21,99743.92,203.95,7,3986,502,Laptop,Work,Online Banking,Online Services,No,No,95,12,1
3885,583,58,7540.32,6,341.95,80,40887.13,719.26,7,3089,2476,Laptop,Public,Credit Card,Food,No,Yes,14,56,1
3886,1116,41,115193.8,11,125.56,71,21622.52,235.73,6,155,1126,Tablet,Home,Credit Card,Entertainment,No,No,75,83,1
3887,895,19,42550.5,2,206.24,66,63070.48,304.46,8,80,1926,Laptop,Work,Contactless,Food,No,Yes,69,19,1
3888,220,57,213145.26,19,318.14,37,24803.36,712.84,2,1472,2251,POS,Work,Credit Card,Entertainment,Yes,Yes,62,1,1
3889,925,37,198373.06,8,93.36,14,49661.56,265.96,6,1755,919,Mobile,Online,Online Banking,Entertainment,No,Yes,86,14,1
3890,401,51,13287.1,13,367.71,108,48516.33,263.69,5,3152,1641,Tablet,Home,Contactless,Entertainment,No,Yes,51,81,1
3891,727,60,250994.47,12,599.55,135,45628.98,595.97,4,500,2368,POS,Home,Contactless,Food,No,No,13,66,1
3892,991,43,74698.11,23,391.69,150,79710.53,224.66,8,1429,410,Mobile,Public,Credit Card,Shopping,No,Yes,76,38,1
3893,899,24,129724.9,11,223.76,81,22052.99,168.4,3,3466,215,Laptop,Public,Credit Card,Entertainment,No,Yes,4,85,1
3894,858,55,200413.33,0,199.38,80,90478.58,304.77,2,3333,1058,Tablet,Work,Online Banking,Grocery,No,Yes,38,20,1
3895,804,47,128882.69,18,559.0,103,79238.38,504.49,2,3791,2256,Mobile,Online,Credit Card,Shopping,No,Yes,4,52,1
3896,490,59,132442.21,15,522.97,35,33645.68,31.23,1,2747,1321,Mobile,Online,Digital Wallet,Entertainment,No,Yes,30,23,1
3897,938,22,19781.84,11,283.68,102,18469.95,269.28,0,3760,1034,POS,Public,Digital Wallet,Shopping,No,Yes,54,94,1
3898,844,28,120492.92,9,212.37,131,28313.73,249.36,2,1533,1121,Tablet,Online,Digital Wallet,Online Services,No,Yes,65,65,1
3899,267,18,229477.88,1,426.42,118,33597.31,176.34,7,1359,2184,Mobile,Unknown,Digital Wallet,Online Services,No,Yes,61,6,1
3900,54,51,274561.38,17,189.04,95,55914.85,471.12,5,467,550,POS,Public,Contactless,Grocery,No,Yes,49,79,1
3901,528,18,124107.79,12,72.08,55,5113.63,208.86,1,3352,1674,POS,Online,Credit Card,Online Services,No,No,31,17,1
3902,616,36,127133.39,23,186.44,9,91478.73,436.89,7,2928,684,Mobile,Work,Digital Wallet,Grocery,No,No,42,36,1
3903,1083,19,210817.87,5,260.86,69,10318.15,363.17,4,2419,71,Laptop,Online,Credit Card,Shopping,No,Yes,50,90,1
3904,1064,38,282837.32,11,153.62,28,28287.7,156.45,3,3233,1853,POS,Public,Credit Card,Shopping,No,Yes,23,62,1
3905,955,37,80191.58,21,130.48,143,11374.1,192.0,0,778,877,Mobile,Online,Credit Card,Travel,No,Yes,78,59,1
3906,386,40,132099.25,3,4.18,113,26038.95,122.91,0,553,1354,Tablet,Public,Digital Wallet,Grocery,No,Yes,99,66,1
3907,734,38,238812.38,0,378.69,31,83848.54,40.87,3,684,2338,Mobile,Public,Contactless,Grocery,No,Yes,81,53,1
3908,716,41,182947.1,10,368.86,59,61709.99,445.85,8,535,1543,Mobile,Work,Online Banking,Food,No,No,60,11,1
3909,650,21,33264.84,22,113.22,82,23118.66,484.44,9,428,700,Mobile,Work,Credit Card,Entertainment,No,Yes,32,10,1
3910,300,29,188357.05,7,566.22,54,87239.97,119.6,9,2983,1310,POS,Online,Online Banking,Online Services,No,No,56,4,1
3911,395,39,56105.21,1,246.04,42,80170.85,443.12,5,3219,858,POS,Home,Credit Card,Entertainment,No,Yes,56,19,0
3912,593,37,153113.76,1,15.77,23,75488.1,707.1,0,2138,249,Tablet,Online,Online Banking,Travel,No,No,100,90,1
3913,514,35,158778.07,15,132.25,109,84839.45,53.66,7,1968,893,Tablet,Home,Contactless,Shopping,No,No,87,54,1
3914,396,18,262873.39,0,415.39,86,62155.14,353.12,8,1234,2062,Mobile,Unknown,Credit Card,Shopping,No,No,34,39,1
3915,371,47,138802.03,3,121.37,65,50393.02,527.81,1,2390,1659,Tablet,Public,Credit Card,Entertainment,No,Yes,41,82,1
3916,858,50,83904.78,5,32.82,89,37706.54,33.22,5,294,490,Mobile,Home,Credit Card,Online Services,No,No,39,86,1
3917,791,41,69366.81,20,370.81,54,22764.52,560.38,6,1082,319,Tablet,Online,Credit Card,Electronics,No,Yes,86,62,1
3918,658,31,262288.14,19,311.25,118,55962.46,705.25,0,3364,1165,POS,Online,Digital Wallet,Entertainment,No,Yes,42,42,1
3919,736,53,51386.16,13,456.88,105,89004.49,63.8,4,741,2259,Mobile,Unknown,Credit Card,Entertainment,No,Yes,66,29,1
3920,384,22,127817.98,19,463.69,11,59601.19,592.02,4,3718,253,Tablet,Online,Credit Card,Travel,No,No,20,79,1
3921,62,28,56233.22,14,575.98,63,92000.88,272.64,2,942,2475,Tablet,Home,Digital Wallet,Shopping,Yes,No,14,44,1
3922,505,41,232013.88,6,34.68,22,36013.28,103.85,1,1644,483,Mobile,Work,Contactless,Food,No,Yes,38,33,1
3923,239,48,142364.35,6,23.87,117,69666.23,355.15,0,1709,392,Tablet,Home,Digital Wallet,Online Services,No,Yes,37,42,1
3924,195,30,105407.99,17,592.32,58,65042.21,51.59,5,1764,2076,Tablet,Public,Credit Card,Online Services,No,Yes,37,11,1
3925,678,33,108393.78,22,387.09,20,67208.17,375.96,6,3719,1902,POS,Online,Credit Card,Entertainment,No,Yes,12,59,1
3926,61,41,255679.04,1,429.36,144,64681.68,14.03,1,2416,1845,Mobile,Public,Credit Card,Online Services,No,No,92,84,1
3927,1153,30,166176.81,19,58.34,93,22554.64,524.63,1,1475,32,Laptop,Work,Credit Card,Online Services,No,Yes,56,91,1
3928,990,41,215388.57,14,42.35,50,14787.29,351.39,4,2166,622,POS,Online,Contactless,Online Services,No,Yes,8,15,1
3929,685,43,269121.85,0,96.57,90,97873.51,330.49,4,361,720,POS,Unknown,Credit Card,Entertainment,No,Yes,93,3,1
3930,156,19,270532.33,20,256.6,104,5006.87,141.34,2,3532,1413,POS,Unknown,Credit Card,Food,Yes,No,21,80,1
3931,923,33,98619.87,16,66.55,127,47039.78,260.17,2,3879,878,Mobile,Home,Credit Card,Travel,No,No,39,28,1
3932,868,55,285740.13,19,268.08,113,42795.49,131.03,0,3864,2006,Mobile,Work,Contactless,Electronics,No,Yes,48,53,1
3933,903,63,7560.28,12,337.14,74,36321.89,529.51,2,181,635,POS,Home,Digital Wallet,Travel,No,Yes,18,42,1
3934,999,18,113112.98,11,0.7,13,78307.39,143.38,8,3919,758,Mobile,Unknown,Online Banking,Entertainment,No,No,63,15,1
3935,975,66,268750.08,23,68.99,15,74662.35,444.1,1,737,2099,POS,Unknown,Online Banking,Travel,No,Yes,83,40,1
3936,388,28,82463.6,21,225.43,73,90569.88,201.39,0,2203,2498,Mobile,Home,Contactless,Grocery,No,Yes,74,90,1
3937,887,68,81997.13,14,32.47,27,39851.01,473.06,8,3144,2024,Mobile,Work,Credit Card,Food,No,Yes,9,34,1
3938,838,52,90856.42,23,80.55,136,56635.86,389.17,4,450,1179,Mobile,Work,Credit Card,Travel,No,Yes,87,36,1
3939,340,60,183732.78,4,139.46,88,89284.55,304.93,7,1738,1458,Laptop,Online,Online Banking,Entertainment,Yes,Yes,30,27,1
3940,204,46,131556.0,6,258.05,36,99387.88,484.59,3,3591,1708,POS,Online,Digital Wallet,Food,No,Yes,86,14,1
3941,161,54,218047.78,7,429.04,149,96944.79,299.38,7,3667,2345,POS,Public,Online Banking,Food,No,No,59,3,1
3942,392,34,268483.7,22,80.05,52,71925.47,591.4,4,282,768,Laptop,Unknown,Digital Wallet,Entertainment,No,Yes,55,3,1
3943,769,56,202292.39,13,442.91,139,14751.14,525.34,5,1028,1159,Mobile,Home,Digital Wallet,Entertainment,Yes,Yes,93,87,1
3944,575,59,61419.57,3,513.11,8,2807.01,389.31,5,1864,685,Tablet,Work,Contactless,Entertainment,No,Yes,70,69,1
3945,534,45,279811.3,20,391.06,57,82609.23,631.5,5,1761,2248,POS,Work,Contactless,Electronics,No,Yes,50,66,1
3946,1094,46,79421.41,13,26.71,110,84173.73,596.8,1,3585,2382,Laptop,Work,Credit Card,Entertainment,No,Yes,61,60,1
3947,893,60,45053.3,9,264.67,130,74762.91,382.97,9,322,2411,Mobile,Unknown,Digital Wallet,Travel,No,Yes,35,38,1
3948,405,20,27081.19,21,396.21,64,28352.39,49.38,9,1270,2477,Mobile,Work,Digital Wallet,Grocery,No,Yes,14,100,1
3949,608,69,169058.78,15,587.12,11,64161.88,407.56,8,198,904,POS,Online,Credit Card,Shopping,No,Yes,69,2,1
3950,828,27,34217.36,10,571.11,134,31966.72,255.85,6,2811,364,Laptop,Online,Credit Card,Electronics,No,Yes,46,79,1
3951,1144,59,41718.89,21,237.72,96,45339.5,388.93,2,3741,1921,POS,Work,Digital Wallet,Electronics,No,Yes,82,66,1
3952,690,31,90079.14,13,369.75,76,38552.29,465.97,1,3486,1208,Mobile,Work,Contactless,Shopping,No,Yes,35,100,1
3953,902,29,84567.74,13,534.54,64,91407.19,464.32,3,3962,659,POS,Unknown,Credit Card,Online Services,No,Yes,94,92,1
3954,56,64,181311.43,1,498.71,101,23798.65,484.97,7,2093,2453,Mobile,Public,Online Banking,Travel,No,Yes,71,78,1
3955,366,59,245041.91,21,287.91,93,57972.29,489.11,8,66,1948,Mobile,Home,Credit Card,Electronics,No,Yes,98,12,1
3956,455,47,228428.76,12,157.11,44,36417.66,78.77,9,1474,110,Tablet,Online,Digital Wallet,Electronics,No,Yes,42,30,1
3957,104,49,78819.09,2,82.69,142,66475.58,138.11,1,1956,939,POS,Online,Credit Card,Entertainment,No,Yes,53,99,1
3958,77,49,73668.62,17,293.04,83,56674.03,454.03,5,325,479,Mobile,Online,Credit Card,Grocery,No,Yes,19,8,1
3959,230,59,289740.88,21,433.85,133,92435.78,293.94,7,2512,1363,POS,Online,Contactless,Online Services,No,Yes,45,96,1
3960,331,49,2570.05,3,581.88,99,10610.41,549.28,2,2397,1909,POS,Public,Contactless,Food,Yes,Yes,54,20,1
3961,893,43,263928.19,20,517.16,25,22453.76,90.02,8,3838,2009,Mobile,Home,Credit Card,Electronics,No,No,64,79,1
3962,688,68,59998.58,20,122.94,102,76751.62,137.98,3,3727,709,POS,Work,Digital Wallet,Grocery,No,Yes,75,63,1
3963,27,18,284190.57,18,432.01,73,37194.29,402.14,4,2611,759,POS,Unknown,Digital Wallet,Online Services,No,Yes,41,78,1
3964,299,59,102757.95,15,173.82,122,16995.49,360.59,6,3400,2268,POS,Unknown,Credit Card,Travel,No,Yes,17,26,1
3965,957,19,132161.5,3,410.24,71,50580.47,191.88,4,2651,1043,POS,Work,Credit Card,Online Services,No,Yes,11,25,1
3966,799,34,212165.47,18,399.65,117,65388.14,294.07,3,3795,709,POS,Online,Online Banking,Food,No,Yes,92,57,1
3967,1115,47,176341.95,22,163.82,82,4960.26,25.28,3,952,1350,Laptop,Home,Credit Card,Shopping,No,Yes,3,83,1
3968,480,56,95450.0,14,141.02,130,29516.38,26.76,4,1850,2266,POS,Public,Credit Card,Online Services,No,Yes,10,60,1
3969,573,24,166193.89,0,62.81,116,81037.54,68.44,2,3117,542,POS,Online,Contactless,Online Services,No,Yes,24,20,1
3970,458,69,219238.99,15,30.8,10,52264.33,415.33,8,1010,1062,Tablet,Home,Credit Card,Electronics,No,No,97,26,1
3971,365,44,12796.25,14,515.14,130,4020.23,621.89,1,2472,616,Laptop,Online,Credit Card,Travel,No,Yes,56,96,1
3972,859,26,3458.67,15,30.38,60,28554.13,187.43,6,2354,877,POS,Online,Contactless,Grocery,No,Yes,26,23,1
3973,351,39,137474.28,21,53.7,45,64094.5,24.53,3,678,2220,Laptop,Work,Digital Wallet,Shopping,No,Yes,69,64,1
3974,253,51,39637.8,19,143.69,136,20336.27,510.24,7,312,1880,Tablet,Public,Digital Wallet,Entertainment,No,Yes,24,14,1
3975,781,63,199336.85,0,532.65,119,82825.44,615.87,6,1692,2271,Laptop,Home,Credit Card,Entertainment,No,No,44,86,1
3976,803,66,64294.33,16,200.1,7,67819.3,99.57,7,1028,1083,POS,Online,Contactless,Food,No,Yes,26,94,1
3977,1012,18,129912.05,4,115.48,72,47402.22,277.8,3,115,1332,Mobile,Online,Credit Card,Shopping,Yes,No,71,92,1
3978,459,26,59381.51,4,429.48,21,91604.57,114.37,1,236,819,POS,Unknown,Credit Card,Food,Yes,Yes,76,38,1
3979,917,37,164590.23,6,191.78,97,39484.18,76.67,6,3976,1095,Mobile,Home,Credit Card,Shopping,No,No,57,40,1
3980,499,70,34904.43,12,200.35,47,23889.8,466.72,8,3764,1994,POS,Online,Digital Wallet,Grocery,No,Yes,36,57,1
3981,950,36,7029.75,11,443.52,1,66309.6,696.63,5,2640,1533,Laptop,Home,Online Banking,Shopping,No,Yes,17,30,1
3982,508,53,15434.38,3,151.37,140,57542.87,488.31,6,2554,446,POS,Unknown,Credit Card,Online Services,No,No,80,3,1
3983,501,57,286282.11,3,538.11,128,33857.17,709.07,5,1796,1374,Laptop,Home,Credit Card,Entertainment,No,No,95,99,1
3984,803,62,42771.64,22,337.07,94,34694.62,312.82,1,2669,2445,Mobile,Online,Digital Wallet,Food,No,No,18,68,1
3985,598,21,212572.63,20,322.93,132,40121.93,646.48,8,160,834,Laptop,Online,Contactless,Entertainment,Yes,Yes,96,55,1
3986,166,26,20471.07,20,159.22,34,29468.29,147.74,4,2477,1982,POS,Home,Credit Card,Shopping,Yes,Yes,66,98,1
3987,462,58,32537.29,5,501.14,87,71169.02,84.98,2,165,1955,POS,Home,Digital Wallet,Entertainment,No,Yes,10,75,1
3988,920,39,152711.99,23,343.86,32,65310.16,505.84,3,3447,852,Mobile,Work,Online Banking,Food,No,Yes,61,77,1
3989,114,35,139514.79,14,93.73,3,44357.38,267.48,3,2247,1993,POS,Public,Online Banking,Food,No,Yes,39,66,1
3990,992,29,285478.93,20,124.18,68,40086.54,228.8,8,3046,1871,POS,Online,Online Banking,Travel,No,Yes,14,36,1
3991,207,59,283456.15,18,281.22,57,36822.6,483.35,4,1216,339,Laptop,Public,Credit Card,Entertainment,Yes,Yes,47,53,1
3992,515,60,233904.63,5,467.9,114,28705.1,240.18,1,228,732,Tablet,Home,Digital Wallet,Travel,No,Yes,10,30,1
3993,709,56,180670.34,11,563.61,33,9026.82,412.28,5,768,1414,Laptop,Home,Credit Card,Shopping,No,Yes,55,80,1
3994,1149,26,136542.6,13,398.27,131,27186.37,215.68,6,3149,726,Mobile,Public,Digital Wallet,Grocery,No,Yes,92,54,1
3995,138,23,106917.94,17,303.93,132,32459.53,564.33,7,3923,634,POS,Online,Credit Card,Entertainment,No,No,24,32,1
3996,339,36,284131.56,11,150.81,30,54994.56,224.99,4,2842,1680,Mobile,Unknown,Credit Card,Electronics,No,Yes,40,79,1
3997,537,65,180912.35,23,403.88,70,77491.96,385.24,7,1547,350,Laptop,Public,Credit Card,Travel,Yes,Yes,63,87,1
3998,68,64,173763.85,23,589.35,49,39872.36,16.78,7,132,333,POS,Public,Contactless,Food,Yes,Yes,34,47,1
3999,383,24,69647.15,14,286.0,30,94503.31,570.07,3,577,548,POS,Home,Online Banking,Travel,No,Yes,49,99,1
4000,19,33,14104.68,18,97.7,82,82821.32,446.68,6,35,956,Mobile,Home,Credit Card,Entertainment,No,Yes,63,81,1
4001,683,22,283562.06,7,62.45,144,98487.78,138.49,8,740,970,Laptop,Home,Credit Card,Travel,No,Yes,9,82,1
4002,74,33,94189.2,8,161.92,134,87682.2,155.15,9,41,2269,Tablet,Unknown,Credit Card,Food,No,Yes,47,32,1
4003,573,18,132832.45,4,341.88,24,61864.23,189.07,3,2180,2099,POS,Work,Credit Card,Travel,No,No,93,16,1
4004,939,68,34480.52,4,568.11,115,60048.69,415.14,8,2776,109,POS,Online,Online Banking,Travel,Yes,Yes,45,65,1
4005,1072,54,251093.61,5,179.85,92,13387.85,394.83,3,1886,1337,Mobile,Public,Online Banking,Electronics,No,No,36,14,1
4006,211,56,8386.79,22,183.58,21,72378.73,197.25,0,1743,132,Tablet,Online,Online Banking,Shopping,No,Yes,9,66,1
4007,855,36,250213.83,2,288.97,8,60220.58,499.76,3,456,758,Mobile,Home,Contactless,Online Services,No,No,11,70,1
4008,651,54,42171.48,4,551.17,36,50939.74,640.12,1,200,171,POS,Work,Credit Card,Food,No,No,85,90,1
4009,994,34,265980.58,0,251.72,124,69482.04,31.43,5,1742,2480,Mobile,Home,Contactless,Online Services,No,Yes,77,55,1
4010,695,43,218958.81,10,134.33,9,44682.76,300.44,7,118,985,POS,Online,Online Banking,Shopping,No,Yes,24,44,1
4011,540,39,49484.61,20,98.3,40,52624.04,427.38,5,2793,799,Mobile,Home,Digital Wallet,Electronics,No,Yes,1,8,1
4012,901,25,169788.82,19,274.48,129,40136.05,422.27,8,3540,848,POS,Home,Contactless,Online Services,No,No,99,88,1
4013,780,50,93865.63,0,480.51,117,71878.4,14.16,5,3448,769,Mobile,Unknown,Contactless,Grocery,Yes,Yes,99,58,1
4014,1137,19,53552.11,6,175.17,68,87722.79,151.69,6,884,1643,Tablet,Public,Contactless,Grocery,No,Yes,61,39,1
4015,170,47,257768.74,14,307.76,3,84164.07,44.61,4,3312,191,Tablet,Public,Credit Card,Entertainment,No,Yes,85,50,1
4016,1038,64,121116.48,16,362.0,108,78709.51,409.7,7,3826,623,Mobile,Work,Credit Card,Entertainment,No,Yes,69,43,1
4017,288,37,119623.26,7,270.56,122,1871.88,464.72,1,1487,2293,Mobile,Unknown,Contactless,Electronics,Yes,Yes,21,31,1
4018,189,35,51049.01,1,115.42,9,91232.11,115.1,1,3634,592,Mobile,Online,Credit Card,Entertainment,No,No,4,64,1
4019,914,60,114981.4,12,553.09,4,27850.13,239.83,7,2677,944,Mobile,Unknown,Online Banking,Entertainment,No,Yes,97,85,1
4020,1179,27,261497.89,11,339.49,6,88853.41,237.53,5,3626,1729,Mobile,Unknown,Online Banking,Travel,No,Yes,100,20,1
4021,694,41,109002.3,4,437.62,73,20098.33,590.28,1,2503,2328,Laptop,Public,Online Banking,Online Services,Yes,Yes,58,2,1
4022,888,21,285485.91,12,381.81,26,44244.75,140.24,5,3088,754,POS,Home,Credit Card,Travel,No,Yes,72,43,1
4023,471,54,283898.04,5,598.83,130,75065.18,394.83,7,3073,1939,POS,Unknown,Digital Wallet,Travel,No,Yes,93,40,1
4024,1099,21,43555.11,14,274.06,114,64207.76,563.74,5,3221,1463,Mobile,Online,Contactless,Grocery,No,Yes,7,58,1
4025,277,30,53275.64,22,255.27,85,41884.23,597.31,8,207,1372,Mobile,Work,Digital Wallet,Online Services,No,Yes,1,84,1
4026,940,42,258815.95,21,216.4,86,68023.07,479.96,5,3230,1925,POS,Work,Online Banking,Online Services,No,No,69,86,1
4027,571,30,117889.0,20,217.3,131,55120.48,215.73,2,2640,417,Laptop,Home,Online Banking,Electronics,No,Yes,77,13,1
4028,857,35,1411.76,21,165.82,35,27935.76,592.61,8,447,2162,Mobile,Public,Credit Card,Grocery,No,No,64,84,1
4029,1001,41,82234.16,10,588.39,114,64809.78,534.39,9,583,34,Laptop,Public,Credit Card,Entertainment,No,Yes,90,95,1
4030,458,19,179328.94,3,522.53,59,20822.59,507.25,4,3419,2312,Mobile,Online,Online Banking,Online Services,No,No,76,23,1
4031,918,65,239799.86,0,190.35,38,69551.83,48.57,5,3708,404,Mobile,Online,Credit Card,Shopping,No,Yes,8,26,1
4032,833,50,40103.25,14,183.48,33,809.53,31.25,3,271,2352,POS,Home,Credit Card,Grocery,No,No,60,94,1
4033,1088,36,33251.36,11,62.57,121,55102.87,500.69,2,1409,1424,Mobile,Unknown,Contactless,Food,No,Yes,34,73,1
4034,839,26,276635.59,8,526.28,143,40406.23,680.26,9,1626,942,POS,Home,Digital Wallet,Online Services,No,No,86,39,1
4035,193,45,225369.4,10,223.37,100,30658.83,557.1,4,3962,1585,POS,Online,Contactless,Entertainment,No,Yes,9,42,1
4036,616,52,176974.9,4,343.78,142,51812.94,598.68,2,1491,953,POS,Public,Credit Card,Online Services,No,Yes,73,32,1
4037,406,56,230779.12,23,540.28,45,64708.51,392.43,1,3559,870,Mobile,Online,Digital Wallet,Grocery,No,Yes,45,44,1
4038,943,27,128713.42,6,245.16,48,96548.57,219.37,5,1495,1760,Mobile,Online,Credit Card,Electronics,No,No,82,40,1
4039,721,18,227560.88,7,484.22,118,83389.92,488.0,7,2034,1447,Laptop,Home,Credit Card,Travel,No,Yes,17,76,1
4040,93,59,111603.72,0,258.46,29,71856.41,512.65,2,3329,657,Laptop,Work,Contactless,Food,No,Yes,7,76,1
4041,430,38,73303.96,0,420.71,84,48157.21,486.29,5,2485,2081,POS,Online,Credit Card,Grocery,No,Yes,51,91,1
4042,654,26,218731.13,2,259.0,113,39518.34,681.64,8,1976,1755,Mobile,Home,Credit Card,Food,No,No,98,46,1
4043,434,64,125959.72,7,235.96,117,3736.7,264.43,0,1330,1577,POS,Work,Online Banking,Food,No,Yes,16,26,1
4044,1136,32,294414.99,10,594.43,43,36230.14,28.65,2,3119,2483,Tablet,Work,Online Banking,Shopping,Yes,Yes,57,14,1
4045,375,52,104910.61,0,367.6,19,84913.53,654.09,1,3857,1466,POS,Online,Contactless,Grocery,No,Yes,92,78,1
4046,1083,22,276526.05,13,220.75,8,38710.45,115.64,7,3412,2394,Laptop,Work,Credit Card,Grocery,Yes,Yes,25,11,1
4047,1067,58,279895.47,0,155.06,11,46427.71,502.1,8,3425,2417,Tablet,Online,Credit Card,Online Services,No,Yes,22,98,1
4048,207,39,72631.7,5,24.34,8,27547.53,628.72,9,1100,548,POS,Online,Digital Wallet,Travel,No,No,55,54,1
4049,780,58,239486.53,20,424.09,113,27776.21,223.37,5,851,1964,Mobile,Home,Digital Wallet,Travel,No,Yes,34,8,1
4050,1142,40,129979.04,5,223.61,148,6656.24,597.92,2,2607,1483,Mobile,Home,Credit Card,Travel,No,Yes,15,39,1
4051,532,24,275265.67,2,492.84,38,61573.49,239.15,9,1949,953,Laptop,Unknown,Credit Card,Travel,No,Yes,16,15,1
4052,166,40,135092.27,9,218.64,135,45082.91,571.89,7,3814,1480,Laptop,Online,Online Banking,Entertainment,No,No,16,4,1
4053,643,61,223316.68,11,224.31,117,60793.1,50.37,9,2577,1575,Mobile,Work,Online Banking,Food,No,No,38,65,1
4054,1180,42,140143.53,9,467.62,74,54915.25,471.81,6,1818,720,Mobile,Work,Credit Card,Food,Yes,No,86,35,1
4055,90,44,68417.45,21,293.94,72,79985.04,487.57,1,221,1001,Mobile,Home,Contactless,Food,Yes,No,93,6,1
4056,1118,58,59885.1,1,530.99,106,75225.69,353.88,6,2126,1002,POS,Home,Credit Card,Online Services,Yes,No,32,66,1
4057,13,23,127686.82,23,354.29,118,77259.66,494.74,0,2171,2288,Laptop,Online,Contactless,Electronics,No,Yes,43,83,1
4058,973,51,226672.85,21,144.77,20,50174.28,664.7,7,960,476,POS,Work,Contactless,Travel,No,No,88,95,1
4059,805,26,181560.94,12,341.18,11,35711.19,528.4,4,1802,99,Laptop,Online,Digital Wallet,Entertainment,No,Yes,50,53,1
4060,945,66,206619.92,15,2.9,144,93376.94,692.14,8,3835,1354,POS,Home,Digital Wallet,Entertainment,No,Yes,87,83,1
4061,742,50,84769.67,12,187.78,42,5899.84,323.06,2,2244,1847,Laptop,Home,Credit Card,Grocery,No,Yes,57,23,1
4062,876,68,144482.46,3,125.17,90,15685.82,380.42,6,3595,2359,Tablet,Work,Online Banking,Grocery,No,Yes,38,73,1
4063,1174,23,13414.14,3,392.69,52,42250.11,189.97,7,2331,1207,Laptop,Work,Credit Card,Electronics,No,Yes,23,19,1
4064,660,54,245277.97,10,82.06,52,61588.79,709.63,0,86,397,Mobile,Public,Digital Wallet,Online Services,No,No,89,13,1
4065,1032,48,296968.66,22,174.41,137,1315.94,39.79,5,2083,1913,POS,Home,Digital Wallet,Online Services,No,Yes,90,62,1
4066,1053,51,122123.03,13,199.12,95,72072.62,258.27,1,2027,1242,POS,Public,Credit Card,Electronics,No,Yes,36,8,1
4067,296,58,3388.0,2,2.47,135,56093.29,214.41,7,267,2463,Mobile,Public,Contactless,Grocery,No,No,50,62,1
4068,986,46,51020.81,18,28.54,2,48727.92,278.35,5,762,2118,POS,Online,Online Banking,Grocery,No,Yes,98,92,0
4069,926,31,195792.81,21,187.02,25,42637.76,660.77,2,3325,714,Mobile,Online,Credit Card,Online Services,Yes,Yes,13,91,1
4070,640,53,183662.59,0,133.8,76,52188.96,265.05,3,2667,1010,Laptop,Public,Digital Wallet,Food,No,Yes,97,56,1
4071,340,53,236380.63,4,70.59,94,16597.68,660.23,6,2097,1803,POS,Work,Credit Card,Food,No,Yes,4,38,1
4072,628,70,76239.81,16,92.92,94,11316.82,304.86,8,3919,1950,Mobile,Work,Contactless,Food,No,Yes,36,73,1
4073,439,32,229113.21,0,501.4,41,29318.93,615.45,9,2854,717,Mobile,Home,Credit Card,Online Services,No,Yes,63,15,1
4074,1168,25,206426.41,18,410.15,87,71095.73,375.71,1,1257,2118,Laptop,Online,Contactless,Food,No,Yes,84,62,1
4075,942,43,96912.07,18,290.73,81,59034.64,224.24,8,171,182,Laptop,Home,Credit Card,Grocery,No,Yes,93,61,1
4076,830,53,163691.9,3,545.37,124,48272.24,323.59,5,2453,587,Mobile,Public,Credit Card,Online Services,No,No,79,46,1
4077,519,65,44267.42,18,18.22,77,57366.34,305.61,1,2484,1666,Mobile,Work,Online Banking,Food,No,Yes,54,34,0
4078,976,38,135824.09,5,207.29,38,56146.17,187.21,7,845,1100,POS,Public,Credit Card,Grocery,No,No,79,25,1
4079,1069,45,264371.08,14,494.12,42,31050.67,208.61,3,2047,2407,Laptop,Home,Contactless,Online Services,No,Yes,77,1,1
4080,955,21,126415.29,3,377.16,78,10196.87,134.33,7,2157,32,Mobile,Online,Credit Card,Travel,No,No,60,75,1
4081,952,33,251886.06,23,589.02,64,89729.85,241.99,6,239,805,POS,Online,Contactless,Entertainment,No,Yes,14,15,1
4082,944,39,177116.98,0,566.74,132,60191.17,449.61,6,797,1089,Mobile,Work,Contactless,Travel,No,No,60,90,1
4083,155,29,57643.83,23,102.38,125,69925.93,278.38,6,3413,272,Mobile,Public,Online Banking,Entertainment,No,Yes,60,47,1
4084,88,33,174373.76,16,583.21,141,46667.72,512.9,1,2454,1884,POS,Work,Digital Wallet,Shopping,No,No,22,38,1
4085,1097,68,151844.4,10,567.35,27,75769.82,710.63,7,2117,1471,POS,Home,Digital Wallet,Online Services,No,No,65,33,1
4086,931,57,119652.54,16,224.48,59,58657.48,271.58,1,3454,2296,Mobile,Public,Digital Wallet,Shopping,No,No,65,49,1
4087,179,55,35977.17,22,589.74,65,5853.21,333.15,2,482,2278,POS,Work,Contactless,Online Services,No,No,31,99,1
4088,212,59,125070.93,0,21.99,25,89064.66,118.24,9,3524,423,POS,Home,Credit Card,Shopping,No,No,97,27,1
4089,465,54,21921.44,8,396.62,37,30900.85,282.46,6,743,630,Tablet,Work,Credit Card,Entertainment,No,No,65,52,1
4090,631,46,29720.84,13,160.06,124,14220.13,523.35,6,115,2346,Laptop,Online,Contactless,Electronics,No,No,88,76,1
4091,825,35,124833.37,14,78.11,71,9260.08,156.61,6,1608,865,Mobile,Online,Credit Card,Travel,No,Yes,22,84,1
4092,607,27,91683.91,23,346.73,142,72183.81,131.16,3,2313,2201,Mobile,Online,Credit Card,Electronics,Yes,No,87,12,1
4093,885,59,277670.74,0,184.16,94,70544.85,271.05,4,2046,429,Tablet,Online,Digital Wallet,Entertainment,No,Yes,66,61,1
4094,366,56,112774.17,1,400.26,67,70166.13,589.45,6,1943,2358,POS,Home,Contactless,Food,No,No,86,37,1
4095,276,35,227381.65,17,324.22,103,91617.4,449.07,7,3516,1037,POS,Work,Credit Card,Electronics,No,No,73,6,1
4096,380,18,159121.23,17,235.86,91,35219.83,689.46,2,1635,796,Mobile,Online,Contactless,Online Services,No,No,4,84,1
4097,945,56,211255.29,5,109.5,90,56332.74,651.28,5,3457,462,Mobile,Online,Credit Card,Entertainment,Yes,No,89,87,1
4098,1088,38,78108.78,19,360.95,70,62139.81,108.9,8,3744,429,Laptop,Home,Online Banking,Shopping,No,Yes,79,79,1
4099,810,18,282577.3,7,497.62,59,97958.44,30.73,9,673,1055,Tablet,Work,Credit Card,Food,No,No,88,92,1
4100,925,32,159073.54,0,360.2,12,31578.44,287.41,4,1301,358,Mobile,Public,Credit Card,Shopping,No,Yes,7,34,1
4101,494,21,249414.09,14,366.51,51,95654.95,375.95,3,2744,664,Tablet,Public,Online Banking,Online Services,No,Yes,72,8,1
4102,1122,37,109577.2,9,307.35,10,15299.07,371.26,8,3843,1801,POS,Online,Digital Wallet,Electronics,No,No,27,84,1
4103,1095,27,30153.38,3,233.25,9,76518.14,96.64,3,1654,2460,Mobile,Home,Credit Card,Electronics,No,No,91,6,1
4104,364,40,202146.12,9,274.75,87,63472.15,89.96,2,3330,1642,Mobile,Online,Digital Wallet,Travel,No,No,45,60,1
4105,570,58,2427.12,10,593.73,94,81781.16,33.84,6,1592,107,Mobile,Home,Digital Wallet,Online Services,No,Yes,99,26,1
4106,763,51,142640.36,4,449.93,52,3354.21,612.63,4,2438,361,POS,Online,Credit Card,Travel,No,Yes,61,49,1
4107,276,63,57921.29,8,258.62,22,8274.04,682.38,0,2945,2240,Laptop,Online,Credit Card,Entertainment,No,Yes,94,18,1
4108,50,65,188249.91,4,274.65,73,7434.73,83.38,7,779,179,Laptop,Online,Digital Wallet,Grocery,No,Yes,39,14,1
4109,728,50,293828.02,10,300.03,83,59499.47,153.53,0,2252,2034,POS,Home,Credit Card,Electronics,No,Yes,93,20,1
4110,906,51,139374.43,2,395.76,72,60492.14,64.79,8,2905,1558,Laptop,Online,Digital Wallet,Shopping,No,Yes,5,42,1
4111,928,56,245267.73,3,279.84,118,90657.44,631.81,0,2881,179,Mobile,Unknown,Online Banking,Travel,No,No,82,65,1
4112,564,27,152384.48,9,411.86,68,47026.55,690.27,3,1427,1638,POS,Online,Online Banking,Shopping,No,Yes,79,87,1
4113,783,37,148802.43,6,197.85,5,7270.88,188.57,9,1995,391,POS,Online,Digital Wallet,Entertainment,No,No,90,62,1
4114,485,18,279134.01,0,246.68,83,21348.18,218.65,3,90,1746,Mobile,Home,Digital Wallet,Grocery,No,Yes,55,58,1
4115,1108,30,267000.76,5,518.5,121,1303.27,261.19,8,3271,2451,Mobile,Online,Credit Card,Shopping,No,Yes,2,16,1
4116,584,18,235761.56,7,197.68,6,77783.1,361.82,0,1560,124,POS,Online,Contactless,Shopping,No,Yes,95,45,1
4117,236,22,88947.1,16,578.68,69,81652.14,491.4,9,804,1648,POS,Work,Digital Wallet,Online Services,No,No,25,39,1
4118,56,33,163548.02,23,103.92,58,99795.07,363.21,8,2491,2159,Mobile,Online,Credit Card,Food,No,Yes,89,19,1
4119,360,32,67246.78,6,145.39,43,41513.35,684.73,3,3919,662,POS,Online,Credit Card,Entertainment,No,No,32,8,1
4120,110,66,133230.62,0,278.48,72,2420.19,72.01,6,145,2490,POS,Online,Online Banking,Grocery,No,Yes,58,24,1
4121,192,45,145315.5,8,478.55,91,23855.62,575.02,8,3276,2080,Mobile,Home,Digital Wallet,Travel,Yes,No,22,16,1
4122,904,48,249508.85,10,439.08,37,58983.0,240.89,6,1786,42,Laptop,Work,Credit Card,Food,Yes,Yes,52,13,1
4123,1117,40,268818.91,18,105.09,58,96213.33,271.9,1,1477,193,POS,Public,Digital Wallet,Electronics,Yes,No,74,30,1
4124,862,65,124444.56,1,142.39,127,10806.07,510.39,5,1181,646,Mobile,Work,Online Banking,Electronics,No,No,61,13,1
4125,568,62,5409.56,22,345.37,37,12596.52,669.16,5,3590,1398,POS,Home,Credit Card,Travel,No,No,100,85,1
4126,1084,60,258545.97,10,177.45,16,70325.02,515.69,2,3106,195,POS,Public,Digital Wallet,Grocery,Yes,Yes,76,83,1
4127,650,34,52366.18,2,253.68,150,66887.1,558.64,3,1379,2137,POS,Home,Credit Card,Online Services,No,No,21,27,1
4128,39,66,186602.4,16,292.21,110,25425.38,540.59,5,2775,1798,Mobile,Work,Credit Card,Grocery,No,Yes,62,38,1
4129,1073,51,7588.77,9,356.75,131,81407.91,231.17,5,3273,2459,POS,Work,Credit Card,Entertainment,No,Yes,15,38,1
4130,637,30,119911.99,2,151.01,12,13313.49,545.01,0,1252,690,Laptop,Public,Online Banking,Electronics,No,No,11,51,1
4131,1037,31,295789.49,21,98.3,23,92611.31,564.88,9,3332,1176,Mobile,Work,Credit Card,Electronics,No,Yes,46,23,1
4132,36,28,30298.01,2,239.44,111,20502.68,384.09,7,2877,496,Mobile,Online,Online Banking,Online Services,No,Yes,71,16,1
4133,101,45,127165.58,20,49.67,139,8594.56,386.51,8,3948,545,POS,Online,Online Banking,Electronics,No,Yes,88,46,1
4134,1110,59,92214.27,6,316.3,52,34282.45,547.02,1,656,2314,Laptop,Home,Digital Wallet,Entertainment,Yes,Yes,30,88,1
4135,166,49,271535.93,1,503.84,127,19190.21,588.28,3,1386,749,POS,Work,Contactless,Electronics,No,No,14,44,1
4136,383,52,260815.1,0,71.83,29,52930.65,242.85,5,1519,201,Mobile,Work,Contactless,Online Services,No,No,40,80,1
4137,790,48,71385.86,6,68.08,121,68841.23,577.14,1,1895,1438,POS,Public,Digital Wallet,Travel,No,No,70,49,1
4138,31,34,24448.22,19,48.59,144,49346.7,586.25,6,2501,1499,Mobile,Unknown,Digital Wallet,Online Services,No,Yes,50,16,1
4139,11,64,188178.8,10,508.79,101,66230.43,168.65,5,1366,2284,Mobile,Public,Credit Card,Travel,No,Yes,46,11,1
4140,96,26,100976.98,22,48.88,11,36809.59,516.23,7,552,1203,POS,Work,Contactless,Travel,No,Yes,72,26,1
4141,453,27,201658.11,5,590.09,139,3278.3,134.39,6,3525,1789,Mobile,Work,Contactless,Food,No,Yes,36,80,1
4142,192,25,9732.71,22,215.32,89,97419.38,67.09,9,1669,600,Laptop,Online,Online Banking,Travel,No,Yes,56,15,1
4143,486,38,40106.43,3,197.59,58,82031.64,413.71,0,2252,834,POS,Online,Credit Card,Shopping,No,Yes,12,58,1
4144,1152,30,205943.03,18,55.43,19,7805.17,654.24,9,2975,1204,POS,Online,Online Banking,Electronics,No,Yes,69,82,1
4145,238,67,63789.96,20,351.59,50,45193.05,25.63,9,3064,142,Laptop,Unknown,Credit Card,Online Services,No,Yes,77,18,1
4146,1136,22,257290.54,18,351.74,122,63684.4,595.1,4,2001,1285,Tablet,Public,Credit Card,Travel,No,Yes,19,99,1
4147,1169,23,17671.41,13,296.54,72,19464.13,364.71,5,2451,1971,Tablet,Home,Online Banking,Online Services,No,Yes,22,69,1
4148,1089,47,64723.05,2,186.96,55,58009.87,619.86,6,661,2460,Mobile,Unknown,Contactless,Grocery,No,Yes,12,66,1
4149,735,48,299568.22,3,221.46,99,53598.04,607.32,3,266,1427,Mobile,Online,Credit Card,Online Services,No,Yes,32,30,1
4150,991,34,129979.52,7,192.64,70,21222.39,630.22,8,3087,727,Mobile,Online,Credit Card,Grocery,No,No,38,31,1
4151,825,28,210919.4,17,255.97,149,14550.43,553.61,0,1801,1804,Laptop,Online,Credit Card,Grocery,No,Yes,61,25,1
4152,106,37,54880.65,3,205.4,117,76016.75,606.97,2,997,1300,Mobile,Public,Contactless,Grocery,No,Yes,38,95,1
4153,181,65,182999.63,10,405.47,26,32597.35,126.82,9,1870,2202,Mobile,Online,Online Banking,Entertainment,Yes,Yes,81,83,1
4154,184,26,217859.21,15,177.82,129,24782.03,218.84,1,472,385,Laptop,Home,Online Banking,Grocery,No,Yes,90,98,1
4155,226,19,94411.54,2,210.83,114,73918.9,174.67,1,3139,268,Laptop,Work,Digital Wallet,Entertainment,No,Yes,80,82,1
4156,777,54,248686.24,6,261.56,65,73738.83,534.57,0,2861,542,Laptop,Public,Digital Wallet,Entertainment,No,Yes,12,64,1
4157,790,18,181064.93,1,2.88,10,28001.96,110.71,2,1941,1053,Mobile,Unknown,Credit Card,Food,No,Yes,46,33,1
4158,1113,21,116797.99,0,295.5,95,87320.56,131.29,9,3957,1230,POS,Home,Credit Card,Grocery,No,Yes,80,3,1
4159,688,53,167336.95,0,153.86,121,68980.89,632.87,4,1049,1459,POS,Online,Online Banking,Entertainment,No,Yes,69,18,1
4160,530,42,173070.58,5,34.16,126,34903.54,508.26,5,3864,2191,Mobile,Work,Digital Wallet,Food,No,Yes,72,100,1
4161,972,20,49744.03,18,546.66,37,43035.22,630.29,7,2036,958,Mobile,Work,Credit Card,Electronics,No,Yes,71,52,1
4162,936,26,120879.44,6,193.79,69,72807.61,100.42,3,2964,1847,POS,Online,Digital Wallet,Shopping,No,Yes,91,90,0
4163,106,39,103094.83,23,255.94,41,21552.59,287.33,0,2923,56,POS,Work,Credit Card,Entertainment,Yes,Yes,26,92,1
4164,831,40,120330.73,4,496.49,45,47141.7,203.94,8,1592,1471,Mobile,Home,Digital Wallet,Entertainment,No,Yes,77,32,1
4165,679,29,228357.07,20,100.49,123,65529.06,7.07,2,871,621,Mobile,Unknown,Credit Card,Food,No,Yes,99,49,1
4166,849,27,144813.27,17,510.26,126,54180.11,204.93,7,664,1515,Mobile,Unknown,Online Banking,Food,No,No,46,37,1
4167,1056,51,282100.81,23,145.36,27,61028.67,273.36,3,2233,2257,POS,Online,Credit Card,Shopping,Yes,Yes,17,71,1
4168,393,60,88173.56,12,353.63,84,54848.14,66.49,2,2806,596,POS,Home,Digital Wallet,Travel,No,Yes,7,28,1
4169,40,27,124769.5,0,411.56,136,20323.13,407.91,2,3295,276,POS,Home,Online Banking,Food,No,No,73,32,1
4170,660,47,236108.35,9,543.06,49,41315.43,275.95,3,842,1553,Tablet,Home,Online Banking,Online Services,No,Yes,74,41,1
4171,981,39,163852.78,8,364.78,96,53432.56,33.55,3,3262,2394,POS,Home,Credit Card,Online Services,No,No,64,36,1
4172,1106,23,164153.74,16,272.21,121,78116.24,506.89,6,2717,1286,Mobile,Public,Credit Card,Shopping,No,Yes,42,86,1
4173,845,67,16096.71,0,343.58,114,65563.47,525.11,1,3929,988,POS,Online,Contactless,Electronics,No,Yes,53,9,1
4174,201,19,119640.04,0,121.65,14,42945.8,600.84,7,3791,1015,Mobile,Home,Credit Card,Grocery,Yes,Yes,14,17,1
4175,447,47,81293.05,6,413.6,62,97452.78,349.64,1,3227,1803,Mobile,Work,Online Banking,Entertainment,No,Yes,37,10,1
4176,1062,19,299800.6,3,112.53,43,11225.65,697.44,0,1739,1121,Mobile,Public,Contactless,Entertainment,No,Yes,13,91,1
4177,444,49,92575.69,22,334.57,96,21077.08,658.13,7,1600,2040,POS,Online,Credit Card,Shopping,Yes,Yes,72,17,1
4178,761,59,265360.51,20,388.74,27,34460.6,397.02,3,3340,776,POS,Online,Credit Card,Online Services,No,No,52,96,1
4179,227,33,202902.5,11,539.2,68,23242.92,320.42,5,1094,1604,Tablet,Online,Credit Card,Shopping,Yes,Yes,74,56,1
4180,48,29,102340.83,15,270.39,127,62731.48,2.28,0,215,1708,Mobile,Home,Credit Card,Entertainment,No,Yes,33,11,1
4181,1042,18,163105.96,13,465.31,48,4435.3,511.94,2,2538,374,Mobile,Public,Digital Wallet,Online Services,No,No,20,45,1
4182,912,70,252176.71,22,100.93,67,18154.96,406.81,6,1748,2129,Mobile,Home,Digital Wallet,Food,No,Yes,68,89,1
4183,187,25,265022.15,9,94.14,25,29688.05,675.04,6,1442,621,Mobile,Online,Online Banking,Travel,No,Yes,1,17,1
4184,345,65,48202.12,13,315.12,119,68492.9,427.89,7,3362,722,Laptop,Home,Contactless,Electronics,No,No,83,64,1
4185,224,67,101937.99,6,358.01,9,87648.56,714.86,1,3507,1193,Mobile,Work,Digital Wallet,Travel,No,No,88,91,1
4186,830,30,100633.43,3,379.59,136,79949.93,614.76,6,2623,438,POS,Public,Online Banking,Travel,No,Yes,61,55,1
4187,488,32,12709.23,1,447.53,95,18617.05,686.6,3,1502,2412,POS,Unknown,Credit Card,Travel,No,Yes,54,79,1
4188,877,70,179511.5,23,177.31,59,56757.87,235.98,5,728,1334,Mobile,Work,Credit Card,Entertainment,Yes,Yes,75,5,1
4189,849,61,256460.53,17,373.75,17,3487.25,107.61,3,3502,434,Tablet,Online,Credit Card,Travel,No,Yes,86,77,1
4190,979,25,114534.16,15,113.29,95,31398.41,573.77,8,2384,2199,Mobile,Home,Online Banking,Food,No,Yes,37,70,1
4191,1017,27,222036.78,8,131.79,132,80695.39,566.08,0,974,1776,Laptop,Public,Contactless,Food,No,Yes,67,42,1
4192,188,63,188347.35,4,40.85,101,45938.24,152.32,0,166,1909,POS,Online,Contactless,Food,No,Yes,81,84,0
4193,270,22,112757.06,8,448.33,136,15419.16,550.64,4,1255,676,POS,Work,Credit Card,Shopping,Yes,Yes,40,67,1
4194,310,67,42403.83,7,304.44,42,44136.06,419.06,4,922,1513,Mobile,Work,Credit Card,Electronics,Yes,Yes,20,92,1
4195,1156,36,212826.22,23,143.29,49,20204.28,78.95,7,2732,1092,POS,Home,Credit Card,Food,No,No,35,3,1
4196,1096,64,256384.09,19,333.96,6,39622.55,361.33,6,650,2152,POS,Unknown,Credit Card,Travel,No,Yes,40,97,1
4197,845,55,205787.76,15,212.87,73,49039.43,670.43,2,2234,894,Laptop,Work,Credit Card,Shopping,No,Yes,79,66,1
4198,486,28,5461.76,19,502.41,32,35281.03,364.7,7,3356,1614,POS,Work,Credit Card,Entertainment,No,No,75,60,1
4199,120,70,64948.25,17,317.12,143,93728.41,567.88,3,2258,246,Mobile,Public,Credit Card,Food,No,No,13,29,1
4200,220,60,20937.05,3,18.37,82,56471.76,20.91,2,2486,772,Tablet,Home,Credit Card,Travel,No,No,90,78,1
4201,53,37,171158.79,15,591.06,69,84367.82,524.25,1,882,447,Tablet,Work,Credit Card,Travel,No,Yes,23,7,1
4202,758,37,226967.66,3,45.04,114,76192.49,681.73,8,3054,685,POS,Work,Online Banking,Grocery,No,Yes,13,4,1
4203,738,38,33262.7,5,417.73,27,66286.05,359.71,6,3832,893,Mobile,Work,Digital Wallet,Entertainment,No,Yes,48,50,1
4204,720,35,251517.51,2,262.63,66,49940.43,243.22,4,3129,1572,Laptop,Online,Contactless,Shopping,No,No,50,21,1
4205,406,67,166697.14,17,149.97,51,716.29,465.62,8,3764,325,POS,Online,Digital Wallet,Travel,No,Yes,80,89,1
4206,608,27,207021.71,14,406.04,149,61540.03,659.72,2,900,479,Mobile,Home,Digital Wallet,Electronics,No,No,78,9,1
4207,1021,51,291423.41,7,75.98,75,35917.77,127.36,5,641,1281,POS,Home,Credit Card,Food,Yes,Yes,52,60,1
4208,422,43,25195.93,17,515.02,50,12217.34,290.72,7,1568,2180,Mobile,Home,Credit Card,Shopping,Yes,Yes,98,76,1
4209,712,47,270377.08,23,150.74,92,44740.31,112.61,8,1598,1145,Mobile,Home,Online Banking,Food,Yes,Yes,93,12,1
4210,247,26,37918.2,22,217.19,112,73687.56,357.64,3,3300,1752,Mobile,Home,Credit Card,Food,No,Yes,92,56,1
4211,72,63,117948.35,2,379.77,68,96186.94,389.15,0,98,2223,POS,Home,Online Banking,Entertainment,No,No,27,5,1
4212,185,68,255446.47,5,1.12,106,37723.44,679.83,7,631,2196,Mobile,Work,Online Banking,Electronics,No,Yes,38,63,1
4213,6,48,271885.65,21,283.91,144,54500.97,297.07,9,2094,1556,Laptop,Unknown,Online Banking,Electronics,Yes,Yes,77,93,1
4214,906,59,151960.86,20,536.6,76,85198.82,408.25,2,2926,293,Mobile,Home,Online Banking,Online Services,No,Yes,67,27,1
4215,387,21,178271.98,23,408.41,86,33732.94,637.4,5,908,1329,Mobile,Online,Online Banking,Entertainment,No,Yes,69,49,1
4216,699,23,212473.39,14,233.05,107,14654.6,231.48,3,2912,2263,Laptop,Home,Digital Wallet,Food,No,Yes,59,20,1
4217,1100,31,249844.32,11,396.42,56,28547.24,485.43,5,3936,816,Mobile,Online,Online Banking,Electronics,Yes,Yes,80,29,1
4218,827,21,36541.2,4,561.97,80,89962.72,545.18,2,575,922,Mobile,Unknown,Digital Wallet,Food,No,Yes,31,83,1
4219,349,43,243039.79,6,113.09,24,16359.61,238.05,6,1829,2439,Laptop,Online,Credit Card,Online Services,No,Yes,86,36,1
4220,308,64,144434.72,21,319.32,28,33257.5,118.41,1,1866,265,POS,Home,Credit Card,Shopping,No,No,3,97,1
4221,1151,65,135241.97,14,141.23,121,46731.71,362.14,4,2137,1495,Mobile,Work,Digital Wallet,Entertainment,No,Yes,69,8,1
4222,287,56,127227.54,6,512.61,93,84787.77,256.96,2,213,1631,Laptop,Unknown,Credit Card,Entertainment,No,No,67,30,1
4223,766,34,152812.55,12,432.77,85,93802.47,191.93,4,867,1104,Mobile,Work,Contactless,Electronics,No,No,79,61,1
4224,725,36,283520.66,2,480.75,112,42868.13,700.87,2,1922,380,Laptop,Work,Credit Card,Grocery,No,No,98,98,1
4225,762,68,164506.31,22,565.84,122,93229.43,361.6,8,1418,446,POS,Public,Credit Card,Grocery,No,Yes,15,95,1
4226,383,66,285957.94,12,139.77,89,16565.18,616.68,7,3099,773,POS,Online,Digital Wallet,Shopping,No,Yes,27,1,1
4227,388,23,54169.01,2,29.71,31,16106.8,140.71,1,1971,1035,Mobile,Unknown,Online Banking,Food,No,Yes,77,35,1
4228,525,46,217268.38,1,174.9,143,94950.46,676.4,7,1982,42,Tablet,Home,Credit Card,Electronics,Yes,Yes,98,83,1
4229,639,28,243690.64,22,239.78,111,51213.17,572.01,7,1487,1880,POS,Work,Credit Card,Online Services,No,Yes,18,46,1
4230,938,33,203770.74,3,375.28,42,18997.83,582.28,9,3300,835,POS,Online,Digital Wallet,Online Services,No,Yes,10,18,1
4231,276,47,182115.99,16,478.72,102,49055.04,280.69,2,2830,2290,POS,Online,Digital Wallet,Food,No,Yes,32,55,1
4232,500,42,169487.35,5,210.21,50,78429.51,349.71,9,3333,299,Laptop,Home,Online Banking,Shopping,No,Yes,68,81,1
4233,717,57,258293.05,10,284.36,124,82778.58,427.26,4,2800,1013,POS,Online,Online Banking,Travel,No,No,66,31,1
4234,337,28,246511.81,5,471.39,133,86464.94,568.65,1,1421,2018,POS,Online,Online Banking,Electronics,No,Yes,30,64,1
4235,932,24,36774.39,21,135.58,13,57172.3,611.34,9,1483,803,Laptop,Work,Credit Card,Grocery,No,Yes,52,20,1
4236,481,43,254591.44,1,130.67,32,86761.13,56.28,5,3665,1989,Laptop,Online,Credit Card,Grocery,No,No,95,29,1
4237,911,39,124279.18,16,353.75,79,51248.01,650.93,1,3220,2258,POS,Work,Contactless,Electronics,Yes,Yes,57,43,1
4238,1082,42,76183.68,2,261.92,91,60902.46,675.0,3,2407,1792,Laptop,Online,Credit Card,Entertainment,No,No,46,85,1
4239,109,36,260943.59,11,569.36,6,75992.62,426.92,2,3316,1318,POS,Home,Credit Card,Travel,Yes,Yes,3,55,1
4240,328,48,129664.24,13,214.54,25,42830.81,134.54,0,3423,1046,Laptop,Online,Online Banking,Grocery,No,No,63,73,1
4241,315,43,242528.57,1,455.85,150,7821.36,589.28,7,1202,2183,Mobile,Home,Digital Wallet,Grocery,No,Yes,44,30,1
4242,1135,59,79094.74,21,350.06,68,35341.55,395.03,7,3509,516,POS,Unknown,Digital Wallet,Grocery,No,No,69,33,1
4243,699,58,1278.4,21,33.22,143,62582.45,588.4,0,1741,433,POS,Online,Credit Card,Grocery,No,Yes,98,18,1
4244,781,53,148688.21,4,51.09,26,19637.07,586.68,5,1430,419,Mobile,Online,Credit Card,Electronics,No,Yes,78,49,1
4245,156,40,30158.45,9,122.29,18,15264.34,62.54,0,810,637,POS,Public,Online Banking,Food,No,Yes,55,53,0
4246,887,64,226337.35,9,86.32,73,29661.51,437.09,8,3421,152,Laptop,Home,Credit Card,Shopping,No,Yes,58,51,1
4247,1026,30,82894.93,20,197.96,62,3695.09,347.92,0,1058,66,Tablet,Online,Digital Wallet,Travel,No,Yes,62,10,1
4248,758,42,133149.33,8,347.6,68,74470.58,681.21,2,2479,1833,Laptop,Work,Online Banking,Entertainment,No,No,7,65,1
4249,722,19,26201.37,20,361.62,48,26242.2,213.65,8,657,739,Tablet,Public,Contactless,Entertainment,No,No,79,28,1
4250,913,19,86069.11,12,352.87,63,12861.72,148.4,0,2280,796,Laptop,Unknown,Contactless,Online Services,No,Yes,19,97,1
4251,871,33,234468.92,9,71.01,134,70063.38,645.91,1,3138,532,POS,Unknown,Contactless,Food,No,Yes,19,18,1
4252,13,26,45561.21,5,360.34,51,84371.34,107.16,3,83,121,POS,Home,Credit Card,Shopping,No,Yes,81,61,1
4253,608,45,194183.15,10,246.14,12,2477.62,494.33,6,317,129,Laptop,Home,Contactless,Entertainment,No,Yes,48,9,1
4254,498,30,275236.01,3,541.88,126,23743.18,216.08,7,3385,715,POS,Home,Online Banking,Entertainment,No,Yes,77,92,1
4255,238,52,203983.04,13,547.23,9,94550.62,408.89,0,3699,1780,POS,Online,Contactless,Shopping,No,No,57,60,1
4256,1118,58,243325.4,16,461.02,7,38832.79,443.72,0,1098,423,Mobile,Work,Credit Card,Travel,No,No,21,87,1
4257,781,30,32780.59,19,422.01,150,93889.91,300.56,4,313,623,Laptop,Work,Credit Card,Electronics,No,Yes,1,26,1
4258,1195,48,75294.47,1,69.41,146,27784.15,701.98,7,862,915,POS,Online,Digital Wallet,Electronics,No,No,82,43,1
4259,606,38,268372.2,9,51.27,58,22197.73,95.01,0,611,534,POS,Unknown,Online Banking,Online Services,No,No,24,33,1
4260,661,49,214560.17,2,504.58,40,21803.79,281.87,2,2024,1170,POS,Home,Digital Wallet,Shopping,No,No,30,20,1
4261,849,51,191902.19,6,256.5,89,8980.25,309.94,5,2119,1807,Mobile,Public,Contactless,Shopping,No,Yes,62,16,1
4262,936,25,199163.64,6,271.09,31,89695.01,454.39,0,3518,371,POS,Home,Credit Card,Grocery,No,Yes,71,83,1
4263,628,58,124318.75,0,508.75,26,97993.58,293.29,2,301,163,POS,Home,Credit Card,Shopping,No,Yes,27,32,1
4264,143,65,13462.53,7,373.05,106,95473.63,69.96,0,3242,241,POS,Unknown,Online Banking,Food,No,Yes,52,11,1
4265,714,19,235354.02,22,108.05,84,85276.8,682.15,3,946,614,Tablet,Online,Digital Wallet,Food,No,Yes,27,62,1
4266,479,55,203646.1,0,127.0,76,84765.35,299.64,8,600,1466,Mobile,Public,Digital Wallet,Shopping,No,No,67,26,1
4267,565,49,141894.06,7,4.32,144,66278.0,246.79,4,2829,386,Laptop,Online,Online Banking,Food,No,No,80,1,1
4268,471,57,269937.91,13,426.55,123,82708.26,321.7,2,2124,1130,Laptop,Public,Online Banking,Electronics,No,Yes,4,12,1
4269,384,45,100914.28,13,291.62,42,21230.07,156.03,9,3268,1780,Laptop,Home,Credit Card,Shopping,No,Yes,45,57,1
4270,926,54,88367.09,1,570.0,133,39097.31,72.25,6,1675,1730,POS,Online,Online Banking,Electronics,Yes,Yes,57,73,1
4271,417,58,261851.62,7,428.55,61,64263.21,107.06,5,2203,1739,Tablet,Public,Credit Card,Electronics,No,No,1,50,1
4272,308,18,239116.6,18,62.34,44,87539.75,120.07,8,501,566,Mobile,Work,Digital Wallet,Food,No,Yes,97,72,1
4273,649,58,154542.45,9,97.34,35,66216.71,142.41,3,840,2498,Tablet,Home,Credit Card,Online Services,No,Yes,44,95,1
4274,1025,27,39307.35,6,301.28,108,83982.68,302.43,3,1976,180,Mobile,Home,Credit Card,Entertainment,Yes,Yes,90,84,0
4275,1068,21,64599.93,12,554.96,91,47657.98,449.25,8,650,1785,Mobile,Public,Digital Wallet,Entertainment,No,No,67,19,1
4276,739,52,196902.77,21,148.73,128,71871.72,452.84,1,706,917,Laptop,Online,Credit Card,Travel,Yes,Yes,4,96,1
4277,1122,27,115573.87,20,495.44,1,98008.09,0.17,9,2447,772,POS,Online,Credit Card,Online Services,No,Yes,33,5,1
4278,140,64,250958.31,14,187.71,43,15772.11,663.1,1,800,1638,POS,Unknown,Digital Wallet,Travel,No,Yes,50,31,1
4279,974,28,284991.51,10,162.3,32,92728.61,592.47,8,2665,2412,Laptop,Unknown,Digital Wallet,Entertainment,No,Yes,5,22,1
4280,1017,31,241710.51,13,540.88,103,52475.21,694.04,6,2084,1465,POS,Online,Credit Card,Shopping,Yes,Yes,93,84,1
4281,953,55,113325.87,10,28.82,33,64500.19,259.25,4,727,1271,Mobile,Public,Credit Card,Entertainment,No,No,52,76,1
4282,904,29,236627.06,1,396.61,95,87847.97,478.69,4,3377,237,POS,Online,Credit Card,Grocery,No,No,11,83,1
4283,72,62,105497.36,1,26.38,109,41260.59,121.06,8,1644,1338,POS,Online,Credit Card,Food,No,Yes,3,66,1
4284,107,34,50213.32,11,480.56,66,42159.91,588.28,9,94,1684,Tablet,Home,Credit Card,Entertainment,No,Yes,18,4,1
4285,1066,33,10114.62,14,497.73,30,52954.59,116.27,4,3728,2309,Mobile,Home,Credit Card,Shopping,No,Yes,30,30,1
4286,883,52,115776.44,16,536.07,10,2400.66,234.78,8,231,1695,Laptop,Public,Contactless,Shopping,No,Yes,81,23,1
4287,139,19,271077.44,13,112.06,23,49918.29,353.45,7,171,1018,Mobile,Work,Credit Card,Travel,No,No,46,58,1
4288,615,28,71772.08,15,75.14,97,29463.18,428.1,5,3199,910,Tablet,Work,Credit Card,Travel,No,No,94,21,1
4289,863,58,62033.3,7,302.37,39,92831.44,402.98,4,2894,2409,Mobile,Online,Digital Wallet,Shopping,No,Yes,94,54,1
4290,273,20,290949.25,23,163.34,123,9229.66,73.6,4,2294,236,Laptop,Online,Credit Card,Electronics,No,Yes,97,59,1
4291,416,46,7598.73,16,363.98,103,46202.39,303.66,4,3068,1679,Mobile,Home,Credit Card,Grocery,No,Yes,17,69,1
4292,506,35,235756.07,4,308.49,22,94773.08,664.5,0,3687,2438,Mobile,Unknown,Online Banking,Travel,No,No,39,7,1
4293,733,37,96478.85,11,87.34,5,90153.01,628.12,4,1346,1404,Mobile,Online,Digital Wallet,Online Services,No,No,80,76,1
4294,424,64,11342.64,5,443.69,139,70284.17,425.41,2,3609,2450,Mobile,Public,Credit Card,Grocery,No,Yes,33,75,1
4295,390,31,275348.98,17,482.37,139,59141.42,412.12,5,1187,1154,POS,Online,Digital Wallet,Food,No,Yes,66,46,1
4296,342,51,41978.73,4,577.84,139,28432.73,80.49,8,2339,1523,Mobile,Work,Credit Card,Electronics,No,Yes,66,78,1
4297,946,66,165578.61,5,237.63,145,37012.23,144.27,2,2361,2208,POS,Work,Credit Card,Online Services,No,Yes,88,63,1
4298,614,48,82288.86,8,202.97,83,9468.42,181.98,0,131,558,POS,Home,Credit Card,Online Services,No,Yes,5,39,1
4299,493,57,19651.32,14,115.76,32,78717.78,351.55,7,406,1530,Mobile,Home,Online Banking,Online Services,No,Yes,36,67,1
4300,192,59,15071.75,9,108.93,61,32725.04,526.6,8,235,1301,Mobile,Home,Online Banking,Food,No,Yes,3,87,1
4301,499,35,34755.45,16,192.97,25,66944.3,331.78,9,3754,1449,Tablet,Public,Contactless,Online Services,No,Yes,32,67,1
4302,822,47,21502.97,18,589.1,64,36080.68,90.85,3,3114,1629,POS,Public,Credit Card,Food,No,Yes,14,100,1
4303,227,42,228191.38,11,55.81,91,46700.88,316.39,9,790,107,Laptop,Online,Digital Wallet,Grocery,Yes,No,38,88,1
4304,139,36,145721.3,8,155.99,142,55722.75,117.18,4,1176,1765,Laptop,Home,Credit Card,Shopping,No,Yes,5,41,1
4305,856,25,102933.34,14,52.04,42,80284.31,540.85,2,2087,70,POS,Home,Online Banking,Electronics,No,No,46,97,1
4306,817,45,125568.84,13,164.54,39,21510.06,119.96,7,3693,2335,POS,Work,Credit Card,Travel,No,Yes,90,32,1
4307,1173,25,278691.13,0,55.89,2,40177.16,347.48,2,1220,1234,POS,Public,Credit Card,Shopping,No,Yes,56,94,1
4308,1139,48,273234.47,16,305.23,81,13443.12,499.29,3,1664,319,Laptop,Online,Credit Card,Entertainment,No,No,81,36,1
4309,1087,20,214731.38,0,263.29,1,8038.17,164.38,9,1772,1178,Mobile,Unknown,Credit Card,Travel,No,Yes,60,3,1
4310,104,20,265416.24,22,104.84,109,60665.1,54.83,6,2228,1521,POS,Online,Online Banking,Entertainment,No,No,83,70,1
4311,871,61,95962.44,20,105.3,125,19314.56,405.62,1,1090,1288,Mobile,Online,Credit Card,Shopping,No,Yes,75,96,1
4312,668,39,114394.69,21,375.85,64,6450.03,39.12,0,1942,1553,Laptop,Online,Digital Wallet,Food,No,Yes,7,70,1
4313,273,34,184152.28,12,232.58,82,89761.24,423.23,3,2853,740,Tablet,Home,Online Banking,Online Services,No,Yes,13,56,0
4314,1030,53,187125.42,7,34.19,78,53664.28,542.54,7,1527,990,POS,Work,Online Banking,Food,No,Yes,25,68,1
4315,1171,34,144561.78,12,552.16,111,13895.51,237.17,0,1497,852,POS,Public,Contactless,Electronics,No,No,12,68,1
4316,184,31,120257.29,15,243.27,142,5815.9,351.66,9,3443,2151,Mobile,Online,Credit Card,Travel,No,Yes,31,13,1
4317,1052,68,295855.48,1,354.83,16,12426.08,668.72,2,1058,34,POS,Work,Credit Card,Online Services,Yes,No,92,49,1
4318,1143,26,246354.98,12,531.3,54,47398.06,339.25,3,919,853,Mobile,Online,Credit Card,Entertainment,Yes,No,15,67,1
4319,293,47,130550.56,17,241.59,141,67012.29,717.52,3,1279,147,Mobile,Work,Credit Card,Entertainment,No,No,97,99,1
4320,177,38,218215.01,2,492.49,124,64307.37,113.13,2,1592,690,POS,Online,Online Banking,Electronics,No,Yes,11,47,1
4321,58,29,80941.55,12,548.89,80,14870.1,510.46,2,3225,1367,POS,Home,Online Banking,Grocery,No,Yes,32,80,1
4322,308,54,30140.78,18,104.85,79,63532.15,469.92,6,432,1254,Tablet,Public,Digital Wallet,Grocery,No,No,80,24,1
4323,977,49,105794.06,12,535.55,149,40784.13,628.07,7,3016,1596,Tablet,Home,Digital Wallet,Online Services,No,Yes,9,40,1
4324,1129,28,120951.54,18,72.34,127,46742.01,66.65,9,840,696,Laptop,Online,Contactless,Travel,No,Yes,52,24,1
4325,700,37,5059.48,3,165.44,23,80242.33,201.82,3,1088,1763,Mobile,Home,Credit Card,Food,No,Yes,41,57,1
4326,83,52,244456.12,18,485.02,38,33583.69,95.26,7,1290,2236,POS,Home,Credit Card,Grocery,No,Yes,12,24,1
4327,252,70,107822.1,17,540.46,77,15126.41,671.84,7,1521,1473,Laptop,Online,Contactless,Shopping,No,Yes,83,69,1
4328,796,64,174167.41,5,410.64,32,87408.59,307.23,5,2576,1115,POS,Public,Credit Card,Electronics,No,No,78,63,1
4329,897,63,22281.56,18,63.34,112,21606.99,655.26,0,541,1045,Mobile,Online,Online Banking,Online Services,No,Yes,12,19,1
4330,210,28,52581.55,3,314.03,106,29755.97,212.04,6,1876,1215,Mobile,Work,Online Banking,Shopping,No,No,64,62,1
4331,816,69,266919.15,3,343.79,91,70805.71,91.07,6,346,1066,Laptop,Online,Contactless,Shopping,No,Yes,88,71,1
4332,609,25,182645.39,23,169.47,98,68513.26,213.58,4,332,446,Laptop,Home,Credit Card,Online Services,Yes,Yes,73,30,1
4333,447,21,285090.19,6,594.78,45,80139.8,430.01,5,1155,1177,Laptop,Online,Contactless,Electronics,No,No,85,89,1
4334,460,44,299625.14,6,201.71,49,18794.73,608.58,8,3690,899,Mobile,Home,Credit Card,Entertainment,No,No,12,65,1
4335,968,61,111620.85,22,126.55,4,35551.85,277.54,2,1365,645,Mobile,Unknown,Credit Card,Travel,No,Yes,37,2,1
4336,472,57,89711.04,15,66.53,146,13025.38,658.67,3,111,1056,POS,Home,Credit Card,Entertainment,No,Yes,5,72,1
4337,370,55,257520.98,15,227.41,64,54333.4,175.92,8,687,963,Laptop,Home,Credit Card,Food,No,No,9,68,1
4338,900,64,299583.57,4,415.72,108,29610.77,499.38,9,2270,791,Tablet,Public,Contactless,Travel,No,Yes,57,96,1
4339,923,47,188929.41,14,139.23,121,69049.1,529.74,1,2301,1818,Laptop,Public,Online Banking,Online Services,No,Yes,20,6,0
4340,137,61,238562.7,22,461.84,90,534.26,197.33,8,82,1776,Tablet,Home,Digital Wallet,Electronics,No,Yes,70,64,1
4341,367,65,234545.58,3,81.67,56,6438.46,19.52,4,1044,300,POS,Work,Credit Card,Online Services,No,No,13,97,1
4342,912,65,106666.38,23,264.56,20,43539.75,263.03,2,374,1603,Tablet,Online,Digital Wallet,Electronics,No,Yes,80,10,1
4343,184,44,172323.69,12,421.57,77,95839.32,32.64,7,1138,2035,Mobile,Online,Credit Card,Electronics,No,Yes,84,24,1
4344,472,38,249933.78,18,81.62,87,89139.71,648.55,8,1016,756,Tablet,Public,Credit Card,Shopping,No,Yes,5,100,1
4345,654,69,206465.35,6,358.91,138,99403.9,686.54,0,1960,463,Mobile,Work,Digital Wallet,Online Services,No,No,43,3,1
4346,749,37,6447.03,11,479.47,115,41974.61,529.5,4,3981,551,Tablet,Home,Online Banking,Electronics,No,Yes,81,47,1
4347,537,21,101078.03,8,357.53,94,5133.56,523.24,8,670,839,Laptop,Home,Digital Wallet,Food,No,Yes,54,91,1
4348,802,28,43428.26,16,307.12,150,30942.64,173.52,1,240,1252,Mobile,Online,Digital Wallet,Food,No,Yes,62,88,1
4349,920,30,69968.37,1,503.06,133,67739.2,53.32,0,893,465,POS,Unknown,Online Banking,Electronics,No,Yes,10,80,1
4350,510,26,271656.29,15,591.26,114,13948.8,577.54,7,805,2294,Mobile,Unknown,Credit Card,Online Services,No,Yes,30,47,1
4351,630,21,11164.3,6,109.2,9,30347.23,402.64,5,944,1563,POS,Public,Online Banking,Travel,No,No,7,96,1
4352,1002,29,66018.23,17,414.96,43,6088.53,490.8,1,212,2117,Mobile,Home,Online Banking,Online Services,No,No,57,56,1
4353,1097,26,92939.85,6,48.85,4,47759.22,561.36,2,3373,727,POS,Online,Digital Wallet,Food,No,No,11,53,1
4354,916,30,185103.53,0,26.18,65,21287.61,294.85,4,535,1542,Laptop,Unknown,Credit Card,Travel,No,Yes,72,80,1
4355,1034,65,160277.1,2,168.85,98,9579.18,104.16,0,3328,821,Mobile,Unknown,Digital Wallet,Travel,No,Yes,51,73,1
4356,152,43,65559.02,20,582.57,55,41415.97,572.45,1,1887,1302,Mobile,Work,Credit Card,Online Services,No,Yes,64,80,1
4357,1029,55,49355.9,10,331.54,146,35446.93,326.77,0,2089,2481,Mobile,Online,Online Banking,Travel,No,No,31,50,1
4358,464,59,71115.73,21,161.33,144,53983.01,595.4,6,122,1082,Mobile,Online,Credit Card,Electronics,No,No,1,16,1
4359,1137,30,150808.64,14,79.99,87,75029.35,315.2,6,359,2114,Mobile,Online,Credit Card,Grocery,No,No,89,4,1
4360,271,56,81426.22,2,552.15,90,11700.59,156.33,9,2267,1711,Mobile,Work,Contactless,Shopping,No,Yes,58,11,1
4361,1187,45,284285.99,23,217.74,44,79217.0,123.21,4,3699,2337,Mobile,Online,Digital Wallet,Online Services,No,Yes,92,24,1
4362,460,36,139213.18,12,184.37,5,3115.85,535.65,9,2943,2066,Laptop,Online,Online Banking,Electronics,No,No,87,31,1
4363,105,41,17732.93,3,514.85,29,44588.64,413.96,5,3031,1994,Laptop,Home,Digital Wallet,Food,No,Yes,51,50,1
4364,162,36,218807.0,22,362.84,126,58949.31,291.37,2,3099,2489,Tablet,Work,Credit Card,Food,No,Yes,93,88,1
4365,351,66,98720.7,21,101.6,4,95721.37,354.37,1,3890,451,Mobile,Work,Credit Card,Food,No,Yes,22,88,1
4366,434,30,196081.33,7,253.2,99,57605.34,395.78,9,2370,988,POS,Online,Online Banking,Food,Yes,No,74,88,1
4367,852,30,83950.35,21,556.97,49,16295.54,172.46,8,290,1386,Laptop,Online,Online Banking,Grocery,No,Yes,46,100,1
4368,140,45,171266.05,3,540.77,85,51995.41,272.34,1,739,1713,Tablet,Online,Credit Card,Shopping,No,Yes,17,32,1
4369,1156,70,231668.54,17,42.53,136,39880.5,210.61,0,1981,1506,Mobile,Online,Credit Card,Online Services,No,Yes,13,79,1
4370,87,19,278409.82,6,161.53,122,48195.88,279.73,8,2400,2076,Tablet,Work,Online Banking,Grocery,No,Yes,80,86,1
4371,183,27,78412.03,10,93.15,116,20111.15,360.45,7,2087,624,Laptop,Home,Contactless,Travel,No,Yes,76,59,1
4372,368,39,100523.6,3,320.52,149,50332.29,124.9,7,3042,1202,POS,Home,Online Banking,Electronics,No,No,79,98,1
4373,129,30,139333.5,12,450.11,133,15428.96,283.39,6,117,2247,POS,Home,Online Banking,Food,No,Yes,39,12,1
4374,670,26,278159.73,8,177.68,85,74532.29,277.62,8,2417,1378,Tablet,Online,Contactless,Travel,No,No,19,17,1
4375,149,50,270425.92,8,454.92,61,59593.67,205.99,2,3419,257,POS,Public,Credit Card,Electronics,No,Yes,85,2,1
4376,985,31,27054.5,22,401.39,136,8313.51,718.92,7,1602,34,Tablet,Work,Credit Card,Shopping,Yes,Yes,61,39,1
4377,852,65,39665.75,20,437.07,86,89016.64,53.1,0,3324,181,Mobile,Public,Credit Card,Entertainment,No,Yes,96,50,1
4378,628,37,148703.2,18,568.97,18,61829.77,462.96,0,2764,2298,POS,Online,Contactless,Shopping,No,Yes,5,70,1
4379,446,32,32075.12,2,255.05,132,31952.65,125.68,5,2286,186,Mobile,Home,Contactless,Entertainment,Yes,Yes,57,51,1
4380,884,49,103739.7,11,205.87,4,5041.42,604.47,7,1102,2367,POS,Home,Credit Card,Food,No,Yes,47,31,1
4381,294,50,44600.77,10,410.47,127,63406.56,658.23,7,3637,2355,Mobile,Online,Digital Wallet,Travel,No,No,79,25,1
4382,1167,34,190848.5,19,484.63,143,37657.31,289.12,9,3951,1034,Mobile,Online,Credit Card,Grocery,No,Yes,32,57,1
4383,250,41,284853.68,10,115.27,48,90808.0,592.92,0,2999,910,Laptop,Home,Online Banking,Travel,No,Yes,1,28,1
4384,878,47,299020.46,16,508.16,46,3970.34,180.01,0,3719,1012,Mobile,Work,Credit Card,Electronics,No,Yes,79,45,1
4385,948,30,112634.82,20,35.18,46,4390.69,100.94,8,1876,1024,POS,Public,Contactless,Entertainment,No,Yes,35,26,1
4386,975,64,179743.89,13,4.33,48,94955.28,227.5,8,2340,2423,Laptop,Home,Credit Card,Online Services,Yes,Yes,84,68,1
4387,1049,65,256894.67,15,95.48,120,96504.96,246.07,6,3307,1766,POS,Unknown,Online Banking,Entertainment,No,No,31,29,1
4388,789,33,35326.88,23,587.21,132,3260.35,286.16,0,3782,1652,Laptop,Home,Credit Card,Electronics,Yes,Yes,20,79,1
4389,984,19,206900.37,9,314.38,19,71745.31,268.59,9,3598,1983,POS,Online,Credit Card,Travel,No,Yes,47,55,1
4390,889,34,122712.21,3,28.42,19,22538.74,296.08,1,3999,642,POS,Online,Digital Wallet,Grocery,No,Yes,24,98,1
4391,890,49,61923.23,9,598.31,42,70288.58,511.25,7,2747,2021,Mobile,Online,Digital Wallet,Travel,No,Yes,40,97,1
4392,70,60,120885.81,19,447.07,92,86938.91,176.89,7,3854,2390,POS,Work,Credit Card,Electronics,No,Yes,74,80,1
4393,625,25,22880.49,11,502.88,5,10532.73,13.47,4,1518,1955,Laptop,Work,Digital Wallet,Grocery,No,Yes,78,40,1
4394,875,69,208652.6,8,128.16,48,24257.26,352.62,1,1688,1636,Mobile,Online,Online Banking,Grocery,No,No,99,5,1
4395,1136,20,75897.53,14,63.72,26,2895.73,322.82,2,2097,202,Mobile,Work,Credit Card,Entertainment,No,Yes,64,58,1
4396,471,29,93490.55,8,309.29,74,4861.07,43.34,4,2645,1222,POS,Online,Digital Wallet,Online Services,Yes,Yes,93,98,1
4397,91,37,36412.28,6,463.42,109,3446.98,96.42,2,3047,1156,Mobile,Unknown,Online Banking,Online Services,No,No,73,61,1
4398,530,33,259411.27,23,382.85,135,80167.89,367.19,9,3893,257,Mobile,Unknown,Credit Card,Grocery,No,Yes,10,22,1
4399,661,31,148083.94,11,378.82,87,30180.12,169.1,0,1161,2016,Laptop,Home,Online Banking,Food,No,Yes,61,37,1
4400,739,33,171686.85,19,454.38,73,49574.54,631.88,5,2217,1264,Mobile,Online,Online Banking,Electronics,No,Yes,2,74,1
4401,726,70,170872.86,23,136.6,56,78890.5,124.85,4,1144,1162,POS,Online,Online Banking,Travel,No,Yes,23,31,1
4402,872,66,123206.89,13,397.08,131,49746.89,14.59,2,300,2270,Mobile,Work,Credit Card,Food,No,Yes,82,14,1
4403,192,60,57839.72,21,235.57,126,43205.01,322.3,8,3430,550,Mobile,Work,Online Banking,Online Services,No,Yes,65,34,1
4404,138,66,223565.31,15,42.32,141,1651.53,710.04,9,3311,455,Laptop,Work,Online Banking,Food,No,Yes,58,53,1
4405,345,68,38204.17,18,121.68,59,57019.93,456.42,7,3789,2151,Laptop,Online,Credit Card,Entertainment,No,No,11,83,1
4406,1009,50,31251.75,22,476.51,38,12911.94,254.97,6,1626,372,POS,Unknown,Digital Wallet,Online Services,No,Yes,36,21,1
4407,503,47,213072.5,2,537.61,85,76582.5,12.24,1,3556,400,Tablet,Public,Credit Card,Grocery,No,No,97,37,1
4408,203,29,62730.22,10,170.05,83,26144.9,349.21,9,313,2478,POS,Online,Credit Card,Online Services,Yes,Yes,63,24,1
4409,573,32,92101.15,22,114.62,86,67581.65,148.73,4,395,251,Mobile,Online,Digital Wallet,Electronics,No,Yes,36,96,1
4410,192,35,142620.72,20,16.52,1,64799.24,466.42,4,2561,669,Tablet,Public,Credit Card,Food,No,Yes,57,64,1
4411,5,45,134860.46,19,568.64,137,61859.22,419.81,5,32,1565,POS,Online,Credit Card,Shopping,No,No,88,94,1
4412,311,40,212602.88,18,410.47,128,27061.72,191.03,5,3081,1388,POS,Online,Credit Card,Food,No,No,89,17,1
4413,549,31,187067.19,7,574.24,53,27075.43,49.69,2,813,2451,POS,Public,Credit Card,Food,No,Yes,23,46,1
4414,56,47,193354.41,19,518.38,88,86373.28,543.64,3,2241,1060,Laptop,Home,Digital Wallet,Food,No,No,54,100,1
4415,443,50,214244.89,7,204.61,138,1774.33,421.58,0,417,766,Laptop,Home,Online Banking,Electronics,No,No,63,31,1
4416,870,62,87854.56,2,68.05,84,18561.5,606.35,0,3072,1442,POS,Unknown,Credit Card,Entertainment,No,No,86,50,1
4417,585,32,96767.76,9,299.68,77,61212.01,187.13,4,1062,1169,Mobile,Public,Online Banking,Entertainment,No,No,33,50,1
4418,752,24,131455.52,12,16.57,29,81796.1,470.1,3,3093,767,Mobile,Home,Credit Card,Shopping,No,Yes,47,43,1
4419,360,32,92307.91,8,90.38,36,36155.38,85.54,6,1419,594,Laptop,Unknown,Credit Card,Grocery,No,Yes,19,17,1
4420,819,69,295482.87,5,140.44,27,65517.62,210.17,6,2089,1056,Mobile,Work,Contactless,Shopping,No,No,34,78,1
4421,30,59,244234.17,14,399.56,146,55937.06,472.74,3,103,1883,Laptop,Online,Digital Wallet,Online Services,No,Yes,23,70,1
4422,108,63,49479.94,15,306.17,18,6921.74,594.44,9,267,573,POS,Home,Credit Card,Food,No,No,90,94,1
4423,844,55,1777.69,4,181.8,118,62364.14,231.13,1,3913,1133,Mobile,Public,Digital Wallet,Online Services,No,Yes,86,19,1
4424,717,63,12930.7,20,339.08,137,81483.4,575.19,9,3209,878,POS,Public,Credit Card,Food,No,Yes,67,50,1
4425,891,61,73294.63,12,75.56,67,99248.61,488.01,3,2015,425,Mobile,Work,Contactless,Food,No,Yes,4,62,1
4426,960,28,34375.96,18,453.55,135,3449.19,251.11,7,2992,418,Mobile,Public,Credit Card,Shopping,No,Yes,97,27,1
4427,893,46,160048.1,1,427.37,58,66175.79,631.02,1,3626,1365,Mobile,Public,Online Banking,Entertainment,No,No,75,40,1
4428,732,48,257412.77,5,130.29,30,41747.68,366.69,4,2311,1564,Tablet,Online,Credit Card,Shopping,Yes,Yes,84,37,1
4429,606,42,221051.39,0,364.03,73,1473.89,466.77,6,1492,74,Mobile,Public,Digital Wallet,Grocery,Yes,Yes,96,95,1
4430,457,69,64761.16,14,302.23,123,61628.91,356.91,9,1810,2009,POS,Public,Contactless,Entertainment,Yes,Yes,53,16,1
4431,615,41,119849.85,14,36.96,82,12681.52,326.01,5,1534,2481,POS,Home,Credit Card,Shopping,No,No,15,77,1
4432,698,36,152417.47,13,167.25,17,38167.4,610.56,8,3934,2386,Laptop,Home,Credit Card,Entertainment,No,Yes,89,79,1
4433,674,19,243080.73,6,599.69,134,26506.03,212.26,1,1145,1894,Mobile,Work,Digital Wallet,Shopping,No,Yes,17,26,1
4434,543,39,251752.57,4,60.17,39,36435.76,26.47,3,901,1837,Mobile,Online,Credit Card,Entertainment,No,Yes,22,59,1
4435,857,37,272924.52,19,304.09,59,49523.21,633.46,6,1251,2304,Laptop,Home,Online Banking,Online Services,No,Yes,34,93,1
4436,897,50,152822.65,15,509.68,102,36241.35,594.03,7,1169,378,POS,Home,Digital Wallet,Electronics,Yes,Yes,33,65,1
4437,278,25,208313.0,16,180.74,38,55496.82,263.99,4,1696,2190,Tablet,Public,Credit Card,Electronics,No,No,25,33,1
4438,552,42,33628.93,10,156.79,104,24245.64,133.61,4,3466,2353,Laptop,Online,Online Banking,Travel,No,Yes,14,34,1
4439,111,63,169630.16,14,534.53,9,63718.5,486.42,3,2230,755,POS,Public,Credit Card,Grocery,No,Yes,50,60,1
4440,385,26,74682.67,19,183.25,1,85449.42,56.8,8,1686,2164,Mobile,Public,Contactless,Online Services,No,No,30,51,1
4441,761,51,129571.89,15,391.07,102,22794.67,305.16,9,1161,833,Laptop,Work,Credit Card,Entertainment,No,Yes,86,98,1
4442,694,40,190251.75,2,444.32,87,51033.78,61.91,3,2001,2099,Tablet,Online,Online Banking,Entertainment,No,Yes,22,64,1
4443,405,22,77170.08,5,473.28,123,65044.63,430.54,2,2605,414,Mobile,Home,Credit Card,Grocery,No,Yes,83,98,1
4444,22,42,15750.3,20,596.86,47,56680.3,19.69,8,840,1074,POS,Online,Online Banking,Grocery,No,Yes,4,21,1
4445,678,25,3169.13,22,482.01,76,36882.12,453.09,6,85,1741,Laptop,Home,Credit Card,Entertainment,No,Yes,72,7,1
4446,611,33,6745.64,12,394.38,10,64398.87,484.74,8,3553,520,Mobile,Home,Credit Card,Travel,Yes,Yes,45,65,1
4447,8,65,2604.09,0,537.33,144,3310.5,350.8,3,3493,1520,Mobile,Home,Credit Card,Shopping,No,No,74,65,1
4448,702,62,33195.48,20,543.49,43,37305.67,126.09,2,2692,1509,Laptop,Online,Digital Wallet,Online Services,No,Yes,28,64,1
4449,529,69,71922.67,13,583.91,136,53494.92,73.09,9,3309,1733,Tablet,Public,Digital Wallet,Grocery,Yes,Yes,54,18,1
4450,602,32,66444.33,1,465.99,75,2551.01,225.64,7,1563,250,POS,Home,Credit Card,Electronics,No,Yes,58,96,1
4451,657,18,296040.3,1,117.36,105,51011.06,335.0,3,963,2042,Tablet,Online,Contactless,Travel,No,Yes,85,95,1
4452,166,39,91871.23,14,426.03,26,65598.32,462.43,9,692,620,POS,Online,Credit Card,Online Services,No,Yes,65,61,1
4453,849,20,38313.49,17,45.54,7,76041.17,1.0,2,3875,1551,Mobile,Online,Online Banking,Electronics,No,No,37,82,1
4454,496,55,163714.21,8,191.12,79,11780.72,511.99,3,1608,842,Mobile,Public,Digital Wallet,Food,No,Yes,54,16,1
4455,590,31,257401.44,2,69.93,15,99061.21,513.18,1,2377,172,Tablet,Home,Credit Card,Travel,No,No,98,65,1
4456,429,53,203450.31,3,569.99,131,60813.69,320.12,3,3053,1879,POS,Home,Credit Card,Travel,No,Yes,11,61,1
4457,774,35,88895.02,14,203.58,144,36637.78,247.32,6,2707,74,Tablet,Work,Digital Wallet,Online Services,Yes,Yes,16,75,1
4458,163,64,168528.69,4,428.07,89,25284.74,606.48,2,1901,480,Laptop,Online,Credit Card,Electronics,Yes,Yes,78,64,1
4459,366,58,214485.31,19,343.01,97,57503.24,564.92,0,1332,1289,Tablet,Work,Online Banking,Entertainment,No,Yes,65,30,1
4460,72,35,218458.54,19,64.95,142,88230.31,707.96,9,173,1033,Laptop,Home,Contactless,Food,Yes,No,95,92,1
4461,655,20,199994.88,4,337.03,3,52296.26,267.85,7,3841,711,Mobile,Unknown,Credit Card,Electronics,No,Yes,44,90,1
4462,269,27,261256.05,9,396.78,73,66316.47,652.93,5,3305,1347,POS,Home,Credit Card,Travel,No,Yes,43,87,1
4463,415,66,261044.63,15,528.97,31,36090.8,63.02,2,258,2026,Laptop,Work,Credit Card,Entertainment,No,No,76,10,1
4464,1016,56,173723.07,11,42.52,119,39121.15,296.31,7,3366,2224,Laptop,Public,Digital Wallet,Food,No,Yes,27,75,1
4465,675,64,129013.93,13,177.73,75,28974.42,335.12,5,2543,822,Tablet,Online,Credit Card,Entertainment,No,Yes,81,70,1
4466,1084,18,192506.93,21,415.56,17,70710.91,317.49,0,2214,1524,Mobile,Online,Contactless,Electronics,No,Yes,80,29,1
4467,6,44,245481.78,10,21.08,3,36239.16,450.11,8,269,1102,Laptop,Work,Online Banking,Entertainment,Yes,Yes,1,22,1
4468,982,44,1795.07,18,122.53,123,19476.28,122.63,8,2034,46,Tablet,Online,Contactless,Travel,No,No,30,14,1
4469,570,28,297599.9,5,131.59,55,37255.36,623.86,8,3799,178,Mobile,Online,Credit Card,Travel,No,No,64,6,1
4470,407,66,54949.84,9,401.76,111,85455.81,397.31,5,2526,1608,POS,Unknown,Credit Card,Online Services,No,No,37,44,1
4471,26,22,141127.67,19,171.93,100,73956.08,651.04,5,1368,1265,Laptop,Online,Digital Wallet,Shopping,No,Yes,23,63,1
4472,1029,24,261621.72,2,359.96,40,33796.76,1.99,3,180,1769,POS,Unknown,Digital Wallet,Online Services,No,Yes,27,50,1
4473,986,36,67589.62,21,579.23,122,90727.49,453.63,7,3426,1045,POS,Home,Online Banking,Food,No,No,80,61,1
4474,390,46,143090.89,14,476.05,40,7945.85,297.03,8,3504,746,Laptop,Home,Contactless,Electronics,No,No,88,20,1
4475,710,32,39861.4,10,200.08,30,5450.5,363.72,6,832,1589,Mobile,Online,Digital Wallet,Online Services,No,Yes,28,75,1
4476,571,52,118583.39,21,283.7,25,13183.3,535.56,6,382,1598,POS,Work,Credit Card,Entertainment,No,Yes,30,66,1
4477,754,64,53222.92,1,120.8,7,12087.25,163.63,1,2004,2016,Laptop,Public,Credit Card,Grocery,No,Yes,90,89,1
4478,146,54,109151.96,23,9.92,92,9239.51,147.61,1,1163,1540,Tablet,Online,Online Banking,Travel,No,No,88,15,1
4479,785,29,112101.92,5,174.18,105,66303.59,506.2,9,495,509,Mobile,Online,Digital Wallet,Shopping,No,Yes,95,38,1
4480,526,47,297951.92,16,221.96,123,60283.82,375.43,1,1093,1741,Tablet,Unknown,Digital Wallet,Electronics,No,Yes,89,5,1
4481,13,37,298444.43,17,338.84,81,64936.75,168.3,3,2731,73,Laptop,Online,Credit Card,Travel,No,Yes,51,15,1
4482,903,54,34524.4,3,566.47,96,68992.42,348.55,8,3441,904,Mobile,Online,Contactless,Electronics,No,Yes,2,90,1
4483,384,20,217818.04,22,568.74,1,75809.54,330.94,4,1425,2432,POS,Online,Online Banking,Travel,No,Yes,71,11,1
4484,556,26,15618.47,8,42.52,91,21114.1,497.87,1,1578,1753,Laptop,Online,Credit Card,Online Services,No,Yes,87,51,0
4485,887,58,9154.59,9,368.98,7,62419.2,2.02,3,1560,1065,POS,Public,Credit Card,Electronics,No,No,93,33,1
4486,19,56,31689.63,20,25.89,120,58214.84,422.51,6,82,385,Tablet,Public,Digital Wallet,Online Services,No,Yes,35,36,1
4487,575,43,289649.15,1,389.02,131,94394.17,436.13,4,3181,503,Mobile,Work,Digital Wallet,Travel,No,No,94,41,1
4488,751,19,282264.98,10,71.06,94,23620.59,536.79,7,1798,2130,POS,Unknown,Credit Card,Online Services,Yes,Yes,29,75,1
4489,1004,40,58258.95,10,567.87,129,6342.93,640.26,0,2428,2066,Mobile,Public,Online Banking,Grocery,No,No,31,35,1
4490,419,40,48585.53,10,518.67,98,65522.76,316.99,4,1604,2190,POS,Online,Credit Card,Grocery,No,No,42,57,1
4491,419,38,72236.47,0,13.89,43,74147.2,246.68,3,2816,1869,Tablet,Online,Digital Wallet,Grocery,No,Yes,66,64,1
4492,122,33,154712.54,13,469.39,53,28678.0,73.76,2,2417,1673,Mobile,Online,Credit Card,Grocery,No,No,51,73,1
4493,432,26,170954.42,0,381.72,102,57299.42,242.59,6,1174,1531,Laptop,Home,Credit Card,Entertainment,No,Yes,79,75,1
4494,44,30,66555.87,20,297.47,139,6423.84,49.4,9,2142,844,POS,Home,Digital Wallet,Food,No,Yes,16,33,1
4495,381,45,227011.17,22,361.78,1,96024.46,578.05,0,1493,1120,Tablet,Unknown,Credit Card,Travel,No,Yes,8,33,1
4496,145,44,92935.0,8,407.11,14,11437.53,581.06,5,325,2397,POS,Online,Credit Card,Electronics,No,No,61,91,1
4497,363,68,276647.18,23,530.73,122,7223.27,300.47,7,3019,430,Mobile,Home,Digital Wallet,Travel,Yes,Yes,92,18,1
4498,1074,69,197051.14,0,460.53,21,4888.96,187.02,1,2282,1353,POS,Work,Contactless,Online Services,No,Yes,40,11,1
4499,1089,34,130961.72,20,345.44,34,43013.55,85.06,5,676,34,Mobile,Work,Online Banking,Shopping,No,Yes,81,62,1
4500,355,55,236994.61,21,494.86,105,10167.39,612.91,0,1610,1288,Tablet,Public,Credit Card,Grocery,No,No,57,47,1
4501,800,53,245392.6,21,592.16,14,74592.5,631.81,5,3379,2064,Mobile,Online,Credit Card,Entertainment,No,Yes,78,94,1
4502,1188,18,87215.43,3,180.46,122,89937.98,191.8,5,2212,1900,Mobile,Online,Digital Wallet,Grocery,No,Yes,85,61,1
4503,1165,35,101980.39,0,71.49,82,26391.78,447.71,4,2455,2075,Tablet,Home,Credit Card,Grocery,No,Yes,50,80,1
4504,826,68,280792.95,18,439.0,148,63062.93,186.3,6,3153,2116,Mobile,Unknown,Credit Card,Shopping,No,Yes,27,56,1
4505,1152,26,49505.84,9,587.17,60,4712.68,162.17,4,3842,229,POS,Public,Credit Card,Online Services,Yes,Yes,85,24,1
4506,398,30,12740.91,14,70.47,137,38963.16,15.37,7,2945,1735,POS,Unknown,Digital Wallet,Online Services,No,No,32,65,1
4507,880,57,136271.19,19,259.31,115,29647.74,415.6,1,2657,2098,POS,Online,Online Banking,Electronics,No,No,80,75,1
4508,463,62,240382.85,3,37.83,33,23247.6,108.04,5,3094,2226,Laptop,Unknown,Digital Wallet,Travel,Yes,Yes,28,6,1
4509,808,32,231523.27,19,466.03,49,64649.99,9.01,4,739,654,Mobile,Home,Contactless,Online Services,Yes,Yes,29,76,1
4510,187,60,275867.24,13,569.25,4,13457.68,75.58,9,96,2163,Tablet,Home,Credit Card,Online Services,No,Yes,49,26,1
4511,732,61,160006.88,4,299.65,123,86140.7,225.98,1,2080,1155,Mobile,Work,Contactless,Travel,Yes,Yes,36,83,1
4512,429,63,30109.4,14,246.01,16,66651.17,481.83,6,1623,2140,Laptop,Home,Digital Wallet,Shopping,No,Yes,24,65,1
4513,858,21,176647.82,14,544.68,26,71218.15,145.97,3,1941,1681,POS,Work,Credit Card,Food,No,No,85,98,1
4514,237,50,233540.84,15,80.47,70,93566.76,639.08,5,3552,721,POS,Online,Contactless,Online Services,No,Yes,39,54,1
4515,771,41,28089.1,15,535.0,37,94266.1,207.78,4,539,843,Mobile,Work,Digital Wallet,Entertainment,No,No,50,62,1
4516,758,53,51879.95,3,235.58,150,55389.41,238.55,3,3869,2485,POS,Public,Credit Card,Travel,No,No,8,84,1
4517,136,68,3785.97,8,335.86,7,49790.29,157.02,1,1921,1657,Laptop,Home,Credit Card,Travel,No,Yes,92,12,1
4518,792,58,178136.41,0,317.21,30,33870.47,182.81,6,1491,550,Tablet,Public,Credit Card,Electronics,No,No,82,24,1
4519,171,27,266031.64,4,369.78,74,71699.38,53.47,4,2854,2101,Mobile,Work,Contactless,Online Services,No,Yes,83,96,1
4520,159,53,201231.93,8,565.3,121,54051.78,212.31,2,2003,2172,Laptop,Online,Credit Card,Shopping,No,Yes,19,97,1
4521,201,37,294613.82,19,570.7,6,93321.07,618.94,5,2029,325,POS,Home,Contactless,Electronics,Yes,Yes,38,39,1
4522,962,58,19003.79,4,498.77,24,24243.28,495.7,7,2000,1184,POS,Online,Credit Card,Entertainment,Yes,Yes,44,74,1
4523,583,62,270910.03,3,115.33,121,31370.14,630.21,9,1581,562,Laptop,Public,Credit Card,Travel,No,No,26,22,1
4524,876,61,244239.08,15,200.44,143,31951.0,75.59,9,3881,1061,POS,Online,Credit Card,Shopping,No,Yes,70,48,1
4525,371,28,94341.03,1,292.95,85,80696.85,328.1,1,131,917,Mobile,Home,Digital Wallet,Grocery,No,Yes,49,78,1
4526,103,29,292060.61,15,543.32,133,10354.51,165.14,9,1490,2462,POS,Work,Credit Card,Online Services,No,Yes,26,4,1
4527,1002,35,86452.53,17,312.76,89,45837.09,519.3,3,2876,1459,Tablet,Work,Online Banking,Shopping,No,Yes,92,29,1
4528,1149,47,266802.49,1,586.47,36,43044.28,698.57,2,763,2450,POS,Home,Credit Card,Shopping,No,No,32,6,1
4529,976,61,264236.5,15,590.31,88,7777.39,587.08,6,3122,2076,Laptop,Public,Online Banking,Entertainment,No,No,34,47,1
4530,798,65,227321.52,0,359.35,45,41374.3,25.5,9,2464,552,Mobile,Work,Online Banking,Food,Yes,Yes,45,55,1
4531,658,54,169084.8,15,526.56,10,51581.11,228.06,7,562,864,Laptop,Online,Credit Card,Online Services,Yes,Yes,37,55,1
4532,882,37,36088.82,2,599.53,54,6977.92,20.67,7,121,1407,Laptop,Work,Online Banking,Food,No,No,89,49,1
4533,733,42,159638.32,14,509.91,70,51231.28,29.02,3,1849,540,Mobile,Home,Contactless,Food,No,No,86,25,1
4534,423,29,107103.2,10,394.32,85,95944.17,57.34,9,1186,241,Mobile,Public,Digital Wallet,Electronics,No,Yes,95,45,1
4535,572,38,237685.89,9,507.16,32,97901.98,199.03,1,868,956,POS,Home,Credit Card,Electronics,No,Yes,6,8,1
4536,171,42,227462.95,16,50.05,43,53402.14,219.1,5,534,374,Mobile,Work,Digital Wallet,Entertainment,No,Yes,31,11,1
4537,173,28,273192.69,3,381.08,118,51752.14,288.39,2,1506,365,POS,Online,Online Banking,Shopping,No,Yes,65,1,1
4538,663,26,4547.57,16,130.3,121,28908.06,291.61,7,870,1393,Mobile,Work,Credit Card,Food,No,Yes,9,70,1
4539,453,67,242750.05,3,70.08,15,99712.99,555.44,2,716,1927,POS,Work,Credit Card,Travel,No,Yes,76,28,1
4540,350,42,281544.77,18,535.78,66,27785.8,101.9,1,2802,1937,POS,Online,Credit Card,Food,Yes,No,21,96,1
4541,494,52,236811.2,0,383.97,143,45563.68,113.66,8,2225,1731,Laptop,Public,Credit Card,Entertainment,No,Yes,67,9,1
4542,620,69,39145.32,13,146.51,115,791.94,451.18,8,963,2131,POS,Unknown,Credit Card,Food,No,Yes,42,98,1
4543,1028,49,24475.6,23,232.38,81,35248.61,411.7,8,1285,634,POS,Public,Credit Card,Travel,No,No,46,49,1
4544,1117,66,6351.49,10,583.98,20,7608.31,110.97,2,913,325,Mobile,Online,Credit Card,Online Services,No,Yes,5,66,1
4545,919,31,188660.69,6,517.38,6,74510.56,613.65,1,3266,417,POS,Work,Credit Card,Travel,No,No,37,22,1
4546,6,18,188938.83,16,9.84,79,56320.94,236.99,3,343,1855,Mobile,Work,Credit Card,Travel,No,No,77,39,1
4547,288,34,296075.42,3,587.89,125,57431.1,264.28,1,2734,1526,Mobile,Unknown,Digital Wallet,Entertainment,Yes,No,29,23,1
4548,1170,42,119473.15,9,221.43,145,29007.87,302.79,7,2375,1597,Tablet,Work,Contactless,Food,No,Yes,92,61,1
4549,608,25,99638.69,16,417.4,120,81582.18,232.41,9,252,1967,Mobile,Work,Credit Card,Entertainment,Yes,Yes,49,67,1
4550,457,22,187365.04,3,427.75,26,825.46,401.41,0,2430,1384,Mobile,Public,Credit Card,Grocery,No,Yes,25,43,1
4551,1030,22,247700.04,18,547.05,22,33693.32,279.89,1,445,2005,POS,Home,Credit Card,Travel,No,Yes,10,45,1
4552,624,58,281038.51,17,531.09,64,66120.0,186.87,5,2139,66,POS,Online,Contactless,Food,No,Yes,98,80,1
4553,376,52,240956.94,16,169.4,58,90838.29,651.23,8,2685,212,POS,Unknown,Digital Wallet,Electronics,No,Yes,15,41,1
4554,447,36,128059.53,5,386.3,37,23844.29,222.08,9,653,2369,Laptop,Online,Credit Card,Entertainment,No,No,30,94,1
4555,835,40,190510.78,6,236.53,78,54339.46,502.94,4,2453,1575,POS,Work,Online Banking,Electronics,No,No,77,19,1
4556,1130,26,256904.17,5,315.56,121,54030.15,250.07,4,2676,99,Mobile,Online,Credit Card,Grocery,No,Yes,59,44,1
4557,811,47,147233.85,11,333.03,28,87480.35,313.41,2,434,266,POS,Home,Credit Card,Electronics,No,Yes,55,26,1
4558,1120,67,65084.32,8,238.11,49,5526.43,169.96,7,3006,493,Laptop,Online,Credit Card,Shopping,No,No,55,16,1
4559,959,33,51000.06,17,278.6,67,42735.32,541.7,5,1308,1171,POS,Online,Credit Card,Travel,No,Yes,69,22,1
4560,849,50,147.31,1,125.4,103,18655.33,530.81,9,3552,220,POS,Public,Digital Wallet,Grocery,No,No,14,6,1
4561,809,19,215499.57,16,364.78,126,2642.49,16.11,1,419,959,POS,Home,Digital Wallet,Electronics,No,Yes,74,37,1
4562,979,31,33418.05,20,455.5,93,15129.58,43.43,4,1678,1916,POS,Unknown,Online Banking,Entertainment,No,Yes,98,69,1
4563,416,63,73227.35,0,258.13,87,97658.83,664.12,3,795,2478,POS,Online,Digital Wallet,Travel,No,Yes,95,78,1
4564,726,18,89433.11,22,586.62,87,21877.43,639.97,9,377,1944,Tablet,Online,Digital Wallet,Grocery,No,Yes,56,24,1
4565,454,43,168157.92,8,34.81,55,93535.56,364.43,8,3603,346,POS,Work,Digital Wallet,Online Services,Yes,No,61,78,1
4566,150,42,119447.39,5,353.7,139,20922.81,355.27,3,1375,747,POS,Work,Digital Wallet,Travel,No,Yes,5,73,1
4567,759,33,202434.73,1,350.37,13,93163.88,584.96,7,3645,2299,Mobile,Online,Credit Card,Grocery,Yes,Yes,6,40,1
4568,779,32,16786.03,5,22.26,128,65634.78,99.77,0,3165,687,Tablet,Public,Online Banking,Entertainment,No,No,13,75,1
4569,973,43,37269.36,8,135.13,64,11765.25,470.7,4,3255,1242,Mobile,Work,Contactless,Food,No,Yes,40,10,1
4570,763,64,149813.53,2,543.37,51,58400.56,342.76,8,3035,2369,POS,Public,Digital Wallet,Entertainment,No,Yes,59,31,1
4571,1002,61,101155.74,15,326.94,76,32192.15,535.22,2,2594,2300,Mobile,Online,Digital Wallet,Online Services,No,No,13,51,1
4572,76,33,88814.43,23,262.11,22,38623.74,21.77,5,3496,787,POS,Public,Credit Card,Food,No,No,46,54,1
4573,599,31,20201.72,14,249.59,60,44297.01,426.8,9,1949,1470,Laptop,Home,Contactless,Travel,Yes,No,97,89,1
4574,225,46,268726.18,11,532.95,130,42559.35,400.89,5,359,2013,Mobile,Unknown,Contactless,Entertainment,No,Yes,23,53,1
4575,113,41,207576.39,22,220.54,56,66578.83,605.43,5,3564,2115,POS,Unknown,Online Banking,Electronics,No,Yes,21,20,1
4576,251,64,36573.29,7,515.57,97,76952.62,487.35,3,3823,1506,Mobile,Unknown,Credit Card,Entertainment,No,Yes,72,31,1
4577,841,32,19607.28,5,185.86,3,33253.18,633.73,6,1998,1260,Laptop,Unknown,Contactless,Electronics,No,Yes,34,16,1
4578,714,36,292464.27,2,319.14,55,92474.21,638.85,2,1003,2477,POS,Work,Credit Card,Electronics,No,Yes,53,70,1
4579,1107,25,204383.65,22,86.72,84,93877.4,293.94,5,2169,2003,Mobile,Online,Digital Wallet,Travel,Yes,Yes,95,43,1
4580,125,51,125295.08,3,495.11,28,4548.7,99.04,9,1275,1413,Laptop,Work,Digital Wallet,Food,No,Yes,31,11,1
4581,1199,19,210549.14,9,441.72,124,1983.42,453.84,4,2267,2042,POS,Work,Online Banking,Food,No,No,84,48,1
4582,1093,44,226923.9,13,318.29,8,42794.1,629.11,2,2649,1059,POS,Work,Online Banking,Electronics,Yes,No,99,40,1
4583,1071,27,234010.66,20,16.03,3,59269.2,54.06,1,234,1027,Mobile,Work,Online Banking,Online Services,No,Yes,66,19,1
4584,884,52,143415.4,23,289.01,94,28151.52,401.75,0,2289,1526,Mobile,Online,Contactless,Food,No,Yes,88,65,1
4585,30,40,129021.84,14,135.51,89,26311.67,82.89,7,2847,1657,Laptop,Online,Digital Wallet,Entertainment,No,No,75,58,1
4586,281,66,3407.32,6,248.32,94,67994.22,19.53,0,118,112,Laptop,Home,Online Banking,Electronics,No,No,68,27,1
4587,924,25,277974.48,6,513.93,89,60369.58,489.37,4,3849,1430,Laptop,Online,Credit Card,Electronics,No,No,26,85,1
4588,368,45,181032.03,7,461.88,59,17131.11,490.96,4,3032,2412,Mobile,Work,Digital Wallet,Shopping,No,Yes,14,41,1
4589,495,40,61025.87,9,145.55,28,88507.85,432.51,0,392,688,Tablet,Home,Credit Card,Entertainment,No,Yes,84,14,1
4590,1049,21,275889.07,18,590.98,62,68157.62,618.65,8,3472,2179,POS,Online,Contactless,Food,No,No,100,84,1
4591,718,31,274488.08,18,541.97,51,36576.34,58.32,4,361,1341,Mobile,Work,Contactless,Food,No,No,25,35,1
4592,1017,70,296756.33,1,317.44,7,68520.66,75.88,8,2998,1084,Mobile,Online,Credit Card,Shopping,No,No,74,95,1
4593,606,59,262229.56,14,318.33,23,11708.98,622.48,5,737,1367,POS,Home,Digital Wallet,Entertainment,No,Yes,99,2,1
4594,375,46,299335.54,0,540.81,46,47091.48,362.41,6,3527,2231,Mobile,Online,Credit Card,Travel,No,Yes,64,82,1
4595,639,18,73481.39,9,381.87,78,17313.95,196.67,6,2921,1944,POS,Home,Credit Card,Travel,Yes,No,69,85,1
4596,1049,21,252690.65,5,322.24,106,4622.41,531.5,1,1508,1606,Mobile,Home,Digital Wallet,Online Services,Yes,Yes,68,89,1
4597,116,49,246926.19,21,449.61,28,34163.46,643.98,4,2772,972,Laptop,Work,Credit Card,Entertainment,No,No,20,13,1
4598,48,50,69359.01,12,141.44,24,15498.18,496.55,1,451,723,Laptop,Unknown,Credit Card,Food,No,Yes,87,36,1
4599,99,66,29621.42,9,527.09,7,63535.04,570.21,3,792,261,Mobile,Home,Digital Wallet,Grocery,Yes,Yes,43,81,1
4600,405,43,293828.21,11,319.08,112,67569.76,203.47,2,2813,1174,POS,Home,Credit Card,Online Services,No,Yes,5,76,1
4601,685,34,88877.76,23,362.3,79,15294.88,207.99,5,1224,1882,POS,Home,Digital Wallet,Travel,No,No,93,42,1
4602,903,56,261280.45,5,54.42,3,2948.99,622.18,4,2787,417,Laptop,Work,Credit Card,Grocery,No,Yes,93,86,0
4603,503,40,1337.73,5,186.05,2,79384.65,442.74,0,278,1980,Tablet,Work,Online Banking,Grocery,No,No,32,24,1
4604,894,49,6405.34,0,256.33,7,704.67,168.67,1,2258,893,Mobile,Work,Digital Wallet,Online Services,No,No,86,15,1
4605,258,69,139814.81,11,248.64,121,34719.35,377.44,6,3576,1279,POS,Public,Online Banking,Travel,No,Yes,45,7,1
4606,844,32,71690.53,22,467.08,21,49711.04,493.85,8,512,1677,Tablet,Home,Credit Card,Food,No,Yes,43,3,1
4607,121,30,206983.4,22,169.75,137,81954.9,157.43,0,1437,1248,Mobile,Online,Credit Card,Online Services,No,Yes,71,20,1
4608,810,19,169712.74,9,109.67,140,83936.58,471.57,3,2866,838,Mobile,Public,Contactless,Entertainment,No,No,97,43,1
4609,978,36,23337.99,13,349.78,24,72631.47,30.44,2,3505,1079,Mobile,Home,Digital Wallet,Shopping,No,Yes,22,26,1
4610,54,41,48872.23,14,369.2,33,25096.16,218.73,4,3888,2017,Mobile,Online,Credit Card,Entertainment,No,Yes,41,45,1
4611,1019,62,116475.98,22,73.39,43,72158.6,485.29,4,3262,566,POS,Work,Contactless,Shopping,No,Yes,58,28,0
4612,784,41,55762.66,23,1.98,82,25030.65,107.62,9,2325,740,POS,Public,Credit Card,Grocery,No,Yes,59,99,1
4613,241,28,237687.48,3,550.63,118,21853.52,160.06,9,348,1317,POS,Public,Digital Wallet,Grocery,No,Yes,28,45,1
4614,483,39,124879.46,0,48.24,5,54939.23,632.96,1,3041,1568,Laptop,Work,Credit Card,Entertainment,No,Yes,85,60,1
4615,1013,32,28120.22,7,538.77,123,68046.02,485.54,4,729,1524,Laptop,Home,Credit Card,Online Services,No,Yes,55,40,1
4616,187,27,145354.44,2,239.83,71,5778.65,359.27,3,560,2316,Laptop,Work,Credit Card,Travel,No,Yes,51,9,1
4617,656,58,27342.37,13,392.01,89,6472.25,151.92,0,3857,2366,Tablet,Public,Credit Card,Grocery,No,Yes,36,71,1
4618,262,44,38768.3,16,111.78,142,78524.98,245.88,0,1166,397,Laptop,Work,Digital Wallet,Electronics,No,No,68,40,1
4619,953,26,71958.99,1,494.44,116,86019.98,413.56,0,1977,441,Mobile,Public,Online Banking,Electronics,No,Yes,43,14,1
4620,491,69,257872.36,14,108.53,35,60641.87,111.91,7,3891,383,Tablet,Unknown,Contactless,Food,No,No,6,82,1
4621,431,45,277391.3,5,232.21,108,43168.39,346.91,2,2640,1595,Laptop,Work,Digital Wallet,Online Services,No,Yes,83,10,1
4622,239,18,247894.69,4,143.2,79,84608.99,294.52,8,1397,1612,Mobile,Unknown,Credit Card,Entertainment,Yes,Yes,51,99,1
4623,304,34,100289.76,13,502.58,11,73017.29,343.27,9,152,2497,Mobile,Home,Online Banking,Entertainment,Yes,No,53,48,1
4624,298,48,81806.69,18,515.07,75,58169.62,76.09,1,779,1368,Mobile,Online,Digital Wallet,Online Services,No,Yes,11,15,1
4625,76,61,164791.79,8,223.53,44,32315.83,76.77,8,348,811,Laptop,Work,Credit Card,Food,No,Yes,50,45,1
4626,999,27,216583.76,7,184.77,145,20200.51,694.16,8,1627,358,Laptop,Work,Credit Card,Food,No,Yes,17,68,1
4627,642,54,298012.5,2,464.25,125,42157.97,705.15,3,3579,1523,Mobile,Online,Online Banking,Shopping,No,Yes,46,58,1
4628,827,46,39558.06,17,527.17,85,29038.85,306.9,3,3514,1516,Mobile,Online,Digital Wallet,Shopping,No,Yes,82,19,1
4629,283,35,14882.67,7,374.6,8,34256.23,568.1,3,615,767,Mobile,Online,Contactless,Electronics,No,Yes,46,48,1
4630,591,64,208337.33,15,556.48,79,51805.29,472.2,0,2322,1301,POS,Online,Online Banking,Travel,No,Yes,77,28,1
4631,72,55,249684.51,14,230.13,118,17324.85,84.27,4,573,1224,Mobile,Public,Digital Wallet,Entertainment,No,Yes,41,44,1
4632,703,56,253920.0,20,91.56,122,80714.58,213.68,5,1510,777,Mobile,Unknown,Online Banking,Online Services,No,No,51,87,1
4633,575,66,203571.22,14,108.2,74,14980.18,225.9,3,2230,1824,POS,Online,Digital Wallet,Electronics,No,Yes,11,22,1
4634,1000,23,286209.34,15,402.06,28,48358.87,429.0,7,2733,1332,Mobile,Work,Credit Card,Electronics,No,Yes,51,86,1
4635,892,57,153350.33,0,244.81,140,74724.15,417.63,2,44,2225,Tablet,Home,Digital Wallet,Travel,No,Yes,27,98,1
4636,12,29,274153.06,9,94.21,120,48759.56,664.93,8,1496,172,Mobile,Home,Contactless,Electronics,No,Yes,49,40,1
4637,141,70,290346.86,18,175.69,108,36421.7,568.85,6,3405,1005,POS,Online,Contactless,Electronics,No,Yes,16,75,1
4638,17,31,254162.52,4,318.6,127,47751.68,616.94,7,3887,100,POS,Online,Digital Wallet,Travel,Yes,Yes,50,44,1
4639,1087,61,92996.59,17,73.31,63,84942.73,641.7,6,274,1982,POS,Online,Credit Card,Electronics,No,Yes,15,31,1
4640,253,27,58945.07,2,2.56,101,99047.95,576.94,8,2868,2388,POS,Public,Credit Card,Entertainment,No,No,54,91,1
4641,465,37,164481.21,3,550.42,93,63298.76,239.74,1,2644,667,Laptop,Work,Credit Card,Food,No,Yes,14,5,1
4642,376,32,135959.12,3,183.26,63,79447.68,154.89,3,2631,496,POS,Online,Contactless,Travel,No,No,79,29,1
4643,981,48,263339.73,10,133.29,10,1941.62,411.72,1,928,70,Laptop,Public,Online Banking,Grocery,Yes,Yes,82,69,1
4644,520,24,30099.5,8,419.24,80,88096.26,496.52,7,1508,800,Mobile,Work,Online Banking,Online Services,No,Yes,76,82,1
4645,90,58,77396.24,0,512.11,37,95427.95,278.39,1,1412,2433,Mobile,Online,Online Banking,Food,No,No,26,93,1
4646,720,27,225564.5,15,379.55,11,57729.35,610.82,7,81,1197,Mobile,Public,Digital Wallet,Entertainment,No,No,40,66,1
4647,804,27,28586.49,8,153.06,115,75503.58,691.61,5,2088,1736,Tablet,Online,Digital Wallet,Grocery,No,Yes,18,14,1
4648,796,65,96297.25,10,517.05,90,51518.1,410.01,6,852,308,Mobile,Unknown,Digital Wallet,Electronics,No,Yes,26,87,1
4649,630,56,116207.9,5,306.5,19,28977.27,328.8,5,1653,87,POS,Public,Digital Wallet,Electronics,No,No,18,59,1
4650,1199,45,186815.88,16,229.02,52,85298.67,606.89,8,2304,197,Laptop,Online,Contactless,Grocery,No,Yes,1,53,1
4651,76,47,47523.98,11,363.03,118,59885.25,17.57,3,2191,1683,POS,Home,Credit Card,Grocery,No,No,16,29,1
4652,926,54,258195.29,21,420.52,18,58148.62,92.98,0,3638,2450,Tablet,Unknown,Online Banking,Electronics,No,No,21,72,1
4653,400,20,134317.92,7,356.5,94,66083.65,608.89,8,633,111,Tablet,Unknown,Online Banking,Food,Yes,No,72,4,1
4654,970,67,275114.81,15,552.19,32,85672.31,527.09,9,3188,1923,Tablet,Home,Online Banking,Grocery,No,Yes,66,32,1
4655,1095,60,140414.19,4,377.0,140,73324.66,299.68,7,622,163,POS,Online,Credit Card,Shopping,Yes,No,83,49,1
4656,1148,32,82584.57,20,527.21,58,21506.86,639.98,0,1303,2441,Mobile,Online,Credit Card,Food,No,Yes,93,38,1
4657,797,38,42634.47,0,352.38,21,46948.94,253.11,9,1303,1538,Mobile,Unknown,Credit Card,Shopping,No,Yes,94,93,1
4658,195,69,1223.15,16,198.14,149,98039.68,456.41,5,3014,1099,POS,Work,Online Banking,Online Services,Yes,Yes,3,29,1
4659,228,54,159694.03,23,319.61,29,55678.79,456.76,9,3522,291,POS,Work,Contactless,Food,No,Yes,8,1,1
4660,461,29,32236.29,20,52.26,47,93855.41,132.8,3,2287,2169,Laptop,Online,Credit Card,Entertainment,No,Yes,99,3,1
4661,618,21,117579.16,7,138.49,140,81430.26,205.16,1,3028,1969,Laptop,Online,Credit Card,Food,No,No,18,42,1
4662,1045,64,176822.6,9,459.86,58,66769.33,659.53,2,3622,48,Mobile,Public,Contactless,Food,No,Yes,90,83,1
4663,64,26,82778.2,17,397.05,19,35261.84,132.14,8,1034,2347,Mobile,Public,Credit Card,Online Services,Yes,No,25,78,1
4664,165,56,52649.77,14,100.33,140,30779.78,125.06,4,2688,606,POS,Home,Contactless,Travel,No,Yes,72,32,1
4665,27,59,232439.01,19,263.09,23,64520.4,345.38,6,1601,2065,Mobile,Work,Digital Wallet,Grocery,No,No,18,23,1
4666,1012,45,284042.67,12,85.62,133,43539.84,66.47,1,3158,698,Tablet,Home,Contactless,Electronics,No,Yes,24,26,1
4667,285,40,30222.08,9,513.56,122,79975.99,644.14,7,3164,2492,POS,Work,Digital Wallet,Electronics,No,Yes,69,82,1
4668,281,62,46761.54,8,65.95,117,76165.45,72.2,2,2415,1718,Mobile,Online,Credit Card,Grocery,No,No,26,79,1
4669,838,57,288007.8,12,392.71,63,31556.98,443.96,0,1841,1300,Mobile,Online,Credit Card,Electronics,No,No,74,89,1
4670,831,61,11431.49,2,364.4,52,70421.51,244.71,7,754,1764,Mobile,Home,Contactless,Shopping,No,Yes,11,100,1
4671,1188,39,293291.94,21,283.93,10,49707.74,579.1,8,844,1355,POS,Home,Credit Card,Entertainment,No,Yes,4,38,1
4672,918,41,1492.88,22,167.3,86,32667.56,424.7,7,561,2093,Mobile,Home,Online Banking,Shopping,Yes,Yes,10,22,1
4673,224,68,262113.23,2,242.67,11,41590.18,279.64,0,788,649,Mobile,Online,Digital Wallet,Travel,No,Yes,12,82,1
4674,784,43,92266.82,0,483.93,95,89587.51,708.39,6,35,1929,Mobile,Online,Contactless,Travel,No,No,74,12,1
4675,1170,47,281582.8,1,457.05,72,36272.01,47.78,6,614,1031,Mobile,Work,Credit Card,Grocery,No,No,12,63,1
4676,965,50,95151.89,10,443.42,128,29096.23,416.05,3,648,2261,Mobile,Home,Digital Wallet,Online Services,No,Yes,5,91,1
4677,950,33,196326.47,13,450.02,48,35504.82,712.49,7,3706,470,Mobile,Unknown,Credit Card,Food,No,Yes,91,84,1
4678,1054,39,24101.77,9,86.76,92,21854.53,497.52,4,1564,610,Mobile,Public,Digital Wallet,Travel,No,Yes,97,16,1
4679,45,66,72774.71,6,59.91,16,54691.18,532.66,3,826,405,POS,Work,Digital Wallet,Travel,No,Yes,96,58,1
4680,471,67,232126.44,22,516.97,95,15169.93,23.2,4,1514,2015,Mobile,Work,Credit Card,Entertainment,Yes,No,5,15,1
4681,34,60,158652.89,0,502.39,48,81835.66,15.48,1,385,1511,POS,Home,Online Banking,Travel,Yes,No,23,74,1
4682,653,35,278397.92,6,408.95,77,22945.23,26.1,3,2296,2423,Tablet,Home,Credit Card,Online Services,No,Yes,56,5,1
4683,830,24,128682.55,14,363.74,93,60006.48,714.04,9,2444,1837,POS,Unknown,Digital Wallet,Food,No,Yes,88,99,1
4684,221,67,260956.73,10,220.44,104,12940.04,705.26,7,918,758,Mobile,Work,Digital Wallet,Electronics,No,No,46,81,1
4685,534,43,134741.74,5,134.84,81,97856.09,240.91,6,590,1923,Mobile,Online,Digital Wallet,Shopping,No,Yes,2,51,1
4686,692,25,293776.56,21,400.76,37,45730.26,209.58,7,393,2467,POS,Public,Credit Card,Shopping,No,Yes,94,41,1
4687,932,23,287954.33,6,547.86,102,82306.05,105.18,6,1443,209,POS,Online,Online Banking,Online Services,No,Yes,74,94,1
4688,841,47,98808.1,6,262.48,29,76980.46,237.05,6,1348,2453,Mobile,Online,Credit Card,Shopping,No,Yes,1,4,1
4689,1011,56,265788.51,0,182.28,58,71512.46,266.57,6,2582,2260,Mobile,Work,Online Banking,Food,No,No,13,47,1
4690,582,40,254298.65,9,162.81,94,82822.8,538.79,1,1341,2406,POS,Home,Credit Card,Entertainment,No,Yes,60,22,1
4691,1140,49,63283.05,20,14.71,86,10496.13,623.74,2,2254,1998,Mobile,Unknown,Digital Wallet,Food,No,Yes,36,31,1
4692,239,39,187324.69,14,312.43,110,68010.47,537.67,0,1352,2277,POS,Home,Contactless,Online Services,No,Yes,62,29,1
4693,441,59,21897.43,7,592.95,41,26949.81,465.5,1,1673,1789,POS,Home,Credit Card,Shopping,No,Yes,63,41,1
4694,148,60,251029.55,23,489.24,44,78694.23,551.47,9,1337,1508,Mobile,Home,Credit Card,Online Services,No,No,67,61,1
4695,1033,62,52446.31,18,538.54,137,95708.44,531.74,5,2890,1021,POS,Home,Credit Card,Food,Yes,No,16,53,1
4696,388,26,21337.33,2,372.89,90,90198.21,342.59,1,2654,1927,Laptop,Online,Contactless,Food,No,Yes,78,16,1
4697,1074,48,120125.71,22,289.13,109,11937.75,241.88,0,2895,1493,POS,Public,Credit Card,Food,No,No,40,55,1
4698,916,24,173118.95,14,594.28,59,37270.47,203.67,7,1107,1942,Laptop,Public,Contactless,Electronics,Yes,No,48,89,1
4699,638,26,256489.6,3,268.57,110,36750.11,489.17,8,2896,2012,Mobile,Online,Credit Card,Food,No,No,46,17,1
4700,278,30,292275.33,5,550.14,106,12668.48,690.7,6,1864,1209,POS,Home,Digital Wallet,Online Services,No,Yes,5,18,1
4701,989,20,131903.8,9,457.23,131,10263.54,418.4,2,1373,1512,Mobile,Work,Digital Wallet,Entertainment,No,Yes,25,37,1
4702,589,52,18228.03,17,198.92,7,38796.57,657.03,0,2556,1724,POS,Home,Credit Card,Electronics,No,No,38,60,1
4703,649,50,224759.76,15,302.09,82,99211.12,10.34,3,3643,2260,Laptop,Home,Digital Wallet,Grocery,No,Yes,54,29,1
4704,618,38,169595.46,17,230.91,16,57109.79,572.04,9,3859,465,Mobile,Online,Online Banking,Grocery,No,Yes,93,91,1
4705,135,48,134422.61,5,82.17,49,62367.27,614.61,2,751,1767,Mobile,Public,Online Banking,Food,No,Yes,81,95,1
4706,580,69,92849.74,18,214.38,121,47366.38,454.35,2,1274,1631,POS,Online,Digital Wallet,Travel,No,Yes,73,87,1
4707,1171,51,150769.32,16,533.44,32,66401.89,672.53,1,1735,75,Mobile,Unknown,Online Banking,Shopping,Yes,Yes,82,89,1
4708,490,49,101670.01,17,451.71,89,95687.88,424.78,9,1987,1825,POS,Online,Online Banking,Electronics,No,Yes,76,22,1
4709,478,52,227127.86,12,166.91,19,59075.45,173.26,2,1396,1971,Mobile,Online,Credit Card,Travel,No,Yes,45,54,1
4710,1183,32,163213.72,6,221.06,3,6971.33,155.39,4,3315,1994,Laptop,Public,Digital Wallet,Online Services,Yes,Yes,39,77,1
4711,384,49,263066.65,19,370.05,122,49542.61,400.25,3,1375,273,POS,Online,Credit Card,Shopping,No,Yes,28,81,1
4712,163,23,163108.82,11,249.98,60,99278.75,652.68,0,610,185,Mobile,Online,Credit Card,Entertainment,No,No,53,45,1
4713,441,62,71554.9,1,302.07,29,39046.57,52.2,0,775,991,Mobile,Work,Online Banking,Travel,Yes,Yes,54,52,1
4714,415,38,255342.46,11,419.05,75,59591.18,435.2,0,1068,2326,POS,Home,Digital Wallet,Entertainment,No,Yes,96,58,1
4715,288,50,167209.99,11,280.62,70,11110.36,554.28,9,1533,974,Tablet,Unknown,Digital Wallet,Entertainment,No,No,20,3,1
4716,187,49,62131.63,23,114.99,83,14547.46,83.18,8,907,1308,POS,Home,Online Banking,Online Services,Yes,Yes,55,1,1
4717,1162,69,187089.99,3,312.58,101,87530.8,84.16,8,163,1415,POS,Online,Credit Card,Online Services,No,Yes,65,55,1
4718,130,36,107379.26,3,213.99,90,30384.29,263.68,8,747,1766,Laptop,Online,Digital Wallet,Travel,No,Yes,76,45,1
4719,194,50,253337.24,17,174.8,147,30892.4,197.27,9,1077,1992,POS,Online,Digital Wallet,Travel,No,Yes,22,57,1
4720,316,45,136044.59,15,197.2,17,39027.69,142.87,3,2454,2454,Tablet,Home,Credit Card,Electronics,No,Yes,51,17,1
4721,144,48,217959.76,13,263.68,35,96664.63,143.14,3,3698,182,POS,Home,Online Banking,Entertainment,No,No,72,29,1
4722,16,38,28751.31,16,532.02,113,8896.85,94.17,9,3243,2317,Mobile,Online,Credit Card,Travel,Yes,Yes,12,18,1
4723,423,51,118867.7,16,440.57,122,81967.03,439.85,6,2729,1493,POS,Online,Online Banking,Online Services,No,Yes,59,9,1
4724,245,32,294974.11,2,400.9,48,34485.01,495.48,2,1492,269,POS,Home,Contactless,Entertainment,No,No,54,90,1
4725,927,31,242557.24,5,283.02,17,85022.07,506.14,9,1377,2387,Mobile,Public,Digital Wallet,Food,No,Yes,53,88,1
4726,1131,36,48066.25,22,1.6,101,99179.69,383.34,2,1175,2336,Tablet,Unknown,Credit Card,Food,No,No,88,97,1
4727,1112,60,83401.44,12,204.66,15,35192.41,686.1,3,3401,460,Laptop,Online,Credit Card,Food,No,Yes,38,76,1
4728,129,32,99011.76,8,488.01,128,13370.96,634.0,5,1394,529,POS,Online,Credit Card,Entertainment,No,No,92,15,1
4729,907,23,195144.63,20,233.21,112,14865.36,689.5,0,3280,2153,POS,Home,Online Banking,Entertainment,No,Yes,12,78,1
4730,887,69,227122.73,8,338.51,14,75994.72,279.99,2,1261,326,Mobile,Public,Credit Card,Travel,No,Yes,95,9,1
4731,341,26,224883.03,7,123.24,142,14919.69,632.02,4,2031,2260,POS,Public,Credit Card,Travel,No,No,92,31,1
4732,4,54,153011.23,16,549.56,97,26411.95,549.29,3,195,1112,Mobile,Online,Online Banking,Electronics,No,Yes,73,98,1
4733,306,37,243265.08,15,553.94,119,20837.64,244.85,7,3142,1459,Laptop,Online,Credit Card,Online Services,No,No,86,2,1
4734,908,51,131179.72,15,88.07,11,35890.02,76.84,8,3735,556,Laptop,Online,Digital Wallet,Electronics,No,No,7,54,1
4735,607,55,37251.78,18,434.63,48,7899.47,491.52,7,1609,1785,Mobile,Online,Digital Wallet,Electronics,No,No,68,48,1
4736,992,43,169376.11,23,45.61,67,85745.88,98.33,8,1128,1838,Tablet,Work,Credit Card,Online Services,No,No,29,1,1
4737,321,35,285695.19,15,359.33,25,86084.56,211.59,7,1533,1240,POS,Online,Digital Wallet,Grocery,No,Yes,45,63,1
4738,559,45,237918.8,13,107.6,86,41586.82,360.31,9,3449,1078,Mobile,Work,Credit Card,Shopping,No,Yes,10,34,1
4739,618,68,173652.32,19,87.85,110,61402.71,489.55,0,2349,328,Mobile,Work,Contactless,Food,No,No,85,87,1
4740,711,26,194077.02,13,2.97,90,64374.18,666.89,6,2047,602,Tablet,Work,Credit Card,Entertainment,No,Yes,4,65,1
4741,1132,49,279175.55,13,564.54,9,75051.18,427.17,8,3067,1184,POS,Work,Credit Card,Grocery,Yes,Yes,24,97,1
4742,531,70,128560.0,13,497.64,40,52308.66,483.45,0,2243,1814,POS,Unknown,Digital Wallet,Food,No,Yes,85,11,1
4743,410,23,99485.1,11,46.95,7,51278.44,223.28,9,791,705,Mobile,Work,Credit Card,Entertainment,No,No,82,9,1
4744,818,31,293174.75,5,359.83,118,63314.73,494.88,0,1139,2315,POS,Online,Online Banking,Grocery,No,No,26,7,1
4745,1195,45,259046.6,19,140.12,58,70453.32,315.27,9,678,2269,Laptop,Home,Credit Card,Shopping,Yes,No,56,46,1
4746,493,41,96980.77,12,158.78,55,34995.69,617.0,1,2922,1081,Mobile,Online,Credit Card,Entertainment,No,No,72,37,1
4747,12,30,139187.8,15,524.57,14,33371.86,282.63,4,580,1433,POS,Unknown,Credit Card,Electronics,No,Yes,23,88,1
4748,195,60,124581.93,8,69.04,118,27336.98,337.21,7,628,458,Mobile,Work,Credit Card,Grocery,Yes,Yes,9,49,1
4749,490,29,44813.79,1,361.09,77,55110.23,311.52,7,2232,2161,POS,Online,Credit Card,Food,No,Yes,25,8,1
4750,795,68,287350.02,21,241.05,124,36335.49,584.03,9,3773,527,POS,Online,Digital Wallet,Food,No,No,100,61,1
4751,881,36,121353.3,2,114.88,134,54261.17,686.67,3,1629,2314,Laptop,Work,Contactless,Food,No,No,32,36,1
4752,182,38,262611.19,9,271.42,26,40895.48,235.71,6,3324,2226,POS,Work,Credit Card,Shopping,No,No,7,2,1
4753,962,44,56887.93,19,564.32,128,83755.05,342.07,6,446,880,Tablet,Home,Credit Card,Grocery,Yes,No,97,45,1
4754,656,36,164406.46,1,469.08,118,7776.46,508.3,8,3463,1088,Mobile,Online,Online Banking,Food,No,No,59,6,1
4755,694,41,7286.02,23,79.7,142,57434.95,644.69,8,3447,973,POS,Online,Credit Card,Travel,No,No,59,37,1
4756,30,43,229289.72,9,509.73,136,57774.56,355.52,2,3247,2174,POS,Online,Credit Card,Online Services,No,Yes,95,57,1
4757,1120,62,174316.08,7,562.5,24,38679.87,78.49,7,1769,2484,Laptop,Work,Digital Wallet,Electronics,No,Yes,62,76,1
4758,778,45,187714.32,16,166.54,85,42391.58,265.51,4,2144,1811,POS,Work,Digital Wallet,Electronics,No,No,17,19,1
4759,444,63,15611.09,21,200.39,63,80113.07,396.31,4,2594,955,Laptop,Home,Credit Card,Entertainment,No,No,35,52,1
4760,298,35,63390.4,0,76.22,26,28427.03,300.68,7,1112,518,Laptop,Home,Digital Wallet,Shopping,No,No,86,93,1
4761,808,61,22391.83,5,207.29,10,87204.68,134.4,5,1036,433,POS,Work,Digital Wallet,Entertainment,No,No,58,83,1
4762,845,53,86745.4,6,404.05,106,89686.16,26.73,9,617,803,Mobile,Home,Digital Wallet,Entertainment,No,Yes,29,31,1
4763,1016,59,188268.96,14,163.66,117,65236.62,494.97,9,801,1276,POS,Online,Digital Wallet,Electronics,No,No,63,47,1
4764,554,46,169899.18,17,4.59,58,77399.34,714.77,0,2837,432,POS,Public,Online Banking,Grocery,No,No,56,39,1
4765,303,34,183683.73,8,203.46,14,61488.28,661.84,3,3117,1831,POS,Home,Credit Card,Grocery,No,Yes,63,93,1
4766,421,21,164820.46,7,272.18,73,52763.28,491.99,8,3688,213,Tablet,Public,Credit Card,Travel,No,Yes,82,51,1
4767,185,61,81981.34,9,340.03,39,96684.44,605.92,4,3969,2354,POS,Online,Credit Card,Shopping,No,Yes,47,55,1
4768,468,62,73427.8,3,410.45,122,28624.17,184.2,3,3587,924,POS,Public,Contactless,Shopping,Yes,Yes,74,21,1
4769,754,46,41204.2,19,37.54,144,15838.02,448.19,9,1942,1622,Laptop,Home,Online Banking,Shopping,No,No,15,99,1
4770,363,21,254736.36,7,282.12,72,29104.79,43.73,0,2253,1546,POS,Public,Online Banking,Travel,No,No,57,33,1
4771,336,27,184982.16,0,160.18,112,61655.25,509.2,8,351,90,Laptop,Public,Contactless,Shopping,No,Yes,7,21,1
4772,162,42,56034.65,7,568.81,51,18925.75,698.31,7,1514,1738,Laptop,Public,Online Banking,Food,Yes,Yes,78,10,1
4773,1184,48,53245.09,22,216.26,143,90927.0,619.79,2,2213,1019,Mobile,Unknown,Online Banking,Travel,No,Yes,90,4,1
4774,12,20,261923.38,11,60.52,89,41396.93,384.84,8,2505,1977,POS,Home,Online Banking,Entertainment,No,No,18,48,1
4775,1097,64,222844.99,22,25.37,38,85071.31,567.91,0,3890,175,Mobile,Home,Credit Card,Food,No,No,82,57,1
4776,588,19,197853.78,14,159.61,105,25299.04,679.61,3,1847,1579,Mobile,Public,Contactless,Grocery,No,Yes,6,12,1
4777,201,42,122118.55,12,107.74,79,31660.25,155.61,4,2051,212,Mobile,Home,Digital Wallet,Entertainment,No,Yes,43,10,1
4778,522,66,78666.47,15,390.05,89,6392.73,571.17,3,960,344,Laptop,Work,Credit Card,Online Services,No,No,89,67,1
4779,505,23,293837.28,22,508.26,71,26147.89,194.36,3,2988,688,Mobile,Home,Credit Card,Shopping,No,Yes,57,8,1
4780,788,43,239192.15,17,187.88,90,49286.22,631.41,8,709,1025,POS,Online,Online Banking,Travel,No,Yes,41,69,1
4781,1063,25,90603.59,0,346.89,72,94640.62,70.91,4,3643,681,Mobile,Online,Credit Card,Grocery,No,Yes,76,100,1
4782,60,52,254284.68,16,438.32,149,39195.85,128.4,0,2399,1713,POS,Public,Credit Card,Food,No,No,51,22,1
4783,578,44,227703.69,15,239.39,16,64154.52,518.87,6,1389,922,Mobile,Public,Digital Wallet,Travel,No,Yes,61,35,1
4784,321,42,89194.46,22,40.26,111,43057.16,125.92,5,810,2113,Mobile,Online,Online Banking,Online Services,No,Yes,94,87,1
4785,923,35,128023.2,4,137.9,67,5155.79,113.88,8,1566,2032,POS,Online,Digital Wallet,Online Services,No,No,19,4,1
4786,569,18,55867.44,19,529.9,65,50601.5,399.98,3,200,1094,Laptop,Work,Online Banking,Travel,No,Yes,21,16,1
4787,1102,65,33404.63,20,494.78,13,7058.41,601.21,9,953,2460,Mobile,Home,Online Banking,Grocery,No,No,80,37,1
4788,527,56,216856.33,9,52.38,118,88428.14,193.37,5,158,198,POS,Public,Contactless,Travel,No,Yes,35,22,1
4789,524,20,80326.81,5,134.76,61,75427.18,605.64,9,2757,200,Mobile,Online,Digital Wallet,Entertainment,No,No,71,85,1
4790,613,21,246035.8,11,461.61,32,38175.82,581.75,6,1471,768,Mobile,Work,Online Banking,Travel,No,Yes,54,62,1
4791,1180,58,298683.05,9,291.8,140,64201.76,417.0,3,426,1347,Laptop,Home,Credit Card,Shopping,No,Yes,83,50,1
4792,125,54,23078.28,21,456.1,95,11646.8,465.56,8,2138,1317,Mobile,Online,Credit Card,Online Services,No,Yes,26,60,1
4793,871,68,141963.23,16,127.05,41,70404.22,29.21,0,3218,2324,Mobile,Work,Digital Wallet,Food,No,No,41,27,1
4794,280,32,240638.56,1,571.64,136,82361.87,264.4,0,1887,2015,POS,Work,Credit Card,Electronics,No,No,82,52,1
4795,917,25,236706.37,18,470.27,25,82263.69,189.72,2,1688,177,Mobile,Public,Digital Wallet,Travel,No,No,12,40,1
4796,622,55,228023.15,19,118.87,133,28785.62,108.09,8,1825,470,Mobile,Home,Credit Card,Food,No,Yes,5,72,1
4797,846,67,104763.58,5,335.29,45,26742.75,280.62,4,2550,391,POS,Online,Credit Card,Online Services,No,No,26,71,1
4798,674,36,136210.59,12,68.3,130,52379.07,255.6,0,2815,2299,Laptop,Unknown,Contactless,Entertainment,No,No,5,98,1
4799,1152,64,178531.01,8,217.18,3,96793.33,524.83,4,426,687,Mobile,Unknown,Digital Wallet,Entertainment,No,Yes,38,30,1
4800,314,43,292184.78,11,395.94,150,92092.04,430.67,5,833,137,Tablet,Unknown,Digital Wallet,Travel,No,Yes,82,52,1
4801,332,56,98331.43,17,198.41,104,36284.03,657.44,3,3965,1268,Mobile,Public,Digital Wallet,Grocery,No,No,6,89,1
4802,1174,27,276950.85,7,394.23,33,78093.04,104.78,6,3034,605,Laptop,Home,Digital Wallet,Online Services,No,Yes,1,38,1
4803,36,55,80880.14,17,147.25,32,92171.12,43.11,2,3799,329,Tablet,Public,Credit Card,Grocery,No,Yes,75,15,1
4804,1046,31,296723.43,22,432.86,111,26462.18,384.96,4,3698,1922,POS,Home,Digital Wallet,Travel,No,Yes,80,28,1
4805,206,66,201112.08,21,216.07,17,83114.42,0.84,5,3319,1415,Mobile,Work,Digital Wallet,Grocery,Yes,No,90,59,1
4806,639,58,139107.09,1,474.39,120,27155.61,567.18,6,684,253,POS,Home,Credit Card,Shopping,Yes,Yes,39,40,1
4807,848,36,184055.79,7,82.45,82,34656.57,364.35,9,3578,1427,Mobile,Public,Credit Card,Electronics,No,Yes,49,73,1
4808,440,47,81832.1,9,217.51,3,20282.66,351.46,1,2679,1161,Laptop,Work,Digital Wallet,Grocery,No,Yes,82,5,1
4809,729,22,82324.74,8,278.63,70,50954.44,261.06,4,1906,1404,Mobile,Work,Credit Card,Travel,No,No,100,86,1
4810,1120,48,34155.01,23,254.6,118,84409.43,270.04,6,297,2500,Laptop,Home,Online Banking,Travel,No,Yes,37,39,1
4811,941,24,34303.68,17,260.14,31,53041.19,310.47,6,2153,1445,Laptop,Home,Online Banking,Shopping,No,Yes,90,56,1
4812,164,36,104366.76,7,267.16,149,12782.28,11.64,2,1122,1888,POS,Online,Credit Card,Entertainment,No,No,97,79,1
4813,148,48,228880.36,18,593.29,16,25551.71,60.24,7,1498,2153,POS,Home,Digital Wallet,Grocery,No,Yes,1,35,1
4814,294,69,182430.55,2,116.3,17,56504.76,363.68,0,1351,2327,Tablet,Online,Contactless,Electronics,No,No,91,91,1
4815,195,56,30865.11,8,461.31,96,58527.15,108.17,3,1527,270,Mobile,Unknown,Online Banking,Entertainment,No,Yes,37,17,1
4816,663,41,255685.73,12,331.3,129,57902.14,560.73,2,3261,1729,Tablet,Online,Credit Card,Travel,No,Yes,86,19,1
4817,480,51,180450.15,8,248.47,112,8161.85,197.7,3,927,2092,POS,Unknown,Credit Card,Electronics,No,No,19,18,1
4818,123,40,288260.59,19,380.3,102,75492.74,70.58,8,3109,2418,Mobile,Work,Credit Card,Travel,No,No,77,74,1
4819,699,65,201088.62,11,512.19,72,90988.11,169.43,7,1784,694,Laptop,Home,Online Banking,Online Services,Yes,Yes,37,2,1
4820,965,62,52634.94,22,280.25,66,51296.64,257.18,3,1538,525,Mobile,Online,Credit Card,Shopping,No,No,56,66,1
4821,661,57,142187.63,12,518.95,111,72023.51,25.52,7,851,1494,Mobile,Unknown,Digital Wallet,Online Services,No,No,67,49,1
4822,1128,23,194584.43,7,56.73,37,91444.54,102.09,0,2165,579,Mobile,Online,Online Banking,Shopping,No,Yes,91,91,0
4823,710,55,8576.58,14,392.02,91,64440.96,233.24,7,1194,2114,POS,Unknown,Online Banking,Entertainment,No,No,35,80,1
4824,396,58,4571.59,12,200.24,84,67595.41,223.61,9,1594,1837,Mobile,Online,Credit Card,Food,No,Yes,73,32,1
4825,912,53,38907.96,20,232.34,111,72279.74,576.3,1,2602,1228,Mobile,Home,Credit Card,Online Services,No,No,84,38,0
4826,1005,44,75574.16,12,342.83,62,26419.99,607.16,5,855,465,POS,Online,Online Banking,Entertainment,No,Yes,26,26,1
4827,1166,28,128921.78,16,288.21,21,58476.45,139.34,5,604,2370,Laptop,Home,Credit Card,Online Services,No,Yes,46,96,1
4828,317,22,146283.4,14,229.38,106,84296.42,89.32,2,1396,330,POS,Online,Online Banking,Electronics,No,No,35,98,1
4829,681,34,41494.48,21,185.34,37,29968.19,456.63,4,716,1727,Mobile,Home,Credit Card,Shopping,No,No,85,53,1
4830,495,69,202050.13,18,371.18,35,89768.46,579.35,1,1004,1392,Laptop,Home,Contactless,Entertainment,Yes,Yes,96,50,1
4831,556,24,178881.8,2,303.6,143,62228.0,693.88,7,3317,1076,Mobile,Public,Digital Wallet,Shopping,No,Yes,22,72,1
4832,610,44,88409.78,13,194.32,114,42605.9,4.99,7,535,2427,Laptop,Home,Credit Card,Food,No,No,14,100,1
4833,109,64,4196.6,9,123.37,94,62506.7,297.91,4,1800,1119,Tablet,Home,Digital Wallet,Entertainment,Yes,Yes,29,94,1
4834,372,32,23386.61,16,464.79,4,40485.06,528.5,6,3700,1448,Laptop,Public,Contactless,Shopping,No,Yes,58,69,1
4835,855,63,117569.26,7,479.93,107,83884.54,596.58,7,103,599,Laptop,Online,Credit Card,Travel,No,Yes,31,32,1
4836,616,30,46276.91,17,128.67,79,48490.7,44.94,3,835,58,POS,Online,Credit Card,Grocery,No,Yes,17,72,1
4837,768,28,113108.2,11,157.36,23,90170.73,490.07,1,610,670,Laptop,Unknown,Digital Wallet,Food,No,No,23,22,1
4838,206,62,188491.96,16,143.87,105,51225.9,208.11,4,3170,144,Tablet,Online,Online Banking,Grocery,No,Yes,59,47,1
4839,847,43,164216.5,22,530.8,15,66206.65,53.8,6,252,1131,Mobile,Home,Credit Card,Travel,No,No,36,1,1
4840,43,39,69429.65,10,464.59,140,99775.57,352.2,3,926,2352,POS,Work,Credit Card,Grocery,No,Yes,89,75,1
4841,865,45,103212.37,8,45.21,128,15123.1,113.95,3,2463,2421,Laptop,Unknown,Credit Card,Electronics,No,No,82,38,1
4842,785,41,184247.96,21,499.68,82,73804.55,530.67,3,3982,709,Laptop,Public,Credit Card,Food,No,Yes,59,55,1
4843,476,46,258270.42,23,22.59,121,14317.79,533.73,8,3386,110,Laptop,Work,Credit Card,Shopping,No,Yes,80,6,1
4844,83,26,225988.71,23,152.29,88,83967.2,606.3,8,2199,2015,POS,Work,Digital Wallet,Travel,No,Yes,2,84,1
4845,1134,59,166064.67,22,551.44,79,59847.11,271.91,9,1828,750,POS,Work,Online Banking,Electronics,No,Yes,90,20,1
4846,190,21,108751.67,14,518.67,19,93846.88,9.68,7,762,101,Mobile,Online,Online Banking,Online Services,No,Yes,98,62,1
4847,800,66,109578.88,8,468.97,69,86662.68,187.08,7,1494,2059,POS,Work,Digital Wallet,Travel,No,Yes,12,18,1
4848,936,63,263837.25,11,274.8,132,7949.77,336.88,6,852,503,Mobile,Public,Credit Card,Food,No,Yes,10,82,1
4849,251,35,11869.15,10,193.19,10,14161.6,499.72,0,486,1050,Mobile,Public,Online Banking,Grocery,No,No,93,71,1
4850,291,60,296396.0,16,528.99,140,60316.51,275.13,7,2241,200,POS,Online,Digital Wallet,Travel,No,Yes,2,32,1
4851,326,33,199346.19,5,394.42,135,52072.31,386.0,3,3364,2117,Mobile,Public,Contactless,Travel,No,Yes,16,90,1
4852,837,50,204373.2,7,177.66,44,17272.23,377.52,0,2169,1909,Mobile,Work,Digital Wallet,Online Services,Yes,No,36,24,1
4853,508,46,11495.55,9,278.19,2,13371.24,118.87,0,3879,1275,Tablet,Unknown,Credit Card,Entertainment,Yes,No,49,54,1
4854,731,56,181698.23,14,528.96,94,56617.08,448.63,2,2413,827,POS,Online,Digital Wallet,Shopping,No,Yes,36,51,1
4855,72,27,145484.94,3,542.12,116,5367.69,316.32,2,615,1481,Mobile,Work,Credit Card,Online Services,No,Yes,86,12,1
4856,641,26,31823.09,17,395.75,69,87436.66,581.72,9,3012,1953,Mobile,Work,Contactless,Travel,No,Yes,6,90,1
4857,940,48,83448.81,10,439.67,148,80804.75,497.27,0,343,1501,Mobile,Online,Online Banking,Entertainment,No,Yes,99,94,1
4858,608,45,267105.31,8,24.06,108,78644.31,80.35,7,2679,674,Mobile,Unknown,Online Banking,Grocery,No,No,95,82,1
4859,566,20,165041.53,8,362.96,70,2091.72,351.96,3,1919,351,Mobile,Public,Online Banking,Shopping,No,Yes,2,68,1
4860,54,31,124083.63,7,413.55,74,5240.27,505.83,3,1023,1098,POS,Online,Credit Card,Food,No,No,99,34,1
4861,528,42,21897.38,2,12.72,80,55208.99,62.74,5,3909,353,Mobile,Online,Digital Wallet,Food,No,No,28,87,1
4862,611,32,214265.05,20,506.39,98,99445.36,570.62,8,2987,2489,Tablet,Work,Online Banking,Entertainment,Yes,Yes,7,93,1
4863,193,19,210884.96,17,557.01,100,34560.46,159.92,8,1519,1272,POS,Online,Credit Card,Entertainment,No,Yes,21,61,1
4864,58,41,184251.68,13,143.14,58,34765.29,362.27,7,1694,2124,Tablet,Online,Online Banking,Food,No,No,62,63,1
4865,1135,31,153127.77,2,507.55,133,13860.66,677.21,0,3502,674,Mobile,Home,Online Banking,Electronics,No,Yes,89,73,1
4866,129,65,130191.94,16,399.47,147,67596.41,411.4,9,2638,1741,Tablet,Public,Credit Card,Grocery,No,Yes,82,39,1
4867,706,24,178022.0,3,348.63,32,64844.33,305.38,9,3699,870,POS,Online,Credit Card,Shopping,No,Yes,41,76,1
4868,852,53,70095.3,20,505.95,121,10581.58,4.99,1,2562,332,Mobile,Unknown,Contactless,Shopping,No,Yes,43,37,1
4869,8,67,282383.59,17,171.72,3,47007.52,96.14,2,685,1976,Mobile,Online,Credit Card,Entertainment,No,Yes,77,12,1
4870,29,41,176679.48,14,474.62,129,66873.95,416.68,4,3748,801,Mobile,Public,Credit Card,Grocery,No,Yes,8,16,1
4871,1136,44,93426.61,18,189.06,48,49604.86,355.6,4,2704,1013,Laptop,Home,Digital Wallet,Shopping,No,Yes,14,19,1
4872,947,54,134958.99,21,472.58,133,67599.18,262.02,9,3378,893,Mobile,Online,Online Banking,Electronics,No,Yes,81,76,1
4873,131,55,241724.87,5,270.91,77,81718.9,664.72,7,2143,365,POS,Home,Contactless,Shopping,No,Yes,77,1,1
4874,188,47,48568.66,14,70.61,11,68738.64,239.45,1,3800,1908,Tablet,Home,Credit Card,Entertainment,No,Yes,11,65,1
4875,709,44,87921.4,6,229.22,22,61803.37,386.79,1,1910,1882,Laptop,Work,Contactless,Online Services,No,Yes,10,19,1
4876,212,56,203884.46,11,140.48,12,85432.23,409.52,7,230,689,POS,Online,Credit Card,Travel,No,Yes,81,52,1
4877,276,32,94715.21,15,60.77,53,90108.56,379.82,0,2545,2030,Mobile,Unknown,Online Banking,Travel,No,No,29,44,1
4878,1097,43,237771.25,8,66.62,55,39194.2,343.91,8,463,641,POS,Online,Credit Card,Entertainment,No,No,55,44,1
4879,243,18,39223.0,19,468.15,53,17738.36,242.75,1,167,1172,Tablet,Online,Digital Wallet,Travel,No,No,2,2,1
4880,1126,21,228829.58,4,528.9,21,81877.11,654.32,4,3093,933,Tablet,Public,Contactless,Online Services,No,No,1,77,1
4881,987,46,20598.68,10,556.31,19,21768.43,324.63,2,1105,2159,Mobile,Unknown,Credit Card,Grocery,No,No,47,4,1
4882,685,18,3876.52,1,512.44,88,92930.59,380.53,4,1778,1066,Tablet,Home,Credit Card,Shopping,Yes,No,91,19,1
4883,171,60,269477.23,21,498.22,94,2776.36,472.7,7,1505,998,Laptop,Home,Digital Wallet,Online Services,No,No,83,45,1
4884,653,67,174443.63,15,41.77,66,92166.48,48.81,7,1211,1986,Laptop,Home,Digital Wallet,Entertainment,No,No,18,33,1
4885,188,63,105612.89,3,474.18,59,59123.71,562.55,5,2879,2376,Mobile,Home,Credit Card,Online Services,No,Yes,35,17,1
4886,1110,39,69855.13,4,470.08,59,77586.84,369.05,8,891,2169,Mobile,Work,Contactless,Online Services,No,Yes,73,57,1
4887,52,28,185104.05,6,79.21,3,40150.01,473.2,6,1259,779,Laptop,Online,Digital Wallet,Entertainment,No,Yes,62,17,1
4888,111,27,152749.75,5,397.37,116,99175.77,555.87,1,3443,1329,Laptop,Home,Credit Card,Entertainment,No,No,25,4,1
4889,877,34,297480.17,23,271.78,58,23141.37,629.36,0,3934,333,Laptop,Work,Contactless,Travel,No,Yes,86,8,1
4890,1067,53,294966.47,21,540.06,62,26802.19,282.46,7,1369,1890,Tablet,Work,Credit Card,Food,No,No,77,94,1
4891,211,64,190543.87,9,417.4,146,5617.53,584.25,0,165,65,Mobile,Online,Online Banking,Travel,No,Yes,29,37,1
4892,858,43,132916.86,13,570.62,126,94077.1,186.44,7,3176,451,Mobile,Public,Credit Card,Entertainment,No,Yes,86,96,1
4893,627,65,147393.18,7,63.4,37,45874.92,475.48,8,478,1555,Laptop,Public,Credit Card,Shopping,No,Yes,80,2,1
4894,1050,38,204775.47,13,24.84,113,67647.82,74.04,0,98,2415,Tablet,Online,Digital Wallet,Grocery,No,No,19,89,1
4895,299,30,30562.21,13,584.16,95,68900.35,14.52,6,3030,657,Tablet,Online,Online Banking,Food,No,Yes,72,26,1
4896,1101,26,98572.79,19,48.58,78,87512.96,69.04,4,842,1463,POS,Online,Online Banking,Entertainment,No,Yes,76,41,1
4897,924,28,22674.15,22,232.02,142,66660.06,230.02,7,3662,492,POS,Online,Credit Card,Online Services,No,No,66,13,1
4898,137,28,22100.89,2,390.16,105,56421.11,22.49,3,3303,110,Mobile,Online,Credit Card,Grocery,No,No,69,83,1
4899,1044,23,58832.19,0,528.09,5,71176.69,453.99,1,1044,1532,Tablet,Online,Online Banking,Travel,No,Yes,78,24,1
4900,440,18,145627.45,8,153.12,95,75221.59,227.98,6,3675,1439,Laptop,Online,Contactless,Online Services,No,Yes,80,73,1
4901,211,23,235453.82,8,17.92,129,18999.83,530.22,6,1220,449,Laptop,Public,Online Banking,Electronics,No,No,98,99,1
4902,752,30,145700.22,21,313.01,63,11411.87,33.15,7,1770,2112,POS,Home,Credit Card,Entertainment,Yes,No,10,62,1
4903,435,39,100709.44,1,282.93,20,7947.46,156.1,8,3762,824,Laptop,Work,Digital Wallet,Shopping,No,Yes,72,96,1
4904,780,48,24797.66,15,184.48,43,37718.32,293.82,5,2049,1760,POS,Work,Digital Wallet,Electronics,No,Yes,25,65,1
4905,439,39,165133.63,7,524.4,85,50051.02,275.57,2,3222,213,POS,Unknown,Credit Card,Electronics,No,No,27,31,1
4906,666,54,81453.45,5,449.72,94,61757.16,94.41,4,3922,587,Mobile,Home,Digital Wallet,Travel,No,No,61,18,1
4907,1066,64,184518.76,22,514.94,42,95824.43,715.78,2,1994,1201,Mobile,Work,Digital Wallet,Travel,No,Yes,10,15,1
4908,411,44,293158.6,12,97.5,108,33413.39,204.87,9,126,2072,Mobile,Online,Credit Card,Grocery,No,Yes,36,24,1
4909,806,67,33483.17,0,415.6,94,76206.97,519.17,8,406,1317,Mobile,Online,Digital Wallet,Food,Yes,Yes,39,65,1
4910,610,69,63716.41,18,585.07,74,53370.08,158.5,4,1544,869,Mobile,Online,Digital Wallet,Entertainment,No,Yes,7,15,1
4911,427,31,141981.05,14,367.34,109,22398.95,632.07,6,1977,1912,POS,Work,Contactless,Grocery,No,Yes,15,87,1
4912,902,64,290587.28,0,103.23,115,61722.89,279.25,9,1106,311,POS,Unknown,Digital Wallet,Food,No,Yes,13,51,1
4913,942,22,231565.75,9,597.47,125,96734.03,648.66,6,38,644,POS,Online,Digital Wallet,Food,No,Yes,33,20,1
4914,742,53,269478.94,0,317.23,6,12868.68,246.19,6,3082,2279,POS,Public,Credit Card,Electronics,No,Yes,99,94,1
4915,328,49,100181.08,11,504.12,123,50974.34,6.32,9,2408,603,Mobile,Online,Digital Wallet,Travel,No,Yes,66,52,1
4916,52,51,297612.34,10,90.04,42,5635.03,372.3,3,280,446,Tablet,Home,Credit Card,Online Services,No,Yes,11,77,1
4917,376,24,30939.56,16,399.82,58,32461.02,377.89,3,389,346,Mobile,Online,Credit Card,Electronics,No,No,21,5,1
4918,263,59,15986.57,3,547.61,10,62249.97,86.37,2,2426,1121,Laptop,Home,Credit Card,Entertainment,No,No,78,54,1
4919,267,65,256695.23,22,319.44,89,84185.17,169.25,3,153,1012,Mobile,Work,Digital Wallet,Food,No,No,89,37,1
4920,359,27,278186.73,6,173.55,78,73167.68,564.14,8,663,1533,Tablet,Work,Digital Wallet,Food,No,Yes,23,62,1
4921,652,67,27266.55,11,76.89,111,46554.25,26.56,4,228,706,Mobile,Public,Online Banking,Entertainment,No,No,44,11,1
4922,46,34,34116.89,12,177.92,39,90967.66,352.51,5,858,1154,Mobile,Home,Digital Wallet,Grocery,No,No,65,42,1
4923,600,47,10048.93,4,213.25,141,30620.11,381.94,3,1464,2320,Tablet,Online,Digital Wallet,Food,No,No,70,6,1
4924,720,38,31441.82,5,426.12,11,75521.35,495.9,0,3481,1143,Tablet,Home,Credit Card,Travel,No,Yes,36,89,1
4925,601,30,62905.0,1,107.58,110,47663.9,27.06,6,947,2002,Mobile,Public,Online Banking,Travel,No,Yes,62,45,1
4926,381,18,291025.98,20,64.11,16,89914.26,421.71,6,3606,156,Mobile,Online,Credit Card,Food,No,No,82,57,1
4927,118,18,200391.28,6,232.47,33,79844.57,2.33,5,1148,648,POS,Online,Digital Wallet,Entertainment,No,Yes,42,39,1
4928,116,64,233588.05,13,275.46,59,90196.23,191.0,3,2107,863,Mobile,Online,Credit Card,Online Services,No,No,69,93,1
4929,260,50,232864.21,21,377.22,51,21817.66,359.82,9,1145,1452,POS,Work,Online Banking,Electronics,No,No,52,37,1
4930,1099,55,160568.62,13,424.67,15,66980.97,656.13,7,625,785,Mobile,Public,Online Banking,Food,No,No,1,40,1
4931,305,42,239266.94,9,533.62,43,73977.11,91.23,7,3116,805,Tablet,Online,Online Banking,Shopping,No,Yes,30,58,1
4932,7,43,178782.68,3,173.73,27,74370.22,121.97,0,2732,1666,POS,Online,Credit Card,Travel,No,Yes,1,97,1
4933,366,30,94432.37,2,317.4,56,50648.04,481.89,8,2898,2330,POS,Online,Online Banking,Shopping,No,Yes,48,7,1
4934,523,45,168376.92,22,219.94,121,1619.43,269.96,7,2537,102,Laptop,Public,Online Banking,Online Services,No,Yes,14,82,1
4935,429,50,160099.22,13,1.35,113,26512.36,448.9,1,1774,408,Mobile,Home,Credit Card,Shopping,No,No,92,40,1
4936,791,54,247053.57,5,347.87,60,32668.44,718.17,8,52,2376,POS,Work,Credit Card,Shopping,No,Yes,31,35,1
4937,747,58,294519.99,22,489.57,115,85277.64,710.55,3,355,521,Laptop,Unknown,Credit Card,Online Services,No,Yes,62,74,1
4938,367,47,123371.67,14,22.35,109,84168.14,254.74,9,906,713,POS,Home,Online Banking,Food,No,Yes,87,87,1
4939,313,66,229040.86,7,2.59,112,10915.67,362.88,5,3757,2005,POS,Online,Credit Card,Food,No,Yes,31,14,1
4940,538,65,30018.92,4,436.83,100,95008.67,651.39,1,3188,333,Laptop,Work,Credit Card,Shopping,No,Yes,7,83,1
4941,921,25,233071.73,2,410.47,8,18654.52,66.45,9,3294,1982,POS,Home,Credit Card,Food,No,Yes,20,94,1
4942,1078,66,111487.93,2,243.81,135,41728.77,325.71,3,2762,1999,Laptop,Online,Digital Wallet,Shopping,No,Yes,84,9,1
4943,865,64,11913.11,12,397.13,81,21908.12,271.92,1,292,1290,POS,Unknown,Credit Card,Shopping,No,No,31,69,1
4944,1188,18,109037.53,1,572.05,130,86103.08,212.39,8,3530,1060,POS,Online,Online Banking,Grocery,No,Yes,9,39,1
4945,782,29,183231.76,23,149.09,145,75065.5,715.83,8,2884,1760,Laptop,Home,Credit Card,Electronics,No,Yes,11,45,1
4946,334,22,35863.13,0,147.93,121,35676.12,528.18,4,1413,285,Tablet,Work,Credit Card,Grocery,No,Yes,6,61,1
4947,798,41,277217.94,11,112.15,4,68346.92,279.96,2,1615,1224,POS,Public,Digital Wallet,Online Services,No,No,43,50,1
4948,348,23,23393.96,7,434.53,26,18844.5,596.91,2,462,263,Tablet,Home,Contactless,Electronics,No,Yes,59,96,1
4949,273,42,279009.02,18,212.24,78,38538.56,352.61,0,589,1748,Laptop,Home,Contactless,Electronics,No,Yes,18,40,1
4950,963,18,212170.54,8,593.22,72,38022.21,628.45,7,2585,522,POS,Public,Credit Card,Entertainment,No,Yes,29,28,1
4951,720,42,98980.68,13,428.93,133,24174.7,191.87,2,78,2044,Mobile,Public,Credit Card,Travel,No,Yes,1,36,1
4952,500,18,117286.03,17,220.74,128,87693.05,161.07,3,2245,258,Mobile,Online,Digital Wallet,Food,No,Yes,44,10,1
4953,1117,49,222268.73,9,89.94,5,68045.15,178.12,1,1732,374,Mobile,Home,Credit Card,Electronics,Yes,Yes,33,61,1
4954,685,59,180481.18,8,355.42,91,28353.96,387.75,7,2518,1820,Laptop,Home,Digital Wallet,Travel,No,No,67,68,1
4955,79,59,201525.71,5,177.29,69,24591.02,209.82,2,623,2154,POS,Home,Digital Wallet,Travel,No,No,38,37,1
4956,622,20,116810.47,0,543.35,3,2286.37,106.01,1,1628,294,Tablet,Online,Digital Wallet,Grocery,No,No,41,92,1
4957,947,66,146395.26,4,265.12,94,34984.93,716.13,0,257,773,POS,Work,Contactless,Food,No,Yes,16,24,1
4958,358,36,296961.26,9,175.94,1,52913.74,648.32,9,2005,1702,Mobile,Home,Credit Card,Grocery,No,Yes,38,34,1
4959,618,60,64255.47,12,353.34,136,28132.24,457.25,1,243,2322,POS,Work,Digital Wallet,Entertainment,No,Yes,63,91,1
4960,507,46,125415.07,21,82.62,13,70195.6,641.92,1,1695,458,Mobile,Public,Digital Wallet,Shopping,No,Yes,99,1,1
4961,576,67,87617.77,22,337.15,112,41469.08,673.54,3,2957,1286,Mobile,Unknown,Digital Wallet,Electronics,No,Yes,90,21,1
4962,244,19,229556.94,3,34.14,8,31973.62,486.83,0,3255,483,POS,Online,Digital Wallet,Online Services,No,Yes,100,71,1
4963,506,26,229227.39,0,364.33,113,93936.24,373.5,0,3855,378,Mobile,Home,Contactless,Entertainment,No,Yes,85,44,1
4964,422,34,87804.39,20,318.33,79,26648.69,635.05,5,2685,451,Mobile,Public,Contactless,Online Services,No,Yes,100,40,1
4965,1111,63,24508.96,1,312.7,122,40126.63,408.86,4,3508,715,Mobile,Online,Digital Wallet,Food,No,Yes,83,79,1
4966,217,53,3528.66,23,410.66,74,38537.93,91.38,0,3990,611,POS,Online,Digital Wallet,Entertainment,No,Yes,9,78,1
4967,1009,34,128292.41,3,27.15,127,24499.24,264.2,5,3845,1286,Tablet,Public,Digital Wallet,Grocery,No,No,27,94,1
4968,1193,66,123160.24,16,276.11,113,22138.94,321.12,7,2827,192,Mobile,Home,Online Banking,Travel,No,No,31,52,1
4969,330,29,296518.12,9,266.7,52,30586.81,673.47,4,1071,2381,Mobile,Online,Credit Card,Entertainment,No,Yes,15,1,1
4970,650,37,140993.64,22,276.14,121,86491.5,474.65,2,496,2396,Mobile,Unknown,Digital Wallet,Electronics,No,No,96,53,1
4971,391,67,76999.87,11,587.94,33,76824.75,630.21,2,2421,1059,Mobile,Home,Digital Wallet,Online Services,No,No,29,67,1
4972,381,20,267379.71,1,84.0,73,68259.45,545.49,1,2401,1354,POS,Work,Digital Wallet,Entertainment,No,No,9,33,1
4973,742,60,147371.28,2,414.41,96,45981.75,223.17,8,1299,1911,POS,Public,Credit Card,Entertainment,No,No,44,11,1
4974,820,67,179792.77,13,241.5,37,51021.52,517.5,8,1113,130,POS,Home,Online Banking,Travel,Yes,Yes,81,87,1
4975,673,21,28791.05,14,307.28,69,27080.32,140.7,6,3595,445,POS,Online,Digital Wallet,Online Services,No,No,60,41,1
4976,513,34,114936.63,12,457.56,132,7894.43,293.92,0,1695,993,POS,Online,Credit Card,Grocery,No,Yes,78,89,1
4977,949,67,283272.68,8,94.85,60,33438.54,580.41,0,891,1413,POS,Work,Digital Wallet,Entertainment,No,No,39,68,1
4978,930,54,176892.66,1,458.27,74,49810.58,440.63,3,3150,1184,POS,Work,Online Banking,Online Services,Yes,Yes,51,49,1
4979,913,63,103416.11,18,42.66,31,6202.65,594.31,1,2755,2463,POS,Home,Contactless,Travel,Yes,Yes,40,60,1
4980,644,59,187737.59,15,290.24,14,9279.21,183.46,2,1980,1073,Laptop,Home,Credit Card,Electronics,Yes,Yes,63,96,1
4981,427,32,273132.29,10,445.37,60,26671.01,539.84,1,2757,1776,Mobile,Public,Credit Card,Electronics,No,Yes,6,46,1
4982,502,50,82269.78,11,115.93,68,37024.5,145.75,0,1306,2372,Tablet,Unknown,Credit Card,Shopping,No,No,38,84,1
4983,730,33,151584.5,0,462.66,128,39635.02,392.66,2,877,425,Tablet,Work,Contactless,Grocery,No,No,32,16,1
4984,71,28,287611.33,1,100.5,26,12229.66,312.2,6,1436,1498,Tablet,Work,Online Banking,Shopping,No,Yes,6,84,1
4985,478,37,51801.6,15,479.64,137,22969.22,400.71,9,3410,2369,POS,Work,Digital Wallet,Travel,No,Yes,54,34,1
4986,457,55,215927.21,1,281.63,35,26533.9,97.67,8,605,377,POS,Work,Credit Card,Shopping,No,No,51,24,1
4987,189,41,184382.85,18,410.94,106,7229.67,260.15,9,574,1318,Mobile,Online,Digital Wallet,Shopping,No,Yes,96,8,1
4988,291,33,203934.57,9,550.49,24,32946.92,480.2,8,87,794,Mobile,Home,Online Banking,Food,No,No,98,68,1
4989,920,47,105430.77,18,245.35,83,7686.05,402.19,7,3919,73,POS,Public,Contactless,Shopping,No,Yes,34,30,1
4990,292,51,94232.42,9,140.16,36,70494.06,395.3,5,2141,104,Tablet,Work,Credit Card,Grocery,No,No,76,53,1
4991,756,18,205294.48,15,520.36,101,38911.75,367.85,0,928,82,Mobile,Public,Contactless,Entertainment,Yes,No,9,53,1
4992,377,41,64741.43,12,97.39,34,33011.86,679.6,7,2202,2143,POS,Online,Credit Card,Electronics,No,Yes,5,65,1
4993,1180,41,125954.46,15,379.07,121,13088.96,672.9,7,2138,67,Mobile,Unknown,Credit Card,Shopping,No,No,81,27,1
4994,508,26,56533.58,17,553.99,39,23037.11,259.37,8,409,795,Laptop,Unknown,Contactless,Online Services,No,Yes,92,95,1
4995,528,39,2590.62,23,404.8,23,23654.17,253.43,9,1007,2494,Mobile,Work,Digital Wallet,Travel,No,No,61,13,1
4996,559,29,291020.2,7,117.81,80,98527.82,399.57,5,1814,740,POS,Online,Online Banking,Online Services,No,Yes,86,86,1
4997,1055,34,129567.72,23,91.79,70,83617.26,68.93,2,1191,777,POS,Online,Contactless,Food,No,No,6,7,1
4998,260,42,290807.95,17,151.76,59,2018.6,218.23,5,95,1522,Laptop,Online,Digital Wallet,Online Services,No,Yes,50,80,1
4999,421,45,42183.02,12,235.15,22,61875.24,166.3,7,1232,1108,POS,Online,Credit Card,Online Services,No,Yes,32,27,1
5000,304,32,176251.3,6,95.92,109,25963.05,160.92,6,2043,145,POS,Work,Online Banking,Food,No,Yes,19,36,1
