Customer_ID,Age,Gender,City,Monthly_Income,Family_Size,Monthly_Shopping_Visits,Average_Order_Value,Online_Shopping_Percentage,Loyalty_Years,Discount_Usage,Website_Visits,Customer_Rating,Annual_Spending
10001,56,Male,Kathmandu,172697,1,11,12763,76,11.5,63,56,3.0,199519.1
10002,46,Female,Kathmandu,148557,7,11,2563,100,4.2,49,23,1.3,82463.12
10003,32,Male,Kathmandu,47076,6,13,4142,65,12.0,86,17,4.9,83272.7
10004,60,Female,Pokhara,215877,5,11,2500,40,10.2,14,80,1.2,122202.34
10005,25,Female,Bhaktapur,64605,2,18,14761,74,7.5,94,38,4.0,149793.83
10006,38,Male,Chitwan,104565,4,15,13699,87,1.0,72,72,3.1,155048.61
10007,56,Male,Kathmandu,239581,7,1,1794,69,10.9,52,83,2.5,102777.33
10008,36,Female,Pokhara,59121,7,7,4565,60,6.9,24,30,1.3,56328.83
10009,40,Male,Pokhara,216173,6,13,14590,25,10.5,88,58,3.5,227305.42
10010,28,Female,Pokhara,51433,4,12,11444,70,10.1,84,98,3.3,141817.99
10011,28,Male,Bhaktapur,63309,5,18,8514,82,10.1,8,78,2.1,131843.12
10012,41,Male,Chitwan,87468,5,19,10445,69,8.5,37,22,4.6,170937.46
10013,53,Female,Bhaktapur,195326,7,15,12902,28,3.9,21,17,2.2,181650.52
10014,57,Male,Lalitpur,87293,2,8,2103,65,4.4,86,15,2.8,72750.81
10015,41,Female,Pokhara,116258,2,19,1822,18,4.0,48,48,3.2,77558.33
10016,20,Male,Lalitpur,188925,1,10,6456,67,0.7,67,32,1.4,172572.02
10017,39,Female,Biratnagar,58405,4,7,2941,57,7.2,92,77,4.7,25455.05
10018,19,Female,Kathmandu,217724,4,18,1598,69,8.5,14,85,2.5,114372.47
10019,41,Male,Kathmandu,63527,5,16,5573,56,10.3,64,40,1.3,105178.81
10020,61,Female,Bhaktapur,97227,1,20,10197,36,2.1,53,97,2.5,130891.87
10021,47,Male,Chitwan,151564,6,6,9818,60,6.8,29,57,3.4,163472.47
10022,55,Male,Lalitpur,244490,4,9,8988,91,0.6,92,58,3.1,173484.31
10023,19,Male,Chitwan,159883,1,13,11741,29,1.6,19,91,3.8,186321.28
10024,38,Female,Bhaktapur,113344,1,8,10917,70,1.1,32,99,1.2,132254.56
10025,50,Female,Kathmandu,175344,7,16,13850,72,8.8,99,16,2.1,198053.03
10026,29,Male,Chitwan,245007,5,13,13046,24,1.4,85,28,4.3,208730.72
10027,39,Male,Chitwan,223082,1,13,4287,96,8.7,76,98,1.3,150951.54
10028,61,Female,Kathmandu,243564,2,17,14842,64,3.4,6,1,4.4,226554.59
10029,42,Male,Lalitpur,67153,2,20,2596,5,10.6,7,41,1.4,92438.01
10030,44,Male,Kathmandu,128042,3,5,12301,17,9.9,27,48,4.3,143374.11
10031,59,Female,Chitwan,74110,5,17,2708,9,11.5,44,31,2.4,76917.01
10032,45,Male,Lalitpur,165051,7,9,6488,91,10.7,72,36,3.4,120294.63
10033,33,Female,Lalitpur,48328,6,2,675,10,11.2,88,33,1.6,51778.96
10034,32,Male,Kathmandu,132911,3,18,7669,96,10.4,79,33,1.3,127811.85
10035,64,Female,Chitwan,32867,2,9,13788,64,8.5,73,82,1.9,114810.77
10036,61,Male,Bhaktapur,79234,7,6,6514,76,2.5,10,23,1.5,104255.91
10037,20,Male,Chitwan,45851,3,11,11194,100,3.6,30,60,2.2,126484.28
10038,54,Female,Pokhara,51279,5,6,12691,83,2.9,11,87,3.1,148605.09
10039,24,Male,Biratnagar,247135,7,6,2167,64,7.4,94,79,3.4,150038.38
10040,38,Female,Bhaktapur,93402,5,13,13063,51,6.3,77,90,4.2,171495.72
10041,26,Male,Lalitpur,35449,1,11,11237,66,10.5,50,30,3.6,135304.57
10042,56,Female,Bhaktapur,96221,4,14,9367,81,11.5,43,89,3.4,148044.29
10043,35,Female,Lalitpur,109080,1,2,2323,77,5.2,95,45,2.6,58542.4
10044,21,Female,Lalitpur,25451,5,8,5647,30,6.3,49,80,2.9,74255.13
10045,42,Female,Bhaktapur,107178,7,3,1856,90,11.7,16,39,2.7,110928.78
10046,31,Male,Lalitpur,192388,2,3,3572,16,3.7,34,45,4.4,105363.51
10047,26,Male,Lalitpur,214136,6,1,3759,54,9.6,0,78,1.9,129729.4
10048,43,Female,Pokhara,83761,2,19,6699,92,3.1,28,81,1.0,131004.62
10049,19,Female,Chitwan,58870,7,18,1046,35,8.3,50,12,3.6,28523.17
10050,37,Female,Chitwan,116566,1,17,5731,100,3.4,63,93,1.8,126907.96
10051,45,Male,Biratnagar,143749,6,20,8465,25,10.7,3,32,4.6,125678.95
10052,64,Male,Biratnagar,143765,7,13,2583,52,7.0,86,56,4.4,101639.58
10053,24,Male,Pokhara,144881,5,3,2540,16,2.6,27,24,1.3,77832.21
10054,61,Male,Biratnagar,181945,2,1,5034,85,3.1,15,13,1.4,126268.75
10055,25,Female,Bhaktapur,148389,5,4,2252,24,6.2,62,20,3.0,68225.03
10056,64,Female,Kathmandu,209699,6,13,10307,1,11.6,75,79,3.4,178105.15
10057,52,Female,Kathmandu,217227,6,17,2349,85,9.4,52,56,2.1,137172.24
10058,31,Male,Kathmandu,45372,2,11,3142,4,6.1,84,53,3.9,53748.71
10059,34,Male,Pokhara,23642,5,2,2100,3,4.4,16,68,3.4,52047.43
10060,53,Male,Pokhara,179073,3,16,12088,35,6.8,39,54,2.3,188367.1
10061,57,Female,Lalitpur,54064,5,2,14451,5,9.1,12,34,1.1,144894.12
10062,21,Female,Kathmandu,245898,6,19,4902,20,9.5,51,28,4.0,146979.99
10063,19,Male,Bhaktapur,34122,5,19,12297,76,4.2,57,50,1.9,134611.27
10064,23,Female,Biratnagar,175892,7,16,4299,100,8.8,95,2,4.3,118381.47
10065,59,Male,Bhaktapur,88431,1,19,1118,88,8.1,36,94,2.7,90448.6
10066,21,Male,Biratnagar,75745,3,9,1632,25,11.5,78,26,3.3,59217.56
10067,46,Female,Kathmandu,70081,4,1,5991,54,11.2,75,51,4.5,90900.89
10068,35,Male,Kathmandu,221974,7,10,14167,38,9.6,60,47,4.5,230560.68
10069,43,Female,Kathmandu,159783,1,19,6295,83,8.8,78,26,2.5,130622.11
10070,61,Male,Pokhara,236204,4,1,10807,32,3.7,33,84,1.8,178111.83
10071,51,Female,Biratnagar,169865,2,2,11031,13,10.2,69,92,4.1,138905.79
10072,27,Female,Pokhara,159271,4,16,11431,55,5.4,16,84,2.7,161060.3
10073,53,Female,Pokhara,96253,7,12,12968,99,3.6,19,75,1.8,149943.14
10074,31,Male,Chitwan,56191,5,8,8133,80,4.9,72,74,4.6,101878.89
10075,48,Male,Bhaktapur,30211,7,18,1987,20,10.1,58,61,1.8,44007.76
10076,65,Female,Bhaktapur,131086,4,2,8348,45,2.2,68,23,1.1,134809.85
10077,32,Female,Lalitpur,214141,6,13,5509,15,5.7,86,37,1.1,122734.14
10078,25,Male,Pokhara,239968,1,6,10249,15,6.2,32,41,3.5,174931.4
10079,31,Male,Biratnagar,207818,1,6,2613,83,0.9,77,52,3.6,112975.11
10080,40,Male,Chitwan,172614,4,9,1544,28,2.8,16,83,2.2,75971.67
10081,57,Female,Chitwan,182384,1,16,14423,91,10.0,56,82,2.3,241658.28
10082,38,Male,Bhaktapur,196314,6,11,2931,7,10.1,82,49,2.4,127190.25
10083,33,Male,Pokhara,121971,7,7,8479,87,3.9,96,27,3.7,108780.55
10084,62,Female,Lalitpur,113783,1,10,14426,2,10.6,0,6,1.2,192177.06
10085,35,Male,Pokhara,145681,4,10,2082,88,9.4,12,74,4.7,121889.97
10086,64,Male,Kathmandu,107893,3,20,14874,18,5.3,26,66,1.9,165172.83
10087,41,Male,Pokhara,206460,3,18,1808,96,9.1,69,24,5.0,101987.5
10088,43,Female,Kathmandu,178763,2,20,5417,65,11.6,58,38,1.7,131526.85
10089,42,Female,Kathmandu,97960,1,9,9293,78,5.8,5,28,4.1,112381.92
10090,62,Female,Lalitpur,104388,7,15,2120,85,3.2,96,28,1.9,58641.47
10091,58,Female,Biratnagar,42601,4,4,13572,73,11.3,93,66,1.3,146244.48
10092,46,Female,Bhaktapur,169092,1,8,8003,81,7.4,98,61,4.5,159428.49
10093,32,Female,Pokhara,159227,5,9,13999,21,1.7,22,46,4.4,183099.83
10094,62,Female,Kathmandu,220191,6,13,5266,45,7.1,9,69,2.6,144164.53
10095,18,Male,Pokhara,232123,1,9,5862,90,6.3,50,75,3.8,151631.45
10096,42,Male,Biratnagar,187849,1,4,5692,12,10.3,18,74,3.2,120273.81
10097,24,Female,Bhaktapur,39710,3,17,7122,32,6.6,50,43,4.4,105540.27
10098,26,Male,Biratnagar,128714,6,16,6593,4,3.4,91,59,2.3,122144.51
10099,41,Male,Bhaktapur,175604,4,15,7204,89,8.3,86,2,3.1,134300.67
10100,18,Female,Chitwan,148727,1,3,600,76,6.7,67,15,2.9,59427.12
10101,61,Male,Bhaktapur,169673,3,20,7157,26,3.2,83,37,2.4,158233.12
10102,25,Male,Lalitpur,83227,2,5,6375,77,7.1,82,71,4.6,111630.41
10103,41,Male,Biratnagar,156039,6,5,4771,23,9.9,41,20,1.7,117206.17
10104,28,Male,Kathmandu,104289,3,20,737,66,0.8,90,98,1.6,73319.37
10105,34,Male,Chitwan,171094,3,15,7726,62,7.8,56,35,3.3,130723.64
10106,25,Female,Lalitpur,194535,7,18,8532,93,4.5,97,34,3.6,181672.4
10107,52,Female,Pokhara,225743,3,15,5718,98,3.9,67,86,1.8,147391.58
10108,52,Female,Biratnagar,25722,7,2,4525,47,5.0,37,31,2.6,70883.33
10109,50,Male,Kathmandu,178485,1,13,11610,62,4.4,61,87,4.8,206586.24
10110,22,Female,Bhaktapur,243844,1,4,6573,77,10.1,6,19,2.0,165460.04
10111,59,Male,Kathmandu,101050,2,10,3042,11,3.7,70,68,3.7,60931.32
10112,56,Male,Pokhara,236939,5,13,10695,27,8.9,49,24,4.0,154556.59
10113,58,Male,Chitwan,103596,5,10,2037,43,1.6,51,84,2.8,70608.36
10114,45,Male,Chitwan,86732,5,9,1254,92,11.4,25,39,4.8,77920.37
10115,24,Female,Biratnagar,163369,7,8,12060,42,7.7,25,92,3.9,173367.52
10116,26,Female,Chitwan,88323,6,3,10950,16,8.6,18,54,2.8,141258.33
10117,25,Male,Biratnagar,43816,6,16,13934,39,3.9,8,39,3.3,153512.77
10118,29,Female,Biratnagar,60695,2,14,7896,48,5.2,60,17,3.8,119540.17
10119,51,Male,Biratnagar,170774,6,9,12357,84,3.1,19,19,3.4,172048.42
10120,50,Female,Bhaktapur,176314,5,11,8323,56,11.2,49,48,4.5,159233.77
10121,65,Female,Lalitpur,75841,5,3,6007,86,6.1,79,35,2.4,90551.35
10122,40,Male,Biratnagar,148498,3,5,4735,83,7.8,80,32,2.2,112648.22
10123,41,Female,Biratnagar,218784,6,10,1040,63,8.9,21,47,1.9,103616.63
10124,54,Male,Lalitpur,236735,1,13,6010,74,4.8,12,47,1.2,147877.77
10125,52,Female,Kathmandu,127096,1,4,8961,56,8.8,11,64,1.2,136636.26
10126,61,Male,Biratnagar,112764,3,13,8426,97,8.3,9,46,4.5,142629.39
10127,57,Male,Bhaktapur,204646,3,12,5631,73,8.6,64,35,3.7,131844.39
10128,39,Female,Chitwan,105744,3,5,14678,73,6.1,95,94,3.6,174719.49
10129,44,Female,Chitwan,48482,1,10,12152,69,4.9,29,17,3.5,162153.55
10130,52,Male,Pokhara,29171,5,9,12100,99,3.1,7,42,4.4,142925.84
10131,18,Female,Pokhara,120755,3,20,9197,87,10.0,20,29,2.9,136144.03
10132,52,Female,Chitwan,128125,2,7,1629,75,7.5,21,70,4.5,101615.84
10133,54,Male,Chitwan,150722,7,2,10771,42,5.6,17,17,2.4,160941.58
10134,64,Male,Bhaktapur,126082,3,7,3645,22,11.4,65,81,4.7,103769.91
10135,31,Female,Lalitpur,23696,7,8,11934,26,1.1,47,14,3.8,100286.01
10136,20,Male,Pokhara,146310,4,7,14660,57,10.3,43,24,2.0,180515.79
10137,18,Male,Lalitpur,171130,3,14,13880,36,12.0,8,57,3.3,209213.1
10138,22,Male,Bhaktapur,171385,1,19,13600,5,10.7,66,50,3.1,187091.25
10139,43,Female,Chitwan,39149,6,5,9053,64,9.8,53,57,1.6,128184.47
10140,31,Female,Biratnagar,150064,3,18,4220,5,4.8,25,61,3.4,130484.5
10141,56,Male,Lalitpur,73521,6,20,10148,49,3.2,84,39,2.3,124994.28
10142,44,Female,Chitwan,65740,4,12,13716,21,9.0,93,55,1.2,173168.71
10143,26,Male,Chitwan,126611,2,17,4567,87,4.0,91,96,4.8,106916.62
10144,32,Female,Kathmandu,156028,6,13,4695,24,2.5,99,36,3.6,94204.52
10145,32,Male,Lalitpur,226803,7,2,10373,78,9.5,25,37,4.5,204049.18
10146,43,Male,Biratnagar,233684,5,13,14844,89,4.1,33,14,3.7,244509.4
10147,59,Female,Lalitpur,86641,3,7,9744,71,11.0,7,27,2.4,166503.72
10148,30,Male,Chitwan,83811,4,10,7781,50,10.2,9,83,3.1,130541.68
10149,49,Female,Biratnagar,203232,4,6,3009,87,10.2,47,31,3.7,136364.86
10150,56,Female,Bhaktapur,202385,6,3,5516,47,9.4,54,73,4.8,146812.01
10151,49,Male,Kathmandu,83232,2,3,7033,69,10.6,53,81,2.0,137945.88
10152,21,Male,Chitwan,35417,1,18,5227,98,9.8,77,83,4.5,102101.21
10153,47,Female,Pokhara,175801,3,11,1181,64,7.4,39,44,4.7,110594.61
10154,54,Male,Pokhara,132492,4,20,14992,59,3.9,14,68,3.7,177546.92
10155,40,Male,Kathmandu,50099,2,5,4432,45,10.7,80,48,4.7,77543.21
10156,56,Male,Bhaktapur,249206,5,19,10821,35,10.2,17,57,2.6,218554.64
10157,62,Male,Chitwan,181033,4,19,13541,57,5.9,95,75,4.8,212499.14
10158,32,Male,Lalitpur,163674,2,15,6060,75,0.9,22,22,3.8,137369.45
10159,60,Female,Kathmandu,138474,1,16,4516,37,7.8,61,4,1.2,107373.72
10160,46,Female,Bhaktapur,29256,1,9,7839,10,1.1,45,81,4.6,81221.27
10161,53,Male,Lalitpur,237192,4,4,11994,11,11.2,86,72,2.9,203945.0
10162,30,Male,Pokhara,54681,7,15,1219,41,11.6,98,46,2.8,58345.87
10163,49,Male,Pokhara,111328,4,12,574,38,2.7,38,59,3.3,66252.91
10164,24,Female,Lalitpur,238512,6,3,9985,70,8.3,14,34,1.6,170181.22
10165,39,Male,Kathmandu,215861,3,14,10614,10,1.6,52,11,2.9,166555.35
10166,45,Female,Pokhara,63361,2,17,4657,35,8.9,87,31,4.3,85452.34
10167,19,Female,Chitwan,215575,4,19,13661,51,4.5,63,11,1.1,168795.93
10168,59,Female,Biratnagar,54540,3,6,9011,30,8.3,62,56,2.1,126254.57
10169,62,Male,Lalitpur,177608,6,4,2649,32,4.8,91,38,1.0,97005.04
10170,23,Female,Lalitpur,104700,3,7,10144,12,2.2,79,21,2.7,129996.78
10171,45,Male,Pokhara,214115,4,19,13661,17,5.2,15,94,3.9,206155.81
10172,45,Female,Kathmandu,98532,1,17,14533,40,1.8,69,10,4.2,175083.96
10173,61,Male,Chitwan,207647,2,16,10247,57,7.1,65,26,4.8,168593.56
10174,61,Female,Kathmandu,147626,2,15,7213,55,1.0,12,91,3.4,124180.89
10175,37,Male,Bhaktapur,153943,1,8,4707,23,6.6,46,8,2.0,116981.0
10176,47,Female,Bhaktapur,66002,7,19,11724,72,10.7,8,8,4.7,153590.13
10177,28,Male,Biratnagar,69812,4,8,7641,30,10.1,62,60,4.1,94168.2
10178,45,Male,Pokhara,173698,2,18,9152,54,10.7,33,72,3.3,195430.86
10179,42,Male,Pokhara,211051,4,16,9578,9,11.1,80,34,3.8,166404.39
10180,56,Male,Pokhara,227129,6,20,12225,59,1.7,90,16,4.7,191556.25
10181,50,Female,Biratnagar,128946,4,19,4436,1,2.0,28,13,3.8,120210.91
10182,18,Female,Bhaktapur,86668,3,10,9807,14,6.9,36,87,2.5,103723.08
10183,44,Male,Kathmandu,119003,1,17,1575,2,10.8,42,76,3.9,63147.14
10184,30,Female,Biratnagar,231142,7,13,4376,42,11.7,85,91,1.2,155126.71
10185,58,Male,Biratnagar,240462,4,13,5115,30,1.0,63,22,2.5,98403.65
10186,20,Male,Kathmandu,62998,7,7,13599,69,4.6,23,96,2.6,125168.9
10187,56,Female,Pokhara,214886,7,10,7765,66,2.9,70,27,1.7,168087.47
10188,23,Male,Chitwan,124601,6,2,6879,55,9.2,33,64,1.1,116179.25
10189,25,Male,Kathmandu,196679,5,4,10616,62,7.9,47,2,1.5,202846.99
10190,44,Female,Bhaktapur,27812,1,6,14392,74,1.9,11,97,3.6,134508.65
10191,26,Male,Lalitpur,81844,7,18,9618,14,6.1,22,26,4.2,121502.17
10192,54,Male,Lalitpur,221165,2,6,5152,91,8.4,78,92,5.0,161013.21
10193,50,Male,Biratnagar,153251,3,17,7292,9,9.5,96,83,2.4,149166.78
10194,59,Male,Lalitpur,194870,2,14,10973,37,0.7,12,69,3.4,172115.01
10195,61,Female,Chitwan,94601,6,11,9747,46,10.7,86,97,4.7,135859.45
10196,41,Female,Pokhara,159347,6,19,7956,56,7.0,95,84,1.7,152009.88
10197,32,Female,Bhaktapur,201646,2,2,5174,49,9.8,44,30,3.9,156541.39
10198,49,Male,Chitwan,67857,1,3,1041,70,9.8,98,8,4.0,65890.08
10199,49,Male,Bhaktapur,145555,2,11,2661,14,2.7,64,38,1.4,75625.22
10200,41,Female,Bhaktapur,40700,4,6,2751,17,1.8,46,61,4.4,35596.41
10201,58,Male,Pokhara,190536,2,14,9744,81,8.8,57,81,4.3,170677.77
10202,29,Male,Biratnagar,193423,3,19,5069,87,2.3,4,65,1.1,115163.91
10203,56,Male,Lalitpur,113330,3,16,3244,1,10.3,76,67,1.4,95938.64
10204,19,Male,Pokhara,245391,5,7,12561,83,8.9,4,46,1.2,225581.64
10205,20,Female,Chitwan,233606,3,8,13692,97,10.2,59,90,2.3,226258.0
10206,54,Female,Biratnagar,164941,2,19,6541,42,3.9,95,95,3.0,163563.85
10207,34,Female,Chitwan,211387,3,20,13173,25,4.1,20,72,3.1,232170.67
10208,19,Male,Biratnagar,244760,1,16,12849,70,8.2,23,43,2.1,223824.03
10209,19,Female,Chitwan,172026,7,7,13302,37,0.9,17,59,4.6,191364.17
10210,45,Female,Pokhara,182627,3,9,13217,93,8.9,20,46,2.5,186408.58
10211,40,Male,Biratnagar,83353,4,13,5175,41,10.1,53,72,1.2,95451.45
10212,54,Male,Biratnagar,233262,1,1,2060,4,5.3,9,35,2.2,131115.76
10213,49,Female,Bhaktapur,196098,5,8,12454,10,9.3,23,39,3.1,181897.21
10214,50,Female,Bhaktapur,120772,4,4,1664,64,2.5,84,92,2.6,97162.9
10215,18,Female,Kathmandu,198048,2,3,5919,33,4.2,88,51,2.1,147807.26
10216,36,Female,Chitwan,231650,7,3,3222,0,11.7,59,4,1.5,133437.86
10217,19,Male,Bhaktapur,111502,2,13,11050,82,11.8,56,80,4.3,150305.28
10218,61,Female,Kathmandu,133943,7,8,970,1,6.4,22,77,5.0,72320.25
10219,43,Female,Bhaktapur,129850,7,7,10108,84,11.2,21,84,2.3,170434.63
10220,49,Male,Chitwan,65095,2,1,14453,19,6.5,67,51,2.5,140451.03
10221,23,Female,Biratnagar,165342,4,16,1968,60,3.9,33,5,3.5,89022.54
10222,49,Male,Lalitpur,181980,4,6,8425,86,3.6,69,55,3.9,163004.96
10223,21,Male,Chitwan,35523,7,7,1308,20,11.2,27,20,2.6,36094.47
10224,28,Male,Pokhara,82433,4,12,8863,87,2.5,94,24,4.6,104908.73
10225,34,Female,Bhaktapur,198140,7,9,7219,67,7.2,98,36,3.2,120739.38
10226,55,Female,Bhaktapur,39991,7,11,12818,11,6.9,38,34,2.8,128601.34
10227,41,Male,Biratnagar,30775,1,10,12834,21,9.0,41,54,3.6,152350.97
10228,22,Female,Pokhara,228873,6,1,12917,19,6.2,22,34,4.8,185877.99
10229,51,Female,Biratnagar,104995,1,18,11091,81,3.6,69,83,4.2,156474.33
10230,23,Male,Pokhara,212322,2,4,5573,0,2.4,79,17,1.2,120563.56
10231,39,Male,Lalitpur,167745,6,5,8512,29,7.6,1,5,2.3,132187.4
10232,28,Female,Bhaktapur,142808,3,9,2145,96,8.8,23,89,2.9,115448.38
10233,65,Male,Bhaktapur,178128,2,17,14392,23,7.0,16,18,2.3,224624.88
10234,33,Female,Lalitpur,157686,5,3,8749,13,9.0,64,55,3.8,161357.17
10235,50,Female,Kathmandu,27415,1,16,1629,35,2.1,69,53,4.3,32568.2
10236,26,Female,Biratnagar,239763,4,5,1853,68,10.6,68,50,3.9,157296.53
10237,23,Female,Lalitpur,194956,1,16,1267,74,7.2,59,72,5.0,127681.64
10238,33,Male,Biratnagar,168036,4,3,4395,23,2.0,49,91,2.1,102432.24
10239,46,Male,Chitwan,188798,6,20,9374,59,5.8,92,79,4.5,159181.4
10240,20,Male,Bhaktapur,57044,5,15,3954,94,10.2,11,45,4.1,103832.99
10241,37,Male,Biratnagar,208221,6,3,10700,54,10.8,46,13,2.4,182053.89
10242,53,Female,Pokhara,188616,5,20,7829,76,3.5,66,16,3.9,136776.13
10243,36,Female,Biratnagar,69976,1,14,11834,79,8.7,64,86,1.4,151631.97
10244,43,Male,Chitwan,183324,4,16,2290,23,1.6,26,84,4.2,98475.45
10245,20,Female,Bhaktapur,23832,6,17,10169,76,0.9,47,13,3.1,92042.31
10246,36,Female,Lalitpur,241883,5,20,1385,23,6.9,87,20,2.2,131197.84
10247,37,Female,Chitwan,231509,7,18,8234,53,8.5,61,66,3.6,189186.01
10248,49,Male,Bhaktapur,54148,2,18,4406,25,9.7,43,99,3.6,103897.92
10249,24,Male,Biratnagar,212312,2,14,4992,65,4.4,18,47,1.8,150255.26
10250,58,Male,Kathmandu,239526,6,18,10230,79,0.6,58,19,1.1,165673.59
10251,50,Female,Kathmandu,132230,4,15,2573,37,6.0,7,45,2.7,81869.19
10252,57,Male,Pokhara,105076,7,15,812,64,0.7,54,37,3.3,80032.46
10253,56,Male,Bhaktapur,228188,6,6,6769,74,1.6,46,54,4.5,152357.98
10254,35,Male,Kathmandu,204531,1,15,14376,50,4.3,1,6,4.7,185686.79
10255,57,Male,Lalitpur,58402,5,18,5817,34,5.5,93,14,3.1,88170.86
10256,18,Male,Bhaktapur,208799,1,4,1310,42,3.7,93,4,4.0,104481.52
10257,28,Male,Lalitpur,58578,2,8,10927,28,7.2,38,86,2.8,142838.92
10258,45,Female,Lalitpur,110453,5,15,7341,36,1.1,44,55,4.0,100578.51
10259,42,Female,Kathmandu,173390,6,3,11549,80,2.2,31,100,1.8,201939.32
10260,40,Male,Bhaktapur,95715,1,15,11455,57,8.5,64,34,2.5,130351.33
10261,48,Male,Biratnagar,228859,3,13,2532,53,2.1,37,27,3.5,118690.1
10262,47,Female,Chitwan,131435,4,9,10199,38,7.9,76,7,1.1,170022.54
10263,59,Female,Kathmandu,236101,7,2,13237,41,1.1,10,3,3.9,202916.21
10264,52,Male,Kathmandu,171538,7,8,11262,27,5.2,9,47,4.3,181547.59
10265,24,Male,Biratnagar,115742,4,20,10586,28,2.5,58,97,2.6,134370.24
10266,33,Male,Bhaktapur,65475,3,17,14165,42,1.8,89,2,2.8,153461.95
10267,43,Male,Bhaktapur,80142,2,13,7629,2,7.0,54,80,4.4,115542.66
10268,65,Female,Lalitpur,236232,5,1,3205,9,11.2,19,25,4.1,112550.54
10269,19,Male,Biratnagar,177636,4,2,9288,58,1.1,80,60,2.2,161202.67
10270,18,Male,Biratnagar,173484,3,15,2647,13,5.3,16,79,2.3,94683.1
10271,65,Male,Bhaktapur,113526,6,12,1115,75,8.6,67,24,3.7,63270.23
10272,29,Male,Lalitpur,71001,7,14,1447,46,5.8,4,15,3.3,62415.04
10273,22,Female,Kathmandu,77649,3,2,6177,41,9.8,59,95,1.6,102734.47
10274,54,Female,Pokhara,212029,2,18,5151,93,2.6,22,14,2.2,139177.47
10275,49,Female,Chitwan,186589,2,7,13065,31,11.5,45,54,4.6,197448.66
10276,26,Male,Kathmandu,164228,1,6,12456,31,4.9,51,78,3.8,201223.71
10277,58,Male,Bhaktapur,174136,4,14,8366,41,4.4,9,6,4.9,132550.14
10278,52,Female,Chitwan,45711,1,8,2513,31,10.6,45,78,4.1,61900.72
10279,36,Male,Pokhara,50106,7,2,4197,25,7.0,27,81,4.8,80980.67
10280,65,Male,Pokhara,85458,3,17,990,0,6.4,96,18,1.9,39561.53
10281,33,Female,Lalitpur,167661,5,5,4850,55,8.9,42,20,4.1,103918.0
10282,20,Female,Chitwan,240344,5,14,2928,1,7.2,25,62,1.1,131860.56
10283,37,Female,Lalitpur,150429,2,20,5487,80,2.4,54,81,3.7,138616.45
10284,41,Female,Kathmandu,237583,5,3,9233,29,8.3,47,80,2.9,196116.22
10285,50,Male,Biratnagar,121754,5,5,9979,70,2.0,28,40,2.4,138052.0
10286,41,Male,Biratnagar,158286,7,16,10325,51,9.8,26,39,4.4,157818.11
10287,28,Female,Biratnagar,247189,5,18,5420,90,11.9,17,52,4.4,173911.1
10288,25,Male,Chitwan,236803,3,17,3426,8,4.8,59,32,1.1,135721.12
10289,53,Female,Biratnagar,146479,5,11,10044,21,5.6,73,73,3.4,157367.56
10290,55,Female,Kathmandu,178199,6,17,7782,33,1.0,68,27,2.5,155128.2
10291,57,Male,Lalitpur,156213,5,16,4876,48,0.7,73,52,2.7,94270.13
10292,37,Female,Chitwan,48884,5,2,9990,0,11.1,20,97,4.3,116104.76
10293,52,Male,Lalitpur,241493,1,4,5368,72,2.0,23,63,2.2,162586.79
10294,65,Male,Chitwan,22708,3,7,7486,83,5.6,2,74,4.8,75090.5
10295,42,Male,Lalitpur,38375,2,2,7362,52,9.9,94,63,1.7,89246.46
10296,52,Male,Pokhara,35088,1,6,12659,82,10.7,61,17,3.7,130559.7
10297,42,Female,Lalitpur,77615,4,17,4923,99,6.5,100,49,3.7,72246.18
10298,46,Male,Biratnagar,130138,3,7,10950,39,7.0,1,100,2.0,159181.07
10299,35,Female,Pokhara,196118,6,5,7370,44,8.2,65,81,2.3,163475.71
10300,63,Female,Lalitpur,30014,3,5,13710,67,11.6,41,82,4.3,158089.82
10301,35,Female,Chitwan,215497,4,20,13339,8,7.4,33,23,4.0,217840.01
10302,19,Female,Chitwan,154345,4,16,8659,21,6.9,41,98,2.3,170772.09
10303,52,Male,Chitwan,198207,4,19,2573,17,0.7,19,72,3.1,103681.97
10304,33,Male,Bhaktapur,122842,7,9,6670,75,1.4,96,13,1.2,144347.39
10305,58,Female,Kathmandu,181953,2,5,1201,42,7.1,67,23,1.8,85560.32
10306,53,Female,Chitwan,248094,5,8,10611,38,11.3,44,57,2.9,197462.93
10307,50,Male,Pokhara,98077,3,9,8613,72,10.5,74,62,1.3,122936.64
10308,21,Female,Chitwan,159784,7,5,7325,5,11.8,41,54,4.4,148325.24
10309,50,Male,Bhaktapur,225776,5,10,11152,82,6.6,46,20,3.9,186480.05
10310,31,Female,Biratnagar,72874,5,2,12954,47,9.6,4,86,4.8,158554.52
10311,38,Male,Pokhara,89087,6,9,8367,6,10.2,88,52,3.8,118508.25
10312,65,Female,Bhaktapur,32297,4,11,4764,79,8.0,48,23,4.8,72427.38
10313,37,Female,Biratnagar,47128,2,4,8468,68,4.4,36,35,3.2,105133.09
10314,25,Male,Pokhara,88368,6,2,8646,15,5.9,33,67,3.4,111063.45
10315,24,Female,Lalitpur,245091,1,6,13016,0,10.4,72,34,4.9,207500.42
10316,20,Female,Kathmandu,238671,7,14,14790,36,3.9,69,33,3.6,234247.62
10317,34,Male,Kathmandu,239571,7,1,8276,82,11.1,17,46,1.1,171705.01
10318,50,Female,Bhaktapur,98958,2,18,9058,36,3.1,77,81,3.9,138012.59
10319,65,Male,Biratnagar,52920,5,7,9219,80,9.1,18,45,4.6,108171.62
10320,29,Male,Kathmandu,162228,7,1,5386,63,7.8,77,19,4.2,110217.45
10321,39,Female,Biratnagar,162180,2,1,12410,89,9.1,39,94,3.3,170524.59
10322,39,Female,Biratnagar,182917,7,1,12301,85,5.5,16,87,3.7,215165.45
10323,63,Female,Bhaktapur,153872,7,4,4435,61,11.2,59,15,5.0,133977.1
10324,47,Female,Bhaktapur,193784,4,4,5119,71,7.8,98,78,1.4,142428.28
10325,55,Female,Bhaktapur,153682,1,18,5691,60,3.8,92,66,3.7,157803.24
10326,55,Female,Kathmandu,97603,4,11,14456,32,7.8,41,39,2.1,183703.34
10327,62,Female,Bhaktapur,53872,1,1,10845,65,3.8,80,18,3.6,116525.56
10328,25,Male,Kathmandu,30728,7,10,7375,29,3.9,71,70,3.4,93502.6
10329,44,Female,Bhaktapur,115102,6,9,10600,19,5.1,64,59,1.6,162157.5
10330,44,Male,Chitwan,246391,5,4,11704,59,10.3,52,32,1.8,189854.11
10331,51,Female,Biratnagar,142049,7,6,8356,81,6.3,99,21,3.5,116452.88
10332,38,Female,Bhaktapur,40583,1,16,5901,73,8.3,6,40,1.5,98313.24
10333,47,Male,Pokhara,105774,1,2,12920,23,5.0,4,92,2.1,153918.15
10334,50,Female,Biratnagar,158335,1,18,3522,3,3.5,23,27,4.3,68774.73
10335,45,Female,Biratnagar,146374,7,10,12175,36,11.5,27,2,2.3,152386.9
10336,64,Male,Bhaktapur,218522,2,17,11412,3,7.4,61,97,3.0,193307.33
10337,50,Female,Lalitpur,240357,6,13,6238,76,11.2,16,80,4.8,173441.78
10338,22,Female,Bhaktapur,170528,2,18,6484,88,2.8,100,39,1.9,134266.34
10339,65,Female,Biratnagar,111118,5,13,2270,76,2.2,19,86,2.6,111689.25
10340,36,Male,Pokhara,85942,7,17,12805,17,10.3,2,56,3.4,159745.32
10341,21,Female,Biratnagar,33689,1,5,10469,87,8.3,36,13,4.0,124555.03
10342,52,Female,Pokhara,184006,6,11,12904,65,2.6,89,56,4.6,162025.72
10343,34,Female,Kathmandu,53276,6,7,9489,47,3.6,14,66,4.7,114661.57
10344,61,Female,Chitwan,121968,3,10,3715,32,9.7,50,78,4.1,108671.78
10345,45,Male,Biratnagar,170945,5,17,12480,57,5.7,47,56,1.9,164131.86
10346,47,Male,Bhaktapur,33050,6,15,7194,82,8.2,7,28,1.1,81749.62
10347,46,Female,Kathmandu,86216,7,18,3476,72,4.2,12,64,2.5,91301.13
10348,63,Female,Chitwan,235516,1,19,4237,27,4.9,47,71,1.6,134081.71
10349,23,Male,Bhaktapur,104040,1,2,10403,34,11.9,2,82,3.8,151889.87
10350,52,Male,Lalitpur,41644,6,4,1252,9,3.3,64,64,3.6,45813.06
10351,58,Female,Bhaktapur,82021,2,3,11161,64,6.3,72,56,1.2,168988.43
10352,54,Male,Pokhara,188197,5,7,12661,41,10.2,30,41,4.3,190520.17
10353,41,Female,Pokhara,217971,1,18,1892,84,3.3,25,100,2.0,150083.82
10354,46,Male,Lalitpur,62291,6,10,7289,8,5.3,80,41,2.7,65502.25
10355,63,Male,Kathmandu,186132,1,7,11297,59,7.6,55,100,3.7,189827.64
10356,48,Male,Chitwan,152610,6,8,14885,14,6.0,33,4,2.7,179852.16
10357,52,Male,Bhaktapur,187248,5,6,1177,98,5.8,8,57,2.8,92545.92
10358,50,Female,Pokhara,61520,6,1,605,56,4.7,61,30,1.3,48033.01
10359,38,Male,Kathmandu,45675,3,4,11979,68,7.2,12,88,2.6,137418.94
10360,49,Male,Lalitpur,169359,6,14,5253,21,7.7,68,84,4.1,98775.35
10361,40,Female,Biratnagar,20174,6,17,2446,63,8.0,40,46,4.7,32573.36
10362,50,Male,Pokhara,112268,7,20,6044,40,1.3,76,56,2.7,115726.2
10363,20,Male,Lalitpur,54998,5,18,1595,86,7.8,0,31,2.7,37510.88
10364,35,Female,Bhaktapur,204384,7,11,13775,70,11.5,88,88,3.8,228226.72
10365,42,Male,Chitwan,163184,6,14,7485,55,6.7,46,7,4.8,139916.0
10366,59,Female,Pokhara,125410,5,9,14596,22,8.7,3,90,2.1,186857.23
10367,48,Female,Pokhara,95225,3,15,2282,24,6.9,99,77,2.8,76392.64
10368,20,Female,Bhaktapur,64814,5,12,5041,90,10.3,62,54,4.2,104264.27
10369,57,Female,Biratnagar,105091,1,10,14736,5,11.2,51,8,3.4,160357.56
10370,63,Male,Kathmandu,70719,7,19,3757,33,2.6,9,55,1.4,74482.02
10371,41,Female,Chitwan,149887,5,19,6713,62,5.5,27,69,3.5,118601.91
10372,49,Male,Pokhara,53919,3,6,10689,8,5.0,5,44,1.7,122668.32
10373,64,Male,Chitwan,93155,4,20,14985,59,5.2,26,13,3.0,184881.4
10374,39,Male,Pokhara,91569,6,6,5369,48,1.9,11,93,3.1,97190.34
10375,40,Male,Chitwan,61328,5,8,2061,96,9.9,61,20,4.5,74881.83
10376,19,Male,Lalitpur,221554,6,1,4506,50,0.9,51,78,2.8,115961.68
10377,44,Male,Pokhara,44618,2,17,10367,59,6.6,47,32,2.1,122999.6
10378,59,Male,Chitwan,54675,1,17,9814,69,8.1,66,60,1.9,125638.61
10379,19,Male,Kathmandu,38919,7,15,4481,36,2.9,45,50,4.5,63648.06
10380,43,Male,Lalitpur,24173,1,7,9993,30,10.9,96,27,1.7,99514.93
10381,34,Male,Lalitpur,129369,2,19,6182,97,10.1,73,25,2.7,121687.81
10382,57,Female,Kathmandu,46400,2,3,6282,40,5.9,94,52,1.7,66985.43
10383,50,Female,Chitwan,201517,7,11,1443,61,5.2,14,68,4.1,81812.63
10384,26,Female,Bhaktapur,90305,5,20,5050,92,3.2,70,21,2.9,82896.0
10385,60,Male,Kathmandu,188636,2,19,13915,57,8.9,35,18,2.4,215221.99
10386,65,Female,Chitwan,196886,4,9,9637,13,2.0,13,39,2.4,161817.09
10387,56,Female,Kathmandu,230819,6,10,1100,35,8.3,77,15,4.4,90497.6
10388,46,Female,Kathmandu,108791,6,2,11392,35,10.2,2,53,3.2,147982.68
10389,59,Male,Pokhara,179034,3,1,13512,78,3.1,66,38,3.9,196684.87
10390,43,Male,Chitwan,235964,2,16,6876,7,10.5,85,48,4.6,160268.03
10391,52,Male,Bhaktapur,236914,2,18,10109,25,0.9,18,52,4.6,162355.41
10392,42,Male,Pokhara,90533,4,17,2024,35,11.0,98,88,2.3,116152.98
10393,41,Female,Kathmandu,207256,1,6,4266,47,1.9,75,72,4.8,123203.22
10394,30,Female,Biratnagar,233984,1,14,750,84,7.9,53,28,1.1,97460.72
10395,24,Female,Kathmandu,123591,6,15,10236,27,3.4,68,85,2.5,148883.8
10396,53,Female,Kathmandu,161650,6,14,578,67,10.1,9,16,4.6,89057.45
10397,62,Male,Chitwan,151060,5,3,3623,61,6.4,32,16,2.1,74702.83
10398,37,Male,Chitwan,169696,7,19,9589,79,2.1,12,35,2.1,157546.13
10399,18,Male,Pokhara,59194,4,12,7564,85,7.1,98,17,2.2,117695.93
10400,25,Female,Bhaktapur,129903,7,2,13568,75,5.2,50,73,3.4,171696.4
10401,63,Male,Pokhara,151461,7,3,8917,79,8.1,31,99,2.8,122954.37
10402,33,Male,Lalitpur,119303,3,18,13862,50,10.6,74,52,3.9,191420.87
10403,31,Female,Kathmandu,133903,7,1,1709,41,5.2,23,93,4.6,91761.55
10404,29,Female,Biratnagar,87391,3,20,5653,100,3.8,34,82,3.7,99994.67
10405,40,Male,Kathmandu,164866,7,6,5398,28,0.7,82,12,1.8,95111.18
10406,32,Male,Kathmandu,78002,4,5,13529,81,7.1,69,83,4.7,198430.54
10407,45,Male,Pokhara,55531,3,1,2678,9,5.1,39,48,2.1,44576.64
10408,51,Male,Biratnagar,203887,1,19,11371,38,4.8,53,22,1.6,166120.24
10409,19,Male,Biratnagar,24986,3,1,8110,81,2.6,43,49,1.4,89041.81
10410,49,Male,Biratnagar,52298,3,16,11577,0,5.4,61,52,3.3,140392.93
10411,40,Female,Pokhara,21481,4,12,11498,38,11.8,98,79,1.5,139368.86
10412,39,Female,Kathmandu,76408,4,8,9395,20,3.9,67,1,1.6,73321.78
10413,42,Female,Pokhara,220339,3,16,3044,64,7.4,32,66,2.2,122199.68
10414,39,Male,Chitwan,141950,2,1,6022,14,9.4,76,64,2.1,136901.82
10415,39,Female,Chitwan,167907,4,4,2870,3,9.1,55,8,3.4,102347.79
10416,59,Male,Pokhara,145355,5,10,3781,59,4.3,35,86,4.3,88465.38
10417,23,Male,Biratnagar,47798,5,11,5210,60,7.5,53,25,4.0,100155.44
10418,32,Female,Kathmandu,111649,1,17,828,19,10.5,18,66,2.0,93574.62
10419,60,Male,Pokhara,84887,7,7,14183,9,0.7,42,73,2.0,149245.43
10420,54,Male,Pokhara,39477,3,12,6079,86,5.5,11,73,4.9,107020.96
10421,50,Female,Pokhara,168338,2,7,4728,33,3.1,10,77,1.0,145918.64
10422,25,Female,Lalitpur,237400,1,12,13622,47,5.0,69,70,4.5,202340.3
10423,61,Female,Chitwan,237060,3,15,7294,32,5.3,11,94,1.8,177804.69
10424,61,Male,Biratnagar,147815,4,2,620,97,9.1,90,79,4.8,117414.42
10425,22,Female,Bhaktapur,194598,5,14,7249,60,1.6,40,51,2.4,153736.74
10426,56,Female,Biratnagar,147426,6,13,14263,9,6.4,24,53,2.8,175437.36
10427,21,Male,Bhaktapur,162961,2,4,1464,53,7.0,2,15,3.8,92652.05
10428,23,Female,Lalitpur,44335,6,14,4724,83,6.2,2,50,3.4,101757.5
10429,62,Female,Pokhara,162326,5,14,4175,64,8.9,83,71,2.3,105117.6
10430,49,Female,Lalitpur,106610,7,16,6194,76,4.9,27,75,3.2,114294.05
10431,47,Male,Lalitpur,31442,7,7,2576,0,11.4,22,38,3.9,51730.46
10432,64,Male,Kathmandu,66289,6,19,7365,4,6.0,47,40,1.2,91869.98
10433,52,Male,Chitwan,73747,4,2,6143,79,7.1,66,66,1.0,101188.77
10434,57,Male,Bhaktapur,57327,3,10,9024,14,10.0,41,39,2.8,115555.69
10435,33,Female,Pokhara,167271,4,18,12060,27,3.7,87,74,1.5,185955.1
10436,30,Male,Bhaktapur,92827,6,17,5749,94,1.4,39,17,3.7,113695.99
10437,59,Male,Biratnagar,126464,4,5,1816,22,8.6,5,7,1.9,56817.94
10438,47,Female,Bhaktapur,151184,5,12,1696,16,6.1,19,39,2.7,87095.37
10439,36,Female,Biratnagar,107051,2,6,3670,97,10.8,10,68,1.8,100990.96
10440,34,Female,Chitwan,170653,4,9,10121,12,11.8,95,35,3.2,168367.77
10441,36,Male,Biratnagar,79722,5,20,855,13,5.1,26,51,1.5,56240.64
10442,45,Male,Bhaktapur,112036,2,1,12926,10,5.3,20,47,1.1,142030.66
10443,43,Male,Bhaktapur,248634,7,15,10218,27,5.2,12,36,1.2,208717.14
10444,54,Female,Biratnagar,167595,3,6,12589,41,4.2,85,64,4.8,207331.67
10445,43,Female,Lalitpur,86960,6,19,13985,95,9.5,34,95,1.6,189579.35
10446,40,Male,Chitwan,39552,7,18,528,98,9.2,46,89,3.8,65618.73
10447,26,Female,Kathmandu,161880,3,6,13718,60,6.0,85,13,1.3,183417.74
10448,29,Female,Pokhara,223597,7,13,1513,63,1.0,27,18,1.4,116261.0
10449,18,Female,Bhaktapur,174692,1,1,11394,30,4.1,20,21,3.0,128467.02
10450,18,Male,Pokhara,20887,7,13,9519,80,3.9,17,65,2.9,107614.52
10451,64,Female,Kathmandu,51802,5,7,13138,72,9.8,30,100,4.8,150695.29
10452,51,Female,Pokhara,105024,2,15,2524,9,1.5,59,8,4.8,70887.67
10453,49,Male,Kathmandu,246621,7,12,8990,7,9.8,36,48,4.1,199746.76
10454,65,Male,Biratnagar,138639,4,1,6339,20,8.2,20,85,3.4,124191.16
10455,42,Female,Lalitpur,138248,3,15,10557,76,8.9,13,43,2.8,159125.41
10456,57,Female,Bhaktapur,101938,7,4,12708,58,5.5,88,53,2.4,133123.23
10457,62,Male,Kathmandu,237813,2,13,14003,49,8.3,90,85,4.8,226179.4
10458,18,Male,Pokhara,142746,5,5,6291,68,7.5,59,27,3.4,131003.27
10459,33,Female,Bhaktapur,46049,1,2,10803,69,9.3,22,19,3.3,114054.83
10460,56,Female,Lalitpur,97789,3,1,1254,29,5.6,94,23,1.9,25338.05
10461,22,Female,Biratnagar,104526,6,16,9461,94,5.9,28,50,1.2,173075.7
10462,39,Female,Bhaktapur,158918,2,6,4235,16,7.9,46,51,4.8,117938.93
10463,46,Male,Kathmandu,241635,6,16,1738,74,1.7,29,43,2.3,113952.65
10464,20,Female,Lalitpur,66220,2,14,13621,19,5.5,89,99,2.8,179529.92
10465,29,Female,Pokhara,66163,2,3,10905,47,11.7,83,51,1.5,139009.24
10466,43,Male,Lalitpur,154837,5,15,2406,72,0.9,37,69,4.3,115391.43
10467,33,Female,Lalitpur,137126,5,3,7899,1,4.1,82,41,1.1,138301.52
10468,54,Male,Chitwan,101486,5,2,8461,36,4.1,26,72,4.3,102820.29
10469,39,Female,Lalitpur,196342,7,1,10256,0,7.8,88,11,1.6,166277.62
10470,46,Female,Lalitpur,95277,4,9,9910,3,1.7,86,80,4.5,153966.23
10471,31,Male,Bhaktapur,239350,2,9,5101,99,7.7,92,88,3.9,143040.74
10472,45,Male,Pokhara,241311,3,7,10049,53,1.6,14,85,1.7,169485.23
10473,22,Female,Bhaktapur,124245,6,3,12531,24,1.6,58,52,3.3,141285.73
10474,64,Female,Bhaktapur,142332,5,18,1960,2,8.9,2,23,2.3,102502.48
10475,47,Female,Kathmandu,42931,7,11,8169,8,4.2,9,49,1.7,100003.64
10476,63,Male,Bhaktapur,109116,5,7,12677,85,11.7,78,38,4.4,141310.02
10477,22,Female,Chitwan,75633,6,9,1916,86,0.9,79,47,2.6,61543.74
10478,29,Male,Chitwan,231774,6,1,11545,75,5.6,16,72,2.6,191792.18
10479,33,Male,Kathmandu,71913,2,14,8266,73,1.8,82,7,1.7,103193.41
10480,43,Female,Biratnagar,114776,5,20,13960,33,4.5,10,66,2.5,164806.3
10481,43,Male,Pokhara,45991,6,6,13548,42,12.0,47,94,4.5,164234.72
10482,65,Female,Pokhara,205917,4,7,13620,73,10.7,4,77,2.5,230947.82
10483,38,Female,Bhaktapur,124092,4,10,1928,93,1.1,68,62,4.8,70056.7
10484,56,Female,Bhaktapur,249577,5,7,4878,21,7.0,63,87,4.8,126359.11
10485,53,Female,Biratnagar,206384,7,2,8029,69,7.9,13,29,1.6,151059.69
10486,50,Female,Bhaktapur,161633,6,4,4974,1,2.9,49,38,1.7,115387.85
10487,47,Male,Pokhara,167973,2,17,12985,93,2.2,25,84,4.5,186675.09
10488,54,Male,Lalitpur,115556,2,1,11754,65,10.9,71,33,2.6,136923.37
10489,40,Female,Chitwan,82875,7,10,3571,31,11.6,68,29,1.0,92142.89
10490,27,Female,Lalitpur,176989,2,19,1055,15,11.9,6,79,2.1,129196.37
10491,22,Male,Lalitpur,82120,1,15,9047,75,9.6,15,23,3.4,133098.23
10492,53,Male,Pokhara,153060,5,10,2063,0,8.1,54,3,4.2,62238.14
10493,51,Male,Lalitpur,130041,2,19,12192,71,4.5,77,93,1.5,168312.89
10494,48,Male,Biratnagar,148467,4,12,1540,47,2.5,100,45,1.4,80986.53
10495,27,Female,Kathmandu,165328,6,16,3186,49,1.4,55,8,4.7,84497.1
10496,36,Female,Bhaktapur,138490,3,9,13166,12,8.5,3,86,4.0,192240.08
10497,49,Male,Kathmandu,238800,7,15,13467,14,9.5,99,29,3.4,199554.08
10498,18,Female,Chitwan,146155,3,17,3053,52,10.0,47,2,4.1,103382.67
10499,22,Male,Bhaktapur,48230,2,14,2279,43,11.0,16,50,2.7,64607.67
10500,62,Female,Lalitpur,79778,3,18,13686,7,10.6,35,65,4.0,179658.12
10501,21,Male,Chitwan,65833,3,2,575,73,12.0,69,20,2.5,52997.51
10502,33,Female,Bhaktapur,42625,1,4,4826,45,3.3,79,52,2.0,65899.37
10503,41,Male,Biratnagar,52088,4,18,6335,68,9.3,92,85,3.9,92917.82
10504,33,Male,Biratnagar,230722,7,7,5557,18,7.2,99,37,2.7,141250.24
10505,19,Female,Biratnagar,192239,4,13,12011,37,3.5,37,72,4.9,182978.54
10506,45,Male,Biratnagar,123937,1,15,2849,10,11.8,100,27,2.4,80022.0
10507,49,Female,Lalitpur,222363,1,1,3273,42,10.8,61,47,4.7,133483.42
10508,44,Female,Kathmandu,216375,3,11,2762,19,2.0,47,99,4.7,125486.82
10509,37,Male,Bhaktapur,96361,5,10,3729,19,0.8,9,6,2.0,65252.24
10510,41,Female,Lalitpur,108229,6,5,10808,20,8.4,35,60,4.2,161277.69
10511,29,Female,Biratnagar,155189,6,16,892,81,7.4,28,45,2.7,93911.76
10512,52,Female,Kathmandu,110265,3,11,1608,56,11.3,77,44,4.7,63808.94
10513,50,Female,Chitwan,117718,6,6,4862,49,3.2,3,83,2.8,120688.21
10514,50,Female,Chitwan,80710,1,9,5688,73,1.5,43,18,4.0,100967.32
10515,60,Male,Chitwan,245498,4,13,9302,97,3.5,55,65,2.9,200697.77
10516,54,Female,Biratnagar,114876,6,8,14158,25,0.7,41,25,1.9,166418.14
10517,29,Female,Chitwan,218126,7,14,13796,29,0.9,99,27,1.8,159826.19
10518,20,Female,Pokhara,50949,3,1,5557,72,11.0,12,7,2.7,102527.43
10519,18,Female,Bhaktapur,173619,5,17,11467,30,4.5,45,44,4.0,174844.47
10520,50,Female,Bhaktapur,232954,3,5,4498,41,5.2,81,29,3.4,138416.19
10521,57,Male,Biratnagar,88136,2,2,9364,67,0.7,32,95,3.8,133655.36
10522,27,Female,Pokhara,131541,3,9,7066,60,3.6,20,44,2.1,150721.51
10523,60,Male,Lalitpur,215691,1,4,4177,60,9.8,79,36,2.9,125784.49
10524,61,Male,Lalitpur,81842,4,17,6296,69,7.6,78,19,1.2,94676.66
10525,46,Male,Chitwan,245875,4,17,14950,77,9.2,56,6,4.3,220980.73
10526,30,Male,Kathmandu,46990,7,18,6863,67,5.6,68,25,5.0,78621.36
10527,29,Female,Lalitpur,167265,6,16,8623,89,4.1,69,31,2.6,132953.78
10528,48,Male,Kathmandu,50109,1,8,8722,16,6.1,66,9,1.0,72967.68
10529,63,Male,Bhaktapur,150356,2,11,8190,18,4.2,47,84,1.7,146264.44
10530,19,Female,Kathmandu,170305,1,18,14154,50,10.1,75,74,3.6,238915.85
10531,52,Female,Bhaktapur,232802,3,10,1900,69,3.9,99,37,3.4,146014.31
10532,40,Female,Pokhara,148133,1,13,13941,62,8.1,32,27,4.2,178689.03
10533,34,Male,Pokhara,185582,1,17,4571,92,2.1,35,13,2.0,117209.38
10534,43,Female,Biratnagar,21306,7,18,9308,74,8.4,32,41,4.1,130781.23
10535,25,Female,Biratnagar,23849,2,10,13326,79,11.0,30,66,3.8,157820.35
10536,46,Male,Chitwan,32360,3,16,3286,29,7.5,20,85,2.3,70341.74
10537,43,Female,Lalitpur,131072,5,20,7669,24,6.9,26,97,3.2,135566.18
10538,27,Female,Chitwan,114767,7,5,1370,74,11.6,90,24,1.6,92332.97
10539,43,Female,Bhaktapur,196872,5,13,4696,70,7.7,71,44,2.8,116267.44
10540,51,Female,Chitwan,188035,7,18,12296,25,3.5,100,98,4.5,195603.38
10541,58,Male,Kathmandu,74330,4,17,10104,55,3.9,61,60,2.7,135451.51
10542,24,Female,Bhaktapur,71707,7,9,3239,21,8.6,95,9,4.4,68540.03
10543,21,Female,Biratnagar,38689,6,14,1440,88,9.0,25,2,3.4,62927.09
10544,62,Male,Pokhara,49084,1,17,840,18,4.0,65,56,1.8,45205.46
10545,28,Female,Biratnagar,60387,4,4,11600,30,4.5,11,30,3.3,120777.54
10546,46,Male,Lalitpur,94816,2,18,13831,25,11.9,21,22,3.0,176581.27
10547,53,Female,Bhaktapur,22642,5,20,7922,41,1.7,16,75,2.6,70349.14
10548,42,Male,Bhaktapur,62137,7,15,4633,40,5.2,6,81,1.5,92992.67
10549,38,Male,Kathmandu,230904,1,11,1159,99,1.2,67,100,2.7,129431.84
10550,53,Male,Lalitpur,206633,2,12,10725,22,9.9,36,13,1.3,170802.33
10551,27,Male,Pokhara,82260,6,9,10252,46,1.6,37,71,1.4,113049.33
10552,54,Female,Bhaktapur,166510,2,13,3957,12,8.3,95,16,2.7,100128.23
10553,26,Male,Bhaktapur,68442,1,15,10348,88,1.1,10,97,2.2,133833.36
10554,41,Female,Kathmandu,123061,6,15,3475,65,8.2,0,45,4.7,104519.64
10555,52,Male,Chitwan,154066,2,5,9741,65,10.2,24,65,2.5,186913.48
10556,52,Male,Pokhara,145844,6,19,953,15,5.1,41,11,4.0,98695.77
10557,65,Male,Biratnagar,119575,7,20,10396,72,6.5,51,70,3.1,167852.39
10558,53,Female,Lalitpur,21813,7,14,8684,27,5.1,23,20,3.8,96285.46
10559,35,Male,Bhaktapur,113027,1,17,5942,76,4.0,52,99,2.0,104341.59
10560,56,Female,Bhaktapur,143489,1,18,11476,34,9.7,55,63,4.8,201843.71
10561,49,Female,Biratnagar,104381,6,3,1318,40,3.6,62,90,3.1,61732.72
10562,41,Female,Pokhara,75276,3,2,5368,76,8.8,80,12,4.3,94671.21
10563,40,Female,Chitwan,61243,4,1,512,30,2.9,7,62,2.5,49371.34
10564,49,Female,Bhaktapur,213984,2,10,12671,84,3.4,58,94,1.4,203166.34
10565,54,Female,Pokhara,80272,2,19,8227,31,4.4,44,92,3.7,140487.66
10566,29,Female,Biratnagar,193123,3,17,1420,53,7.3,26,91,1.0,118063.93
10567,30,Female,Kathmandu,229926,3,12,5420,97,5.7,51,42,2.9,164703.68
10568,40,Female,Chitwan,233808,3,1,2918,71,9.1,17,83,1.8,141056.98
10569,42,Male,Lalitpur,85618,5,12,10006,58,3.0,90,69,3.5,129865.81
10570,52,Male,Bhaktapur,21920,5,17,6975,40,0.6,85,58,4.9,82164.78
10571,58,Male,Pokhara,126121,6,3,12369,65,9.4,15,5,2.9,162280.74
10572,47,Male,Kathmandu,228291,5,11,2517,95,9.9,65,27,4.3,110403.56
10573,34,Male,Lalitpur,96872,7,17,8457,53,1.2,4,28,3.0,102378.91
10574,37,Female,Pokhara,101132,7,3,9920,39,7.5,81,26,3.0,141174.41
10575,65,Female,Pokhara,22093,1,8,5292,27,4.8,2,91,4.7,58257.98
10576,42,Female,Lalitpur,32905,6,20,7330,36,9.6,90,49,4.6,94233.4
10577,39,Female,Kathmandu,141759,2,4,13737,64,10.6,80,21,4.1,168980.1
10578,30,Female,Biratnagar,175423,4,7,2934,73,10.3,79,1,2.2,99954.27
10579,36,Female,Kathmandu,50981,1,14,3368,54,9.4,69,92,3.2,78208.31
10580,53,Female,Chitwan,93903,2,14,11207,3,3.6,6,58,1.9,135668.54
10581,29,Male,Bhaktapur,90821,2,4,1938,98,9.8,49,79,2.8,59455.88
10582,58,Male,Lalitpur,129200,6,16,12856,9,6.6,13,55,2.9,168635.04
10583,36,Male,Biratnagar,102289,3,1,4043,46,1.1,37,81,4.3,70091.71
10584,29,Male,Lalitpur,136506,3,17,11867,74,5.8,78,26,4.6,158394.74
10585,26,Female,Lalitpur,235093,1,10,2281,13,11.3,46,84,2.7,144488.35
10586,24,Female,Kathmandu,98513,3,16,6843,37,10.7,32,25,1.1,131184.44
10587,45,Female,Bhaktapur,170946,2,16,2763,11,1.7,42,77,4.4,83400.54
10588,31,Male,Chitwan,202003,3,8,10661,44,9.1,90,33,1.7,201409.04
10589,48,Female,Pokhara,158746,5,7,711,16,9.8,28,89,3.5,82867.8
10590,36,Female,Pokhara,70516,3,6,9199,79,3.6,56,72,1.1,110017.45
10591,64,Female,Lalitpur,245646,2,16,6659,34,5.9,100,69,2.6,151003.28
10592,33,Male,Bhaktapur,211758,6,20,14309,65,8.7,4,6,4.9,218195.98
10593,22,Female,Biratnagar,245923,1,16,7527,74,5.5,92,23,1.4,198002.3
10594,52,Male,Kathmandu,89212,4,7,831,40,1.8,95,30,2.7,24737.31
10595,29,Male,Bhaktapur,153498,3,9,7360,66,8.6,59,78,2.2,111831.01
10596,42,Male,Bhaktapur,150970,7,14,8544,28,11.0,69,54,4.6,154849.16
10597,38,Male,Kathmandu,110009,7,11,8669,17,8.0,1,87,4.5,145215.24
10598,53,Female,Lalitpur,219570,2,14,9242,19,9.4,69,11,2.0,173345.58
10599,40,Male,Bhaktapur,181015,4,7,6220,13,4.6,42,31,1.3,134642.24
10600,33,Male,Pokhara,217467,4,1,9633,33,2.6,3,6,3.5,144628.54
10601,56,Female,Kathmandu,64816,5,13,1227,48,7.9,55,11,2.3,38878.55
10602,62,Female,Biratnagar,24138,4,20,5475,53,4.3,92,77,3.7,81237.67
10603,59,Male,Chitwan,111176,7,3,11554,30,10.4,58,12,1.1,174144.64
10604,56,Female,Lalitpur,95945,6,20,3743,57,1.9,88,66,1.5,91824.96
10605,31,Male,Kathmandu,24017,2,4,1148,41,5.5,8,53,3.7,48108.01
10606,48,Male,Chitwan,30451,2,11,5595,57,5.1,2,99,1.8,68732.7
10607,22,Male,Chitwan,214028,3,2,14309,81,11.3,89,36,4.4,223717.88
10608,52,Male,Biratnagar,113863,3,14,7114,29,2.3,47,17,1.2,91191.81
10609,40,Female,Bhaktapur,30278,3,12,11429,24,0.6,42,28,1.9,138885.66
10610,46,Male,Biratnagar,241552,7,17,14400,62,3.2,90,92,5.0,210814.29
10611,60,Female,Bhaktapur,63764,7,12,11439,18,9.9,99,22,2.7,121902.19
10612,28,Female,Bhaktapur,143030,7,12,7635,71,2.9,95,7,3.8,102004.37
10613,35,Female,Kathmandu,152206,7,1,1509,91,3.3,0,15,1.7,78971.34
10614,64,Female,Kathmandu,82943,7,13,2050,7,2.0,56,96,3.4,64556.92
10615,29,Male,Lalitpur,115667,7,14,9495,94,8.7,52,11,3.9,165392.07
10616,26,Female,Bhaktapur,74318,6,2,12772,2,1.3,15,24,2.3,144113.52
10617,27,Male,Chitwan,123423,7,12,7992,66,4.3,50,67,4.3,118882.55
10618,61,Female,Pokhara,123998,4,16,13001,85,3.7,74,30,3.4,182158.23
10619,34,Female,Lalitpur,80128,4,4,12956,80,6.9,89,70,2.6,137400.06
10620,55,Male,Kathmandu,239128,5,8,3901,99,8.9,54,66,3.2,135357.5
10621,24,Male,Biratnagar,41869,6,2,7947,16,6.6,0,61,3.3,99047.04
10622,63,Male,Lalitpur,25039,3,10,13765,13,11.2,89,78,1.7,130795.35
10623,30,Female,Lalitpur,172353,1,9,5924,8,11.4,27,41,2.6,151165.43
10624,57,Female,Lalitpur,132935,7,15,4741,61,4.7,52,82,2.4,144024.94
10625,59,Male,Lalitpur,30442,5,13,14586,93,9.4,57,51,2.6,154304.87
10626,26,Male,Pokhara,93788,1,17,13303,20,9.0,72,44,4.0,158044.5
10627,44,Male,Biratnagar,139729,4,16,3661,75,10.8,59,95,2.9,115599.31
10628,19,Male,Biratnagar,47586,5,2,13240,36,5.7,58,13,4.8,127704.52
10629,22,Female,Biratnagar,73053,5,20,4655,95,6.6,21,90,2.2,102664.51
10630,46,Male,Bhaktapur,201561,2,20,7978,10,5.3,7,12,2.7,134674.28
10631,54,Male,Chitwan,234176,4,14,9219,19,10.3,48,82,4.1,193441.2
10632,55,Male,Biratnagar,106346,4,3,11990,34,3.1,41,9,3.2,170949.95
10633,36,Male,Lalitpur,87087,6,12,9715,52,3.3,26,85,3.2,101658.31
10634,25,Female,Lalitpur,163697,5,8,7117,46,4.8,38,48,1.2,114260.24
10635,65,Male,Biratnagar,54397,7,2,6160,74,3.1,82,49,2.6,75113.09
10636,62,Female,Biratnagar,78671,4,4,12426,51,7.0,24,53,2.1,156771.24
10637,18,Male,Lalitpur,136214,5,14,13890,7,2.0,37,56,5.0,189120.63
10638,39,Male,Bhaktapur,242857,6,16,9124,3,4.2,84,40,2.2,184920.97
10639,34,Female,Kathmandu,86897,7,19,1676,26,11.0,23,24,4.5,47866.42
10640,24,Male,Kathmandu,177221,6,2,8456,43,5.2,23,98,3.7,142730.16
10641,42,Female,Biratnagar,211102,2,12,9092,39,9.1,59,72,2.4,163076.95
10642,62,Female,Pokhara,220978,7,14,10796,46,1.8,82,33,3.2,175972.32
10643,21,Male,Biratnagar,156355,5,6,11742,93,3.3,49,23,4.4,166334.45
10644,53,Female,Biratnagar,158682,4,13,2733,43,9.8,65,77,4.5,89744.29
10645,23,Female,Kathmandu,194398,4,4,11137,47,9.3,13,54,1.6,175421.98
10646,48,Female,Lalitpur,34924,5,18,5200,90,4.9,52,53,2.4,89401.18
10647,36,Female,Biratnagar,133143,5,12,11527,84,11.5,31,49,2.3,163051.09
10648,61,Female,Lalitpur,130253,5,20,14993,51,11.0,95,78,1.2,197079.05
10649,56,Female,Lalitpur,227234,3,19,6406,83,11.6,91,78,3.4,196673.25
10650,44,Female,Pokhara,120297,7,8,8360,67,5.4,47,80,4.4,164104.39
10651,27,Female,Lalitpur,20869,4,7,8026,10,2.8,38,49,2.5,51981.73
10652,43,Male,Kathmandu,117088,7,16,6059,76,7.7,39,60,4.0,121721.26
10653,36,Male,Bhaktapur,21014,6,19,7232,72,8.4,41,90,3.5,145246.39
10654,56,Female,Bhaktapur,30103,4,6,3013,3,1.9,76,90,2.5,56132.75
10655,20,Male,Chitwan,233594,3,20,8330,75,9.5,75,65,1.6,183255.25
10656,62,Female,Biratnagar,130317,5,11,10465,72,0.7,7,32,3.8,164951.27
10657,30,Female,Kathmandu,247079,2,5,7444,76,6.1,78,79,4.4,176441.04
10658,45,Male,Lalitpur,184530,5,16,8410,47,4.3,25,21,3.7,162142.56
10659,37,Female,Bhaktapur,241677,5,7,6149,25,9.0,11,18,1.1,149484.38
10660,45,Female,Kathmandu,102409,3,5,1596,76,4.1,42,94,1.9,76183.81
10661,25,Female,Bhaktapur,43248,7,11,9620,38,10.0,50,60,1.3,124726.26
10662,58,Female,Lalitpur,240232,4,15,2451,91,7.3,90,13,3.3,141152.58
10663,56,Male,Bhaktapur,194588,5,3,10665,57,9.6,81,24,4.0,168409.99
10664,18,Female,Biratnagar,180133,4,5,14852,18,11.9,99,30,1.4,196269.06
10665,20,Female,Biratnagar,175242,1,5,10246,87,8.3,62,2,4.4,137450.46
10666,30,Female,Chitwan,28024,6,9,11470,82,11.8,48,83,3.2,132151.13
10667,45,Male,Chitwan,233286,7,15,13113,76,0.8,26,25,3.8,216639.63
10668,42,Female,Bhaktapur,105947,4,3,9686,76,4.4,8,50,4.9,143227.82
10669,50,Male,Kathmandu,194875,2,6,8299,57,1.7,38,14,1.3,130036.97
10670,55,Male,Biratnagar,170368,6,17,9304,27,3.5,64,6,4.6,120042.86
10671,23,Female,Kathmandu,111829,2,8,11285,65,10.1,70,76,1.5,158453.84
10672,61,Female,Kathmandu,112708,5,11,1095,9,0.9,89,84,2.6,76074.47
10673,62,Male,Bhaktapur,106664,6,6,13708,85,6.5,70,87,4.4,167922.93
10674,49,Female,Kathmandu,169329,4,8,8375,76,7.0,6,30,4.6,129871.31
10675,62,Male,Biratnagar,163927,6,10,9533,57,7.0,71,30,3.0,145225.84
10676,64,Male,Lalitpur,105178,5,3,14013,72,6.0,79,38,3.4,172328.68
10677,38,Female,Chitwan,121121,3,14,4939,96,9.6,66,58,3.8,135440.91
10678,33,Female,Lalitpur,40025,7,14,6472,13,2.0,9,94,4.3,83224.32
10679,38,Male,Kathmandu,155530,2,10,1358,83,4.1,70,41,1.5,101432.89
10680,28,Male,Lalitpur,83610,5,12,6019,14,7.6,84,94,4.2,119116.13
10681,54,Male,Biratnagar,90843,3,6,7885,95,8.4,52,57,2.9,106225.07
10682,53,Male,Biratnagar,127237,6,12,9136,32,5.1,100,36,2.8,152551.57
10683,52,Female,Kathmandu,235033,6,14,10480,16,10.6,94,64,2.7,198028.24
10684,36,Female,Bhaktapur,200903,5,2,4817,23,5.3,86,98,3.0,110521.8
10685,37,Female,Lalitpur,194499,4,9,3954,29,5.1,56,16,4.8,142219.12
10686,35,Female,Bhaktapur,244881,6,10,12644,61,0.9,90,88,3.2,203126.72
10687,64,Female,Bhaktapur,150299,4,17,13379,12,6.8,85,78,4.8,157945.0
10688,58,Male,Pokhara,189578,4,17,1530,61,8.6,26,90,1.7,102808.3
10689,31,Female,Kathmandu,25668,7,3,9987,46,1.8,53,72,3.9,88992.99
10690,32,Female,Chitwan,242542,4,19,8406,15,4.0,3,14,4.2,160611.6
10691,48,Female,Biratnagar,198267,1,1,13805,65,9.5,87,31,3.7,196625.67
10692,18,Female,Biratnagar,93233,7,12,10755,80,4.7,22,66,3.4,140140.71
10693,20,Female,Kathmandu,175489,3,7,1947,95,3.3,47,68,3.3,96162.11
10694,33,Male,Chitwan,101982,3,4,10737,42,8.2,82,65,4.4,144947.42
10695,40,Male,Biratnagar,126133,6,10,13311,7,2.8,41,55,4.3,174515.45
10696,28,Male,Kathmandu,30751,6,13,3350,2,10.8,2,84,1.5,56796.3
10697,29,Female,Biratnagar,66218,4,2,12516,11,1.7,90,78,4.4,153529.31
10698,27,Male,Bhaktapur,146649,7,10,10760,83,8.6,2,40,2.7,146469.4
10699,49,Male,Lalitpur,27352,7,4,12453,15,6.2,27,25,2.0,131013.98
10700,33,Female,Lalitpur,230124,1,18,8606,77,10.5,62,25,4.5,208290.47
10701,25,Female,Biratnagar,108835,4,5,10967,79,2.0,80,3,2.7,132857.9
10702,55,Female,Pokhara,117493,1,19,7651,58,8.3,30,69,4.2,141112.53
10703,29,Male,Chitwan,48927,4,2,10500,48,7.1,9,26,2.1,104524.86
10704,41,Male,Chitwan,192166,2,12,10003,62,6.0,48,40,1.0,162125.37
10705,45,Female,Chitwan,121948,2,17,7452,61,6.2,85,38,3.0,151052.98
10706,25,Female,Bhaktapur,205194,5,10,4555,48,8.8,93,38,1.4,141415.13
10707,45,Male,Chitwan,49493,4,2,5902,50,11.3,20,68,4.0,101426.71
10708,53,Male,Lalitpur,243319,7,6,11143,32,1.5,99,7,2.1,148796.03
10709,43,Female,Bhaktapur,224611,6,8,9781,29,0.7,52,94,2.8,162044.76
10710,25,Female,Kathmandu,51707,3,19,2172,58,9.8,86,30,1.3,90008.33
10711,45,Male,Chitwan,219886,5,11,12367,75,1.7,75,19,2.1,194768.58
10712,45,Female,Chitwan,158368,6,12,5032,14,11.8,88,35,4.1,129778.73
10713,54,Male,Kathmandu,176470,2,9,5424,81,7.6,53,33,1.6,132294.83
10714,58,Male,Chitwan,55842,4,2,13046,91,8.0,56,33,3.6,138057.86
10715,53,Male,Kathmandu,33261,5,8,10695,22,2.8,19,78,4.7,121799.47
10716,44,Male,Bhaktapur,96709,4,11,6585,77,3.3,48,38,3.7,83714.94
10717,34,Female,Lalitpur,115985,2,4,12890,93,8.1,6,10,4.2,144402.93
10718,26,Female,Kathmandu,126616,5,10,13780,96,11.0,28,57,1.4,176826.48
10719,50,Male,Pokhara,207776,2,20,8234,44,11.8,47,28,2.0,174246.06
10720,37,Male,Kathmandu,87173,1,16,5364,61,2.8,92,78,4.6,75937.45
10721,30,Male,Chitwan,51781,2,8,9816,78,2.0,12,100,3.9,125156.99
10722,45,Male,Bhaktapur,33652,7,4,1721,70,1.1,2,38,3.6,23557.81
10723,65,Male,Biratnagar,25103,7,10,3360,14,10.5,1,16,3.7,45488.67
10724,46,Female,Bhaktapur,45500,4,12,10965,45,3.9,15,21,2.7,140218.83
10725,30,Female,Biratnagar,120336,3,14,11682,63,0.5,93,92,1.2,155933.01
10726,63,Female,Kathmandu,186601,2,16,11202,45,3.1,5,97,4.1,170589.27
10727,52,Female,Lalitpur,133499,6,18,8928,55,4.4,44,6,3.7,139411.15
10728,23,Male,Pokhara,169524,7,12,9836,43,11.9,70,41,2.9,144307.13
10729,35,Male,Bhaktapur,69393,3,18,3753,74,6.5,4,15,4.6,87676.5
10730,22,Male,Chitwan,182246,1,7,4282,28,2.9,55,3,2.3,124441.87
10731,64,Male,Biratnagar,215522,5,20,7457,94,4.4,70,43,2.2,170454.63
10732,42,Male,Chitwan,186508,5,7,1266,61,4.3,97,47,4.5,126081.51
10733,19,Female,Lalitpur,67406,7,9,3181,88,0.7,31,99,4.2,42914.23
10734,27,Male,Biratnagar,83059,3,1,8210,51,2.1,48,14,3.1,105555.19
10735,47,Female,Bhaktapur,167026,7,6,7982,53,8.5,12,66,1.5,127112.59
10736,62,Female,Kathmandu,102722,5,6,5586,87,1.9,29,29,1.9,92182.38
10737,22,Female,Chitwan,32356,2,12,8464,56,3.2,24,4,3.6,95379.76
10738,50,Female,Lalitpur,148128,3,12,3165,82,4.5,84,26,2.5,131172.48
10739,18,Male,Bhaktapur,249571,4,10,10451,65,9.2,59,12,4.3,194671.19
10740,35,Female,Bhaktapur,22187,2,6,12183,21,7.2,58,2,4.8,120573.0
10741,49,Female,Bhaktapur,97243,2,17,11507,19,8.4,84,17,4.2,164818.44
10742,64,Female,Bhaktapur,55098,2,19,4013,32,7.0,27,35,2.5,76595.97
10743,28,Male,Biratnagar,243543,4,18,995,71,8.4,57,10,4.2,147897.26
10744,38,Male,Bhaktapur,172297,1,6,13835,24,0.5,19,86,2.4,197569.22
10745,43,Male,Chitwan,154678,6,19,11872,45,11.2,33,43,1.7,193020.85
10746,42,Female,Lalitpur,77620,7,10,6322,72,1.8,4,21,1.1,62469.54
10747,39,Female,Biratnagar,183900,5,8,12622,97,5.2,81,15,2.5,213149.19
10748,44,Male,Bhaktapur,146270,7,6,2572,56,9.4,59,35,4.6,85813.62
10749,30,Female,Pokhara,177561,3,7,8295,86,5.5,42,85,2.0,155680.4
10750,50,Male,Pokhara,34387,1,1,9029,4,11.4,56,85,1.8,101806.89
10751,51,Male,Lalitpur,89463,3,18,4449,54,5.9,56,85,4.9,83750.28
10752,58,Female,Kathmandu,222904,7,20,6533,60,10.6,74,60,1.1,144307.87
10753,52,Female,Kathmandu,247052,5,12,11800,88,9.8,53,44,4.1,214026.82
10754,18,Female,Biratnagar,153663,4,16,10509,7,11.8,80,96,2.3,142725.6
10755,38,Female,Biratnagar,199588,7,10,8828,15,11.2,44,5,1.1,155997.77
10756,65,Male,Biratnagar,111683,2,10,3055,47,10.8,85,73,4.7,112825.58
10757,23,Male,Kathmandu,82061,7,14,6870,60,8.9,36,18,1.6,116470.48
10758,45,Male,Pokhara,217808,2,20,4915,14,4.7,83,21,3.2,140799.33
10759,34,Male,Kathmandu,101257,4,10,6459,64,1.7,47,72,2.1,92761.18
10760,22,Male,Chitwan,81753,7,10,9607,21,8.4,53,98,1.3,108168.12
10761,48,Female,Bhaktapur,104774,1,11,13993,2,11.8,47,74,1.2,194981.81
10762,22,Male,Biratnagar,162159,1,2,6493,53,8.9,5,51,1.5,127125.25
10763,55,Male,Pokhara,181888,3,20,14921,13,11.2,33,41,1.3,212092.62
10764,20,Male,Lalitpur,43408,4,8,12230,35,9.7,62,24,4.0,133238.88
10765,40,Female,Lalitpur,144116,1,7,5521,81,2.4,77,24,2.9,120314.49
10766,54,Female,Bhaktapur,151208,7,8,10792,81,3.4,47,96,2.4,190618.54
10767,54,Female,Pokhara,37413,4,1,3407,66,4.4,22,97,2.7,85756.16
10768,27,Female,Kathmandu,133650,5,2,3414,9,2.4,83,38,4.7,47655.92
10769,27,Male,Kathmandu,79500,2,18,14046,48,7.2,12,44,4.6,165904.92
10770,36,Male,Chitwan,104514,7,15,10674,64,11.7,46,57,3.9,136270.75
10771,34,Female,Chitwan,76358,2,1,4370,90,9.3,43,59,4.5,105751.73
10772,38,Female,Kathmandu,86197,2,5,13220,56,5.4,31,34,2.3,154808.7
10773,31,Male,Lalitpur,243861,4,2,12259,26,0.6,25,75,2.5,204645.63
10774,26,Male,Biratnagar,243492,4,20,9690,74,4.1,52,95,3.5,188540.33
10775,63,Female,Lalitpur,183926,3,3,10839,4,6.6,13,82,3.5,157815.53
10776,18,Female,Chitwan,96240,2,19,5585,70,4.2,51,23,2.9,88339.79
10777,62,Female,Bhaktapur,241135,3,18,13386,82,1.8,35,86,2.6,195700.06
10778,30,Female,Kathmandu,36322,2,18,7046,56,5.6,7,43,4.9,78976.19
10779,21,Male,Chitwan,133053,3,14,895,92,3.4,39,82,4.3,60984.15
10780,18,Male,Chitwan,26968,3,8,12290,14,11.0,85,40,2.7,116353.26
10781,57,Male,Biratnagar,47518,5,12,13202,98,1.7,21,47,3.9,127283.13
10782,49,Female,Kathmandu,71925,3,10,1438,100,1.1,15,41,2.1,61389.15
10783,51,Female,Biratnagar,210920,4,20,10328,75,0.6,90,47,1.4,179728.92
10784,45,Male,Kathmandu,131900,3,17,11416,29,4.3,59,20,2.4,160858.06
10785,48,Male,Biratnagar,113422,2,11,3010,19,8.1,59,77,2.6,108572.63
10786,25,Male,Lalitpur,21700,3,2,5136,36,8.9,9,65,1.1,71547.93
10787,56,Male,Bhaktapur,113782,1,4,2149,2,5.7,24,68,4.3,66193.48
10788,43,Female,Bhaktapur,43199,6,1,4190,72,8.4,30,24,2.4,101520.7
10789,51,Male,Kathmandu,195661,2,15,14733,40,4.6,20,100,3.3,229820.04
10790,20,Male,Pokhara,183187,1,13,3935,38,8.2,90,36,1.3,121230.25
10791,29,Male,Chitwan,213006,2,8,3701,25,1.0,80,45,1.7,115863.22
10792,18,Male,Chitwan,205388,4,4,4679,1,5.0,32,2,4.6,124002.6
10793,61,Male,Kathmandu,25520,6,10,13058,22,9.6,30,28,3.4,133204.48
10794,22,Male,Biratnagar,129814,6,19,10983,22,9.7,89,26,4.8,161372.27
10795,47,Male,Pokhara,187527,4,18,13175,84,8.7,20,23,5.0,210555.14
10796,47,Female,Lalitpur,237537,6,5,8905,15,2.8,35,79,2.5,158559.91
10797,34,Female,Biratnagar,143364,4,19,3737,8,3.3,64,36,2.2,71861.66
10798,65,Female,Biratnagar,192677,1,16,4362,12,12.0,3,91,4.4,111208.31
10799,64,Female,Kathmandu,34955,5,1,558,27,1.7,67,6,5.0,35386.73
10800,40,Male,Kathmandu,195121,2,12,14413,26,2.6,89,35,3.5,174562.49
10801,32,Female,Chitwan,164989,4,2,11622,50,2.0,3,38,4.2,171432.31
10802,54,Female,Kathmandu,221365,2,8,5438,63,4.3,8,35,4.1,124996.41
10803,38,Male,Kathmandu,229653,1,18,3471,51,2.9,29,100,2.4,120152.86
10804,31,Male,Kathmandu,84925,5,16,10219,80,6.2,44,74,3.3,131302.77
10805,19,Female,Chitwan,127216,1,5,14517,37,6.0,3,94,4.3,191913.58
10806,28,Female,Lalitpur,90269,6,13,8814,99,10.9,68,53,3.8,117257.27
10807,56,Male,Lalitpur,182026,2,19,12411,64,0.9,22,38,1.1,172543.11
10808,55,Female,Kathmandu,247743,7,3,10128,17,4.2,15,93,2.3,185408.26
10809,51,Male,Chitwan,223689,5,8,9854,62,7.4,21,59,1.6,163859.22
10810,55,Male,Lalitpur,61458,6,12,11992,50,7.5,100,43,1.9,160199.81
10811,51,Male,Biratnagar,109037,5,2,3845,8,6.0,71,4,4.6,53154.88
10812,35,Male,Lalitpur,172185,6,11,2986,12,9.9,47,5,1.1,98710.21
10813,47,Female,Lalitpur,119977,1,12,1061,39,1.2,61,68,1.9,87238.06
10814,32,Male,Chitwan,241298,4,18,4481,54,9.9,96,100,2.2,136585.3
10815,44,Male,Biratnagar,63939,2,13,6761,78,6.2,59,45,3.5,101642.26
10816,51,Female,Chitwan,49345,3,5,2237,42,2.0,79,80,3.1,53979.63
10817,55,Male,Kathmandu,197385,3,12,9596,43,10.7,4,25,1.9,161541.19
10818,50,Female,Bhaktapur,130107,1,2,4054,67,8.0,79,78,1.7,102917.21
10819,41,Female,Lalitpur,141866,2,5,13182,32,2.4,6,11,1.9,173600.77
10820,32,Female,Bhaktapur,243437,2,7,10418,23,0.9,50,29,3.0,171259.84
10821,47,Male,Chitwan,89166,1,12,11615,35,2.1,64,34,2.1,150283.04
10822,59,Female,Chitwan,198933,2,16,12223,9,7.5,8,86,4.8,205391.51
10823,34,Female,Chitwan,117406,4,8,12598,99,2.6,81,14,2.9,148122.6
10824,22,Male,Bhaktapur,69298,1,9,14504,19,3.1,44,24,1.2,169438.12
10825,46,Female,Chitwan,198293,4,15,9626,74,0.8,46,59,3.9,155986.49
10826,21,Female,Kathmandu,64942,2,5,13889,11,8.8,66,39,2.3,166550.1
10827,27,Female,Chitwan,23453,1,13,7595,61,9.8,23,26,3.6,88363.31
10828,34,Female,Pokhara,122811,2,5,14223,17,9.7,91,43,2.1,173296.75
10829,27,Female,Bhaktapur,74935,1,11,8766,93,2.0,9,36,3.3,115495.59
10830,34,Male,Pokhara,142439,2,10,794,100,10.9,72,39,4.1,94934.4
10831,37,Female,Chitwan,194442,4,20,8712,62,8.2,76,61,4.7,134608.98
10832,41,Female,Kathmandu,28328,7,13,11934,83,10.8,47,16,2.0,139557.03
10833,22,Male,Lalitpur,35534,4,9,9730,24,5.6,34,59,2.3,109009.71
10834,51,Male,Biratnagar,105280,2,14,5830,11,5.5,53,96,2.9,114454.1
10835,23,Male,Biratnagar,235997,1,18,5155,20,9.5,86,6,4.7,156726.27
10836,19,Female,Chitwan,56320,3,15,1609,24,1.6,80,98,4.6,61101.13
10837,30,Male,Kathmandu,69170,4,10,13960,10,6.5,70,56,1.4,124569.09
10838,60,Female,Bhaktapur,120546,4,7,4271,63,10.1,15,8,1.5,83493.94
10839,60,Female,Pokhara,100201,6,8,9063,72,10.0,52,94,3.0,146046.59
10840,65,Male,Pokhara,28640,3,3,6623,49,11.5,39,27,1.4,90213.44
10841,28,Male,Pokhara,242129,2,15,8147,61,8.5,99,71,2.4,168927.84
10842,64,Female,Bhaktapur,181121,7,16,13605,88,2.9,19,27,1.6,202336.94
10843,40,Male,Biratnagar,156690,1,4,1674,98,0.7,87,89,3.5,85447.12
10844,33,Female,Kathmandu,207125,6,6,1664,95,6.0,68,46,4.8,122711.65
10845,48,Male,Bhaktapur,152992,2,1,9784,48,6.4,44,41,5.0,170459.52
10846,28,Male,Pokhara,63937,5,4,9975,13,3.3,5,79,2.5,122972.48
10847,33,Male,Chitwan,220796,7,11,10703,0,1.9,91,25,3.4,178525.89
10848,25,Female,Lalitpur,163279,4,12,9537,80,7.2,68,86,4.4,156716.75
10849,21,Male,Bhaktapur,216846,5,5,10683,24,9.3,48,18,1.5,192283.25
10850,57,Female,Bhaktapur,184044,4,16,9212,58,11.9,38,12,3.8,172413.27
10851,21,Female,Kathmandu,161871,4,13,4966,71,9.2,1,87,2.6,127782.18
10852,42,Female,Kathmandu,222160,5,13,6038,68,9.6,38,51,1.8,137387.73
10853,20,Female,Bhaktapur,179988,7,17,12888,4,7.6,20,39,2.6,180848.18
10854,49,Male,Pokhara,90463,5,7,13448,98,11.8,39,89,1.3,159343.92
10855,20,Female,Lalitpur,113500,2,8,14469,18,7.9,100,10,3.8,184029.35
10856,44,Female,Kathmandu,227772,6,13,7611,22,10.4,81,94,2.0,189574.65
10857,46,Male,Pokhara,57158,6,16,8934,8,11.4,53,74,2.2,136211.34
10858,49,Female,Chitwan,104607,5,4,3300,93,11.2,11,98,1.5,136472.75
10859,36,Male,Kathmandu,139639,2,8,5107,49,4.9,80,77,4.5,107133.55
10860,38,Female,Pokhara,91696,6,16,11588,15,1.4,36,54,3.0,149046.19
10861,22,Male,Pokhara,81510,2,10,11294,32,2.5,37,29,3.3,115980.18
10862,35,Female,Lalitpur,140076,2,12,7762,1,1.2,14,41,3.3,121583.84
10863,45,Male,Lalitpur,78692,4,12,10965,13,1.7,6,9,2.6,103071.96
10864,59,Female,Chitwan,150841,6,5,2041,0,2.6,77,63,1.8,87485.26
10865,39,Female,Pokhara,212816,6,16,3265,89,4.4,49,77,4.0,124163.23
10866,38,Male,Biratnagar,35810,4,1,10806,57,6.8,64,37,1.5,85092.77
10867,23,Male,Pokhara,156198,5,9,4991,88,8.7,66,14,1.4,106782.02
10868,18,Male,Lalitpur,181081,4,12,13399,15,2.9,100,73,3.8,215217.06
10869,22,Male,Biratnagar,131718,6,5,3583,78,8.2,43,72,1.8,107501.75
10870,58,Female,Kathmandu,110932,6,20,5856,89,8.6,30,39,2.2,128770.59
10871,29,Female,Kathmandu,20192,7,3,2357,46,6.9,42,40,2.9,45546.38
10872,43,Male,Bhaktapur,56413,5,5,1269,43,10.9,76,54,2.8,53153.17
10873,63,Female,Lalitpur,163888,4,2,1922,79,1.8,47,3,3.8,82880.49
10874,51,Male,Bhaktapur,59082,1,14,9098,13,2.5,81,55,3.5,114704.19
10875,31,Male,Biratnagar,85048,1,2,3472,92,5.4,80,33,3.6,61393.01
10876,43,Female,Lalitpur,143130,5,13,2372,23,2.0,80,96,3.9,100947.43
10877,62,Female,Chitwan,70940,4,7,6099,54,7.0,60,71,2.2,114898.41
10878,44,Female,Pokhara,183202,4,10,11386,14,5.1,74,19,2.3,165429.86
10879,26,Female,Chitwan,60142,2,13,2769,82,3.8,83,34,2.8,56296.09
10880,43,Female,Biratnagar,56468,6,16,5775,71,2.5,9,78,2.2,79315.17
10881,64,Female,Lalitpur,181770,3,14,5249,33,4.4,28,50,4.9,155119.75
10882,39,Female,Biratnagar,161727,7,11,7071,1,7.5,47,47,4.3,126838.39
10883,64,Male,Pokhara,198969,5,10,9873,26,7.1,97,46,1.7,177122.86
10884,47,Male,Kathmandu,181147,3,6,5572,73,2.4,80,56,1.0,120893.84
10885,60,Male,Kathmandu,160431,3,4,10131,98,1.9,61,57,1.2,150504.4
10886,65,Male,Biratnagar,149048,5,1,11745,86,0.8,12,83,2.0,151885.55
10887,34,Male,Bhaktapur,62056,4,7,5963,71,0.6,43,51,1.5,68629.11
10888,43,Female,Lalitpur,71831,5,9,12025,91,10.6,46,54,3.1,164749.66
10889,53,Male,Lalitpur,79191,3,8,7950,22,1.0,63,90,4.4,94213.01
10890,18,Male,Kathmandu,141948,6,5,11589,67,8.9,90,81,3.9,177431.59
10891,25,Male,Chitwan,184344,7,19,11595,13,10.5,52,28,1.9,183799.16
10892,52,Male,Pokhara,128117,7,10,8920,62,1.6,89,19,2.6,137540.53
10893,32,Male,Chitwan,34671,6,11,4459,92,5.5,91,27,3.0,59127.54
10894,64,Male,Chitwan,47048,6,15,10585,64,11.6,76,48,4.2,150458.96
10895,39,Male,Biratnagar,227346,4,6,1813,67,10.1,75,19,4.4,116717.24
10896,31,Female,Kathmandu,45963,1,15,8347,62,6.1,43,97,4.6,156128.47
10897,43,Female,Kathmandu,63954,5,5,1570,95,9.3,27,51,3.0,39741.25
10898,45,Male,Kathmandu,223381,7,19,9666,96,10.1,1,7,3.8,223675.37
10899,40,Female,Biratnagar,115430,6,19,10430,89,4.5,100,29,1.4,142965.01
10900,31,Female,Bhaktapur,20717,5,10,3785,80,10.8,56,43,3.3,71592.98
10901,41,Female,Chitwan,31676,7,12,9449,86,5.9,56,69,2.0,103444.26
10902,19,Female,Biratnagar,155506,6,4,3595,63,6.6,33,94,2.7,85843.88
10903,62,Male,Lalitpur,200882,7,18,820,31,12.0,86,58,3.5,101202.75
10904,43,Female,Pokhara,138696,4,16,2821,78,10.2,57,8,2.0,93216.3
10905,31,Female,Bhaktapur,245708,1,8,1055,12,4.7,51,42,1.2,112759.83
10906,24,Female,Lalitpur,150830,1,4,5439,65,0.6,28,76,1.0,129599.58
10907,20,Male,Chitwan,24994,6,12,5932,18,7.7,34,42,1.1,79354.86
10908,64,Male,Kathmandu,24234,7,2,1886,23,8.6,74,13,1.0,38972.03
10909,40,Male,Chitwan,89300,4,4,5263,87,8.0,47,26,1.4,100714.52
10910,63,Male,Biratnagar,63949,2,5,11739,10,11.6,32,18,2.0,112220.2
10911,60,Male,Pokhara,57405,5,3,11119,58,10.4,74,42,1.9,107535.88
10912,64,Male,Biratnagar,54872,5,9,7354,85,5.7,72,51,4.9,80362.37
10913,62,Male,Bhaktapur,62215,3,18,14730,14,1.2,77,84,2.2,153066.14
10914,35,Female,Bhaktapur,43185,4,11,10696,9,6.0,8,16,1.5,88157.02
10915,55,Female,Pokhara,194514,7,3,10622,40,8.4,47,3,3.2,157869.09
10916,52,Female,Lalitpur,202831,3,2,8137,26,7.5,66,91,4.4,140753.11
10917,32,Male,Lalitpur,61153,6,9,5341,59,6.7,92,79,3.7,96947.28
10918,42,Male,Bhaktapur,97535,7,14,13462,72,5.9,82,98,2.2,176868.08
10919,54,Male,Bhaktapur,153653,3,4,10855,51,3.9,35,45,3.2,153248.89
10920,45,Male,Kathmandu,71717,1,9,13853,27,3.7,95,22,3.9,121595.54
10921,27,Male,Lalitpur,22763,5,13,4367,64,6.3,70,23,3.9,61045.89
10922,56,Female,Pokhara,112910,7,18,11118,16,2.3,91,59,3.7,150031.89
10923,34,Female,Lalitpur,75480,3,15,4293,94,4.4,43,62,4.5,102042.9
10924,56,Male,Kathmandu,189831,1,10,7873,43,4.2,81,68,4.5,178795.92
10925,39,Male,Biratnagar,227139,4,16,3013,9,7.3,59,54,3.3,144600.12
10926,43,Male,Bhaktapur,138094,3,12,4303,62,1.3,62,57,2.7,103178.55
10927,61,Male,Bhaktapur,176379,6,20,2827,100,10.0,4,23,3.6,114590.03
10928,42,Female,Kathmandu,247443,6,5,9309,92,7.0,86,60,4.3,175103.04
10929,34,Male,Pokhara,31064,6,2,2665,81,8.2,85,73,1.0,76217.33
10930,30,Male,Bhaktapur,96848,7,10,3808,46,8.6,89,88,5.0,96329.66
10931,37,Male,Chitwan,57548,5,1,6952,37,3.9,75,85,1.7,101285.96
10932,42,Male,Bhaktapur,188017,3,7,8567,69,5.9,39,55,2.9,149258.65
10933,21,Female,Chitwan,199009,4,17,8142,75,11.5,18,80,4.5,157735.51
10934,27,Male,Kathmandu,26476,3,16,14935,52,9.3,46,63,1.9,154251.53
10935,20,Male,Kathmandu,202828,5,3,6904,77,11.6,64,56,2.9,151207.88
10936,58,Female,Bhaktapur,110101,1,14,1492,43,9.1,66,55,1.5,82057.94
10937,62,Female,Lalitpur,22382,5,10,5924,73,2.5,90,25,2.6,58134.19
10938,35,Female,Chitwan,200755,6,7,10069,53,1.2,17,26,1.7,161350.8
10939,64,Male,Pokhara,239071,7,17,4881,19,7.1,49,49,2.5,163118.45
10940,53,Male,Bhaktapur,196348,1,6,3674,78,4.6,29,63,2.5,97049.38
10941,64,Female,Pokhara,184474,7,4,14898,30,3.7,65,45,5.0,165696.36
10942,39,Female,Bhaktapur,242953,6,17,5282,6,9.8,4,73,5.0,178448.26
10943,51,Female,Lalitpur,178018,2,9,9997,57,4.7,92,79,1.5,142907.9
10944,64,Female,Lalitpur,99698,5,4,6060,9,4.1,96,39,3.9,88763.22
10945,25,Female,Lalitpur,225005,5,7,7960,9,10.3,41,97,1.2,179748.95
10946,57,Female,Biratnagar,173407,4,2,13525,38,10.2,83,65,1.1,191434.06
10947,61,Male,Lalitpur,65095,3,17,3578,27,4.6,93,69,1.4,72127.93
10948,36,Male,Kathmandu,231002,1,8,11378,29,10.1,4,56,4.9,204050.65
10949,59,Male,Kathmandu,149974,7,15,3483,36,10.3,49,9,4.8,143165.61
10950,58,Female,Biratnagar,47197,1,15,7759,66,5.4,84,70,1.8,132250.32
10951,54,Female,Chitwan,147619,4,8,6554,42,1.3,57,28,1.6,103532.77
10952,23,Female,Pokhara,42010,4,16,14682,78,0.5,78,45,2.0,164772.82
10953,43,Female,Bhaktapur,175195,7,19,3023,84,6.5,83,26,3.1,117714.87
10954,51,Female,Bhaktapur,107923,3,11,12274,51,4.5,7,28,3.3,155742.33
10955,62,Female,Biratnagar,153962,7,2,10177,100,12.0,30,40,1.9,150504.67
10956,23,Male,Kathmandu,244377,7,17,10792,55,9.4,11,15,4.0,205958.47
10957,54,Male,Bhaktapur,150526,6,16,5081,75,9.3,20,6,2.2,114771.42
10958,50,Female,Kathmandu,129162,3,15,12407,67,11.5,93,27,4.7,170839.3
10959,39,Male,Chitwan,140927,5,13,6109,8,10.7,61,38,3.6,112340.38
10960,38,Female,Pokhara,28026,6,15,2501,91,4.2,90,68,2.7,69764.45
10961,23,Male,Chitwan,84925,2,4,1887,22,2.4,89,75,4.2,49153.68
10962,23,Female,Biratnagar,88842,3,16,11875,62,9.1,32,85,4.3,151660.02
10963,65,Female,Lalitpur,53665,4,12,7052,60,4.9,25,64,2.2,111107.82
10964,21,Male,Lalitpur,29277,6,4,1530,39,5.9,89,30,2.4,33941.99
10965,47,Male,Lalitpur,193311,3,3,10457,43,7.7,99,82,4.7,175023.57
10966,28,Female,Chitwan,198736,1,17,13455,85,10.9,39,99,1.7,235061.0
10967,47,Female,Bhaktapur,68008,7,18,1720,23,5.3,64,3,1.2,71058.31
10968,48,Male,Pokhara,34683,2,18,13622,50,9.5,58,62,2.8,122487.36
10969,41,Male,Lalitpur,151742,5,17,13663,57,3.6,14,12,4.2,179972.09
10970,26,Female,Biratnagar,240283,7,12,12498,89,8.5,0,91,4.1,198899.08
10971,20,Male,Biratnagar,168961,1,4,11106,93,0.5,10,30,4.7,158732.45
10972,48,Female,Lalitpur,206684,1,12,13789,32,10.5,54,85,3.1,216820.36
10973,57,Female,Lalitpur,195607,2,20,13037,15,0.8,1,38,1.4,183485.63
10974,54,Female,Pokhara,98542,5,15,6535,21,8.7,64,85,3.4,101370.57
10975,53,Female,Lalitpur,74319,4,16,10310,56,1.0,94,60,4.1,111191.55
10976,41,Male,Pokhara,112067,6,5,9955,61,3.6,43,38,1.4,143702.57
10977,48,Male,Biratnagar,172711,5,15,7023,81,6.2,15,15,1.7,162395.0
10978,23,Male,Lalitpur,215784,3,17,8574,70,5.3,21,18,1.0,135239.25
10979,19,Male,Chitwan,167705,1,18,9563,89,2.7,17,52,3.4,157506.47
10980,37,Male,Chitwan,185732,3,5,1334,71,4.3,46,29,4.5,105237.66
10981,45,Male,Biratnagar,88975,4,13,11514,69,8.9,80,60,3.7,153244.19
10982,28,Male,Pokhara,183244,3,19,9610,29,8.2,29,21,4.9,151550.1
10983,21,Female,Chitwan,210269,5,13,2224,22,1.3,9,17,1.3,94089.31
10984,32,Male,Pokhara,121158,3,18,7098,31,9.1,98,18,4.6,129351.55
10985,23,Male,Chitwan,209919,4,14,2913,85,1.1,57,57,4.3,113487.77
10986,47,Female,Chitwan,31577,4,4,10005,56,6.7,61,37,2.3,109152.25
10987,55,Male,Pokhara,97299,4,4,6493,8,3.5,84,60,4.9,100001.24
10988,19,Male,Bhaktapur,40176,5,20,4998,30,7.3,79,38,2.2,69981.38
10989,32,Female,Chitwan,195458,4,20,2605,70,3.5,5,12,4.6,124318.84
10990,28,Male,Lalitpur,83972,1,19,3068,8,11.8,66,75,4.5,83781.83
10991,25,Male,Biratnagar,140018,7,13,14115,12,4.1,40,84,4.0,168384.28
10992,43,Male,Bhaktapur,240863,4,12,9830,57,3.3,42,73,3.3,219436.64
10993,62,Female,Pokhara,192075,3,7,709,2,3.7,84,1,1.5,77891.34
10994,61,Male,Bhaktapur,39996,6,12,9756,34,10.8,76,58,3.1,81524.79
10995,22,Male,Kathmandu,120922,3,4,5411,96,7.8,17,3,2.4,125881.87
10996,23,Female,Kathmandu,106598,6,2,2720,20,8.9,57,63,4.2,99902.23
10997,43,Male,Chitwan,55931,3,2,733,63,11.1,59,21,4.0,57337.48
10998,21,Female,Chitwan,144168,5,5,1292,94,11.0,87,23,4.6,97869.33
10999,36,Female,Lalitpur,186782,3,10,14695,51,9.0,26,9,1.1,237089.83
11000,37,Male,Biratnagar,143099,5,10,14401,33,2.8,67,83,4.2,171000.62
11001,50,Female,Bhaktapur,54693,5,9,3610,95,10.2,21,55,4.8,84281.15
11002,37,Female,Kathmandu,186812,4,13,2666,34,2.8,23,19,4.2,131977.74
11003,29,Male,Chitwan,228313,1,7,9026,14,9.0,39,62,1.5,209581.09
11004,64,Female,Biratnagar,128944,6,5,10051,95,8.4,73,87,1.3,148787.02
11005,18,Female,Bhaktapur,244655,4,10,14427,5,9.2,65,91,1.1,257747.51
11006,43,Male,Chitwan,227574,4,10,5693,84,6.6,39,91,3.5,168904.36
11007,31,Male,Chitwan,37374,7,6,1714,96,7.8,5,39,3.5,75131.12
11008,55,Male,Kathmandu,227746,5,19,4919,31,11.5,17,100,4.9,171800.41
11009,54,Female,Kathmandu,101471,5,8,7814,51,1.7,80,76,2.6,119138.54
11010,28,Male,Chitwan,65913,6,1,14578,82,4.1,86,27,2.3,185494.36
11011,53,Female,Pokhara,143683,3,17,8975,96,7.5,29,46,3.5,146689.9
11012,30,Female,Chitwan,217097,3,7,712,27,11.6,20,34,4.3,138344.2
11013,60,Female,Biratnagar,64516,4,14,2158,94,1.6,61,33,4.7,90864.93
11014,20,Female,Chitwan,107796,2,17,12770,84,0.8,9,92,4.2,189034.32
11015,50,Female,Lalitpur,46069,2,9,14529,97,1.1,12,95,2.7,156940.22
11016,23,Female,Lalitpur,138333,3,17,5524,63,1.1,75,96,3.5,121185.08
11017,27,Female,Lalitpur,207305,2,5,13539,78,10.9,8,50,4.4,194866.67
11018,22,Male,Pokhara,104811,7,20,10109,77,8.8,67,20,3.0,138417.15
11019,40,Male,Pokhara,210121,3,8,11078,18,8.3,38,40,1.9,192647.03
11020,27,Female,Chitwan,138028,5,6,6417,14,6.5,23,99,1.7,101865.12
11021,61,Female,Lalitpur,59178,4,11,5641,5,9.5,33,95,1.0,90181.63
11022,19,Male,Pokhara,52821,1,19,2294,72,2.3,60,58,3.9,91551.78
11023,30,Female,Kathmandu,202799,4,4,6488,100,5.0,40,31,1.4,139508.19
11024,57,Male,Chitwan,212007,3,18,8796,83,6.1,4,38,2.0,188504.88
11025,19,Male,Biratnagar,36999,7,1,14277,97,1.8,78,86,2.2,152813.19
11026,37,Male,Bhaktapur,213594,3,13,6078,37,5.3,49,45,3.2,140516.56
11027,18,Female,Chitwan,58712,4,14,6051,25,4.1,3,41,2.6,85991.47
11028,54,Female,Bhaktapur,215623,7,1,13557,81,0.9,50,9,3.7,193747.03
11029,26,Male,Lalitpur,191244,7,11,12585,91,2.1,51,9,1.2,149240.06
11030,34,Male,Bhaktapur,53722,7,17,4345,50,9.3,38,63,1.5,97487.32
11031,26,Male,Lalitpur,30625,6,4,12382,72,0.7,7,79,3.0,125279.05
11032,28,Male,Kathmandu,218237,3,12,7406,95,11.2,44,77,2.3,188419.71
11033,32,Male,Bhaktapur,227581,2,10,14747,52,1.5,87,22,2.2,215152.36
11034,41,Female,Chitwan,26859,2,6,14815,55,9.7,27,16,1.3,148282.26
11035,55,Male,Lalitpur,192681,3,1,11984,58,10.8,26,32,4.6,192803.58
11036,52,Female,Chitwan,194379,3,7,878,69,11.3,64,66,3.8,111230.31
11037,47,Male,Pokhara,130986,6,16,3793,77,10.5,33,90,1.5,135451.95
11038,48,Female,Lalitpur,41839,2,14,3829,91,3.8,80,14,1.3,64815.47
11039,22,Female,Bhaktapur,47216,3,20,5308,57,4.3,100,38,4.9,87302.08
11040,61,Female,Lalitpur,72953,3,20,12130,87,5.4,61,98,3.7,139095.2
11041,31,Female,Chitwan,235553,6,6,8437,12,2.1,61,8,2.7,154333.9
11042,28,Female,Kathmandu,211665,6,5,14160,42,0.8,37,100,3.8,226917.4
11043,26,Female,Lalitpur,223147,4,18,724,75,10.5,25,21,4.0,123145.77
11044,51,Male,Bhaktapur,69522,6,15,14525,50,6.9,23,56,4.1,151727.52
11045,29,Female,Pokhara,155958,1,6,1237,18,7.5,38,46,2.9,71463.87
11046,52,Male,Biratnagar,131249,2,19,735,20,11.2,20,43,2.7,73364.72
11047,52,Female,Kathmandu,27485,4,1,12970,90,8.1,93,92,1.0,155224.22
11048,18,Female,Pokhara,182527,1,1,1211,82,8.4,46,46,4.7,113730.56
11049,57,Male,Lalitpur,167839,3,13,6488,23,9.6,47,48,3.4,86493.83
11050,39,Female,Chitwan,132701,3,3,2388,25,1.8,12,70,1.8,78358.56
11051,46,Male,Chitwan,179525,4,10,13410,44,4.6,100,84,4.7,196088.32
11052,25,Male,Bhaktapur,227352,6,3,7673,27,11.6,2,31,4.7,151855.05
11053,28,Male,Chitwan,122638,7,9,1759,81,11.1,31,33,5.0,81848.18
11054,58,Male,Kathmandu,204514,7,8,5746,99,10.7,34,44,4.5,169442.88
11055,54,Female,Chitwan,202949,3,3,7771,28,5.7,18,71,5.0,161952.8
11056,31,Female,Bhaktapur,32226,7,13,1248,16,10.4,13,8,2.0,35169.36
11057,47,Male,Biratnagar,113405,5,6,12678,67,1.1,47,73,4.4,156386.12
11058,52,Female,Lalitpur,42588,4,13,4051,43,2.2,85,2,4.3,55615.7
11059,38,Female,Lalitpur,230048,1,20,14990,60,5.3,80,17,1.9,227076.13
11060,54,Male,Chitwan,182781,4,20,6900,92,6.1,67,52,1.4,126587.39
11061,22,Female,Pokhara,198860,2,12,7143,67,3.5,44,45,4.9,139708.67
11062,36,Male,Lalitpur,239103,6,13,9201,73,4.6,18,37,2.2,194075.0
11063,31,Male,Biratnagar,57019,6,2,14363,24,2.4,63,42,4.5,143942.15
11064,43,Female,Chitwan,196020,4,16,2323,94,6.1,100,44,1.0,99392.38
11065,21,Female,Bhaktapur,85133,3,6,7352,66,9.6,65,81,1.1,106012.65
11066,42,Female,Biratnagar,134444,3,19,13572,1,8.1,78,38,2.9,190264.05
11067,62,Male,Chitwan,217530,5,13,11633,88,1.7,65,99,2.0,185902.42
11068,59,Male,Biratnagar,137603,5,17,8277,48,6.1,74,94,3.8,152280.6
11069,42,Female,Lalitpur,178598,6,9,4732,69,8.5,44,6,3.3,112322.79
11070,35,Female,Bhaktapur,224565,5,17,7019,25,6.6,86,68,1.3,141470.28
11071,57,Female,Chitwan,148585,1,2,10826,71,5.0,73,51,1.7,161149.47
11072,25,Female,Kathmandu,203270,5,19,2277,98,7.7,66,35,2.6,117639.78
11073,56,Male,Bhaktapur,63395,1,19,1722,26,11.6,68,58,1.7,80051.12
11074,57,Female,Kathmandu,175103,5,7,8130,88,1.6,2,57,4.2,159817.91
11075,31,Male,Biratnagar,226614,6,10,14121,17,5.0,37,73,2.7,207083.4
11076,49,Male,Pokhara,145814,6,10,12359,53,5.2,76,6,1.4,168240.91
11077,55,Female,Bhaktapur,188773,1,20,2277,0,7.1,41,13,2.9,100254.4
11078,50,Female,Biratnagar,132599,4,9,9996,60,2.3,82,59,1.4,151922.35
11079,40,Female,Kathmandu,45939,6,17,7990,2,2.5,39,86,1.5,102409.88
11080,32,Male,Lalitpur,200217,4,15,5359,67,3.8,49,92,2.0,130570.4
11081,50,Female,Lalitpur,171396,3,2,9393,40,11.5,34,30,4.4,150468.93
11082,42,Female,Pokhara,173939,1,4,8618,36,8.9,23,100,4.7,166452.67
11083,34,Male,Bhaktapur,20203,7,19,3489,50,8.1,87,2,4.3,74685.92
11084,50,Female,Bhaktapur,167616,6,17,8843,14,9.9,16,58,2.3,171869.04
11085,64,Male,Bhaktapur,166971,2,5,1825,7,2.0,39,36,2.1,68534.71
11086,19,Female,Biratnagar,49063,3,7,9993,37,10.4,73,72,3.2,113768.4
11087,31,Male,Pokhara,110880,4,18,12414,82,7.3,65,45,3.9,157942.83
11088,57,Female,Bhaktapur,23748,6,7,10403,55,4.4,43,9,5.0,97527.36
11089,57,Female,Biratnagar,137269,1,17,5627,46,9.9,22,65,1.5,99830.25
11090,56,Male,Lalitpur,217701,7,7,9498,89,9.7,5,77,1.2,195400.0
11091,23,Male,Kathmandu,100764,5,4,13022,9,10.2,65,50,3.8,155015.16
11092,23,Female,Biratnagar,171956,7,8,3222,77,1.8,20,79,4.3,114171.71
11093,20,Male,Lalitpur,176255,2,13,5156,48,11.6,34,32,4.4,130630.88
11094,24,Male,Lalitpur,232642,4,4,1825,40,11.5,28,98,3.7,129810.21
11095,25,Male,Kathmandu,222318,3,6,4633,82,4.6,6,43,4.8,128077.51
11096,59,Male,Lalitpur,128036,7,5,9851,29,1.3,92,95,3.0,137256.73
11097,32,Female,Pokhara,170331,1,12,3369,4,2.4,52,78,4.7,93879.16
11098,64,Female,Kathmandu,187031,2,4,13208,94,11.9,36,54,4.9,206302.26
11099,46,Male,Lalitpur,136525,1,9,1742,70,7.0,22,47,4.4,111728.1
11100,50,Male,Chitwan,184529,6,4,9039,82,4.6,96,14,2.2,157526.22
11101,47,Male,Biratnagar,105679,5,19,2331,30,3.8,7,48,1.8,81141.43
11102,56,Male,Lalitpur,145829,3,14,2069,51,3.5,75,55,3.2,68836.04
11103,44,Female,Pokhara,148216,1,5,12627,87,8.1,47,29,2.8,186570.45
11104,53,Female,Bhaktapur,153175,4,18,7746,97,5.3,9,47,4.5,156326.05
11105,46,Male,Lalitpur,85901,6,10,2418,22,11.6,78,63,1.4,80433.34
11106,55,Male,Bhaktapur,195607,6,19,6916,47,8.4,23,19,2.0,152104.69
11107,50,Male,Chitwan,167175,3,12,3732,39,9.6,89,91,4.0,119134.53
11108,54,Female,Lalitpur,118046,6,18,4258,5,3.9,46,9,1.4,97291.14
11109,44,Male,Kathmandu,110012,4,17,6497,37,1.4,52,37,2.3,126865.36
11110,50,Female,Bhaktapur,98278,1,11,2855,40,6.1,38,92,2.5,90895.22
11111,21,Male,Chitwan,32391,3,3,10089,99,4.1,66,52,3.5,98453.09
11112,39,Female,Kathmandu,122476,6,17,11472,26,2.8,65,57,1.6,138314.34
11113,19,Male,Kathmandu,179973,6,1,2324,74,11.5,5,88,4.4,127026.15
11114,27,Female,Kathmandu,140721,4,15,11183,68,5.6,20,28,2.8,147852.48
11115,22,Male,Kathmandu,117537,5,9,7780,56,2.5,72,36,4.7,122093.77
11116,27,Male,Lalitpur,101159,5,15,4560,16,2.8,73,64,2.9,84242.51
11117,50,Male,Biratnagar,218986,7,3,5824,70,3.7,35,18,2.1,118943.56
11118,55,Female,Lalitpur,151040,6,19,904,90,12.0,2,89,1.6,115230.04
11119,30,Male,Lalitpur,201429,1,13,2221,46,3.6,87,35,1.0,115689.71
11120,48,Female,Chitwan,237980,3,12,5816,78,4.3,85,68,3.1,134166.26
11121,64,Female,Chitwan,189509,6,20,11517,12,8.1,77,78,1.4,192965.8
11122,53,Male,Biratnagar,55503,2,1,4345,10,3.9,41,39,2.6,70844.95
11123,62,Male,Chitwan,247354,3,17,4710,89,3.0,44,90,3.4,166785.76
11124,41,Male,Pokhara,244531,7,13,11884,85,2.3,43,8,2.1,197109.58
11125,32,Female,Biratnagar,95403,5,1,14464,91,4.1,90,88,1.7,191105.59
11126,46,Male,Chitwan,192330,6,10,564,23,1.7,32,80,4.1,87737.59
11127,25,Female,Biratnagar,184796,4,15,9991,92,0.7,59,84,4.8,165835.18
11128,22,Female,Lalitpur,84286,2,7,13612,72,9.8,85,15,1.4,146754.24
11129,46,Male,Lalitpur,94842,6,18,6882,3,2.1,92,7,1.6,82091.57
11130,64,Male,Biratnagar,124927,7,16,10107,45,9.4,82,17,4.8,134033.18
11131,21,Male,Pokhara,34908,1,14,12285,17,9.7,82,86,1.2,144303.79
11132,29,Male,Pokhara,243689,2,18,1468,42,6.7,69,86,4.9,125678.66
11133,62,Male,Biratnagar,201698,7,7,868,79,4.1,82,64,1.0,100638.7
11134,19,Male,Chitwan,57228,6,17,8924,32,2.2,76,12,4.5,86553.07
11135,44,Female,Bhaktapur,43386,1,18,2742,92,9.0,25,82,2.2,63595.72
11136,48,Female,Pokhara,197826,2,12,5502,9,7.4,85,56,4.8,124396.95
11137,53,Female,Kathmandu,48302,1,8,3583,72,8.0,20,46,2.3,105728.76
11138,53,Male,Lalitpur,80815,1,2,8573,58,0.6,99,47,3.6,105874.03
11139,43,Female,Biratnagar,235820,2,7,9612,30,11.2,1,79,1.3,190277.51
11140,60,Female,Kathmandu,83344,2,4,9380,27,1.3,46,16,2.0,110098.6
11141,44,Female,Biratnagar,186690,1,18,12964,59,4.7,29,69,4.1,222405.94
11142,22,Female,Lalitpur,131603,7,6,13822,2,5.1,26,2,3.1,141386.96
11143,37,Female,Lalitpur,227306,5,9,1969,54,0.5,70,92,4.7,113730.61
11144,28,Male,Pokhara,81114,2,9,5225,13,6.2,19,54,2.7,67309.19
11145,27,Male,Pokhara,221202,6,14,4759,57,9.2,49,27,4.5,106825.49
11146,57,Female,Kathmandu,45525,3,8,4122,88,10.0,94,31,2.8,65176.15
11147,55,Female,Biratnagar,99818,4,19,10792,14,10.6,22,41,4.9,159204.76
11148,23,Female,Lalitpur,134589,1,3,10957,1,6.1,12,36,4.8,140675.44
11149,25,Male,Kathmandu,165406,1,18,12481,23,7.8,80,47,2.3,189896.58
11150,40,Male,Bhaktapur,114715,4,5,1323,77,1.4,3,43,4.5,69511.39
11151,64,Female,Kathmandu,213839,5,14,3931,63,6.1,13,65,4.4,133125.67
11152,43,Male,Chitwan,26644,4,4,7028,70,2.3,19,50,1.8,100243.85
11153,63,Male,Kathmandu,121154,2,7,4651,99,4.8,12,93,3.5,101541.35
11154,60,Female,Chitwan,184005,4,20,4713,23,4.3,2,1,1.3,124205.58
11155,29,Male,Chitwan,63469,1,12,7920,26,5.4,89,72,4.3,83017.85
11156,43,Male,Chitwan,184759,4,2,9489,36,7.1,89,57,1.7,160019.34
11157,30,Female,Bhaktapur,126609,3,11,1279,93,10.9,81,16,1.3,78456.91
11158,57,Male,Kathmandu,203728,6,14,11542,90,5.0,95,28,2.6,166497.1
11159,35,Male,Kathmandu,168447,2,16,3392,38,11.8,77,86,3.3,129659.93
11160,42,Female,Bhaktapur,85206,4,20,6034,62,9.2,46,82,4.4,104749.83
11161,50,Male,Lalitpur,116462,1,6,10585,78,6.4,2,22,4.9,175964.47
11162,64,Male,Pokhara,187679,7,4,3806,25,7.9,0,41,2.8,78938.4
11163,57,Female,Kathmandu,103178,6,15,3402,64,1.7,89,76,1.2,85882.18
11164,60,Female,Pokhara,175065,2,1,13495,3,10.2,23,19,4.0,189653.21
11165,29,Female,Biratnagar,195458,1,7,13891,28,7.2,34,89,3.3,203315.34
11166,61,Male,Biratnagar,197359,5,12,4218,0,11.8,13,50,2.8,123331.11
11167,53,Female,Bhaktapur,106724,3,10,521,49,7.8,66,59,2.2,68030.82
11168,65,Male,Biratnagar,249204,5,5,2000,85,10.1,12,69,3.0,151174.27
11169,21,Female,Biratnagar,244380,3,12,9534,10,9.7,46,34,2.4,160592.22
11170,22,Male,Lalitpur,116393,4,18,10452,73,4.5,49,39,4.0,137363.75
11171,54,Female,Lalitpur,147314,2,10,4141,58,3.5,77,74,3.2,91453.14
11172,25,Female,Lalitpur,96312,4,6,5712,61,5.5,84,7,4.5,78695.82
11173,59,Female,Biratnagar,249443,3,12,691,80,5.9,25,52,3.2,125174.29
11174,45,Female,Bhaktapur,95324,3,7,13806,35,3.3,2,60,2.0,170791.46
11175,48,Male,Chitwan,91196,3,18,13914,55,10.8,50,52,4.4,194667.14
11176,26,Female,Chitwan,90014,6,2,9087,89,6.7,39,79,3.2,139217.37
11177,46,Female,Pokhara,159282,1,10,7674,20,11.8,67,24,1.8,153042.83
11178,31,Male,Chitwan,161994,2,15,5614,12,9.8,35,26,3.5,106712.78
11179,57,Female,Chitwan,187361,4,12,5162,8,6.9,50,90,2.4,154735.8
11180,58,Male,Lalitpur,53340,4,17,4826,10,11.4,0,90,4.4,92000.64
11181,39,Female,Lalitpur,59850,5,4,9565,74,6.3,32,10,2.8,130112.44
11182,28,Female,Biratnagar,208056,3,7,11313,69,10.7,6,17,3.9,170881.09
11183,40,Female,Pokhara,133711,7,9,4835,0,4.6,51,78,1.4,98257.55
11184,18,Male,Kathmandu,235250,3,19,8781,69,4.9,10,2,2.6,188670.74
11185,63,Female,Pokhara,31094,3,7,10971,76,5.3,26,77,4.9,127129.77
11186,54,Female,Pokhara,107959,7,2,9148,85,6.8,13,27,4.2,120270.1
11187,38,Female,Bhaktapur,184490,4,6,10972,55,6.9,85,73,1.6,194934.7
11188,43,Male,Biratnagar,25741,5,18,13141,30,6.2,79,71,2.1,121696.13
11189,63,Male,Bhaktapur,131585,1,6,9696,85,4.0,45,48,2.3,144566.35
11190,53,Female,Pokhara,223446,7,13,14144,36,11.2,75,74,3.6,232500.66
11191,40,Male,Pokhara,142564,6,19,13226,46,7.3,9,9,4.0,211330.75
11192,18,Female,Pokhara,88798,2,2,5994,90,5.2,23,86,4.0,99885.97
11193,57,Female,Chitwan,136026,7,12,9036,77,8.0,60,23,3.0,139170.33
11194,32,Female,Bhaktapur,221604,1,15,3211,46,9.3,17,71,4.2,131829.03
11195,38,Female,Pokhara,130130,4,14,8095,68,11.5,85,73,2.7,149242.55
11196,64,Female,Lalitpur,42164,6,6,13444,57,6.2,8,27,1.5,148888.32
11197,26,Female,Biratnagar,186667,6,18,6773,35,1.8,16,88,3.3,159237.15
11198,26,Female,Biratnagar,50257,6,5,6784,31,5.6,57,93,4.8,106622.67
11199,27,Male,Lalitpur,165283,3,18,11154,97,6.0,12,81,4.2,175700.44
11200,43,Male,Biratnagar,115989,2,3,9808,63,10.8,49,84,3.3,164100.72
11201,58,Male,Chitwan,156304,4,3,9317,70,5.0,100,71,3.6,151465.58
11202,52,Male,Chitwan,218825,4,10,13071,41,11.5,5,43,4.7,224135.53
11203,42,Male,Kathmandu,72691,6,19,10671,47,6.1,84,7,2.7,141785.36
11204,43,Male,Kathmandu,240837,4,3,4494,73,11.7,50,92,2.3,178816.84
11205,28,Male,Kathmandu,99768,2,12,2178,80,0.6,35,83,4.9,71553.94
11206,55,Female,Biratnagar,176685,2,16,8914,29,10.8,70,63,4.5,158748.46
11207,19,Female,Chitwan,34026,5,17,1243,20,11.2,99,84,2.3,61060.55
11208,24,Female,Chitwan,204607,7,7,962,59,11.6,24,44,2.9,125696.2
11209,35,Female,Chitwan,245162,7,13,2068,12,0.7,10,39,2.7,114121.66
11210,44,Male,Lalitpur,50908,5,2,12039,0,2.5,43,40,1.6,139785.48
11211,51,Male,Chitwan,203185,1,4,14493,64,8.0,13,7,4.8,220119.63
11212,44,Female,Lalitpur,39610,7,10,13951,32,0.8,28,70,2.6,136853.27
11213,34,Female,Kathmandu,197718,2,7,2236,37,1.2,73,25,4.5,106859.33
11214,60,Male,Kathmandu,83185,2,17,13834,24,3.0,49,59,1.8,153384.35
11215,61,Female,Biratnagar,92567,7,20,12731,25,6.4,4,13,3.2,158925.45
11216,41,Female,Kathmandu,198646,2,6,8403,76,6.8,71,86,1.1,147702.71
11217,42,Female,Biratnagar,242123,5,19,12643,58,0.9,68,81,4.1,207864.7
11218,24,Female,Pokhara,56182,6,5,7502,91,2.5,87,86,3.3,115305.04
11219,23,Male,Pokhara,136136,6,10,9356,32,6.2,56,98,3.5,160242.8
11220,41,Female,Bhaktapur,151642,4,9,1856,100,7.3,25,62,1.2,105885.33
11221,50,Female,Biratnagar,248862,6,13,1514,40,2.2,5,8,1.8,115125.9
11222,46,Male,Bhaktapur,39288,3,19,10824,29,5.1,15,45,1.3,125750.49
11223,60,Male,Bhaktapur,98824,5,6,11360,56,10.9,59,18,2.2,129642.54
11224,39,Female,Pokhara,180949,2,4,1554,48,12.0,99,88,3.5,105702.87
11225,43,Male,Biratnagar,104425,7,3,2264,47,11.9,11,60,3.3,86369.99
11226,45,Female,Pokhara,20917,6,3,6509,71,10.6,74,60,3.4,70156.9
11227,38,Female,Bhaktapur,95602,5,4,4958,48,5.0,2,2,3.2,60228.36
11228,24,Male,Biratnagar,246112,6,5,11561,46,8.4,62,66,2.1,218829.69
11229,34,Female,Bhaktapur,84575,1,8,10104,55,5.3,63,91,2.0,137275.83
11230,37,Female,Chitwan,92518,2,16,1167,64,8.0,61,14,1.5,69236.99
11231,58,Female,Biratnagar,59104,1,3,3870,11,4.1,100,48,4.4,74140.8
11232,37,Female,Biratnagar,169134,2,12,6476,68,7.5,5,56,3.5,126732.4
11233,39,Male,Bhaktapur,36999,5,8,1894,87,6.5,18,12,1.7,42119.21
11234,45,Male,Chitwan,212917,4,13,8790,5,0.8,17,96,1.7,185221.96
11235,57,Female,Lalitpur,161013,6,4,14882,88,9.6,79,92,4.5,200590.72
11236,24,Male,Pokhara,81169,6,14,4570,64,0.6,86,55,4.0,77521.32
11237,18,Female,Bhaktapur,174542,3,14,7482,24,3.9,42,28,3.6,128453.38
11238,49,Female,Biratnagar,149744,7,13,9113,0,0.6,100,89,2.6,127211.59
11239,30,Female,Pokhara,130684,1,6,6099,31,4.8,72,4,2.0,122913.62
11240,47,Female,Pokhara,79821,6,17,4150,2,1.2,2,90,4.9,45257.13
11241,40,Female,Pokhara,237741,5,4,12849,48,11.0,71,36,4.2,204336.14
11242,36,Male,Lalitpur,195507,4,8,9824,18,5.3,37,50,2.2,168040.6
11243,49,Female,Kathmandu,155601,7,17,10394,59,5.8,67,3,4.4,182504.22
11244,47,Male,Bhaktapur,234127,5,3,4120,28,4.5,75,1,4.0,106786.07
11245,46,Male,Kathmandu,32192,1,17,3690,49,7.7,43,17,2.2,46332.13
11246,62,Female,Kathmandu,94102,3,9,9289,1,9.5,94,71,2.7,119086.2
11247,46,Female,Kathmandu,223834,6,2,891,72,8.0,88,62,1.7,117815.48
11248,47,Female,Pokhara,134894,5,13,1575,55,9.1,79,48,1.4,87602.18
11249,33,Female,Chitwan,106795,7,20,3150,16,10.9,62,62,3.9,72768.71
11250,57,Female,Pokhara,185159,2,2,14100,59,10.4,41,69,2.1,208049.01
11251,36,Male,Pokhara,86677,4,20,14817,35,8.3,63,19,4.3,198224.52
11252,35,Female,Biratnagar,155699,7,11,2884,60,3.0,53,34,5.0,98773.86
11253,18,Female,Biratnagar,207613,5,15,1309,16,7.8,77,99,1.3,113444.92
11254,31,Male,Kathmandu,219298,4,11,8547,48,6.3,76,49,2.9,170661.43
11255,64,Male,Pokhara,154327,6,3,12001,75,8.7,70,80,4.2,184499.99
11256,19,Female,Kathmandu,208505,2,3,6001,59,10.1,75,47,4.2,128948.23
11257,45,Male,Biratnagar,156285,3,12,12430,19,9.0,36,91,4.0,182620.89
11258,47,Female,Chitwan,122412,7,5,7395,49,10.2,3,50,2.4,125107.86
11259,55,Male,Bhaktapur,39404,3,20,1659,2,1.2,1,89,2.8,42161.36
11260,21,Male,Kathmandu,136545,2,7,8074,42,0.9,98,26,3.4,132434.57
11261,18,Female,Chitwan,176452,4,7,2031,56,3.5,43,56,4.9,88726.3
11262,25,Male,Bhaktapur,242128,6,13,5981,49,10.9,66,78,2.3,159533.27
11263,46,Male,Lalitpur,170245,5,9,8048,67,10.0,67,14,4.7,130407.16
11264,56,Male,Kathmandu,204099,2,13,5476,80,8.4,75,78,2.1,153557.31
11265,20,Male,Kathmandu,43989,1,12,6195,49,8.6,82,25,5.0,105344.69
11266,49,Male,Lalitpur,128106,4,13,11374,36,8.9,73,100,3.7,163263.79
11267,27,Male,Lalitpur,44519,3,10,8945,45,11.3,61,4,2.9,123772.51
11268,27,Female,Kathmandu,42439,7,1,4048,41,10.1,0,79,3.5,72693.3
11269,36,Female,Lalitpur,138570,2,8,11877,14,7.7,16,32,2.1,125913.76
11270,63,Male,Pokhara,228021,3,16,6663,32,8.2,15,82,2.1,163968.62
11271,51,Female,Bhaktapur,34995,4,13,7171,79,3.0,8,78,1.5,91972.68
11272,50,Female,Bhaktapur,43559,3,3,5764,10,8.1,52,65,1.5,83142.58
11273,40,Female,Bhaktapur,109049,2,3,1731,19,5.4,72,61,2.4,72862.93
11274,45,Male,Pokhara,156093,4,5,2923,23,2.3,58,20,4.1,77237.73
11275,49,Female,Lalitpur,118000,1,11,12267,63,9.8,8,74,3.4,197055.72
11276,24,Male,Chitwan,172191,2,7,8571,79,6.4,11,10,1.4,147902.43
11277,46,Female,Lalitpur,202611,5,10,4761,93,11.7,40,88,4.4,145876.89
11278,25,Male,Kathmandu,245907,6,10,10265,97,3.7,14,34,3.4,200545.39
11279,18,Male,Biratnagar,59350,2,20,3408,64,6.0,65,61,4.8,79644.6
11280,20,Female,Bhaktapur,197295,4,2,5212,87,5.7,74,92,3.7,175426.87
11281,41,Female,Lalitpur,45517,7,3,7255,87,1.9,10,27,1.7,82782.33
11282,40,Male,Chitwan,229725,6,8,10317,72,5.4,7,40,2.9,189586.98
11283,25,Female,Kathmandu,173322,2,11,12690,85,3.8,54,65,3.6,176455.41
11284,64,Female,Pokhara,235558,1,13,4383,75,2.3,95,33,1.1,147357.33
11285,54,Female,Pokhara,233967,7,7,4015,16,3.7,5,68,1.1,134009.23
11286,20,Male,Chitwan,109132,1,13,3903,88,3.2,52,71,1.5,89685.68
11287,50,Male,Kathmandu,242138,5,2,5098,91,8.9,19,9,2.0,133585.73
11288,45,Female,Bhaktapur,217870,7,6,5508,60,0.9,38,16,2.7,108967.17
11289,64,Female,Lalitpur,205271,3,9,6722,14,7.6,98,5,2.9,146951.57
11290,25,Female,Kathmandu,79546,7,20,13372,93,9.2,71,98,1.6,151663.91
11291,51,Male,Pokhara,125686,6,2,10650,50,6.0,33,23,3.7,164447.21
11292,52,Male,Chitwan,108151,7,18,4509,26,11.2,56,43,3.4,84662.17
11293,49,Female,Chitwan,23327,4,16,3235,85,8.6,18,89,2.2,68168.83
11294,41,Female,Lalitpur,140318,4,12,4991,73,9.1,70,57,1.1,104326.18
11295,31,Female,Chitwan,180840,3,7,14419,60,2.8,30,51,1.3,196046.29
11296,49,Female,Chitwan,215490,7,7,14668,57,9.4,81,13,2.6,212683.11
11297,63,Female,Kathmandu,245458,1,17,11866,30,10.1,39,24,1.6,215200.34
11298,60,Female,Bhaktapur,193860,1,13,9093,90,4.7,13,11,2.5,140230.82
11299,33,Male,Lalitpur,135945,2,11,1474,11,3.0,99,52,3.5,63317.21
11300,21,Female,Kathmandu,233456,5,6,723,45,4.9,80,17,3.2,115401.81
11301,54,Male,Bhaktapur,66830,6,14,5113,30,9.0,36,37,1.9,98252.77
11302,38,Female,Kathmandu,72446,5,6,7277,31,5.3,43,13,2.4,58899.86
11303,31,Female,Biratnagar,166232,7,6,8927,31,9.0,8,62,3.5,160435.64
11304,48,Male,Kathmandu,207655,5,2,12190,98,1.8,57,91,4.4,176382.28
11305,65,Male,Chitwan,185070,2,20,4711,52,9.8,19,84,4.0,133155.16
11306,35,Male,Bhaktapur,178302,5,15,11926,60,3.4,91,97,3.2,180023.79
11307,24,Male,Lalitpur,160148,3,17,725,45,3.4,49,96,2.4,112032.65
11308,27,Female,Lalitpur,89341,2,8,10969,84,7.3,19,8,2.5,126040.89
11309,24,Male,Bhaktapur,51085,3,5,8683,73,1.3,35,56,4.5,84095.35
11310,50,Female,Chitwan,75571,7,17,4777,79,0.8,26,93,1.2,94430.63
11311,40,Male,Pokhara,165787,2,20,1841,6,3.5,71,83,5.0,97893.19
11312,38,Female,Kathmandu,148308,7,1,4536,3,6.7,31,70,3.7,123970.85
11313,36,Female,Chitwan,25750,7,18,8901,90,10.9,0,44,3.7,111317.99
11314,65,Female,Biratnagar,133931,5,15,4227,51,10.2,16,60,1.2,130164.11
11315,36,Female,Bhaktapur,98768,3,5,14203,88,6.1,8,41,3.4,172776.83
11316,53,Female,Kathmandu,55903,7,7,4428,30,0.9,83,21,2.9,68676.78
11317,46,Female,Lalitpur,223561,3,18,14931,74,6.7,44,86,1.4,254743.5
11318,35,Male,Pokhara,183165,3,6,13681,83,8.6,95,42,2.1,195657.03
11319,19,Female,Biratnagar,111036,2,5,14669,35,4.4,65,74,4.6,193144.59
11320,18,Male,Lalitpur,107954,4,19,3303,53,1.8,31,74,3.2,79003.92
11321,64,Male,Bhaktapur,185386,5,10,9801,53,3.7,44,29,2.7,162816.18
11322,22,Female,Kathmandu,199297,7,15,7058,16,9.4,8,80,1.3,133578.06
11323,37,Male,Bhaktapur,239057,3,10,10718,74,4.5,29,65,3.9,187569.15
11324,28,Female,Kathmandu,103014,6,16,893,29,9.8,83,17,3.8,51138.37
11325,59,Male,Chitwan,186251,4,12,7339,98,4.2,37,30,3.5,165041.14
11326,19,Female,Pokhara,137305,7,18,9535,21,2.4,59,26,3.0,164048.73
11327,20,Male,Chitwan,176410,6,1,10216,42,5.5,0,53,2.7,155730.97
11328,40,Female,Chitwan,243507,5,16,9295,26,5.7,4,19,3.4,168201.88
11329,29,Female,Bhaktapur,220753,5,6,1081,36,0.7,62,53,1.9,76352.38
11330,37,Female,Pokhara,52101,3,3,14830,45,1.8,98,85,4.8,158093.47
11331,22,Female,Kathmandu,22775,3,2,10631,34,2.6,35,17,3.4,93714.95
11332,54,Male,Kathmandu,131497,7,2,632,3,1.8,64,46,2.2,48549.2
11333,55,Female,Biratnagar,248255,2,13,3338,79,4.4,77,85,2.8,165937.08
11334,47,Male,Lalitpur,65619,4,9,3885,79,11.6,72,53,4.2,82930.67
11335,26,Male,Biratnagar,196910,7,16,4270,84,6.4,93,64,1.6,138068.24
11336,51,Male,Biratnagar,170611,4,5,2768,25,7.7,23,45,2.2,102922.27
11337,61,Female,Kathmandu,77124,3,7,1475,99,4.6,3,49,3.7,43685.32
11338,52,Male,Bhaktapur,85149,5,13,8105,18,4.2,77,19,2.3,79868.94
11339,39,Male,Chitwan,46616,3,20,7713,80,0.8,88,71,4.2,109672.43
11340,61,Male,Chitwan,230727,5,13,10505,44,6.3,67,81,1.5,215586.11
11341,41,Female,Chitwan,241767,7,7,11955,25,6.1,24,65,4.1,206143.26
11342,34,Female,Pokhara,205639,5,10,10235,21,2.3,73,37,1.3,173635.0
11343,27,Male,Kathmandu,188171,3,15,3335,57,9.3,98,70,1.1,109069.26
11344,47,Female,Bhaktapur,226903,1,6,3238,62,6.2,6,26,4.6,143623.47
11345,63,Female,Pokhara,81799,4,5,10049,27,4.4,12,2,3.3,135589.22
11346,40,Male,Lalitpur,110221,6,2,4634,64,2.2,67,59,2.4,78516.37
11347,49,Male,Bhaktapur,134879,5,15,10008,43,6.8,42,96,1.9,165122.78
11348,34,Female,Biratnagar,45479,5,16,7333,99,9.2,56,5,3.5,76225.38
11349,34,Male,Bhaktapur,197244,1,19,8853,42,3.7,35,37,3.0,173468.08
11350,31,Female,Bhaktapur,119165,7,9,2409,36,3.0,13,31,5.0,67653.49
11351,26,Female,Chitwan,75863,7,19,9819,65,6.5,81,76,4.9,117307.11
11352,57,Female,Bhaktapur,193115,7,7,14996,16,2.3,71,99,3.5,210527.85
11353,19,Female,Biratnagar,102569,6,4,12562,39,8.2,95,94,2.8,134709.2
11354,62,Female,Biratnagar,166480,2,3,10350,37,7.5,26,48,3.0,168144.2
11355,42,Female,Kathmandu,209052,1,20,11817,84,1.5,36,6,3.7,170790.01
11356,56,Male,Bhaktapur,234028,6,11,2463,60,0.9,86,15,1.4,89859.66
11357,26,Male,Chitwan,36351,1,1,5653,8,7.6,70,15,2.3,72374.64
11358,39,Female,Bhaktapur,155203,5,6,10981,76,3.9,75,61,1.3,157820.78
11359,60,Female,Lalitpur,64825,4,11,1466,74,1.5,24,16,1.3,69628.59
11360,63,Female,Lalitpur,31349,1,1,1389,60,9.2,66,20,1.8,23222.13
11361,21,Male,Chitwan,212003,2,7,14948,79,4.1,89,77,2.9,237920.87
11362,43,Female,Kathmandu,64254,3,6,3561,15,5.8,3,44,4.1,53482.23
11363,46,Male,Kathmandu,58225,6,14,6961,1,3.2,99,42,2.9,102428.39
11364,62,Female,Biratnagar,32453,1,2,6666,71,7.7,78,46,2.3,103927.94
11365,51,Female,Biratnagar,169886,1,4,12321,42,4.0,95,95,1.3,183099.98
11366,40,Male,Pokhara,169335,2,11,7467,41,11.6,92,34,3.2,135648.94
11367,54,Male,Chitwan,97694,4,15,11881,76,8.6,73,64,2.1,137296.58
11368,28,Female,Bhaktapur,35735,1,18,11440,56,2.1,84,29,3.5,93740.6
11369,23,Female,Chitwan,166902,1,1,10358,80,5.3,15,3,4.9,187194.06
11370,35,Female,Pokhara,67893,4,3,11758,87,4.9,18,9,1.4,128693.73
11371,38,Male,Biratnagar,195745,2,3,8601,66,6.6,28,75,1.8,145878.74
11372,59,Male,Chitwan,147006,6,7,7879,29,10.2,50,75,2.9,124926.69
11373,53,Male,Chitwan,240534,6,1,10133,12,7.2,17,25,4.9,183388.84
11374,58,Male,Biratnagar,65066,1,11,7780,18,1.2,57,86,4.1,98670.32
11375,55,Male,Pokhara,154445,4,6,1567,6,8.0,43,42,4.6,58412.36
11376,51,Male,Biratnagar,161407,1,20,4723,8,0.6,15,46,2.3,124194.56
11377,34,Female,Kathmandu,174813,7,3,11615,82,9.5,64,73,5.0,188629.3
11378,54,Female,Bhaktapur,30692,3,19,12945,53,8.2,1,84,1.4,176660.86
11379,42,Male,Biratnagar,198367,6,2,12548,85,4.1,55,59,1.2,204164.32
11380,55,Female,Pokhara,65541,7,18,9518,81,3.9,78,21,4.4,73241.14
11381,29,Female,Lalitpur,185129,5,12,14678,60,9.7,27,74,4.7,237553.76
11382,40,Male,Kathmandu,86983,3,10,5107,86,9.5,64,22,1.4,115382.42
11383,59,Female,Lalitpur,170655,1,5,4485,1,4.6,4,29,1.5,97853.66
11384,39,Male,Biratnagar,173837,2,9,10784,49,3.9,21,63,1.1,161256.31
11385,38,Male,Kathmandu,210359,6,2,3679,74,6.9,99,73,1.4,130313.53
11386,44,Female,Bhaktapur,174978,5,2,5038,30,0.6,12,61,1.8,96433.07
11387,48,Male,Biratnagar,140747,3,6,12593,32,1.5,64,64,4.9,162054.52
11388,23,Male,Bhaktapur,105103,6,10,2862,77,2.0,15,69,3.7,96132.61
11389,44,Male,Chitwan,230747,4,18,2724,79,2.6,85,40,4.1,132169.37
11390,57,Male,Lalitpur,197597,2,12,6871,10,6.4,63,75,4.1,139315.18
11391,51,Male,Kathmandu,189302,3,4,2226,32,11.9,31,1,3.1,121785.11
11392,29,Male,Bhaktapur,170592,4,17,10698,6,8.0,79,65,4.2,176754.63
11393,62,Male,Pokhara,236310,7,15,6291,30,1.2,50,62,3.4,153177.08
11394,24,Male,Bhaktapur,203006,1,6,8573,47,6.5,78,54,2.3,153602.11
11395,27,Female,Pokhara,45566,4,16,8958,46,6.2,57,60,3.2,113744.02
11396,62,Female,Biratnagar,93193,3,17,7513,77,2.2,45,46,3.1,103370.18
11397,34,Female,Kathmandu,181206,3,3,1337,91,11.1,51,5,4.3,71299.83
11398,43,Male,Bhaktapur,161417,7,10,5084,52,5.6,62,22,4.9,111231.07
11399,38,Male,Bhaktapur,141015,1,5,13489,79,11.9,75,90,2.6,191984.97
11400,45,Female,Kathmandu,192257,4,14,1186,18,5.3,59,53,4.1,100397.28
11401,63,Female,Bhaktapur,244021,4,13,12053,80,7.5,64,70,1.4,229113.67
11402,19,Female,Pokhara,150956,1,6,13783,89,1.7,80,32,4.1,169904.33
11403,60,Male,Bhaktapur,90744,4,12,856,5,5.7,54,11,2.5,47142.12
11404,18,Female,Lalitpur,53455,6,8,12507,48,3.2,56,10,1.2,139977.91
11405,53,Female,Biratnagar,179090,1,5,9563,72,10.1,91,39,2.5,154507.67
11406,43,Male,Chitwan,74219,2,15,10665,49,9.5,70,98,3.4,149902.89
11407,46,Female,Pokhara,65991,3,16,5147,80,10.0,72,31,1.5,88008.62
11408,38,Male,Lalitpur,93616,2,1,10502,94,8.8,85,12,4.7,135947.23
11409,28,Male,Biratnagar,107438,6,16,4918,11,10.1,25,80,1.3,118439.47
11410,57,Male,Kathmandu,136841,7,5,11333,22,2.8,11,38,4.7,145656.55
11411,28,Female,Pokhara,160558,6,3,10920,53,5.7,70,67,3.8,175536.46
11412,53,Female,Chitwan,189934,5,20,7142,68,8.5,45,66,2.3,127426.4
11413,56,Male,Biratnagar,78870,5,15,3891,99,7.8,46,52,2.6,68098.28
11414,57,Female,Chitwan,106694,5,13,12870,58,8.7,78,5,4.0,128029.9
11415,52,Female,Kathmandu,63856,1,16,11042,35,3.1,37,11,3.4,110279.04
11416,51,Female,Kathmandu,121407,4,11,4857,2,1.6,20,25,3.7,120071.1
11417,64,Female,Pokhara,237127,6,2,5379,57,11.0,13,35,2.6,150613.41
11418,41,Male,Bhaktapur,51379,2,6,5819,87,6.9,1,35,3.0,79295.11
11419,39,Female,Kathmandu,84729,7,6,13701,54,2.3,71,22,5.0,162485.25
11420,22,Male,Biratnagar,179450,2,14,3239,56,9.6,69,37,1.9,130649.67
11421,50,Male,Bhaktapur,74353,2,11,13731,16,11.0,100,86,2.7,148768.83
11422,53,Female,Lalitpur,201068,2,8,11422,38,2.4,100,55,2.2,213822.8
11423,64,Male,Chitwan,34031,7,8,10010,89,9.9,32,75,4.1,129525.81
11424,37,Female,Bhaktapur,231144,5,1,10227,67,11.2,5,96,4.1,203511.68
11425,36,Female,Chitwan,85982,2,7,5284,54,11.3,89,99,2.2,114214.2
11426,52,Male,Bhaktapur,56683,7,6,11135,44,11.0,36,95,1.3,146926.12
11427,60,Male,Lalitpur,134091,7,8,10464,75,6.8,13,72,1.0,146671.75
11428,34,Male,Kathmandu,137797,4,19,11901,0,4.6,36,64,2.7,197334.74
11429,62,Male,Lalitpur,168690,7,20,13626,20,0.6,7,20,2.6,176041.67
11430,60,Female,Kathmandu,26587,5,8,1377,82,1.2,76,98,5.0,57624.22
11431,51,Female,Kathmandu,82790,2,14,3370,20,5.4,12,4,2.9,66252.48
11432,26,Female,Chitwan,51480,7,18,11892,51,5.1,39,18,2.0,122290.0
11433,43,Male,Biratnagar,249602,1,16,12836,81,2.6,91,51,4.6,242726.67
11434,19,Male,Lalitpur,171599,7,9,12439,42,5.0,57,68,3.0,178206.08
11435,26,Male,Bhaktapur,43569,3,15,11528,51,2.5,17,20,3.4,124651.54
11436,26,Female,Lalitpur,31151,3,10,792,66,10.3,56,9,1.4,45743.11
11437,57,Male,Chitwan,222166,3,16,10343,43,3.9,82,80,2.5,223658.66
11438,34,Female,Kathmandu,210246,7,4,13323,31,7.4,37,26,4.8,230431.52
11439,18,Male,Chitwan,64739,5,20,13098,9,6.3,31,25,3.4,168159.39
11440,42,Female,Pokhara,52954,2,13,9228,63,1.1,85,68,2.4,154232.24
11441,60,Female,Pokhara,129373,6,5,14714,78,11.3,65,41,3.5,177033.9
11442,57,Male,Bhaktapur,186375,6,7,3186,68,6.6,76,59,4.6,124527.51
11443,59,Male,Chitwan,54700,6,9,733,67,4.2,86,45,2.1,43356.34
11444,42,Female,Bhaktapur,244108,5,8,14020,27,2.3,24,41,3.0,184371.48
11445,56,Female,Bhaktapur,143728,4,16,11344,52,4.4,91,38,4.8,169633.25
11446,52,Male,Pokhara,218640,1,6,14929,50,0.7,57,19,1.7,197773.6
11447,20,Male,Bhaktapur,86788,1,16,2874,52,4.7,74,14,3.9,96860.31
11448,54,Female,Pokhara,91045,3,6,2772,3,6.6,32,21,3.5,63816.42
11449,61,Male,Kathmandu,188914,3,14,1466,78,10.5,87,15,3.7,100009.52
11450,61,Female,Chitwan,164972,7,1,1389,16,8.4,65,3,2.4,103008.23
11451,47,Female,Bhaktapur,147992,6,9,4363,66,1.8,29,37,2.3,100159.39
11452,55,Male,Pokhara,100059,7,13,6654,73,2.2,80,46,3.7,123265.82
11453,51,Male,Lalitpur,21881,6,19,3900,46,5.4,33,16,1.9,65003.74
11454,29,Male,Bhaktapur,184109,3,17,8726,55,2.8,85,14,2.7,156852.72
11455,36,Male,Biratnagar,152702,2,11,5042,22,0.8,68,9,1.8,97510.99
11456,54,Male,Kathmandu,40789,4,8,4023,17,9.8,47,7,1.0,71883.3
11457,61,Female,Kathmandu,146083,7,5,2263,0,0.7,39,14,4.9,71490.67
11458,34,Female,Lalitpur,108059,4,10,3791,34,10.1,50,6,2.7,77841.6
11459,27,Male,Pokhara,234566,4,7,2988,63,2.2,79,85,4.9,125678.29
11460,64,Male,Bhaktapur,66151,4,10,11392,57,11.7,12,15,1.6,160936.31
11461,29,Male,Pokhara,199992,3,4,2058,94,7.4,89,52,3.3,119631.34
11462,33,Female,Kathmandu,129388,1,9,5190,58,9.0,30,72,1.8,129202.41
11463,41,Male,Pokhara,218303,3,14,6621,0,1.8,38,34,4.2,143196.06
11464,36,Male,Kathmandu,231429,4,2,2776,2,10.4,62,1,4.1,90341.3
11465,25,Female,Pokhara,23262,3,9,12698,66,10.2,47,96,1.5,125844.27
11466,48,Female,Lalitpur,86981,4,1,4939,36,8.0,86,69,4.6,88330.27
11467,38,Male,Chitwan,140951,5,10,1603,82,6.3,47,94,1.8,74450.91
11468,34,Male,Lalitpur,143099,6,10,8020,28,8.8,60,86,3.5,134639.29
11469,40,Male,Lalitpur,101972,1,20,10111,88,0.6,11,20,4.9,130599.88
11470,54,Female,Chitwan,95485,5,3,5909,32,7.3,77,80,4.5,95985.62
11471,33,Male,Chitwan,74722,2,6,10170,99,10.2,55,7,4.8,157020.25
11472,23,Male,Bhaktapur,109499,3,6,12606,60,4.6,17,7,2.4,153527.98
11473,25,Male,Bhaktapur,201890,2,2,12434,92,1.7,26,50,1.4,200303.55
11474,42,Female,Lalitpur,181004,7,18,13939,89,5.3,27,2,1.8,197862.57
11475,35,Female,Lalitpur,26901,3,2,8369,3,8.9,81,47,3.0,116203.55
11476,42,Male,Kathmandu,137473,6,12,3456,13,1.7,79,14,4.2,99738.24
11477,29,Male,Kathmandu,28597,5,5,8210,90,2.9,51,31,1.6,81586.21
11478,32,Female,Bhaktapur,149631,6,20,6517,32,2.2,15,50,3.6,154221.29
11479,43,Female,Biratnagar,83909,7,7,10074,21,9.7,76,61,2.3,125902.31
11480,58,Female,Biratnagar,92391,4,16,11266,47,1.2,57,41,2.4,141354.86
11481,62,Female,Bhaktapur,235286,6,20,3884,2,8.4,92,14,3.6,139637.5
11482,43,Female,Kathmandu,159335,6,1,14910,86,4.7,8,5,2.9,196432.72
11483,64,Female,Kathmandu,83293,4,1,10261,84,9.2,25,75,4.2,153763.25
11484,49,Female,Biratnagar,176877,3,17,10586,22,11.6,27,5,1.6,161623.18
11485,27,Female,Pokhara,242751,4,1,10935,67,1.8,76,64,4.2,198397.88
11486,33,Female,Pokhara,31874,5,20,10558,20,4.1,35,29,1.3,122057.08
11487,24,Male,Kathmandu,244137,6,13,528,100,9.8,8,75,1.8,125429.03
11488,34,Male,Pokhara,106402,4,9,9397,42,3.6,46,5,3.6,122480.55
11489,40,Male,Chitwan,34079,7,15,9712,94,3.0,77,96,4.4,105502.13
11490,43,Female,Bhaktapur,200922,7,3,10755,84,10.0,50,36,2.0,187557.97
11491,38,Male,Bhaktapur,92779,6,14,10138,25,11.9,75,79,2.3,135889.61
11492,39,Female,Kathmandu,115408,5,11,8256,40,6.9,56,19,3.1,129089.01
11493,24,Female,Lalitpur,160090,2,12,7448,98,3.7,31,64,1.8,140075.56
11494,31,Male,Biratnagar,140606,5,13,12356,37,5.1,66,22,4.2,146027.69
11495,32,Female,Kathmandu,200572,1,13,11679,87,2.5,56,34,4.1,171370.62
11496,24,Male,Pokhara,140062,1,1,6255,10,9.3,53,56,1.6,126243.34
11497,26,Male,Biratnagar,32100,1,10,4102,28,9.4,15,17,2.9,60436.23
11498,65,Male,Lalitpur,77021,6,3,5562,59,10.6,61,76,4.1,92617.05
11499,25,Female,Pokhara,170872,7,4,12377,66,0.8,83,89,2.3,162171.99
11500,40,Male,Chitwan,148126,3,16,8571,64,7.0,95,56,3.5,137451.93
