Customer_ID,Age,Gender,City,Monthly_Income,Tenure_Years,Monthly_Spending,Purchase_Frequency,Average_Order_Value,Previous_Purchases,Website_Visits,App_Usage_Hours,Discount_Usage,Satisfaction_Score,Membership,Payment_History,Return_Orders,Annual_Spending,Customer_Lifetime_Value
1,56,Male,Pokhara,141280,2.2,63893.49,54,14720,41,13,31.3,59.48,3.92,Gold,Good,3,857249.88,3172396.33
2,46,Male,Chitwan,197484,7.7,46684.69,34,14998,118,17,6.4,76.23,1.1,Basic,Average,2,825680.88,6581777.56
3,32,Male,Bhaktapur,63876,0.7,45840.28,29,5902,55,37,42.4,60.89,2.26,Silver,Good,19,598774.86,467220.86
4,60,Female,Dharan,114547,8.3,56887.86,58,14540,7,3,48.2,41.85,1.52,Silver,Excellent,2,697921.32,8045900.42
5,25,Female,Dharan,224736,0.6,83739.62,4,9563,84,90,59.1,15.26,1.62,Silver,Excellent,11,1125369.24,864189.86
6,38,Female,Bhaktapur,70227,6.7,46414.63,19,1334,146,63,27.8,46.37,2.16,Silver,Good,4,586190.16,5202792.1
7,56,Male,Chitwan,183522,4.0,37467.13,27,12004,78,65,47.7,29.48,1.3,Basic,Good,5,590052.36,2570986.82
8,36,Male,Pokhara,104433,6.3,30057.61,55,5452,53,30,59.0,69.59,1.97,Basic,Good,17,404034.72,2505780.99
9,40,Female,Bhaktapur,93704,7.1,61496.95,41,11808,14,93,61.2,44.19,4.83,Gold,Excellent,19,762760.2,8451896.21
10,28,Female,Chitwan,26861,3.8,51103.0,3,1469,149,75,24.8,84.99,2.25,Basic,Excellent,13,646068.15,2742930.46
11,28,Male,Biratnagar,81914,1.5,37587.71,5,1092,113,88,6.3,19.33,1.64,Basic,Good,4,469561.92,765301.46
12,41,Male,Dharan,83888,1.2,49957.17,51,754,57,97,4.0,41.77,3.87,Premium,Good,10,605932.74,1339777.42
13,53,Female,Biratnagar,99286,6.1,21801.28,29,10806,91,32,61.7,55.75,4.31,Basic,Average,8,409117.26,2786155.13
14,57,Male,Pokhara,81293,5.4,60481.13,29,11657,46,84,31.4,12.6,2.26,Silver,Average,16,806206.86,4692279.04
15,41,Male,Chitwan,233596,7.6,58734.88,26,3161,91,16,11.6,58.79,2.11,Gold,Excellent,11,747966.21,8683156.2
16,20,Female,Biratnagar,88515,5.3,46606.68,27,9294,133,56,15.6,29.09,1.97,Basic,Excellent,0,744695.46,4966364.98
17,39,Male,Chitwan,174596,4.5,78004.98,46,9757,102,34,61.5,22.95,2.57,Premium,Good,0,1085341.86,9515472.24
18,19,Male,Bhaktapur,27065,4.3,10170.26,48,14599,106,82,48.3,14.19,1.35,Basic,Excellent,3,354167.22,1832382.83
19,41,Male,Pokhara,188756,0.8,30409.88,3,2339,128,53,40.6,34.99,3.68,Basic,Average,17,409827.36,302349.52
20,61,Male,Biratnagar,108720,3.7,57563.26,43,6405,32,21,50.2,92.9,4.29,Basic,Good,16,721503.12,2956721.75
21,47,Female,Butwal,184437,9.8,50229.1,35,2931,6,74,11.9,3.1,3.65,Silver,Good,11,605387.1,7768862.06
22,55,Male,Bhaktapur,78876,8.8,62193.91,31,8256,74,39,26.2,85.22,2.68,Premium,Good,19,837968.52,11722765.21
23,19,Male,Dharan,174776,3.6,92646.25,22,5853,135,4,30.6,39.74,2.16,Gold,Good,11,1230278.25,6384352.98
24,38,Female,Butwal,208929,6.1,85704.6,45,1465,29,55,25.8,56.16,2.64,Silver,Average,4,1034827.95,7909284.83
25,50,Female,Butwal,156694,8.5,58280.34,38,2237,34,67,69.3,51.28,2.7,Basic,Good,0,710772.78,7378826.14
26,29,Female,Kathmandu,103797,4.7,32732.34,45,984,7,19,46.9,92.57,3.66,Gold,Good,18,393821.28,2637534.6
27,39,Male,Kathmandu,245027,0.7,42255.77,24,8441,81,88,58.6,77.01,4.71,Gold,Excellent,6,609627.39,776848.54
28,61,Male,Pokhara,111141,1.2,47964.32,34,12826,77,84,19.7,98.48,1.28,Basic,Good,14,723712.14,849663.56
29,42,Female,Biratnagar,245779,5.3,31356.43,3,8702,58,8,21.9,79.44,4.81,Gold,Average,13,451984.56,3472483.58
30,44,Female,Biratnagar,238772,9.7,83106.04,28,13411,85,36,18.8,29.59,4.64,Premium,Good,2,1168262.73,23642920.54
31,59,Male,Biratnagar,230404,7.1,59910.0,49,13196,73,85,55.4,96.29,1.47,Gold,Average,4,863416.2,8564470.75
32,45,Male,Chitwan,122390,1.2,36716.93,23,6751,45,85,28.6,98.36,1.73,Basic,Average,5,486172.41,610001.21
33,33,Male,Bhaktapur,116856,2.3,56483.64,35,2527,47,84,33.0,12.31,2.25,Premium,Good,10,695619.03,2760838.92
34,32,Female,Biratnagar,86201,7.8,61719.95,17,5713,77,81,57.0,90.1,3.24,Basic,Average,18,806624.55,6030487.12
35,64,Female,Bhaktapur,183766,8.5,92628.1,21,8490,73,86,77.8,66.42,1.54,Gold,Good,1,1204502.7,15925725.85
36,61,Male,Pokhara,109766,6.4,12850.34,27,6727,116,94,13.8,92.2,1.8,Basic,Good,11,271253.88,1829010.92
37,20,Male,Butwal,42995,6.6,38521.28,17,14893,30,61,6.0,91.57,4.61,Premium,Poor,13,529273.86,5389375.54
38,54,Female,Biratnagar,112320,0.8,56309.39,7,12056,71,25,16.4,89.14,1.44,Basic,Good,8,804109.08,692907.09
39,24,Female,Pokhara,100141,8.4,37557.79,46,11779,145,94,59.1,88.53,2.6,Silver,Average,19,706886.73,6213158.35
40,38,Male,Biratnagar,234071,8.0,53561.64,45,11730,103,96,16.4,11.76,4.05,Basic,Poor,15,823968.18,6066127.51
41,26,Female,Kathmandu,159491,3.0,13199.72,24,7481,133,40,47.2,14.35,4.55,Silver,Average,16,307642.59,1106314.9
42,56,Female,Lalitpur,199024,7.2,38478.83,43,9296,104,13,47.6,11.78,2.34,Premium,Average,16,606763.56,6582204.45
43,35,Male,Pokhara,184909,2.5,53963.7,38,1468,122,95,24.3,9.1,1.66,Premium,Good,1,674428.8,3158217.74
44,21,Female,Biratnagar,90799,0.9,33995.27,9,12952,129,54,6.4,35.33,3.95,Basic,Good,9,658564.44,714129.22
45,42,Male,Dharan,199949,2.4,61072.37,7,936,31,65,32.5,68.4,4.09,Silver,Good,10,737220.84,2385395.07
46,31,Female,Lalitpur,65687,2.2,34188.13,38,11466,109,5,15.8,35.47,4.92,Basic,Average,2,597726.66,1606774.74
47,26,Female,Pokhara,57276,3.7,30377.44,53,14467,72,95,15.6,72.03,1.56,Silver,Poor,1,520772.88,2117885.05
48,43,Female,Dharan,54523,4.5,60185.23,23,2309,127,6,42.3,82.03,3.84,Gold,Good,3,766209.21,5820725.41
49,19,Female,Dharan,217127,5.3,84271.42,7,7046,85,17,54.2,66.62,2.67,Gold,Average,7,1101093.54,8334678.08
50,37,Male,Chitwan,74615,5.0,35837.28,55,8607,15,28,7.0,46.51,4.66,Basic,Good,18,449413.11,2448133.71
51,45,Female,Dharan,247714,3.1,84718.34,33,6005,56,5,46.7,29.55,2.63,Silver,Average,19,1067062.08,3489280.2
52,64,Female,Biratnagar,30514,0.8,35759.89,18,14765,27,73,20.4,12.44,2.78,Gold,Excellent,17,488916.93,563439.14
53,24,Male,Chitwan,67456,6.2,48236.39,39,5757,2,49,54.2,49.37,1.51,Basic,Average,0,580563.78,3886830.82
54,61,Female,Kathmandu,27233,4.3,62558.52,18,5409,74,9,65.0,71.96,2.28,Basic,Good,1,810742.14,4171083.63
55,25,Female,Biratnagar,21102,3.3,8058.59,38,11461,64,82,64.8,54.82,2.6,Basic,Average,7,206728.68,706539.28
56,64,Male,Butwal,86133,8.7,58445.27,24,10521,5,47,30.2,72.15,1.07,Basic,Good,9,709233.99,6397405.62
57,52,Female,Dharan,66715,7.6,53779.73,50,8984,91,45,45.8,33.52,2.75,Silver,Good,18,767988.36,6722186.82
58,31,Female,Kathmandu,236265,8.6,46725.78,50,14286,68,68,63.7,6.68,2.35,Premium,Average,6,706426.56,10206747.79
59,34,Male,Lalitpur,130545,5.2,48879.16,14,12643,141,92,5.8,77.11,4.22,Basic,Average,16,853949.37,4536365.13
60,53,Female,Pokhara,124085,1.7,37340.14,33,961,81,53,48.8,21.97,1.43,Gold,Excellent,2,459757.83,1267146.43
61,57,Male,Dharan,129101,7.1,79421.16,23,12576,85,35,67.1,61.63,4.04,Silver,Excellent,14,1113397.92,10787548.65
62,21,Male,Bhaktapur,157328,2.5,27058.17,8,3733,23,63,30.4,80.43,3.86,Silver,Good,3,337576.89,1223315.4
63,19,Male,Kathmandu,128684,4.7,29768.03,23,10783,97,22,37.0,13.91,1.97,Basic,Excellent,16,514109.01,2562427.56
64,23,Female,Bhaktapur,84800,1.1,44384.07,22,12628,124,25,56.2,59.85,1.33,Basic,Average,10,767489.64,813291.33
65,59,Female,Dharan,114937,8.3,54307.81,7,5702,37,45,6.4,68.94,4.37,Basic,Good,5,683339.82,7095748.86
66,21,Male,Bhaktapur,61548,1.7,18777.23,15,3439,30,42,31.5,74.65,2.0,Gold,Average,16,240802.26,524286.5
67,46,Male,Dharan,223162,9.1,64860.5,17,14222,117,30,24.4,14.77,1.58,Gold,Good,9,1027922.1,13407503.38
68,35,Female,Pokhara,229272,8.7,68600.08,4,13498,9,7,2.3,82.51,2.44,Premium,Good,0,841423.26,14198682.76
69,43,Male,Lalitpur,193439,4.9,53903.02,10,14435,132,57,16.5,9.41,2.6,Silver,Poor,17,932649.24,4453870.42
70,61,Female,Pokhara,148845,7.6,65295.42,48,588,66,15,32.3,51.96,2.3,Silver,Good,13,789366.24,7227544.3
71,51,Female,Biratnagar,133815,6.4,32663.47,22,2163,120,51,16.6,44.34,4.91,Silver,Good,18,430895.64,3502889.31
72,27,Male,Kathmandu,240994,8.1,64419.41,51,3801,124,79,48.6,22.18,4.52,Basic,Good,17,843731.52,7511217.84
73,53,Female,Bhaktapur,221454,4.6,61924.61,31,5637,44,53,36.4,30.19,4.49,Basic,Excellent,0,780299.52,5036877.8
74,31,Male,Pokhara,147602,8.0,51045.16,31,11412,109,89,4.1,16.44,2.6,Gold,Excellent,0,799128.12,11237786.42
75,48,Female,Dharan,146270,4.9,53705.22,43,11629,37,78,22.7,42.57,4.85,Basic,Poor,8,709003.59,3575038.98
76,32,Female,Pokhara,146320,9.4,33080.65,43,6529,67,2,2.5,3.55,3.74,Gold,Good,13,462584.25,6571047.96
77,25,Female,Pokhara,177277,5.1,22281.06,33,921,60,13,29.3,88.89,4.33,Basic,Good,2,275661.72,1817100.48
78,31,Male,Kathmandu,45570,4.9,30516.69,24,4249,36,25,21.5,16.35,3.0,Basic,Average,11,389144.88,1958021.42
79,40,Female,Lalitpur,181327,8.0,35248.6,4,5471,49,38,55.4,88.6,1.64,Silver,Excellent,16,463195.05,4468318.32
80,57,Male,Butwal,41182,8.3,62723.26,2,7345,107,85,25.3,86.36,4.55,Basic,Poor,16,870566.37,6709856.83
81,38,Male,Pokhara,59373,5.8,9012.85,4,4933,8,71,30.6,45.17,2.95,Premium,Poor,1,114073.8,1073136.04
82,33,Male,Kathmandu,63019,2.2,59411.75,58,765,41,77,58.3,49.77,4.87,Gold,Average,5,717645.75,2515876.95
83,62,Female,Bhaktapur,213691,4.9,11914.63,38,3350,101,86,39.0,30.19,2.02,Gold,Average,0,193728.06,1428583.81
84,35,Female,Dharan,36043,9.7,47294.76,8,1878,113,4,45.0,99.69,4.97,Premium,Poor,11,599369.22,9313510.78
85,64,Female,Biratnagar,196604,7.7,57175.29,4,7003,109,28,67.5,67.08,1.89,Basic,Good,3,800602.53,7055651.52
86,41,Female,Butwal,217008,8.2,50910.32,37,7657,86,54,17.3,95.18,2.47,Silver,Good,15,709699.14,6907037.67
87,43,Male,Chitwan,39239,0.8,36600.28,50,10506,78,18,79.1,41.48,3.38,Gold,Good,19,562123.56,606216.05
88,42,Female,Butwal,161488,4.9,76380.89,4,10956,55,16,72.1,88.3,3.77,Silver,Average,10,1006957.68,6070907.72
89,62,Male,Dharan,154484,6.6,18734.71,56,4916,110,40,23.6,44.82,3.88,Basic,Good,19,305930.52,2124316.11
90,58,Female,Butwal,101976,8.4,67388.68,5,1349,146,5,71.5,86.68,2.91,Basic,Good,19,838207.26,7046631.74
91,46,Female,Dharan,44406,1.0,60811.72,32,5314,65,18,60.6,13.09,1.31,Silver,Good,9,781552.14,939759.67
92,32,Female,Kathmandu,21875,8.6,42924.6,3,12428,64,12,74.5,63.69,2.98,Gold,Average,7,634404.0,7856479.96
93,62,Female,Chitwan,188138,5.7,69500.12,15,9683,140,13,55.6,67.87,2.34,Basic,Average,1,1037344.44,6547785.26
94,18,Male,Pokhara,156824,2.4,52924.92,38,4264,118,33,54.3,65.62,3.63,Silver,Average,7,710571.84,2157131.96
95,42,Male,Pokhara,237825,3.5,44598.77,32,7879,42,28,1.3,44.7,1.73,Basic,Good,0,584822.94,2392250.66
96,24,Female,Butwal,229097,3.2,85009.28,54,10500,117,45,38.5,68.39,2.58,Silver,Poor,6,1204386.36,4239602.95
97,26,Male,Kathmandu,152425,5.5,54641.17,3,3774,50,44,16.8,23.95,4.86,Premium,Good,13,683999.04,7029596.94
98,41,Male,Chitwan,178058,1.0,78634.07,32,1216,48,92,26.6,59.58,1.36,Silver,Good,3,952364.04,1232903.41
99,18,Male,Pokhara,237979,2.0,64986.3,48,5580,73,50,78.3,55.42,3.41,Silver,Excellent,16,840936.6,2173098.4
100,61,Female,Bhaktapur,34691,8.2,18688.98,44,14727,136,94,7.8,31.83,1.36,Basic,Excellent,1,524698.56,5226659.66
101,25,Male,Lalitpur,220919,1.8,79984.42,23,1395,135,74,58.1,77.89,1.63,Basic,Excellent,1,988061.79,2191914.3
102,41,Male,Lalitpur,68075,2.7,43347.42,11,9868,106,44,14.7,8.09,3.42,Basic,Excellent,7,677070.24,2299805.72
103,28,Female,Pokhara,30794,4.8,24729.1,53,12445,8,4,1.6,17.14,2.78,Gold,Good,6,311683.2,2320776.76
104,34,Female,Chitwan,219542,5.4,81276.2,31,10468,110,30,40.6,47.12,3.19,Basic,Excellent,7,1148036.4,7689499.91
105,25,Male,Biratnagar,167478,7.8,30010.77,34,11496,31,86,13.7,89.17,4.52,Silver,Good,19,413585.64,3993728.78
106,52,Male,Pokhara,95930,4.7,31375.61,20,12084,12,36,77.3,57.52,4.27,Gold,Good,16,398258.52,2782814.13
107,52,Male,Biratnagar,177944,8.0,38554.53,47,10151,127,49,17.1,84.21,4.55,Gold,Good,16,656030.91,7885161.22
108,50,Male,Biratnagar,61708,6.4,14965.74,26,14403,57,75,16.2,51.76,3.47,Silver,Good,6,302734.53,2646378.58
109,22,Male,Dharan,135492,1.6,81560.17,59,3043,140,88,3.5,78.55,2.96,Silver,Excellent,4,1042625.04,2423582.55
110,59,Female,Dharan,126629,2.0,61858.31,56,8271,27,40,27.1,32.58,2.84,Basic,Average,14,775797.27,1527218.58
111,56,Female,Chitwan,171872,4.7,38278.03,55,13960,46,90,2.9,81.51,3.96,Basic,Poor,1,555660.36,2757891.2
112,58,Female,Biratnagar,194469,4.3,78280.12,47,5137,135,25,40.4,40.17,3.09,Silver,Excellent,10,1043385.69,6156966.68
113,45,Male,Bhaktapur,143313,7.6,72686.23,2,13422,61,21,40.9,55.88,1.42,Basic,Good,16,995046.06,7353930.34
114,24,Female,Chitwan,188981,6.0,67534.71,33,8566,58,16,5.2,17.59,1.57,Basic,Excellent,12,884940.72,5806351.52
115,26,Male,Pokhara,41352,4.2,12890.63,26,4053,13,86,20.0,92.04,2.43,Gold,Excellent,3,162590.91,1139278.23
116,25,Female,Butwal,121975,2.1,50999.09,42,1849,100,77,66.7,70.15,1.27,Gold,Average,17,639724.08,1591469.82
117,29,Female,Bhaktapur,113848,2.7,31368.61,18,3486,49,19,37.5,85.89,1.96,Basic,Average,13,402045.42,1038072.13
118,51,Male,Kathmandu,166510,6.0,28904.5,15,7696,35,61,35.3,20.79,3.63,Basic,Average,18,387258.0,2260440.73
119,50,Female,Lalitpur,239993,4.5,62039.62,46,12022,94,88,56.2,6.77,1.05,Silver,Excellent,2,913985.64,5604873.41
120,40,Male,Pokhara,64999,5.4,57588.13,14,13485,95,94,57.5,33.72,3.42,Basic,Poor,3,883218.81,4873766.06
121,41,Female,Pokhara,38482,2.1,19391.96,39,14740,145,42,61.2,51.67,4.09,Basic,Poor,8,553298.52,1163902.71
122,54,Male,Pokhara,183543,6.8,82132.73,40,2622,72,70,66.6,80.24,1.68,Gold,Average,13,1013910.36,8760597.88
123,52,Male,Bhaktapur,67279,8.6,71887.22,3,12320,123,91,19.3,39.77,1.72,Basic,Good,16,1089950.64,9259401.59
124,61,Female,Kathmandu,129413,3.0,47067.27,33,14392,10,76,6.2,27.0,1.12,Basic,Average,1,586395.24,1840363.55
125,57,Male,Butwal,74213,5.2,66629.44,33,9189,4,12,31.0,37.25,3.05,Silver,Excellent,13,805066.68,5545999.62
126,39,Female,Chitwan,133909,9.8,67996.27,59,12179,125,57,68.6,70.36,3.62,Gold,Good,15,1044311.49,14996096.97
127,44,Male,Dharan,33026,3.7,46726.36,41,8546,29,19,7.2,33.62,2.83,Gold,Excellent,18,597891.42,3216646.19
128,52,Female,Kathmandu,105184,6.2,78776.17,57,9413,46,13,46.5,97.92,2.56,Gold,Good,15,1010263.74,8753512.32
129,18,Female,Bhaktapur,25435,1.4,28835.15,7,14562,77,17,56.4,17.5,2.82,Silver,Good,10,514212.9,923744.39
130,52,Male,Pokhara,159565,6.3,65805.18,26,1863,59,28,39.0,75.31,4.13,Gold,Good,13,806149.71,7773118.19
131,54,Male,Lalitpur,223299,1.4,70746.66,4,807,66,18,21.2,58.92,1.13,Gold,Good,6,856949.22,1727919.4
132,64,Male,Pokhara,79321,9.6,43204.94,19,3251,107,86,26.8,23.31,4.14,Silver,Average,4,570637.83,7315761.05
133,31,Male,Chitwan,153835,7.3,28563.54,51,9575,86,32,6.7,75.36,3.67,Basic,Good,7,466279.98,4023709.39
134,20,Male,Biratnagar,40389,8.0,17480.83,55,8282,133,36,24.1,44.75,1.97,Gold,Good,16,374995.86,4029944.85
135,18,Female,Lalitpur,51498,7.2,51405.22,56,1764,9,28,4.5,68.24,3.1,Premium,Poor,13,619244.04,6479275.94
136,22,Female,Pokhara,83755,6.1,63380.61,39,13040,20,88,58.4,66.23,1.2,Premium,Poor,9,799687.32,6777371.54
137,43,Female,Butwal,121545,4.8,43908.22,44,13723,149,33,71.9,11.06,2.52,Basic,Poor,11,833607.69,3585109.2
138,31,Female,Lalitpur,55825,8.7,31989.43,4,5839,127,18,51.0,84.0,1.7,Premium,Poor,4,495106.11,6477662.26
139,56,Female,Biratnagar,36934,9.6,21879.16,49,11136,17,12,52.9,68.15,1.09,Silver,Good,7,290946.72,3397749.97
140,44,Female,Dharan,25574,5.2,24554.35,6,11725,12,2,38.3,78.06,2.43,Basic,Average,11,315757.2,1622980.01
141,26,Male,Kathmandu,150698,9.3,23937.0,25,8003,82,93,13.3,44.78,3.9,Premium,Average,3,385680.9,6668085.87
142,32,Female,Bhaktapur,189251,6.0,56512.67,55,6348,67,83,1.6,19.51,4.68,Premium,Good,12,741949.44,8369932.95
143,32,Female,Dharan,152659,5.6,71402.58,35,14525,133,50,28.2,32.62,3.65,Gold,Excellent,16,1146604.71,9923199.02
144,43,Female,Pokhara,62782,4.8,53336.32,48,9744,53,42,60.4,90.15,2.61,Premium,Average,4,717500.64,5965798.98
145,59,Male,Chitwan,205484,2.5,47192.41,49,993,147,21,76.9,93.8,5.0,Gold,Average,5,588204.57,2355314.76
146,30,Male,Kathmandu,80561,0.5,23606.54,40,13746,145,72,35.1,48.19,2.13,Silver,Good,8,582253.98,363688.69
147,49,Male,Dharan,228296,2.8,30935.85,49,2521,54,38,29.9,29.88,1.75,Premium,Good,4,391650.3,1964346.7
148,56,Female,Pokhara,155481,5.3,19077.9,25,2247,68,17,36.2,73.03,2.85,Premium,Good,1,251854.2,2617498.02
149,49,Female,Kathmandu,147159,4.1,29636.79,37,13965,35,40,34.8,76.6,3.02,Basic,Good,2,428957.73,2158912.56
150,21,Male,Dharan,222391,4.8,39139.54,29,5587,88,46,50.4,81.55,2.42,Silver,Good,10,543422.88,3261662.65
151,47,Female,Chitwan,46751,9.8,48288.98,49,3802,141,65,59.0,3.11,3.78,Silver,Excellent,9,659880.06,9255915.58
152,54,Male,Pokhara,58174,3.8,31052.33,50,14937,15,48,63.0,0.97,1.74,Gold,Excellent,2,406236.21,2555155.55
153,40,Male,Biratnagar,142678,4.8,38679.1,35,7627,15,24,52.3,35.72,3.04,Gold,Good,8,481309.95,3586223.42
154,56,Male,Biratnagar,76572,1.8,17711.48,17,5522,31,33,35.6,15.25,3.0,Premium,Excellent,7,238215.06,843916.79
155,62,Female,Chitwan,81416,1.0,51793.85,37,10971,107,50,76.1,80.5,4.3,Silver,Good,15,797610.75,1023567.22
156,32,Female,Lalitpur,163113,7.9,49816.38,8,6655,10,82,57.2,53.28,4.71,Gold,Good,1,607779.06,8576384.3
157,60,Male,Chitwan,174299,5.9,68145.02,19,13997,57,20,34.7,82.53,3.65,Gold,Good,9,937414.59,8679136.61
158,46,Female,Lalitpur,55201,7.7,18906.49,7,9623,7,99,36.3,17.69,2.22,Basic,Excellent,13,236982.03,2019789.02
159,53,Male,Pokhara,56069,1.9,12627.77,51,6909,133,79,65.6,62.72,3.76,Silver,Excellent,4,289367.79,812847.48
160,30,Female,Dharan,233262,5.9,77370.52,29,10617,125,68,35.8,58.02,2.01,Silver,Average,0,1127514.99,8409751.16
161,49,Female,Lalitpur,46370,2.9,46910.42,40,5754,119,40,41.8,34.04,4.87,Gold,Good,12,665633.94,3083417.19
162,24,Female,Pokhara,246090,2.7,82684.65,35,9448,80,90,24.0,51.71,4.29,Gold,Excellent,3,1105591.8,5440087.25
163,39,Male,Pokhara,145342,0.6,51134.24,52,9746,124,61,67.3,58.9,2.72,Gold,Good,8,794886.48,730840.73
164,45,Female,Butwal,162658,1.7,75154.05,42,12622,57,12,42.3,88.95,4.14,Basic,Average,15,1009766.7,1738470.59
165,19,Female,Bhaktapur,201303,3.4,33365.28,30,13243,72,50,44.7,5.56,2.63,Basic,Average,18,543407.76,1699300.16
166,59,Male,Pokhara,145758,1.6,62911.93,5,4854,28,16,70.6,82.34,1.3,Gold,Good,13,775329.96,1685623.87
167,62,Female,Lalitpur,156394,9.9,77694.44,15,13218,36,84,73.7,98.02,3.83,Silver,Good,19,1003710.48,11904218.11
168,23,Male,Bhaktapur,85294,3.4,60789.07,6,3953,56,62,66.1,73.18,2.62,Basic,Average,7,762674.04,2730944.08
169,45,Female,Bhaktapur,99468,1.7,65651.95,26,3016,116,44,6.2,73.73,4.72,Basic,Good,9,840301.8,1734444.51
170,45,Male,Pokhara,180371,2.4,37491.81,40,10656,59,16,36.0,21.8,2.23,Basic,Excellent,19,544207.32,1375649.83
171,61,Female,Chitwan,110715,6.1,32645.51,9,6569,123,80,28.1,52.31,4.37,Gold,Average,0,512944.17,5149099.09
172,61,Female,Chitwan,90793,1.1,30551.15,16,7874,66,80,17.9,70.59,3.72,Gold,Average,19,444566.4,618867.1
173,37,Male,Biratnagar,197573,8.7,66849.83,20,9338,9,74,72.8,60.23,4.41,Silver,Excellent,4,814804.26,10993546.9
174,47,Male,Bhaktapur,208206,9.6,26043.15,12,13234,134,6,71.3,38.51,2.17,Gold,Excellent,14,578521.2,8203908.52
175,28,Male,Pokhara,131672,2.8,19460.35,21,11522,119,84,37.8,94.01,2.85,Silver,Average,7,439191.9,1517501.81
176,45,Male,Butwal,160849,4.8,74459.89,56,5708,122,89,11.6,51.4,4.29,Basic,Good,9,997975.08,5729631.39
177,42,Male,Chitwan,162321,0.7,70623.02,37,694,65,30,2.1,96.99,3.58,Gold,Good,5,854242.74,980948.29
178,56,Female,Butwal,140902,6.6,38971.1,19,14225,131,63,35.6,56.39,2.44,Silver,Average,14,747174.45,5483438.58
179,50,Male,Pokhara,41390,4.4,57328.77,15,9837,127,61,4.2,79.34,3.05,Basic,Excellent,14,875340.09,4407623.29
180,18,Male,Pokhara,40369,3.1,30656.36,59,11201,87,70,49.2,74.2,4.98,Gold,Good,9,514049.37,2640344.61
181,44,Female,Dharan,163953,2.5,75859.88,39,13927,33,23,49.1,66.08,3.97,Basic,Good,18,979257.21,2600998.9
182,30,Male,Bhaktapur,29587,6.7,15181.68,26,4791,137,14,72.0,1.45,3.46,Basic,Average,3,280635.21,2143007.59
183,58,Female,Dharan,244872,4.5,60348.68,17,10775,53,51,16.0,7.74,4.31,Basic,Excellent,5,809845.41,4828402.2
184,20,Female,Butwal,225399,2.2,78399.23,19,6710,92,48,30.3,58.15,2.77,Premium,Average,14,1033388.76,3552897.82
185,56,Female,Dharan,127009,7.0,26445.17,2,13432,51,30,68.9,91.18,4.8,Silver,Good,5,420096.84,4303301.58
186,23,Female,Biratnagar,238983,5.9,10977.45,41,12044,71,81,38.5,60.11,3.21,Basic,Good,17,259998.0,1595675.65
187,25,Female,Bhaktapur,239219,8.7,86062.91,2,5630,144,18,5.7,23.6,2.31,Gold,Average,10,1154362.92,13615360.13
188,44,Male,Kathmandu,158905,1.6,12696.32,2,14541,40,21,9.8,32.02,1.34,Premium,Excellent,11,239601.84,662454.48
189,26,Male,Dharan,67013,8.0,57011.7,52,821,39,79,65.3,62.32,2.5,Silver,Average,7,688943.25,6609338.29
190,54,Male,Butwal,137341,6.9,51049.29,22,14479,121,7,59.8,59.71,3.27,Basic,Good,13,875385.33,6625299.56
191,50,Female,Chitwan,147785,1.6,50766.58,26,10979,85,23,70.2,95.57,3.81,Silver,Excellent,3,749181.21,1809741.19
192,59,Male,Chitwan,214692,7.1,33737.34,28,13804,137,10,10.4,52.91,4.5,Basic,Good,17,688520.28,5380210.63
193,61,Female,Chitwan,166826,4.7,66624.88,11,11823,37,33,61.1,35.5,4.78,Silver,Average,5,865116.21,5499268.65
194,41,Female,Lalitpur,127584,9.5,46406.0,51,13437,87,89,52.8,52.5,1.41,Silver,Excellent,5,732224.85,9358648.26
195,32,Female,Pokhara,98113,1.8,42223.11,13,7205,129,34,19.4,78.62,3.4,Silver,Good,18,646094.07,1395701.88
196,49,Female,Bhaktapur,247703,6.6,40916.41,29,2202,63,78,77.9,54.04,3.67,Silver,Average,1,511805.82,4544611.78
197,49,Male,Chitwan,106784,4.1,59719.55,50,10904,43,71,46.1,32.61,1.69,Silver,Average,3,786965.4,3882844.69
198,41,Female,Kathmandu,55282,9.6,29202.41,33,1330,100,50,72.6,33.86,3.18,Premium,Good,4,370378.92,6851218.06
199,58,Female,Chitwan,187809,3.6,20926.28,34,8880,105,31,68.9,75.68,2.34,Silver,Good,14,390975.36,1689317.6
200,29,Male,Biratnagar,248499,9.6,54254.69,9,6106,8,17,27.3,6.64,1.31,Silver,Good,2,658383.48,8198012.85
201,56,Male,Pokhara,44124,9.1,17970.77,43,12744,49,66,43.3,27.48,1.26,Gold,Average,15,309317.64,3445834.13
202,19,Female,Butwal,90102,3.1,29237.07,27,591,96,83,35.1,15.3,4.04,Basic,Good,12,359355.24,1277536.02
203,20,Female,Pokhara,153268,8.1,23596.53,43,4377,123,87,57.0,94.47,3.46,Basic,Average,11,363914.01,3076491.45
204,54,Female,Dharan,81527,10.0,27885.51,51,10603,47,91,47.5,9.01,3.86,Gold,Average,8,409377.27,6062759.11
205,34,Female,Butwal,150371,2.9,29161.42,42,2836,25,15,63.0,75.82,3.74,Silver,Excellent,10,360572.04,1445086.44
206,19,Female,Butwal,150942,4.6,54823.92,58,8176,131,57,1.9,63.04,1.54,Silver,Average,7,818545.44,4341090.6
207,19,Male,Dharan,116651,5.4,68348.18,3,2080,114,38,55.3,63.28,1.61,Premium,Average,6,855746.16,7494266.62
208,45,Male,Bhaktapur,105395,3.3,19223.04,36,10100,99,50,26.2,76.34,2.01,Silver,Excellent,3,380661.48,1780010.75
209,40,Male,Dharan,31345,0.6,20920.29,35,8866,96,79,18.7,40.05,2.6,Gold,Average,1,378713.88,338801.76
210,54,Male,Lalitpur,144544,2.6,30753.4,7,6292,34,91,64.3,40.07,4.76,Gold,Good,18,401130.0,1517737.84
211,49,Female,Butwal,54077,3.2,45563.66,32,8246,109,51,8.0,28.87,3.7,Basic,Excellent,11,681586.02,2644366.23
212,50,Female,Butwal,150429,4.7,49025.03,24,973,92,37,19.0,59.78,2.02,Gold,Average,2,601727.76,4112763.31
213,18,Female,Dharan,217472,2.1,60951.21,13,14722,8,53,17.1,92.98,1.22,Premium,Excellent,18,749080.92,2538902.56
214,36,Male,Bhaktapur,32055,8.8,7082.04,55,12124,63,24,34.2,92.4,3.74,Silver,Good,2,199556.28,2507115.92
215,19,Female,Chitwan,123693,7.2,70280.86,52,769,82,67,26.5,70.3,3.5,Gold,Good,18,852829.02,8613437.7
216,61,Female,Biratnagar,105283,1.3,14950.05,29,10736,25,72,57.9,90.62,3.7,Silver,Average,18,219660.6,301428.58
217,43,Female,Kathmandu,64484,6.7,20724.29,16,7050,129,46,56.3,96.35,2.04,Basic,Excellent,6,385108.98,3085577.22
218,49,Female,Bhaktapur,97514,6.7,54063.37,20,11887,8,87,26.7,79.51,3.07,Basic,Good,13,663024.84,4817842.76
219,23,Male,Lalitpur,110135,9.6,15860.9,13,1193,124,29,35.5,40.78,2.45,Silver,Good,3,212520.6,2770206.92
220,49,Male,Bhaktapur,55771,0.5,22183.16,51,13163,149,21,17.4,48.32,4.27,Silver,Excellent,5,560390.97,410468.58
221,21,Male,Pokhara,208726,2.9,57385.69,49,1915,98,50,54.0,93.13,1.28,Silver,Good,13,716778.78,2375370.37
222,28,Male,Chitwan,197612,9.3,81260.19,3,2583,101,58,32.3,67.0,2.1,Premium,Good,7,1014254.73,16751032.78
223,34,Male,Chitwan,234223,9.4,40504.47,12,1735,111,83,11.5,82.07,3.41,Basic,Excellent,17,514941.39,5433977.66
224,55,Female,Butwal,130284,7.3,54141.19,45,4467,3,89,11.1,11.61,1.82,Silver,Good,14,651704.43,5552092.43
225,41,Female,Chitwan,137399,7.8,74463.11,38,10663,135,98,26.5,19.39,3.69,Silver,Excellent,18,1109483.07,11103130.0
226,22,Female,Chitwan,124885,1.4,67353.35,57,8825,100,60,60.0,34.41,1.55,Premium,Average,17,940615.2,1887591.84
227,51,Female,Dharan,180449,5.4,21394.56,39,11604,11,27,3.0,18.82,1.09,Silver,Good,14,275881.32,1686902.17
228,23,Male,Chitwan,246639,2.7,66662.33,26,13711,59,20,21.4,90.65,4.45,Gold,Good,11,921290.31,3925603.93
229,39,Female,Chitwan,200645,2.2,47324.84,44,5285,140,14,13.8,21.69,2.33,Gold,Average,17,678883.08,1864652.86
230,28,Male,Kathmandu,193805,8.2,24173.4,22,14489,79,75,76.6,55.72,1.63,Silver,Average,4,461775.45,4518350.61
231,33,Male,Lalitpur,149344,1.8,35490.76,43,6625,38,63,56.7,8.55,1.69,Basic,Good,14,463651.62,867586.75
232,50,Male,Butwal,162832,5.0,45747.4,37,7134,122,15,19.4,15.5,4.54,Basic,Good,8,679521.0,4143623.67
233,26,Male,Dharan,133226,9.4,35643.59,10,6468,65,74,17.4,24.74,3.62,Basic,Good,7,490786.08,5497341.54
234,23,Male,Chitwan,119250,2.3,57554.62,13,1340,146,12,68.8,98.29,4.83,Basic,Excellent,7,720001.44,2187592.82
235,33,Male,Butwal,45762,9.8,29215.05,11,5583,46,68,16.0,79.71,4.2,Silver,Good,2,389103.3,5624177.44
236,46,Male,Lalitpur,202058,9.9,40278.42,47,1961,125,13,79.8,67.36,4.07,Silver,Excellent,12,520109.79,7191179.94
237,20,Female,Dharan,185404,5.8,79111.56,6,5434,56,36,23.3,91.63,3.0,Basic,Poor,12,994984.32,5265378.1
238,37,Male,Biratnagar,191172,2.1,53998.83,34,3972,7,40,7.7,95.62,4.28,Basic,Good,11,652156.56,1592295.0
239,53,Male,Chitwan,156016,3.5,81115.92,6,7663,105,33,55.6,45.36,2.65,Gold,Poor,14,1094083.29,4526517.3
240,36,Male,Butwal,68825,4.5,41238.59,17,7075,40,15,49.2,32.77,4.31,Basic,Excellent,13,537313.08,2951129.73
241,43,Female,Bhaktapur,33877,3.4,20864.9,38,14239,97,66,80.0,31.53,4.03,Basic,Good,0,457556.25,2030897.97
242,20,Male,Dharan,181062,3.2,60511.41,38,5343,52,28,64.4,3.57,3.71,Premium,Average,1,767812.32,4618406.75
243,36,Male,Dharan,149065,9.7,75115.52,30,11567,31,61,34.9,27.96,2.32,Basic,Good,3,955172.79,10859233.03
244,37,Male,Butwal,128443,2.0,49386.77,19,8239,7,44,54.5,35.5,3.52,Basic,Good,12,601292.19,1345121.6
245,49,Male,Chitwan,119612,7.5,56969.88,30,3009,144,66,65.6,3.69,3.03,Basic,Excellent,9,748632.96,6770928.52
246,24,Male,Pokhara,137674,0.5,65257.43,7,9657,91,56,41.6,88.26,2.85,Gold,Good,12,914907.21,674538.54
247,58,Male,Kathmandu,135074,6.2,34839.0,54,6522,17,94,22.6,84.79,4.96,Silver,Good,0,434699.1,4188021.08
248,50,Male,Bhaktapur,206355,9.2,21988.15,19,2538,125,89,17.6,25.15,3.02,Basic,Excellent,10,311445.3,3413747.14
249,57,Male,Bhaktapur,154330,3.2,7306.83,33,12932,4,82,24.3,80.26,1.13,Silver,Excellent,17,95441.16,338842.04
250,56,Male,Pokhara,51629,2.3,56265.33,43,2350,122,36,68.0,79.62,3.51,Basic,Poor,8,718188.96,1613434.35
251,35,Female,Chitwan,188651,6.7,33961.39,48,7932,99,96,31.1,33.5,3.91,Silver,Good,5,525326.88,4941736.01
252,57,Female,Dharan,174030,7.3,49153.79,32,9426,143,33,23.6,69.71,4.54,Gold,Good,12,792033.18,9115150.87
253,18,Male,Dharan,190537,7.0,73667.01,57,2953,61,20,64.7,28.99,3.53,Basic,Good,4,911024.07,7796425.5
254,28,Male,Kathmandu,236925,3.5,55765.57,55,3516,21,96,3.5,7.03,1.08,Silver,Good,9,680262.24,2828989.59
255,45,Female,Bhaktapur,35775,2.9,48021.1,12,11694,77,40,47.9,50.48,1.48,Silver,Average,4,711318.9,2438092.88
256,42,Male,Kathmandu,227647,9.6,54347.41,27,7125,47,21,70.0,43.83,1.64,Premium,Excellent,9,702400.17,12187090.41
257,40,Male,Bhaktapur,245705,9.3,33895.69,29,7904,75,29,33.4,13.82,1.85,Premium,Good,4,495668.28,8353500.1
258,48,Female,Chitwan,185279,4.8,89766.26,28,11007,49,4,22.3,49.06,4.2,Gold,Good,19,1158096.57,7949282.55
259,47,Male,Biratnagar,173625,8.5,67214.46,20,4503,27,33,39.8,94.94,2.24,Gold,Excellent,10,824810.67,10898102.36
260,59,Male,Bhaktapur,204704,4.8,69397.18,58,2813,31,87,57.7,73.14,2.25,Silver,Average,4,845846.61,4990608.11
261,52,Male,Biratnagar,20055,4.5,41833.62,46,5123,32,59,41.8,73.89,4.02,Premium,Average,4,526593.84,4367455.6
262,24,Female,Bhaktapur,108697,2.0,76913.24,28,3663,18,55,1.6,75.76,2.65,Silver,Average,16,932848.98,2054727.97
263,33,Male,Dharan,183945,4.6,64051.75,21,12011,125,43,7.2,74.46,1.26,Silver,Excellent,4,993827.25,6155275.8
264,43,Female,Lalitpur,121505,5.6,40028.2,4,7686,63,16,58.0,1.99,3.34,Gold,Excellent,0,552971.1,5596273.22
265,19,Female,Chitwan,100720,0.7,53725.05,17,7515,128,84,32.6,92.47,1.52,Premium,Average,12,788988.6,816485.84
266,18,Male,Pokhara,217277,4.7,41154.34,40,12153,16,63,63.0,83.01,3.29,Basic,Poor,3,523019.28,2489167.63
267,29,Male,Biratnagar,98199,7.9,20282.6,45,14199,137,32,52.3,27.46,4.12,Basic,Good,7,535180.65,5104144.9
268,22,Male,Pokhara,176390,7.0,41605.11,30,8282,62,62,46.9,55.27,4.72,Premium,Good,19,576283.92,6944486.14
269,54,Male,Chitwan,53734,6.5,46432.68,16,5714,39,27,72.2,61.5,1.27,Silver,Good,5,590619.06,4806468.72
270,49,Male,Butwal,233299,9.1,54531.64,31,9121,115,70,2.7,13.19,2.22,Premium,Good,14,811716.93,12207748.9
271,26,Female,Pokhara,169594,0.7,57147.9,41,7438,138,58,13.2,25.4,3.61,Gold,Average,14,839741.4,809987.24
272,58,Female,Chitwan,162728,5.8,47290.88,56,3488,140,21,50.3,2.33,2.26,Gold,Good,15,640738.56,5135456.38
273,52,Female,Dharan,166965,8.0,55837.8,50,12488,72,67,6.2,86.4,2.8,Silver,Poor,8,804924.0,6997931.52
274,36,Male,Pokhara,36493,5.6,47631.95,2,5656,62,22,52.0,2.49,1.08,Basic,Poor,4,624184.2,3178288.76
275,33,Female,Biratnagar,154704,3.6,60673.0,30,6012,131,61,78.7,31.87,3.77,Silver,Average,15,846211.8,3535710.5
276,20,Female,Lalitpur,115872,1.8,52749.91,54,10288,83,64,70.4,7.82,4.53,Premium,Good,6,761084.52,2718489.76
277,37,Female,Pokhara,239720,8.9,40383.15,31,12054,123,52,47.7,78.14,4.91,Gold,Average,2,706994.1,10372059.54
278,41,Male,Biratnagar,81779,5.0,39724.55,41,14685,139,93,71.6,92.5,4.32,Silver,Good,9,782876.85,5422603.8
279,50,Female,Bhaktapur,189524,8.8,31614.29,47,2850,136,85,10.2,56.28,1.13,Gold,Good,15,437511.48,5021460.22
280,41,Male,Chitwan,164338,6.1,49990.84,33,10471,109,40,36.9,13.96,3.61,Gold,Excellent,11,771090.93,7687221.86
281,28,Male,Kathmandu,141187,6.9,42841.79,11,4488,122,12,34.9,55.82,2.98,Premium,Good,8,596231.88,7506778.06
282,25,Male,Butwal,136603,8.1,35184.84,28,11140,119,58,27.6,77.03,4.75,Basic,Average,15,621067.08,5313410.19
283,53,Female,Dharan,81607,6.8,17668.1,52,3370,138,4,1.0,71.84,4.61,Basic,Excellent,8,281776.2,2500002.73
284,55,Female,Kathmandu,36940,4.3,28760.09,9,6987,18,38,71.4,74.17,4.95,Silver,Average,6,363985.98,2102061.52
285,57,Male,Dharan,175075,5.4,24801.87,52,3410,76,85,62.4,27.92,4.45,Silver,Good,10,336496.44,2479522.1
286,37,Male,Chitwan,147880,8.1,56726.1,37,5113,11,97,52.6,7.37,3.19,Premium,Excellent,16,689149.65,10014582.42
287,52,Male,Dharan,118408,4.0,59772.42,43,14188,138,26,11.2,14.9,3.86,Basic,Good,9,1010960.64,4766672.78
288,42,Male,Lalitpur,54815,4.2,57456.49,56,12952,131,22,30.9,95.55,4.86,Premium,Good,14,943984.68,7335748.07
289,52,Male,Pokhara,181941,1.4,30654.58,36,10764,62,81,74.0,61.35,3.31,Premium,Average,9,467960.16,1105095.18
290,42,Male,Lalitpur,69297,9.2,62911.86,37,12499,71,43,49.7,72.79,4.36,Basic,Poor,1,888056.67,8873841.05
291,46,Female,Kathmandu,80107,1.4,51739.55,49,13934,61,2,48.7,89.91,4.77,Premium,Good,15,748370.7,1929872.09
292,35,Male,Butwal,102793,6.7,60232.73,57,12916,132,24,73.1,85.28,3.28,Silver,Good,6,978529.56,8916430.71
293,63,Male,Biratnagar,167754,4.4,75629.94,37,3364,61,25,45.2,21.84,1.64,Gold,Average,14,938339.88,5184536.14
294,35,Male,Butwal,39622,4.4,49320.14,26,14445,136,48,48.2,5.81,1.62,Basic,Average,16,886519.68,3520775.31
295,19,Female,Chitwan,50408,7.0,27551.22,21,12310,102,90,28.3,92.51,1.46,Premium,Good,12,518957.64,5945731.7
296,52,Female,Chitwan,159909,1.1,40948.58,53,1517,13,8,30.3,98.17,2.91,Silver,Good,18,494341.11,632443.82
297,33,Female,Lalitpur,215282,6.1,53965.12,46,5190,12,39,55.2,56.73,2.92,Premium,Excellent,7,656923.44,7847702.01
298,58,Male,Biratnagar,166479,7.8,44686.22,54,10024,35,48,26.3,88.84,3.47,Gold,Good,8,588860.64,7240943.47
299,53,Female,Lalitpur,180381,8.4,69946.96,18,11175,51,36,45.2,23.18,2.93,Silver,Excellent,18,924852.27,9670648.73
300,50,Male,Pokhara,222990,2.1,60559.91,24,8873,43,79,23.1,11.1,4.89,Basic,Average,16,783949.77,1707157.74
301,21,Female,Bhaktapur,113190,9.0,51747.91,26,14399,111,63,14.1,49.98,2.17,Basic,Average,9,860718.27,7802813.42
302,50,Female,Biratnagar,169967,6.7,68030.89,49,7259,66,74,36.9,81.12,4.5,Silver,Average,13,888234.78,7302276.6
303,31,Female,Bhaktapur,237984,8.9,39900.03,58,13531,15,4,18.2,65.47,1.4,Premium,Good,11,509245.11,7476340.89
304,38,Female,Butwal,20370,5.1,34054.35,50,10530,39,21,72.0,63.73,3.41,Basic,Good,19,470252.7,2450791.66
305,37,Female,Pokhara,134212,5.6,65145.02,32,14878,26,98,25.0,1.75,3.59,Premium,Excellent,6,839764.44,9590660.4
306,25,Male,Dharan,20486,9.2,48449.55,7,2951,112,45,48.2,31.75,4.09,Premium,Excellent,8,630971.4,11825778.09
307,24,Female,Dharan,43762,9.0,11048.92,36,2452,51,33,21.8,93.95,3.01,Silver,Average,17,151344.84,1514272.02
308,20,Male,Bhaktapur,46613,4.8,21985.57,53,5200,111,27,21.4,13.43,1.79,Basic,Excellent,6,350406.84,1990769.77
309,34,Female,Kathmandu,23196,3.1,51956.63,57,14577,132,49,28.7,72.64,2.48,Premium,Good,3,912104.16,5310339.79
310,50,Male,Butwal,246009,4.2,30112.88,5,14401,98,6,73.4,75.93,2.09,Basic,Average,7,573049.26,2497149.1
311,29,Male,Bhaktapur,120565,4.2,29153.17,41,8954,119,60,31.9,73.28,2.68,Basic,Good,17,509666.94,2227717.06
312,39,Male,Pokhara,96349,3.2,53712.55,21,6713,56,62,65.9,98.93,3.12,Basic,Good,14,700939.8,2381306.59
313,39,Male,Bhaktapur,84839,3.1,53695.39,42,1160,69,50,16.6,40.92,3.5,Premium,Good,6,656350.68,3888588.5
314,63,Male,Chitwan,192988,8.7,48703.56,55,1815,146,31,4.8,68.22,4.38,Silver,Average,7,624191.22,7056610.2
315,47,Female,Lalitpur,28572,1.2,23888.3,2,7881,4,18,62.8,19.37,4.64,Basic,Average,0,291388.2,426340.23
316,55,Male,Kathmandu,179297,6.9,54291.4,46,3419,129,71,43.8,39.97,2.85,Basic,Average,10,717654.45,5069699.64
317,55,Male,Chitwan,65853,2.1,47795.22,27,13609,50,59,40.8,49.16,1.35,Silver,Average,9,675610.14,1607029.96
318,62,Female,Chitwan,200462,3.8,52727.82,35,10886,84,64,22.5,21.48,4.19,Basic,Excellent,4,769897.44,3901011.81
319,25,Male,Pokhara,183347,1.1,28524.46,56,2572,70,62,6.7,90.68,2.91,Premium,Excellent,1,369299.52,862818.59
320,44,Female,Lalitpur,92379,3.1,62530.9,11,5942,148,64,39.1,71.62,3.19,Silver,Excellent,1,882283.2,4154717.61
321,44,Female,Lalitpur,152177,7.8,25398.65,24,2519,20,16,69.5,28.38,3.38,Gold,Average,18,312340.8,3178282.71
322,51,Female,Biratnagar,136074,8.9,68695.03,52,11432,27,2,10.5,13.5,3.67,Basic,Average,15,870639.96,7776840.47
323,38,Female,Butwal,210968,2.6,61225.35,50,7125,26,14,74.4,28.79,4.56,Silver,Excellent,10,762491.7,2864742.52
324,47,Male,Kathmandu,63209,4.9,55772.4,25,1315,10,49,22.7,62.3,4.81,Basic,Excellent,13,671241.3,4073467.66
325,50,Female,Butwal,248247,5.0,76233.66,14,5277,82,35,43.0,82.64,4.76,Gold,Poor,4,979711.02,7067923.25
326,45,Male,Pokhara,193559,8.8,52078.53,30,12110,105,31,6.3,50.32,4.24,Gold,Good,3,815674.86,12279691.24
327,64,Male,Kathmandu,169123,7.7,72473.59,59,13981,140,20,34.6,10.25,4.56,Basic,Average,18,1163284.08,9026069.1
328,50,Female,Biratnagar,114244,5.4,56383.57,47,12789,88,65,10.9,24.93,1.2,Basic,Excellent,9,845417.64,5069918.79
329,22,Male,Bhaktapur,228472,6.9,90229.34,28,12409,24,67,4.8,34.51,4.4,Gold,Average,8,1127424.48,11807398.52
330,36,Female,Chitwan,120300,8.5,32336.48,32,5234,117,58,77.4,63.61,1.29,Basic,Excellent,17,479894.46,4160157.07
331,21,Female,Kathmandu,218033,0.6,73378.38,44,4129,46,45,58.7,24.66,3.98,Silver,Poor,4,909030.66,642285.31
332,52,Female,Butwal,211228,4.3,40490.09,11,3253,136,13,57.8,23.39,1.68,Silver,Good,16,552242.28,2668161.05
333,34,Female,Chitwan,134682,9.1,34039.36,32,7005,55,41,8.2,28.62,2.44,Basic,Average,17,466263.57,3925619.4
334,61,Male,Pokhara,77175,7.5,24401.39,40,12059,78,25,74.4,59.25,1.74,Silver,Good,0,433906.98,4390523.12
335,45,Male,Butwal,157921,5.7,70471.43,11,5185,88,12,38.1,49.26,2.77,Silver,Good,13,914099.16,6406542.11
336,47,Female,Bhaktapur,121551,5.5,49421.32,25,701,16,67,68.3,84.16,2.65,Silver,Good,13,594738.24,4008612.31
337,46,Male,Pokhara,38976,3.8,12003.83,34,1504,148,2,2.0,69.79,1.19,Silver,Poor,13,177434.76,618790.08
338,63,Female,Dharan,150617,5.4,30762.44,15,1812,38,59,24.6,66.68,4.32,Gold,Good,0,379477.68,3635153.45
339,23,Female,Bhaktapur,119794,6.7,66692.47,36,2525,111,29,79.7,15.47,4.42,Basic,Poor,3,842350.89,6023774.35
340,52,Female,Bhaktapur,76866,4.5,19586.89,46,3633,15,69,34.8,5.52,4.15,Silver,Average,6,243216.93,1418904.56
341,58,Male,Chitwan,137752,7.3,54244.39,35,12265,78,95,71.2,51.0,4.39,Basic,Good,11,794433.18,6806373.08
342,54,Male,Pokhara,67078,8.7,38615.55,18,14591,76,60,26.9,7.16,4.0,Gold,Average,12,629724.0,7806681.64
343,41,Male,Pokhara,51113,2.0,35860.39,22,4721,72,72,42.5,36.4,4.75,Basic,Excellent,14,481311.48,1195917.0
344,46,Male,Kathmandu,35401,4.8,47424.63,33,6692,19,23,68.5,2.61,3.31,Gold,Excellent,19,588167.76,4159324.73
345,63,Female,Butwal,163956,4.4,53531.0,4,4171,120,91,48.9,17.68,3.33,Silver,Good,1,717450.0,4528197.78
346,48,Male,Dharan,235432,7.0,70463.7,59,5441,63,30,58.3,11.04,4.44,Premium,Average,13,896981.85,10693407.75
347,52,Male,Pokhara,188635,2.9,22555.72,16,10488,105,90,19.1,80.1,2.4,Silver,Poor,11,435854.64,1283756.23
348,50,Male,Kathmandu,185486,6.6,34287.23,9,12966,32,75,13.3,34.61,1.2,Silver,Excellent,12,473683.56,3849581.09
349,38,Female,Dharan,167214,8.8,25358.19,33,2104,110,85,19.2,7.88,4.0,Gold,Average,13,339014.28,4210204.38
350,49,Female,Lalitpur,91492,4.5,18495.65,39,2402,7,79,40.0,26.55,2.02,Silver,Excellent,2,224469.9,1434677.01
351,40,Male,Lalitpur,230536,9.2,40070.35,27,12691,139,98,64.3,68.28,2.9,Gold,Average,12,745451.55,9324710.2
352,50,Male,Dharan,226329,9.9,65022.21,31,5088,87,70,29.0,74.56,1.96,Basic,Good,7,846664.92,9229298.43
353,20,Male,Lalitpur,96693,1.5,39868.07,10,12196,31,46,45.6,11.99,4.31,Silver,Good,15,535128.24,1056002.81
354,35,Male,Biratnagar,55135,2.7,34085.52,58,8660,45,71,64.6,77.86,4.83,Gold,Excellent,5,467481.24,2296818.7
355,42,Female,Pokhara,223304,9.5,85270.54,33,11311,56,87,19.9,37.06,1.22,Gold,Poor,10,1118258.88,12336943.17
356,59,Female,Biratnagar,47862,9.6,66352.59,12,2849,149,18,70.8,67.94,1.93,Gold,Average,14,859906.23,10501467.9
357,48,Male,Butwal,156262,1.4,36273.43,23,5559,31,80,76.3,67.15,1.76,Silver,Good,18,461130.51,724665.72
358,20,Male,Pokhara,90199,0.6,41207.98,35,8428,1,40,4.1,79.36,3.69,Premium,Average,1,495759.96,548673.07
359,57,Female,Kathmandu,125366,2.0,66408.39,42,13980,139,41,5.7,69.72,2.71,Basic,Average,10,1088383.68,2219238.7
360,63,Male,Biratnagar,24331,10.0,11964.91,19,7620,93,29,8.2,3.89,2.83,Basic,Poor,19,249877.92,2085419.52
361,41,Female,Biratnagar,203258,2.2,61931.04,20,14774,68,3,62.4,51.95,1.63,Basic,Good,19,893867.28,1869606.1
362,49,Male,Butwal,64648,5.3,63859.97,55,4864,36,83,16.0,16.62,2.66,Premium,Good,8,792585.24,7579469.85
363,64,Male,Biratnagar,48549,8.6,16887.9,19,14175,79,28,58.3,97.0,2.21,Basic,Excellent,3,370628.55,3948868.5
364,39,Male,Bhaktapur,232854,0.7,60721.79,38,5219,67,22,35.9,25.58,3.44,Gold,Average,16,781112.43,742816.71
365,40,Male,Kathmandu,45761,6.2,21942.41,19,6743,51,88,67.1,42.01,1.87,Basic,Average,7,314892.87,1988924.36
366,19,Female,Lalitpur,23262,3.1,30349.58,13,8581,130,8,64.9,19.67,3.46,Basic,Good,15,531524.46,1772042.11
367,44,Male,Kathmandu,202331,8.7,85952.68,5,11364,6,62,76.8,13.46,2.51,Silver,Poor,0,1041659.76,10569448.17
368,59,Male,Bhaktapur,92572,3.2,13706.59,48,14932,54,53,20.8,60.09,2.39,Silver,Average,9,285428.28,1071675.73
369,19,Male,Butwal,204544,7.0,40142.98,44,9510,88,49,19.1,49.32,2.22,Basic,Good,6,607247.76,4797918.73
370,43,Male,Butwal,107858,6.9,41106.12,28,3177,145,20,3.5,37.47,3.7,Silver,Average,14,562373.19,4532850.8
371,34,Male,Pokhara,104667,2.6,54551.36,52,1047,5,74,33.4,8.54,3.25,Basic,Good,0,655401.57,2129790.39
372,57,Male,Kathmandu,24677,0.8,10559.11,6,13124,2,13,37.3,73.6,4.41,Silver,Excellent,15,130646.52,149511.17
373,50,Female,Dharan,224580,4.4,84599.06,7,9050,58,95,77.2,0.59,1.97,Basic,Excellent,1,1093923.72,6006430.42
374,26,Male,Dharan,150334,3.2,10495.57,14,3861,12,72,66.6,45.77,1.16,Silver,Good,2,132896.64,548070.15
375,60,Male,Butwal,231937,8.2,85159.59,24,14207,5,3,14.2,63.26,1.73,Basic,Good,14,1032570.33,8516015.73
376,56,Female,Biratnagar,121437,8.1,27315.67,43,2424,106,18,64.1,43.07,2.37,Silver,Good,17,366329.64,3449891.68
377,46,Male,Butwal,201689,4.8,72475.62,57,13603,148,76,15.1,12.62,1.72,Basic,Excellent,14,1171694.04,6050735.53
378,59,Female,Butwal,237101,6.3,54103.89,26,13147,129,77,7.1,77.82,1.33,Silver,Excellent,3,903641.13,7781956.39
379,43,Male,Butwal,169667,6.2,66569.55,47,13134,56,4,67.1,32.39,2.78,Silver,Excellent,2,909160.2,8343654.71
380,52,Female,Butwal,238531,8.4,70124.01,5,5743,70,22,78.1,13.48,3.71,Gold,Good,6,901789.62,12294166.62
381,42,Female,Dharan,80148,4.5,53587.81,53,5147,56,79,8.0,55.03,4.01,Silver,Average,19,686288.52,3445121.68
382,41,Female,Dharan,66926,3.1,66218.8,56,7181,54,80,65.3,1.92,2.59,Premium,Excellent,18,852791.7,4512900.95
383,30,Female,Lalitpur,95271,3.0,16548.55,33,3201,139,52,68.9,32.41,2.91,Premium,Excellent,7,265323.45,1574215.27
384,24,Male,Lalitpur,54457,5.6,57939.18,45,14675,3,11,10.4,75.06,4.02,Gold,Excellent,6,701873.91,6880309.01
385,53,Female,Pokhara,62531,4.8,49535.42,16,10622,95,56,23.4,91.27,2.41,Gold,Good,3,745788.54,5679688.9
386,62,Male,Butwal,224335,4.7,76658.13,27,921,28,37,59.0,59.17,4.14,Silver,Good,9,923765.76,5927887.89
387,37,Male,Dharan,224372,1.4,24082.92,43,835,111,52,64.8,21.76,4.87,Gold,Average,9,302897.79,647430.03
388,18,Male,Kathmandu,148027,7.3,42796.4,12,10218,107,75,29.0,22.0,4.52,Silver,Excellent,14,677555.7,6888737.43
389,25,Female,Bhaktapur,214243,2.5,62164.99,10,556,120,18,13.6,60.39,2.81,Basic,Excellent,17,755987.88,2070070.17
390,63,Male,Pokhara,65771,2.4,11588.98,12,14473,133,90,52.2,40.68,3.32,Silver,Average,9,427804.11,1222609.94
391,33,Female,Dharan,113135,4.4,17027.9,3,4450,124,62,56.5,17.73,3.87,Silver,Good,8,287104.8,1724847.56
392,31,Female,Kathmandu,86354,2.7,22911.46,46,7555,90,92,40.8,78.74,2.4,Gold,Average,8,376930.02,1405423.94
393,29,Female,Butwal,132743,6.0,54171.26,28,3647,16,98,12.5,20.02,4.2,Silver,Good,15,658807.92,5047529.27
394,40,Female,Chitwan,188361,4.0,77953.41,55,4037,31,76,67.7,32.16,2.75,Basic,Average,16,954212.97,3636592.18
395,32,Male,Butwal,53892,4.8,47982.57,59,6928,28,14,52.0,6.14,4.39,Silver,Good,15,604888.44,3719894.3
396,45,Male,Lalitpur,222268,5.6,41173.88,27,1221,135,66,69.7,70.14,2.02,Premium,Average,5,518811.81,4852473.36
397,51,Male,Bhaktapur,149662,2.4,55094.38,9,12769,137,96,74.7,27.53,1.05,Basic,Average,4,923535.51,2231215.78
398,19,Male,Dharan,115057,2.0,61123.86,22,885,39,98,64.7,23.29,3.53,Silver,Excellent,6,738663.57,2157216.57
399,49,Male,Dharan,58409,8.9,49783.65,22,13737,27,86,76.7,30.34,2.81,Premium,Average,12,653038.65,9332941.77
400,40,Male,Biratnagar,185542,4.6,38335.56,9,3317,76,81,76.4,87.41,1.24,Silver,Excellent,7,497840.52,3000644.04
401,39,Male,Bhaktapur,169457,4.4,74816.84,2,7926,117,88,49.9,51.8,2.95,Premium,Good,0,1036903.38,9068870.64
402,42,Female,Biratnagar,174368,0.8,34636.0,39,14288,89,75,58.5,15.79,1.67,Gold,Excellent,9,606376.8,743581.31
403,39,Female,Bhaktapur,138566,5.2,45878.13,59,14507,107,49,56.3,77.45,3.52,Basic,Excellent,19,783374.91,4446686.58
404,39,Male,Lalitpur,81716,5.8,48659.86,14,11579,122,98,50.1,20.85,2.78,Basic,Average,19,795814.02,4270053.79
405,59,Female,Biratnagar,109152,5.8,50097.25,10,14846,126,87,2.5,41.25,1.68,Basic,Average,0,881756.4,5547754.03
406,23,Male,Kathmandu,46382,7.2,41945.75,29,7615,98,71,29.1,56.81,2.65,Silver,Poor,19,615289.5,4191098.68
407,32,Male,Biratnagar,96675,2.2,26634.82,7,11411,33,48,8.9,58.44,1.93,Premium,Good,13,376102.29,1365088.44
408,60,Female,Pokhara,248668,2.9,26432.82,48,759,91,11,24.7,6.9,3.61,Basic,Average,14,327554.19,974514.24
409,54,Male,Kathmandu,42419,8.2,8674.82,24,4988,120,58,6.4,83.68,2.18,Premium,Good,5,193881.84,2881662.19
410,50,Male,Pokhara,244393,9.5,61924.45,49,9291,2,81,73.7,47.94,4.29,Basic,Excellent,19,745880.7,8007823.8
411,25,Female,Butwal,101238,1.8,40059.94,37,8036,142,14,36.7,98.93,1.06,Premium,Good,1,651886.08,2114876.06
412,61,Female,Bhaktapur,245825,5.2,34322.84,59,3755,13,62,16.0,71.74,2.61,Basic,Average,6,419196.33,2312068.85
413,61,Female,Kathmandu,190363,2.5,70573.86,18,9731,24,59,47.2,99.26,3.47,Silver,Average,19,881917.92,2386882.55
414,22,Female,Bhaktapur,32397,1.1,48148.8,10,4548,69,85,16.5,45.35,1.09,Basic,Poor,18,624857.4,570079.84
415,56,Female,Butwal,77888,3.6,43171.65,13,9447,34,69,64.6,14.08,1.86,Basic,Good,4,566239.5,2300993.83
416,21,Male,Chitwan,55169,1.9,35297.3,23,12269,87,85,25.2,72.73,2.31,Basic,Poor,7,583678.05,1024925.08
417,23,Male,Dharan,82182,7.2,40541.49,52,3657,19,87,25.9,77.78,1.09,Basic,Excellent,2,496920.33,4246301.31
418,62,Male,Bhaktapur,112476,5.6,28493.08,53,11450,30,30,69.7,85.28,3.19,Basic,Good,12,393441.96,2426307.0
419,49,Male,Butwal,62249,1.9,48908.34,59,976,49,17,45.2,30.14,3.52,Silver,Good,5,594073.68,1570856.07
420,47,Female,Bhaktapur,179413,0.6,15031.37,13,5783,144,64,71.1,51.07,1.91,Silver,Poor,13,305289.24,164490.96
421,64,Male,Butwal,95603,8.2,54987.57,55,14859,114,48,33.6,85.75,3.17,Gold,Good,6,913939.74,11917761.32
422,52,Female,Pokhara,197216,2.2,46221.49,7,10291,116,44,28.2,86.47,5.0,Gold,Excellent,10,733721.28,2797770.21
423,57,Female,Butwal,212844,6.3,65122.08,45,2859,139,24,41.0,2.57,4.55,Gold,Excellent,8,841075.11,9283160.52
424,33,Female,Biratnagar,99360,3.7,16939.89,10,7905,78,31,5.9,67.09,1.23,Gold,Average,9,295767.18,1438378.0
425,30,Female,Chitwan,33444,6.1,38353.5,53,8524,35,58,13.2,60.17,1.51,Gold,Excellent,19,504993.0,4176596.68
426,59,Female,Bhaktapur,196719,3.5,86286.04,38,1761,71,31,18.3,8.33,2.98,Silver,Average,16,1054187.13,4053317.44
427,47,Male,Butwal,143662,1.3,43614.82,54,14857,108,68,65.5,93.01,1.98,Basic,Good,7,764061.24,1095338.27
428,36,Female,Butwal,118843,2.6,62121.74,4,6823,54,57,59.0,44.54,1.32,Silver,Good,5,800727.18,2619197.04
429,34,Male,Bhaktapur,30974,2.3,21179.52,35,6437,23,25,16.3,67.43,2.02,Silver,Excellent,10,276361.89,836337.53
430,36,Female,Dharan,132150,4.6,62388.06,9,2082,10,78,22.9,88.28,1.24,Basic,Average,2,751779.72,3589931.94
431,45,Male,Chitwan,189455,6.8,39767.23,11,11530,61,97,75.6,13.01,3.12,Silver,Average,5,582706.26,5000285.19
432,43,Female,Chitwan,114826,3.0,41832.21,48,14547,136,77,7.8,85.58,2.96,Basic,Good,16,798745.32,2503209.33
433,54,Female,Butwal,232624,0.6,36362.9,42,13517,48,9,44.2,72.43,1.03,Basic,Excellent,6,533677.2,375028.3
434,43,Male,Kathmandu,117648,5.4,35125.64,43,12262,112,89,42.2,83.96,2.93,Gold,Good,5,627509.28,5359402.25
435,40,Male,Pokhara,245121,6.3,55638.52,44,1998,126,45,58.3,49.48,3.08,Basic,Average,12,705424.44,4519996.68
436,26,Female,Chitwan,154028,9.6,35383.34,10,9440,87,81,21.7,3.35,3.42,Basic,Excellent,13,547792.08,6166267.18
437,29,Male,Chitwan,159149,6.1,53802.9,15,13503,26,97,74.8,67.05,4.88,Basic,Excellent,18,698296.5,5009472.02
438,18,Female,Lalitpur,56490,5.0,48238.74,38,11078,52,35,33.4,37.45,4.93,Silver,Excellent,7,665273.28,5086570.35
439,18,Female,Biratnagar,144713,5.9,20853.59,28,9222,6,36,23.6,40.24,3.11,Basic,Excellent,12,258542.88,1790292.92
440,64,Male,Chitwan,75612,9.3,28005.79,42,13479,8,97,27.6,44.13,4.38,Silver,Good,19,352244.28,3989197.54
441,51,Male,Pokhara,120474,8.4,59802.11,33,2709,17,51,28.5,49.29,1.34,Basic,Average,8,724533.27,5968716.91
442,49,Male,Biratnagar,56159,3.6,16705.0,5,4563,76,18,16.7,66.19,3.12,Basic,Average,4,252478.2,1003774.92
443,42,Female,Biratnagar,59710,2.8,56274.12,3,12560,34,3,74.3,72.68,3.72,Basic,Good,10,739345.44,2387650.36
444,57,Male,Bhaktapur,234608,3.0,39665.19,52,7728,147,91,14.8,77.68,3.26,Silver,Excellent,6,646384.68,2814462.38
445,62,Male,Bhaktapur,164878,5.3,59375.54,34,9800,70,55,70.7,67.16,1.92,Basic,Excellent,5,815406.48,5158233.79
446,18,Male,Bhaktapur,133096,7.6,44698.66,22,6166,82,45,33.0,80.35,1.25,Gold,Average,11,612225.72,5957892.21
447,33,Female,Bhaktapur,229417,5.3,40931.78,2,9181,118,82,22.3,12.21,2.55,Silver,Poor,11,653685.06,3563020.94
448,56,Female,Lalitpur,231463,1.1,46765.26,45,8696,38,50,16.7,83.68,3.59,Silver,Excellent,5,610750.32,970245.11
449,22,Female,Chitwan,127412,7.4,57168.95,12,8767,143,3,40.8,38.73,4.97,Silver,Good,3,874079.55,9743028.02
450,39,Male,Bhaktapur,114924,8.2,35703.43,2,5872,102,73,53.9,52.88,1.95,Silver,Average,12,518282.76,4721815.74
451,46,Female,Butwal,26458,3.3,32847.29,47,6650,40,71,72.0,43.38,4.67,Premium,Good,11,434067.48,2742940.86
452,20,Female,Kathmandu,150993,6.8,30803.23,12,11420,137,10,52.5,47.57,1.27,Basic,Average,14,604319.76,3769964.42
453,29,Female,Bhaktapur,55524,4.6,35535.71,8,972,53,2,39.2,28.54,4.72,Basic,Excellent,7,434155.92,2640178.71
454,43,Female,Chitwan,157925,8.9,66866.66,3,11901,118,70,3.6,17.0,4.33,Basic,Excellent,12,1013047.62,11092350.01
455,33,Male,Bhaktapur,60477,8.5,17656.19,16,10073,66,10,73.3,10.49,1.08,Premium,Excellent,10,311596.98,4613474.03
456,54,Male,Lalitpur,52222,5.5,51533.03,9,1337,80,15,72.3,45.14,2.19,Premium,Average,10,634440.36,5580486.91
457,39,Female,Pokhara,38320,7.1,36258.1,55,9294,52,28,30.9,12.53,1.2,Gold,Excellent,10,507590.4,5328945.88
458,46,Male,Pokhara,114154,8.9,25562.83,53,1686,129,10,3.3,24.5,4.98,Silver,Good,18,339378.06,3845868.71
459,31,Female,Chitwan,72243,5.2,61966.16,58,6961,124,37,58.9,13.36,2.71,Premium,Average,16,873068.52,6918345.03
460,45,Female,Butwal,196687,3.5,36493.26,48,1981,112,94,63.5,10.91,3.65,Basic,Good,0,471199.92,2109230.59
461,22,Male,Pokhara,168424,7.7,35874.13,27,11964,1,85,43.9,88.25,1.94,Gold,Excellent,12,432284.16,5011718.79
462,64,Female,Dharan,92833,2.6,42657.23,41,8199,16,80,32.8,67.4,4.73,Premium,Good,19,531564.36,2400267.37
463,47,Male,Pokhara,113476,4.2,56865.9,43,14552,145,4,68.2,92.38,2.1,Gold,Good,8,998896.8,6211355.65
464,63,Male,Kathmandu,134560,8.7,32488.55,52,14486,112,24,16.2,64.4,2.04,Basic,Excellent,10,633227.4,6288750.86
465,22,Female,Chitwan,154275,7.4,41084.17,36,7832,112,74,35.7,84.4,2.26,Gold,Average,8,624587.64,6393279.84
466,29,Female,Butwal,59267,4.3,30115.63,53,731,102,31,2.9,55.53,2.85,Basic,Excellent,16,372571.86,1771221.15
467,33,Male,Chitwan,57941,2.5,28642.28,47,827,82,20,14.0,46.26,1.07,Basic,Excellent,6,353879.46,1013284.22
468,43,Male,Pokhara,102809,3.9,43270.26,42,6881,99,68,75.3,52.85,3.39,Gold,Good,7,621425.97,3856825.65
469,43,Female,Pokhara,45368,3.2,61872.5,42,5739,40,51,46.7,32.02,1.13,Basic,Good,1,776904.0,2824436.31
470,38,Female,Pokhara,97186,2.2,11617.47,22,1449,36,49,64.6,65.8,3.16,Basic,Average,13,147234.24,326364.69
471,56,Female,Biratnagar,50984,7.6,21245.57,58,10578,125,4,39.4,89.72,2.83,Silver,Excellent,9,453284.34,4711903.05
472,53,Male,Lalitpur,193013,2.9,81076.53,39,7538,4,99,67.0,78.24,1.97,Silver,Average,8,977441.16,3295657.05
473,50,Male,Bhaktapur,223990,4.8,86682.65,9,8548,118,67,43.6,46.2,2.32,Basic,Good,0,1191491.4,6890823.39
474,47,Male,Dharan,203755,4.2,56723.35,44,12787,25,28,1.4,95.39,3.82,Basic,Average,11,728631.45,3252099.31
475,54,Female,Lalitpur,20801,9.8,6392.3,33,2797,95,88,72.1,98.54,1.04,Premium,Average,13,116564.85,1654655.8
476,40,Male,Chitwan,126538,4.2,51156.58,9,14147,78,97,12.7,49.31,2.27,Basic,Good,18,779398.86,3235531.72
477,27,Male,Dharan,132201,1.3,40697.52,45,1807,12,41,36.6,86.46,3.72,Silver,Excellent,10,491622.84,904105.55
478,22,Female,Kathmandu,67965,1.4,17868.52,11,8889,27,19,38.7,0.48,1.61,Premium,Good,8,250422.69,587611.27
479,53,Male,Bhaktapur,105269,6.1,61041.12,24,13203,63,28,4.7,6.67,3.24,Silver,Poor,16,857261.79,5251750.81
480,51,Female,Kathmandu,161041,6.2,66599.79,5,3279,55,12,5.2,2.24,1.68,Basic,Good,19,826249.23,4870851.77
481,48,Female,Butwal,55969,4.5,23276.89,49,14206,82,40,61.2,77.32,1.62,Silver,Good,5,454056.48,2591276.45
482,27,Female,Biratnagar,233341,4.6,34174.27,53,13725,14,20,24.7,7.98,4.09,Silver,Average,5,438913.74,2634640.3
483,36,Male,Chitwan,183521,1.0,39865.65,39,7818,56,90,33.4,1.71,2.07,Gold,Good,19,544059.0,700555.05
484,49,Male,Biratnagar,111679,5.4,58894.02,31,3836,147,8,45.6,14.74,2.5,Silver,Poor,9,791312.04,4545250.39
485,18,Female,Chitwan,176777,5.3,72170.24,42,14031,86,96,30.5,30.63,3.92,Basic,Good,9,1047042.78,6525768.03
486,22,Female,Kathmandu,211375,1.9,62860.32,24,5835,26,58,62.2,46.47,1.72,Basic,Good,16,777080.34,1461299.75
487,62,Female,Kathmandu,48363,1.5,63523.87,6,10030,92,3,70.9,6.54,3.13,Silver,Excellent,13,900700.44,1797043.9
488,21,Male,Kathmandu,181792,1.7,58500.02,22,10383,36,39,5.7,49.9,4.67,Gold,Average,4,758068.44,2064685.79
489,33,Female,Chitwan,161044,1.5,69067.71,57,8907,146,6,51.2,24.81,3.22,Silver,Good,2,1023875.82,2167230.75
490,41,Female,Pokhara,53351,6.3,40855.34,7,8002,78,79,26.1,27.44,1.2,Basic,Good,10,583887.48,3782960.46
491,33,Female,Kathmandu,131023,2.4,33963.45,50,8026,112,83,47.1,82.19,3.36,Gold,Good,18,542398.2,1808182.92
492,19,Female,Biratnagar,187217,2.9,34272.64,18,2149,23,37,39.2,98.69,1.36,Silver,Good,19,418685.73,1299962.95
493,45,Female,Butwal,107948,2.1,49861.47,26,13972,119,69,27.4,46.39,2.13,Premium,Average,18,847737.84,2620639.35
494,49,Female,Bhaktapur,240686,9.6,55723.13,25,3362,116,89,8.5,32.18,4.4,Silver,Good,13,727176.36,9211179.71
495,44,Male,Chitwan,239188,8.6,42376.47,23,9301,142,78,45.2,93.14,1.04,Silver,Excellent,14,706628.94,7258227.5
496,37,Male,Dharan,76235,2.7,42470.95,14,11250,22,86,9.9,50.04,1.31,Silver,Average,2,546776.4,1752806.29
497,41,Male,Biratnagar,34855,3.6,14806.2,18,1417,28,58,13.3,73.04,2.45,Gold,Average,2,183625.8,980354.87
498,29,Male,Lalitpur,187241,2.5,31793.02,15,12944,43,98,78.6,41.37,5.0,Gold,Good,8,465005.04,1923545.39
499,52,Male,Butwal,197476,5.2,60480.01,35,8853,76,21,26.0,20.25,2.17,Gold,Good,10,826684.32,6266453.01
500,50,Male,Lalitpur,170641,0.7,62030.3,27,4637,18,6,47.2,65.49,1.63,Basic,Excellent,14,756883.5,528402.73
501,50,Male,Bhaktapur,145074,6.9,44166.33,20,7847,100,25,22.5,66.48,3.2,Silver,Good,16,647700.96,5403889.91
502,60,Male,Pokhara,74437,5.5,22236.27,27,5949,124,31,69.4,46.02,3.08,Basic,Good,11,377486.64,2275946.14
503,54,Female,Kathmandu,199578,9.0,79627.36,4,6182,109,29,23.4,26.99,2.8,Gold,Good,16,1056604.02,13283610.69
504,29,Female,Chitwan,176810,2.1,41768.65,3,3311,36,54,30.0,83.18,4.79,Basic,Average,8,519103.2,1231733.78
505,20,Male,Biratnagar,157844,8.1,44169.37,29,14240,125,52,49.1,27.53,2.12,Basic,Average,12,797032.44,6294028.74
506,18,Female,Dharan,110410,8.0,51475.29,3,3921,7,8,69.7,65.9,2.17,Basic,Excellent,7,621820.53,5865090.82
507,50,Female,Kathmandu,39731,1.7,19378.47,23,4715,23,43,65.5,38.4,1.56,Basic,Excellent,5,248808.39,515087.17
508,57,Male,Biratnagar,161203,4.3,37851.16,8,9790,117,36,21.8,47.25,3.79,Basic,Good,6,626028.42,3255979.16
509,27,Male,Chitwan,86324,2.1,58143.89,5,14825,114,95,66.5,21.14,2.29,Basic,Average,0,951234.18,2225794.59
510,60,Male,Lalitpur,205169,2.9,60546.54,50,3221,96,35,56.4,64.95,4.21,Basic,Good,9,772940.88,2654064.74
511,61,Female,Kathmandu,101720,3.0,34858.79,39,11400,21,74,79.2,22.58,4.89,Basic,Good,14,454215.48,1570425.58
512,46,Female,Bhaktapur,116433,5.8,24106.99,40,8814,70,77,74.9,48.57,1.17,Gold,Good,13,381830.88,2984248.29
513,30,Male,Pokhara,22889,4.4,33777.17,21,11392,53,55,43.1,32.85,4.97,Basic,Good,3,495892.44,2841271.31
514,29,Male,Bhaktapur,29569,9.5,51297.22,7,3753,84,30,60.2,96.36,2.02,Premium,Poor,3,662854.44,9682514.8
515,48,Male,Pokhara,107193,1.7,47536.04,10,11753,106,11,46.0,98.22,2.68,Premium,Average,8,757305.18,2144511.49
516,63,Male,Butwal,226749,9.8,86577.85,53,12653,41,28,48.0,75.35,4.11,Basic,Excellent,14,1116750.15,13050773.87
517,19,Male,Biratnagar,105192,2.7,21777.26,32,1288,128,84,9.0,98.39,3.66,Basic,Excellent,11,286056.72,914254.27
518,52,Male,Kathmandu,107154,7.8,67884.75,27,756,142,14,1.2,11.36,4.11,Basic,Excellent,8,830719.8,8286003.22
519,40,Female,Kathmandu,228542,3.7,20210.91,37,4525,88,43,4.8,99.23,2.87,Silver,Good,2,302260.92,1570614.47
520,34,Female,Butwal,128073,1.9,24198.27,27,6456,103,38,77.4,10.36,4.66,Silver,Average,14,390124.44,877300.51
521,43,Male,Pokhara,239894,8.6,28911.52,29,7241,107,62,11.0,41.55,4.16,Basic,Good,10,463156.29,4647448.11
522,25,Female,Lalitpur,27612,3.4,33435.43,6,4154,17,97,4.5,23.89,2.24,Basic,Poor,5,411817.86,1352323.88
523,46,Male,Chitwan,71644,6.8,62214.91,52,14080,25,80,25.5,95.38,4.79,Silver,Good,14,799378.92,7197609.64
524,43,Male,Bhaktapur,52069,5.9,36174.04,11,8160,64,22,47.5,63.58,4.84,Basic,Good,6,512424.48,3784990.89
525,27,Male,Butwal,101741,5.0,20136.39,19,3751,86,4,75.9,59.71,2.66,Premium,Good,18,290024.58,2320633.2
526,43,Female,Dharan,178403,5.2,59907.3,16,5768,119,9,56.3,99.74,3.61,Silver,Excellent,13,821846.4,5800288.01
527,51,Female,Dharan,75897,7.5,65350.69,58,12281,35,71,22.8,61.24,4.26,Basic,Good,3,848683.53,8097999.14
528,58,Female,Biratnagar,165006,1.3,56565.43,34,13959,37,94,75.2,64.62,4.27,Basic,Average,0,756257.61,1207208.8
529,24,Male,Butwal,161167,6.8,81786.9,6,13467,55,84,3.8,4.48,1.06,Silver,Average,12,1092545.55,7918821.1
530,21,Female,Bhaktapur,242566,9.0,26561.03,38,7676,145,18,78.3,85.91,3.52,Basic,Average,10,485685.36,4623857.15
531,62,Male,Bhaktapur,122544,1.0,34275.97,41,13989,129,11,5.6,97.01,4.89,Basic,Good,17,681998.79,753699.83
532,28,Female,Biratnagar,38706,1.8,41167.89,23,8062,53,98,60.6,96.03,1.93,Basic,Good,8,558107.58,1115605.24
533,46,Male,Biratnagar,194588,7.3,37802.88,23,9299,73,14,4.6,22.11,4.18,Basic,Good,10,555458.61,4758711.69
534,53,Male,Kathmandu,123602,4.7,68139.96,23,4926,113,92,74.6,22.59,3.14,Silver,Excellent,5,901175.22,6164619.73
535,42,Female,Bhaktapur,248080,4.3,60120.97,53,4427,13,13,9.6,36.6,1.89,Basic,Average,15,730084.29,2904524.27
536,38,Female,Chitwan,54629,1.8,49742.8,16,14891,47,67,5.0,31.02,1.2,Gold,Good,4,701895.15,1855471.55
537,53,Male,Dharan,197982,5.3,36477.73,18,5826,28,75,71.3,30.56,4.04,Basic,Good,0,462201.96,3182926.44
538,27,Female,Chitwan,239612,1.7,53988.48,52,2652,53,86,8.6,60.52,2.27,Silver,Average,13,668945.16,1261220.45
539,54,Male,Pokhara,144746,5.0,30078.16,46,9238,31,24,64.0,80.56,2.5,Gold,Good,18,403894.62,2695578.63
540,26,Female,Butwal,40431,7.8,13727.67,59,8388,8,66,60.0,93.68,2.94,Silver,Good,5,174797.64,1840351.63
541,41,Female,Biratnagar,207805,3.0,43910.69,29,13580,72,98,48.3,6.79,3.03,Gold,Poor,11,673592.28,2553536.03
542,52,Female,Kathmandu,60088,5.1,33032.73,23,10596,124,53,30.9,27.8,1.82,Basic,Excellent,6,593478.36,3569087.76
543,52,Female,Chitwan,195207,9.9,49558.32,22,5974,98,62,73.3,25.5,3.68,Premium,Average,9,682517.64,11643791.32
544,53,Female,Lalitpur,189087,7.0,48647.32,43,10374,87,27,69.8,35.74,3.77,Silver,Poor,9,719148.54,5630574.49
545,35,Male,Dharan,51385,8.5,21686.71,18,988,74,16,34.7,42.43,1.57,Basic,Average,12,271207.32,2205858.42
546,56,Female,Kathmandu,90199,4.4,15208.36,6,2322,101,23,19.3,38.92,3.13,Basic,Good,6,217678.62,1122338.33
547,49,Male,Kathmandu,58677,7.8,19096.12,19,8260,25,90,22.5,95.21,3.44,Basic,Average,18,260128.44,1953676.73
548,41,Male,Chitwan,138104,0.9,33544.72,18,6122,115,66,18.4,43.71,1.75,Gold,Good,0,508141.14,735877.54
549,40,Male,Lalitpur,32818,1.7,45503.33,5,3621,33,27,43.8,55.16,4.58,Basic,Average,14,563963.91,1032891.68
550,49,Male,Pokhara,239294,2.4,63365.69,55,4274,135,22,69.6,74.86,2.93,Premium,Average,13,846936.78,3233047.7
551,54,Female,Chitwan,83001,4.3,19136.16,8,6946,97,25,62.1,72.51,1.46,Basic,Average,12,330698.22,1328276.1
552,29,Male,Lalitpur,175049,8.5,42455.35,26,11764,112,17,63.8,58.3,2.34,Silver,Average,6,707099.4,7246643.82
553,30,Female,Kathmandu,69832,3.8,32646.59,38,3952,96,33,36.4,86.08,2.91,Gold,Good,11,448667.88,2544056.07
554,40,Male,Dharan,60931,6.7,39498.96,41,9341,5,17,26.5,62.42,1.04,Premium,Good,7,480993.27,5459755.17
555,42,Male,Lalitpur,103990,7.2,51495.72,41,9339,121,78,60.8,87.48,1.13,Basic,Average,14,787451.49,5154327.72
556,52,Male,Kathmandu,229966,6.1,75917.5,44,5981,110,43,63.7,30.28,1.22,Premium,Average,16,1009696.5,8797534.17
557,58,Male,Butwal,92204,3.9,61264.37,10,9072,17,33,55.9,13.2,3.15,Premium,Excellent,11,758306.04,5617334.61
558,47,Male,Chitwan,65784,6.0,20502.39,20,8333,76,51,3.5,81.95,2.34,Premium,Good,12,341024.88,3466169.77
559,34,Female,Biratnagar,126305,3.8,72793.69,52,14997,52,42,47.6,38.25,4.57,Gold,Excellent,7,990500.88,6653688.69
560,37,Male,Chitwan,29921,1.3,25082.19,10,10758,140,25,28.4,65.11,3.24,Premium,Poor,9,526904.28,1036412.77
561,42,Female,Butwal,54959,9.9,60495.38,24,7617,62,14,16.5,73.73,4.04,Silver,Poor,6,796782.66,9232664.48
562,39,Male,Bhaktapur,52328,1.7,63524.57,32,10555,21,76,55.9,32.67,3.75,Gold,Good,1,795543.09,2325543.08
563,30,Male,Bhaktapur,159931,1.2,62577.2,33,10982,85,80,22.2,50.52,3.08,Silver,Average,15,890946.9,1178975.89
564,36,Female,Bhaktapur,109506,8.8,61807.84,53,12916,21,11,73.1,89.49,3.98,Silver,Good,3,782379.48,9909763.25
565,53,Male,Chitwan,94408,3.4,45133.15,32,9891,143,43,24.5,87.98,3.18,Silver,Average,5,753759.75,3255373.05
566,29,Male,Pokhara,143852,6.7,46664.79,18,13196,128,42,44.9,74.94,2.54,Premium,Average,6,813340.68,9247471.51
567,58,Male,Chitwan,235838,3.6,68162.61,49,5387,54,4,66.4,76.27,2.74,Basic,Average,18,861586.02,2897240.02
568,36,Male,Dharan,46708,4.2,28996.81,40,3490,26,56,32.8,89.77,4.35,Gold,Good,3,361572.72,2628409.58
569,29,Female,Butwal,38847,3.0,36379.94,59,9799,53,17,66.5,73.63,3.25,Basic,Good,9,514461.33,1766478.54
570,26,Male,Dharan,75989,3.8,12280.55,23,3947,66,45,58.2,33.96,2.51,Silver,Poor,3,186441.9,780610.73
571,24,Female,Butwal,243713,4.4,30975.64,36,721,7,82,73.7,12.08,1.72,Basic,Average,19,372464.73,1436968.71
572,45,Female,Biratnagar,145383,7.3,28988.59,31,8118,32,90,26.7,42.19,2.98,Silver,Good,4,386829.48,3867454.73
573,31,Male,Lalitpur,24922,5.4,32681.93,54,10131,87,31,9.3,8.73,2.01,Premium,Good,13,524392.71,4676381.68
574,48,Female,Chitwan,221000,9.5,92242.4,52,7088,2,38,35.0,11.58,4.82,Silver,Good,10,1109035.2,14606386.45
575,36,Male,Chitwan,72335,0.9,39339.47,41,1117,75,61,63.1,95.02,2.96,Gold,Good,1,484639.89,721374.72
576,64,Female,Kathmandu,146913,5.3,21144.46,38,14136,29,78,36.6,67.59,1.04,Basic,Poor,8,315225.12,1442840.56
577,33,Male,Butwal,164613,6.1,68252.39,27,3070,127,25,21.7,85.16,1.37,Premium,Good,11,877512.18,8764155.98
578,22,Female,Kathmandu,39551,9.2,40765.06,59,6809,49,27,3.2,64.29,2.14,Gold,Good,0,539226.87,8008507.16
579,52,Male,Kathmandu,170453,1.0,86811.85,7,3255,32,59,25.7,41.85,1.37,Silver,Good,14,1057366.2,1225434.45
580,29,Male,Chitwan,133319,5.9,24466.87,35,3290,15,10,57.4,2.52,4.58,Basic,Poor,5,301004.94,1833064.28
581,42,Female,Pokhara,75673,8.6,41980.6,57,8326,62,62,12.7,95.58,4.42,Silver,Average,16,581199.0,5897927.05
582,38,Female,Lalitpur,121531,2.8,39202.94,33,12634,78,20,27.9,7.09,4.88,Silver,Excellent,14,618253.08,2434116.93
583,53,Male,Lalitpur,42948,8.8,17241.82,26,3809,17,29,2.6,61.02,3.83,Basic,Excellent,13,216614.79,2282584.77
584,40,Male,Dharan,112264,0.7,65536.72,52,7652,22,8,58.0,10.22,3.58,Premium,Good,18,811692.24,954920.22
585,33,Female,Butwal,79072,7.5,61797.01,14,4554,81,46,70.6,28.41,4.69,Gold,Average,8,796895.22,9179581.22
586,56,Female,Biratnagar,87560,9.4,56964.17,39,7556,144,87,45.9,18.58,4.79,Basic,Good,2,846779.64,10429598.89
587,62,Female,Butwal,233321,6.7,98792.02,39,13824,8,95,3.0,55.37,4.51,Premium,Average,14,1202093.04,13582388.87
588,59,Female,Pokhara,153558,4.7,17670.38,3,7924,31,64,18.2,88.71,4.45,Basic,Average,16,248891.16,1238599.97
589,56,Female,Pokhara,86691,0.9,61317.82,59,8181,12,38,35.6,63.56,3.69,Silver,Good,1,750539.64,986846.2
590,31,Female,Lalitpur,161154,9.2,34931.94,57,7008,33,17,47.4,66.42,1.01,Silver,Good,3,453872.88,5295232.29
591,48,Male,Bhaktapur,122781,5.0,15482.87,6,724,12,6,40.2,90.89,2.72,Basic,Average,13,187097.64,945609.41
592,22,Male,Kathmandu,104105,0.8,31390.1,12,7639,25,30,73.4,74.94,3.54,Basic,Excellent,10,405327.45,381775.7
593,52,Female,Kathmandu,27086,7.1,31559.84,12,10933,48,53,75.2,86.6,3.19,Basic,Average,11,457435.68,3321294.45
594,40,Female,Lalitpur,147818,5.1,33364.59,25,12844,83,24,9.5,41.64,4.28,Gold,Good,15,560282.88,4273607.81
595,46,Male,Butwal,87853,1.7,18879.01,15,8636,55,7,11.9,86.54,4.28,Premium,Excellent,11,297795.12,989054.73
596,60,Male,Pokhara,121925,2.5,63866.69,46,12388,131,37,29.3,64.59,3.39,Silver,Average,1,1009824.48,3355104.96
597,28,Female,Butwal,90027,1.1,65776.97,31,3850,125,58,34.3,13.56,1.09,Silver,Average,6,861511.14,1087703.18
598,35,Male,Biratnagar,35916,6.0,46045.65,41,4327,69,34,47.3,3.87,2.48,Silver,Poor,2,597332.25,4100312.64
599,64,Male,Bhaktapur,35248,6.4,23717.89,48,1903,51,50,62.1,24.4,1.92,Silver,Excellent,2,299172.63,2703650.74
600,29,Male,Lalitpur,219119,5.3,65302.61,45,4712,27,42,11.7,37.83,2.36,Gold,Good,12,802714.92,6134831.46
601,26,Male,Kathmandu,44226,8.3,23008.39,36,909,144,81,64.4,83.76,3.47,Silver,Poor,6,295735.08,2821913.82
602,27,Male,Chitwan,176097,8.7,57650.46,22,2416,25,56,49.2,74.12,1.27,Basic,Excellent,4,700865.52,7151545.8
603,61,Male,Butwal,68380,6.3,43661.14,56,12130,33,99,78.5,95.54,1.09,Basic,Good,4,583977.18,4058050.2
604,34,Male,Pokhara,27848,0.6,42730.39,6,4567,62,27,52.4,55.92,2.75,Premium,Poor,19,555237.78,450910.54
605,55,Female,Chitwan,34274,7.1,8927.94,39,3359,145,38,57.6,74.77,4.17,Basic,Good,5,180193.53,1585320.74
606,24,Male,Biratnagar,74545,4.5,38945.72,3,7572,30,78,16.4,27.53,1.12,Premium,Good,12,501422.64,3609265.47
607,63,Female,Lalitpur,116494,5.9,35528.98,41,10675,41,18,61.7,67.96,4.4,Basic,Average,6,491999.01,3312199.56
608,30,Female,Butwal,135981,6.7,64972.19,38,2551,117,97,7.3,70.62,2.54,Gold,Good,1,824436.33,8999689.66
609,57,Male,Kathmandu,186305,3.8,64124.21,55,4201,4,33,52.9,84.84,1.47,Basic,Average,8,772011.12,2898768.19
610,59,Female,Butwal,36304,9.2,29893.82,50,8714,66,29,5.4,53.64,3.27,Gold,Good,18,444994.44,5701189.52
611,26,Male,Bhaktapur,31294,1.8,55613.54,59,3468,60,94,10.1,64.9,4.81,Silver,Poor,1,698574.48,1581246.41
612,44,Female,Dharan,46425,6.9,44315.75,35,9436,137,26,9.5,20.3,3.17,Basic,Average,12,725698.8,5113028.31
613,19,Male,Chitwan,219783,0.5,55380.67,12,1101,31,48,5.1,73.68,3.75,Basic,Excellent,7,669687.69,426376.54
614,22,Female,Bhaktapur,130777,9.3,19572.94,37,11727,89,23,26.4,83.84,4.27,Basic,Good,15,391430.73,4038998.34
615,46,Female,Biratnagar,244383,1.6,43438.66,12,8434,100,92,79.6,59.37,4.2,Premium,Average,0,647773.92,1985208.66
616,54,Male,Kathmandu,160497,1.4,26268.43,10,13757,119,62,28.5,11.57,1.29,Gold,Excellent,10,560783.61,1168310.55
617,55,Male,Chitwan,111549,3.7,30279.36,7,5774,69,45,61.1,31.29,3.96,Gold,Excellent,7,423113.22,2718152.33
618,36,Female,Biratnagar,113464,4.0,38298.2,57,2342,24,21,11.5,47.55,4.8,Basic,Average,19,468009.6,1896192.72
619,25,Female,Bhaktapur,196062,2.5,47916.55,35,11366,23,51,36.9,67.72,3.8,Silver,Good,0,614211.3,2272973.59
620,62,Male,Bhaktapur,126748,6.1,20941.13,59,12868,63,89,15.6,32.03,4.35,Premium,Good,6,372896.16,4486306.78
621,18,Female,Dharan,224818,4.7,97952.96,48,3162,118,48,16.2,84.03,2.94,Gold,Good,8,1231402.92,8904754.06
622,39,Male,Chitwan,88295,0.8,66071.44,38,9174,114,48,8.9,37.18,2.28,Basic,Excellent,1,949732.68,968957.35
623,34,Female,Kathmandu,36091,3.5,58065.62,33,4536,6,73,35.1,4.28,3.7,Gold,Good,18,700869.84,3463857.79
624,24,Male,Bhaktapur,139943,8.2,47965.81,13,3139,6,52,7.0,79.4,2.97,Gold,Excellent,5,578414.82,8027070.34
625,42,Female,Lalitpur,151074,7.1,58718.24,46,6026,30,56,72.9,64.42,4.58,Silver,Excellent,4,731735.88,8106898.38
626,62,Male,Dharan,70411,7.4,15196.7,33,12003,1,79,36.4,80.2,4.9,Basic,Average,12,184160.85,1496400.51
627,21,Male,Biratnagar,192030,7.1,77513.0,18,12820,63,40,67.2,34.89,4.28,Basic,Excellent,9,1051305.0,9464113.64
628,53,Male,Chitwan,115696,3.5,23383.92,5,14870,136,15,78.4,1.76,4.97,Premium,Good,0,583955.04,4401126.09
629,23,Male,Pokhara,171779,1.4,53401.1,43,5868,28,70,54.5,7.38,2.39,Basic,Good,17,665458.8,937024.19
630,48,Male,Pokhara,166320,3.1,40710.51,34,7643,89,48,72.2,11.18,4.58,Silver,Excellent,13,590560.17,2596217.25
631,36,Male,Kathmandu,91309,8.4,55810.98,44,13067,53,22,11.7,80.51,2.32,Gold,Good,11,773614.41,9412655.98
632,61,Female,Lalitpur,229394,9.8,60433.26,49,6603,38,16,66.6,30.14,1.47,Gold,Poor,5,762836.22,9267542.81
633,56,Male,Bhaktapur,202792,5.2,32444.78,44,4325,52,98,22.4,99.79,3.49,Premium,Excellent,13,423072.36,4140109.51
634,44,Male,Pokhara,166109,0.6,50984.26,10,10891,78,82,38.3,75.84,2.82,Basic,Poor,16,739235.82,370269.88
635,27,Male,Kathmandu,87421,1.8,69817.54,35,10374,139,85,52.1,60.12,4.69,Gold,Average,6,1054108.38,2993092.53
636,43,Male,Biratnagar,232939,3.6,30459.76,40,6170,130,2,72.4,98.36,2.97,Basic,Good,2,485832.12,2120262.31
637,36,Male,Dharan,60612,6.0,4341.85,52,5296,53,81,73.0,31.63,4.71,Basic,Average,16,94205.4,575285.43
638,56,Male,Lalitpur,239103,1.2,21855.9,31,4108,94,83,8.3,16.56,1.31,Basic,Excellent,9,320193.6,406563.61
639,20,Male,Lalitpur,33450,9.5,15819.99,51,14567,94,11,29.8,73.73,4.32,Silver,Average,2,395234.58,5137849.02
640,62,Male,Butwal,29491,4.0,48874.44,21,7378,7,24,63.7,27.81,4.04,Gold,Excellent,15,594240.18,3759893.48
641,30,Female,Kathmandu,137026,9.2,66547.73,40,1518,67,19,56.5,96.1,3.88,Silver,Excellent,5,813828.66,11226023.83
642,45,Female,Kathmandu,94804,7.9,20252.66,24,5849,137,59,3.1,98.81,2.42,Basic,Good,3,363228.87,3374610.6
643,37,Male,Butwal,113293,7.7,20764.49,42,5260,116,74,36.5,92.64,4.14,Silver,Good,19,340697.88,3203317.81
644,45,Male,Dharan,139498,6.3,35704.29,45,11662,139,95,66.5,94.48,2.93,Basic,Good,8,671604.18,4832113.41
645,25,Female,Bhaktapur,157863,6.5,58611.51,36,1811,37,78,59.3,61.57,3.86,Basic,Good,6,713389.17,5585860.18
646,58,Male,Kathmandu,125475,6.6,64106.31,24,10110,142,53,33.5,69.21,3.21,Silver,Good,15,984618.72,7976674.56
647,56,Female,Butwal,48314,6.5,6884.04,55,3000,147,96,59.1,9.42,1.63,Basic,Excellent,5,148758.48,1150283.08
648,18,Male,Bhaktapur,71883,5.8,22658.91,59,3167,8,47,44.5,76.31,1.26,Silver,Good,11,275707.32,1905996.31
649,20,Female,Dharan,245191,9.9,36560.8,49,13844,135,14,73.1,20.21,2.46,Silver,Excellent,2,719070.6,10351590.14
650,30,Female,Bhaktapur,107086,7.5,48150.39,40,6534,59,97,47.4,84.03,4.73,Basic,Good,11,635630.58,5650850.99
651,45,Female,Chitwan,216701,7.9,51080.08,24,10078,123,18,32.7,96.15,3.12,Premium,Average,19,798900.06,9468427.56
652,42,Female,Lalitpur,121291,8.8,42438.54,59,5730,7,68,69.2,21.24,4.21,Silver,Average,13,515278.98,5503008.46
653,50,Male,Biratnagar,29967,2.5,36944.92,38,9836,120,62,4.9,7.8,3.3,Basic,Average,13,620387.04,1561830.65
654,55,Male,Lalitpur,232826,1.3,42166.89,58,10755,3,66,72.1,48.39,4.83,Silver,Excellent,8,510842.43,999326.88
655,23,Female,Lalitpur,63220,5.1,59696.78,24,5334,67,54,56.0,79.15,2.48,Silver,Good,3,769968.06,5324620.32
656,61,Female,Chitwan,225235,5.4,66076.06,40,2046,18,6,75.3,77.06,1.23,Gold,Excellent,19,798436.92,5760571.16
657,62,Male,Bhaktapur,156019,8.4,59936.97,29,2645,45,33,20.8,69.68,4.12,Gold,Excellent,14,737097.39,9969143.57
658,49,Male,Bhaktapur,190491,4.7,29515.41,20,2663,97,90,55.9,82.07,3.82,Premium,Average,6,392931.57,3309452.9
659,62,Male,Kathmandu,76131,5.9,58134.24,50,3512,92,46,64.9,17.5,3.11,Premium,Average,19,746076.48,6579620.73
660,64,Male,Chitwan,239786,5.5,52531.83,49,14282,144,57,56.5,65.19,2.31,Silver,Average,18,938873.16,5428861.98
661,38,Female,Kathmandu,48876,0.9,19112.57,31,14250,79,6,17.6,60.57,1.75,Silver,Average,5,398213.34,405024.88
662,33,Male,Chitwan,239516,6.3,44784.67,22,4944,59,88,22.8,15.34,2.93,Basic,Poor,18,581170.44,3097868.74
663,38,Male,Kathmandu,121448,8.4,20128.03,25,13019,146,77,45.8,41.44,3.66,Gold,Average,6,526652.46,6620701.75
664,28,Male,Pokhara,171043,2.0,49163.95,22,14784,83,35,36.3,85.25,3.32,Basic,Excellent,0,774028.2,2059236.4
665,54,Male,Butwal,213611,6.1,63248.76,27,11874,109,62,59.1,97.18,2.75,Silver,Good,6,953125.02,7768929.36
666,53,Male,Lalitpur,249192,6.1,31973.47,52,3923,55,88,30.9,66.54,3.16,Basic,Average,2,416046.39,2851596.38
667,52,Female,Lalitpur,69228,2.1,19021.15,58,12693,135,81,68.9,92.19,1.43,Basic,Good,5,485287.05,1134983.63
668,36,Female,Dharan,94495,1.7,35086.95,51,7679,91,63,35.1,13.2,3.78,Basic,Average,5,525861.75,1013861.71
669,37,Female,Biratnagar,48261,9.8,23929.16,52,4059,83,70,4.2,97.51,3.94,Basic,Good,10,337684.47,3854830.93
670,35,Male,Butwal,126601,4.2,14240.88,37,10248,126,64,2.4,3.35,1.05,Basic,Poor,1,364577.76,1419945.3
671,64,Female,Bhaktapur,81260,2.7,36031.28,27,3186,81,45,52.1,52.73,2.08,Basic,Excellent,5,471085.26,1545048.38
672,58,Female,Biratnagar,232443,2.1,70389.6,34,2832,139,29,43.7,29.1,1.37,Silver,Average,17,903722.4,1908287.55
673,31,Female,Pokhara,235865,6.8,65412.32,37,6566,5,71,43.9,81.39,4.99,Silver,Excellent,13,789872.34,7714367.01
674,32,Male,Dharan,154418,6.3,52999.28,5,2156,66,14,63.4,21.75,3.37,Silver,Good,11,657335.76,5349224.29
675,48,Male,Biratnagar,247415,6.6,49477.87,10,7279,111,44,30.7,1.15,2.86,Silver,Good,8,714929.79,6187534.48
676,18,Male,Dharan,247026,1.3,40804.99,9,6538,12,31,79.6,41.46,2.85,Gold,Excellent,12,501428.28,1027306.32
677,20,Male,Lalitpur,76176,9.0,19619.88,3,9236,106,27,75.7,6.41,4.86,Silver,Average,19,382290.96,3977260.36
678,33,Male,Bhaktapur,72300,4.2,41395.14,30,9083,75,82,2.0,29.01,3.64,Basic,Average,0,598925.43,2969121.67
679,40,Male,Pokhara,162412,3.5,67687.23,24,5789,138,64,71.8,64.37,1.67,Basic,Average,7,932079.06,3295850.0
680,28,Male,Lalitpur,53012,4.9,20494.26,7,6720,28,74,54.8,29.47,2.79,Basic,Excellent,8,274155.12,1601362.58
681,29,Female,Butwal,186465,4.2,13673.22,56,10680,7,58,40.7,24.58,4.1,Premium,Poor,16,175292.64,1089753.09
682,27,Male,Kathmandu,122153,8.7,40346.48,44,12777,142,65,47.0,15.55,2.69,Basic,Average,12,756307.86,6567665.08
683,49,Male,Chitwan,226205,9.3,78809.76,37,796,77,81,67.5,13.52,2.24,Gold,Good,3,954910.92,13953123.3
684,33,Female,Pokhara,176629,3.4,37808.43,47,6973,61,50,76.1,52.59,4.96,Basic,Good,5,517504.11,2232042.21
685,25,Female,Bhaktapur,215276,8.7,69588.81,22,1586,51,53,45.3,68.15,4.74,Silver,Average,12,847198.62,9189420.54
686,55,Female,Dharan,93273,7.9,32439.65,23,13057,136,64,15.3,45.27,4.77,Gold,Good,16,655638.6,7882692.31
687,29,Female,Biratnagar,132328,9.3,29875.49,10,6859,129,83,51.5,12.36,1.53,Basic,Average,18,491227.53,4004378.33
688,41,Female,Butwal,130304,2.8,31512.78,35,11953,11,14,7.0,64.78,1.94,Silver,Average,7,397875.81,1314245.22
689,45,Female,Biratnagar,126637,6.0,33004.45,58,5694,107,94,51.2,55.71,2.77,Premium,Good,16,487442.1,4839657.73
690,25,Male,Pokhara,168348,3.1,77166.17,27,6305,48,89,64.9,38.13,4.33,Basic,Good,16,971390.04,3316156.45
691,45,Male,Butwal,74639,8.3,57670.57,2,13297,138,46,28.9,33.0,3.95,Silver,Excellent,14,967294.74,10932992.07
692,53,Male,Bhaktapur,141939,0.6,74727.82,37,7222,143,47,6.6,18.32,4.4,Silver,Good,0,1051645.74,950085.08
693,43,Male,Pokhara,27310,5.9,28061.93,45,9808,103,78,55.7,14.63,4.68,Premium,Poor,1,488276.76,5071276.6
694,25,Male,Bhaktapur,186239,3.7,61879.54,6,9768,47,90,27.8,33.88,4.12,Gold,Good,19,811418.88,4270153.51
695,45,Female,Biratnagar,122944,3.6,66397.87,42,995,112,42,20.7,4.16,2.05,Basic,Excellent,9,813490.44,3374541.87
696,45,Female,Lalitpur,235952,6.6,64660.59,23,3495,6,47,55.4,43.66,2.14,Premium,Average,15,779072.58,7739960.22
697,54,Female,Butwal,161463,8.6,25791.15,5,593,11,2,77.6,60.16,2.41,Basic,Good,3,310472.25,3143588.61
698,58,Male,Kathmandu,142013,6.3,37475.47,49,13412,17,74,59.9,94.17,2.21,Basic,Good,7,483906.24,3409367.2
699,53,Female,Lalitpur,201693,8.6,23934.54,3,4824,143,69,39.8,62.58,2.0,Silver,Average,15,390689.28,3610890.14
700,44,Female,Kathmandu,161964,3.0,64452.07,17,6893,16,93,48.4,62.41,4.01,Gold,Good,6,789968.04,3895430.43
701,34,Male,Biratnagar,96733,5.4,37806.31,17,6010,56,13,12.2,37.44,1.14,Gold,Good,4,504159.72,4036226.86
702,26,Female,Dharan,229658,4.8,44441.78,54,1220,66,89,65.2,13.33,3.91,Silver,Good,7,545379.36,3601985.11
703,50,Male,Butwal,187214,0.6,52326.84,57,5575,83,74,48.7,44.69,4.29,Silver,Average,2,697330.83,555195.63
704,37,Male,Lalitpur,196751,5.8,46888.3,57,6825,75,36,77.3,59.87,1.26,Premium,Excellent,2,639440.85,7088827.22
705,30,Female,Lalitpur,192687,6.8,60919.48,23,13054,127,34,78.4,72.4,1.25,Gold,Average,17,979712.46,7934960.1
706,45,Male,Pokhara,198625,6.1,39936.15,44,5599,131,59,29.0,82.61,2.14,Gold,Good,3,589254.15,5643834.79
707,46,Male,Chitwan,129264,7.5,44276.44,2,13068,18,36,79.1,25.59,1.83,Basic,Good,3,566600.88,4860184.24
708,30,Female,Biratnagar,99071,5.9,22622.07,16,4526,89,47,76.6,24.12,3.32,Gold,Average,14,331886.94,2654737.54
709,63,Female,Bhaktapur,192074,1.1,53939.28,25,12747,94,85,51.5,56.53,3.7,Gold,Excellent,14,827004.06,1431499.75
710,52,Male,Biratnagar,142611,1.6,51116.57,5,5557,17,67,27.3,56.6,3.54,Premium,Good,3,627569.19,1984854.75
711,23,Male,Bhaktapur,90658,6.2,49524.1,19,7310,114,45,60.5,21.79,2.43,Basic,Good,1,719290.2,5349593.74
712,35,Male,Butwal,29852,3.1,59855.9,18,1606,107,27,22.4,58.75,2.99,Gold,Good,2,744047.1,3795633.27
713,22,Female,Bhaktapur,25387,1.3,15627.37,8,5805,99,43,50.8,34.59,3.56,Premium,Excellent,9,273732.69,666035.55
714,64,Male,Dharan,147571,4.6,33797.24,51,12624,13,78,2.9,63.93,1.48,Silver,Excellent,0,430183.68,2817109.87
715,42,Male,Kathmandu,117295,5.8,44730.19,46,12414,63,31,50.7,29.1,1.92,Gold,Good,17,654074.58,5041005.69
716,19,Female,Bhaktapur,150381,3.6,28503.05,53,8234,14,33,76.2,59.23,4.56,Premium,Good,4,359328.0,2644264.29
717,27,Female,Bhaktapur,59994,7.3,36376.26,53,7174,18,37,19.6,76.83,2.37,Silver,Average,8,455884.92,3936399.37
718,47,Male,Pokhara,136912,6.6,43371.3,11,10063,133,20,62.5,98.02,4.2,Gold,Good,19,721212.45,6828301.8
719,62,Male,Lalitpur,184797,3.7,27268.31,2,9114,14,23,24.2,91.11,2.0,Basic,Poor,5,346359.12,1219339.4
720,22,Female,Biratnagar,223754,7.7,31007.13,3,2505,25,66,56.9,50.35,1.17,Silver,Excellent,18,381479.31,3393576.67
721,50,Male,Biratnagar,151632,6.7,19870.56,50,13241,44,58,56.3,48.83,3.0,Basic,Excellent,8,325837.32,2662991.04
722,18,Male,Butwal,144210,6.6,49504.21,23,13294,121,12,15.6,43.77,4.57,Basic,Good,17,835336.62,6071328.34
723,35,Female,Butwal,76565,5.8,39391.93,33,5761,39,27,48.2,2.78,4.28,Gold,Good,14,506405.01,4479833.19
724,49,Male,Dharan,21312,0.6,6627.89,30,13103,140,49,68.9,16.6,2.01,Basic,Excellent,14,354697.68,222240.09
725,64,Female,Bhaktapur,169277,7.1,50375.7,36,14487,104,20,31.2,5.92,4.64,Premium,Excellent,13,830505.6,11641593.52
726,28,Male,Chitwan,145882,4.1,30843.57,18,1263,62,84,57.1,69.64,2.92,Silver,Good,2,381868.74,2177077.45
727,38,Male,Biratnagar,162667,9.5,55019.77,13,14043,53,13,54.3,41.32,1.2,Silver,Excellent,7,771879.09,9551150.65
728,43,Male,Butwal,107566,8.3,36180.5,25,12060,53,68,21.3,6.38,1.11,Basic,Poor,18,530043.0,3407174.83
729,42,Male,Bhaktapur,41329,6.1,34990.81,31,9589,118,57,73.6,69.06,2.94,Basic,Poor,10,589615.02,3356631.26
730,39,Male,Butwal,88187,2.9,23944.4,45,9644,65,19,45.5,64.44,3.19,Basic,Average,3,381361.8,1274090.57
731,44,Male,Dharan,95542,2.4,32956.24,31,11614,131,6,29.1,72.0,1.32,Basic,Poor,14,623689.98,1255553.0
732,30,Female,Kathmandu,128237,3.7,22855.07,21,6191,43,25,14.0,59.98,4.69,Gold,Good,9,314192.79,1917607.6
733,50,Female,Kathmandu,134476,5.0,39235.57,43,7559,50,79,38.4,16.15,3.87,Gold,Excellent,19,527519.34,3972592.46
734,51,Female,Butwal,55645,3.3,29559.97,8,14857,137,39,58.7,6.14,4.21,Gold,Good,10,660030.99,3473160.83
735,58,Female,Kathmandu,107502,5.4,62561.9,43,4979,36,68,50.3,81.71,3.34,Gold,Good,8,777629.4,6571390.61
736,52,Male,Butwal,244454,2.1,72667.48,51,11889,23,71,58.4,21.58,3.65,Silver,Good,16,913026.81,2359680.13
737,18,Female,Bhaktapur,107310,9.8,41451.17,55,4698,74,77,63.5,54.25,2.55,Silver,Good,8,549561.84,6923943.69
738,38,Male,Pokhara,89619,1.5,40318.71,39,9591,50,53,35.8,48.52,3.72,Basic,Average,8,555757.02,937525.6
739,23,Female,Chitwan,53513,9.4,37469.38,8,4523,55,76,42.1,92.11,4.91,Gold,Good,8,486947.31,7644129.91
740,45,Female,Bhaktapur,28749,9.2,7409.01,50,4705,125,40,78.9,55.24,3.59,Basic,Good,1,177126.87,2057219.02
741,34,Female,Pokhara,181855,5.5,31228.66,31,4141,12,60,77.5,58.0,2.37,Silver,Good,12,382197.72,2552902.66
742,22,Female,Pokhara,80645,7.4,17114.37,13,4043,83,27,33.8,31.95,2.14,Basic,Good,0,255707.79,2250673.69
743,48,Female,Biratnagar,233933,4.6,48449.82,50,6091,32,66,55.1,95.87,4.85,Silver,Excellent,5,610634.64,4370084.28
744,22,Male,Bhaktapur,73175,6.5,60221.89,32,12333,86,81,22.1,61.24,1.74,Basic,Average,5,881758.38,5913171.87
745,55,Male,Bhaktapur,235288,3.7,67381.35,19,13457,19,49,13.1,0.5,4.22,Basic,Good,15,846928.65,3493222.1
746,20,Female,Butwal,213781,3.4,75348.48,47,7743,51,54,61.7,55.61,2.86,Silver,Excellent,11,963415.71,4413807.06
747,40,Male,Pokhara,168395,6.0,54739.89,44,11782,64,10,35.5,36.39,2.78,Basic,Excellent,14,769985.88,5213228.03
748,54,Female,Pokhara,70762,5.2,16102.31,3,13171,130,6,15.0,3.21,3.99,Basic,Poor,6,450062.22,2374668.28
749,54,Female,Pokhara,239292,6.0,55165.79,54,6616,128,73,60.9,43.15,1.59,Silver,Good,1,789016.68,6294952.65
750,27,Male,Butwal,84222,3.2,71297.51,34,6833,139,62,73.3,77.36,2.87,Silver,Average,11,998038.17,3735632.31
751,27,Female,Biratnagar,185565,4.0,82202.42,12,1261,64,22,74.7,50.38,1.14,Gold,Average,19,998534.64,4623384.54
752,36,Female,Bhaktapur,209400,1.3,59427.8,35,2907,1,98,48.1,63.95,3.68,Silver,Good,1,713569.65,1344589.86
753,34,Female,Pokhara,32213,1.0,46138.1,17,1385,89,64,38.9,63.97,1.23,Gold,Good,3,572146.95,875491.99
754,38,Female,Kathmandu,117367,2.9,53733.2,55,6722,26,21,12.2,67.1,1.35,Basic,Good,2,671014.2,2185181.03
755,31,Female,Bhaktapur,198002,1.2,65089.5,36,3143,139,59,63.6,38.76,4.38,Silver,Poor,1,846605.55,1285839.75
756,26,Female,Butwal,178785,1.5,67053.19,53,11935,87,46,75.7,37.0,2.77,Silver,Excellent,17,960390.03,1805732.35
757,63,Female,Biratnagar,127157,8.2,59031.36,34,9927,2,23,71.3,0.46,1.8,Basic,Good,2,711354.42,6752155.32
758,18,Male,Kathmandu,223795,0.9,90227.89,22,11625,93,78,60.4,15.42,3.37,Basic,Good,9,1244903.43,1276774.48
759,62,Male,Butwal,249408,6.8,41677.84,21,5610,119,76,1.4,95.08,3.08,Gold,Good,11,600272.58,6108924.56
760,30,Female,Lalitpur,52583,3.1,13654.35,9,1968,132,83,33.2,84.24,2.64,Gold,Excellent,3,202818.6,1067938.43
761,21,Male,Bhaktapur,148792,8.8,31412.44,52,6792,80,64,33.4,27.51,4.62,Basic,Excellent,19,458453.28,4613189.7
762,18,Female,Lalitpur,99944,5.1,41882.07,27,8701,111,31,71.7,40.12,4.0,Basic,Good,6,647456.49,4052253.31
763,57,Female,Butwal,42369,3.4,61746.79,34,6161,126,64,6.2,93.99,1.61,Gold,Good,19,857404.38,3709219.92
764,49,Male,Butwal,199000,5.4,31866.74,27,9483,5,98,43.0,25.04,3.28,Basic,Good,18,389513.13,2154369.35
765,51,Female,Butwal,220022,4.1,46191.45,38,6563,143,45,11.8,53.25,1.35,Premium,Average,7,695073.75,4548523.67
766,45,Female,Pokhara,135844,5.9,37587.2,31,13866,26,68,53.3,2.21,1.98,Premium,Average,2,505123.8,5147122.7
767,48,Male,Biratnagar,39510,1.6,26168.46,32,7515,6,59,63.6,61.97,4.64,Premium,Good,14,320785.02,936838.48
768,25,Male,Pokhara,32120,10.0,16839.93,34,10354,123,66,51.7,93.01,2.85,Basic,Good,7,393110.46,4483260.93
769,56,Male,Biratnagar,119847,4.5,19856.91,12,6823,44,37,63.8,88.47,4.57,Basic,Poor,17,283314.72,1195687.62
770,43,Male,Chitwan,118575,3.8,23944.47,54,9435,58,7,49.0,50.2,1.66,Premium,Good,13,369418.14,2314752.87
771,51,Female,Pokhara,149269,7.2,58591.95,42,2928,81,38,16.0,64.96,1.82,Basic,Good,18,738678.6,5147821.65
772,20,Male,Lalitpur,25295,4.0,36272.56,6,12185,46,94,31.2,56.98,2.41,Basic,Good,3,519347.22,2446324.8
773,29,Female,Biratnagar,40460,8.4,12325.02,3,13238,102,76,76.6,6.7,2.47,Basic,Excellent,2,350441.64,3730346.25
774,18,Male,Pokhara,34963,4.8,25887.1,14,9808,48,56,23.8,15.87,3.98,Basic,Poor,8,381262.8,1810388.96
775,61,Male,Bhaktapur,97116,7.3,43573.79,19,11133,114,78,6.0,96.38,3.4,Gold,Good,9,713259.78,8100832.12
776,22,Female,Butwal,238894,1.5,93498.48,27,7608,20,76,31.4,25.6,3.21,Premium,Good,7,1144805.76,3196791.04
777,47,Female,Biratnagar,47328,8.5,29148.92,26,1854,115,60,29.9,38.44,3.41,Gold,Average,19,381768.54,4161821.02
778,47,Male,Biratnagar,104629,7.5,20704.37,45,6327,76,39,38.2,50.89,3.93,Gold,Good,1,320580.24,4155712.92
779,34,Male,Pokhara,144034,2.5,29635.7,15,2980,121,26,45.3,97.91,4.57,Basic,Good,0,409715.4,1358828.57
780,64,Male,Chitwan,41605,1.9,17632.25,6,11693,109,80,79.4,69.0,2.66,Silver,Good,3,402767.55,1031769.8
781,40,Male,Pokhara,130901,3.5,37994.8,57,1686,68,78,60.7,62.96,4.21,Basic,Good,15,473134.8,1822256.22
782,32,Female,Dharan,195885,9.8,76155.07,43,7409,132,34,3.8,52.44,2.98,Basic,Excellent,4,1060559.04,13191503.17
783,54,Male,Lalitpur,197443,2.9,53875.87,53,4587,149,14,57.3,70.07,3.89,Basic,Excellent,17,749029.89,2470143.4
784,38,Male,Lalitpur,128241,4.8,33923.41,3,13695,66,39,66.1,66.4,4.5,Silver,Excellent,13,542661.42,3673478.84
785,31,Male,Biratnagar,67598,0.8,33401.9,5,6728,144,59,71.8,90.28,1.13,Basic,Excellent,12,546147.6,470149.8
786,19,Female,Biratnagar,211848,4.3,52788.5,13,3331,135,89,34.5,54.18,3.19,Premium,Poor,15,700914.75,4282102.52
787,28,Female,Pokhara,92258,5.9,24579.28,12,4161,83,21,25.8,42.15,4.96,Premium,Good,14,346755.81,3792508.71
788,56,Male,Lalitpur,60969,9.6,31118.52,5,2248,9,18,67.3,80.72,2.98,Basic,Excellent,18,376457.04,3925506.34
789,55,Female,Lalitpur,187984,5.4,26366.81,44,11555,17,25,62.4,79.98,4.46,Silver,Good,3,345866.97,2750610.5
790,51,Male,Chitwan,189446,8.3,24273.86,10,8434,113,27,43.3,16.98,1.74,Gold,Good,18,434242.62,4680337.56
791,55,Male,Bhaktapur,223374,5.7,78811.11,11,9806,140,41,10.3,23.68,3.42,Premium,Excellent,12,1151659.32,12457839.66
792,51,Female,Chitwan,82784,0.9,17210.7,28,14295,120,33,52.5,95.86,4.48,Premium,Average,10,463838.4,736189.15
793,35,Female,Dharan,200954,3.5,37532.7,7,8052,11,94,6.2,44.41,2.73,Basic,Good,17,463678.2,1656800.51
794,47,Female,Kathmandu,167000,6.0,60423.2,16,3764,141,79,8.9,51.97,2.95,Basic,Good,10,804687.0,5399329.4
795,32,Female,Butwal,41274,9.5,11826.38,43,5872,26,38,27.2,31.02,1.33,Basic,Good,0,164817.36,1809811.61
796,44,Male,Chitwan,149994,8.7,62085.01,32,14601,63,87,30.3,48.11,1.17,Silver,Good,14,882999.57,8699394.96
797,51,Female,Dharan,54416,2.7,39919.2,23,6274,22,99,37.5,74.34,2.87,Silver,Excellent,9,499734.6,1833133.27
798,55,Male,Pokhara,237220,2.6,53128.0,54,5863,134,92,27.8,48.23,4.37,Gold,Average,3,755382.3,3173446.26
799,50,Female,Bhaktapur,212070,2.4,29518.34,7,8391,148,93,3.7,31.48,4.73,Basic,Good,5,540500.28,1656500.47
800,41,Male,Pokhara,120434,9.3,19981.24,34,7350,10,87,13.4,9.6,3.63,Gold,Good,1,250799.88,3986725.22
801,32,Female,Butwal,180119,8.6,28979.9,30,11782,83,61,10.1,92.83,4.31,Basic,Good,16,494444.7,4686864.88
802,47,Male,Dharan,194428,7.9,47128.17,22,1563,26,58,35.1,87.17,3.94,Silver,Good,11,571633.74,5952676.64
803,59,Male,Kathmandu,188206,4.2,66443.36,55,14421,71,59,17.8,79.14,3.81,Silver,Excellent,4,950903.97,6047239.28
804,34,Female,Bhaktapur,218114,5.3,65279.0,57,7159,37,68,24.2,69.41,4.08,Basic,Good,18,823080.45,4668020.58
805,22,Male,Biratnagar,71310,4.9,24789.8,53,13844,136,23,38.3,51.55,3.02,Gold,Average,5,579895.2,4168903.83
806,46,Male,Lalitpur,100758,2.9,42469.31,31,4248,133,59,19.6,89.74,2.83,Silver,Good,16,594379.32,2066049.51
807,21,Male,Chitwan,163435,5.3,50639.84,22,5045,126,86,20.4,79.17,1.64,Premium,Average,18,703028.58,5312603.19
808,27,Male,Dharan,236221,0.8,51451.92,37,3232,115,81,66.8,81.6,4.38,Premium,Average,19,673175.04,873354.37
809,34,Male,Pokhara,195635,1.8,27536.28,56,2372,92,74,44.3,30.96,1.18,Gold,Average,2,363168.96,923845.18
810,27,Male,Kathmandu,50628,8.9,18065.56,59,5220,117,78,68.7,42.35,2.07,Silver,Good,7,308397.72,3497299.46
811,34,Female,Lalitpur,89672,7.6,60655.37,23,2469,49,75,41.6,70.68,3.08,Silver,Average,4,746011.59,7237491.57
812,37,Male,Chitwan,66246,4.5,36194.33,47,9576,36,50,72.8,37.11,4.89,Basic,Average,4,486042.36,2619288.34
813,41,Female,Lalitpur,162233,5.4,85087.21,21,12655,26,86,21.1,49.4,4.14,Silver,Excellent,16,1070401.02,7755840.58
814,22,Female,Chitwan,109110,4.0,40340.23,23,12370,45,50,49.7,64.65,2.47,Premium,Good,18,567580.26,3606344.97
815,51,Male,Dharan,243510,7.5,21647.73,53,818,61,43,40.8,43.78,3.86,Basic,Good,18,267257.46,2093525.83
816,23,Female,Biratnagar,22810,7.9,6454.63,41,12508,132,41,73.6,79.3,4.73,Gold,Excellent,9,325113.96,4499585.77
817,19,Male,Bhaktapur,210932,7.8,48817.04,12,4217,76,72,34.1,11.63,3.16,Gold,Good,2,633878.28,8175874.86
818,30,Female,Dharan,228271,7.4,64981.12,48,11887,58,47,68.5,71.81,2.85,Premium,Good,12,883190.34,11339814.49
819,60,Male,Lalitpur,91688,2.4,46155.28,32,5991,105,23,45.5,14.52,3.21,Basic,Average,15,648221.61,1517929.76
820,60,Male,Lalitpur,85548,3.7,34778.64,52,1874,26,83,57.0,93.78,2.25,Silver,Good,11,424652.28,1929454.09
821,28,Female,Lalitpur,213435,5.0,64641.11,41,5942,95,22,71.1,31.4,4.63,Basic,Good,16,860366.82,4787736.96
822,64,Female,Bhaktapur,31162,3.6,19245.74,14,9179,79,52,79.8,79.54,4.19,Gold,Average,1,339720.03,1993142.27
823,40,Female,Kathmandu,107858,7.7,61799.89,19,950,128,15,58.8,52.14,3.82,Basic,Good,15,759838.68,6404979.29
824,33,Male,Chitwan,93535,3.6,39360.09,23,9044,137,75,25.8,9.11,3.36,Basic,Good,10,658175.28,2706763.93
825,48,Female,Dharan,158291,1.8,45784.09,57,13927,78,98,24.6,58.26,4.88,Basic,Good,0,712354.98,1707251.13
826,28,Male,Dharan,90864,4.3,37385.63,18,7680,36,10,25.4,91.22,2.19,Silver,Good,11,490099.56,2563657.76
827,33,Male,Biratnagar,154693,9.8,50556.4,39,2440,132,19,8.7,15.72,2.13,Silver,Average,5,654988.8,7785838.68
828,25,Male,Lalitpur,138371,2.6,36831.0,26,2867,59,14,5.2,32.13,1.97,Silver,Good,18,467344.95,1347390.01
829,21,Female,Butwal,109792,6.3,27125.79,33,11928,124,18,46.9,43.92,3.97,Premium,Good,4,547370.28,6857494.7
830,57,Male,Dharan,195505,4.6,30608.74,16,8387,88,88,65.0,27.51,4.19,Basic,Average,2,478013.28,2594878.36
831,21,Male,Bhaktapur,227922,1.2,77049.91,14,14920,81,26,3.9,94.38,3.39,Gold,Good,17,1105876.92,1865792.46
832,42,Female,Kathmandu,86188,5.1,13757.25,59,747,141,55,45.8,37.75,3.61,Gold,Excellent,17,180886.05,1412224.59
833,20,Male,Dharan,206023,7.2,51852.02,27,4003,148,17,30.4,65.81,2.4,Basic,Average,11,711090.84,5101539.49
834,49,Male,Chitwan,101718,5.4,50871.54,51,9259,17,25,71.5,22.39,1.16,Gold,Excellent,17,634068.93,4687648.61
835,20,Male,Bhaktapur,56558,8.8,57388.87,12,9375,51,96,12.5,21.97,2.01,Basic,Average,9,760385.19,6674370.51
836,44,Female,Biratnagar,148938,3.2,9924.2,14,9335,55,76,45.5,17.58,3.34,Gold,Excellent,3,196104.15,1102569.51
837,46,Male,Biratnagar,166731,1.3,57168.29,34,978,149,24,77.7,43.48,4.25,Gold,Poor,19,707877.78,1090438.68
838,49,Male,Chitwan,54413,9.4,59815.72,51,3260,81,42,28.3,53.29,4.11,Gold,Poor,18,757397.64,8547161.68
839,36,Female,Lalitpur,30435,4.1,33522.7,38,13155,110,87,59.6,1.07,1.72,Basic,Average,3,619329.9,2672258.31
840,38,Female,Biratnagar,204983,6.0,47941.02,39,8468,140,34,70.7,83.29,1.21,Silver,Excellent,10,753120.24,5713449.46
841,22,Male,Kathmandu,48067,8.0,57230.68,2,6440,143,43,15.7,51.28,4.4,Gold,Good,2,824906.16,11500929.5
842,35,Female,Bhaktapur,107794,3.6,23457.59,40,4952,86,49,79.4,15.72,1.3,Silver,Good,14,345371.88,1411730.32
843,45,Female,Dharan,113823,7.3,38220.61,28,1868,2,19,64.9,6.73,2.57,Gold,Excellent,15,459207.72,5018238.86
844,59,Female,Kathmandu,89224,1.8,40085.04,37,2726,132,64,11.9,6.32,1.38,Gold,Poor,11,534995.28,1094882.87
845,39,Male,Lalitpur,224297,3.3,72078.37,33,12188,45,79,25.6,25.76,3.26,Basic,Good,17,947209.44,3242390.72
846,38,Female,Kathmandu,21379,1.9,47942.37,42,4112,13,93,50.4,49.93,2.45,Basic,Good,5,583326.84,1304295.74
847,23,Female,Kathmandu,122547,8.2,37618.42,16,6062,55,12,70.9,86.02,1.81,Silver,Good,14,501432.54,4814934.37
848,18,Male,Pokhara,128541,2.6,56759.84,32,12699,22,25,16.4,90.3,3.38,Gold,Poor,1,723024.78,2616435.83
849,22,Male,Kathmandu,178696,7.3,73212.38,7,10534,89,62,58.8,83.23,2.45,Basic,Good,11,1019177.46,8059506.33
850,58,Male,Chitwan,242572,9.5,54832.61,26,12069,55,65,22.4,32.86,1.67,Basic,Good,9,757560.57,7672322.94
851,29,Male,Bhaktapur,239499,5.5,96913.55,50,11106,145,37,64.6,30.66,3.8,Basic,Poor,3,1404518.1,8014486.44
852,43,Female,Pokhara,134634,5.6,45808.07,53,1559,136,84,55.0,98.75,4.35,Silver,Average,7,581500.44,4240296.75
853,63,Male,Bhaktapur,148701,4.9,58714.43,19,2144,97,78,42.3,68.13,2.09,Silver,Average,14,735768.36,3931770.85
854,51,Male,Bhaktapur,77745,3.6,20814.56,23,13615,138,98,52.3,30.5,1.75,Silver,Good,18,531605.22,2119622.23
855,31,Female,Lalitpur,202877,5.0,72032.96,32,5765,19,54,70.2,32.91,1.3,Basic,Average,15,880825.77,3980612.71
856,43,Male,Lalitpur,123915,6.2,21063.92,37,2311,128,84,31.5,43.46,3.11,Silver,Good,12,297138.24,2308953.16
857,62,Female,Pokhara,163588,9.9,23746.66,10,14712,142,48,61.8,62.18,4.33,Gold,Good,14,598325.52,9015435.87
858,44,Male,Biratnagar,230494,9.4,31079.47,47,2693,67,53,13.6,89.8,2.0,Basic,Excellent,13,400018.29,4141484.9
859,26,Male,Butwal,236915,8.7,98724.03,4,11119,61,97,56.4,19.83,2.84,Basic,Excellent,14,1286427.21,12628567.79
860,43,Male,Lalitpur,149560,8.9,50494.79,34,667,63,80,60.3,8.44,1.64,Gold,Good,11,612240.63,7629094.25
861,64,Male,Butwal,175915,4.9,68781.1,28,7942,105,58,36.0,40.58,2.62,Gold,Good,10,950459.7,6919792.73
862,39,Male,Lalitpur,156984,6.7,39934.06,44,4682,104,76,63.7,24.55,1.06,Basic,Good,2,552247.92,4131513.36
863,64,Female,Lalitpur,172586,9.0,46918.76,2,8845,139,24,45.0,57.6,4.64,Premium,Excellent,13,747443.37,13274694.92
864,47,Female,Bhaktapur,238431,4.2,60116.61,45,3044,134,60,75.0,69.92,3.71,Basic,Excellent,1,782583.72,4437404.06
865,60,Male,Pokhara,208104,9.6,72509.88,58,4368,34,70,9.9,31.07,2.33,Basic,Good,17,892395.36,8560962.54
866,34,Female,Bhaktapur,179869,4.4,29405.34,10,9006,99,57,11.3,68.55,4.52,Silver,Good,2,486603.18,3213015.35
867,43,Female,Dharan,157521,6.2,26174.71,6,6450,64,87,67.6,34.31,1.73,Gold,Good,8,376016.52,3410832.92
868,53,Female,Chitwan,152797,7.2,56070.86,16,9414,87,43,67.5,63.5,1.31,Silver,Poor,10,795703.02,5719609.86
869,18,Male,Bhaktapur,101406,9.5,42026.83,51,14769,81,19,38.2,63.31,4.77,Silver,Excellent,2,683765.31,10445642.38
870,25,Male,Butwal,29304,2.8,57182.47,10,12323,66,72,77.2,27.82,2.24,Basic,Good,4,808187.34,2613751.84
871,52,Male,Butwal,224130,7.6,91413.75,46,14641,83,34,54.7,63.57,4.74,Silver,Good,8,1279245.45,13768393.06
872,32,Female,Chitwan,145555,5.4,56726.93,29,12037,92,4,78.6,38.1,3.55,Basic,Average,9,846833.76,4901087.34
873,64,Female,Kathmandu,164735,3.1,66738.74,14,14517,136,29,43.1,33.65,4.92,Silver,Poor,5,1097011.68,4167573.6
874,39,Male,Kathmandu,90320,7.9,63763.34,25,11503,38,2,16.9,28.93,4.01,Silver,Poor,5,830727.18,7745898.12
875,31,Male,Chitwan,226080,5.7,30678.53,46,2809,130,64,36.1,34.56,1.42,Gold,Average,10,422917.86,3129310.2
876,43,Female,Chitwan,114488,6.8,51395.22,11,7130,125,48,78.5,78.67,4.41,Silver,Good,16,750430.14,6531055.19
877,45,Female,Bhaktapur,95591,3.6,18135.31,43,11193,41,38,30.3,24.52,1.59,Silver,Average,1,286460.67,1254962.44
878,40,Female,Chitwan,115044,5.1,64074.57,23,12025,19,87,76.6,68.2,3.77,Silver,Excellent,8,803166.09,5898360.08
879,31,Female,Dharan,163748,6.4,73500.98,40,7186,105,49,64.0,90.06,3.0,Premium,Good,17,995191.26,10498250.34
880,41,Male,Pokhara,45192,4.3,12450.36,23,13916,130,20,35.9,35.04,3.83,Gold,Average,4,420766.32,2799363.65
881,19,Female,Kathmandu,175794,2.4,65498.77,38,2523,92,15,43.8,2.95,4.06,Gold,Good,5,820802.64,3274325.62
882,62,Female,Kathmandu,158518,9.6,76907.36,53,849,96,68,49.0,2.46,4.21,Silver,Poor,3,935113.92,10904362.47
883,43,Male,Dharan,139304,5.4,18352.7,40,9515,62,84,53.6,13.95,4.34,Silver,Excellent,8,308721.9,2439696.67
884,31,Female,Biratnagar,155797,7.5,33391.65,21,9129,16,98,7.1,11.0,4.39,Basic,Good,4,422609.4,3988793.54
885,24,Female,Dharan,236669,4.4,51780.18,11,14792,94,86,74.8,74.81,2.65,Gold,Average,3,829929.36,5395713.74
886,20,Male,Dharan,108207,3.9,51716.45,11,8860,142,66,48.2,29.49,4.56,Basic,Average,8,809315.4,3578455.31
887,64,Female,Chitwan,208704,4.4,41803.8,27,12511,116,27,74.6,65.25,3.88,Basic,Good,17,719337.0,3366580.07
888,40,Female,Lalitpur,218017,4.4,59106.0,26,8453,56,11,50.9,4.25,4.36,Gold,Good,10,780277.2,5477428.66
889,63,Female,Lalitpur,93741,5.7,49495.19,54,12106,65,78,35.1,29.57,4.96,Basic,Good,15,711975.78,4646568.36
890,60,Male,Dharan,36365,5.7,32165.8,57,3801,54,71,45.8,23.41,1.47,Premium,Good,1,416777.7,4346570.14
891,64,Male,Chitwan,85792,5.2,52801.75,29,4618,86,44,66.5,27.69,2.48,Gold,Good,15,693193.2,5025257.28
892,62,Female,Pokhara,215929,1.8,22759.86,14,11727,50,71,26.8,19.07,4.23,Silver,Good,18,361070.82,808655.39
893,35,Male,Lalitpur,166776,5.2,38678.16,16,7319,105,81,76.6,61.79,1.35,Basic,Good,9,579412.17,3182924.53
894,55,Female,Biratnagar,70575,2.1,60026.13,7,13068,22,73,37.8,66.27,3.16,Silver,Good,3,763437.96,2236674.77
895,52,Female,Butwal,180974,1.7,76315.9,53,12282,40,60,76.5,14.85,4.43,Silver,Average,11,989482.8,2071260.08
896,32,Male,Chitwan,139641,9.4,23525.9,13,3269,39,4,70.6,74.11,1.08,Basic,Good,8,301434.45,2958721.31
897,42,Male,Dharan,152267,6.2,71240.9,20,10992,105,6,61.6,25.0,4.76,Premium,Poor,12,1028014.8,9994741.77
898,54,Male,Pokhara,73517,6.8,34876.9,33,4999,68,86,37.9,28.29,4.91,Basic,Average,4,469512.6,3836762.35
899,45,Male,Pokhara,54012,4.3,22361.75,12,2680,7,96,47.4,82.88,2.29,Gold,Good,1,271155.0,1872254.56
900,27,Female,Bhaktapur,162487,9.1,44821.17,39,3845,85,79,67.2,90.12,4.07,Gold,Good,2,586877.79,9189831.54
901,56,Female,Pokhara,190606,6.6,48418.47,34,3165,132,84,44.0,82.48,1.51,Premium,Average,7,643688.64,6794275.13
902,34,Female,Lalitpur,41686,7.8,15102.67,3,8923,76,38,59.3,14.78,4.09,Silver,Average,5,282954.24,2912405.39
903,56,Female,Dharan,228270,4.0,74352.17,56,11284,91,85,63.5,99.93,2.93,Silver,Excellent,4,1046252.64,6082218.95
904,39,Male,Butwal,179815,9.6,48581.55,16,12866,84,53,41.5,67.22,4.44,Premium,Average,3,745090.2,13540638.35
905,43,Female,Lalitpur,52161,8.3,44295.69,37,9750,31,67,43.4,51.07,1.85,Gold,Average,19,576885.78,5680727.27
906,61,Female,Chitwan,212385,8.6,84937.8,6,3042,99,64,16.6,95.48,3.69,Gold,Average,15,1064427.3,12449968.91
907,42,Female,Butwal,22402,2.1,27703.72,16,9825,52,8,20.3,81.74,4.14,Gold,Good,7,409079.64,1410887.5
908,34,Female,Chitwan,83190,3.1,26477.53,44,5940,112,98,72.5,69.17,1.81,Silver,Good,11,417522.36,1566224.15
909,30,Male,Pokhara,203623,3.2,54006.56,11,12338,72,54,67.4,83.84,4.27,Basic,Average,4,781329.12,2914477.24
910,37,Female,Biratnagar,33275,3.1,18314.97,18,8648,21,7,1.8,38.55,4.83,Basic,Good,4,247020.84,956265.5
911,42,Male,Kathmandu,179254,8.6,25735.4,35,11067,16,8,69.7,68.44,3.46,Silver,Good,12,335385.6,3688117.02
912,21,Male,Butwal,34915,0.8,23289.24,53,7610,16,45,3.0,19.06,4.14,Silver,Good,10,297734.88,319852.8
913,27,Male,Dharan,20909,1.2,11641.02,25,4380,146,19,37.2,98.8,3.13,Silver,Excellent,10,235614.24,378245.88
914,20,Female,Bhaktapur,134110,3.1,29977.11,11,3237,56,55,6.3,58.9,3.39,Silver,Poor,18,386916.12,1199044.32
915,58,Female,Kathmandu,85908,2.4,74131.46,53,2931,82,30,77.5,81.42,1.05,Silver,Excellent,6,925628.82,2904332.63
916,62,Female,Pokhara,147337,2.7,26638.14,31,1887,78,84,77.8,40.73,3.1,Basic,Excellent,16,341735.58,1039339.23
917,35,Female,Pokhara,42620,8.1,53715.57,4,11995,37,26,49.3,75.86,3.3,Gold,Good,4,711159.09,9410373.66
918,64,Female,Dharan,54112,5.8,34717.53,52,14427,144,64,32.0,38.74,3.68,Premium,Excellent,5,728233.56,8748273.15
919,53,Female,Kathmandu,225123,0.6,65971.44,38,10129,60,69,41.4,59.0,1.68,Gold,Good,17,882818.28,697380.95
920,64,Male,Bhaktapur,22431,4.6,32265.21,4,3865,11,14,61.2,77.81,1.97,Basic,Excellent,17,393559.77,1878496.47
921,39,Male,Butwal,106590,4.4,59352.29,41,13334,126,33,18.6,11.65,4.02,Silver,Good,8,964240.08,5823128.09
922,51,Male,Butwal,82175,1.6,20745.54,6,10421,66,28,35.9,35.68,1.67,Gold,Average,17,352114.38,659934.89
923,64,Female,Kathmandu,137472,6.9,22075.51,29,2939,126,52,59.2,54.49,2.66,Silver,Good,18,320453.22,2533305.5
924,25,Female,Chitwan,52624,7.2,27427.73,45,11865,32,35,32.2,33.4,2.0,Silver,Average,16,386084.76,2958171.47
925,57,Male,Lalitpur,227193,7.3,52662.12,15,12599,147,29,3.5,30.92,3.18,Basic,Average,8,909753.39,7062393.82
926,61,Male,Biratnagar,81264,7.4,61463.49,40,1816,56,74,41.1,28.17,4.95,Basic,Good,0,752816.28,7539619.63
927,36,Female,Chitwan,133766,0.5,23664.53,12,5704,5,73,59.3,22.78,4.41,Basic,Excellent,19,288252.36,177561.98
928,59,Male,Butwal,183030,9.6,43750.38,9,5504,131,86,78.2,84.89,2.08,Basic,Good,17,633158.16,6016003.98
929,58,Female,Lalitpur,152767,8.2,24194.45,38,14012,90,31,3.9,92.37,2.47,Silver,Excellent,12,479495.4,5099103.51
930,54,Female,Biratnagar,120211,9.1,72205.33,9,1184,94,94,43.7,70.02,4.67,Silver,Average,7,883158.36,10573828.05
931,23,Male,Biratnagar,139502,0.6,74207.76,13,11280,72,10,36.5,3.0,4.59,Gold,Good,13,1012317.12,981452.7
932,43,Male,Biratnagar,201004,9.4,15241.7,16,6940,100,14,20.2,78.62,1.64,Basic,Good,2,287000.4,3081274.88
933,51,Female,Pokhara,64225,8.2,19601.59,20,14891,29,83,51.4,53.19,4.32,Silver,Poor,3,299994.93,3020880.05
934,62,Female,Dharan,152475,8.5,47730.88,49,12235,59,65,13.9,75.81,2.19,Gold,Average,10,681050.31,7795915.13
935,23,Female,Biratnagar,234418,1.4,55414.46,47,3587,25,39,23.4,43.73,3.18,Premium,Excellent,6,678424.77,1888978.32
936,54,Female,Bhaktapur,225463,7.5,37590.18,29,10367,97,23,62.8,4.13,1.02,Basic,Good,4,601922.01,4903258.22
937,50,Male,Kathmandu,189708,9.6,66621.49,8,2613,101,32,37.4,68.17,4.99,Basic,Good,1,839044.83,10737950.62
938,39,Male,Butwal,30839,6.9,21641.03,41,1457,117,43,79.5,44.41,4.04,Silver,Excellent,5,285262.71,2980982.72
939,38,Female,Bhaktapur,216618,5.9,80570.59,8,6278,23,63,31.5,87.4,1.97,Gold,Excellent,19,988506.18,8062238.95
940,23,Female,Kathmandu,198901,9.5,48584.34,31,8579,70,65,37.6,73.81,3.74,Premium,Good,4,673091.58,12582985.82
941,23,Male,Chitwan,160302,4.7,18018.27,19,12235,79,75,24.7,35.96,2.17,Silver,Excellent,14,361203.99,2109194.24
942,21,Female,Dharan,71977,6.2,19966.46,25,6528,79,10,19.7,72.41,1.36,Gold,Average,10,316954.32,2546229.01
943,47,Female,Chitwan,191304,5.0,78230.88,7,6200,98,96,73.9,49.52,2.7,Silver,Average,4,1029910.56,6461004.29
944,28,Male,Kathmandu,133050,9.4,28218.17,59,3594,14,45,60.2,19.94,3.45,Basic,Excellent,17,346165.44,3674807.4
945,47,Male,Bhaktapur,245864,1.2,56697.74,52,13489,29,64,27.3,41.99,1.36,Premium,Good,7,739050.03,1537505.22
946,48,Female,Kathmandu,45651,5.3,41938.08,5,3307,144,41,56.3,22.26,3.07,Basic,Good,10,574688.16,3417893.28
947,41,Male,Biratnagar,117919,7.0,52124.39,56,8082,87,89,77.3,0.5,3.06,Basic,Average,16,730962.78,4942979.3
948,26,Male,Pokhara,59963,8.0,26910.45,4,9512,10,42,6.8,24.68,3.51,Premium,Excellent,13,337193.4,5094782.96
949,20,Male,Butwal,206944,6.0,50980.19,50,1387,47,73,21.9,20.95,1.98,Basic,Poor,1,621540.63,3653427.81
950,48,Female,Chitwan,137776,9.1,73592.01,55,12420,4,51,16.8,0.43,1.08,Basic,Average,6,890556.12,8031553.25
951,57,Female,Butwal,99198,9.4,23669.75,52,6515,12,21,69.7,78.39,2.3,Basic,Average,17,295764.0,2590632.1
952,54,Female,Pokhara,164811,1.1,41493.48,48,5924,42,82,15.2,7.7,2.59,Silver,Good,0,535242.96,822293.15
953,53,Male,Biratnagar,150697,4.3,35287.29,59,4493,4,93,25.3,44.91,3.54,Basic,Good,14,426143.28,2016648.28
954,41,Female,Biratnagar,83294,0.7,16845.04,7,3584,84,71,44.0,41.79,4.72,Silver,Good,0,247298.88,247732.96
955,48,Female,Chitwan,199428,3.6,61550.95,27,1375,92,43,50.1,18.14,1.81,Gold,Poor,16,757586.4,3024688.33
956,23,Female,Chitwan,21789,5.6,18050.95,45,12953,92,34,64.8,96.69,3.75,Premium,Excellent,6,395362.8,4554473.18
957,19,Female,Biratnagar,170492,9.2,48166.53,52,5769,6,93,33.2,60.37,1.39,Silver,Excellent,15,583190.46,6449605.96
958,37,Male,Lalitpur,109297,8.5,47977.62,39,8008,142,64,43.2,81.35,1.76,Silver,Average,1,746301.84,7853796.48
959,45,Female,Butwal,188678,1.7,51372.78,12,4496,35,58,77.3,49.61,3.04,Silver,Excellent,14,640077.36,1407869.22
960,28,Male,Dharan,189712,1.4,29333.6,53,1056,65,66,24.5,72.28,3.83,Basic,Excellent,19,362299.2,577364.68
961,21,Female,Pokhara,138341,6.1,71887.8,30,5793,147,53,20.6,96.98,4.43,Basic,Average,10,990389.25,6616826.18
962,32,Male,Butwal,64135,5.6,60906.05,21,10906,57,89,57.1,34.84,3.98,Gold,Average,1,824118.9,7408624.64
963,23,Male,Pokhara,57067,3.0,51458.0,11,9400,13,7,61.9,50.43,1.06,Gold,Excellent,10,635826.0,2807244.69
964,47,Male,Lalitpur,209492,9.0,83976.72,27,1217,136,8,33.8,51.45,3.74,Silver,Poor,15,1032547.44,9705260.0
965,55,Female,Dharan,37357,9.3,32513.93,49,4165,18,10,17.8,99.2,4.3,Basic,Average,1,401412.66,4489662.77
966,19,Male,Bhaktapur,190923,4.3,78061.02,28,14391,87,62,62.5,23.31,3.1,Basic,Good,18,1124534.79,4933109.28
967,32,Female,Pokhara,58262,9.0,24599.83,51,10836,114,81,54.0,67.53,4.86,Silver,Good,15,480493.56,5674159.29
968,28,Male,Butwal,227925,4.1,49149.35,15,7047,26,35,70.2,13.82,1.02,Silver,Good,7,617275.5,3077830.64
969,25,Male,Kathmandu,78643,7.5,61630.86,37,5696,66,36,67.7,92.71,4.27,Silver,Good,19,795960.72,7294029.6
970,43,Female,Dharan,172606,5.0,37468.1,13,2519,26,21,17.2,59.04,2.34,Gold,Good,4,459441.3,3590051.52
971,62,Male,Biratnagar,111270,1.7,56172.11,53,14048,126,59,66.8,85.94,3.6,Premium,Average,7,939572.52,2802858.83
972,61,Male,Biratnagar,183944,9.3,16351.17,24,12471,57,88,14.8,89.52,3.77,Premium,Average,13,302841.09,4657657.98
973,22,Female,Lalitpur,158761,4.8,55522.52,22,8982,25,61,69.2,55.71,2.22,Gold,Good,13,699952.74,4730947.47
974,23,Male,Pokhara,89103,7.5,49008.55,9,2683,30,55,61.9,68.2,4.98,Silver,Excellent,17,600176.1,6144822.47
975,43,Male,Bhaktapur,106268,4.0,60703.4,40,4379,135,36,46.0,69.87,1.41,Basic,Excellent,4,817115.55,3854965.88
976,21,Male,Pokhara,106310,0.7,11745.73,59,3436,27,48,51.7,46.05,1.63,Silver,Good,9,154864.56,116925.26
977,36,Female,Biratnagar,239803,1.5,55666.28,10,11106,139,47,9.2,43.48,4.57,Silver,Average,14,899555.46,1636991.54
978,37,Female,Chitwan,57412,5.2,21773.93,25,7191,101,88,4.2,18.62,1.48,Premium,Excellent,12,370230.81,3334202.31
979,50,Female,Kathmandu,67734,7.1,51646.29,32,7545,136,5,27.1,38.39,2.53,Basic,Average,8,773673.48,5698093.64
980,37,Female,Dharan,107793,3.7,76822.35,26,10987,11,11,65.9,99.08,3.93,Gold,Average,8,939996.75,5186298.63
981,29,Male,Lalitpur,221002,7.1,21878.37,18,3313,126,76,37.8,26.99,4.17,Premium,Excellent,18,325156.14,4204686.08
982,64,Male,Chitwan,42228,7.1,18565.34,43,1737,30,41,18.6,76.24,4.82,Gold,Good,8,230600.58,2729518.46
983,18,Female,Butwal,140627,7.2,25426.25,30,10809,94,56,66.9,5.93,4.16,Gold,Good,4,457521.9,5562708.82
984,43,Male,Bhaktapur,97924,5.2,33869.86,4,5341,116,74,19.1,46.75,4.38,Basic,Excellent,5,499371.72,3456669.26
985,31,Male,Chitwan,31319,9.2,34945.09,22,3543,15,41,65.4,5.84,4.8,Basic,Excellent,9,427312.83,5121873.8
986,55,Male,Butwal,26475,5.1,33155.04,58,6972,35,77,36.8,47.58,3.21,Basic,Average,9,434463.48,2316789.52
987,54,Male,Chitwan,248163,4.8,44195.88,9,3587,39,82,37.6,2.76,2.37,Gold,Excellent,5,551334.51,4355522.95
988,28,Female,Bhaktapur,234766,2.4,66901.93,15,4058,24,97,22.5,61.33,4.05,Basic,Good,0,817431.96,2549421.54
989,53,Male,Dharan,165800,3.4,16009.54,59,5793,8,24,72.1,58.65,1.65,Basic,Average,19,199066.08,590952.31
990,30,Male,Chitwan,49545,0.9,52177.9,40,9390,43,16,8.0,79.78,1.27,Silver,Excellent,12,686700.3,759310.22
991,60,Male,Lalitpur,116636,6.5,15214.86,17,3353,84,93,12.4,58.33,4.14,Silver,Poor,7,224826.12,1680115.37
992,20,Female,Biratnagar,232758,2.9,61050.94,19,12500,47,6,51.2,92.6,4.8,Silver,Average,12,820736.28,2993271.67
993,50,Male,Pokhara,249822,3.4,30296.41,32,13311,26,41,68.2,78.31,2.77,Premium,Good,5,415469.82,2638575.6
994,23,Male,Chitwan,249484,7.8,64523.44,12,2345,133,19,8.5,13.27,1.64,Basic,Good,18,821064.03,6146366.55
995,27,Female,Lalitpur,212828,3.6,33950.91,39,6862,143,22,59.0,26.55,2.99,Silver,Poor,11,554600.82,2129670.75
996,22,Female,Pokhara,219847,2.8,61079.62,21,13811,101,80,59.7,2.62,2.57,Silver,Excellent,14,942192.09,3385419.34
997,40,Male,Dharan,189771,2.1,26903.88,54,12706,63,4,46.9,38.61,2.49,Basic,Good,7,442918.26,1070416.59
998,27,Male,Butwal,187893,7.9,71077.67,47,7156,93,47,39.5,50.95,3.51,Silver,Average,10,952758.24,9173094.1
999,61,Male,Pokhara,50615,1.7,69546.18,54,8066,55,91,26.4,94.59,1.7,Gold,Good,8,901098.66,2222896.21
1000,19,Male,Butwal,33746,4.8,9186.43,46,3682,72,80,28.8,52.23,2.52,Gold,Good,18,150002.76,991250.41
1001,30,Male,Chitwan,237529,5.3,100661.34,5,14798,60,54,54.3,78.1,4.47,Basic,Average,10,1341118.08,7836733.52
1002,57,Male,Lalitpur,173817,7.0,73787.47,21,963,29,21,6.2,26.8,3.92,Gold,Poor,5,889638.69,8616087.86
1003,19,Male,Biratnagar,21245,6.5,45502.1,32,4360,19,60,47.2,15.32,1.22,Premium,Good,14,558451.2,5695996.8
1004,37,Male,Chitwan,137408,8.2,69270.63,21,6260,73,22,23.0,81.08,3.06,Basic,Average,16,899794.56,7156101.84
1005,18,Female,Butwal,132143,0.9,16059.12,12,7760,138,91,37.9,24.74,1.37,Silver,Excellent,11,353341.44,404616.85
1006,54,Female,Bhaktapur,175925,3.3,63416.08,51,950,101,88,45.2,87.13,4.83,Silver,Average,1,775385.46,3604436.12
1007,26,Female,Pokhara,47632,3.2,57998.74,2,14207,138,52,71.0,16.98,1.98,Basic,Good,3,990069.78,3625135.26
1008,34,Male,Chitwan,32856,1.9,60836.63,45,2415,57,26,46.7,85.16,4.73,Silver,Good,2,750687.81,2144360.95
1009,26,Male,Butwal,207965,3.2,18068.18,19,9615,68,69,18.9,77.28,4.34,Basic,Good,1,314891.16,1311922.03
1010,28,Female,Dharan,221713,3.4,70140.27,40,4122,87,11,7.3,61.12,3.21,Premium,Poor,18,895475.34,4163269.59
1011,32,Male,Pokhara,88049,5.5,53519.43,45,7576,103,87,50.5,85.02,2.35,Silver,Average,4,759282.36,5140827.55
1012,41,Male,Dharan,78182,6.8,15025.4,34,815,72,68,44.1,33.07,4.43,Premium,Average,16,189106.8,2102862.4
1013,55,Female,Butwal,153873,4.1,76344.06,55,5266,129,84,54.1,16.6,1.61,Basic,Good,15,1018025.82,4129991.87
1014,52,Female,Lalitpur,248953,7.3,91492.86,37,5293,118,96,37.3,15.7,1.72,Basic,Average,15,1191600.42,8043719.43
1015,47,Female,Kathmandu,230503,3.7,77382.1,19,13780,140,10,66.2,27.04,1.9,Silver,Average,11,1217965.2,5038499.77
1016,48,Male,Dharan,190821,3.3,69169.5,48,1876,116,30,73.7,44.62,3.39,Premium,Poor,3,862676.4,4625787.76
1017,22,Male,Chitwan,224829,5.6,62108.11,32,3315,82,38,4.2,87.6,2.26,Silver,Excellent,16,786071.82,5454561.52
1018,61,Female,Biratnagar,75654,0.7,64936.69,36,1762,109,72,59.8,8.95,4.96,Gold,Excellent,18,808048.98,912373.43
1019,31,Male,Chitwan,222646,1.3,33335.87,40,9819,16,39,3.8,91.52,1.78,Silver,Good,1,423596.04,735555.3
1020,28,Female,Pokhara,248639,4.5,38538.54,39,13694,136,89,36.2,92.55,4.22,Basic,Good,4,741820.08,4174398.88
1021,26,Female,Lalitpur,75381,9.5,16734.24,16,3425,35,73,37.5,72.72,1.38,Silver,Average,0,218792.13,2526146.26
1022,51,Female,Butwal,78601,7.4,43351.11,48,9744,139,99,56.0,90.03,2.41,Silver,Good,13,723375.72,6481616.83
1023,29,Male,Bhaktapur,166154,1.3,52823.97,7,12876,44,60,28.8,77.0,1.98,Basic,Good,8,718869.24,1028165.1
1024,52,Male,Biratnagar,165720,8.5,58369.74,9,11114,139,58,65.9,52.83,4.91,Basic,Good,16,932163.78,8940587.79
1025,52,Female,Lalitpur,20364,7.5,59636.96,41,3968,139,91,28.1,60.08,1.1,Silver,Good,11,798376.32,6994884.53
1026,18,Female,Dharan,185640,6.3,30177.2,23,14374,85,61,28.1,62.82,3.89,Silver,Good,19,545394.9,4107521.5
1027,57,Female,Dharan,230718,8.3,64219.61,2,13151,82,29,18.6,12.69,1.99,Gold,Poor,11,932392.62,9202144.66
1028,39,Male,Chitwan,222566,4.3,37250.58,59,4521,102,29,55.0,19.31,4.24,Silver,Poor,14,516178.26,2363961.63
1029,46,Male,Bhaktapur,225704,2.6,66559.36,14,14982,63,47,7.1,52.34,2.24,Gold,Poor,15,940292.22,2793373.29
1030,25,Female,Lalitpur,27436,5.4,45710.62,56,4909,33,72,29.7,11.52,1.75,Gold,Average,17,572826.99,3742997.22
1031,28,Female,Kathmandu,106713,5.7,32948.01,25,1047,60,68,22.1,96.5,3.77,Silver,Average,13,404799.12,2752124.28
1032,58,Female,Biratnagar,177826,5.6,29649.32,22,5391,123,87,19.1,50.71,2.03,Silver,Average,11,455255.79,2879308.61
1033,54,Male,Pokhara,80194,5.9,35564.62,46,4023,2,56,5.8,38.01,2.94,Gold,Average,10,427982.34,3555719.63
1034,31,Female,Lalitpur,44544,9.5,11301.95,44,7542,141,39,16.0,15.75,1.53,Gold,Average,14,295136.7,3507147.72
1035,47,Female,Lalitpur,211252,9.1,40176.81,5,10221,57,19,36.3,41.65,3.9,Gold,Average,7,569511.27,7769053.74
1036,52,Female,Kathmandu,83295,8.8,55695.15,8,6105,45,77,40.8,30.24,2.63,Silver,Average,16,709550.55,6809451.91
1037,38,Male,Chitwan,163710,8.1,50582.49,13,14936,31,96,22.3,8.79,1.56,Basic,Good,7,676442.28,5947334.66
1038,54,Male,Butwal,216787,9.5,69268.5,14,606,138,64,52.4,96.7,3.97,Basic,Good,3,843766.2,10103843.15
1039,22,Female,Butwal,89409,1.4,7497.04,55,9548,23,6,27.5,26.5,1.41,Basic,Excellent,9,122905.08,207898.06
1040,36,Male,Biratnagar,234178,3.0,47313.15,45,3484,29,45,30.0,69.05,3.3,Basic,Excellent,5,582913.2,2228905.97
1041,31,Male,Biratnagar,146839,5.2,49865.79,17,13078,31,30,62.8,9.13,3.43,Gold,Good,5,659202.18,5563231.28
1042,43,Female,Pokhara,133759,8.5,51665.08,7,5968,18,15,44.6,91.32,4.72,Silver,Good,16,636094.56,6947567.34
1043,21,Male,Lalitpur,37157,5.3,37217.81,15,13404,11,59,76.3,59.08,1.6,Silver,Average,7,468730.32,2882678.32
1044,42,Female,Bhaktapur,196637,7.6,27287.01,52,6352,103,45,29.4,65.69,3.61,Silver,Excellent,12,425582.52,4432896.66
1045,62,Male,Lalitpur,221068,1.8,64563.15,49,1750,47,19,66.4,78.18,2.52,Silver,Good,14,787095.3,1685931.75
1046,59,Female,Butwal,85888,2.9,62889.01,59,7239,3,8,59.3,60.59,2.6,Basic,Excellent,3,757925.67,2767784.48
1047,42,Female,Pokhara,207167,7.5,74618.39,32,13764,130,88,71.3,7.09,3.01,Basic,Average,14,1163818.68,8624693.26
1048,35,Male,Lalitpur,84947,2.1,24053.77,37,6632,72,98,76.6,42.96,1.94,Gold,Good,13,360270.84,1038908.07
1049,57,Male,Kathmandu,238194,3.8,59844.9,38,2111,136,63,1.6,26.2,2.84,Basic,Average,10,761203.2,2965652.19
1050,25,Male,Butwal,90880,3.0,8474.81,42,8428,130,46,8.0,48.67,3.75,Basic,Excellent,19,266043.72,854498.71
1051,56,Male,Lalitpur,24507,3.8,62162.46,57,2290,22,17,54.3,40.43,2.83,Basic,Average,16,753506.52,2741620.21
1052,57,Female,Lalitpur,123134,7.2,34797.04,36,7717,124,65,31.8,82.65,1.17,Basic,Good,9,561100.68,4206324.09
1053,31,Female,Butwal,63988,4.0,69476.75,55,1367,133,38,65.7,24.7,2.03,Basic,Average,5,860992.65,3589012.71
1054,49,Male,Bhaktapur,118421,5.8,55085.6,11,3269,135,26,1.9,20.13,2.41,Silver,Excellent,5,727224.45,5958036.23
1055,55,Male,Butwal,167937,1.4,18491.71,18,12945,20,10,64.8,95.81,2.42,Basic,Average,0,260735.52,400614.95
1056,50,Male,Kathmandu,122591,8.1,66522.2,52,827,77,56,11.7,94.95,1.32,Basic,Excellent,4,807818.25,7684438.28
1057,40,Female,Kathmandu,149614,4.0,74896.33,43,4316,130,29,23.9,99.35,2.8,Gold,Good,3,982917.96,6351117.05
1058,32,Male,Lalitpur,47213,6.7,21202.0,31,3648,32,10,77.6,56.84,3.77,Basic,Good,10,271934.4,2105736.43
1059,50,Female,Biratnagar,207026,7.4,76834.31,45,7276,90,13,5.1,11.31,1.19,Silver,Average,16,1020237.72,7747132.9
1060,42,Female,Bhaktapur,77450,2.5,46616.89,56,14265,3,19,28.6,88.02,4.0,Basic,Excellent,6,565821.93,1859071.22
1061,34,Female,Lalitpur,155549,8.9,46172.07,8,12073,42,92,7.7,14.51,4.82,Premium,Good,19,630124.74,9720581.78
1062,50,Male,Butwal,82222,6.4,73143.83,19,11066,77,91,68.4,15.56,1.04,Gold,Good,2,1005538.26,9706767.37
1063,64,Female,Lalitpur,157605,4.6,33463.93,20,3055,101,57,56.5,19.34,1.77,Silver,Good,1,447850.41,2721975.85
1064,19,Male,Pokhara,200467,2.2,50212.83,16,13657,145,91,64.2,65.34,3.17,Basic,Average,7,899593.71,2113274.7
1065,31,Male,Pokhara,174468,9.5,55666.56,40,9822,128,75,42.7,10.72,1.87,Basic,Average,4,856581.12,8522392.46
1066,57,Female,Biratnagar,32755,7.7,51287.14,45,4836,47,59,29.3,77.83,4.06,Gold,Good,4,649539.48,8441752.56
1067,57,Female,Bhaktapur,151937,2.5,38978.41,23,2982,123,82,1.2,5.83,2.25,Silver,Good,9,522758.82,1651038.89
1068,56,Male,Chitwan,162245,3.7,60511.24,40,3599,34,52,23.0,11.04,2.17,Basic,Good,11,744489.78,2939157.64
1069,23,Male,Dharan,209977,8.2,70574.05,43,11443,42,33,41.6,43.45,1.0,Premium,Good,16,918979.5,11448881.69
1070,23,Male,Pokhara,189169,7.1,66149.39,58,12012,33,89,53.5,37.92,2.08,Silver,Good,13,853252.08,7226452.75
1071,20,Male,Chitwan,53371,7.8,32252.08,57,14175,123,49,19.1,98.97,1.87,Silver,Excellent,4,648553.71,7059630.92
1072,24,Male,Kathmandu,162326,4.7,28754.3,55,14536,27,9,12.0,96.69,2.37,Gold,Good,4,403922.4,2979813.89
1073,25,Male,Pokhara,155090,7.3,25301.95,31,10248,59,31,16.9,18.97,1.59,Gold,Good,5,394318.2,4299089.68
1074,59,Male,Pokhara,25192,4.2,43189.53,21,12235,147,27,29.0,94.67,3.38,Silver,Excellent,14,788056.11,4416851.37
1075,32,Female,Bhaktapur,22015,2.5,60215.78,33,6286,115,25,12.7,69.23,1.95,Premium,Good,4,831022.86,3784629.21
1076,64,Female,Biratnagar,128154,6.5,33984.52,43,14350,131,28,13.4,40.88,4.33,Premium,Good,7,689791.74,8757869.23
1077,46,Female,Chitwan,219988,9.8,68185.13,26,7232,128,80,4.5,73.96,2.14,Premium,Good,0,957075.96,17931520.9
1078,50,Male,Butwal,48343,3.5,50608.34,24,8485,120,93,68.7,90.01,1.84,Basic,Excellent,2,760030.08,3281883.52
1079,47,Female,Pokhara,89306,4.9,27127.35,6,13200,113,76,18.4,18.01,1.23,Silver,Good,18,549268.2,2905399.08
1080,56,Female,Pokhara,25829,6.9,13798.58,51,6554,15,40,65.9,19.6,3.96,Basic,Average,14,180329.46,1284456.1
1081,44,Female,Bhaktapur,54381,5.6,62302.43,42,1068,83,67,35.6,40.87,3.03,Gold,Good,3,760925.76,6904569.7
1082,53,Female,Bhaktapur,131451,8.5,40695.23,31,2154,83,52,51.0,16.92,1.46,Basic,Average,1,515160.06,4649890.07
1083,46,Female,Biratnagar,232153,7.7,46509.67,49,11928,23,74,7.0,36.04,1.89,Silver,Average,16,599267.64,4862801.55
1084,55,Female,Chitwan,38263,1.1,32868.88,40,7632,11,51,47.1,64.57,4.99,Basic,Good,11,407019.36,553279.66
1085,50,Male,Kathmandu,204332,10.0,31105.87,58,14387,116,46,23.9,81.28,4.22,Silver,Average,19,623604.24,7018659.35
1086,54,Female,Butwal,194378,7.6,31652.7,28,11811,103,88,8.5,30.19,2.4,Gold,Good,7,562312.35,6478596.44
1087,44,Female,Biratnagar,242283,8.7,67634.0,58,4233,7,34,72.8,28.17,3.17,Basic,Good,4,816052.65,8507347.25
1088,50,Female,Dharan,78418,6.7,59242.56,43,3729,106,20,48.7,77.97,2.66,Gold,Excellent,9,770201.82,8272475.96
1089,21,Female,Kathmandu,241970,8.6,66192.88,38,7311,114,14,20.1,38.1,1.15,Silver,Average,18,919332.66,7892056.3
1090,39,Male,Lalitpur,20148,1.6,23582.82,8,8842,23,79,34.2,81.85,4.11,Basic,Average,8,313498.74,539854.44
1091,19,Male,Pokhara,152826,3.8,47361.7,6,10964,102,97,29.2,99.34,3.87,Premium,Good,15,736089.6,4889534.06
1092,27,Female,Chitwan,46745,8.8,9899.37,16,14071,58,23,56.3,97.97,2.64,Silver,Average,0,241210.14,2775155.84
1093,22,Female,Biratnagar,92914,2.4,37757.75,52,13043,20,21,49.0,66.27,4.38,Basic,Average,14,492222.0,1269082.29
1094,27,Female,Pokhara,206905,1.2,47461.77,43,10800,117,98,2.6,37.52,3.14,Premium,Excellent,1,759081.24,1926517.58
1095,50,Male,Chitwan,171212,8.0,42612.85,9,2295,136,6,16.6,6.55,1.26,Silver,Average,13,558172.2,4766293.07
1096,55,Male,Chitwan,225979,8.4,51855.77,57,7039,101,85,38.8,73.8,2.04,Silver,Good,15,728910.09,7119243.77
1097,30,Female,Chitwan,80653,2.0,20850.02,10,14208,2,79,36.2,97.8,2.85,Gold,Average,9,254462.64,698372.1
1098,48,Female,Pokhara,243607,8.6,43273.45,12,13973,22,92,41.8,6.8,1.41,Silver,Poor,11,565392.3,4792231.32
1099,64,Female,Biratnagar,212593,7.0,57720.35,23,11119,70,91,57.5,0.62,3.28,Silver,Average,12,809393.7,6690367.35
1100,53,Male,Butwal,98315,5.4,59838.29,35,12206,103,33,54.9,83.18,1.48,Basic,Excellent,19,906642.18,4889484.34
1101,62,Female,Bhaktapur,51075,8.4,37740.69,36,9040,104,31,30.5,10.23,1.8,Silver,Excellent,8,593912.28,6611048.95
1102,41,Male,Pokhara,181769,4.5,28639.07,14,10770,36,92,70.3,8.16,4.58,Basic,Good,1,401826.84,2409459.24
1103,32,Female,Dharan,205616,2.3,55077.82,12,6714,108,27,6.0,91.03,5.0,Silver,Good,18,769700.64,2280153.11
1104,46,Male,Chitwan,29795,3.2,42169.09,33,9088,24,83,47.2,7.96,3.2,Gold,Excellent,14,538745.88,2672215.11
1105,25,Male,Biratnagar,84555,5.3,62466.97,43,6645,140,88,76.0,11.4,3.48,Silver,Average,14,889148.64,5489294.51
1106,22,Female,Butwal,203276,5.5,80813.59,16,11668,22,89,44.4,56.96,4.19,Gold,Excellent,0,1008267.48,10395168.68
1107,46,Female,Lalitpur,220826,8.2,50429.66,39,3109,83,5,37.0,75.68,3.78,Basic,Good,17,643862.97,5637156.71
1108,64,Male,Dharan,215932,8.0,66774.23,2,9850,73,68,11.6,39.96,1.73,Basic,Good,6,909148.26,8024034.33
1109,21,Female,Kathmandu,123107,6.0,43879.16,47,8837,124,44,65.0,42.06,2.65,Basic,Average,9,690918.12,4278580.36
1110,29,Male,Dharan,71529,7.9,45069.76,51,2726,81,31,30.5,63.26,3.14,Premium,Excellent,8,573958.02,8860513.03
1111,62,Male,Chitwan,162744,2.3,56447.92,25,8955,74,17,56.4,50.54,2.44,Gold,Good,18,776775.54,2373306.35
1112,19,Male,Lalitpur,205310,1.0,81482.4,44,14122,30,72,16.6,1.86,1.7,Premium,Poor,10,1041337.8,1455881.52
1113,44,Male,Bhaktapur,247650,8.8,41394.48,41,12991,147,40,4.3,11.36,3.94,Basic,Good,3,783185.31,8621945.07
1114,48,Male,Butwal,187022,1.2,51246.41,23,6430,26,87,25.1,58.16,1.8,Silver,Average,0,640033.92,948497.55
1115,53,Male,Butwal,31009,2.8,48847.79,4,7342,128,42,23.2,79.37,2.04,Silver,Poor,11,727139.88,2105539.65
1116,53,Male,Chitwan,198168,7.1,55550.73,15,11793,11,32,70.0,76.31,2.15,Silver,Good,0,686067.21,6718713.47
1117,43,Female,Dharan,170616,4.4,33857.68,3,10798,20,50,69.3,74.01,1.65,Gold,Average,16,438686.16,2374646.57
1118,60,Male,Dharan,206800,8.8,50202.46,33,3580,118,14,43.2,77.13,4.4,Silver,Average,19,665795.52,6665096.51
1119,44,Female,Butwal,49381,3.3,21847.4,49,1487,56,42,2.5,4.44,3.44,Gold,Average,8,274659.6,1325598.77
1120,22,Male,Lalitpur,147769,0.6,39450.99,39,10039,47,94,19.0,89.51,4.34,Gold,Average,7,544186.83,496028.09
1121,37,Female,Chitwan,176359,3.4,27521.1,34,1860,89,29,51.5,88.93,2.97,Basic,Average,3,355084.2,1349824.73
1122,28,Male,Pokhara,84610,6.0,39900.68,47,7550,58,65,9.0,53.19,3.08,Premium,Average,7,544493.16,5624069.43
1123,27,Male,Biratnagar,88122,4.1,20626.21,43,8046,10,20,56.3,24.86,3.46,Silver,Average,9,259583.52,1303005.03
1124,57,Male,Lalitpur,88184,5.6,45549.02,7,11530,22,88,1.9,59.22,2.48,Gold,Excellent,17,584637.24,4763536.83
1125,55,Male,Biratnagar,191153,8.8,60947.24,42,2226,71,73,54.9,55.79,2.99,Gold,Excellent,14,755073.78,10194257.29
1126,23,Male,Pokhara,234709,9.2,35160.79,40,10981,24,26,67.7,22.3,3.19,Silver,Excellent,18,461461.08,5323416.99
1127,25,Female,Pokhara,196384,3.0,40038.42,26,14768,96,39,38.1,60.31,4.81,Basic,Average,19,693120.24,2093287.03
1128,40,Female,Biratnagar,107228,4.9,35083.29,35,14477,7,91,66.5,79.73,4.53,Gold,Good,10,436200.33,3437042.6
1129,64,Female,Lalitpur,92943,5.7,35580.77,12,1407,72,4,62.7,80.61,1.52,Basic,Good,3,442164.84,2837140.84
1130,43,Female,Biratnagar,233862,9.5,48665.89,47,9875,127,3,54.0,5.97,1.17,Premium,Poor,8,772109.43,10299133.65
1131,63,Male,Biratnagar,100770,10.0,70959.02,38,3324,38,6,36.2,19.72,3.72,Basic,Excellent,7,870455.04,11035636.95
1132,60,Male,Kathmandu,72726,2.7,62647.94,42,9950,149,62,22.5,66.82,1.2,Basic,Excellent,15,974157.78,2711310.29
1133,29,Male,Lalitpur,173283,7.4,65418.56,8,14264,136,21,69.0,85.98,1.24,Premium,Good,12,1076008.32,12852880.7
1134,43,Male,Dharan,180552,4.1,22879.26,58,8525,121,77,52.2,52.12,1.64,Basic,Average,4,429279.87,1817103.1
1135,30,Male,Dharan,67780,0.6,36463.6,47,8890,89,39,64.0,70.75,2.41,Basic,Good,12,556244.7,344152.07
1136,57,Female,Kathmandu,208210,0.6,42302.75,49,14288,28,81,44.6,2.11,2.74,Gold,Average,18,567642.6,443361.08
1137,35,Male,Chitwan,241454,4.9,17685.63,23,9748,92,37,14.6,60.84,3.08,Basic,Average,1,346749.96,1925790.29
1138,42,Male,Butwal,62503,5.1,65456.84,49,2955,54,47,78.4,96.19,4.97,Basic,Good,11,809417.58,4955654.32
1139,50,Female,Dharan,77893,0.7,49749.91,40,5708,116,94,15.4,66.1,2.54,Basic,Average,8,696318.12,500396.03
1140,64,Female,Biratnagar,197265,7.0,37176.44,11,8274,116,38,73.0,92.23,1.97,Premium,Average,0,590084.88,7258282.88
1141,57,Male,Chitwan,81358,3.3,62191.56,22,3865,120,55,17.4,56.6,3.3,Basic,Poor,13,815868.72,2425413.49
1142,60,Female,Dharan,100857,5.8,42898.2,7,9952,41,22,30.5,84.34,1.86,Gold,Good,6,575983.2,5013957.4
1143,29,Female,Lalitpur,229254,3.4,72424.69,50,12670,37,22,35.8,12.42,4.76,Silver,Excellent,16,939414.78,4388494.72
1144,61,Male,Biratnagar,140457,2.1,49668.87,2,5779,125,93,73.8,12.35,2.04,Basic,Good,13,704382.69,1546198.02
1145,53,Male,Butwal,173189,4.4,25531.82,35,6451,76,71,71.2,12.02,4.96,Basic,Average,16,379923.24,1758433.83
1146,21,Male,Chitwan,210128,2.7,85396.6,15,11527,37,85,66.0,48.88,2.67,Premium,Good,1,1088734.05,5700873.52
1147,22,Female,Dharan,137928,5.6,69284.22,37,10005,101,61,30.8,33.03,4.25,Silver,Good,8,982986.39,7626636.18
1148,54,Female,Dharan,78706,2.4,31970.74,28,10594,31,37,1.4,71.92,3.59,Basic,Excellent,14,432910.98,1245596.07
1149,25,Male,Bhaktapur,221501,5.3,74479.26,10,7197,146,78,54.8,90.26,4.73,Basic,Good,15,1051365.42,6313038.62
1150,59,Male,Dharan,160548,2.0,37845.07,56,12667,90,12,33.5,61.94,3.5,Silver,Average,8,625145.34,1558680.21
1151,45,Female,Pokhara,102806,6.9,37725.7,7,9269,6,89,60.8,21.32,3.32,Silver,Average,3,461050.5,4141346.63
1152,48,Male,Biratnagar,75006,7.7,60315.84,32,7176,137,84,63.8,93.09,3.61,Basic,Excellent,14,871256.88,7808275.8
1153,26,Male,Butwal,107238,1.5,52634.31,18,13122,139,88,35.7,52.79,4.15,Basic,Average,9,905205.42,1491110.4
1154,46,Female,Pokhara,220990,4.9,68061.45,54,1520,95,32,60.1,71.99,4.6,Gold,Good,6,838397.4,6901903.7
1155,31,Female,Kathmandu,214227,1.2,84421.1,44,12345,119,38,67.4,89.05,2.07,Silver,Average,5,1233411.45,1783343.47
1156,57,Female,Chitwan,218393,6.2,37229.45,37,4344,110,61,74.3,98.98,1.8,Basic,Good,14,518429.4,3229753.84
1157,58,Female,Dharan,65798,3.0,38348.44,22,4073,120,62,47.0,50.61,1.14,Basic,Poor,1,533495.28,1513036.45
1158,39,Female,Kathmandu,97271,5.5,12963.39,28,10985,130,68,62.5,80.81,2.48,Silver,Average,14,369768.18,2241863.62
1159,28,Male,Butwal,50177,5.4,60472.56,42,5942,123,99,40.1,56.69,4.38,Basic,Good,17,835300.62,4928632.23
1160,40,Female,Biratnagar,247320,9.3,43256.01,29,8414,29,30,4.3,48.65,1.28,Basic,Good,13,555673.02,5142019.39
1161,18,Male,Pokhara,148022,5.7,44997.0,17,6558,110,68,13.3,53.77,3.15,Gold,Good,17,648171.0,5182261.46
1162,63,Female,Pokhara,150156,6.0,33413.96,36,8451,121,80,11.1,48.43,3.78,Silver,Good,2,554353.17,4812391.8
1163,54,Male,Chitwan,102215,4.3,21346.31,37,9302,69,72,14.6,42.1,4.35,Silver,Average,19,352431.42,1715919.92
1164,38,Female,Biratnagar,63013,9.5,24949.44,57,9020,7,68,1.8,72.37,3.33,Silver,Good,13,308864.28,3700526.15
1165,43,Male,Dharan,102600,7.9,22435.35,36,1046,128,17,68.8,24.97,1.75,Gold,Good,5,289307.4,3450539.39
1166,63,Male,Bhaktapur,116099,3.2,64304.69,46,9030,56,46,45.3,61.64,4.86,Basic,Good,13,847508.28,3154548.3
1167,53,Male,Bhaktapur,73450,8.5,68785.71,20,3681,127,35,31.3,71.3,1.38,Basic,Good,1,895551.57,8700284.15
1168,40,Male,Chitwan,249700,4.6,20875.61,58,11733,77,85,33.4,89.21,4.08,Basic,Excellent,15,386023.47,2082854.39
1169,18,Female,Biratnagar,199000,8.4,79801.27,22,9498,62,45,37.6,33.19,1.35,Premium,Good,15,1045946.64,13795410.76
1170,57,Female,Chitwan,142640,8.3,67207.02,59,9725,74,98,6.8,86.06,1.57,Silver,Average,16,914431.74,7901147.85
1171,32,Male,Biratnagar,112403,2.3,61525.38,34,11965,15,79,22.7,94.53,4.59,Basic,Good,15,765225.81,1974434.77
1172,38,Male,Butwal,196454,7.2,56908.31,24,4487,53,43,68.3,64.87,4.01,Basic,Good,15,718571.37,5679170.16
1173,64,Male,Butwal,119290,3.3,24206.89,56,3833,120,36,59.8,77.14,2.46,Gold,Good,7,359476.68,1802350.7
1174,26,Male,Kathmandu,236110,3.3,84613.87,7,3240,35,76,45.5,40.57,3.55,Basic,Excellent,5,1032376.44,4372262.75
1175,26,Male,Dharan,151832,3.3,37715.12,33,13217,14,85,39.0,95.21,2.83,Gold,Good,17,480337.14,2195055.26
1176,27,Female,Chitwan,44142,7.4,61456.45,23,14318,93,31,21.5,67.09,1.27,Premium,Excellent,13,937213.5,11810474.02
1177,43,Male,Dharan,130189,2.7,40287.12,4,5401,122,54,38.2,31.02,3.88,Basic,Good,15,582283.74,1731205.61
1178,58,Male,Biratnagar,127532,0.5,29269.21,36,10388,18,59,48.2,40.43,4.05,Basic,Poor,7,379278.12,171982.92
1179,52,Male,Bhaktapur,168362,7.3,53327.2,17,12342,129,29,57.3,61.78,4.53,Basic,Excellent,17,878744.1,7468817.75
1180,42,Male,Dharan,222107,2.1,74415.47,43,6208,125,16,14.2,23.41,3.16,Basic,Excellent,13,1009385.64,2455836.59
1181,43,Male,Biratnagar,151436,1.5,24358.27,26,2582,27,39,65.2,75.39,3.69,Silver,Poor,16,302756.34,480017.43
1182,28,Female,Butwal,76921,2.8,41696.67,18,10690,64,51,28.3,22.47,2.75,Basic,Average,7,602984.04,1780164.48
1183,55,Male,Biratnagar,39797,4.1,64103.39,40,5152,60,14,40.8,59.18,2.28,Silver,Good,15,815608.68,3959481.34
1184,19,Male,Chitwan,52535,5.0,64117.32,14,10377,149,36,49.0,69.7,2.65,Silver,Poor,9,1001333.79,5338487.12
1185,24,Male,Kathmandu,66300,0.9,47652.53,29,5086,14,25,39.6,85.97,4.65,Premium,Good,9,582510.96,1005020.11
1186,35,Male,Kathmandu,67176,9.7,27113.78,12,10295,116,66,46.2,73.39,1.66,Silver,Excellent,17,504498.36,5823710.9
1187,44,Male,Kathmandu,36105,7.3,9656.76,11,13041,148,89,9.8,79.88,1.99,Basic,Average,17,405391.32,2721379.87
1188,51,Female,Kathmandu,159011,3.6,48702.73,40,12804,92,92,35.1,91.29,3.42,Basic,Average,8,761127.96,2951275.47
1189,44,Female,Butwal,99472,3.5,63390.02,25,760,85,19,23.2,59.78,1.47,Gold,Good,0,770370.24,4231447.7
1190,34,Female,Lalitpur,193101,4.8,59648.39,39,4296,87,59,7.8,84.63,4.57,Basic,Poor,15,771843.48,3475485.51
1191,60,Male,Dharan,166935,6.4,28617.7,25,14636,139,27,16.1,23.19,1.19,Basic,Excellent,9,648573.0,4596341.99
1192,61,Male,Chitwan,98097,1.9,66736.27,34,14067,120,30,48.6,81.47,4.02,Premium,Average,14,1054041.24,3326357.19
1193,41,Female,Pokhara,161519,2.3,24628.64,18,11467,84,73,16.5,22.17,2.49,Basic,Good,4,440027.88,1153375.35
1194,42,Female,Chitwan,116160,8.7,25209.89,58,6482,24,45,15.3,93.46,1.2,Basic,Average,16,325853.88,2508484.79
1195,24,Female,Lalitpur,66940,2.9,43669.9,45,14235,119,91,44.7,33.0,4.37,Gold,Good,8,778133.55,3696981.42
1196,23,Male,Kathmandu,229019,4.1,20638.63,37,1000,89,6,72.5,17.18,3.56,Basic,Good,5,261013.56,1288266.01
1197,41,Male,Lalitpur,105001,8.8,24314.32,36,1515,37,34,63.3,14.82,1.04,Basic,Excellent,1,300180.09,3168309.09
1198,50,Male,Bhaktapur,170714,6.8,24592.16,7,11025,86,6,72.5,18.73,2.07,Basic,Good,12,437328.42,3126850.57
1199,46,Female,Bhaktapur,247870,3.7,83956.69,59,8605,127,37,47.1,44.75,2.41,Gold,Excellent,17,1171405.53,6238155.76
1200,60,Female,Dharan,246971,7.0,95063.78,17,10746,15,78,33.4,52.21,2.29,Premium,Good,19,1164943.86,12700829.64
1201,39,Female,Butwal,218715,0.7,78383.16,46,8164,12,82,58.6,91.38,2.99,Silver,Excellent,3,955293.12,1003371.68
1202,43,Male,Chitwan,27928,7.5,9117.68,29,4463,95,14,21.6,38.1,3.11,Basic,Average,9,173009.91,1358613.92
1203,45,Female,Chitwan,68002,5.1,49739.64,42,5818,31,26,7.2,21.75,2.59,Basic,Good,10,623929.38,3483341.43
1204,38,Male,Pokhara,104853,8.2,57913.72,33,12366,94,59,28.2,74.38,2.33,Silver,Good,12,869325.24,8704348.82
1205,24,Male,Butwal,134614,9.6,68538.0,27,12747,84,3,24.6,13.47,3.02,Gold,Poor,16,983068.2,11100968.62
1206,34,Male,Pokhara,137517,9.3,30197.95,12,3206,72,89,54.4,89.23,1.13,Gold,Good,10,397000.2,5130185.07
1207,37,Female,Bhaktapur,176089,9.1,44513.69,53,6635,44,37,44.6,40.94,3.58,Silver,Excellent,3,577955.28,7961499.89
1208,58,Male,Kathmandu,99064,5.4,58248.52,26,6281,30,26,11.9,61.38,3.42,Premium,Good,13,727246.74,6930824.32
1209,37,Male,Lalitpur,139694,3.9,19958.45,32,2599,35,35,72.8,18.62,2.12,Basic,Average,2,253146.15,1077726.09
1210,39,Female,Pokhara,164385,4.9,33913.63,22,6886,21,13,47.9,14.55,1.72,Basic,Average,11,428654.46,2021815.49
1211,45,Male,Biratnagar,152631,7.1,27404.08,46,5838,111,20,37.2,79.88,1.29,Gold,Average,3,426051.66,4220623.37
1212,57,Male,Pokhara,70893,8.9,41407.38,56,3065,63,95,75.0,42.97,3.35,Basic,Excellent,15,525852.81,5352815.06
1213,24,Male,Kathmandu,35167,2.5,10598.47,52,11709,92,38,8.7,98.67,3.28,Basic,Good,6,288765.84,840942.28
1214,18,Male,Kathmandu,231951,9.2,75338.15,4,8800,145,2,63.4,52.43,3.13,Silver,Average,19,1095457.8,10848539.68
1215,49,Female,Chitwan,58598,8.2,7353.06,13,12114,12,61,29.8,84.57,4.94,Silver,Good,18,110041.92,1148928.85
1216,30,Male,Lalitpur,158595,9.8,56899.97,52,5516,146,68,55.9,98.0,3.13,Basic,Average,17,803600.04,7569751.01
1217,47,Male,Kathmandu,69777,8.9,14198.0,41,8757,92,50,74.5,28.12,3.89,Premium,Average,8,291222.6,4556966.13
1218,40,Female,Butwal,179511,3.2,59203.39,47,3581,60,91,41.9,80.09,1.45,Basic,Good,10,742669.68,2481343.58
1219,36,Female,Pokhara,136378,1.5,39759.93,55,4797,67,80,2.8,2.2,2.2,Silver,Excellent,18,525329.01,911234.92
1220,49,Female,Pokhara,101060,1.6,11097.46,42,6413,115,47,3.3,67.98,2.1,Basic,Excellent,16,243793.77,440361.89
1221,47,Male,Bhaktapur,33285,3.3,58704.41,26,3448,15,49,27.1,74.52,3.3,Gold,Excellent,17,712210.92,3539874.77
1222,46,Male,Kathmandu,162045,6.3,32627.19,57,8905,16,93,62.8,47.74,2.32,Basic,Excellent,5,412898.28,3182449.8
1223,62,Female,Biratnagar,142970,8.1,81184.78,18,6711,22,69,23.8,16.21,3.56,Gold,Average,2,996363.66,12587530.55
1224,46,Female,Chitwan,42694,9.0,40275.96,39,13114,118,20,27.4,61.67,3.76,Basic,Poor,13,715429.32,6000417.71
1225,47,Female,Lalitpur,186846,6.4,72637.24,37,13861,113,89,63.0,89.75,1.13,Silver,Average,8,1106590.83,7937165.23
1226,33,Female,Biratnagar,155374,0.6,46329.2,37,1540,95,41,10.2,93.13,3.56,Gold,Good,2,577895.4,600403.36
1227,57,Female,Chitwan,173463,2.3,16096.18,20,13310,1,7,67.9,74.61,1.47,Basic,Good,1,195150.66,521601.55
1228,36,Male,Pokhara,24611,1.4,48314.22,45,8488,75,81,22.0,26.37,2.86,Basic,Good,18,675260.64,969022.09
1229,35,Male,Biratnagar,29372,4.0,4678.63,58,7973,6,97,5.0,87.03,3.91,Gold,Good,5,63319.26,423563.83
1230,18,Female,Chitwan,175384,5.3,57198.92,3,8059,87,95,10.3,88.88,3.81,Basic,Good,2,791556.99,5274710.22
1231,31,Male,Pokhara,165152,0.9,42192.18,18,1487,137,64,76.3,36.72,2.2,Premium,Good,8,536864.01,845008.29
1232,64,Male,Pokhara,100618,3.8,37211.85,31,3695,62,36,36.7,18.3,2.09,Basic,Poor,17,480905.7,1501446.83
1233,19,Female,Pokhara,132945,2.2,38817.61,48,5599,58,73,21.3,87.47,2.76,Gold,Excellent,6,514522.62,1877323.35
1234,45,Female,Pokhara,128397,6.6,37379.53,11,1003,108,62,42.2,88.51,1.75,Gold,Excellent,1,464802.96,5123976.26
1235,47,Male,Butwal,116213,4.9,63609.84,36,5844,19,6,54.9,10.09,4.9,Silver,Good,0,779973.48,5892396.47
1236,55,Male,Pokhara,40874,5.2,28909.37,53,9447,109,38,26.2,96.7,2.38,Basic,Good,4,501370.89,3027895.99
1237,21,Male,Bhaktapur,213609,4.6,39709.68,37,10033,141,77,58.3,53.31,4.69,Basic,Good,2,688714.11,4150471.58
1238,18,Female,Biratnagar,224986,9.6,52444.25,55,8648,123,90,20.9,99.37,4.63,Premium,Average,6,788886.6,14020122.41
1239,25,Female,Chitwan,152669,2.5,69070.26,34,14655,100,98,9.9,44.5,2.46,Gold,Poor,5,1048668.12,3393401.43
1240,46,Male,Bhaktapur,31600,5.4,9045.48,2,6510,9,89,44.4,53.33,2.02,Silver,Average,0,117334.26,813554.54
1241,56,Male,Butwal,154819,7.5,44406.38,19,11280,49,12,12.9,26.61,4.08,Basic,Good,18,615784.56,4927250.49
1242,20,Female,Dharan,99415,5.8,32391.4,5,1881,31,41,75.3,89.89,1.92,Basic,Poor,19,397443.45,1855017.03
1243,49,Male,Dharan,229625,9.3,51429.7,56,6102,59,66,1.0,44.37,3.08,Gold,Excellent,13,671159.1,9739957.83
1244,27,Female,Bhaktapur,175887,4.1,59598.46,55,7512,147,9,60.7,81.46,1.44,Premium,Excellent,9,880821.12,6470381.12
1245,27,Female,Kathmandu,235572,4.9,52542.68,48,11679,130,88,23.1,7.97,2.54,Basic,Average,1,858252.66,4695529.32
1246,36,Male,Kathmandu,114348,1.3,55451.74,28,14240,45,85,67.8,78.82,1.31,Gold,Average,10,761540.88,1290642.53
1247,63,Female,Kathmandu,125736,6.3,44099.57,26,11536,96,97,5.8,49.02,2.13,Basic,Good,15,695313.24,4439093.9
1248,51,Male,Lalitpur,44714,3.2,28024.33,56,14308,43,12,76.3,0.54,3.66,Gold,Excellent,16,428578.56,2098303.46
1249,50,Male,Kathmandu,169962,2.0,54061.58,29,11211,98,72,9.0,22.63,4.97,Silver,Average,4,813540.66,2242402.49
1250,40,Female,Chitwan,212581,5.7,62582.43,54,14382,1,59,63.2,19.37,2.02,Gold,Good,17,753146.46,5688275.21
1251,45,Male,Bhaktapur,212896,5.6,57671.45,23,4226,131,95,41.9,75.18,2.89,Premium,Excellent,15,775098.3,7719773.1
1252,49,Female,Chitwan,155797,1.2,40533.6,43,2387,91,49,35.0,47.72,2.79,Silver,Good,9,518985.75,811085.05
1253,24,Female,Biratnagar,194277,7.1,36922.0,26,10015,44,14,23.1,15.97,1.74,Premium,Average,5,509163.0,5961544.73
1254,46,Male,Kathmandu,171756,6.4,65022.07,18,4309,135,61,67.5,25.68,3.44,Basic,Excellent,7,867522.09,6954826.45
1255,25,Male,Butwal,242933,2.3,78591.36,58,12439,33,50,16.8,50.41,3.9,Premium,Average,5,1004669.37,4200844.8
1256,18,Male,Lalitpur,208983,5.0,89763.99,55,2631,137,68,58.0,1.96,1.59,Premium,Poor,3,1131234.93,8528029.77
1257,20,Male,Biratnagar,249150,7.3,79843.01,45,2924,30,8,36.2,42.41,4.03,Basic,Good,4,971274.12,8820990.97
1258,41,Male,Butwal,131573,5.5,57005.67,53,12076,146,78,79.9,67.81,3.8,Silver,Average,5,948532.44,6811794.25
1259,40,Male,Lalitpur,33092,4.3,26941.79,13,14440,56,26,49.3,51.78,1.79,Premium,Excellent,14,444597.48,3294759.67
1260,25,Male,Dharan,115918,3.6,68641.59,17,5939,105,24,9.2,59.81,3.6,Basic,Good,5,917238.33,4039086.48
1261,64,Female,Biratnagar,190842,6.3,55844.22,38,10943,31,52,34.1,32.66,2.57,Silver,Excellent,18,721015.59,5544898.56
1262,54,Female,Dharan,45457,9.4,26672.84,17,5974,89,48,6.2,18.31,3.72,Gold,Average,19,399826.98,4868549.62
1263,20,Female,Bhaktapur,91667,6.9,57452.76,18,9700,1,98,23.6,80.97,2.98,Basic,Average,7,690888.12,5094379.02
1264,50,Male,Chitwan,110751,1.2,30652.91,56,1817,110,6,28.1,90.56,1.19,Gold,Good,12,397815.42,650056.61
1265,45,Male,Pokhara,82894,4.9,8548.42,32,7147,82,97,68.4,51.07,4.15,Silver,Excellent,3,190489.14,1460692.78
1266,64,Female,Chitwan,81305,9.0,64571.38,16,3716,19,95,67.2,30.5,3.22,Basic,Average,16,785447.16,6859056.37
1267,25,Male,Kathmandu,163684,1.4,54249.12,14,13326,115,96,1.9,51.12,3.9,Silver,Good,13,880862.94,1615280.79
1268,51,Male,Dharan,229699,9.9,68349.04,41,516,126,14,43.1,87.9,1.5,Silver,Average,17,829940.88,8402638.52
1269,52,Female,Butwal,188161,9.5,58267.9,28,5170,64,43,18.7,69.14,3.89,Premium,Excellent,14,748846.8,13435142.44
1270,49,Female,Pokhara,246367,1.2,70802.74,22,10494,53,6,26.3,85.86,2.65,Gold,Excellent,18,933060.18,1615041.71
1271,41,Female,Lalitpur,72137,9.4,13852.44,3,3123,6,24,2.7,32.84,4.2,Silver,Good,10,169039.98,2155303.36
1272,31,Male,Dharan,20559,3.9,29397.84,9,13850,17,63,60.2,71.2,3.4,Gold,Good,6,388091.58,2424010.53
1273,49,Female,Bhaktapur,86249,8.5,37982.5,43,629,46,2,76.1,65.3,2.42,Gold,Poor,0,460130.1,5319806.33
1274,63,Female,Bhaktapur,57361,4.5,46720.05,8,14950,118,75,18.3,57.16,1.81,Premium,Poor,2,825255.6,5715095.72
1275,60,Female,Dharan,100720,4.7,22275.56,11,1973,73,92,28.0,52.82,4.26,Gold,Average,18,288911.07,1817385.79
1276,33,Female,Dharan,35261,6.5,20462.43,58,9641,101,55,17.3,55.1,3.24,Silver,Average,0,391610.31,3417761.44
1277,21,Female,Dharan,40372,7.9,55530.0,5,12688,91,73,74.5,84.97,4.95,Silver,Good,3,839551.2,9978378.42
1278,54,Male,Lalitpur,75355,0.8,26659.79,44,9760,6,4,1.7,91.6,2.49,Premium,Good,10,328701.48,466573.45
1279,38,Male,Kathmandu,248748,6.1,45584.98,42,4811,109,84,47.1,11.29,3.74,Gold,Poor,6,625679.61,5189464.35
1280,31,Female,Lalitpur,118560,2.3,22268.14,37,10315,40,65,69.8,56.88,3.49,Basic,Excellent,6,329107.68,966269.1
1281,48,Female,Biratnagar,208992,3.8,72345.15,36,3395,91,52,15.7,91.84,3.55,Gold,Excellent,13,914483.55,5523190.02
1282,35,Female,Butwal,183616,3.8,74210.73,44,14226,66,3,47.6,13.47,3.95,Silver,Good,14,1031366.16,4988804.47
1283,24,Male,Dharan,20037,5.0,34507.21,4,3236,137,50,5.0,41.29,1.56,Basic,Good,4,480586.32,2713636.11
1284,27,Male,Butwal,194104,3.7,68919.34,59,5598,11,32,65.4,8.91,3.2,Silver,Poor,13,836268.78,3248798.58
1285,24,Female,Kathmandu,229305,1.5,76481.28,19,11004,148,75,22.7,11.35,3.04,Basic,Good,12,1162064.16,1890308.19
1286,50,Female,Pokhara,61420,1.9,63795.49,59,2446,116,81,79.1,90.41,2.37,Gold,Good,19,808106.28,2039137.48
1287,40,Female,Lalitpur,117243,0.8,56388.81,52,6059,43,85,73.8,44.62,2.74,Basic,Excellent,17,715746.27,628334.59
1288,38,Female,Kathmandu,242624,5.0,66936.55,47,9308,58,4,58.9,68.87,3.08,Basic,Good,0,884218.2,5495944.95
1289,36,Female,Butwal,149380,9.6,44702.77,57,10561,38,36,40.3,13.89,2.28,Basic,Excellent,12,596630.94,6477956.82
1290,36,Female,Pokhara,54600,1.6,34984.42,44,800,94,99,61.6,2.19,2.17,Silver,Average,19,431093.04,714692.48
1291,53,Female,Lalitpur,199357,9.5,70522.48,25,9676,36,86,11.3,89.05,3.95,Basic,Good,6,898520.16,10359941.68
1292,46,Female,Bhaktapur,213080,7.5,73712.51,33,13982,6,37,25.5,57.45,1.27,Gold,Average,5,897133.92,9159002.58
1293,35,Female,Lalitpur,109520,6.6,42391.89,35,12383,131,65,3.1,2.0,2.25,Basic,Excellent,8,752028.63,5848272.46
1294,19,Male,Chitwan,25167,6.6,35880.49,3,5001,65,33,52.0,99.23,3.61,Gold,Average,9,479325.63,4573596.06
1295,18,Male,Lalitpur,20432,8.4,12998.75,3,12118,124,19,64.6,49.22,1.84,Silver,Good,2,381379.8,4246990.83
1296,64,Female,Chitwan,89687,1.5,61418.05,11,8852,117,35,75.8,47.59,3.29,Premium,Poor,6,892369.2,2116287.99
1297,22,Male,Pokhara,91947,5.3,43893.13,24,6414,18,57,55.2,62.09,2.21,Basic,Good,10,544035.36,3102436.62
1298,37,Male,Lalitpur,116324,7.1,55516.79,16,6171,96,68,58.8,0.79,4.37,Basic,Good,11,755063.88,6271820.37
1299,28,Male,Pokhara,70903,6.1,24637.34,55,8717,128,54,71.7,56.91,2.4,Silver,Good,11,463014.48,3484817.05
1300,59,Male,Pokhara,243231,8.4,94976.51,13,582,36,68,75.0,62.95,1.92,Gold,Average,12,1142860.92,12509789.62
1301,19,Male,Butwal,205221,1.2,27988.07,44,8864,70,92,39.8,29.7,3.12,Silver,Good,7,428928.84,705849.62
1302,20,Male,Kathmandu,238712,7.1,68262.98,18,1498,95,67,9.7,72.69,1.54,Basic,Good,3,840502.26,6707401.09
1303,40,Female,Pokhara,207840,5.6,51966.59,19,6304,134,65,37.8,37.74,4.19,Silver,Excellent,19,750309.48,5429199.33
1304,29,Male,Pokhara,211256,4.1,58247.18,15,7437,44,68,44.9,71.78,3.72,Basic,Poor,0,748050.36,3240024.57
1305,37,Male,Butwal,85792,3.7,16324.8,18,3641,44,82,50.9,14.38,4.08,Basic,Excellent,5,219928.2,1072259.32
1306,22,Male,Butwal,53439,6.4,45773.75,16,3382,27,40,79.2,91.37,2.6,Silver,Good,1,562982.1,5009291.44
1307,54,Female,Lalitpur,184329,9.0,37217.5,13,12793,100,39,73.5,87.95,4.34,Gold,Average,13,638505.0,8199673.17
1308,55,Male,Butwal,195746,5.2,52077.04,17,11535,52,41,32.3,15.06,2.97,Premium,Good,17,714897.48,6116952.36
1309,47,Female,Lalitpur,71248,8.3,58444.24,33,7862,25,20,10.0,93.85,1.38,Basic,Good,9,730813.38,6379628.0
1310,26,Female,Bhaktapur,234674,4.3,76196.82,24,13312,74,84,18.0,55.78,1.9,Gold,Average,0,1062125.04,6774653.31
1311,51,Female,Butwal,196443,1.5,80253.34,39,10802,39,6,14.7,70.16,3.84,Basic,Good,2,1026231.78,1930965.24
1312,61,Male,Kathmandu,249354,1.1,54795.23,35,3584,140,70,29.1,84.03,4.59,Basic,Good,19,732806.76,868642.58
1313,52,Female,Pokhara,219068,1.0,59327.71,35,2545,139,15,70.2,8.36,1.38,Silver,Good,3,764995.77,993401.68
1314,39,Male,Kathmandu,188369,4.1,46634.54,17,9452,113,92,35.6,16.93,4.46,Gold,Good,17,719825.88,4394865.2
1315,61,Female,Chitwan,205345,3.7,62684.53,35,704,3,50,45.8,29.04,4.2,Premium,Good,7,752531.16,5420280.21
1316,41,Female,Dharan,212328,7.3,21982.78,41,13684,115,65,15.2,47.72,2.43,Gold,Good,8,499842.36,5517728.72
1317,34,Male,Butwal,54743,7.6,52566.96,8,14576,22,58,39.9,34.61,3.76,Basic,Poor,18,678904.32,4502091.42
1318,27,Male,Pokhara,219824,1.0,39254.8,34,14875,4,36,70.0,50.58,1.75,Basic,Good,1,479982.6,564281.13
1319,47,Male,Kathmandu,99803,2.6,14413.86,5,5784,136,86,62.1,18.59,4.25,Gold,Average,8,290959.92,1135187.4
1320,63,Female,Butwal,95117,3.1,46436.89,44,11794,14,6,7.4,68.22,3.63,Silver,Poor,2,582010.08,2161814.99
1321,40,Male,Butwal,221123,5.7,36473.11,53,10727,14,89,69.1,5.57,2.76,Basic,Average,1,460204.02,2937081.62
1322,49,Female,Dharan,42076,1.9,19840.08,8,2052,16,40,22.6,36.14,4.46,Silver,Average,6,243005.76,628749.76
1323,34,Male,Bhaktapur,226384,1.8,71910.66,19,8316,64,25,53.6,17.9,1.56,Premium,Good,16,942761.52,2664045.04
1324,34,Female,Bhaktapur,107483,9.5,47182.93,5,13664,16,41,12.6,72.99,4.38,Gold,Good,16,598988.76,8498579.58
1325,31,Female,Pokhara,154035,8.1,34214.31,50,1324,52,51,54.3,88.37,1.1,Silver,Excellent,8,420898.92,4350514.7
1326,26,Female,Chitwan,139217,2.2,42702.03,12,11648,19,78,3.8,7.88,4.01,Premium,Average,0,545621.16,2319365.01
1327,57,Female,Bhaktapur,223394,4.4,81738.84,44,4248,69,59,48.5,78.5,3.29,Gold,Good,0,1024832.88,7646043.32
1328,19,Male,Dharan,164938,3.9,38622.75,21,11137,140,2,52.0,89.57,3.79,Basic,Good,7,697350.0,3237515.51
1329,62,Male,Bhaktapur,124504,8.0,26145.44,12,6078,93,44,20.3,97.4,2.65,Basic,Excellent,16,398533.38,3465334.31
1330,42,Female,Chitwan,183377,5.3,32708.01,16,6412,5,40,75.0,57.94,4.46,Silver,Excellent,7,397305.12,3162418.42
1331,56,Male,Kathmandu,213475,1.7,82128.92,47,7890,42,11,4.6,32.74,2.25,Basic,Good,18,1035254.04,1725641.81
1332,26,Male,Bhaktapur,233968,7.5,79186.82,18,5697,17,3,71.4,32.2,2.1,Gold,Good,3,964769.19,11327875.61
1333,39,Male,Dharan,125649,4.3,16380.07,35,12588,111,64,31.2,37.9,2.21,Premium,Good,17,406151.04,2766554.63
1334,60,Male,Lalitpur,146244,3.0,71217.3,51,9530,72,17,57.4,61.27,4.1,Basic,Good,12,957531.6,3279004.66
1335,63,Male,Dharan,52813,4.1,50460.24,49,5195,104,38,52.5,49.02,2.98,Gold,Good,6,686564.88,4423870.24
1336,21,Female,Biratnagar,86729,5.2,37140.46,13,7268,94,17,14.3,65.36,3.15,Silver,Good,2,548164.32,4003614.94
1337,43,Male,Biratnagar,211758,3.8,60478.09,43,4183,10,88,26.2,3.93,4.33,Silver,Average,13,732011.58,3365644.55
1338,46,Female,Bhaktapur,24512,2.8,13126.24,29,2461,16,91,42.8,10.59,4.33,Gold,Good,8,163421.28,756400.78
1339,62,Male,Kathmandu,173738,4.3,33753.33,49,1437,144,81,67.9,97.65,1.65,Silver,Excellent,2,436079.16,2628177.87
1340,51,Female,Butwal,167702,0.7,34062.49,36,11623,42,28,76.4,99.54,3.2,Silver,Average,6,481974.78,414973.9
1341,40,Male,Kathmandu,137907,7.8,21094.38,9,8095,3,64,2.6,74.67,1.5,Basic,Good,14,256775.31,1989990.94
1342,54,Female,Dharan,225591,2.1,43755.77,28,924,121,95,28.9,25.64,4.47,Silver,Good,3,541839.84,1679095.78
1343,28,Female,Pokhara,151708,0.9,36793.57,23,12002,24,65,53.8,95.34,4.35,Basic,Average,4,484730.04,500235.05
1344,23,Male,Lalitpur,154847,6.7,46766.03,55,3551,19,98,42.7,21.37,4.4,Silver,Good,8,571312.71,5335003.66
1345,35,Female,Kathmandu,219029,7.9,71016.55,58,3405,75,33,75.5,73.14,3.82,Basic,Excellent,2,890504.85,9449925.46
1346,38,Female,Chitwan,84591,8.2,48740.18,25,10829,40,10,2.3,11.53,2.87,Silver,Good,15,649856.16,6438080.19
1347,59,Female,Dharan,229633,5.2,81875.92,3,12738,46,12,35.6,64.89,2.62,Basic,Good,15,1070403.24,5800611.1
1348,53,Female,Lalitpur,225888,2.5,38396.03,32,11902,40,71,53.8,75.95,2.58,Basic,Average,18,532164.36,1246343.26
1349,58,Male,Biratnagar,31351,7.5,19257.77,23,13784,62,31,18.2,85.96,1.26,Basic,Excellent,8,359284.44,3035487.79
1350,55,Female,Dharan,135400,7.1,25407.88,2,3194,18,16,58.3,73.43,4.8,Gold,Good,19,313518.36,3265484.87
1351,51,Male,Lalitpur,140533,2.8,57928.43,15,4095,140,60,7.4,92.35,2.8,Basic,Good,0,781136.16,2722265.3
1352,34,Male,Chitwan,123627,9.1,31469.66,26,1767,142,49,36.6,52.09,4.72,Gold,Excellent,16,415273.02,6079250.43
1353,54,Female,Bhaktapur,206256,1.5,35959.79,37,12268,82,95,54.4,67.74,4.52,Basic,Average,11,582413.88,960702.31
1354,42,Male,Chitwan,148381,9.8,64936.46,37,921,108,83,22.1,36.96,4.31,Silver,Good,8,794157.72,10796353.26
1355,55,Female,Chitwan,115707,8.7,63250.48,42,13993,12,77,6.8,1.04,3.35,Gold,Good,4,784193.16,11161300.62
1356,29,Female,Bhaktapur,220252,7.0,18593.85,4,3766,104,61,76.6,75.67,1.41,Basic,Good,14,281875.8,1971422.65
1357,40,Female,Bhaktapur,101678,9.4,46674.25,6,7517,134,69,73.2,86.99,2.3,Basic,Excellent,12,711182.7,7539670.28
1358,59,Female,Bhaktapur,93309,7.4,37390.67,2,10349,88,58,74.2,17.39,3.41,Basic,Poor,18,585294.84,3760866.13
1359,39,Male,Bhaktapur,245074,2.3,48233.04,55,2600,115,65,78.3,2.86,1.05,Gold,Good,2,623646.48,2158011.88
1360,38,Male,Bhaktapur,30778,4.7,49547.86,20,7629,33,55,15.6,16.45,1.17,Basic,Good,1,632337.87,3368576.89
1361,44,Male,Chitwan,163573,1.2,27642.39,34,13801,118,81,13.5,89.53,3.71,Silver,Poor,12,575986.38,722070.64
1362,48,Male,Pokhara,132713,4.2,66104.92,43,8595,80,88,3.7,29.55,4.55,Basic,Good,6,896399.04,4725420.82
1363,23,Male,Pokhara,153180,7.5,39569.23,55,12631,12,76,71.5,23.37,4.42,Silver,Average,8,497566.56,4805253.33
1364,44,Male,Dharan,245977,4.2,39914.31,31,9376,95,55,60.5,1.46,1.67,Silver,Excellent,9,612579.72,3336235.39
1365,57,Female,Kathmandu,56382,3.6,53373.21,13,2726,53,60,51.0,29.71,4.64,Basic,Poor,0,662150.22,2652411.11
1366,51,Female,Pokhara,242426,6.2,27351.66,11,4888,13,89,74.3,71.56,3.79,Gold,Average,15,337751.52,2860859.33
1367,29,Male,Biratnagar,95787,8.8,23890.83,35,2922,122,87,46.4,95.91,3.87,Premium,Average,10,340162.56,5121636.17
1368,62,Female,Pokhara,43341,1.0,16334.42,17,7726,102,40,11.2,31.27,2.22,Basic,Poor,7,314220.84,279335.48
1369,24,Male,Chitwan,228286,4.2,20909.42,41,9769,131,16,15.0,24.07,3.86,Gold,Good,12,442873.89,2841083.66
1370,27,Male,Bhaktapur,165439,2.0,53918.66,47,12677,58,80,11.4,88.81,3.84,Basic,Excellent,15,757313.82,1753664.77
1371,62,Female,Dharan,139967,7.1,64116.89,30,12532,4,75,25.3,85.25,3.38,Gold,Good,2,776921.88,9216639.29
1372,34,Female,Bhaktapur,246280,1.5,68458.86,16,12008,66,29,31.0,32.82,2.43,Basic,Average,12,940385.52,1406091.95
1373,43,Female,Butwal,151066,6.8,45103.87,49,7816,115,37,64.0,6.88,4.24,Gold,Average,16,676072.44,6351529.47
1374,38,Male,Butwal,220940,3.2,82403.2,12,3343,36,55,16.1,99.2,4.75,Basic,Good,5,1006890.6,4067996.7
1375,45,Female,Butwal,163074,2.4,73101.85,45,12131,23,18,58.3,68.07,4.48,Gold,Good,9,919074.15,3581144.05
1376,63,Female,Chitwan,105820,9.4,18157.21,35,4611,19,87,39.8,92.66,1.97,Gold,Good,8,231027.87,3201177.78
1377,19,Female,Biratnagar,79949,0.7,47830.08,37,12963,40,88,80.0,34.19,2.78,Basic,Good,17,651738.96,466865.14
1378,60,Female,Pokhara,166772,4.7,56811.09,31,6159,72,94,62.4,64.77,2.37,Basic,Average,16,748250.28,3307143.02
1379,18,Female,Chitwan,230377,0.7,52233.23,36,14217,144,23,77.5,67.45,3.83,Gold,Good,6,933885.96,1068754.03
1380,53,Female,Kathmandu,82543,5.1,56487.54,10,14278,58,76,28.0,87.29,4.33,Silver,Good,1,802069.08,6136004.45
1381,43,Female,Dharan,180390,5.3,63146.18,19,2403,107,37,10.7,99.31,1.86,Premium,Poor,10,796322.31,5984276.88
1382,46,Female,Bhaktapur,240931,3.6,29384.89,20,4724,18,30,41.0,10.87,4.79,Premium,Excellent,17,365373.48,2467214.42
1383,38,Female,Butwal,47610,1.8,8499.38,40,11986,36,56,10.8,63.11,3.71,Gold,Average,2,166716.96,450904.14
1384,28,Male,Lalitpur,223571,4.1,82331.93,5,5479,129,43,39.9,33.64,1.87,Silver,Good,13,1094001.81,5313438.67
1385,57,Female,Kathmandu,224446,6.9,65814.5,7,5863,1,33,22.3,81.17,2.48,Basic,Excellent,19,790653.45,5719345.45
1386,28,Male,Butwal,85226,7.9,73783.48,52,925,64,15,39.8,75.41,1.42,Premium,Average,12,894281.76,10649390.94
1387,53,Male,Biratnagar,65167,5.5,21682.34,34,2901,62,19,76.0,89.25,3.39,Basic,Poor,16,287167.38,1403515.77
1388,56,Female,Kathmandu,228851,6.1,34380.34,33,9441,110,39,23.8,34.37,1.68,Silver,Good,10,568340.58,4209977.13
1389,57,Female,Chitwan,179011,2.4,38611.87,17,13531,75,35,79.5,18.45,3.77,Basic,Average,6,615566.19,1665654.32
1390,52,Female,Pokhara,212437,3.2,48683.97,12,13814,146,46,19.1,2.18,3.95,Premium,Good,2,886734.24,5750782.26
1391,51,Male,Bhaktapur,87381,2.0,36358.11,23,13266,16,88,17.4,25.55,2.92,Basic,Excellent,2,468135.72,1221186.15
1392,64,Female,Dharan,66710,2.9,51788.16,37,13763,17,33,44.0,36.72,1.38,Premium,Good,1,656553.57,3480052.84
1393,41,Male,Biratnagar,36766,2.6,13240.76,51,7748,24,68,67.5,94.61,3.44,Silver,Good,15,186781.92,578758.31
1394,39,Female,Biratnagar,122416,5.4,10606.08,24,543,98,64,60.2,49.14,2.49,Basic,Good,10,135255.06,804132.09
1395,22,Female,Lalitpur,32780,5.8,24855.22,27,6798,130,56,58.2,55.64,4.8,Gold,Excellent,13,430823.64,4204037.38
1396,50,Female,Kathmandu,68458,9.5,64761.65,32,5542,138,44,23.3,88.01,3.05,Basic,Good,2,891859.2,10346697.16
1397,53,Female,Lalitpur,76221,2.4,42877.06,30,2059,14,23,2.8,88.51,1.29,Basic,Excellent,6,518848.62,1450914.55
1398,64,Female,Pokhara,21509,6.6,50550.81,6,6535,112,88,13.8,52.79,3.54,Gold,Good,7,716397.72,7548613.15
1399,37,Female,Butwal,109493,8.3,49417.76,55,7571,66,69,28.6,11.37,4.12,Basic,Poor,12,667966.02,5282802.95
1400,36,Male,Pokhara,185418,5.8,38584.27,39,4694,82,78,77.8,27.05,1.64,Basic,Good,18,520747.44,2897040.77
1401,52,Male,Butwal,233871,2.9,33203.18,26,12160,93,97,73.7,45.69,2.8,Silver,Excellent,10,568070.16,2229720.0
1402,60,Female,Lalitpur,136850,3.0,72008.4,35,4451,72,30,16.9,75.12,3.97,Silver,Average,0,912171.6,3776586.55
1403,34,Female,Bhaktapur,197946,0.9,17062.08,13,12958,101,41,58.3,71.17,1.08,Gold,Good,18,401058.66,455724.87
1404,62,Male,Pokhara,177220,3.4,55908.99,23,647,49,46,46.7,64.27,1.12,Basic,Good,12,675663.33,2321012.31
1405,60,Female,Lalitpur,51533,7.6,20134.93,10,2670,90,11,4.9,88.02,3.71,Basic,Excellent,16,277664.16,2395891.49
1406,51,Male,Kathmandu,128144,1.0,66016.78,21,8803,37,78,30.4,80.26,3.9,Basic,Good,8,841058.01,963572.4
1407,26,Male,Lalitpur,142402,2.6,48802.96,30,5618,70,46,39.4,98.21,4.38,Silver,Good,18,644624.52,2081925.71
1408,43,Female,Lalitpur,98467,7.2,42466.65,45,7655,33,18,53.7,88.92,2.6,Silver,Excellent,18,547492.05,4825233.3
1409,19,Female,Chitwan,21359,7.9,31374.72,30,7797,28,3,24.3,19.57,2.56,Basic,Excellent,5,409244.04,3976402.25
1410,26,Female,Pokhara,139119,4.8,51620.84,46,4663,88,18,74.8,5.76,3.21,Gold,Good,6,681001.68,5188401.62
1411,26,Male,Dharan,241140,7.1,67806.58,28,8526,4,91,36.7,41.45,4.03,Premium,Excellent,4,818794.56,12337498.29
1412,57,Male,Bhaktapur,211385,4.2,46089.3,55,9519,66,39,20.6,61.75,3.56,Gold,Poor,7,647309.7,3624998.13
1413,34,Female,Bhaktapur,40344,2.0,45630.13,56,10444,77,38,26.0,64.31,2.31,Basic,Good,13,668189.76,1408940.19
1414,18,Female,Chitwan,138499,4.3,23639.24,18,8567,110,64,60.4,26.75,2.39,Silver,Average,17,425026.38,1910190.96
1415,42,Male,Butwal,89778,6.0,42671.63,6,3439,49,6,51.6,85.99,4.05,Gold,Good,19,537336.21,4576963.36
1416,60,Female,Biratnagar,40601,9.5,13620.94,53,6227,128,26,59.6,32.92,3.14,Basic,Excellent,2,283009.68,3479018.4
1417,57,Male,Butwal,170188,1.2,76693.37,46,12420,139,74,24.1,91.91,1.39,Premium,Good,7,1179277.44,2445585.65
1418,59,Female,Bhaktapur,208057,5.3,66947.14,14,8564,35,93,26.8,47.16,1.61,Premium,Good,13,848326.68,7312757.83
1419,42,Female,Lalitpur,121013,3.6,40689.65,43,4116,138,23,32.3,1.04,4.4,Basic,Average,13,573477.0,2175291.97
1420,56,Male,Chitwan,50782,5.3,31915.89,16,5905,74,94,15.9,16.2,5.0,Silver,Excellent,6,448536.18,3695414.12
1421,52,Male,Kathmandu,131095,0.7,24442.51,16,7785,69,64,55.6,10.23,2.34,Basic,Average,5,373884.87,247675.35
1422,20,Female,Pokhara,200891,3.5,79099.03,19,12415,34,36,27.0,4.4,2.55,Basic,Average,5,1012504.86,3802369.99
1423,54,Female,Pokhara,235488,8.3,87476.61,51,10969,124,56,26.8,71.4,1.62,Gold,Good,11,1253742.72,14603640.13
1424,61,Female,Dharan,220107,5.8,87027.67,3,8851,111,21,22.3,19.23,1.94,Premium,Good,14,1191701.19,11279302.36
1425,61,Female,Pokhara,117123,4.8,25972.21,24,12057,32,6,36.8,83.86,2.7,Premium,Good,18,369540.12,2862024.11
1426,47,Female,Lalitpur,64458,3.2,32926.48,44,6380,16,40,62.0,26.45,2.14,Basic,Average,3,410429.76,1402212.68
1427,55,Female,Kathmandu,242628,3.3,42371.78,14,14596,68,64,67.0,3.23,3.81,Premium,Good,2,657340.56,4357807.91
1428,51,Female,Chitwan,144225,4.1,29072.33,44,10925,54,33,64.6,82.07,3.15,Gold,Excellent,12,437360.46,2825244.64
1429,29,Male,Chitwan,159152,8.4,89322.5,5,1513,124,64,50.1,46.61,4.29,Gold,Excellent,15,1100011.8,14807082.34
1430,36,Male,Pokhara,239815,9.7,61419.73,48,13664,112,75,23.2,59.95,3.9,Premium,Excellent,12,966591.96,18122964.77
1431,54,Male,Kathmandu,185029,4.7,33067.94,55,9243,60,41,59.1,33.62,1.51,Silver,Excellent,9,480002.28,2914849.92
1432,61,Female,Kathmandu,164980,4.2,44109.13,56,7891,78,18,4.1,4.6,1.49,Basic,Average,12,621634.26,2463542.53
1433,34,Male,Kathmandu,116188,8.5,26853.35,26,1675,76,80,64.1,37.02,4.58,Basic,Good,7,341335.2,3598212.92
1434,27,Female,Bhaktapur,246952,4.6,84436.22,12,9855,60,74,62.6,51.83,4.28,Basic,Good,11,1101929.64,5921915.75
1435,64,Female,Bhaktapur,141292,5.7,68688.95,51,14178,85,33,53.9,1.17,2.87,Silver,Average,7,1005036.9,6995268.53
1436,29,Female,Pokhara,110570,2.7,66471.65,49,5747,112,24,8.7,57.43,1.52,Basic,Poor,8,894209.4,2155401.62
1437,33,Male,Kathmandu,242396,7.6,45683.39,43,8018,80,76,79.8,89.3,4.59,Silver,Good,9,644416.68,6811998.0
1438,41,Male,Biratnagar,229359,5.6,77868.78,13,6790,118,61,60.8,21.78,1.92,Basic,Good,6,1054608.36,6545122.83
1439,36,Male,Kathmandu,143791,8.2,43256.85,14,1808,2,78,59.0,92.68,1.14,Premium,Poor,2,519624.6,6386890.57
1440,25,Male,Chitwan,198554,7.9,78931.36,10,10184,23,83,6.1,9.76,4.7,Basic,Average,4,982311.12,9197829.2
1441,48,Male,Chitwan,145291,2.5,17336.27,54,9933,46,57,32.5,82.54,4.24,Silver,Excellent,2,276572.94,1072598.5
1442,38,Female,Pokhara,118375,7.3,29162.41,46,13223,73,10,7.8,84.03,3.77,Silver,Average,17,494740.77,4097394.46
1443,34,Female,Biratnagar,58314,8.1,51164.51,39,5327,54,70,29.5,25.78,1.14,Basic,Good,18,657122.82,4968683.07
1444,40,Female,Kathmandu,225993,3.8,80990.57,7,5764,71,63,46.1,95.78,3.11,Gold,Good,9,1033273.44,5993209.81
1445,54,Female,Butwal,234840,2.1,47292.17,44,14652,125,65,70.4,41.66,3.61,Silver,Excellent,8,842231.04,2548836.32
1446,33,Male,Biratnagar,128880,0.5,11317.07,52,14088,81,23,23.4,14.13,4.04,Silver,Good,6,306974.04,216025.59
1447,23,Female,Dharan,120326,4.8,58560.84,44,2277,9,33,50.2,59.17,2.88,Gold,Average,0,705804.03,5236127.91
1448,25,Female,Pokhara,166903,3.8,10647.0,11,559,70,48,14.0,99.66,4.81,Basic,Average,9,133633.5,547868.99
1449,42,Male,Chitwan,141026,5.8,49728.49,24,10325,84,3,29.0,89.93,1.98,Gold,Good,1,726836.88,6694205.99
1450,35,Female,Butwal,171197,2.3,54266.11,16,7486,74,86,75.8,27.86,1.28,Gold,Poor,5,734287.92,2070723.6
1451,42,Male,Chitwan,82451,8.7,22494.63,46,11143,73,93,60.1,57.7,2.33,Gold,Good,5,391951.41,5254607.12
1452,29,Female,Bhaktapur,65708,2.9,44889.26,24,8360,12,53,44.1,11.54,3.65,Basic,Good,7,553719.12,1893547.03
1453,32,Female,Pokhara,37682,2.7,28354.81,41,13925,32,89,20.9,46.18,3.95,Basic,Average,17,407097.72,1116068.53
1454,43,Male,Pokhara,122406,5.1,8144.45,38,14306,83,89,31.0,52.31,3.95,Silver,Average,6,275843.1,1814542.7
1455,58,Female,Kathmandu,233896,5.2,59960.28,35,9027,33,15,13.4,31.53,1.44,Basic,Average,17,764207.01,3558706.51
1456,62,Female,Kathmandu,186866,2.5,77733.76,17,9522,64,38,28.9,48.42,4.54,Basic,Poor,0,1024216.32,2813224.91
1457,43,Female,Bhaktapur,79372,3.1,63594.22,46,2092,48,28,12.9,91.99,2.12,Basic,Excellent,13,778193.04,2660832.15
1458,64,Male,Butwal,59477,2.1,50072.94,52,4880,16,25,63.8,50.01,1.84,Silver,Excellent,19,612587.28,1498603.8
1459,49,Female,Dharan,204935,7.3,47197.06,42,14964,114,65,7.4,83.1,3.46,Basic,Average,6,822249.12,6630008.58
1460,27,Male,Lalitpur,241013,7.8,80007.17,48,14703,26,71,16.0,31.74,1.85,Premium,Average,19,1017427.74,11240058.05
1461,33,Male,Biratnagar,189809,4.9,55422.8,33,6597,54,27,55.6,97.14,3.03,Gold,Excellent,6,718509.3,5918848.3
1462,24,Male,Lalitpur,153692,7.3,52340.21,39,6958,37,55,72.3,9.35,2.63,Basic,Good,3,666699.42,5784593.43
1463,34,Female,Lalitpur,186129,7.5,55165.02,41,9651,9,16,77.2,58.56,1.93,Gold,Excellent,4,675009.09,8282465.04
1464,40,Female,Pokhara,191210,1.8,50943.96,57,6217,13,30,67.0,78.99,2.17,Premium,Good,0,623450.67,2129179.01
1465,43,Female,Biratnagar,230462,9.7,56615.1,47,4666,60,75,17.7,81.4,2.71,Basic,Good,19,721375.2,6965024.86
1466,38,Female,Pokhara,73024,8.3,67148.3,6,6988,106,29,23.6,19.83,2.38,Basic,Excellent,2,916888.8,9581233.6
1467,39,Male,Dharan,160749,2.4,38589.27,18,8657,126,60,69.8,40.16,2.53,Basic,Good,12,626688.54,1625052.97
1468,24,Male,Biratnagar,195183,2.3,51413.74,23,9813,80,74,71.3,62.42,3.94,Gold,Good,6,734720.88,2778838.63
1469,31,Male,Chitwan,175146,1.7,37736.93,40,5919,128,22,51.6,31.59,1.67,Basic,Good,5,566487.96,1079095.6
1470,32,Male,Pokhara,37824,1.8,62349.29,42,10915,130,11,25.8,65.83,3.51,Gold,Excellent,5,961033.98,2992476.83
1471,24,Male,Pokhara,151837,7.6,51087.84,49,12508,60,5,18.7,37.88,3.71,Gold,Excellent,1,725626.08,10032111.44
1472,26,Male,Pokhara,196511,5.0,59135.03,19,13671,115,63,68.3,35.09,4.21,Gold,Average,15,945445.11,6564074.5
1473,25,Male,Butwal,117151,7.9,27181.95,29,9790,43,5,17.2,10.81,4.39,Silver,Average,5,389328.9,4102158.58
1474,40,Male,Bhaktapur,68926,7.6,31487.92,14,8834,147,7,53.3,3.93,1.63,Silver,Poor,7,572644.74,4539130.62
1475,46,Male,Pokhara,187932,6.2,33043.66,51,11670,124,91,77.5,83.53,1.55,Basic,Excellent,10,613585.92,4234791.88
1476,35,Male,Dharan,32975,7.0,58304.26,43,1546,139,81,56.7,48.95,3.46,Silver,Average,17,731885.22,5725953.81
1477,48,Female,Kathmandu,94877,0.7,36178.38,2,9760,47,73,21.4,56.29,4.03,Silver,Poor,5,502948.56,411151.37
1478,47,Female,Kathmandu,244749,3.5,23488.49,54,8136,63,93,23.3,37.22,2.09,Premium,Excellent,13,358747.08,2232015.66
1479,56,Female,Biratnagar,97870,6.6,67959.06,51,4687,135,17,8.3,13.67,3.1,Gold,Good,14,910420.47,8675035.18
1480,52,Male,Chitwan,101371,0.6,63034.3,20,3840,94,39,55.2,44.96,4.09,Basic,Excellent,10,810555.6,602086.32
1481,35,Male,Bhaktapur,177620,0.8,46702.14,35,6677,123,50,42.0,22.9,4.07,Basic,Good,14,683616.33,600912.62
1482,59,Female,Butwal,120970,8.6,35465.14,5,5273,31,62,17.3,83.77,3.62,Gold,Average,12,450101.13,5438394.7
1483,56,Male,Biratnagar,241647,7.0,85955.57,44,3935,55,66,19.0,98.68,1.32,Premium,Average,5,1063930.59,12083429.69
1484,34,Male,Kathmandu,118066,3.0,39656.12,4,12471,30,84,1.7,88.91,1.2,Basic,Good,3,531992.94,1747816.2
1485,31,Male,Bhaktapur,189808,7.0,48007.66,42,7800,36,51,78.3,52.83,2.55,Gold,Poor,13,618211.92,5162363.43
1486,48,Male,Bhaktapur,81562,8.0,24672.87,11,7402,50,18,66.4,62.81,1.11,Silver,Good,12,351589.44,3258068.62
1487,41,Male,Chitwan,60409,3.4,50512.2,29,13169,142,29,32.1,94.81,4.62,Silver,Good,9,886646.1,4179486.71
1488,52,Male,Dharan,235173,0.8,26205.88,35,6299,29,45,75.7,53.87,1.08,Silver,Average,11,341871.21,309564.74
1489,61,Female,Bhaktapur,29834,9.4,29328.97,40,1465,117,13,54.5,63.86,1.12,Gold,Good,7,377658.39,5068215.4
1490,62,Male,Pokhara,122192,3.8,15345.37,48,7944,36,71,60.4,62.92,1.66,Basic,Excellent,19,227042.04,879252.41
1491,51,Male,Bhaktapur,20840,1.5,19288.92,20,9871,21,72,54.7,70.81,3.51,Gold,Excellent,4,262560.69,707580.92
1492,20,Female,Chitwan,230481,5.2,62488.93,43,11126,38,73,60.8,64.03,3.17,Silver,Good,1,813285.36,6012823.36
1493,54,Male,Biratnagar,51568,7.8,61062.92,57,7178,75,4,14.5,67.07,3.64,Silver,Average,19,813507.54,6982484.54
1494,60,Male,Chitwan,30846,2.6,22832.69,53,1000,126,50,45.4,72.59,4.57,Silver,Excellent,11,292892.28,1117842.11
1495,57,Female,Butwal,156971,3.1,49255.04,47,5054,37,22,68.1,80.91,2.82,Basic,Good,5,619110.18,2211300.2
1496,43,Male,Chitwan,106038,2.8,14786.51,37,549,120,9,2.5,40.31,1.18,Basic,Excellent,14,187320.12,556636.68
1497,40,Male,Kathmandu,217173,9.9,36737.72,58,9661,147,65,10.8,74.58,4.05,Silver,Good,17,653877.69,8051444.13
1498,61,Male,Pokhara,189845,2.4,64983.04,44,1487,118,93,20.4,10.02,4.25,Silver,Good,17,806116.38,2373481.04
1499,56,Male,Dharan,149789,6.0,52191.39,4,13319,1,60,24.3,87.62,1.2,Basic,Excellent,9,628294.53,4197925.71
1500,32,Female,Kathmandu,127460,9.3,9938.84,24,13791,55,31,15.4,29.0,1.97,Silver,Good,6,233041.83,2791872.58
1501,21,Female,Biratnagar,94723,1.9,39502.83,18,7271,59,33,50.3,40.35,4.08,Gold,Poor,9,538382.31,1360915.34
1502,46,Male,Lalitpur,223834,9.7,69517.57,8,1615,51,76,24.2,80.36,2.5,Silver,Good,4,846565.59,11020975.23
1503,39,Female,Biratnagar,124194,9.5,34640.58,27,4432,107,21,13.5,63.7,2.89,Silver,Poor,15,486820.56,4660270.51
1504,42,Male,Pokhara,131417,8.9,45091.78,44,10171,143,17,72.6,30.86,4.29,Gold,Good,18,759269.31,9803773.41
1505,30,Male,Bhaktapur,155383,2.5,49687.24,19,4934,8,26,55.9,22.54,1.38,Basic,Good,2,602167.68,1721833.19
1506,35,Female,Chitwan,76888,6.5,43004.95,47,11816,94,61,20.4,95.77,3.71,Silver,Average,6,682665.0,5686448.04
1507,50,Male,Lalitpur,61616,7.7,63611.97,47,4067,142,46,29.5,8.78,1.86,Basic,Excellent,18,849970.74,6751597.0
1508,33,Male,Pokhara,203206,9.9,76936.9,7,2158,97,10,59.5,0.43,1.25,Silver,Good,11,954641.7,11085424.2
1509,62,Male,Kathmandu,242297,2.2,84990.03,32,10568,7,52,63.5,67.29,3.65,Silver,Average,9,1030976.76,2771779.19
1510,59,Male,Chitwan,26083,7.8,34424.91,30,14661,18,62,14.9,61.45,1.49,Basic,Average,4,452683.62,3624544.67
1511,61,Male,Biratnagar,163670,3.7,21972.12,10,8444,12,41,75.0,73.76,3.99,Basic,Excellent,1,278864.64,1436494.28
1512,19,Female,Kathmandu,102476,2.2,48819.15,55,10743,2,62,63.0,73.16,1.81,Basic,Good,2,589052.7,1505390.04
1513,52,Male,Pokhara,112416,4.5,40489.9,36,6300,93,68,68.7,86.33,1.19,Silver,Excellent,13,573763.8,3140989.05
1514,59,Male,Pokhara,22580,8.0,30870.25,18,4876,149,81,12.4,92.21,1.4,Basic,Poor,14,479421.6,3184964.64
1515,51,Male,Biratnagar,142834,4.9,27804.24,13,14101,7,77,12.3,77.5,4.37,Basic,Average,19,348456.93,1691559.44
1516,47,Female,Lalitpur,132148,5.6,61821.87,37,14908,12,16,25.1,23.23,2.48,Gold,Good,12,768696.84,6180956.75
1517,30,Female,Biratnagar,208467,10.0,52329.59,53,13948,84,54,6.1,46.35,2.21,Basic,Good,16,803699.88,8109587.33
1518,30,Female,Bhaktapur,62321,4.3,36171.1,49,8517,57,5,8.2,64.17,2.96,Silver,Average,19,506873.55,2302113.07
1519,35,Female,Kathmandu,29386,6.3,61714.17,25,3315,78,24,12.3,53.94,3.53,Premium,Excellent,3,779355.54,10300545.0
1520,49,Female,Lalitpur,73171,4.0,18158.62,11,1470,74,28,57.3,15.89,1.15,Gold,Average,18,234220.44,1082061.02
1521,49,Male,Chitwan,170594,4.2,12584.58,59,8320,23,38,3.4,58.93,4.59,Basic,Excellent,14,179718.96,920858.23
1522,52,Female,Butwal,216604,7.1,85189.54,31,13785,30,78,7.6,88.65,4.83,Silver,Good,14,1084306.98,10212027.68
1523,56,Female,Bhaktapur,242832,9.4,31339.01,30,6012,111,44,75.6,41.85,2.67,Gold,Average,8,476167.92,6256236.13
1524,63,Female,Lalitpur,165707,5.7,33120.43,40,707,58,38,7.6,66.89,2.65,Premium,Good,2,403596.06,4430393.42
1525,46,Female,Butwal,151743,7.8,78140.17,11,759,95,86,43.5,61.59,4.51,Silver,Excellent,1,948497.79,11871603.59
1526,46,Male,Butwal,53545,1.3,17148.68,40,5525,52,30,51.8,37.7,2.72,Silver,Good,6,248879.16,443543.92
1527,61,Male,Kathmandu,205151,2.5,64918.67,56,4858,56,30,76.7,56.53,4.42,Premium,Good,8,819831.24,3978927.05
1528,33,Male,Pokhara,46855,5.3,49153.08,29,9474,10,50,72.1,21.02,1.11,Basic,Good,4,604047.96,3506127.59
1529,61,Female,Chitwan,55790,0.7,59922.34,19,1004,147,76,35.8,54.61,2.96,Silver,Excellent,16,741206.28,640173.87
1530,64,Male,Biratnagar,71012,2.9,67456.41,42,10265,147,52,75.4,79.88,4.81,Silver,Excellent,2,1035820.17,4817816.8
1531,27,Male,Kathmandu,137827,5.4,17607.57,55,12990,108,51,35.1,75.89,2.01,Premium,Good,8,421728.84,3981043.28
1532,47,Female,Bhaktapur,34260,0.6,14473.78,51,2259,87,29,53.9,35.8,2.06,Premium,Good,7,203165.31,226514.53
1533,42,Male,Dharan,216211,3.0,34176.62,18,8014,84,75,21.5,11.21,3.52,Basic,Average,8,511095.84,1652134.11
1534,56,Female,Butwal,21074,5.4,14421.97,12,14801,4,6,51.3,79.99,4.7,Basic,Excellent,16,181944.24,1161342.77
1535,37,Male,Bhaktapur,193748,5.9,23450.69,2,14887,97,57,43.5,26.5,1.79,Basic,Poor,7,498014.13,2665903.26
1536,22,Male,Butwal,160547,9.3,67304.99,18,8260,112,65,48.9,5.3,4.69,Basic,Good,13,946427.88,10214879.57
1537,18,Male,Pokhara,229486,6.6,40701.05,37,14167,141,90,54.9,44.52,3.65,Silver,Average,15,788044.65,6010539.06
1538,47,Female,Dharan,166192,4.4,42553.35,37,4294,67,98,14.7,73.95,4.97,Silver,Good,17,553794.9,3122857.89
1539,20,Male,Pokhara,174219,9.3,71545.98,47,4090,140,18,24.8,80.85,3.95,Silver,Good,16,944441.76,10970327.39
1540,62,Male,Chitwan,21986,8.0,50559.84,10,12832,93,98,59.2,98.22,3.67,Gold,Good,6,785724.48,10184333.37
1541,31,Female,Biratnagar,183502,2.4,24255.04,46,7470,95,90,13.9,18.94,4.26,Basic,Excellent,19,397507.98,1063280.48
1542,47,Male,Chitwan,75479,1.7,15331.94,29,10093,41,98,28.2,29.38,1.7,Silver,Average,14,246055.23,424884.84
1543,21,Female,Pokhara,234038,6.9,67212.27,49,9480,2,56,53.7,60.95,4.78,Premium,Average,6,809391.24,10386645.17
1544,35,Female,Pokhara,150833,5.8,56034.23,34,14223,22,10,75.1,81.13,1.66,Silver,Excellent,1,719346.66,5915173.45
1545,54,Male,Bhaktapur,22176,8.0,54889.34,4,6785,41,92,6.9,23.41,1.1,Basic,Average,1,700399.83,5821863.25
1546,42,Female,Pokhara,104258,7.5,29925.08,52,3829,95,90,41.8,40.99,3.79,Basic,Good,6,413664.21,3733857.68
1547,18,Male,Dharan,135188,6.4,44280.45,9,11536,116,69,7.5,40.84,1.74,Basic,Excellent,18,732091.8,4812419.88
1548,63,Female,Dharan,104153,9.9,63513.64,51,12677,120,74,31.0,77.29,4.04,Gold,Excellent,5,990349.68,17396077.33
1549,32,Male,Lalitpur,212990,5.6,61727.75,7,14872,14,80,14.9,24.09,4.18,Basic,Good,11,771964.2,5029270.26
1550,26,Female,Butwal,178187,1.6,48024.48,53,4512,93,17,52.3,96.88,1.95,Gold,Good,14,639236.16,1419717.37
1551,32,Male,Kathmandu,97442,8.4,6749.66,59,2592,35,17,60.9,51.05,1.35,Gold,Good,12,94603.92,1088714.87
1552,41,Female,Pokhara,60002,2.9,48180.18,7,3467,9,14,20.5,28.21,3.0,Silver,Average,6,582842.61,2085436.34
1553,21,Male,Chitwan,77124,7.9,37317.23,30,14443,118,79,57.3,28.43,4.56,Basic,Average,6,703447.86,6425118.55
1554,29,Male,Biratnagar,157682,9.6,47089.62,38,9761,96,87,36.3,1.83,4.39,Silver,Excellent,14,705633.84,9402944.79
1555,54,Male,Butwal,69752,7.1,70186.1,13,2175,59,86,23.4,69.24,1.47,Gold,Average,3,861481.95,8590190.58
1556,54,Male,Butwal,98947,6.2,22380.72,10,11304,56,74,42.3,77.59,4.86,Basic,Good,2,363522.24,2955793.06
1557,60,Female,Biratnagar,138972,4.9,54702.52,42,4896,10,64,31.0,3.24,2.06,Premium,Good,0,663774.24,6198516.27
1558,23,Male,Biratnagar,94716,4.0,29975.36,50,787,25,42,19.2,58.59,2.4,Silver,Average,6,362655.57,1773293.59
1559,56,Female,Butwal,199065,3.9,46601.75,20,1285,11,54,60.8,78.17,1.6,Silver,Average,8,561341.25,2495863.8
1560,63,Female,Lalitpur,30073,6.5,48126.14,18,2816,101,69,64.0,37.62,2.51,Silver,Excellent,0,620176.08,5954663.3
1561,41,Female,Chitwan,57251,7.6,20735.23,55,3338,9,75,64.2,43.27,3.54,Silver,Good,4,253329.06,2708393.12
1562,28,Male,Lalitpur,116496,6.9,28073.68,49,7729,135,10,31.2,36.16,3.02,Silver,Good,14,493396.41,4168793.39
1563,30,Male,Pokhara,222509,2.4,40629.37,45,12329,71,52,14.4,31.57,4.31,Silver,Poor,3,618856.29,1819134.53
1564,51,Female,Kathmandu,58897,5.2,43762.1,33,8637,83,49,67.4,49.11,3.57,Basic,Poor,9,632675.85,3181497.23
1565,42,Male,Biratnagar,201978,8.0,81820.75,36,8618,20,81,27.0,16.61,2.05,Basic,Average,1,1007703.0,8822139.49
1566,24,Male,Dharan,71616,5.0,15137.26,15,11320,114,50,60.1,44.07,3.23,Basic,Average,6,375219.12,2046851.81
1567,21,Female,Chitwan,24482,5.6,46994.35,50,1765,89,19,65.6,94.18,1.26,Silver,Average,18,587494.95,3305337.27
1568,25,Female,Biratnagar,127990,7.8,38565.88,55,3483,5,11,61.7,2.74,3.32,Silver,Good,5,465402.81,4996222.47
1569,37,Female,Lalitpur,242036,6.8,74673.57,17,6401,112,86,31.8,16.47,2.56,Gold,Poor,14,1003619.64,8056993.27
1570,46,Male,Bhaktapur,224008,4.4,55005.47,22,8431,55,55,75.1,77.77,1.39,Basic,Poor,19,729621.39,2449734.21
1571,62,Female,Pokhara,190646,9.0,61301.43,13,14607,89,80,53.2,13.21,2.23,Basic,Poor,11,930620.61,7446722.44
1572,63,Male,Kathmandu,63284,2.0,42511.42,25,11707,15,16,46.5,27.13,4.59,Basic,Good,10,536477.79,1278558.33
1573,27,Male,Pokhara,92932,10.0,67736.46,35,8643,4,12,56.1,45.48,3.34,Basic,Good,2,818023.32,10104539.18
1574,60,Female,Bhaktapur,27338,1.6,9715.25,9,8530,78,41,4.5,94.32,4.61,Basic,Good,19,216384.0,354470.15
1575,51,Male,Kathmandu,193790,0.6,46143.76,45,8762,120,48,31.9,18.35,2.64,Gold,Good,16,711441.12,596243.53
1576,43,Male,Bhaktapur,163572,9.0,67859.2,22,13622,113,21,70.6,92.31,4.92,Gold,Good,6,1045203.3,16076975.06
1577,58,Male,Pokhara,162617,2.8,45217.12,49,11152,21,99,13.7,71.85,2.44,Premium,Poor,17,577734.24,2158909.28
1578,20,Female,Lalitpur,81480,7.4,61657.25,9,1111,137,23,33.7,67.11,4.03,Basic,Excellent,16,762718.05,6536252.6
1579,23,Female,Butwal,156313,8.2,65771.63,29,7728,66,49,33.0,72.35,2.22,Gold,Good,15,865766.76,9780672.87
1580,22,Female,Pokhara,240386,8.7,74933.9,17,4023,107,83,29.1,3.12,1.42,Gold,Good,1,963775.95,12964553.19
1581,22,Female,Pokhara,173893,9.9,34322.89,11,6012,112,17,45.4,9.89,4.33,Silver,Excellent,4,512876.28,7845502.39
1582,64,Male,Pokhara,24695,3.3,37839.37,53,4202,117,6,79.7,33.48,4.05,Silver,Average,12,527817.54,2097862.4
1583,40,Male,Chitwan,228138,7.2,71127.93,16,11268,128,66,21.2,7.4,4.28,Silver,Poor,10,1069880.76,8752069.54
1584,26,Male,Bhaktapur,34318,1.6,36450.43,5,5924,102,84,56.7,98.76,2.2,Gold,Excellent,0,528042.36,1418916.67
1585,52,Male,Dharan,70934,4.4,25532.34,27,8882,78,75,60.9,58.04,3.81,Gold,Good,2,410307.48,3083951.32
1586,37,Male,Bhaktapur,173403,8.6,36982.15,16,10439,37,22,47.2,48.73,1.88,Gold,Average,17,501722.25,5278449.37
1587,59,Female,Biratnagar,141282,4.0,75141.72,37,10817,6,62,8.7,78.55,1.05,Basic,Excellent,3,911435.94,4325662.36
1588,52,Male,Bhaktapur,203744,6.1,24607.9,33,14369,82,78,46.2,97.7,4.47,Basic,Poor,8,472033.5,2923592.66
1589,35,Male,Biratnagar,111891,5.3,18736.99,44,2128,86,56,76.3,95.51,3.09,Premium,Average,10,252295.08,2239010.84
1590,34,Male,Chitwan,227932,6.6,46694.04,39,13676,82,25,28.0,79.31,4.93,Silver,Average,16,728543.28,5797337.33
1591,41,Male,Lalitpur,244757,9.7,73541.52,5,8407,51,24,51.5,37.72,2.54,Gold,Good,10,946811.79,13545198.44
1592,20,Female,Biratnagar,88754,1.0,40202.07,42,3872,66,88,76.8,6.6,4.83,Silver,Average,2,520757.64,730314.21
1593,49,Male,Pokhara,105677,6.0,29028.14,10,11688,96,12,64.0,9.84,3.46,Gold,Excellent,18,516644.88,4634405.28
1594,52,Male,Lalitpur,122320,8.7,34896.29,36,8708,145,48,55.4,0.12,3.05,Basic,Poor,19,608154.48,4452407.53
1595,55,Female,Butwal,153909,5.1,58014.44,56,13602,65,3,77.7,0.19,2.21,Basic,Good,10,828792.78,4580225.87
1596,30,Male,Chitwan,145261,1.2,70447.57,29,10289,9,71,14.5,93.64,4.3,Silver,Average,13,859260.99,1256836.64
1597,64,Male,Bhaktapur,125338,5.8,19127.38,38,9758,141,54,62.0,92.7,4.32,Silver,Average,5,435910.26,3370839.41
1598,42,Male,Biratnagar,60077,3.7,32926.39,48,3639,101,12,33.1,66.76,2.67,Basic,Excellent,18,450247.53,1769269.92
1599,26,Female,Dharan,99915,2.0,49949.74,10,12143,31,16,29.5,72.67,3.91,Gold,Good,14,655861.83,1939820.16
1600,21,Female,Pokhara,155311,8.6,59209.35,3,2759,63,74,42.1,51.32,2.79,Silver,Good,10,736584.75,8054770.91
1601,31,Female,Kathmandu,237420,5.5,58424.86,4,2750,59,13,3.7,23.78,3.96,Premium,Poor,17,725435.82,5701793.73
1602,54,Male,Butwal,49669,9.4,20413.83,59,6621,10,37,25.7,91.44,4.98,Basic,Excellent,3,254897.46,3324463.08
1603,51,Female,Kathmandu,68624,8.2,19615.98,54,11465,89,93,14.1,27.77,2.05,Basic,Average,18,388449.51,2861303.33
1604,28,Male,Lalitpur,95147,7.1,54180.12,45,12896,124,24,12.0,73.97,3.54,Premium,Good,2,890027.04,12580916.77
1605,58,Male,Bhaktapur,155222,0.5,58856.77,49,8681,100,28,27.6,24.54,2.52,Gold,Good,11,836496.24,604502.63
1606,20,Male,Dharan,162181,4.6,43316.66,6,783,90,89,64.4,87.01,3.19,Gold,Average,3,530370.42,3689057.24
1607,45,Male,Kathmandu,177088,2.4,68086.57,11,11680,26,15,16.9,65.12,4.5,Basic,Average,11,862590.84,2295565.15
1608,46,Male,Lalitpur,163008,9.2,16016.12,29,14748,77,55,43.0,64.27,2.39,Premium,Good,0,362532.84,6431132.38
1609,26,Female,Chitwan,162108,2.2,42078.97,16,6225,17,28,60.1,9.74,1.29,Gold,Average,15,520821.39,1406217.99
1610,20,Female,Lalitpur,190308,3.2,39843.15,15,13524,68,22,20.0,41.95,4.2,Gold,Excellent,1,616062.6,3658179.09
1611,42,Male,Butwal,165093,5.4,20132.69,47,8418,23,50,74.0,52.49,3.22,Premium,Average,2,270634.38,2668501.77
1612,51,Male,Dharan,56943,3.0,50478.4,24,5737,9,63,69.5,29.4,2.8,Silver,Good,15,613485.75,2211355.47
1613,29,Male,Dharan,133694,2.5,48577.03,14,13719,45,78,20.8,88.1,1.73,Silver,Average,9,675527.61,1932985.82
1614,59,Male,Lalitpur,232079,6.2,53050.47,17,9294,147,73,79.2,83.77,1.37,Silver,Average,8,841538.34,5892291.54
1615,26,Female,Butwal,201088,1.3,98534.98,31,10055,75,45,53.9,49.36,2.11,Gold,Average,13,1295538.51,2188091.51
1616,32,Male,Lalitpur,174316,1.1,82085.32,41,14612,27,45,23.6,34.0,3.88,Gold,Poor,7,1044202.44,1516562.96
1617,57,Female,Dharan,214099,4.0,64703.34,9,12044,141,99,54.8,80.15,2.65,Silver,Average,1,1031170.68,5297543.73
1618,42,Male,Dharan,143351,7.3,59952.93,18,4575,140,62,53.6,19.69,3.28,Basic,Good,10,815510.16,6712212.1
1619,22,Male,Pokhara,58985,5.8,38854.05,31,13278,9,43,48.9,7.15,1.33,Gold,Good,1,484173.9,4345723.29
1620,28,Male,Lalitpur,152574,4.5,31053.15,18,6662,92,24,57.2,4.57,1.49,Silver,Average,14,464573.4,2235599.63
1621,51,Male,Biratnagar,73836,5.9,13533.22,36,13986,77,74,22.2,3.87,1.05,Basic,Average,17,323936.94,1672523.96
1622,41,Male,Lalitpur,119714,4.0,53573.03,2,8136,84,2,78.3,48.89,3.69,Silver,Average,4,745389.96,3914632.23
1623,32,Female,Dharan,23770,9.4,18929.47,50,6237,77,37,68.8,25.53,2.06,Premium,Good,6,299190.99,5023550.44
1624,55,Male,Pokhara,62865,1.0,23046.19,59,9492,29,56,59.9,69.04,4.87,Basic,Good,18,317844.48,372337.38
1625,25,Female,Pokhara,73811,6.9,68346.76,25,9451,73,17,3.1,65.39,2.23,Basic,Excellent,18,923649.57,6681469.9
1626,22,Male,Chitwan,24001,9.0,32039.2,49,8502,88,90,47.6,54.2,2.45,Basic,Average,15,496696.8,4261622.76
1627,43,Male,Butwal,80848,8.1,13655.18,50,13953,106,19,56.8,35.28,2.88,Basic,Average,18,385714.86,2946056.59
1628,35,Male,Bhaktapur,72635,2.2,28274.58,26,14274,147,99,68.5,85.05,2.28,Basic,Average,16,654036.66,1360775.81
1629,23,Female,Kathmandu,40946,3.3,52021.11,3,7572,38,39,75.7,70.97,4.27,Gold,Poor,12,667413.72,2836350.78
1630,54,Male,Kathmandu,217206,7.3,34744.42,26,1993,95,68,73.4,27.15,4.5,Basic,Excellent,7,445333.29,4272096.19
1631,30,Female,Lalitpur,115852,1.3,57078.09,15,13492,39,21,33.1,50.17,1.04,Gold,Good,10,763865.28,1368212.46
1632,45,Male,Chitwan,111103,8.2,66194.84,40,12626,143,20,71.8,15.63,3.62,Basic,Good,17,1065165.78,9250776.01
1633,22,Female,Lalitpur,243116,7.3,44177.23,58,9506,54,14,1.1,32.88,3.74,Premium,Average,10,607125.36,7569376.49
1634,30,Male,Kathmandu,63744,7.4,56322.64,52,13590,110,18,28.8,99.71,4.85,Basic,Excellent,8,900106.68,8739583.03
1635,34,Female,Butwal,137729,1.5,72970.2,34,872,112,79,10.0,22.38,2.48,Silver,Good,13,890292.0,1601628.56
1636,57,Female,Dharan,190231,7.3,36372.9,18,6087,52,31,70.8,69.83,1.78,Basic,Good,1,483953.4,4104216.89
1637,62,Female,Butwal,246884,7.0,53714.4,32,7571,35,87,74.3,23.84,3.08,Silver,Excellent,16,684320.55,6147528.41
1638,49,Male,Butwal,43671,8.4,29642.06,11,11690,37,44,21.2,93.81,2.79,Basic,Excellent,15,420584.22,3938992.3
1639,46,Male,Pokhara,167522,0.9,71719.18,7,14249,78,49,30.0,31.01,4.17,Silver,Poor,4,1027343.46,1113285.47
1640,20,Male,Dharan,165980,0.7,37123.97,40,3391,61,44,78.7,34.67,4.62,Basic,Average,0,476515.29,422566.96
1641,57,Female,Bhaktapur,208347,4.0,89605.47,26,12483,111,94,45.7,59.39,1.35,Gold,Poor,8,1283107.59,6123446.48
1642,51,Female,Dharan,195430,1.9,63880.09,39,7086,114,67,40.3,58.81,4.39,Basic,Good,2,887731.68,2205468.28
1643,57,Female,Chitwan,200119,5.8,79702.58,38,8123,9,54,40.5,57.91,4.64,Basic,Average,13,967397.01,6019648.02
1644,44,Male,Pokhara,186590,9.2,66491.1,31,3819,19,73,56.0,57.33,4.7,Basic,Excellent,17,808777.35,8756409.73
1645,30,Male,Bhaktapur,77813,4.2,56977.65,35,10881,121,79,76.4,31.22,4.06,Silver,Good,11,881221.95,4901587.27
1646,62,Male,Chitwan,116748,8.5,50919.38,19,11141,105,35,30.0,43.44,3.97,Basic,Excellent,13,786503.31,8021300.58
1647,50,Female,Chitwan,157878,0.5,70108.16,25,4467,80,78,14.6,59.34,1.06,Basic,Good,15,894901.92,429308.51
1648,23,Female,Kathmandu,124733,2.1,47879.01,50,1322,26,75,15.6,67.13,4.68,Gold,Excellent,4,579703.92,2221609.04
1649,41,Female,Pokhara,191963,0.8,36063.34,57,721,40,73,2.6,25.31,2.41,Basic,Good,19,437086.08,340386.54
1650,36,Male,Chitwan,146865,3.6,15317.34,28,7380,25,72,44.9,70.15,1.16,Gold,Excellent,19,211483.08,1004668.25
1651,33,Female,Biratnagar,103551,9.1,22273.54,59,12629,99,14,74.4,92.33,2.65,Basic,Good,14,454823.13,4346900.64
1652,57,Female,Butwal,149335,1.4,43662.66,28,10079,118,91,57.3,75.79,3.93,Silver,Good,8,702350.22,1364683.81
1653,45,Male,Chitwan,59220,6.3,31678.73,56,4388,69,57,79.4,8.42,2.77,Premium,Good,16,425560.56,4441322.04
1654,50,Female,Bhaktapur,37158,4.8,33593.54,40,13781,71,60,72.9,46.91,4.03,Basic,Excellent,11,549890.13,3261567.54
1655,58,Female,Kathmandu,100992,9.4,32735.29,22,13999,89,33,39.9,43.53,3.04,Basic,Average,12,579710.13,5550011.97
1656,30,Female,Lalitpur,178660,1.7,57061.66,20,10852,65,84,39.4,33.65,2.2,Premium,Excellent,9,790546.92,2499681.61
1657,60,Female,Butwal,82576,2.5,35179.3,40,5800,64,80,50.6,49.13,1.81,Silver,Good,6,477831.6,1524649.08
1658,62,Male,Kathmandu,108027,0.8,28659.87,24,3770,58,55,9.8,43.96,2.68,Silver,Good,6,376717.44,403894.79
1659,42,Male,Lalitpur,175260,4.6,62836.37,40,10617,112,3,49.0,0.62,1.14,Silver,Excellent,7,932402.04,5592540.66
1660,59,Female,Pokhara,243687,3.1,77863.31,49,5193,123,38,37.7,23.66,2.69,Basic,Good,14,1030170.57,3380908.98
1661,53,Male,Pokhara,78830,8.8,31486.99,45,11643,97,84,51.8,21.38,1.27,Gold,Good,17,547249.53,6189049.2
1662,44,Female,Chitwan,155091,6.2,66566.68,48,13272,106,98,45.7,34.93,4.51,Gold,Average,0,1009824.96,10341061.13
1663,55,Female,Biratnagar,32419,6.3,21503.24,16,8066,4,34,25.5,17.45,3.3,Silver,Poor,9,262878.48,1801074.28
1664,24,Female,Pokhara,53697,5.6,35989.71,44,4493,129,2,49.0,6.78,3.58,Premium,Good,18,518816.07,4854475.03
1665,22,Female,Dharan,104932,1.4,24658.51,3,3098,26,29,29.9,19.66,2.16,Silver,Average,2,307984.32,519926.72
1666,60,Male,Chitwan,139712,4.7,40812.01,36,2166,33,18,16.4,85.42,1.9,Silver,Good,6,500465.82,3012469.98
1667,62,Male,Butwal,115428,10.0,69598.33,52,11773,27,58,54.3,79.7,3.83,Premium,Average,3,882860.61,16294021.85
1668,48,Male,Kathmandu,159045,8.4,46298.12,21,14838,42,71,25.2,44.21,3.69,Basic,Average,4,649056.84,6227722.27
1669,40,Male,Pokhara,106649,9.0,53069.21,29,14289,71,53,71.2,87.78,1.49,Basic,Good,5,789008.37,7807915.14
1670,59,Male,Dharan,142649,8.3,40946.77,58,12577,64,45,16.7,23.27,1.95,Basic,Average,9,612100.44,5064173.05
1671,27,Male,Kathmandu,31136,1.5,26124.99,59,5257,25,85,48.4,58.42,4.79,Premium,Excellent,11,333213.63,1005873.84
1672,49,Female,Kathmandu,104739,2.7,53581.67,16,10806,72,48,46.2,14.29,2.22,Gold,Average,13,759684.84,2698441.03
1673,60,Female,Biratnagar,82502,0.5,12092.01,17,11444,105,14,16.6,83.34,1.1,Basic,Average,1,325347.12,169795.82
1674,47,Male,Pokhara,182357,3.4,41124.93,34,11860,132,77,35.8,13.06,1.26,Basic,Average,2,728327.16,2563681.72
1675,56,Male,Kathmandu,43039,1.5,51429.88,48,2054,12,31,54.4,3.19,4.1,Basic,Average,0,620855.76,1121114.78
1676,48,Female,Biratnagar,86720,5.0,51049.38,13,6615,58,86,26.2,27.34,4.03,Basic,Good,2,670143.06,4261668.07
1677,35,Male,Biratnagar,143168,6.9,25905.89,40,5937,95,67,10.0,90.09,2.53,Premium,Average,14,395472.93,4235560.01
1678,53,Male,Pokhara,108263,8.8,28924.52,40,6741,139,54,49.6,12.95,1.61,Gold,Good,15,487644.09,5729860.35
1679,19,Male,Biratnagar,79155,7.6,42112.45,44,9772,101,19,18.7,33.07,2.99,Premium,Average,19,653395.2,7411083.4
1680,31,Female,Pokhara,36911,9.4,29103.73,21,12626,108,29,54.8,31.64,2.33,Silver,Average,1,553785.96,6618956.68
1681,30,Male,Dharan,20916,1.0,51033.73,30,587,59,5,67.3,80.16,2.5,Silver,Good,19,617599.71,720984.21
1682,46,Female,Pokhara,79052,0.6,28576.38,44,7615,117,43,10.7,42.15,2.04,Silver,Good,15,476559.81,330050.1
1683,29,Male,Lalitpur,220182,6.8,82368.58,50,11392,109,7,35.6,61.16,1.25,Premium,Good,14,1174682.16,12611345.89
1684,56,Male,Kathmandu,37790,3.2,13464.21,4,3203,22,10,36.1,40.44,4.16,Premium,Average,6,172140.42,998315.16
1685,19,Male,Dharan,234233,2.9,42947.85,49,11651,65,21,51.0,55.15,3.47,Premium,Good,4,628971.45,3569581.44
1686,49,Male,Bhaktapur,156278,3.6,35779.99,6,2918,50,95,27.4,6.24,4.34,Silver,Excellent,4,451244.88,2520264.27
1687,30,Female,Pokhara,141937,3.1,25932.34,3,11114,4,39,34.1,37.4,3.01,Basic,Good,8,317856.48,1115428.57
1688,63,Female,Kathmandu,105053,5.4,40677.56,24,4647,102,69,1.9,85.51,4.94,Silver,Poor,13,559229.82,3430993.26
1689,44,Female,Butwal,69950,4.7,67780.57,27,2247,43,51,10.7,69.11,4.85,Basic,Good,18,827859.99,4271807.4
1690,58,Female,Biratnagar,136211,5.4,73012.54,27,8732,105,61,46.0,98.18,2.09,Basic,Excellent,17,1013679.48,5762923.58
1691,34,Female,Chitwan,76361,6.9,41314.9,8,10830,4,14,18.1,78.79,2.55,Basic,Good,8,502276.8,3897036.56
1692,57,Female,Pokhara,81451,4.2,70463.82,11,538,141,95,12.4,45.15,4.01,Silver,Good,2,856944.54,5256696.74
1693,48,Female,Biratnagar,57696,2.9,17554.93,6,11776,67,43,26.6,67.63,4.11,Silver,Average,10,329007.96,1174279.86
1694,51,Male,Biratnagar,232713,2.1,73917.25,48,7543,55,69,13.9,77.59,4.64,Basic,Good,14,949236.75,2299492.68
1695,41,Male,Biratnagar,219298,3.8,93621.5,13,12371,96,26,5.7,26.97,3.61,Silver,Average,3,1301600.4,6543273.39
1696,62,Male,Biratnagar,122395,7.5,76250.38,33,2651,65,32,23.4,6.0,2.9,Basic,Average,4,940851.81,7741005.72
1697,52,Female,Biratnagar,144121,7.7,29221.0,43,4437,75,13,14.0,40.58,2.51,Silver,Good,17,400568.25,3596960.94
1698,23,Male,Pokhara,66728,6.8,59940.7,32,7386,130,65,64.2,14.47,2.68,Gold,Average,11,863315.4,7991209.68
1699,36,Male,Butwal,75401,2.7,57582.01,23,10782,120,80,5.9,27.72,4.4,Basic,Excellent,0,885060.12,3321466.67
1700,47,Female,Bhaktapur,217298,6.1,71504.93,18,708,86,62,60.0,94.68,4.92,Gold,Average,19,867192.36,7217234.71
1701,24,Female,Lalitpur,45103,5.9,40327.59,21,1099,62,54,31.2,84.71,1.21,Silver,Good,1,494151.78,3773645.62
1702,27,Female,Biratnagar,185335,5.1,54048.12,21,9296,112,27,54.4,59.25,3.32,Silver,Average,8,804750.24,5052135.62
1703,58,Male,Biratnagar,227693,5.7,63788.73,44,14497,126,62,5.2,40.13,3.08,Silver,Good,17,1039458.06,7044222.38
1704,49,Female,Lalitpur,70044,5.2,27552.32,9,11215,77,11,73.7,26.43,2.5,Silver,Excellent,4,460161.09,3417196.41
1705,51,Male,Butwal,77730,5.9,15356.02,48,4209,122,13,61.6,57.15,4.41,Basic,Poor,13,261296.94,1489679.35
1706,45,Male,Dharan,45825,7.3,38785.52,35,10848,8,23,12.1,53.32,3.3,Gold,Excellent,10,478443.84,5676106.03
1707,32,Male,Butwal,227328,1.5,68778.97,50,8226,54,54,18.3,78.08,2.25,Silver,Good,2,891978.24,1832665.69
1708,47,Male,Dharan,57271,7.6,65403.85,24,713,135,22,51.9,92.8,2.78,Basic,Good,8,799284.45,6873272.18
1709,54,Male,Pokhara,97256,1.8,48844.53,39,6223,83,36,73.8,32.89,2.43,Gold,Poor,1,663610.71,1595082.1
1710,46,Female,Kathmandu,197804,1.1,40081.73,54,14504,103,72,36.2,20.63,2.72,Gold,Good,13,705067.56,1126493.77
1711,39,Male,Chitwan,86433,9.8,17420.04,29,7052,100,83,39.4,40.28,1.29,Basic,Average,1,314820.48,3278398.5
1712,21,Female,Chitwan,233702,9.6,41251.35,14,10268,32,28,19.8,43.75,1.45,Gold,Excellent,9,544302.6,7910479.91
1713,37,Female,Kathmandu,121999,1.1,36495.47,30,11510,62,61,31.3,3.99,3.49,Silver,Excellent,18,544988.64,747898.19
1714,49,Male,Pokhara,43572,4.7,63548.78,9,10816,30,48,23.6,86.17,3.74,Basic,Good,1,811257.36,4830468.38
1715,53,Male,Chitwan,58546,2.3,26595.39,12,6738,106,67,28.7,99.56,3.55,Gold,Excellent,15,426278.88,1497419.5
1716,21,Male,Butwal,166222,5.1,37938.26,48,8960,39,97,2.6,92.32,4.05,Silver,Average,5,507675.12,3406025.25
1717,44,Female,Lalitpur,74165,8.4,69862.07,46,2908,133,16,4.2,86.07,4.77,Basic,Excellent,11,896359.44,9521044.2
1718,34,Male,Kathmandu,83690,9.5,16305.14,19,11269,22,25,54.8,99.26,4.44,Premium,Good,6,232849.38,4400401.15
1719,29,Male,Butwal,204736,6.5,58121.99,51,8472,128,85,54.9,90.78,2.67,Gold,Average,3,860126.28,8294561.8
1720,39,Male,Bhaktapur,233407,3.9,99480.43,26,5278,29,11,27.1,68.84,1.87,Gold,Good,7,1216724.46,7046249.49
1721,34,Female,Pokhara,226271,6.2,22524.13,50,12949,42,89,71.0,16.68,2.25,Silver,Good,18,351868.26,2467822.68
1722,27,Female,Kathmandu,56948,3.5,58825.33,23,13252,60,25,22.0,15.64,3.35,Gold,Good,9,825171.96,4480999.94
1723,18,Male,Chitwan,188102,9.1,54201.34,46,1322,119,89,32.3,4.88,4.42,Gold,Good,0,674013.78,10904197.87
1724,39,Female,Pokhara,47007,8.8,8626.55,36,12327,77,58,58.8,41.18,3.81,Premium,Average,4,245895.45,3961072.93
1725,43,Female,Lalitpur,120819,5.8,48671.13,30,6600,96,35,59.7,80.88,3.17,Premium,Average,5,679093.56,6925963.18
1726,35,Female,Pokhara,111207,3.6,41124.5,22,3095,86,42,69.0,49.03,3.41,Silver,Excellent,18,533419.5,2446687.52
1727,31,Female,Pokhara,241993,3.3,53875.19,57,8617,112,41,3.3,36.63,3.11,Basic,Average,17,791267.88,2502135.24
1728,64,Female,Lalitpur,96772,0.8,42078.2,8,4453,84,12,15.5,10.92,4.89,Basic,Excellent,18,561046.2,543272.81
1729,46,Female,Biratnagar,42024,8.3,13085.27,13,4331,6,91,51.6,5.18,4.26,Silver,Average,18,160921.14,1524011.31
1730,29,Female,Lalitpur,190456,4.8,30466.09,37,10791,73,2,27.7,39.92,4.13,Gold,Good,0,483754.53,4073387.38
1731,53,Male,Butwal,102912,3.6,25627.29,25,5083,77,31,4.4,9.99,3.07,Gold,Poor,19,366236.13,1498759.43
1732,52,Male,Pokhara,169229,5.0,25551.15,33,12294,31,44,47.3,10.35,2.33,Gold,Excellent,10,363780.9,2872713.06
1733,29,Male,Dharan,105481,8.3,69786.4,28,12159,39,83,32.1,39.53,1.08,Silver,Average,2,908566.95,8973923.74
1734,24,Female,Lalitpur,108553,1.7,24815.76,33,6735,50,27,29.8,50.28,1.17,Basic,Good,9,348301.62,603950.52
1735,46,Female,Biratnagar,152828,8.6,57002.8,33,9342,78,54,21.9,18.67,1.12,Basic,Excellent,6,793335.0,7788283.37
1736,28,Male,Butwal,219184,9.0,49244.47,33,8483,126,48,1.5,68.46,4.92,Silver,Excellent,16,751262.34,9348965.03
1737,50,Female,Dharan,242075,9.5,99232.49,27,7000,109,10,15.4,41.87,1.46,Gold,Excellent,15,1305239.88,17544500.78
1738,23,Male,Dharan,122488,4.3,63919.99,12,6351,88,10,38.5,9.19,1.57,Premium,Excellent,6,850873.08,6825160.3
1739,64,Male,Kathmandu,116741,2.6,37090.48,47,2134,15,2,22.8,63.7,2.94,Silver,Excellent,12,449887.26,1557540.69
1740,32,Female,Lalitpur,209123,4.0,33336.53,19,14559,51,72,70.1,35.69,2.93,Premium,Excellent,11,511414.71,3825126.38
1741,49,Male,Lalitpur,215667,3.7,77490.96,40,5314,23,45,12.3,5.23,4.68,Basic,Good,11,948224.82,4151545.24
1742,28,Male,Pokhara,98210,2.2,47567.62,6,1667,10,60,70.2,94.8,1.29,Silver,Good,7,573311.94,1551636.38
1743,40,Female,Butwal,194166,6.3,52201.1,17,4576,73,57,33.0,57.12,4.83,Basic,Poor,7,676520.4,4420204.16
1744,43,Female,Kathmandu,238961,5.0,28424.56,12,8890,113,52,22.8,47.77,1.87,Basic,Good,12,491780.22,2555213.48
1745,51,Male,Bhaktapur,246457,8.7,21575.61,55,7458,77,17,25.0,85.91,4.88,Premium,Average,10,345047.22,5367024.93
1746,63,Female,Bhaktapur,155607,0.8,29214.91,36,5942,32,39,27.1,93.67,3.17,Gold,Excellent,0,379100.52,552492.53
1747,51,Female,Chitwan,207107,6.6,15893.31,49,14610,113,12,41.0,22.03,3.61,Basic,Good,16,438359.22,3088137.34
1748,46,Male,Lalitpur,67367,7.7,52778.33,12,10047,65,26,29.0,81.01,2.26,Basic,Excellent,18,731298.21,5919575.07
1749,21,Male,Lalitpur,168190,7.7,70680.89,43,6860,101,94,52.1,83.11,3.45,Basic,Average,12,952099.68,7559911.34
1750,34,Female,Kathmandu,210884,8.9,10663.05,24,14512,18,84,34.6,5.44,3.84,Basic,Good,14,167139.0,1614709.64
1751,52,Male,Biratnagar,79884,7.4,37276.36,56,7199,31,83,54.1,71.19,1.04,Gold,Good,11,480791.67,4852859.66
1752,30,Female,Bhaktapur,217240,9.3,78025.17,35,4005,54,60,48.7,6.3,1.14,Silver,Excellent,16,968742.54,10586494.48
1753,58,Female,Chitwan,164352,3.7,48921.41,49,1302,63,30,20.3,59.47,4.95,Silver,Average,2,599360.82,3109554.58
1754,56,Female,Kathmandu,165818,5.3,58934.35,18,8127,1,81,65.2,66.92,2.83,Basic,Poor,6,708431.25,3622991.34
1755,32,Male,Lalitpur,122572,0.6,21716.4,11,9392,9,41,64.1,36.71,4.74,Basic,Good,1,273276.0,226228.4
1756,46,Female,Bhaktapur,73251,0.6,54378.87,19,1002,120,9,79.1,88.08,3.92,Silver,Good,1,670582.44,614484.46
1757,46,Male,Butwal,104821,2.8,48828.39,45,13256,92,99,14.8,80.05,2.49,Gold,Average,5,768873.48,3122077.19
1758,28,Male,Chitwan,103583,1.5,46699.11,9,14797,90,7,68.0,92.6,1.6,Premium,Excellent,3,760148.82,2199508.55
1759,49,Male,Pokhara,30207,3.0,20587.74,27,14762,116,46,69.9,31.49,4.91,Basic,Poor,15,503911.68,1448788.22
1760,19,Male,Bhaktapur,222199,2.2,27836.55,4,6325,56,54,51.7,2.15,3.34,Basic,Good,14,387168.6,924594.32
1761,64,Female,Chitwan,47757,0.8,63116.99,53,11105,3,95,41.0,81.15,1.77,Basic,Average,9,762401.13,581615.67
1762,31,Male,Kathmandu,167298,9.1,40611.57,25,8439,130,99,76.6,22.3,3.73,Basic,Poor,13,651899.34,5530259.9
1763,37,Male,Pokhara,246340,0.6,37845.29,4,6532,54,22,77.8,46.72,1.37,Basic,Excellent,8,507052.68,363665.94
1764,39,Female,Chitwan,212479,7.5,55902.37,39,7906,37,58,51.7,81.73,4.47,Premium,Good,14,714706.74,9721056.21
1765,28,Male,Chitwan,178278,1.9,42272.8,3,5219,97,77,29.4,21.61,1.36,Gold,Excellent,6,583210.05,1721329.69
1766,44,Female,Dharan,171328,9.2,34431.45,36,8248,12,7,65.6,31.19,1.94,Basic,Excellent,6,428023.8,4692708.12
1767,20,Male,Dharan,53822,9.0,61087.08,18,11659,112,64,8.1,43.91,1.37,Silver,Excellent,7,928916.16,10990112.32
1768,34,Female,Dharan,61340,6.7,61096.57,10,3370,78,7,24.0,27.18,1.42,Basic,Good,18,772587.84,4894650.94
1769,61,Female,Lalitpur,203306,6.9,44366.73,37,13754,140,54,78.9,46.13,3.1,Basic,Excellent,17,821234.76,6265313.82
1770,45,Male,Biratnagar,63351,0.6,36046.04,23,5258,90,5,65.3,0.96,3.75,Silver,Good,16,503535.48,376037.61
1771,46,Male,Bhaktapur,126311,9.9,45354.92,32,13538,144,10,75.2,21.22,4.15,Silver,Good,17,836679.84,10329970.66
1772,38,Male,Lalitpur,199743,8.8,22139.14,56,6468,72,70,48.0,83.26,3.78,Silver,Average,18,335524.08,3311828.22
1773,64,Female,Butwal,95320,9.0,53949.0,35,12159,92,75,33.2,41.35,2.45,Gold,Good,7,815182.2,11134356.65
1774,33,Male,Pokhara,122565,6.8,60888.9,25,10110,7,73,78.4,63.64,3.23,Silver,Excellent,12,741282.3,6840915.35
1775,54,Male,Biratnagar,186229,3.8,70201.75,10,1598,15,88,25.4,23.23,4.71,Basic,Good,10,846016.5,3844136.85
1776,37,Male,Chitwan,39937,9.0,11200.89,47,3669,105,5,60.8,64.99,2.55,Silver,Excellent,18,192197.43,2108470.61
1777,23,Male,Lalitpur,205362,3.3,62656.93,59,882,72,59,45.1,100.0,2.01,Basic,Average,6,761408.76,2617275.26
1778,36,Male,Dharan,197779,5.8,66854.86,44,8290,74,38,19.1,59.53,3.08,Silver,Excellent,4,894277.32,7633499.48
1779,22,Female,Biratnagar,31219,1.4,32749.03,3,4440,143,72,2.4,62.84,2.19,Silver,Poor,4,488226.36,752520.65
1780,20,Male,Butwal,29399,9.3,15231.59,22,10085,62,7,31.3,11.15,2.05,Premium,Excellent,7,276569.58,4857878.52
1781,18,Male,Bhaktapur,146733,1.8,57063.04,35,7952,146,52,44.3,40.34,4.12,Gold,Excellent,9,858905.28,2616351.13
1782,55,Female,Butwal,249920,2.6,69289.71,28,12019,46,80,15.5,86.07,4.56,Gold,Poor,4,914407.62,3401176.76
1783,32,Female,Pokhara,178729,5.8,63757.78,38,6952,105,51,33.7,83.43,3.01,Silver,Good,14,874587.36,6250050.75
1784,51,Male,Kathmandu,40047,7.8,49296.13,8,10344,109,97,49.6,52.24,4.12,Gold,Excellent,15,760677.96,9447255.34
1785,52,Male,Lalitpur,227167,6.4,43254.39,23,4771,61,15,57.5,90.35,1.75,Gold,Good,9,562707.33,5222282.1
1786,42,Male,Dharan,105693,2.7,26568.65,5,4823,121,12,5.2,14.29,3.19,Basic,Average,7,406361.25,1162175.29
1787,41,Female,Pokhara,120931,0.5,74482.41,15,11086,43,11,53.5,65.82,3.54,Basic,Excellent,18,965293.62,514123.48
1788,29,Male,Kathmandu,223226,7.7,33973.65,35,2538,99,62,5.5,24.89,2.96,Basic,Good,3,445373.1,4114047.29
1789,35,Female,Dharan,195963,9.9,42960.09,24,5961,55,82,3.2,64.56,1.47,Silver,Average,13,564699.33,5994881.38
1790,32,Female,Dharan,157852,8.2,57055.74,45,8563,133,14,13.0,8.74,3.94,Gold,Poor,7,855500.73,9502633.86
1791,61,Female,Dharan,47050,4.9,27802.54,43,2485,112,35,52.6,94.36,4.36,Basic,Good,13,375378.48,2098855.03
1792,33,Male,Lalitpur,93551,9.1,33837.25,26,1762,143,61,5.2,78.63,3.54,Gold,Poor,11,443841.9,5122916.16
1793,44,Male,Pokhara,88666,4.4,24169.26,2,6231,91,52,2.7,20.1,1.68,Silver,Excellent,0,375084.27,2371915.54
1794,25,Male,Dharan,244691,5.5,31572.68,52,5616,16,6,10.3,63.73,1.3,Premium,Excellent,18,392350.56,3455983.28
1795,63,Male,Butwal,102016,5.0,50813.3,56,10403,57,75,76.0,75.91,2.21,Silver,Average,17,698705.25,3686637.22
1796,42,Female,Pokhara,133135,4.8,19593.54,49,849,102,33,72.7,20.94,1.15,Premium,Good,11,248112.18,1952785.35
1797,34,Female,Biratnagar,73010,7.9,19571.76,16,12718,25,13,7.8,9.33,4.36,Basic,Good,9,282553.62,2691433.57
1798,46,Female,Butwal,58165,5.5,33528.98,33,940,22,53,25.0,35.18,3.81,Premium,Excellent,0,405449.76,4899484.91
1799,25,Female,Lalitpur,31528,3.5,48958.35,15,3308,123,14,75.8,13.58,3.25,Silver,Good,13,648532.8,2838723.97
1800,32,Male,Dharan,140840,3.0,13097.1,42,14399,87,86,8.7,56.57,4.56,Silver,Excellent,8,345072.15,1537884.32
1801,44,Male,Pokhara,200680,0.9,26655.6,22,3062,144,55,8.5,42.41,1.44,Basic,Average,14,386006.4,328438.95
1802,63,Male,Chitwan,156986,6.0,72832.39,56,3652,143,98,7.8,46.24,3.86,Gold,Good,13,952324.08,8657888.82
1803,24,Female,Lalitpur,57136,2.7,23721.11,48,10076,82,55,78.1,54.29,1.59,Premium,Average,8,408588.12,1749545.66
1804,20,Female,Pokhara,162251,1.9,47316.38,59,8979,102,42,59.7,98.21,1.24,Gold,Good,10,705175.26,1885208.98
1805,46,Female,Biratnagar,106008,6.7,45578.05,8,10747,141,49,17.9,79.26,1.53,Silver,Good,4,774235.65,6627485.79
1806,61,Male,Dharan,32076,7.0,28864.9,37,14922,24,52,4.6,62.95,4.8,Silver,Excellent,11,400098.0,4079041.05
1807,41,Male,Kathmandu,143911,7.6,77144.69,22,9689,141,48,77.3,36.37,2.76,Basic,Excellent,15,1130658.63,9592047.92
1808,20,Female,Dharan,175855,5.3,27897.78,51,2833,36,51,34.6,2.71,1.2,Silver,Excellent,19,350071.56,2106567.81
1809,37,Male,Kathmandu,136625,9.0,61883.67,41,10114,49,97,48.3,11.65,3.33,Basic,Average,2,816941.94,8397966.24
1810,63,Female,Chitwan,197788,9.4,55570.76,13,573,82,77,23.1,73.09,1.8,Gold,Average,4,673897.02,8955668.28
1811,32,Female,Lalitpur,70298,8.2,45137.75,16,10154,48,47,60.9,36.92,1.03,Premium,Average,18,614761.8,6940122.06
1812,42,Female,Biratnagar,74304,6.5,59486.25,16,11886,97,39,16.5,33.44,4.03,Premium,Average,4,886776.3,10602600.36
1813,47,Male,Pokhara,99360,3.4,77692.89,18,8044,102,93,63.2,88.9,1.62,Silver,Average,17,1055387.88,3747518.05
1814,31,Male,Pokhara,89835,9.8,32875.41,35,7449,6,14,19.2,48.45,4.77,Silver,Good,3,401209.02,5853712.61
1815,24,Male,Kathmandu,132424,3.1,38004.66,45,2705,68,77,8.7,89.96,3.37,Silver,Excellent,14,483646.92,1995902.93
1816,34,Male,Biratnagar,159190,2.4,37183.47,36,9121,14,23,38.8,88.66,1.35,Gold,Good,4,465355.74,1671362.42
1817,61,Male,Butwal,227364,4.7,62789.16,40,1971,30,3,65.2,8.02,1.87,Basic,Excellent,7,762339.42,4197734.84
1818,37,Female,Chitwan,76911,1.0,44229.53,39,3981,110,94,31.4,94.54,3.44,Gold,Excellent,15,596440.86,910551.45
1819,53,Female,Kathmandu,224561,9.8,86198.61,15,8038,8,78,3.3,7.7,2.35,Basic,Good,0,1044028.92,12309657.38
1820,26,Male,Kathmandu,123088,6.1,40347.24,56,3680,66,14,44.7,96.35,3.13,Silver,Excellent,4,520598.88,4652956.4
1821,55,Male,Chitwan,35185,5.8,40935.26,6,13633,132,58,54.8,45.26,4.2,Gold,Poor,17,761156.52,5387393.09
1822,39,Male,Lalitpur,192864,6.7,50735.17,31,2230,84,35,59.5,76.09,4.17,Premium,Good,15,636920.04,7576301.38
1823,19,Male,Pokhara,231282,5.2,62481.64,5,535,120,20,32.8,70.61,3.79,Gold,Good,9,759409.68,6255665.89
1824,41,Female,Lalitpur,70613,0.8,70961.21,16,13901,53,10,8.7,51.85,4.54,Basic,Average,3,962047.47,911754.41
1825,25,Male,Biratnagar,184999,6.3,48140.86,40,1520,99,96,47.2,61.95,1.8,Silver,Good,17,600262.32,4252329.96
1826,28,Male,Butwal,20386,7.3,10466.13,36,6034,74,34,27.0,94.99,1.71,Basic,Good,16,192570.96,1372465.5
1827,30,Male,Dharan,243225,4.5,36394.51,46,10689,143,28,75.8,92.74,4.2,Premium,Excellent,12,666013.17,5862963.23
1828,34,Female,Bhaktapur,223800,7.7,54169.18,11,7661,100,46,40.7,65.43,2.28,Basic,Excellent,7,764945.16,7047626.73
1829,25,Female,Bhaktapur,227353,2.7,84982.61,56,14107,129,3,38.3,65.77,3.05,Premium,Good,7,1292761.77,6454009.23
1830,38,Male,Bhaktapur,50020,2.6,31974.77,3,8509,15,80,25.4,24.69,3.98,Premium,Good,11,402842.49,1925674.27
1831,35,Male,Chitwan,62678,2.0,53405.31,45,11452,22,84,27.8,82.86,2.58,Gold,Average,17,678655.32,1733344.44
1832,47,Female,Kathmandu,237767,4.0,47440.6,25,3617,48,58,41.5,63.26,1.52,Basic,Good,5,595329.6,2657508.48
1833,35,Female,Butwal,81394,8.5,51825.82,29,3035,117,96,25.2,82.62,3.72,Basic,Average,6,675174.09,6410199.25
1834,63,Male,Lalitpur,220017,8.4,92072.13,23,5214,73,58,71.5,65.79,4.27,Gold,Average,16,1161958.86,13443651.61
1835,64,Female,Dharan,135377,4.1,60736.63,45,12957,120,17,35.7,29.93,1.05,Gold,Average,4,962065.56,5361631.67
1836,48,Female,Pokhara,141716,6.1,72322.28,33,8837,17,80,24.1,18.95,3.25,Premium,Good,18,890401.71,8954493.39
1837,55,Female,Bhaktapur,207486,7.3,60090.85,32,5463,106,7,13.3,7.7,2.88,Basic,Good,7,807951.9,6772445.08
1838,49,Female,Lalitpur,205888,2.8,56281.38,20,13207,83,15,54.1,58.6,2.04,Gold,Average,18,839803.71,2875659.43
1839,28,Female,Bhaktapur,75918,2.1,63236.57,52,6591,104,28,3.0,28.41,1.64,Silver,Average,7,861658.44,2089742.9
1840,62,Male,Butwal,242353,9.7,49267.95,22,14501,91,39,36.5,63.05,1.75,Basic,Excellent,18,789154.05,7841519.61
1841,42,Female,Bhaktapur,135640,6.4,62721.27,4,13360,49,20,44.5,5.87,3.9,Silver,Excellent,6,850851.24,8067687.89
1842,50,Female,Pokhara,213766,9.8,63966.4,7,14747,59,38,27.8,37.57,3.14,Silver,Good,2,898107.75,12393433.97
1843,55,Female,Dharan,180527,3.7,67944.74,33,1526,138,5,60.2,26.06,4.92,Basic,Average,5,846925.08,3711847.7
1844,58,Male,Biratnagar,124446,7.2,56620.51,3,4165,30,59,54.4,37.03,1.97,Basic,Poor,7,698188.62,4590689.75
1845,25,Female,Biratnagar,189807,2.6,34983.67,25,1786,85,91,77.7,5.43,4.83,Silver,Average,17,442575.54,1354387.95
1846,28,Female,Butwal,114702,3.0,29991.27,46,3346,21,10,41.2,72.42,3.06,Silver,Good,14,370435.14,1364652.89
1847,39,Male,Biratnagar,125509,5.4,61918.43,28,9012,34,41,43.5,11.67,1.58,Basic,Good,16,788982.36,4179074.0
1848,41,Female,Chitwan,113608,3.5,26658.81,10,8274,73,16,20.4,1.44,1.59,Basic,Good,3,410506.02,1615972.11
1849,58,Female,Kathmandu,134310,2.1,74023.32,14,12787,98,5,31.5,94.63,3.43,Premium,Good,6,1076248.74,4310195.18
1850,34,Female,Chitwan,163181,3.0,85068.52,56,14387,76,91,3.1,19.29,4.33,Gold,Good,16,1184834.04,5299961.11
1851,29,Male,Lalitpur,65802,0.8,30718.12,15,2793,85,53,55.5,82.81,3.99,Gold,Good,5,404228.19,550315.98
1852,63,Male,Chitwan,219092,7.2,48523.71,52,2112,84,19,25.6,96.45,3.62,Basic,Average,12,608895.72,4548305.18
1853,49,Female,Lalitpur,54622,5.2,25886.59,12,976,134,54,43.7,53.41,1.69,Basic,Poor,6,330256.68,1571396.6
1854,32,Male,Lalitpur,129935,1.4,51176.16,15,7926,109,60,21.1,52.61,1.43,Gold,Excellent,8,743704.02,1602009.34
1855,33,Female,Kathmandu,137919,2.1,62135.95,17,11856,63,55,50.1,36.74,1.0,Basic,Good,18,857670.6,1659505.52
1856,39,Male,Pokhara,153669,1.5,42416.95,11,10518,12,42,36.4,42.56,1.41,Silver,Average,19,527935.8,788663.65
1857,45,Male,Dharan,191669,6.3,39696.94,21,9474,2,61,39.1,48.21,4.07,Basic,Good,12,479205.48,3467997.05
1858,37,Male,Butwal,192026,1.4,45341.64,17,13320,144,94,75.5,15.21,4.58,Silver,Average,14,831811.68,1405471.02
1859,50,Female,Kathmandu,89519,7.7,12012.06,59,14150,129,89,56.8,36.47,1.96,Gold,Good,16,417947.22,4332562.51
1860,27,Male,Butwal,207187,0.7,66420.8,35,2447,132,5,21.7,81.61,4.18,Premium,Excellent,4,845500.2,1263915.58
1861,57,Male,Biratnagar,194223,2.9,63053.6,58,3831,47,86,40.8,18.24,1.8,Premium,Average,18,783651.75,3272012.02
1862,49,Male,Biratnagar,168112,9.0,26271.8,17,5760,52,40,37.9,72.99,2.0,Premium,Average,5,360189.6,5421359.71
1863,50,Male,Chitwan,64772,7.3,39630.82,15,6566,47,8,63.8,65.16,1.9,Gold,Good,11,521860.14,5421013.43
1864,19,Female,Lalitpur,142431,1.2,51715.33,54,8147,99,24,66.8,5.73,1.21,Silver,Good,14,741566.91,1005498.78
1865,50,Female,Bhaktapur,116090,8.3,45831.88,29,13366,50,86,23.4,2.24,1.78,Basic,Poor,14,650227.56,4541192.76
1866,50,Male,Bhaktapur,214904,5.2,47840.22,19,5969,45,64,65.9,35.25,2.49,Silver,Good,2,614373.39,4376030.4
1867,58,Female,Butwal,178988,8.5,44873.77,27,2093,42,66,15.2,69.22,2.62,Basic,Average,3,551671.14,5135873.06
1868,30,Male,Lalitpur,64871,6.2,33611.83,39,10439,71,42,61.3,33.04,2.24,Gold,Average,4,514517.31,4612795.14
1869,47,Female,Butwal,46372,7.0,45345.0,8,14965,57,90,20.7,66.77,3.06,Silver,Good,5,672090.75,6417940.54
1870,50,Female,Kathmandu,212779,9.9,63805.11,46,10725,33,96,24.5,66.55,2.51,Gold,Good,5,818750.07,12637183.33
1871,30,Female,Pokhara,59080,2.7,64597.26,35,8204,114,45,68.3,80.66,4.88,Gold,Good,16,915455.52,3759188.91
1872,43,Male,Dharan,126242,6.4,44088.94,48,6654,44,46,34.2,9.95,4.23,Basic,Poor,7,572983.68,3721943.11
1873,39,Female,Kathmandu,62722,4.9,58786.9,50,756,114,70,79.3,57.71,4.72,Gold,Excellent,18,718370.4,5519591.75
1874,56,Male,Lalitpur,49048,0.9,18582.84,46,7012,56,96,13.0,6.25,3.23,Gold,Good,19,281894.88,336654.36
1875,19,Female,Lalitpur,105205,0.6,49125.0,8,3491,44,52,37.6,17.59,3.71,Gold,Good,12,612540.6,542652.38
1876,55,Male,Pokhara,160849,1.6,43171.79,34,1917,96,66,58.9,32.55,1.67,Gold,Good,14,545666.28,1174998.17
1877,56,Female,Butwal,74711,6.7,42859.23,36,8260,73,55,1.4,70.74,4.01,Silver,Excellent,16,604757.76,5394527.17
1878,43,Female,Chitwan,187403,5.9,77722.53,53,8465,34,57,13.0,97.39,1.94,Premium,Good,16,975841.86,9148428.29
1879,63,Female,Chitwan,40968,5.8,31034.08,51,14230,14,95,2.6,34.25,1.58,Silver,Good,1,402291.96,3091627.23
1880,32,Male,Pokhara,205041,0.8,31901.19,40,13669,125,83,79.4,52.11,1.17,Premium,Excellent,2,639108.03,972986.79
1881,51,Female,Chitwan,31292,5.0,16216.81,22,4614,79,73,61.1,25.91,2.89,Gold,Excellent,8,249277.62,2046049.15
1882,59,Male,Bhaktapur,191866,9.3,41128.4,50,8801,145,91,30.5,67.55,2.15,Basic,Poor,5,684962.55,6033559.68
1883,61,Female,Chitwan,99459,4.3,32610.43,29,14248,83,41,13.3,36.66,4.95,Premium,Good,0,568712.76,5292823.69
1884,57,Male,Chitwan,70192,6.4,25164.71,33,3052,137,59,8.1,48.16,2.0,Premium,Poor,18,364695.12,3040481.94
1885,28,Male,Chitwan,178775,7.9,49007.98,45,9749,27,16,43.0,56.78,4.47,Silver,Average,3,627579.21,6801708.21
1886,20,Female,Bhaktapur,104193,7.9,62438.17,17,5907,50,20,78.1,68.62,2.27,Gold,Excellent,12,793560.54,9519747.78
1887,23,Male,Butwal,89165,5.4,58355.14,57,14655,55,11,54.3,6.01,4.0,Premium,Excellent,19,821165.43,7945606.08
1888,26,Male,Chitwan,87650,8.7,11945.6,11,13790,132,89,29.8,55.49,3.64,Basic,Average,7,416389.2,3958638.69
1889,23,Male,Biratnagar,207588,4.2,17745.67,24,13042,98,17,40.6,43.12,3.25,Premium,Poor,4,404665.44,2747215.61
1890,26,Male,Bhaktapur,149858,8.9,35167.37,49,5233,147,44,79.9,13.38,2.67,Silver,Good,9,537396.09,6133050.51
1891,56,Female,Pokhara,121398,2.8,58843.34,53,2542,37,32,42.0,20.8,3.68,Gold,Average,19,720228.18,2607558.42
1892,48,Female,Kathmandu,242182,3.2,82877.13,51,2681,132,17,77.2,88.39,2.63,Silver,Good,18,1047609.36,3866285.46
1893,49,Male,Pokhara,117885,1.0,75419.25,16,4992,37,81,2.3,87.18,3.19,Silver,Good,11,932736.6,1188113.53
1894,58,Male,Kathmandu,173329,8.1,58368.16,56,4058,112,29,58.0,3.33,3.36,Premium,Good,0,768592.32,12556366.53
1895,29,Male,Dharan,120588,4.5,16754.9,44,10313,12,63,50.5,68.94,2.07,Silver,Average,8,219622.2,1160406.38
1896,25,Male,Pokhara,123356,2.7,42743.5,51,4158,56,21,55.1,55.42,2.36,Silver,Excellent,15,547849.2,1834708.96
1897,25,Female,Biratnagar,103509,2.7,21407.05,7,3194,80,36,46.1,93.98,1.07,Silver,Average,16,295212.6,816109.35
1898,45,Female,Kathmandu,242345,9.1,31187.1,34,4384,14,60,4.5,90.8,4.41,Silver,Poor,17,383451.6,3656660.82
1899,37,Male,Kathmandu,71672,8.4,65626.57,56,5280,54,10,12.8,57.96,4.02,Silver,Good,13,830286.84,9045987.13
1900,64,Male,Lalitpur,214380,5.8,66826.37,40,3784,65,11,73.9,13.9,1.73,Basic,Average,16,838810.44,4432800.48
1901,24,Male,Kathmandu,228655,6.4,42254.99,13,6452,116,46,19.4,45.98,2.45,Silver,Good,0,619324.68,5529485.52
1902,28,Female,Kathmandu,42113,5.0,53132.59,53,8017,58,83,79.4,72.52,2.68,Basic,Average,14,707338.98,3464603.58
1903,37,Female,Lalitpur,20694,4.2,28759.38,37,6662,96,16,54.7,95.17,2.34,Silver,Excellent,18,441045.36,2277281.38
1904,33,Male,Chitwan,35588,9.2,58809.67,32,5606,21,31,36.1,36.38,4.19,Silver,Average,1,723374.94,9180910.52
1905,21,Male,Chitwan,212828,1.7,62851.32,11,2666,4,49,73.7,78.47,3.9,Silver,Good,13,755815.44,1671575.28
1906,23,Female,Lalitpur,215157,4.5,81695.15,54,12578,73,97,63.8,68.33,4.07,Basic,Good,1,1118070.9,6462393.94
1907,39,Female,Bhaktapur,212214,3.8,29923.94,35,4897,127,41,34.9,7.83,4.62,Basic,Excellent,14,452375.13,2083892.84
1908,43,Male,Dharan,84373,5.2,65765.46,42,13014,46,92,6.4,55.8,3.38,Gold,Good,0,878982.12,7790254.34
1909,20,Male,Kathmandu,105603,4.8,43106.67,11,14318,12,92,69.6,18.35,3.46,Silver,Average,0,543052.44,3522902.12
1910,58,Male,Kathmandu,26704,5.4,7196.59,53,8168,128,84,61.4,68.35,3.89,Silver,Good,11,243184.68,1727124.64
1911,59,Female,Lalitpur,60136,1.8,33453.92,12,14023,30,75,63.5,61.01,3.72,Basic,Good,14,464550.54,938896.03
1912,31,Male,Lalitpur,87507,5.4,23309.92,58,13143,94,45,59.8,97.3,4.48,Silver,Good,17,465035.34,3158473.96
1913,28,Male,Bhaktapur,67361,2.8,18968.86,15,13488,60,47,22.8,93.54,4.08,Gold,Good,14,349018.32,1456436.84
1914,35,Female,Biratnagar,78847,2.3,22365.6,4,3892,100,7,68.8,0.94,1.48,Silver,Good,6,326767.2,957912.62
1915,29,Male,Chitwan,126359,1.1,51057.46,58,10962,71,25,1.2,8.0,4.71,Basic,Good,11,729434.82,956416.91
1916,40,Female,Pokhara,162513,7.7,29204.12,34,4211,81,74,19.7,76.91,3.73,Basic,Good,9,401613.09,3601743.39
1917,29,Male,Biratnagar,248084,4.6,43371.22,8,6379,142,92,4.7,68.56,1.51,Premium,Excellent,1,656327.34,5894259.54
1918,30,Male,Butwal,138906,6.5,64168.89,5,2086,111,8,9.7,80.09,4.09,Silver,Excellent,1,804758.58,8264062.35
1919,42,Female,Chitwan,34677,7.4,5419.33,40,9906,44,7,43.1,26.68,2.43,Basic,Good,5,130411.56,1146119.46
1920,62,Male,Kathmandu,47818,7.0,41564.65,49,7638,108,34,3.9,84.93,4.22,Premium,Excellent,19,622511.4,7872305.62
1921,36,Female,Butwal,21868,5.0,32916.84,11,8162,102,86,15.3,44.24,4.82,Basic,Good,5,519880.68,3300199.45
1922,63,Female,Biratnagar,103591,4.2,36089.15,16,7904,91,39,19.4,26.19,2.02,Gold,Good,9,540959.4,3322510.39
1923,53,Male,Lalitpur,143962,4.1,47907.66,17,13833,109,45,52.8,1.06,4.43,Basic,Average,2,801061.47,3940041.11
1924,62,Female,Bhaktapur,87264,6.6,40750.12,39,10337,16,18,38.0,87.14,4.09,Basic,Excellent,15,513810.24,4000205.23
1925,25,Male,Chitwan,93168,5.2,39874.37,5,10042,110,32,37.2,53.53,3.68,Silver,Good,4,644185.44,4716690.15
1926,46,Female,Bhaktapur,163115,8.6,50789.28,5,11890,7,38,61.7,97.54,2.54,Basic,Good,4,621955.86,6242379.66
1927,49,Male,Butwal,91939,8.8,32821.74,57,9056,89,12,37.1,71.47,1.44,Basic,Excellent,9,514758.48,5070626.63
1928,61,Female,Chitwan,35732,2.1,6570.68,56,4439,95,93,28.5,8.04,2.94,Premium,Excellent,12,142103.91,559776.23
1929,35,Male,Dharan,75244,1.8,23279.4,37,13855,16,6,77.0,58.82,1.42,Basic,Average,2,312604.8,589628.29
1930,23,Male,Dharan,169598,6.5,60133.95,28,13306,105,65,1.7,1.71,3.0,Gold,Average,17,931176.9,7816563.44
1931,35,Female,Biratnagar,29340,3.4,50324.24,23,3699,122,77,25.1,55.78,4.28,Basic,Average,18,671582.58,2276766.35
1932,36,Female,Kathmandu,42394,0.7,40370.84,23,10318,89,4,49.1,35.02,4.99,Premium,Average,5,622195.38,837872.88
1933,39,Male,Dharan,118557,8.9,63411.43,18,11893,62,57,62.8,64.33,1.79,Premium,Average,19,871542.06,10948403.69
1934,54,Male,Dharan,155174,2.7,58147.49,46,14132,30,64,65.5,54.16,1.83,Basic,Poor,0,761363.88,1992309.44
1935,49,Female,Pokhara,39159,9.3,10320.3,35,10337,140,39,4.6,26.14,4.24,Silver,Good,9,340920.6,4363317.64
1936,58,Female,Bhaktapur,142366,7.3,34814.47,33,7441,67,55,57.0,16.24,2.88,Gold,Average,9,492555.69,5055230.88
1937,20,Male,Bhaktapur,216164,7.7,84377.89,53,1481,46,3,57.9,40.47,4.66,Basic,Average,0,1022753.58,9716321.72
1938,45,Male,Dharan,26212,2.4,47005.3,7,11087,43,91,17.9,98.68,4.08,Gold,Excellent,18,635574.75,2350281.39
1939,27,Male,Pokhara,248432,2.7,51726.91,55,10728,45,3,9.9,43.57,3.95,Premium,Good,10,693136.92,3489200.75
1940,52,Female,Bhaktapur,57405,5.5,62601.24,34,4052,80,13,60.2,74.88,1.41,Basic,Good,12,799838.88,4447826.6
1941,46,Male,Bhaktapur,150632,2.1,56865.85,9,1421,32,41,20.7,5.7,1.14,Gold,Average,16,689211.0,1729563.6
1942,32,Male,Chitwan,97061,3.4,66797.47,51,12438,8,3,1.1,37.89,2.27,Basic,Excellent,19,816495.24,2872202.24
1943,50,Female,Chitwan,114296,3.6,15629.44,54,4158,113,81,18.7,58.03,1.87,Silver,Excellent,17,258031.38,1108256.45
1944,24,Male,Pokhara,75186,2.0,46783.41,37,12474,62,95,3.5,75.12,3.85,Basic,Good,3,677409.12,1689424.4
1945,29,Male,Butwal,195311,2.4,59495.02,6,4495,20,58,20.7,52.84,2.8,Silver,Excellent,14,727425.24,2264426.93
1946,47,Male,Kathmandu,244065,8.0,28162.84,6,7564,146,48,27.5,51.53,3.09,Basic,Good,1,503605.68,5002119.28
1947,38,Male,Biratnagar,143145,2.1,9841.46,48,5552,101,37,22.4,76.39,4.25,Basic,Average,5,202210.32,496985.32
1948,48,Male,Dharan,30532,0.8,43137.1,11,13148,6,5,73.7,31.33,2.91,Gold,Poor,8,529478.4,553178.8
1949,41,Female,Dharan,230126,6.5,69159.91,41,5906,84,76,19.4,9.06,3.18,Basic,Average,10,904334.52,6124509.44
1950,37,Male,Biratnagar,223084,9.8,71610.95,59,4777,108,25,37.9,34.72,4.37,Silver,Good,19,936718.8,11275289.9
1951,54,Female,Dharan,236351,3.6,47899.77,8,1974,4,83,76.6,15.9,2.73,Basic,Average,15,575981.64,2005097.88
1952,21,Female,Dharan,86540,1.6,15002.5,13,14932,71,92,70.5,96.59,1.33,Basic,Good,7,339055.8,580884.38
1953,45,Female,Butwal,123021,5.9,68087.96,31,13350,84,63,25.4,57.75,3.09,Silver,Good,16,985265.52,6974818.79
1954,61,Male,Bhaktapur,23271,9.1,20850.3,26,13101,100,3,26.8,44.66,3.32,Basic,Average,3,446718.6,4608374.72
1955,37,Male,Kathmandu,196554,7.9,52092.66,29,7598,71,16,47.9,91.21,3.05,Gold,Average,6,706030.62,8171399.56
1956,41,Male,Dharan,20209,6.4,23285.55,44,10760,33,76,73.5,90.04,2.03,Silver,Average,10,332688.6,2440947.12
1957,49,Male,Pokhara,242071,3.5,57600.95,14,4267,143,92,1.8,41.57,1.89,Gold,Excellent,10,782738.55,4168569.21
1958,58,Male,Butwal,156611,5.6,58845.8,48,11544,120,50,32.1,87.47,2.48,Basic,Excellent,10,913941.6,5968151.85
1959,53,Female,Dharan,39977,1.4,20573.76,50,7219,93,88,68.1,6.4,1.66,Gold,Good,14,347590.17,656146.92
1960,51,Male,Pokhara,225214,6.9,31315.32,23,9094,133,36,33.4,88.57,3.66,Silver,Average,4,557209.14,5002505.0
1961,53,Male,Chitwan,129920,7.4,46546.62,55,9839,99,95,57.9,31.06,3.46,Basic,Average,5,704668.59,5843195.5
1962,19,Male,Bhaktapur,148156,9.7,39104.6,19,1112,66,48,55.7,56.51,3.53,Gold,Excellent,4,480264.0,8191272.05
1963,32,Female,Lalitpur,119588,3.0,52696.58,28,7786,54,25,17.2,26.97,1.9,Gold,Average,8,695425.56,2847091.65
1964,51,Male,Dharan,88684,0.7,13571.41,9,10568,80,84,36.5,98.48,1.99,Basic,Poor,10,289672.92,188448.56
1965,53,Female,Pokhara,143862,5.7,61090.87,7,10305,139,61,45.7,7.18,4.15,Premium,Good,2,947949.69,11072340.45
1966,23,Male,Butwal,25607,7.2,52583.84,12,3517,124,94,57.5,44.7,3.76,Gold,Average,19,696422.28,6506577.22
1967,56,Female,Bhaktapur,236194,8.0,92632.58,30,5288,55,78,66.0,62.1,4.5,Basic,Excellent,3,1155216.96,12665956.35
1968,59,Female,Kathmandu,114786,2.3,28059.65,59,10426,5,49,61.0,61.56,2.61,Basic,Good,14,344535.3,832692.34
1969,29,Male,Butwal,146406,3.0,57519.75,42,12240,35,24,3.2,73.88,3.19,Silver,Excellent,17,754497.0,2895801.97
1970,20,Male,Chitwan,203011,5.4,73412.59,59,7602,93,13,54.0,72.44,3.96,Basic,Excellent,4,986998.98,7057231.06
1971,62,Male,Biratnagar,169666,3.6,49291.44,6,11611,119,42,40.3,79.31,4.9,Basic,Good,10,798753.63,3464682.28
1972,35,Male,Dharan,209454,8.7,52685.26,8,14513,54,30,46.3,23.43,4.96,Silver,Excellent,10,749778.42,9689880.96
1973,57,Female,Kathmandu,27399,5.0,15312.49,23,13627,3,71,30.5,37.05,5.0,Basic,Good,3,189882.03,1265514.15
1974,38,Female,Pokhara,146812,8.1,21133.17,48,10842,6,52,57.4,38.2,4.56,Silver,Poor,15,263355.84,2292951.7
1975,32,Female,Dharan,176189,6.0,71494.87,54,11072,87,24,54.2,95.58,3.56,Basic,Good,10,1002428.04,6907170.37
1976,50,Female,Pokhara,118662,7.8,33680.25,55,10502,110,32,46.8,40.93,1.03,Basic,Average,0,577446.0,4745998.53
1977,52,Male,Kathmandu,53617,3.7,49171.49,5,3701,56,22,69.1,22.19,3.8,Basic,Good,12,621146.28,2579607.33
1978,43,Male,Pokhara,158570,8.4,64420.48,33,1252,2,25,9.1,63.23,1.95,Silver,Good,18,773421.36,7261649.09
1979,25,Female,Butwal,122826,3.1,56288.71,20,14969,82,73,24.8,42.73,1.23,Silver,Average,5,859583.22,3089486.81
1980,53,Male,Bhaktapur,149851,5.7,26457.36,46,11164,94,10,40.1,25.01,3.79,Gold,Poor,19,474900.72,3153562.65
1981,47,Female,Pokhara,131077,2.5,73701.26,34,14246,5,23,76.7,71.51,4.02,Premium,Average,18,895099.62,3530559.19
1982,40,Male,Chitwan,70624,5.0,28102.84,2,8056,139,5,6.7,19.19,3.64,Basic,Excellent,5,505201.68,3241574.37
1983,59,Male,Bhaktapur,29628,3.5,20846.73,55,13724,138,78,27.6,63.34,2.46,Basic,Good,12,534247.56,2008871.13
1984,61,Female,Butwal,151401,3.0,41949.08,47,1841,41,99,74.1,43.05,3.04,Gold,Excellent,10,514711.11,2472163.29
1985,31,Male,Dharan,58619,9.7,61035.21,42,14481,116,4,71.9,31.92,4.74,Basic,Average,18,984391.92,9680838.7
1986,31,Female,Lalitpur,27032,2.0,35022.99,57,9196,44,29,69.4,94.6,3.92,Basic,Average,6,480969.48,1081408.21
1987,19,Female,Dharan,199166,8.0,25356.49,45,7514,90,91,25.4,32.44,3.02,Basic,Poor,11,405716.88,3015152.82
1988,54,Female,Pokhara,58034,9.8,44803.21,51,7255,33,99,67.9,34.75,3.37,Silver,Good,15,573550.77,6914752.62
1989,22,Female,Pokhara,122658,0.7,34055.67,42,3982,56,16,40.9,87.06,4.71,Silver,Good,0,442116.84,467353.65
1990,55,Female,Chitwan,141123,7.1,24407.87,9,10661,140,9,50.0,12.9,2.58,Premium,Excellent,14,516775.44,6557277.4
1991,62,Female,Butwal,106158,2.9,38311.19,33,12741,2,49,19.9,10.81,1.41,Silver,Good,12,463556.58,1571895.05
1992,58,Male,Chitwan,75264,0.9,27081.8,31,12839,1,89,56.8,28.27,2.3,Gold,Average,9,326907.45,404657.2
1993,64,Male,Biratnagar,114120,4.3,63508.17,47,8228,121,53,26.9,59.16,2.66,Silver,Excellent,17,911436.24,4871073.89
1994,31,Female,Butwal,67850,9.4,48185.03,29,6065,125,56,28.2,38.43,2.09,Basic,Excellent,3,691939.11,8017857.59
1995,56,Male,Kathmandu,24722,0.6,5394.39,42,8111,33,38,51.3,60.86,3.12,Basic,Good,5,104882.13,45232.1
1996,42,Male,Kathmandu,37772,6.1,62546.85,53,14193,103,5,19.9,15.98,2.22,Gold,Average,7,969844.05,8273306.06
1997,37,Male,Kathmandu,106105,5.3,43994.95,33,8430,36,56,18.7,26.15,1.41,Basic,Excellent,19,573461.4,3029684.76
1998,19,Female,Chitwan,192751,8.8,38840.54,26,7017,149,13,30.2,56.52,1.75,Basic,Good,8,622916.43,5963566.18
1999,56,Female,Kathmandu,219843,1.3,78899.59,35,14787,84,20,62.5,21.71,4.67,Basic,Average,7,1133111.28,1684748.17
2000,23,Male,Butwal,24576,7.0,12115.87,34,12329,26,80,18.7,42.28,3.52,Basic,Good,17,193473.54,1443195.73
2001,34,Female,Kathmandu,177779,7.0,82828.11,14,2922,129,58,63.2,57.26,2.26,Basic,Average,6,1050478.02,7682028.73
2002,42,Female,Lalitpur,119404,6.9,25770.37,26,13176,142,95,56.0,97.37,2.47,Silver,Excellent,18,589893.24,4959764.93
2003,45,Female,Kathmandu,192704,9.5,72017.31,43,14460,90,38,54.6,7.99,2.97,Basic,Excellent,17,1059417.72,11018052.55
2004,19,Female,Pokhara,61476,8.3,61014.37,41,9365,46,77,38.5,46.04,3.69,Basic,Good,0,796790.94,8455427.88
2005,52,Female,Biratnagar,181357,0.9,41349.49,40,6485,42,84,59.9,39.63,3.33,Gold,Average,10,537049.38,674063.21
2006,54,Male,Chitwan,44154,5.0,30737.19,57,7447,135,99,2.1,82.42,4.73,Gold,Good,8,519648.03,4316866.41
2007,22,Female,Bhaktapur,171126,4.3,39597.35,45,14290,55,8,25.1,90.03,3.5,Silver,Average,9,593060.7,3160565.37
2008,18,Male,Biratnagar,37165,3.4,27911.84,50,9284,56,93,54.7,90.7,4.64,Silver,Average,9,412927.68,1816863.42
2009,57,Female,Lalitpur,34439,4.8,33691.25,58,8135,118,56,79.0,37.51,1.02,Basic,Good,0,548284.5,3030312.44
2010,29,Female,Chitwan,138211,4.1,43881.42,45,11471,76,29,1.2,30.47,4.56,Gold,Poor,16,657346.44,3388387.11
2011,53,Male,Butwal,64518,4.6,68258.51,49,4168,63,94,41.3,44.91,3.89,Silver,Good,11,858489.72,5200238.46
2012,62,Male,Dharan,239123,9.8,42880.52,11,11244,83,38,74.0,34.4,1.69,Silver,Average,11,654554.04,7156537.29
2013,40,Female,Chitwan,46962,1.3,33001.38,58,12870,99,85,69.2,71.89,2.05,Gold,Excellent,18,587136.06,1084953.23
2014,64,Male,Pokhara,205006,9.3,79303.64,32,6962,132,62,2.8,21.36,3.17,Silver,Poor,16,1089491.28,10184335.77
2015,48,Female,Butwal,57763,5.1,56558.59,45,3638,42,76,42.8,65.87,1.5,Silver,Good,6,701622.48,4490564.39
2016,28,Male,Biratnagar,136189,6.4,29561.45,12,5009,96,40,1.3,92.7,4.14,Silver,Excellent,10,426867.0,3936858.5
2017,27,Male,Biratnagar,130290,8.4,66929.21,26,3000,110,24,63.4,27.99,4.16,Silver,Average,1,852650.52,9858775.74
2018,20,Female,Kathmandu,215166,3.9,68584.97,47,3293,70,53,25.4,67.69,2.2,Gold,Good,15,857596.14,4612950.73
2019,31,Female,Butwal,130814,4.6,72378.47,55,4793,28,85,61.5,14.36,1.28,Silver,Good,8,888672.24,4985197.82
2020,33,Female,Dharan,39464,4.4,26982.35,53,10404,126,85,75.6,12.14,4.96,Basic,Good,9,520423.8,2799584.42
2021,27,Male,Pokhara,193108,4.1,61979.77,46,11037,92,12,78.1,11.56,2.0,Silver,Good,9,896067.84,4575108.51
2022,46,Female,Kathmandu,143980,9.3,61352.33,35,5899,40,67,71.6,13.85,1.27,Premium,Excellent,2,771621.96,13764808.16
2023,27,Female,Kathmandu,247021,8.4,59909.05,21,799,42,14,17.1,21.62,2.32,Basic,Good,16,723942.3,6152940.34
2024,29,Female,Dharan,184342,1.5,60310.55,8,12916,118,78,16.4,56.28,4.88,Gold,Good,13,952339.8,2266672.17
2025,47,Female,Chitwan,62299,1.5,24354.44,34,2406,5,42,50.4,76.7,4.17,Silver,Excellent,18,294057.78,581030.04
2026,58,Female,Biratnagar,236877,4.6,52967.89,58,2985,101,50,44.0,12.69,2.92,Silver,Average,17,680837.43,3442562.18
2027,18,Male,Kathmandu,51541,1.4,42453.69,36,14503,61,16,1.8,87.0,2.22,Premium,Average,17,642146.73,1331051.82
2028,22,Male,Lalitpur,93545,6.4,51723.92,30,7959,41,57,31.9,84.27,2.69,Gold,Good,13,669634.89,6162520.08
2029,37,Female,Lalitpur,233615,1.9,46130.42,53,8898,111,55,72.6,72.74,1.07,Premium,Poor,2,701716.74,1984564.38
2030,25,Male,Biratnagar,243070,5.5,78328.96,13,6620,9,32,72.0,42.6,3.87,Basic,Average,9,948884.52,5678356.82
2031,60,Female,Lalitpur,149188,0.6,63457.94,6,8985,62,62,17.1,0.16,1.4,Basic,Good,12,845055.78,516201.55
2032,29,Male,Dharan,228150,3.5,36224.53,13,14751,54,59,31.2,73.48,3.08,Silver,Good,11,554177.46,2467560.94
2033,18,Female,Chitwan,234042,6.9,62133.38,30,2373,104,88,45.3,87.9,3.26,Gold,Average,8,782619.36,7802508.26
2034,37,Female,Pokhara,49765,5.1,15500.03,36,6602,126,61,68.4,33.53,1.01,Gold,Excellent,9,310778.16,2373690.11
2035,45,Male,Bhaktapur,43769,9.8,55331.13,21,12450,34,54,43.0,71.8,4.92,Basic,Average,18,727468.56,7294067.42
2036,60,Male,Kathmandu,239073,8.8,97209.15,38,6672,42,87,77.5,6.2,2.21,Basic,Excellent,15,1208543.4,11550112.15
2037,54,Male,Bhaktapur,238476,3.9,76924.72,2,6822,14,62,64.1,70.95,1.31,Gold,Good,2,937422.84,5563090.87
2038,64,Female,Pokhara,40156,0.9,65249.84,17,2588,33,81,76.3,6.83,4.42,Silver,Good,11,795808.68,969931.45
2039,54,Female,Pokhara,236908,8.5,98887.66,31,8137,118,43,58.8,58.72,1.61,Silver,Average,7,1330676.82,13056377.09
2040,29,Male,Dharan,201553,9.2,73528.14,10,5811,98,30,70.3,59.76,1.1,Gold,Good,14,967759.38,11775111.58
2041,54,Female,Chitwan,164507,8.3,25420.31,43,6987,92,85,66.6,30.22,2.98,Basic,Excellent,10,401464.32,3970608.82
2042,61,Male,Lalitpur,220722,1.7,32173.31,11,10464,100,93,21.1,7.91,1.52,Basic,Good,12,543039.72,945724.17
2043,45,Male,Lalitpur,197408,10.0,46788.49,14,11555,87,28,19.1,94.93,4.93,Gold,Excellent,5,712254.63,13088758.43
2044,64,Female,Dharan,187207,3.0,63184.7,49,7380,145,45,69.3,53.56,1.04,Basic,Average,12,918731.4,2533230.61
2045,32,Male,Pokhara,93631,7.4,30746.99,21,5221,124,94,7.7,57.98,1.2,Basic,Excellent,10,466074.48,3781997.4
2046,23,Male,Chitwan,57909,9.1,14660.7,30,13065,32,6,33.3,61.5,4.33,Basic,Good,5,238640.4,2699407.41
2047,61,Male,Chitwan,89487,2.7,37613.36,58,3926,101,53,65.8,89.1,1.96,Basic,Good,5,510839.22,1553404.94
2048,37,Male,Biratnagar,172540,9.1,58910.8,5,1028,39,54,65.2,6.03,4.65,Basic,Average,4,712943.4,7680565.73
2049,31,Male,Butwal,243681,3.4,73959.65,47,10825,94,53,12.0,89.33,2.24,Gold,Good,6,1040148.3,5411366.09
2050,19,Male,Kathmandu,67655,9.8,25453.25,50,2424,10,39,39.5,23.97,1.28,Premium,Good,18,309075.0,4580512.0
2051,26,Female,Dharan,185413,3.2,42830.77,29,6960,100,45,38.9,7.8,1.04,Basic,Good,10,618369.24,2026974.82
2052,54,Male,Butwal,215254,9.6,60719.93,38,6476,58,54,26.6,65.73,2.13,Gold,Excellent,5,784980.36,12329445.66
2053,37,Female,Dharan,71786,1.0,35933.33,14,6521,101,3,73.5,97.7,2.89,Basic,Average,8,529993.11,564139.72
2054,43,Male,Lalitpur,88304,7.2,43862.6,58,13480,64,55,52.6,5.72,1.0,Basic,Excellent,19,655759.2,4607220.33
2055,46,Male,Pokhara,123606,5.6,53094.69,4,10052,19,85,78.4,42.61,3.32,Silver,Excellent,17,665784.48,4768697.49
2056,18,Female,Dharan,197586,5.0,49241.27,38,1362,101,78,6.3,52.98,2.33,Premium,Good,7,611529.54,5524899.7
2057,52,Female,Dharan,140938,2.6,28525.89,49,11908,117,91,32.2,25.21,2.56,Premium,Average,17,551296.08,2136402.05
2058,23,Male,Biratnagar,185051,7.2,24215.67,20,11054,136,36,67.0,98.29,2.05,Basic,Poor,4,516089.64,3535057.79
2059,54,Female,Bhaktapur,241959,2.3,45556.51,29,4820,71,47,34.4,64.1,3.12,Basic,Average,5,598011.12,1525492.66
2060,22,Female,Lalitpur,100981,5.8,32132.37,20,3994,40,73,21.7,84.44,1.92,Premium,Excellent,1,409552.44,4729200.0
2061,50,Female,Kathmandu,75107,2.9,25670.98,18,14705,13,93,79.8,41.58,1.54,Basic,Average,3,336726.51,1035589.49
2062,31,Male,Chitwan,152232,9.6,68544.69,19,10659,101,80,70.0,35.4,4.56,Gold,Average,18,984020.13,12859129.83
2063,29,Male,Pokhara,107897,0.8,46802.19,19,6552,124,56,44.2,55.32,2.56,Basic,Poor,3,683493.48,542784.42
2064,59,Male,Lalitpur,92577,2.4,67123.05,58,14627,82,73,45.4,43.53,1.31,Silver,Average,15,985388.7,2488080.79
2065,37,Female,Bhaktapur,235375,2.8,39877.07,24,8759,88,12,1.5,71.49,1.92,Silver,Average,0,594143.64,2094328.12
2066,41,Male,Dharan,161918,4.4,44233.87,41,2142,105,30,78.5,26.58,2.24,Silver,Average,15,564542.94,2714149.44
2067,60,Female,Kathmandu,124180,2.7,61978.51,51,9712,130,70,64.7,44.96,4.08,Gold,Excellent,0,933126.12,4673933.87
2068,51,Male,Dharan,39924,5.2,46804.92,10,5696,16,64,3.9,89.51,1.09,Basic,Average,16,575329.44,2660093.09
2069,42,Male,Kathmandu,131193,8.8,51142.73,30,14350,14,48,14.9,75.61,2.91,Silver,Poor,4,643847.76,6468975.11
2070,46,Female,Biratnagar,164954,7.3,32264.46,52,7499,128,8,65.9,16.81,2.63,Silver,Excellent,15,531154.32,4943982.67
2071,56,Male,Dharan,231346,6.0,37123.15,43,7822,145,65,7.9,88.69,4.87,Basic,Good,2,615606.3,4855668.24
2072,48,Female,Lalitpur,237627,1.3,54989.98,30,3643,60,83,75.4,58.9,1.72,Basic,Average,9,692666.76,867511.49
2073,64,Female,Bhaktapur,21095,7.1,52047.24,3,14312,17,65,80.0,67.93,3.51,Basic,Poor,17,661062.48,4138771.41
2074,60,Female,Kathmandu,124205,2.1,35605.33,18,1970,45,93,71.0,29.43,1.81,Basic,Average,17,440561.46,824971.83
2075,40,Female,Pokhara,192055,8.0,72641.73,58,14503,38,13,59.4,44.15,3.19,Premium,Good,16,954367.86,12839462.95
2076,61,Female,Kathmandu,34123,2.9,38558.77,57,6178,124,13,39.5,80.68,3.22,Silver,Poor,10,577616.04,1807634.76
2077,55,Female,Bhaktapur,244740,4.5,70041.12,46,1882,104,37,7.5,33.07,1.3,Silver,Good,8,869852.64,4773480.75
2078,37,Female,Chitwan,217687,3.8,29980.31,32,5896,64,30,58.7,16.51,2.83,Gold,Good,10,416365.32,2388158.12
2079,40,Male,Chitwan,246265,8.7,82482.4,29,11622,121,12,32.4,37.83,2.84,Gold,Average,8,1200728.1,14847288.52
2080,62,Male,Biratnagar,65278,1.7,60166.25,44,10028,6,54,46.0,6.92,2.28,Silver,Good,16,731020.2,1446828.71
2081,33,Male,Lalitpur,117911,5.9,57830.58,49,7614,112,71,24.2,71.79,2.11,Basic,Excellent,19,821882.16,4998463.0
2082,59,Male,Bhaktapur,241362,1.8,71285.81,53,11858,102,86,20.1,14.77,1.9,Basic,Excellent,4,1036857.12,2263555.26
2083,25,Female,Biratnagar,71999,7.2,54710.03,40,9934,49,75,26.6,28.51,1.02,Basic,Good,11,729535.26,5299783.01
2084,38,Female,Butwal,51153,9.1,41729.0,31,2205,21,97,65.3,88.11,1.01,Premium,Good,17,507693.75,6972008.44
2085,18,Female,Kathmandu,38344,4.6,56453.6,36,6497,23,48,34.7,54.05,3.36,Gold,Good,15,699857.85,4651889.14
2086,25,Male,Butwal,57656,5.1,65206.46,49,6563,76,34,25.6,32.13,2.17,Silver,Good,8,857295.72,5555344.41
2087,46,Female,Kathmandu,221587,9.3,85556.04,52,8462,64,82,35.2,54.77,1.67,Silver,Good,7,1107907.68,12881064.43
2088,49,Male,Chitwan,21212,5.4,11032.32,21,11891,27,68,3.6,21.83,3.74,Silver,Good,5,180546.39,1379491.4
2089,55,Female,Biratnagar,140385,5.1,67876.44,17,8596,134,44,71.4,2.52,3.12,Silver,Good,16,987296.88,6086905.5
2090,22,Female,Chitwan,160073,6.0,11151.74,35,3094,149,19,44.6,60.37,4.66,Basic,Excellent,13,202971.78,1479923.59
2091,64,Male,Pokhara,98784,7.0,42872.9,15,12629,71,75,9.3,71.41,4.32,Basic,Good,13,648973.65,5196350.88
2092,39,Male,Butwal,118723,1.5,61247.79,27,10371,107,54,23.8,87.98,3.91,Premium,Good,3,901428.03,2733853.86
2093,64,Male,Butwal,101144,8.3,60288.36,21,1815,133,40,78.7,77.19,1.51,Silver,Good,7,759669.57,7837232.9
2094,51,Female,Chitwan,187499,4.6,33249.28,43,14901,143,73,47.9,92.67,3.66,Basic,Average,16,718617.81,3286950.41
2095,18,Female,Pokhara,51368,1.2,43619.5,52,8639,149,35,24.0,98.6,3.78,Basic,Good,0,716515.65,1097712.66
2096,43,Female,Kathmandu,221891,8.0,68185.08,25,13518,58,38,34.7,74.49,4.05,Basic,Good,2,935827.56,9537158.39
2097,60,Male,Biratnagar,81160,4.1,54109.11,44,9259,132,42,21.4,86.79,2.05,Gold,Poor,16,832637.52,3837129.8
2098,27,Male,Pokhara,176926,1.5,63416.99,19,3204,135,98,3.5,67.37,3.56,Gold,Good,19,825884.88,1731742.17
2099,47,Female,Biratnagar,30715,6.5,36838.92,44,11143,35,50,67.5,17.09,3.47,Silver,Excellent,2,500567.79,4961044.24
2100,35,Female,Butwal,232773,8.9,67210.12,10,10440,121,11,24.1,18.17,2.54,Premium,Excellent,6,996007.44,17284481.49
2101,34,Male,Biratnagar,78784,8.9,44465.41,20,6225,143,41,67.2,11.03,3.65,Premium,Excellent,10,667111.17,11644444.87
2102,43,Male,Butwal,149193,9.6,36171.53,21,5191,130,19,38.8,94.3,1.35,Gold,Average,14,535282.86,6375983.98
2103,25,Female,Pokhara,119644,8.7,46291.82,43,9339,120,26,15.4,67.28,3.57,Basic,Average,6,723603.84,6969627.36
2104,64,Male,Butwal,46797,0.5,39807.7,31,10885,5,42,64.3,78.99,3.42,Silver,Good,4,485856.15,313201.03
2105,57,Male,Dharan,67573,4.1,18703.88,27,11500,71,37,30.8,33.12,1.84,Silver,Average,16,346921.56,1494648.38
2106,29,Male,Lalitpur,96120,8.3,34483.43,32,14341,86,3,56.9,46.04,4.27,Silver,Good,4,598800.06,7189784.44
2107,44,Female,Butwal,34780,4.0,36598.7,36,624,95,84,67.1,3.98,4.5,Premium,Average,0,448076.4,3522552.49
2108,25,Female,Chitwan,57905,6.2,44188.51,4,10229,41,75,77.1,88.9,1.84,Basic,Good,6,593170.47,4050187.92
2109,42,Female,Pokhara,172645,6.3,64213.27,57,14143,75,50,7.8,85.3,1.3,Gold,Average,16,929667.99,7047823.35
2110,63,Female,Dharan,136049,4.0,25715.97,41,13267,83,68,1.7,78.48,3.41,Silver,Good,7,473765.79,2534775.93
2111,21,Male,Kathmandu,149651,9.1,33774.12,30,5597,38,54,44.3,5.83,2.92,Basic,Excellent,11,437192.34,4666357.55
2112,50,Male,Biratnagar,53359,5.3,8602.5,7,5307,42,20,21.9,17.42,2.71,Silver,Excellent,1,136664.1,1058178.52
2113,18,Female,Dharan,86062,4.9,22035.18,53,2470,56,27,38.1,33.42,4.04,Basic,Excellent,16,285170.16,1630335.38
2114,36,Male,Bhaktapur,93391,10.0,51041.82,2,3262,71,55,6.7,26.31,4.88,Basic,Good,19,647242.14,7038937.86
2115,48,Female,Dharan,63463,5.2,24204.19,53,6017,55,52,40.6,83.85,2.91,Gold,Excellent,13,340090.53,2713866.84
2116,33,Male,Pokhara,119596,2.2,70820.36,25,10509,22,26,10.9,19.48,1.02,Gold,Good,2,884524.02,2938898.76
2117,31,Male,Dharan,115018,5.4,54316.81,39,1314,27,18,67.2,53.21,3.39,Basic,Good,18,657123.42,3676046.4
2118,22,Male,Dharan,36571,8.2,29874.26,35,3601,105,75,61.0,57.14,3.62,Premium,Excellent,13,415206.87,6453990.69
2119,58,Male,Chitwan,248348,7.9,65121.89,52,12843,38,62,6.9,42.5,4.31,Basic,Average,7,854667.78,7634165.68
2120,43,Male,Butwal,170214,8.0,15274.66,8,2154,112,47,67.1,24.07,1.8,Basic,Excellent,6,219483.12,2093287.48
2121,45,Male,Biratnagar,45104,7.2,58428.31,12,631,39,56,26.7,96.03,3.1,Basic,Good,4,704831.07,6087813.49
2122,19,Female,Lalitpur,28625,2.9,26724.03,12,8922,143,51,28.9,41.34,2.79,Basic,Average,2,512065.26,1638955.67
2123,23,Male,Kathmandu,59199,8.7,34240.33,37,894,119,76,15.2,72.73,3.66,Basic,Average,0,426841.86,4386391.81
2124,26,Female,Lalitpur,140725,9.0,40551.31,21,7819,60,12,67.0,18.4,1.26,Gold,Good,18,556986.72,6362199.44
2125,50,Female,Dharan,166998,2.3,8256.03,17,4073,136,13,33.0,82.28,4.54,Premium,Good,14,182161.56,731313.22
2126,58,Female,Bhaktapur,51218,1.7,39961.71,6,9673,44,41,4.9,21.59,3.04,Gold,Good,0,543382.32,1566182.87
2127,42,Female,Pokhara,195544,9.8,64049.99,25,7606,43,49,77.3,67.53,4.51,Silver,Average,4,817658.58,10849125.72
2128,30,Female,Biratnagar,111916,8.7,62593.53,31,9624,134,57,21.2,50.65,2.36,Gold,Average,19,944564.76,10069452.42
2129,26,Male,Pokhara,143182,9.0,78040.1,31,6125,23,9,75.0,14.66,3.61,Silver,Good,10,957612.45,11349615.6
2130,30,Male,Chitwan,40566,8.9,55670.44,40,10101,122,89,24.8,2.49,4.83,Silver,Average,13,852893.58,9412843.57
2131,48,Male,Pokhara,207197,5.6,31188.94,58,11647,141,15,66.7,93.07,4.77,Gold,Average,17,620601.33,4809497.91
2132,58,Female,Kathmandu,53205,6.6,38595.91,49,5128,84,88,53.5,12.57,4.78,Premium,Average,19,527763.72,5616882.82
2133,28,Female,Bhaktapur,129084,5.7,21067.53,48,5560,106,57,69.0,70.5,1.17,Basic,Average,8,341214.36,1916639.34
2134,21,Male,Lalitpur,49717,1.0,37087.91,38,8247,64,55,78.1,65.27,2.61,Basic,Good,14,524226.12,532163.36
2135,51,Male,Dharan,201056,7.6,78217.6,34,6769,125,18,69.8,34.17,1.24,Basic,Average,10,1065529.95,7747025.6
2136,55,Female,Dharan,127292,5.3,45229.3,21,13342,52,46,32.9,18.54,2.24,Silver,Excellent,4,646819.2,4850657.92
2137,63,Male,Bhaktapur,176207,6.7,63130.73,55,11433,48,6,65.3,17.83,1.7,Silver,Good,14,839886.36,6520769.08
2138,21,Female,Biratnagar,179236,5.3,72531.42,23,7132,61,4,57.2,58.53,3.48,Silver,Good,1,935634.84,7189393.54
2139,55,Female,Pokhara,225561,5.2,55222.05,42,7255,17,10,5.9,54.69,4.12,Basic,Good,11,681164.85,4070152.37
2140,36,Female,Biratnagar,58562,2.1,32992.11,59,11630,40,85,74.5,87.59,3.05,Silver,Good,6,465685.32,1287729.58
2141,23,Female,Lalitpur,220182,3.1,76305.49,22,7089,75,21,37.8,64.0,4.18,Silver,Good,1,995417.13,4590075.22
2142,51,Female,Biratnagar,40169,2.0,40358.56,38,6089,89,84,11.6,81.93,1.05,Silver,Average,7,565590.87,1256320.83
2143,35,Male,Chitwan,210930,2.4,32088.45,55,12112,69,22,34.6,3.24,4.28,Premium,Poor,8,510420.6,1984889.38
2144,30,Female,Bhaktapur,41604,9.7,59143.7,28,3004,85,81,48.6,67.1,1.71,Silver,Good,4,748025.4,9368034.97
2145,58,Female,Lalitpur,109670,2.0,27613.23,39,3533,26,34,46.3,23.37,2.84,Basic,Average,14,345137.46,688505.94
2146,40,Male,Lalitpur,134605,3.1,44431.07,36,12671,40,6,46.4,25.28,2.77,Basic,Poor,18,609198.84,1587581.25
2147,36,Male,Butwal,108738,6.1,47032.13,39,12515,96,25,21.2,72.06,4.49,Basic,Good,18,744601.56,4953939.03
2148,62,Male,Lalitpur,151756,6.3,21327.32,41,13172,117,64,51.0,79.34,4.86,Basic,Good,12,487096.44,3613952.01
2149,28,Male,Butwal,148140,2.0,54347.62,7,9403,136,80,72.7,37.17,2.02,Silver,Good,12,843992.64,2056439.87
2150,18,Female,Kathmandu,122537,8.0,40880.73,33,3476,73,27,31.7,79.01,1.27,Gold,Excellent,5,528630.96,6646071.3
2151,41,Female,Dharan,131301,8.0,64011.82,17,1971,45,90,50.8,44.37,3.6,Basic,Average,0,781446.09,7363231.46
2152,24,Male,Butwal,28007,2.8,18657.9,29,12391,17,93,20.3,85.76,3.01,Premium,Excellent,9,255491.85,1365026.64
2153,42,Male,Bhaktapur,134915,3.2,56307.97,17,11878,77,34,4.8,2.49,3.26,Basic,Good,5,812886.54,3121262.6
2154,38,Female,Biratnagar,137419,9.4,41142.0,28,7095,137,19,47.3,8.35,1.19,Basic,Average,2,639506.25,6244623.23
2155,32,Male,Butwal,61787,8.3,27912.29,54,13441,91,19,4.8,77.64,4.1,Basic,Excellent,12,518417.13,5245803.99
2156,18,Male,Lalitpur,69582,7.1,56243.03,4,1642,106,39,58.2,62.41,1.93,Premium,Good,18,701024.16,7760296.59
2157,29,Female,Bhaktapur,225863,1.3,48330.42,50,13904,101,34,54.0,55.9,2.34,Silver,Poor,9,790610.64,1093962.0
2158,24,Female,Butwal,248870,4.5,62320.32,22,12673,103,28,30.2,61.4,1.91,Silver,Average,12,943641.69,4695771.29
2159,32,Male,Butwal,103629,5.8,66867.44,39,3068,24,50,33.5,93.02,4.78,Basic,Good,6,813454.08,5926830.67
2160,38,Male,Lalitpur,25782,2.3,50312.4,39,2108,73,51,73.5,65.55,1.67,Gold,Good,14,626831.4,1965680.58
2161,36,Male,Chitwan,86770,4.8,44171.19,31,13325,121,16,2.0,64.75,3.93,Gold,Excellent,3,771903.03,6680090.95
2162,46,Female,Chitwan,77645,6.2,35457.36,23,6052,106,78,45.5,75.95,1.98,Silver,Average,10,521715.12,3690664.45
2163,42,Female,Butwal,123509,3.6,13448.89,20,12514,139,53,73.9,86.66,2.7,Gold,Good,7,422303.58,2352670.12
2164,50,Male,Chitwan,183068,7.9,65633.38,32,2397,35,99,73.2,26.19,4.98,Silver,Average,1,800184.81,9012787.28
2165,49,Female,Pokhara,49204,8.5,13874.31,21,2692,136,69,47.2,61.67,1.4,Basic,Good,0,221408.52,2169045.44
2166,52,Female,Lalitpur,37152,3.6,28922.38,48,12764,17,20,31.1,58.4,4.53,Gold,Excellent,0,379616.76,2638397.72
2167,61,Male,Pokhara,206258,8.5,53598.68,20,1591,140,96,8.8,13.48,4.78,Premium,Good,15,676595.16,10480294.42
2168,55,Male,Bhaktapur,110555,1.5,21886.2,3,1199,93,26,14.7,52.03,3.79,Silver,Good,17,279360.45,518206.4
2169,43,Female,Pokhara,236096,8.5,65223.32,41,4592,109,77,54.7,6.96,1.04,Basic,Good,10,857759.04,7453248.9
2170,28,Male,Bhaktapur,39689,2.0,28408.37,40,10593,50,77,2.3,18.5,4.28,Basic,Average,7,420347.94,955180.24
2171,52,Male,Butwal,201762,1.3,62097.43,28,2678,114,26,70.8,91.3,4.53,Premium,Excellent,18,790962.96,1876225.6
2172,25,Female,Bhaktapur,245114,6.6,34880.75,9,1232,24,34,47.4,11.92,4.92,Basic,Good,11,423004.2,3342225.7
2173,63,Female,Bhaktapur,103251,5.0,53786.24,46,14092,37,61,4.6,57.89,4.36,Gold,Good,5,723645.48,6124090.21
2174,31,Female,Biratnagar,208392,9.1,70045.91,55,14600,11,38,19.9,32.35,2.78,Silver,Excellent,15,864640.92,10068352.36
2175,27,Female,Pokhara,215298,4.0,66522.08,28,14463,99,93,47.9,55.53,3.75,Silver,Good,7,1013040.51,5529598.99
2176,19,Female,Biratnagar,207163,3.2,73210.38,16,9204,55,44,3.8,23.5,2.94,Basic,Good,6,954457.56,3536773.06
2177,63,Male,Butwal,126565,5.3,51807.01,13,3187,27,10,62.6,44.44,2.41,Basic,Good,19,634591.47,3292219.17
2178,26,Female,Lalitpur,230373,4.8,34662.03,48,12788,67,15,73.7,86.73,3.51,Silver,Poor,2,544463.76,3121061.31
2179,20,Male,Pokhara,173014,3.8,51450.52,15,4256,2,4,76.9,37.62,4.08,Premium,Good,0,618683.04,4878754.86
2180,38,Male,Lalitpur,58712,7.1,24569.35,8,6561,68,70,59.0,35.3,3.54,Basic,Excellent,5,361754.4,3282308.37
2181,43,Female,Lalitpur,216349,7.7,94250.43,18,9123,146,57,68.7,44.61,4.31,Silver,Average,2,1330798.86,14026355.38
2182,25,Female,Bhaktapur,69632,8.6,57096.16,27,7034,148,27,49.2,10.05,1.71,Gold,Good,18,841308.72,9418768.17
2183,19,Male,Dharan,189103,9.7,70078.1,38,5885,63,54,37.2,38.73,2.49,Silver,Average,1,896550.45,11173234.9
2184,23,Female,Pokhara,40478,3.0,46153.58,21,4994,72,42,57.3,0.69,2.25,Silver,Average,16,607778.16,1967425.16
2185,45,Male,Lalitpur,42551,7.3,12308.35,11,9499,130,83,18.7,50.34,1.78,Gold,Good,15,332930.7,3284130.04
2186,46,Male,Dharan,68068,4.2,54112.12,20,1779,83,22,9.7,84.79,2.77,Gold,Good,6,671493.99,4417486.56
2187,43,Male,Chitwan,113608,6.9,44101.21,19,7038,42,40,61.2,55.21,4.79,Basic,Good,5,573553.92,5012431.65
2188,42,Female,Lalitpur,55561,5.0,40878.6,31,13739,107,81,76.7,60.77,3.15,Premium,Excellent,10,711054.15,6806527.21
2189,29,Female,Chitwan,153964,9.9,25956.84,31,2721,28,24,46.6,3.06,2.15,Silver,Excellent,14,322910.28,3995340.69
2190,22,Male,Pokhara,44395,7.4,40169.2,26,5664,105,94,39.1,85.95,2.42,Gold,Average,10,571238.4,5764472.24
2191,51,Female,Butwal,38756,9.5,54497.5,25,1354,112,75,43.2,38.5,3.45,Basic,Good,6,676717.2,7651700.25
2192,54,Male,Biratnagar,238782,8.4,27440.68,11,3712,133,59,38.8,97.49,2.41,Silver,Excellent,14,403342.56,4305949.68
2193,32,Female,Pokhara,185723,9.1,82270.87,3,3086,15,70,35.9,12.05,3.15,Basic,Poor,15,994193.94,8040323.92
2194,61,Male,Biratnagar,86333,8.2,19597.66,39,5340,110,76,75.8,94.47,2.1,Silver,Good,7,323281.92,3402097.81
2195,53,Male,Biratnagar,224817,4.9,68805.34,33,3268,73,30,38.9,63.43,2.38,Basic,Average,4,861448.68,4533999.26
2196,32,Female,Pokhara,200378,2.9,88793.45,36,14885,90,63,7.4,5.23,3.82,Premium,Poor,16,1266468.9,5279150.11
2197,60,Male,Lalitpur,172418,4.0,77058.01,52,7728,37,54,61.5,97.17,3.34,Gold,Excellent,1,967586.52,6946709.65
2198,40,Male,Kathmandu,133561,0.7,55110.32,38,13030,143,46,31.9,1.39,1.37,Gold,Excellent,6,940817.34,1028498.93
2199,23,Female,Lalitpur,48024,5.5,57944.64,8,3840,4,28,57.1,73.07,4.89,Silver,Average,5,697639.68,5209192.65
2200,63,Female,Lalitpur,246022,5.3,64399.55,8,5759,84,35,46.8,88.95,1.2,Gold,Excellent,11,845358.0,6547456.75
2201,61,Male,Butwal,191890,5.5,72083.77,28,11920,149,15,57.3,17.58,1.33,Premium,Average,15,1131417.24,9029427.55
2202,60,Male,Bhaktapur,25947,9.8,60006.99,11,7240,60,42,5.9,34.34,3.81,Silver,Good,10,785243.88,10243952.66
2203,62,Male,Bhaktapur,226225,9.2,52675.98,34,10311,86,75,3.7,56.12,3.83,Silver,Good,16,765123.66,8733951.85
2204,38,Male,Lalitpur,237312,2.0,92074.01,44,775,71,61,30.9,67.98,1.08,Silver,Good,9,1113141.87,2622620.25
2205,40,Male,Chitwan,147192,4.0,54703.06,56,7698,31,43,55.8,87.19,3.57,Basic,Excellent,15,692232.42,3184640.14
2206,60,Female,Butwal,114238,4.5,68612.6,8,12795,17,52,18.7,76.11,1.13,Premium,Good,15,855978.45,5955857.89
2207,33,Female,Biratnagar,87428,3.9,65729.17,7,4363,7,76,35.2,36.33,4.84,Silver,Good,14,793331.19,4092561.41
2208,64,Male,Dharan,180826,8.1,61964.39,7,1214,126,12,78.5,82.17,3.78,Silver,Excellent,14,766517.28,8387931.82
2209,32,Male,Bhaktapur,83355,5.5,60858.12,14,6554,83,36,18.0,96.61,1.75,Gold,Poor,19,811894.74,4785978.26
2210,42,Male,Lalitpur,209313,5.9,83956.67,49,10772,28,20,68.0,22.7,1.63,Basic,Good,3,1052722.44,7028577.01
2211,53,Male,Butwal,220032,8.6,26782.69,14,1309,10,89,66.2,7.41,3.28,Basic,Good,2,323355.78,3430059.73
2212,28,Female,Kathmandu,149958,8.2,26153.7,3,4226,27,66,71.4,42.66,3.53,Basic,Excellent,13,330959.7,3180919.57
2213,32,Male,Chitwan,164490,1.8,40816.23,20,14260,141,77,73.3,88.14,4.32,Silver,Good,9,791393.76,1962708.08
2214,21,Male,Pokhara,246494,7.3,58717.09,52,13715,127,62,41.1,15.03,4.61,Basic,Excellent,5,965875.83,9473805.84
2215,38,Female,Lalitpur,239665,4.6,29985.13,20,4478,43,48,54.9,88.58,2.57,Gold,Good,10,388704.66,2652137.06
2216,30,Male,Butwal,206256,3.3,22652.38,51,9553,69,15,49.9,99.22,4.38,Silver,Average,3,370702.11,1682951.65
2217,39,Female,Lalitpur,155905,1.0,31595.9,58,536,63,68,25.4,5.4,3.17,Silver,Excellent,9,384216.0,532858.86
2218,36,Male,Dharan,226502,5.1,88586.7,39,8614,70,53,23.1,49.53,2.88,Basic,Good,15,1153487.4,6175760.8
2219,51,Female,Biratnagar,192905,3.9,21174.43,3,12503,99,33,28.0,32.89,3.8,Basic,Good,7,439762.71,2056596.09
2220,31,Female,Chitwan,151637,2.9,20519.48,52,10773,71,81,18.3,39.37,1.41,Gold,Excellent,8,360966.21,1608412.41
2221,21,Female,Bhaktapur,191252,7.1,50779.12,27,9146,93,11,60.8,45.16,2.06,Basic,Good,3,736936.14,6010151.47
2222,63,Female,Bhaktapur,38402,7.8,61330.24,7,13231,143,18,77.2,73.97,4.27,Gold,Good,16,1019767.83,11804310.05
2223,44,Male,Bhaktapur,193917,2.8,94660.54,21,3808,146,41,69.6,59.13,3.02,Basic,Good,9,1219321.68,3865609.35
2224,46,Male,Dharan,95851,1.0,72809.11,24,12999,132,69,18.2,96.12,4.63,Silver,Good,12,1131089.52,1547052.01
2225,64,Female,Pokhara,32834,8.6,35154.9,55,11903,11,64,5.1,33.28,1.35,Silver,Good,16,441498.75,4206375.57
2226,45,Female,Butwal,87850,0.6,52044.68,16,3155,134,16,60.8,54.15,2.25,Silver,Good,18,687951.66,459097.0
2227,52,Male,Chitwan,57180,9.4,32218.06,7,14517,122,98,31.8,81.33,2.42,Premium,Excellent,16,652277.82,10627049.82
2228,25,Male,Chitwan,154955,6.5,31596.51,29,1481,18,40,66.1,37.3,2.69,Silver,Good,3,383156.82,3389419.58
2229,33,Male,Bhaktapur,129688,3.6,61782.05,36,6947,67,58,62.6,46.53,4.95,Premium,Average,5,811201.95,5545648.65
2230,59,Male,Bhaktapur,226659,2.8,46379.93,12,13083,145,11,50.4,68.5,2.24,Basic,Good,13,841114.41,2471472.92
2231,53,Male,Biratnagar,126520,0.6,33392.66,9,651,97,72,21.2,86.07,3.07,Basic,Poor,8,410183.97,241649.67
2232,47,Female,Dharan,31695,2.7,36442.59,58,14757,34,98,9.2,41.57,3.14,Basic,Good,5,512571.78,1645871.59
2233,35,Male,Kathmandu,147135,1.8,27083.36,55,11986,147,18,21.0,53.2,4.08,Silver,Average,9,589291.62,1321249.17
2234,19,Male,Kathmandu,174195,6.3,45918.8,51,14007,137,77,41.3,97.51,3.07,Silver,Average,5,838869.45,6655562.13
2235,30,Female,Lalitpur,78481,2.1,15237.21,50,9291,44,18,78.4,4.25,3.42,Silver,Excellent,8,244167.12,749591.31
2236,21,Female,Lalitpur,93438,5.5,59330.75,52,10014,95,17,6.0,44.82,4.01,Gold,Excellent,12,854668.5,7715140.55
2237,43,Female,Chitwan,131491,6.1,33084.97,52,6148,91,79,16.8,63.6,1.4,Gold,Good,15,480939.84,3855182.89
2238,42,Female,Chitwan,168645,3.3,31832.75,25,2011,111,4,50.6,0.84,4.85,Gold,Average,15,415476.15,1967125.83
2239,47,Male,Pokhara,141844,0.8,86318.11,22,2758,71,52,25.0,59.68,4.39,Basic,Excellent,18,1065190.02,986086.92
2240,28,Female,Pokhara,114910,0.9,30021.02,50,731,53,95,68.8,5.62,2.56,Basic,Excellent,4,366063.69,405128.79
2241,24,Female,Kathmandu,76494,0.8,53008.88,37,3242,71,47,12.0,85.76,3.91,Silver,Good,10,670633.86,713825.98
2242,48,Male,Dharan,163360,7.5,31037.13,8,8341,53,56,77.1,80.71,4.05,Basic,Good,14,438756.51,3666093.26
2243,61,Female,Lalitpur,66978,3.5,46664.39,6,4962,108,27,73.1,3.23,4.4,Silver,Average,7,640357.08,2925460.43
2244,27,Female,Kathmandu,223492,8.1,59616.19,59,13268,19,77,71.1,4.88,1.75,Basic,Good,14,753208.08,6162491.84
2245,56,Male,Dharan,137845,4.6,60920.65,30,8249,66,32,14.7,75.36,3.81,Premium,Good,10,812712.9,6917963.46
2246,30,Male,Kathmandu,150621,4.8,85306.9,17,1071,1,82,27.0,36.95,1.13,Gold,Excellent,12,1023843.45,7097414.7
2247,48,Male,Lalitpur,227167,5.4,74317.23,7,1702,106,73,64.5,57.5,1.46,Gold,Good,1,918868.56,7683037.56
2248,24,Male,Butwal,74672,7.3,46864.5,15,10199,55,20,64.8,27.03,4.1,Premium,Good,1,646515.75,9744035.71
2249,59,Male,Pokhara,81821,3.1,54959.62,59,10304,15,91,56.7,17.3,4.25,Gold,Average,11,682699.44,3095681.2
2250,59,Female,Biratnagar,103661,1.7,35326.67,53,12258,127,69,36.4,29.61,3.37,Basic,Average,19,657434.94,1037601.34
2251,53,Male,Biratnagar,89224,5.8,38962.83,3,12732,15,16,25.6,24.67,3.33,Gold,Poor,8,496200.96,3758207.04
2252,37,Female,Biratnagar,109405,3.6,54268.67,26,10262,121,59,77.1,44.83,4.0,Basic,Good,19,837479.34,3160778.19
2253,21,Female,Lalitpur,74796,4.7,45974.75,32,13717,66,79,12.0,74.67,4.62,Basic,Average,14,687495.3,3406225.92
2254,24,Female,Bhaktapur,195778,6.6,74002.68,51,9731,114,31,4.5,55.41,2.68,Basic,Excellent,6,1054432.26,8535990.85
2255,18,Female,Bhaktapur,148554,5.2,45663.92,51,7109,137,49,1.7,60.92,1.46,Basic,Excellent,13,694056.99,3880575.29
2256,61,Male,Bhaktapur,143777,6.4,31450.4,14,10117,146,57,62.2,47.01,4.36,Gold,Good,16,598967.1,5759709.75
2257,62,Male,Chitwan,24023,5.7,50589.93,19,12773,145,43,5.5,32.47,2.37,Premium,Excellent,1,884891.91,10243407.96
2258,59,Female,Pokhara,233708,7.5,35263.13,18,670,72,25,43.6,14.35,1.54,Basic,Average,8,430393.56,3191343.59
2259,64,Female,Pokhara,187807,7.2,71090.01,46,5651,98,53,30.0,35.46,3.46,Basic,Excellent,12,936149.82,8038877.34
2260,30,Female,Butwal,92959,5.6,24335.43,29,6906,44,44,12.6,66.52,3.31,Basic,Excellent,4,337604.76,2421348.19
2261,39,Male,Butwal,59218,6.9,57183.07,13,14026,16,35,59.5,73.38,2.9,Silver,Average,3,719859.24,6349586.05
2262,38,Female,Chitwan,163285,8.8,37268.73,36,14794,78,61,5.3,46.92,4.44,Silver,Excellent,0,620314.56,8824940.27
2263,39,Male,Kathmandu,249766,4.6,48916.95,23,688,52,84,26.2,64.5,2.09,Premium,Average,8,592369.8,4431498.29
2264,45,Female,Dharan,48460,4.4,36813.7,40,13573,2,4,45.4,21.05,1.05,Basic,Poor,15,445836.3,1571003.58
2265,26,Female,Butwal,144579,7.8,30411.07,2,5178,61,69,32.8,86.01,2.29,Premium,Good,18,412311.54,5071483.7
2266,43,Male,Biratnagar,84680,6.0,29495.55,38,7645,132,12,21.5,86.59,1.04,Basic,Excellent,2,505317.6,3599408.95
2267,26,Female,Bhaktapur,51017,1.2,42139.87,22,6427,126,14,74.2,32.03,3.17,Silver,Good,2,627148.74,1058355.65
2268,32,Male,Biratnagar,249608,9.0,81345.03,2,1099,52,51,74.5,54.77,2.51,Basic,Good,6,984712.56,10130843.46
2269,27,Male,Bhaktapur,112038,0.8,25135.36,5,13633,41,83,33.9,60.67,4.26,Silver,Average,17,385467.27,364213.88
2270,41,Male,Biratnagar,182062,7.6,41211.81,33,12709,31,20,32.1,47.24,4.19,Basic,Average,19,553638.57,4136981.6
2271,59,Female,Kathmandu,39515,7.7,33066.13,59,12024,121,45,25.3,91.11,2.74,Premium,Excellent,6,615029.16,9329021.86
2272,25,Female,Dharan,181063,9.6,77074.55,2,14817,51,34,68.6,73.97,1.87,Basic,Good,15,1038244.65,10007926.24
2273,41,Female,Biratnagar,158706,1.0,35523.49,14,5801,95,39,45.9,67.25,2.69,Silver,Poor,3,508946.13,562911.37
2274,33,Male,Biratnagar,228106,6.2,28233.22,47,4076,11,4,8.1,52.01,3.57,Basic,Average,12,345524.04,2240788.59
2275,43,Female,Lalitpur,227524,4.6,50364.02,48,11081,136,66,68.4,8.48,1.76,Basic,Average,9,830420.64,3787278.86
2276,44,Female,Dharan,180449,3.6,74424.28,18,9645,12,36,43.3,10.78,4.09,Basic,Good,1,910452.36,4233813.52
2277,54,Male,Biratnagar,53001,1.4,16986.73,13,14857,99,37,33.8,29.9,2.32,Premium,Good,18,424467.21,946959.24
2278,21,Female,Lalitpur,21391,5.8,28164.85,8,5693,45,39,27.7,21.15,4.73,Basic,Good,13,376405.95,2533460.48
2279,41,Male,Pokhara,216278,5.1,68954.73,56,10317,34,40,8.9,95.25,3.05,Silver,Average,5,880073.46,5646695.4
2280,36,Female,Dharan,129388,1.5,75099.75,52,2370,72,26,76.6,40.98,4.39,Basic,Poor,12,926793.0,1367092.98
2281,53,Male,Chitwan,62215,6.3,31244.97,56,4761,21,65,59.6,87.66,3.46,Gold,Average,11,389936.79,3464120.54
2282,56,Male,Dharan,99720,7.5,55696.97,4,2524,41,14,11.4,81.81,3.22,Basic,Excellent,11,683886.24,6094707.49
2283,27,Male,Dharan,47114,7.8,13994.74,51,13021,22,69,41.4,81.26,3.73,Gold,Good,11,210906.18,2521251.24
2284,42,Female,Biratnagar,162954,9.1,35583.06,27,5994,21,71,44.9,21.57,4.25,Silver,Average,10,445877.82,5088304.08
2285,35,Male,Pokhara,133142,4.4,23675.05,32,14244,71,76,14.3,44.73,3.58,Silver,Poor,13,435799.2,2050819.46
2286,36,Male,Dharan,168345,9.6,64252.14,37,9332,14,2,34.8,31.8,4.19,Basic,Good,3,790622.88,9618567.74
2287,53,Female,Butwal,126206,8.7,17264.61,27,5953,79,73,52.0,97.04,1.76,Silver,Good,12,277718.37,2893405.49
2288,27,Female,Butwal,65647,3.3,35640.99,4,2327,73,55,23.4,87.67,2.11,Silver,Average,7,453172.53,1773985.3
2289,50,Male,Lalitpur,233737,2.0,74947.9,45,5202,52,99,27.2,24.99,1.92,Basic,Good,2,939950.4,2183022.08
2290,22,Male,Biratnagar,215964,4.6,63181.39,56,1039,76,10,10.6,31.35,4.19,Basic,Good,13,770021.28,4019434.67
2291,64,Male,Biratnagar,62679,4.3,59815.11,29,7702,19,37,33.6,52.89,1.34,Gold,Good,18,739732.02,4059298.62
2292,52,Male,Dharan,20427,6.0,35737.8,45,14255,27,38,47.1,27.86,4.18,Basic,Excellent,17,486586.35,3357071.2
2293,61,Female,Kathmandu,248024,6.0,34314.43,18,11057,146,60,10.2,82.45,2.56,Basic,Average,10,653921.46,3993347.01
2294,51,Female,Pokhara,149669,7.6,12004.98,39,4938,13,22,49.6,81.92,1.32,Silver,Excellent,12,153688.86,1449026.25
2295,50,Female,Bhaktapur,86267,5.3,53251.86,48,4001,107,21,32.4,72.43,2.7,Basic,Good,5,703238.37,4337429.83
2296,38,Male,Bhaktapur,20799,1.5,38387.22,31,12639,129,2,54.6,68.93,2.2,Silver,Poor,17,705211.29,1005494.79
2297,34,Female,Kathmandu,75659,8.7,68362.45,3,11718,85,60,25.9,54.73,3.37,Silver,Excellent,19,969753.9,10571653.05
2298,39,Female,Lalitpur,245481,3.4,65409.0,9,13424,141,29,45.9,34.71,2.89,Basic,Good,0,1068825.6,4483143.88
2299,54,Female,Bhaktapur,27025,9.7,52509.22,15,4037,109,72,49.4,83.69,2.19,Basic,Excellent,1,696115.59,8545313.57
2300,32,Female,Dharan,34481,1.6,9113.05,38,12866,115,57,55.6,85.88,4.45,Basic,Average,6,331295.1,603346.88
2301,52,Female,Bhaktapur,45411,9.6,57484.72,36,7216,51,10,60.8,4.95,2.63,Silver,Good,4,745019.04,9659182.46
2302,45,Female,Butwal,247966,1.4,74675.4,43,11188,1,66,11.8,39.86,2.88,Premium,Excellent,18,897783.0,2163098.03
2303,24,Male,Butwal,125928,2.7,30605.49,40,7318,121,37,77.3,2.66,4.39,Silver,Average,1,500087.58,1866585.24
2304,49,Female,Chitwan,143014,0.9,58523.4,12,6700,123,99,67.6,83.95,1.36,Gold,Good,2,825895.8,1157078.54
2305,28,Female,Pokhara,166033,7.2,56506.31,16,4786,32,35,45.4,17.71,2.56,Silver,Good,19,701048.52,5738482.75
2306,27,Female,Lalitpur,172839,8.6,54005.84,3,5239,142,82,71.3,67.39,2.61,Gold,Good,9,759660.78,9801020.72
2307,26,Male,Biratnagar,71690,4.6,31754.47,38,14274,93,33,31.2,35.74,2.98,Gold,Excellent,9,580175.94,4310615.1
2308,31,Female,Pokhara,72870,9.3,67517.87,44,2589,68,67,3.7,81.61,1.42,Basic,Good,7,836622.24,8376245.44
2309,30,Female,Lalitpur,187207,6.1,53405.72,33,6105,63,26,58.4,50.97,1.41,Basic,Average,8,698560.89,4212237.2
2310,42,Male,Bhaktapur,215586,6.5,51643.7,41,7840,82,52,75.5,32.44,2.67,Premium,Good,1,716156.4,9029594.85
2311,19,Male,Chitwan,106928,8.5,38833.68,14,7322,142,64,13.8,32.39,1.13,Silver,Average,2,621962.76,6295253.45
2312,52,Female,Pokhara,229870,3.3,77679.54,44,3821,41,91,51.9,32.69,2.02,Basic,Average,15,955653.63,2954416.51
2313,24,Female,Bhaktapur,90765,3.9,38917.35,18,12273,3,46,65.3,78.86,1.8,Basic,Good,3,472531.05,2111068.14
2314,38,Female,Lalitpur,43772,9.1,38583.33,16,3049,94,27,72.5,71.11,2.96,Basic,Poor,5,505990.86,4510998.15
2315,35,Male,Pokhara,150417,9.1,63078.68,34,1716,59,22,22.8,31.92,1.04,Premium,Poor,12,772130.76,9366731.03
2316,20,Female,Biratnagar,38799,9.8,19187.88,52,5385,18,83,11.2,49.02,3.7,Silver,Poor,5,244794.06,2797250.22
2317,59,Male,Pokhara,132051,9.1,18319.11,17,12670,104,94,20.6,7.62,4.42,Silver,Good,9,417481.32,5257154.58
2318,56,Male,Bhaktapur,149941,1.7,62151.26,52,7393,74,52,46.6,82.75,3.83,Silver,Good,16,827877.42,1717528.48
2319,58,Male,Dharan,43555,8.3,51068.75,14,9433,120,25,73.6,26.6,4.27,Basic,Good,7,782619.0,7932100.07
2320,28,Male,Dharan,112152,4.4,34791.68,56,6808,76,93,47.0,88.92,3.57,Basic,Average,8,495111.36,2339089.57
2321,56,Male,Pokhara,147219,9.9,21317.15,23,12877,8,13,73.7,59.68,3.03,Silver,Average,1,271258.2,3510882.49
2322,41,Male,Biratnagar,170405,5.0,43937.73,24,10406,81,12,61.8,56.78,1.88,Basic,Good,16,653685.66,3243877.93
2323,63,Male,Chitwan,155333,5.8,50801.13,37,5582,101,28,48.3,16.27,2.12,Basic,Average,19,694180.86,3617882.18
2324,36,Male,Chitwan,139833,5.5,44100.07,44,7725,9,24,2.7,6.95,2.27,Basic,Good,10,539629.59,3228945.73
2325,21,Male,Dharan,89002,3.6,41044.39,51,12736,90,34,27.3,55.26,1.15,Gold,Average,17,664468.68,2824511.1
2326,43,Male,Bhaktapur,66553,1.2,67676.2,51,7930,48,81,5.5,46.8,4.65,Basic,Good,2,869210.4,1369781.08
2327,55,Male,Lalitpur,23088,9.0,13196.47,11,9339,115,93,26.5,11.97,4.6,Silver,Good,8,319455.39,4028116.79
2328,59,Female,Bhaktapur,65783,8.1,55998.41,18,3297,87,93,5.9,83.56,1.43,Gold,Average,7,715006.77,7774267.65
2329,49,Male,Chitwan,21115,1.8,34759.8,31,1318,95,39,14.3,41.72,3.23,Basic,Average,6,435899.1,880217.82
2330,56,Male,Kathmandu,221186,7.9,83570.8,14,8934,114,56,33.4,26.05,2.87,Basic,Good,6,1155621.0,10621032.52
2331,62,Male,Kathmandu,219198,6.4,96447.7,31,7306,18,71,41.7,78.83,3.73,Premium,Good,7,1177098.6,14359815.15
2332,63,Male,Pokhara,92908,4.4,50581.11,58,7501,29,43,18.2,91.31,3.41,Gold,Excellent,19,639602.67,4121312.47
2333,53,Female,Biratnagar,89109,2.9,22795.4,47,14687,2,30,58.9,30.6,1.5,Gold,Average,4,277950.9,1106280.92
2334,57,Female,Dharan,22978,8.7,6766.15,31,8426,78,35,47.6,77.59,3.64,Basic,Excellent,2,179778.0,2100204.53
2335,54,Female,Butwal,128943,7.2,56447.02,8,13006,68,58,55.6,65.25,3.44,Premium,Average,18,810025.44,8974227.12
2336,50,Female,Butwal,29422,5.7,60859.6,11,4604,98,4,58.9,98.97,3.12,Basic,Average,1,797994.0,5189580.36
2337,53,Female,Butwal,194698,6.3,47575.54,36,13217,117,7,58.4,20.4,2.61,Premium,Average,13,802864.83,7962361.32
2338,20,Male,Pokhara,109233,1.4,33587.32,3,12569,110,49,75.0,96.07,4.82,Premium,Average,1,610436.34,1668344.76
2339,26,Male,Kathmandu,76174,5.0,31504.22,31,8546,41,65,19.7,31.53,4.4,Silver,Good,9,430608.54,2945523.63
2340,25,Male,Chitwan,247428,2.3,87377.02,20,512,115,14,22.3,41.2,3.34,Silver,Average,19,1057356.24,2627854.75
2341,50,Male,Pokhara,57743,2.5,20547.49,40,6394,81,37,8.4,35.88,1.03,Gold,Good,9,324256.98,1147116.15
2342,23,Female,Butwal,221533,6.8,65540.03,38,7550,122,80,47.8,26.85,2.73,Basic,Average,16,924645.36,5977378.2
2343,58,Female,Butwal,208271,9.2,57414.69,4,3517,87,71,32.2,69.32,3.8,Silver,Good,1,734873.13,9890422.4
2344,56,Male,Dharan,150288,4.3,35758.95,26,7892,22,34,40.2,58.91,1.47,Premium,Excellent,0,455151.0,3849326.28
2345,21,Female,Bhaktapur,149000,2.5,67899.52,35,1189,49,77,14.4,30.57,2.63,Basic,Good,17,823533.39,2106005.38
2346,30,Female,Butwal,142778,6.7,29175.01,56,6378,16,58,52.3,13.22,1.77,Premium,Good,3,365407.32,4463951.1
2347,19,Male,Biratnagar,49430,8.8,32472.01,59,3638,68,56,49.9,31.74,2.35,Gold,Average,0,426771.72,5681146.56
2348,22,Male,Butwal,48834,7.6,29490.44,23,8476,22,14,21.9,38.12,1.11,Gold,Average,16,381856.08,3462765.81
2349,61,Male,Bhaktapur,44435,8.8,44695.05,39,12432,139,98,37.8,38.07,1.51,Basic,Good,2,795547.8,7972275.71
2350,44,Male,Butwal,107212,5.6,71483.59,15,9368,85,52,71.6,35.73,2.82,Basic,Excellent,1,977245.08,7099102.41
2351,49,Male,Biratnagar,75797,7.6,11190.93,40,12266,121,93,62.1,4.87,4.59,Premium,Average,17,356919.06,4408659.54
2352,38,Male,Chitwan,194626,1.8,78342.08,55,6827,80,54,18.9,46.4,2.96,Basic,Good,3,1022028.96,2199721.71
2353,25,Male,Pokhara,74555,3.8,25442.63,3,13792,55,37,70.4,83.62,2.81,Silver,Excellent,2,419095.56,2347642.36
2354,55,Male,Biratnagar,105350,4.2,16125.22,33,4803,35,6,6.3,18.04,4.15,Gold,Excellent,11,218718.39,1513149.0
2355,25,Female,Bhaktapur,34716,5.4,52066.77,44,10015,34,26,33.7,14.57,2.07,Basic,Excellent,15,675877.74,3948759.65
2356,20,Female,Pokhara,80261,9.3,51173.81,54,11557,73,82,7.3,47.19,1.38,Gold,Good,10,740634.87,9649191.71
2357,61,Female,Pokhara,178600,8.8,75330.71,4,1502,77,38,74.0,37.06,1.84,Basic,Poor,9,921316.62,7266642.88
2358,20,Male,Bhaktapur,21995,1.8,13052.89,42,7908,132,20,4.2,56.13,4.17,Silver,Excellent,18,313213.08,727469.15
2359,39,Male,Dharan,42414,2.1,63242.14,9,11194,125,36,12.9,94.71,3.71,Basic,Excellent,9,968793.18,2518622.81
2360,23,Female,Kathmandu,164916,3.9,47706.79,27,8642,11,35,73.3,76.09,1.37,Silver,Good,2,586740.78,2963678.16
2361,19,Male,Butwal,187731,3.3,64180.0,33,2265,61,55,47.0,68.71,3.67,Premium,Poor,5,790884.75,4225302.62
2362,40,Male,Biratnagar,35522,6.3,31970.64,12,10245,122,47,63.8,41.59,4.73,Basic,Good,13,571131.18,4168273.61
2363,61,Female,Bhaktapur,149632,9.1,55385.95,51,6278,35,7,2.3,28.74,1.18,Silver,Average,11,697590.9,6867153.1
2364,19,Female,Chitwan,94034,9.6,24809.92,2,2791,69,84,34.1,54.03,3.47,Silver,Good,7,326605.89,4272255.03
2365,55,Male,Lalitpur,62322,6.7,50843.92,16,8230,57,2,78.8,88.54,2.52,Basic,Good,1,680493.54,5506801.3
2366,34,Male,Bhaktapur,87638,8.5,38711.68,5,10677,139,72,46.8,87.67,3.0,Silver,Good,8,687155.61,7704548.65
2367,52,Male,Butwal,121334,5.5,38661.8,5,5366,12,35,68.1,44.55,3.11,Premium,Excellent,13,473600.4,4816350.64
2368,51,Male,Butwal,159596,2.5,50418.83,29,8929,125,57,77.1,24.62,4.08,Premium,Good,0,772444.71,3989496.4
2369,40,Male,Pokhara,50846,5.5,48235.21,11,12009,43,84,55.1,22.53,3.23,Basic,Good,2,656280.57,4436270.24
2370,47,Male,Pokhara,93643,5.8,69429.49,12,11084,147,98,26.9,3.4,3.37,Gold,Excellent,19,1077556.08,9172260.9
2371,25,Male,Bhaktapur,211168,7.6,55318.56,51,12247,77,27,25.4,84.27,2.33,Silver,Good,5,805275.57,8055334.55
2372,39,Female,Lalitpur,134930,2.6,55165.42,24,6953,68,43,6.6,26.48,1.5,Premium,Good,19,732905.64,2866581.22
2373,61,Female,Dharan,234876,4.0,75502.42,48,2084,59,92,34.8,35.9,3.73,Basic,Good,12,924472.44,4195720.53
2374,53,Female,Bhaktapur,198775,4.0,55710.35,4,1807,2,39,73.3,80.92,1.0,Gold,Good,10,669066.3,3688890.6
2375,22,Male,Lalitpur,44399,9.6,30754.95,40,2585,136,27,38.8,12.0,2.31,Premium,Excellent,14,421793.4,7178519.4
2376,30,Male,Dharan,226232,4.7,21919.31,40,10511,21,60,73.0,46.12,1.87,Premium,Good,17,296141.37,2172790.39
2377,46,Male,Lalitpur,243734,7.7,70867.95,18,531,101,85,65.6,12.23,2.55,Silver,Good,18,858460.05,7612575.54
2378,48,Male,Butwal,239739,7.6,35102.27,23,8220,86,25,78.8,44.18,2.25,Basic,Good,18,527265.24,3950553.98
2379,64,Male,Butwal,143182,3.0,29204.54,53,791,122,22,75.9,4.71,3.82,Silver,Good,5,364929.78,1507335.2
2380,33,Female,Butwal,68591,5.9,63599.65,28,4186,75,61,56.8,51.76,2.04,Basic,Excellent,14,810288.3,5213053.07
2381,59,Female,Chitwan,171786,9.0,48341.72,57,13079,75,91,69.8,79.57,3.24,Silver,Good,13,727239.39,8228562.39
2382,47,Female,Butwal,55877,5.0,61559.01,17,2142,83,21,60.1,67.63,2.82,Silver,Average,4,765376.02,4796306.98
2383,33,Male,Biratnagar,104106,9.5,16473.75,17,14193,78,7,56.6,50.92,4.2,Basic,Good,10,363743.1,4059982.02
2384,29,Female,Pokhara,98018,2.5,50568.83,41,8266,21,68,57.5,82.88,2.71,Basic,Excellent,19,632863.86,1665737.55
2385,34,Male,Pokhara,119854,1.2,35598.72,4,9269,120,11,58.0,22.78,4.46,Basic,Average,12,594026.64,781697.99
2386,33,Male,Lalitpur,210208,9.0,30072.84,53,13949,12,13,31.0,83.08,1.0,Basic,Good,12,385982.28,3460045.73
2387,29,Male,Pokhara,184486,8.6,75095.98,48,4409,83,98,34.5,27.64,3.42,Silver,Average,3,956043.81,10734187.38
2388,25,Female,Kathmandu,140832,9.9,50829.96,34,1723,113,23,24.2,36.25,1.04,Basic,Excellent,8,639164.37,7029766.62
2389,37,Female,Dharan,106576,7.0,49871.84,43,12768,15,63,12.7,12.84,3.86,Gold,Good,12,627190.08,6705845.3
2390,20,Male,Lalitpur,230015,9.4,45562.69,3,11344,113,62,37.2,10.18,1.94,Silver,Good,7,739033.08,8787713.1
2391,33,Female,Pokhara,196540,8.4,63521.53,40,9138,141,81,72.1,93.21,2.52,Gold,Poor,19,955527.06,8876601.56
2392,47,Female,Kathmandu,249913,8.5,12754.94,47,12111,124,18,52.4,19.0,2.52,Basic,Good,10,378323.88,3500830.31
2393,62,Male,Dharan,230774,5.9,50605.3,49,4873,141,11,5.4,33.33,4.39,Gold,Average,18,710327.55,5680108.26
2394,40,Male,Chitwan,223180,4.1,80481.63,28,11733,115,13,65.1,52.92,1.41,Premium,Good,0,1168173.81,8880660.14
2395,45,Male,Pokhara,249610,9.4,27880.33,16,3079,147,84,74.9,34.79,3.67,Silver,Good,8,402455.91,5133133.68
2396,57,Female,Kathmandu,112508,4.6,34093.68,8,14612,32,41,66.5,87.01,4.93,Basic,Good,1,479261.76,2939302.28
2397,22,Male,Bhaktapur,66835,5.6,37909.01,46,1922,99,24,58.5,90.07,1.09,Silver,Excellent,3,483449.82,3655912.25
2398,37,Female,Biratnagar,214405,4.7,55006.54,58,8058,87,41,12.9,32.6,4.86,Silver,Average,3,765235.38,4994737.1
2399,57,Male,Bhaktapur,62464,5.9,32157.81,43,13771,149,75,28.6,9.2,1.07,Basic,Average,0,693675.57,4333725.05
2400,61,Female,Kathmandu,132454,5.0,71897.5,10,7245,112,75,45.7,21.02,4.36,Premium,Excellent,17,984486.0,9159752.59
2401,18,Male,Lalitpur,173995,1.0,44562.9,42,3109,142,51,7.1,47.44,4.84,Silver,Good,13,600976.5,800631.33
2402,47,Female,Butwal,136062,8.9,77908.13,7,3581,24,11,9.4,28.85,4.97,Gold,Average,12,947789.16,12520261.69
2403,38,Female,Butwal,212927,4.7,43606.25,57,7234,49,95,74.8,45.35,2.84,Silver,Poor,7,576444.9,3028441.07
2404,37,Female,Butwal,87445,6.1,52083.4,58,14360,32,5,56.5,75.87,4.47,Basic,Good,5,693928.8,5301830.49
2405,23,Female,Dharan,130454,1.8,30419.63,13,8750,75,2,22.7,42.06,1.49,Basic,Average,16,463473.06,737358.77
2406,39,Male,Lalitpur,141906,0.5,65504.44,31,11851,109,44,26.9,19.7,2.7,Basic,Excellent,10,979817.13,593879.04
2407,35,Female,Dharan,118384,2.8,39142.98,56,9150,11,84,31.4,35.8,2.23,Premium,Good,14,484813.26,2257800.35
2408,25,Male,Pokhara,218691,7.2,30046.89,21,603,68,6,6.9,74.3,2.58,Gold,Excellent,6,366713.28,4334611.69
2409,56,Male,Butwal,197218,1.4,58595.8,21,5426,90,95,59.4,42.41,3.81,Gold,Excellent,7,776400.6,1872989.77
2410,49,Female,Bhaktapur,80032,9.1,59785.95,55,9480,110,91,15.0,24.95,1.35,Premium,Good,10,873851.4,13196676.29
2411,50,Male,Lalitpur,133521,2.5,15224.38,47,14939,133,35,64.6,42.74,4.99,Basic,Good,1,480725.61,1586904.32
2412,33,Male,Lalitpur,136378,2.4,11062.83,28,1241,32,67,67.8,45.48,3.54,Basic,Good,19,138710.76,324891.9
2413,29,Female,Butwal,37140,2.2,49294.43,21,12098,71,25,51.4,29.64,4.49,Premium,Excellent,10,720376.86,3205070.47
2414,55,Male,Bhaktapur,22670,0.6,60328.98,8,10264,74,15,61.8,99.57,4.32,Silver,Good,13,837878.16,662938.79
2415,51,Female,Chitwan,56519,7.8,48473.57,41,6944,138,42,14.6,76.76,4.06,Silver,Average,12,725423.64,6899187.12
2416,31,Male,Lalitpur,64512,8.8,47979.43,41,11393,99,43,46.5,69.25,1.16,Silver,Good,7,744939.21,8005175.27
2417,53,Male,Butwal,208883,6.3,36860.43,31,13342,21,14,54.5,85.49,3.07,Gold,Good,11,484352.46,4563336.77
2418,50,Male,Biratnagar,123565,2.3,30504.93,9,5223,40,30,53.3,66.64,2.31,Silver,Poor,8,397397.16,979531.88
2419,40,Female,Kathmandu,165763,3.2,28143.88,3,12104,42,66,10.3,79.1,1.45,Gold,Good,9,413981.76,1880493.94
2420,62,Female,Dharan,125156,5.0,71508.75,15,8159,72,47,28.2,41.25,2.37,Premium,Average,10,946222.2,7616197.18
2421,19,Female,Pokhara,185334,9.6,63778.43,11,5703,46,35,26.7,50.04,3.58,Silver,Excellent,10,804691.86,10858107.23
2422,58,Female,Lalitpur,205964,2.8,77545.15,51,3476,82,64,46.2,4.7,1.92,Silver,Average,15,973296.6,2913981.55
2423,38,Male,Biratnagar,45595,7.5,23286.92,19,7926,73,5,61.5,28.06,2.78,Silver,Good,17,366232.74,3215870.29
2424,19,Male,Biratnagar,208279,4.7,63736.2,19,7003,118,29,46.1,36.8,2.62,Basic,Good,8,888787.5,4685259.18
2425,44,Female,Lalitpur,184512,3.3,45279.62,17,10826,41,84,60.6,62.55,1.21,Gold,Excellent,2,609935.34,3245087.93
2426,26,Male,Chitwan,28630,4.8,44196.79,53,9119,94,2,8.8,46.42,3.51,Basic,Average,3,658939.38,3625536.01
2427,18,Male,Kathmandu,182322,1.2,62669.99,6,6986,132,37,70.4,60.78,3.48,Premium,Good,19,890362.68,1762181.41
2428,28,Male,Pokhara,245406,8.1,27172.24,53,6990,99,14,43.4,71.33,4.87,Silver,Good,18,429868.38,4407751.78
2429,20,Female,Lalitpur,249820,2.8,80735.14,32,14614,142,6,4.0,4.27,2.19,Premium,Average,9,1280099.88,5788529.99
2430,40,Female,Dharan,127461,7.4,42572.24,38,2444,142,98,51.8,25.83,2.68,Basic,Average,12,562924.08,4168550.32
2431,43,Male,Pokhara,228590,1.1,55435.62,21,6739,53,15,41.9,17.09,2.61,Premium,Good,0,718802.49,1542902.83
2432,21,Male,Bhaktapur,94191,9.6,33540.51,24,7922,128,81,18.4,18.75,4.68,Silver,Good,11,554588.52,7260291.69
2433,35,Female,Biratnagar,215863,2.3,67196.63,33,6473,29,33,61.4,50.31,2.63,Gold,Good,10,834517.11,2854817.62
2434,23,Female,Biratnagar,235190,8.9,42830.42,43,13947,23,51,74.8,74.0,2.77,Basic,Average,4,562082.19,5456829.99
2435,52,Male,Lalitpur,120591,8.2,51405.29,18,9963,85,28,26.5,27.28,2.01,Silver,Average,1,743891.73,7672041.43
2436,39,Female,Lalitpur,83753,9.7,29315.93,14,13671,96,36,40.0,82.44,1.0,Silver,Excellent,16,548653.56,6236079.79
2437,60,Male,Dharan,80520,5.0,38748.51,50,13273,71,4,11.1,89.25,1.44,Silver,Good,16,606339.57,3391940.29
2438,32,Male,Bhaktapur,24008,7.4,42971.61,51,6021,8,5,74.5,35.05,3.82,Basic,Good,19,522884.52,4029638.23
2439,39,Female,Chitwan,195536,4.0,16202.87,14,13391,76,8,26.2,68.14,3.73,Premium,Good,14,347091.84,2434749.4
2440,54,Female,Lalitpur,127408,2.3,78953.3,18,911,100,78,16.4,11.7,2.29,Basic,Good,3,961104.6,2582070.91
2441,59,Male,Biratnagar,20496,4.7,7947.87,16,6590,16,4,38.8,74.4,2.89,Basic,Average,10,111190.44,523427.52
2442,29,Female,Pokhara,119767,2.1,78144.14,27,10623,93,82,4.4,16.5,2.19,Basic,Average,0,1085920.53,2527864.63
2443,64,Female,Kathmandu,43212,9.8,61988.71,45,11187,6,60,21.0,68.74,3.92,Premium,Average,9,753932.82,12877387.26
2444,59,Female,Butwal,40637,1.4,17651.36,29,746,37,75,6.3,42.19,4.37,Silver,Excellent,17,215956.62,419936.15
2445,55,Female,Pokhara,65227,6.1,15402.71,43,11509,95,2,11.1,92.85,4.6,Silver,Excellent,14,348835.77,2998667.4
2446,35,Female,Chitwan,233485,6.5,43298.68,46,7342,61,29,9.9,46.45,1.7,Silver,Good,18,586763.46,4221390.66
2447,62,Male,Kathmandu,139753,5.6,40444.05,31,7064,18,60,69.9,3.09,3.78,Gold,Average,3,504401.4,4384779.8
2448,52,Male,Pokhara,140118,6.8,80179.16,44,2671,111,54,74.5,48.07,4.85,Basic,Average,5,1006622.07,8101791.87
2449,47,Male,Pokhara,234418,1.6,67045.95,36,12023,95,11,38.5,79.55,3.6,Basic,Good,1,975879.15,1984382.03
2450,41,Male,Bhaktapur,29884,5.8,17538.24,23,11616,16,72,50.8,64.71,2.4,Basic,Good,12,238337.28,1465365.41
2451,59,Female,Butwal,136481,3.2,51040.06,11,7778,104,4,56.0,96.63,3.54,Silver,Good,1,733817.52,3383453.41
2452,47,Male,Dharan,88259,9.4,53860.19,12,7957,14,8,31.9,84.33,3.75,Silver,Excellent,12,663031.98,8616334.26
2453,31,Male,Chitwan,69810,7.7,35517.34,39,6218,103,10,30.2,52.66,2.59,Silver,Good,14,522276.18,4871337.6
2454,23,Male,Biratnagar,149926,9.7,21683.2,34,2560,68,91,54.4,20.65,1.42,Gold,Average,17,286310.4,3326430.04
2455,20,Male,Bhaktapur,24761,0.9,28885.01,7,3834,30,70,30.8,0.38,3.43,Basic,Good,10,363873.12,375236.15
2456,33,Male,Kathmandu,224238,3.2,54470.33,38,13587,60,14,46.9,98.05,4.21,Basic,Average,4,775926.96,2894359.82
2457,24,Female,Butwal,36375,2.4,22740.36,8,7690,53,95,41.7,93.83,4.99,Basic,Average,13,334019.82,849758.12
2458,31,Male,Biratnagar,176290,0.6,21594.24,55,1444,64,41,42.4,27.41,1.89,Basic,Excellent,15,272993.28,165991.81
2459,26,Female,Bhaktapur,181637,2.8,62207.74,45,10939,14,63,66.5,63.82,3.8,Basic,Good,13,769464.78,2433366.37
2460,32,Female,Butwal,122654,6.9,25946.87,13,5861,23,63,56.6,72.92,1.11,Silver,Poor,8,331582.89,2270529.58
2461,38,Male,Dharan,52975,2.7,62656.9,8,9954,122,11,76.9,57.8,4.88,Silver,Average,5,934041.0,3445521.85
2462,52,Male,Chitwan,178145,5.3,38604.03,3,5784,7,88,63.5,84.3,1.05,Gold,Good,8,469321.56,3529561.01
2463,19,Male,Lalitpur,220798,8.9,66661.34,2,7381,10,12,12.5,7.78,2.44,Silver,Good,4,811007.58,9662474.49
2464,44,Female,Dharan,152955,7.1,58910.08,24,8867,102,77,59.3,89.65,1.31,Basic,Good,10,842586.06,6197904.3
2465,19,Female,Lalitpur,219494,4.2,40758.22,26,9744,13,63,53.6,39.2,3.48,Silver,Poor,11,508099.44,2283175.53
2466,52,Male,Kathmandu,200701,4.0,76119.81,19,11416,127,78,52.0,48.07,2.36,Silver,Good,16,1130912.52,5283654.15
2467,35,Female,Lalitpur,215242,4.8,36855.1,45,11274,48,57,39.0,44.47,3.93,Gold,Average,5,523434.0,3848979.96
2468,31,Female,Bhaktapur,94489,2.2,29292.12,8,10009,5,50,5.9,53.13,2.95,Gold,Good,19,359012.19,1088532.83
2469,37,Male,Kathmandu,28381,6.5,22828.55,52,13264,61,17,76.2,59.82,2.68,Silver,Average,5,395308.2,3188401.52
2470,35,Male,Biratnagar,174310,4.0,76645.77,55,8440,122,74,68.3,71.03,2.39,Silver,Average,14,1074201.24,4734129.15
2471,27,Female,Dharan,164867,8.6,30564.18,4,14503,90,75,39.5,52.49,1.34,Basic,Average,16,562560.66,4324714.64
2472,42,Female,Dharan,247036,7.7,86613.74,30,12059,103,94,13.5,68.48,1.82,Silver,Average,2,1225676.43,11580821.59
2473,19,Female,Chitwan,82999,6.3,21617.28,11,10366,90,10,66.1,33.83,3.56,Premium,Average,18,399348.36,3868417.69
2474,42,Female,Kathmandu,69907,4.0,22223.12,44,833,3,34,35.0,93.67,2.99,Silver,Excellent,1,267052.29,1620609.69
2475,50,Female,Biratnagar,160710,2.5,78472.11,6,14059,24,89,31.8,6.45,1.28,Basic,Average,8,992277.72,2424643.5
2476,53,Male,Dharan,90467,7.9,37184.15,35,9956,117,36,53.6,54.55,3.18,Silver,Good,8,620937.6,6485472.79
2477,48,Female,Kathmandu,62623,5.1,43889.83,9,11869,98,76,60.9,8.74,1.22,Premium,Good,6,701152.26,6162257.89
2478,31,Female,Pokhara,189564,2.6,25057.73,15,3445,84,40,6.0,44.28,3.05,Basic,Average,15,344099.76,870698.43
2479,18,Female,Pokhara,177483,2.4,53239.88,41,13718,119,78,61.6,25.76,4.86,Silver,Good,5,883744.86,3113025.87
2480,63,Male,Kathmandu,130724,2.1,28457.61,56,5280,42,88,59.0,93.69,2.23,Basic,Excellent,8,374755.32,957369.77
2481,33,Male,Dharan,171606,7.9,44283.79,7,5156,148,26,47.5,1.31,3.89,Basic,Average,12,645868.68,5363125.74
2482,63,Male,Butwal,180253,2.7,78287.87,2,12910,41,81,27.7,39.12,3.98,Silver,Excellent,1,1018850.94,4335219.23
2483,20,Male,Lalitpur,123069,5.5,50194.93,57,13846,82,57,14.0,78.2,2.62,Silver,Excellent,13,772644.96,5501301.41
2484,52,Male,Pokhara,39996,4.8,34780.33,34,3165,102,49,9.1,18.85,3.37,Basic,Excellent,4,465788.46,2878555.53
2485,58,Female,Butwal,223161,6.0,59414.65,41,7631,148,86,1.1,81.56,2.89,Silver,Average,10,882384.0,6252662.55
2486,23,Female,Butwal,125682,8.8,51740.24,12,5435,6,11,17.3,85.97,2.13,Silver,Good,14,625774.38,6511949.56
2487,42,Male,Chitwan,103609,8.7,19888.33,51,915,122,42,33.5,70.8,4.02,Basic,Good,5,255404.46,2749592.78
2488,30,Female,Biratnagar,223738,4.8,17387.97,25,1207,25,84,20.2,20.91,3.81,Premium,Average,5,213181.89,1864821.87
2489,51,Male,Bhaktapur,180477,0.6,79661.77,11,8288,41,60,25.4,27.2,4.6,Basic,Good,15,1006912.44,680170.73
2490,25,Male,Pokhara,121490,4.6,56494.4,45,3184,3,29,31.8,16.69,3.47,Silver,Excellent,19,679365.6,3946689.97
2491,38,Male,Kathmandu,91325,6.3,25935.94,53,7994,108,42,25.4,18.41,2.55,Basic,Excellent,3,440734.08,3497011.9
2492,51,Male,Lalitpur,48930,5.8,30088.06,24,3866,57,67,58.2,3.65,3.86,Silver,Average,4,394111.02,3019195.58
2493,21,Male,Bhaktapur,134426,6.7,38459.8,17,4003,83,52,39.8,85.73,3.48,Silver,Average,5,511354.95,4387167.78
2494,42,Male,Biratnagar,37529,2.0,7288.92,38,4942,74,63,2.5,52.85,3.47,Silver,Average,12,142323.24,330071.04
2495,32,Male,Butwal,73546,6.6,17923.38,17,6680,133,31,18.9,32.78,4.4,Gold,Average,13,348346.56,3289775.0
2496,21,Female,Biratnagar,27942,2.2,46343.53,57,14511,86,41,57.1,28.96,4.64,Gold,Good,12,743314.26,2604217.1
2497,62,Male,Dharan,27548,7.6,38590.24,45,3059,97,41,24.8,54.47,1.72,Silver,Excellent,9,507591.33,5034810.1
2498,29,Female,Pokhara,135248,3.7,38913.62,32,13636,15,70,73.7,32.67,2.26,Basic,Good,16,497644.44,1836169.06
2499,49,Female,Biratnagar,169368,7.2,74432.53,7,8637,88,63,57.3,86.37,3.6,Silver,Excellent,17,1007198.76,9389923.5
2500,49,Female,Biratnagar,202088,1.0,38371.52,31,4471,94,16,23.9,21.1,3.23,Silver,Good,6,523499.34,700952.46
2501,45,Female,Lalitpur,117780,4.4,55872.87,38,13322,126,4,41.8,88.23,3.61,Basic,Good,3,922260.24,5034115.9
2502,30,Male,Dharan,20296,7.2,42255.04,2,3457,100,25,53.7,66.41,2.73,Basic,Good,15,558915.48,4200857.42
2503,48,Male,Dharan,87945,2.7,58390.2,52,7416,39,42,16.3,95.66,2.65,Basic,Excellent,9,744066.0,2387871.87
2504,31,Female,Butwal,79980,8.1,41732.89,43,2229,79,64,20.4,1.51,1.47,Basic,Excellent,19,527208.33,4286507.97
2505,37,Male,Lalitpur,76782,6.5,59386.72,26,10593,39,49,41.1,5.91,3.49,Silver,Good,18,774609.69,6027289.64
2506,35,Female,Lalitpur,185301,6.1,18925.97,47,13451,52,62,74.1,50.09,1.7,Gold,Excellent,2,332029.44,3328837.57
2507,46,Female,Kathmandu,116382,3.9,66908.4,58,9733,131,49,28.2,91.24,3.68,Silver,Good,18,994154.25,4681087.48
2508,23,Female,Biratnagar,73444,5.1,41127.96,22,526,126,48,32.8,73.08,4.87,Premium,Excellent,12,503476.92,5188215.32
2509,49,Female,Biratnagar,55036,6.2,60274.48,36,3083,66,57,16.1,62.21,2.03,Basic,Excellent,7,753815.46,5505837.02
2510,46,Female,Dharan,59322,5.0,46456.7,39,9744,45,77,47.9,3.16,1.57,Basic,Average,17,623252.4,2790740.97
2511,60,Female,Biratnagar,178239,7.1,64103.61,6,10366,22,9,59.5,35.42,1.1,Silver,Excellent,18,803451.12,6518798.14
2512,19,Male,Chitwan,71667,4.6,34038.51,50,3555,83,79,35.8,34.59,2.52,Premium,Average,17,452721.87,3117151.79
2513,40,Female,Lalitpur,114527,2.4,63278.07,51,7301,138,19,60.3,54.21,1.86,Gold,Excellent,18,910467.54,3047418.64
2514,36,Male,Bhaktapur,103337,2.5,26666.26,13,2158,149,85,24.9,25.78,2.97,Gold,Good,3,368226.42,1512780.32
2515,48,Male,Dharan,71468,0.6,24600.49,6,13427,17,24,56.9,26.72,3.1,Gold,Good,12,329444.73,319181.68
2516,22,Female,Pokhara,92894,3.4,24193.93,10,4451,67,70,21.4,62.09,2.4,Gold,Average,11,335059.71,1540703.79
2517,36,Male,Dharan,204156,7.6,68388.88,45,11880,7,66,62.7,94.46,4.0,Gold,Poor,14,833140.56,7962144.43
2518,51,Male,Butwal,83138,8.0,44841.01,53,7799,101,47,66.6,66.02,4.62,Gold,Excellent,14,656246.97,8633865.29
2519,27,Male,Bhaktapur,42588,2.4,9621.95,10,7956,36,67,64.0,66.81,1.85,Basic,Average,9,158425.8,387303.76
2520,42,Female,Butwal,82901,9.6,29922.02,36,10433,67,81,18.0,98.62,4.35,Premium,Excellent,18,463915.89,8219805.63
2521,19,Male,Kathmandu,168743,5.3,43658.26,2,12779,77,70,55.8,15.35,1.52,Basic,Good,7,671496.57,3844970.99
2522,28,Female,Kathmandu,103038,9.2,31282.67,55,4637,87,23,43.5,3.38,1.91,Premium,Good,18,435904.89,6208444.09
2523,48,Male,Butwal,241736,7.2,65550.15,48,11923,72,66,78.9,74.55,3.25,Basic,Good,8,915370.2,7645871.15
2524,32,Female,Biratnagar,182717,7.4,17702.81,11,8431,59,13,29.6,43.88,2.23,Silver,Average,6,287048.07,2562447.41
2525,26,Female,Bhaktapur,158709,1.3,52862.52,47,2214,20,20,61.9,42.88,1.17,Premium,Good,7,640992.24,1400126.52
2526,40,Male,Biratnagar,151732,2.6,20886.67,40,11888,129,23,30.2,22.53,2.18,Basic,Good,8,480672.84,1374937.02
2527,36,Male,Dharan,127211,0.6,46358.19,37,3831,109,56,32.4,50.69,4.62,Gold,Excellent,16,618935.13,603143.74
2528,26,Male,Chitwan,26922,7.3,50304.82,59,3847,14,63,9.8,44.22,1.7,Silver,Good,14,611736.54,5164274.38
2529,52,Female,Kathmandu,113697,3.8,70137.62,38,2486,24,52,19.9,34.55,4.06,Basic,Average,15,850601.04,3286768.84
2530,38,Female,Kathmandu,195793,8.0,24254.26,53,4044,110,49,14.0,44.27,3.89,Premium,Excellent,6,357777.12,5925714.8
2531,26,Female,Bhaktapur,208328,3.7,72514.42,49,7479,134,18,13.6,38.38,1.42,Basic,Good,9,1020500.94,3946770.37
2532,45,Male,Kathmandu,137217,8.3,33322.68,36,1201,38,14,1.7,93.99,2.32,Gold,Good,18,406717.86,4496343.83
2533,63,Female,Chitwan,89506,1.7,62025.78,18,8237,129,29,63.7,98.03,1.76,Silver,Excellent,5,903695.31,2091885.11
2534,24,Female,Chitwan,220015,2.1,50729.3,14,10146,41,68,38.0,83.99,1.09,Gold,Good,11,671149.5,1913669.12
2535,33,Female,Chitwan,144338,3.7,84917.09,7,4286,31,6,64.5,99.04,1.69,Gold,Good,14,1038934.98,5222048.34
2536,33,Female,Pokhara,47843,4.4,32337.76,59,14915,36,61,49.4,26.57,1.81,Silver,Good,9,468594.12,2538223.78
2537,50,Male,Chitwan,160118,3.8,61160.29,38,14039,105,16,66.7,84.29,1.66,Premium,Average,17,955037.73,5174052.52
2538,21,Male,Chitwan,240408,7.8,77961.5,49,7762,109,82,40.8,40.66,1.36,Basic,Good,3,1062446.7,9276048.23
2539,21,Female,Pokhara,215057,1.4,66592.87,33,2971,31,45,8.4,74.61,3.11,Gold,Average,10,812929.59,1610171.17
2540,56,Female,Biratnagar,231155,3.8,55056.52,12,14784,113,47,49.7,20.14,2.29,Gold,Good,4,911267.04,5423831.94
2541,57,Female,Dharan,123064,8.5,63074.09,18,5514,131,30,54.5,81.2,4.63,Basic,Average,12,865239.18,7969492.14
2542,34,Male,Lalitpur,247997,1.1,43249.19,6,7159,61,69,50.5,8.35,1.75,Silver,Average,9,584495.13,699406.31
2543,54,Male,Kathmandu,146417,9.5,43244.91,7,4760,6,97,64.3,27.06,3.41,Silver,Excellent,6,523222.92,7245337.35
2544,56,Male,Chitwan,136585,9.9,37220.59,11,6045,20,50,58.8,82.2,4.6,Gold,Good,10,464782.08,7427679.62
2545,46,Male,Kathmandu,50346,1.3,44089.94,54,3544,111,44,35.2,74.72,1.19,Basic,Good,3,588086.88,859855.92
2546,53,Female,Bhaktapur,239356,3.3,39513.13,34,4383,61,69,65.7,50.12,3.07,Basic,Good,3,514262.01,2052383.14
2547,55,Female,Kathmandu,143152,4.0,31192.58,31,3440,141,78,55.7,67.28,2.8,Basic,Average,4,447066.96,1965381.57
2548,56,Male,Butwal,131769,7.9,27993.56,22,5661,23,21,10.5,18.56,4.72,Basic,Good,8,355453.17,3434975.33
2549,54,Male,Biratnagar,122391,6.2,75533.44,43,2320,79,19,43.6,66.78,3.66,Basic,Excellent,0,933893.28,7859920.25
2550,52,Male,Dharan,242456,6.6,52567.21,18,7384,31,65,58.6,0.8,2.4,Silver,Average,15,665142.12,4804181.93
2551,24,Male,Pokhara,204598,7.7,54148.27,28,3302,4,50,44.7,83.32,3.85,Silver,Good,4,651760.44,7135043.99
2552,44,Female,Kathmandu,93143,1.6,28067.38,4,12487,118,43,76.0,51.63,3.33,Premium,Average,4,557828.46,1587115.4
2553,45,Female,Kathmandu,56787,8.4,19688.17,30,2963,66,13,9.0,94.39,2.39,Gold,Good,6,265591.74,3411145.89
2554,39,Male,Kathmandu,53583,7.2,63284.62,3,3871,144,90,58.1,47.82,4.14,Basic,Excellent,7,843029.04,7823061.81
2555,31,Female,Lalitpur,163635,6.0,52525.49,30,7722,115,95,66.1,43.31,3.67,Basic,Excellent,18,763510.38,5130131.88
2556,24,Female,Lalitpur,197132,9.0,43674.84,50,9027,31,80,56.5,45.01,1.02,Gold,Good,0,566073.63,7792454.81
2557,54,Female,Bhaktapur,141943,7.2,52699.52,37,10616,123,37,31.5,35.97,4.46,Gold,Average,17,828259.44,8179861.26
2558,39,Male,Pokhara,184762,2.4,42196.19,35,5476,43,9,31.5,16.67,2.59,Gold,Good,10,541674.48,1914915.88
2559,22,Female,Kathmandu,131233,4.6,32835.71,38,14241,4,29,47.3,84.21,3.58,Silver,Excellent,15,402573.12,2461157.82
2560,19,Male,Kathmandu,245784,5.2,89063.16,43,5567,48,87,32.4,38.91,2.59,Basic,Poor,10,1108840.32,5295720.3
2561,44,Male,Kathmandu,34925,1.0,37280.52,2,12552,144,61,70.8,52.91,4.53,Silver,Good,8,718489.44,1023586.47
2562,38,Male,Kathmandu,237859,9.6,41519.07,27,8001,89,50,9.7,1.99,3.6,Gold,Good,6,605042.19,9389017.33
2563,55,Male,Lalitpur,103184,1.7,27497.26,2,3288,126,39,51.5,6.03,3.32,Basic,Poor,14,392110.32,605666.03
2564,32,Male,Biratnagar,171180,7.1,65969.87,59,4625,77,81,11.6,59.72,4.92,Silver,Good,10,845057.19,8349904.94
2565,38,Male,Biratnagar,96515,5.3,45807.83,5,4106,65,59,43.7,87.92,2.12,Basic,Average,18,589727.46,2848744.76
2566,27,Male,Bhaktapur,219330,0.7,38970.04,40,2040,69,6,57.5,49.34,1.26,Silver,Average,6,488754.48,392003.99
2567,40,Female,Butwal,156427,9.3,52309.03,15,9266,14,47,14.1,16.5,3.06,Silver,Good,15,647166.96,7346464.43
2568,56,Female,Chitwan,66069,8.6,21806.55,47,720,75,99,56.6,11.61,2.7,Silver,Average,2,269778.6,2953392.37
2569,22,Male,Pokhara,245407,5.5,53370.95,19,5422,29,76,12.1,89.98,2.82,Silver,Excellent,15,664037.1,4672435.26
2570,18,Female,Biratnagar,120854,2.7,69537.65,35,10705,79,3,50.0,70.16,3.48,Silver,Good,7,961306.05,3529186.51
2571,30,Female,Butwal,74471,1.7,51638.62,2,11333,94,90,40.9,96.62,3.46,Premium,Excellent,9,779458.74,2609091.91
2572,38,Female,Dharan,52705,4.0,15850.95,54,6113,66,26,24.5,8.23,2.57,Silver,Good,8,250730.1,1320617.83
2573,43,Male,Dharan,194981,2.9,49714.85,23,1253,115,2,9.8,90.26,4.45,Gold,Average,2,618192.45,2895698.04
2574,62,Female,Kathmandu,239678,5.3,64822.13,17,14064,40,96,59.1,84.56,3.61,Basic,Good,6,862249.56,5468491.55
2575,38,Female,Dharan,148501,9.7,69798.71,23,14375,143,70,31.2,89.32,4.56,Silver,Excellent,7,1145928.27,16779662.72
2576,35,Female,Biratnagar,136361,6.0,22959.59,51,7988,32,41,7.8,0.58,4.65,Basic,Good,2,313857.48,2452226.5
2577,54,Male,Bhaktapur,204811,9.0,74369.53,17,7706,20,69,62.1,74.19,1.67,Basic,Good,15,915552.36,8201343.95
2578,62,Male,Chitwan,227892,6.7,79027.39,29,9712,53,70,19.4,54.89,3.72,Basic,Good,13,1025539.08,7632221.81
2579,49,Female,Biratnagar,107273,5.0,28055.5,29,10180,49,70,59.2,57.32,2.27,Silver,Average,6,411489.0,2458036.58
2580,53,Male,Bhaktapur,43241,8.6,60626.36,56,8438,89,17,45.6,46.92,4.35,Silver,Poor,3,840163.62,8835074.23
2581,34,Male,Dharan,178486,5.0,70188.15,23,2461,82,55,16.4,74.27,3.93,Premium,Average,5,872528.1,7939816.05
2582,52,Male,Lalitpur,70818,8.8,43626.12,57,6458,1,64,7.0,99.98,1.79,Gold,Good,6,524482.14,6886846.46
2583,28,Female,Chitwan,171967,3.3,30093.61,7,3983,61,19,47.9,71.05,4.75,Basic,Average,11,397567.77,1451805.11
2584,38,Female,Bhaktapur,112307,1.7,44445.25,26,7135,130,18,3.0,67.81,3.73,Gold,Good,6,672475.5,1836191.16
2585,43,Male,Butwal,213481,8.6,59886.77,43,9129,94,83,6.2,65.44,4.79,Silver,Good,0,847360.14,11207328.8
2586,21,Female,Biratnagar,206396,6.1,87481.01,3,9170,17,5,56.5,69.52,1.81,Gold,Good,17,1073155.62,8627312.09
2587,51,Male,Lalitpur,86920,8.9,44186.29,8,1282,117,96,43.6,34.21,4.48,Silver,Average,10,552734.58,6218848.22
2588,35,Female,Butwal,204627,9.4,50939.01,54,5603,106,96,26.8,32.02,3.67,Basic,Good,10,700355.82,7585704.92
2589,57,Female,Bhaktapur,138642,1.0,56987.05,18,4667,132,10,43.6,78.43,3.21,Silver,Good,16,776251.2,954088.72
2590,52,Female,Bhaktapur,85453,5.3,66780.57,36,13369,85,32,47.7,5.31,4.28,Silver,Excellent,11,971821.59,7326092.35
2591,58,Female,Dharan,42689,4.1,23579.88,21,719,43,6,45.7,75.92,3.53,Premium,Good,18,287596.11,1936044.03
2592,46,Male,Butwal,215428,6.4,91255.46,45,9719,76,17,51.8,81.38,3.68,Basic,Average,17,1205862.12,7586068.9
2593,46,Female,Biratnagar,244083,8.0,85696.97,3,8529,140,43,75.3,52.16,2.01,Gold,Poor,12,1207472.64,11357274.42
2594,55,Male,Chitwan,159324,3.2,50986.38,8,7646,50,42,31.7,91.01,4.27,Silver,Good,9,669181.56,2934931.48
2595,59,Female,Lalitpur,50844,5.8,55198.56,33,789,61,81,24.8,47.31,3.6,Silver,Good,18,669602.07,4672089.34
2596,38,Female,Dharan,115687,7.2,57241.74,50,879,104,85,4.0,17.81,4.38,Gold,Average,3,700613.28,8078935.72
2597,59,Female,Kathmandu,43365,1.8,28747.68,20,12665,51,31,12.6,36.14,2.41,Gold,Good,14,441859.41,1116328.41
2598,30,Male,Pokhara,157098,8.2,54512.03,13,11543,77,27,9.4,90.59,2.33,Gold,Poor,17,787466.01,7283264.42
2599,58,Female,Chitwan,118303,6.3,22259.63,10,10070,98,50,27.5,99.37,1.1,Basic,Good,0,415144.56,2973492.62
2600,34,Male,Dharan,48523,9.5,10738.77,28,7386,83,32,49.2,42.19,4.07,Basic,Average,18,220820.94,2077110.44
2601,26,Male,Lalitpur,161554,3.7,34153.1,15,2458,78,51,4.7,16.68,2.32,Basic,Excellent,1,438595.8,2072499.43
2602,58,Female,Butwal,132105,1.5,27540.74,3,10819,5,16,58.5,28.63,2.31,Basic,Average,9,338603.13,507839.63
2603,18,Male,Bhaktapur,68888,5.3,65839.2,22,8757,138,53,32.4,55.33,3.75,Silver,Good,17,971340.3,6291871.67
2604,19,Female,Butwal,133884,1.3,69078.56,5,2683,88,39,77.1,57.21,2.01,Silver,Good,3,864358.32,1482610.68
2605,46,Male,Dharan,126968,9.7,67134.29,52,13186,17,39,45.9,63.01,4.64,Gold,Average,9,839235.78,12333919.98
2606,50,Male,Lalitpur,70110,0.9,39721.41,22,4274,65,61,61.9,83.54,3.15,Silver,Excellent,3,518328.42,703579.7
2607,27,Female,Butwal,241716,7.7,52078.9,49,13134,124,21,69.0,71.12,4.88,Silver,Good,17,869239.2,8545829.68
2608,57,Female,Butwal,151565,5.5,30917.45,23,4419,21,88,71.2,26.08,1.31,Silver,Average,19,384929.25,2094940.08
2609,38,Male,Pokhara,207266,4.0,41099.86,50,14772,111,45,42.0,39.5,2.35,Silver,Good,3,739152.12,3986930.33
2610,45,Female,Biratnagar,102001,1.1,25010.73,3,6702,107,90,32.3,83.98,2.53,Silver,Excellent,14,407695.86,597941.15
2611,28,Male,Dharan,59767,6.4,62398.47,18,1277,22,64,45.3,63.34,3.92,Basic,Excellent,17,752995.74,5499981.69
2612,51,Female,Pokhara,49550,6.1,60129.71,20,3066,69,51,32.8,16.64,1.85,Gold,Good,8,753289.62,6739393.08
2613,25,Male,Dharan,164905,3.2,69592.0,41,10595,36,23,20.0,32.55,2.5,Premium,Good,19,892317.0,4497781.61
2614,39,Female,Kathmandu,154042,9.1,23930.52,25,11453,149,73,26.6,79.11,4.64,Gold,Average,16,543140.79,6897379.61
2615,25,Female,Kathmandu,118315,3.4,32817.57,21,7904,73,55,19.4,17.21,1.46,Silver,Excellent,2,480359.64,2251092.19
2616,32,Female,Pokhara,115494,4.8,34814.57,39,12543,91,10,22.3,69.11,3.98,Silver,Average,12,588986.79,3411629.49
2617,34,Male,Chitwan,147424,5.7,33922.19,13,578,126,16,8.4,56.35,3.81,Silver,Average,6,417990.48,3077979.16
2618,40,Female,Chitwan,133855,1.5,33641.77,26,2081,146,49,34.7,14.75,1.52,Basic,Excellent,13,449275.14,727298.95
2619,41,Female,Butwal,102681,9.4,47667.15,24,14566,99,21,19.6,68.89,3.75,Silver,Average,5,788310.9,9602415.79
2620,62,Female,Butwal,121489,4.1,68862.37,51,8467,15,36,36.4,14.23,3.28,Premium,Good,13,845399.19,6044024.17
2621,36,Male,Bhaktapur,200249,1.3,56238.06,35,8339,44,68,63.6,39.84,2.15,Basic,Good,13,729894.12,998993.79
2622,22,Female,Kathmandu,218414,4.2,31190.23,33,2662,97,61,36.4,30.86,2.24,Silver,Excellent,13,413014.86,2204472.65
2623,49,Female,Dharan,150546,6.2,54290.71,52,9677,36,99,76.4,69.0,4.33,Gold,Good,19,703744.32,6278606.7
2624,61,Male,Bhaktapur,222272,5.4,40525.06,25,1985,30,35,12.7,78.24,1.92,Silver,Good,17,495233.22,3019474.59
2625,18,Male,Kathmandu,212573,7.1,28480.7,43,6245,26,74,68.2,16.83,3.05,Silver,Poor,8,366123.9,2852057.89
2626,40,Female,Pokhara,48900,1.0,51508.02,26,14961,85,95,20.6,81.2,3.72,Gold,Average,11,808848.99,1178850.38
2627,54,Male,Chitwan,34126,3.2,48513.74,4,14413,101,55,74.8,0.72,1.52,Silver,Excellent,13,800521.83,3139920.04
2628,25,Female,Butwal,131198,8.3,71476.84,26,3120,121,91,18.9,53.01,4.73,Gold,Good,15,914350.08,11616325.67
2629,30,Female,Chitwan,221762,1.3,96252.67,29,1464,31,13,60.0,51.68,2.04,Basic,Average,1,1161839.64,1671791.82
2630,25,Female,Pokhara,238816,8.6,28958.18,13,11239,17,89,5.9,62.38,2.28,Gold,Good,15,376157.61,4480137.79
2631,40,Male,Bhaktapur,99303,1.4,46700.21,27,9520,98,20,50.8,23.97,3.66,Basic,Average,17,700346.52,959109.89
2632,60,Male,Bhaktapur,236651,8.4,32486.11,49,11865,126,81,18.3,0.99,1.31,Basic,Good,8,614081.82,5488985.37
2633,18,Female,Lalitpur,199066,3.9,51597.66,45,3173,24,27,53.9,45.48,3.51,Silver,Poor,7,630594.72,2797720.86
2634,62,Male,Butwal,87061,6.3,18043.93,9,5793,122,24,51.2,7.14,4.66,Silver,Average,0,322539.06,2873425.28
2635,41,Female,Butwal,36978,2.0,50435.18,6,7759,132,34,74.0,89.22,2.0,Gold,Good,4,758850.36,2320628.25
2636,52,Male,Dharan,76344,1.1,47197.11,12,2218,137,58,50.5,17.37,2.45,Basic,Excellent,6,611945.22,837791.76
2637,41,Male,Butwal,66648,2.6,18905.54,43,11124,130,31,33.3,42.52,1.93,Gold,Good,9,443784.48,1666421.99
2638,34,Male,Kathmandu,21055,1.7,47383.62,36,1728,123,24,16.3,43.4,4.28,Basic,Good,10,600485.04,1208327.88
2639,22,Female,Bhaktapur,95582,3.5,73505.67,28,11102,38,75,52.9,55.29,1.67,Premium,Average,11,945349.44,5127494.28
2640,37,Female,Pokhara,101214,5.4,44560.6,56,4278,143,37,10.2,78.25,2.39,Silver,Good,0,626490.3,4706561.29
2641,38,Male,Bhaktapur,195948,6.1,36261.7,42,2340,131,96,66.5,47.21,3.4,Basic,Excellent,5,481121.4,3751540.95
2642,57,Male,Chitwan,243232,8.0,59805.57,45,997,57,87,20.5,2.58,2.62,Gold,Good,3,726191.19,9267453.29
2643,48,Male,Kathmandu,127954,6.7,62202.78,39,1036,42,44,42.4,77.11,1.26,Premium,Average,2,752960.16,8423605.89
2644,63,Female,Butwal,58725,6.3,58191.66,20,3805,53,67,48.1,8.22,4.79,Premium,Excellent,3,728549.67,10126715.97
2645,53,Male,Dharan,156327,4.4,54040.06,49,14851,119,54,29.6,64.16,2.35,Basic,Good,5,913571.07,4629111.83
2646,28,Female,Dharan,226019,5.0,77237.29,54,7624,121,88,53.4,80.34,2.78,Gold,Average,4,1065223.08,7836861.92
2647,32,Male,Dharan,73380,4.4,22878.72,56,9856,56,61,20.8,28.27,1.67,Silver,Good,8,357335.04,1934125.74
2648,36,Male,Biratnagar,73333,8.5,39404.35,57,2471,87,38,3.7,44.91,4.46,Gold,Average,3,505098.75,6893387.79
2649,24,Male,Lalitpur,62459,2.7,46716.8,33,8087,76,62,76.8,1.43,2.17,Silver,Poor,13,652793.4,1780989.43
2650,45,Female,Kathmandu,136518,0.6,41469.8,47,4027,85,97,26.3,80.39,1.08,Silver,Excellent,14,548981.85,396278.87
2651,60,Male,Chitwan,56163,6.7,25350.75,29,799,85,54,57.4,70.33,2.27,Premium,Good,3,314396.25,3926076.96
2652,22,Male,Butwal,185043,2.4,47373.49,37,2886,81,13,41.1,23.14,4.94,Premium,Good,13,603546.78,2717809.7
2653,22,Female,Chitwan,247843,9.0,78318.39,19,13090,8,36,53.9,39.02,1.59,Gold,Excellent,9,955528.68,13085951.52
2654,47,Female,Chitwan,216221,8.7,36400.66,11,4463,11,68,9.8,69.53,1.12,Gold,Good,6,444171.87,5609054.42
2655,49,Male,Butwal,104730,1.2,70657.84,33,5187,138,99,42.0,35.82,3.31,Gold,Good,17,955264.98,1607482.31
2656,25,Male,Chitwan,39476,1.5,29035.12,19,4671,115,39,32.0,16.24,2.49,Basic,Excellent,19,428996.19,670229.91
2657,27,Female,Dharan,88580,5.2,60763.97,13,4359,81,25,36.7,51.85,4.18,Gold,Good,14,782129.49,6166718.62
2658,55,Male,Pokhara,125576,6.3,22591.88,52,9605,87,82,77.3,72.36,3.93,Silver,Average,7,396447.81,3200260.02
2659,64,Female,Lalitpur,106593,3.1,19670.29,9,13567,42,41,11.8,32.08,1.74,Basic,Excellent,8,321515.58,1152946.13
2660,49,Female,Biratnagar,220122,7.3,73730.01,34,4195,37,66,60.6,12.18,3.26,Gold,Poor,4,908042.37,9010380.02
2661,45,Male,Chitwan,226598,6.2,60738.88,47,9612,92,58,27.1,82.95,1.13,Gold,Average,5,861512.16,7256412.98
2662,34,Male,Chitwan,129071,3.6,22624.6,56,10215,85,73,23.9,25.28,2.76,Premium,Average,11,401736.45,2343213.27
2663,48,Male,Bhaktapur,134832,0.7,51847.13,39,7742,59,80,22.4,51.28,3.86,Silver,Excellent,6,690682.26,728059.82
2664,25,Female,Lalitpur,158579,7.6,23398.89,15,10441,37,46,28.6,69.13,2.66,Silver,Excellent,6,338734.23,3639037.86
2665,57,Male,Kathmandu,221465,2.5,76238.99,3,6631,21,90,29.2,31.71,1.47,Premium,Good,14,935755.53,3705972.56
2666,42,Male,Lalitpur,163190,8.4,39019.53,10,4117,130,73,22.4,64.86,1.25,Basic,Average,18,548515.86,4007745.51
2667,26,Female,Lalitpur,201601,4.5,60575.62,45,3200,83,97,53.7,45.97,4.41,Gold,Good,12,766747.44,5389502.59
2668,19,Female,Butwal,88682,6.0,36321.89,6,1505,143,14,4.8,57.04,4.57,Premium,Good,17,468144.93,4949520.37
2669,32,Male,Butwal,243009,8.8,62866.44,35,2201,1,80,27.3,59.06,2.37,Gold,Average,9,754727.43,9144907.82
2670,20,Female,Butwal,205248,8.7,74549.17,20,3802,107,7,23.1,82.42,1.66,Premium,Good,7,955612.14,14481268.14
2671,53,Male,Biratnagar,111713,4.0,75054.87,8,9495,28,98,60.4,65.63,4.91,Silver,Good,10,940537.44,5250038.61
2672,21,Male,Dharan,124060,2.5,52516.34,40,13839,50,72,12.6,26.43,3.18,Basic,Good,7,733988.58,2130168.64
2673,31,Male,Lalitpur,155486,7.9,71258.95,43,3866,35,98,75.3,5.96,2.91,Basic,Good,7,875403.9,7950907.91
2674,58,Male,Biratnagar,103030,4.6,21741.73,18,11584,137,48,14.5,0.2,3.97,Gold,Average,14,498951.96,3184596.27
2675,58,Male,Chitwan,140360,2.3,76969.84,27,12190,132,94,30.2,90.44,1.68,Basic,Good,1,1165000.08,3092135.47
2676,42,Male,Butwal,105973,9.1,47658.71,47,13659,41,45,16.8,94.21,3.32,Gold,Poor,19,655907.37,6857906.48
2677,27,Female,Chitwan,213209,2.4,87805.25,28,3662,67,33,23.6,9.41,4.56,Basic,Good,12,1090466.1,3046183.17
2678,38,Female,Butwal,155009,0.7,43487.37,44,8806,48,4,61.1,48.71,1.09,Premium,Good,17,585251.64,600089.0
2679,53,Female,Pokhara,56731,0.7,17051.06,29,12021,86,55,38.6,15.16,3.69,Basic,Average,11,359683.62,269738.96
2680,29,Male,Biratnagar,237934,6.4,49723.46,21,13160,58,85,13.8,94.87,3.21,Silver,Poor,7,711173.52,5085226.84
2681,44,Male,Biratnagar,189737,6.8,59726.38,7,13637,39,79,4.7,24.68,4.8,Gold,Poor,16,796493.01,6858836.08
2682,57,Male,Dharan,225582,3.5,47220.97,9,2637,25,93,19.2,50.16,2.03,Gold,Good,5,576540.39,3100373.33
2683,19,Female,Kathmandu,168572,3.5,56924.72,33,5352,60,39,75.7,16.56,4.44,Silver,Average,15,731264.64,3057607.52
2684,30,Female,Bhaktapur,134360,3.7,21835.99,20,14109,117,5,67.8,33.28,2.24,Premium,Poor,13,509644.83,2617339.28
2685,49,Male,Lalitpur,21750,7.0,13432.01,33,530,86,80,35.8,26.68,2.72,Silver,Average,9,168021.12,1388489.86
2686,48,Male,Kathmandu,85018,1.1,51428.13,20,6448,114,18,39.1,47.54,1.85,Basic,Good,1,727398.36,920221.87
2687,33,Male,Biratnagar,155099,9.3,56035.77,25,2305,84,38,72.0,41.98,4.45,Silver,Good,12,701472.24,8705104.84
2688,49,Male,Kathmandu,156817,2.6,56273.82,25,6913,124,89,47.7,33.08,1.78,Gold,Good,0,803867.64,3299755.83
2689,49,Male,Pokhara,212803,10.0,67696.7,57,4069,111,37,70.6,10.59,4.44,Silver,Good,17,880109.25,11088612.57
2690,51,Female,Bhaktapur,106984,2.1,34157.7,18,10128,42,59,39.9,48.45,2.82,Gold,Good,13,473698.8,1429597.83
2691,28,Female,Dharan,127983,7.8,66312.99,57,13477,52,42,16.8,85.02,4.34,Silver,Excellent,2,900876.48,11085304.67
2692,27,Male,Biratnagar,48451,2.6,14745.47,57,5810,48,9,58.3,73.02,2.06,Basic,Average,14,218777.64,534125.97
2693,32,Male,Biratnagar,113743,1.3,10602.42,19,12120,32,68,42.6,72.06,1.53,Basic,Good,8,185405.04,256216.62
2694,34,Female,Lalitpur,91474,8.8,50798.28,13,956,131,31,53.8,36.61,3.22,Premium,Good,12,628364.76,9788619.84
2695,57,Male,Dharan,212608,8.7,61424.1,42,948,118,87,13.4,70.84,3.04,Gold,Good,4,753868.8,10592552.15
2696,35,Male,Dharan,32150,4.3,28231.63,24,567,23,53,52.2,46.55,2.43,Basic,Good,4,340735.71,1680559.97
2697,26,Male,Butwal,33406,7.2,31138.69,57,4589,135,98,31.2,15.03,3.65,Basic,Excellent,1,466591.53,4513615.77
2698,42,Male,Bhaktapur,170853,5.8,31530.62,49,2362,127,26,27.2,41.9,1.38,Silver,Excellent,0,423363.54,3443011.23
2699,57,Male,Pokhara,208489,8.6,60015.24,19,2302,37,53,54.0,13.27,3.49,Gold,Good,16,732958.98,9061057.65
2700,31,Female,Chitwan,136047,3.5,40942.7,17,14593,7,60,47.8,11.45,1.85,Basic,Good,18,506635.05,1720609.57
2701,42,Male,Kathmandu,143971,5.5,63047.5,17,13661,77,31,52.3,2.31,1.52,Silver,Good,16,914354.55,5661440.92
2702,39,Male,Dharan,123157,5.1,41460.32,37,13254,82,68,77.3,28.29,4.64,Basic,Good,8,660548.04,4139140.56
2703,47,Female,Lalitpur,38325,3.9,57308.04,24,12123,95,5,56.4,33.09,2.84,Gold,Excellent,9,860449.23,5418902.34
2704,37,Male,Biratnagar,219756,9.0,37987.6,23,8054,22,94,51.6,69.94,4.05,Basic,Good,14,482429.4,4835359.44
2705,38,Female,Chitwan,114415,2.1,13171.11,40,8819,78,58,49.5,53.8,1.36,Basic,Poor,12,261235.62,476700.54
2706,61,Female,Pokhara,224541,1.9,52855.47,34,6395,82,64,32.5,85.84,1.23,Gold,Good,16,712924.14,1761709.95
2707,49,Male,Bhaktapur,160508,6.0,53700.26,25,13520,145,33,67.3,17.65,2.98,Silver,Good,6,938463.12,7556167.13
2708,63,Female,Dharan,37669,6.7,20702.25,56,12517,19,88,31.1,26.6,2.26,Gold,Excellent,3,284100.45,3219688.66
2709,38,Male,Kathmandu,147385,2.3,63711.42,21,9959,95,84,56.3,94.11,1.02,Basic,Excellent,2,906452.79,2455284.45
2710,52,Female,Dharan,92010,4.2,19580.02,34,12702,39,80,24.2,44.4,1.73,Silver,Excellent,0,309266.94,1897528.26
2711,49,Male,Lalitpur,227836,9.5,65308.72,32,14716,117,52,12.7,78.91,1.88,Basic,Good,6,1041970.44,11020777.72
2712,47,Female,Dharan,152915,2.8,53072.72,41,9734,36,64,11.3,49.22,2.15,Silver,Average,4,689436.24,2361307.71
2713,56,Female,Dharan,216681,6.8,45725.13,59,6015,15,81,51.1,47.11,4.51,Basic,Good,16,562235.31,4253434.13
2714,29,Male,Dharan,70812,7.5,55998.6,56,4238,60,88,26.9,14.81,2.68,Basic,Poor,16,710125.2,4555342.41
2715,58,Female,Biratnagar,36059,4.8,44934.04,9,867,144,2,22.7,85.12,3.72,Basic,Excellent,14,557935.68,3144130.69
2716,64,Female,Biratnagar,106269,9.4,27390.72,11,6701,89,20,47.8,7.84,1.07,Silver,Good,2,418146.99,5041500.4
2717,35,Female,Chitwan,191840,7.5,29415.99,2,11296,16,36,3.0,31.03,4.26,Silver,Excellent,2,380102.28,4471385.83
2718,38,Male,Chitwan,45395,4.9,57811.31,22,14883,98,64,20.5,67.35,1.96,Silver,Good,1,912515.82,6025922.33
2719,30,Female,Kathmandu,40202,5.9,48218.45,26,3140,104,95,27.9,50.73,2.24,Silver,Poor,7,627605.4,3959805.28
2720,38,Male,Bhaktapur,164345,7.1,61857.16,33,5407,44,82,57.0,88.14,1.18,Basic,Good,12,777972.12,5559221.49
2721,25,Male,Pokhara,199961,6.1,69939.62,54,558,51,27,44.1,3.93,2.64,Basic,Average,5,843544.14,5507910.33
2722,63,Male,Butwal,249707,8.8,68709.61,47,4756,18,14,68.6,64.94,4.41,Basic,Good,4,837356.52,9341414.21
2723,57,Male,Bhaktapur,224120,3.9,69676.31,47,8794,5,87,27.4,47.75,2.51,Basic,Good,12,842711.22,3508103.48
2724,63,Female,Bhaktapur,244839,3.3,88639.99,11,5441,6,24,24.4,15.43,4.63,Basic,Good,0,1068576.78,4685546.03
2725,24,Male,Bhaktapur,239882,2.5,32560.79,52,5007,76,98,3.6,74.33,4.47,Basic,Average,17,447809.28,1139544.93
2726,40,Female,Butwal,123235,0.9,66141.19,58,1285,115,92,76.2,41.13,1.25,Gold,Excellent,6,815860.53,1134527.61
2727,61,Male,Kathmandu,65510,0.9,22219.32,49,12970,12,36,40.6,53.16,2.22,Silver,Good,16,289977.84,319588.27
2728,49,Male,Butwal,107945,8.8,23211.76,10,12637,12,13,40.7,96.73,4.64,Silver,Excellent,7,301287.72,4013213.15
2729,28,Male,Kathmandu,90649,6.9,49956.37,21,14834,73,10,74.0,48.62,1.12,Gold,Average,18,761908.74,6136840.84
2730,39,Male,Butwal,126723,6.8,52181.81,49,2946,106,99,23.9,82.34,4.06,Premium,Poor,15,673023.12,6748151.87
2731,39,Male,Pokhara,22881,6.3,10867.61,21,9648,49,79,27.2,76.96,4.63,Silver,Excellent,13,201324.12,1808557.25
2732,60,Male,Dharan,65913,8.6,25306.12,41,11394,4,68,52.9,66.28,4.08,Silver,Average,19,310509.84,3032454.03
2733,42,Female,Bhaktapur,131860,5.1,44188.56,8,9128,3,45,63.0,89.68,3.98,Premium,Good,9,534370.32,5109837.02
2734,39,Male,Dharan,104785,8.8,39626.96,12,2865,144,62,56.2,25.16,4.37,Gold,Excellent,1,537407.52,8857984.9
2735,45,Male,Kathmandu,216109,3.9,77652.09,22,14627,14,22,63.3,82.08,3.66,Gold,Good,15,962541.78,5513794.61
2736,46,Male,Butwal,82457,9.3,37541.48,39,5201,64,8,46.4,37.78,2.69,Silver,Average,12,500427.36,5329644.19
2737,30,Female,Pokhara,186415,7.1,23061.18,48,7917,120,98,69.2,81.25,1.25,Silver,Poor,4,419240.16,3163492.72
2738,35,Female,Butwal,213461,2.9,88516.53,20,6066,68,12,44.5,49.38,4.15,Silver,Good,17,1124071.56,4047421.16
2739,19,Male,Dharan,229322,5.9,22148.17,47,9188,59,46,19.1,85.77,4.62,Gold,Good,19,347091.84,2978900.8
2740,46,Male,Biratnagar,159728,5.6,39680.93,16,10058,130,33,43.8,89.48,3.05,Silver,Average,10,672302.16,4507217.4
2741,38,Male,Pokhara,25741,1.8,42058.52,7,11557,119,87,57.3,59.76,3.13,Gold,Good,4,710994.69,2055243.83
2742,32,Female,Bhaktapur,167733,6.1,38198.23,57,10543,10,84,52.6,50.76,2.61,Premium,Good,12,474193.26,4970589.26
2743,44,Male,Lalitpur,117091,3.5,21484.04,11,9714,75,37,20.2,78.33,4.43,Silver,Excellent,0,367090.98,2087055.85
2744,48,Male,Bhaktapur,48690,1.0,17099.98,47,6883,90,38,4.2,26.7,1.06,Silver,Average,5,298120.26,345221.16
2745,32,Male,Lalitpur,52833,9.5,11855.47,17,11822,101,76,20.9,1.53,3.5,Gold,Good,10,321368.94,4717258.46
2746,40,Male,Pokhara,122566,6.6,66031.41,46,11536,132,42,78.7,40.71,4.63,Basic,Excellent,9,1020789.72,8694673.69
2747,41,Male,Biratnagar,91240,8.8,26784.11,12,14560,28,78,15.6,50.78,1.41,Premium,Good,0,382561.32,6219572.17
2748,61,Female,Dharan,126898,6.9,67225.69,58,1989,130,93,37.7,29.73,4.84,Gold,Good,15,845493.78,9003892.62
2749,30,Male,Biratnagar,97711,3.9,51828.73,36,14107,66,50,51.4,38.34,4.87,Basic,Average,12,761604.06,3237684.44
2750,39,Female,Kathmandu,208213,5.4,41839.21,9,2834,144,16,70.5,13.31,4.72,Silver,Average,15,563284.92,3695352.87
2751,60,Male,Biratnagar,229304,6.9,67101.59,29,14908,124,14,61.1,27.73,2.85,Gold,Good,14,1082507.88,10705484.17
2752,54,Male,Chitwan,59023,9.6,52378.84,4,8190,57,54,72.8,24.01,2.53,Basic,Average,6,698570.58,7092100.39
2753,50,Female,Pokhara,60209,2.9,8305.54,3,13124,21,34,48.7,30.1,3.82,Basic,Excellent,13,141007.08,474330.32
2754,20,Male,Dharan,113590,8.8,30005.08,54,3889,103,73,69.4,29.91,2.27,Silver,Excellent,10,420146.01,4904385.91
2755,36,Female,Dharan,106612,9.3,20894.18,15,702,58,33,21.8,55.9,1.27,Gold,Average,12,256837.56,3014536.07
2756,40,Female,Kathmandu,100522,6.9,29530.61,53,730,37,49,35.0,25.06,4.61,Basic,Good,4,358418.82,3162449.93
2757,46,Male,Dharan,131654,9.3,42224.48,30,7547,143,69,67.7,94.1,3.54,Gold,Excellent,17,668576.91,9426792.63
2758,47,Female,Biratnagar,165512,4.3,65487.85,54,12326,132,58,26.7,51.13,1.83,Silver,Good,2,1029909.0,5884663.64
2759,56,Male,Pokhara,139107,9.6,21337.24,55,11820,47,63,69.8,12.9,1.07,Basic,Good,11,339377.88,3306834.79
2760,61,Female,Bhaktapur,159032,7.2,49031.79,48,11383,103,83,29.7,27.96,3.89,Basic,Good,6,764248.83,6671811.23
2761,64,Male,Biratnagar,42462,0.9,7456.26,4,12183,72,88,29.7,72.98,4.41,Basic,Average,19,221051.52,192828.58
2762,42,Female,Butwal,37821,9.1,63787.85,2,3462,89,94,25.4,1.37,2.62,Premium,Excellent,14,811671.9,13224407.65
2763,54,Male,Lalitpur,208844,5.1,59699.32,16,2827,58,3,44.2,93.78,1.32,Premium,Excellent,0,740986.74,7406846.83
2764,64,Male,Pokhara,178330,4.9,59719.22,21,13596,105,78,11.2,44.52,3.59,Basic,Average,18,930767.64,4421196.9
2765,25,Female,Dharan,112889,5.9,55924.11,23,14116,69,17,3.9,52.11,2.19,Silver,Average,9,817189.92,5604932.36
2766,59,Female,Kathmandu,108952,1.9,26104.63,35,13253,46,9,71.9,98.84,1.58,Premium,Excellent,13,404701.26,1338629.54
2767,33,Female,Bhaktapur,213596,5.0,70802.35,51,3284,25,20,74.4,50.34,3.04,Silver,Good,14,861943.2,5313385.99
2768,25,Female,Chitwan,173187,8.4,64469.03,34,13985,121,33,7.0,94.77,2.93,Basic,Poor,1,1027456.11,8812719.25
2769,18,Female,Bhaktapur,138066,0.6,52222.43,10,1303,35,68,44.4,91.52,3.07,Basic,Average,16,633509.91,338312.49
2770,61,Male,Biratnagar,197505,3.1,12905.94,4,13053,15,33,43.6,94.13,4.3,Gold,Poor,9,184240.53,764835.53
2771,22,Male,Lalitpur,241576,0.5,46285.18,3,14913,106,86,30.4,81.24,2.94,Silver,Excellent,4,792538.86,580624.43
2772,20,Male,Bhaktapur,239339,4.4,31706.27,5,6266,128,26,45.9,29.64,4.6,Silver,Good,5,500782.44,3196017.16
2773,18,Male,Chitwan,239393,7.4,96866.15,17,4223,74,54,37.2,34.64,4.37,Silver,Good,5,1209269.1,12854662.89
2774,21,Male,Butwal,99364,8.1,35210.97,55,11593,88,82,39.7,36.5,3.6,Basic,Excellent,5,575559.24,6028660.76
2775,57,Female,Kathmandu,90077,9.5,43487.26,34,6896,29,26,60.7,97.92,1.23,Basic,Good,13,551844.72,5216797.01
2776,52,Male,Pokhara,60644,6.3,27962.43,10,675,38,34,42.6,36.08,4.46,Premium,Good,12,339396.66,3966252.9
2777,49,Female,Lalitpur,82643,2.9,25927.13,58,10136,24,32,26.6,10.87,4.62,Premium,Excellent,12,347615.16,2002636.18
2778,59,Male,Chitwan,33311,9.3,42698.49,41,12695,19,37,46.9,77.83,2.5,Silver,Average,9,548562.63,6001807.07
2779,51,Male,Dharan,149466,7.9,56174.89,39,6191,49,88,51.6,36.61,3.1,Basic,Excellent,15,719602.53,6409528.05
2780,60,Male,Biratnagar,50531,6.0,11211.23,53,4032,44,90,53.3,62.09,2.12,Silver,Average,6,161145.96,1155692.08
2781,42,Female,Biratnagar,34588,7.1,62885.05,19,4849,35,50,49.8,92.44,1.06,Silver,Good,2,780077.85,7100160.2
2782,27,Female,Biratnagar,69416,9.3,48884.5,17,2043,142,45,53.5,57.55,2.92,Silver,Average,14,630129.9,6627489.35
2783,38,Female,Dharan,163452,7.3,24508.7,9,13690,56,49,25.5,63.77,1.52,Premium,Excellent,4,409100.4,5659495.1
2784,63,Male,Dharan,193717,4.0,43174.02,24,10846,134,31,36.2,64.29,1.73,Basic,Good,7,736092.84,3223929.43
2785,56,Female,Lalitpur,168890,7.3,65229.85,37,13982,32,14,53.8,61.24,2.92,Gold,Poor,4,849871.8,8292216.98
2786,44,Male,Bhaktapur,181929,0.9,40668.76,4,10797,26,44,60.6,15.98,4.47,Basic,Average,1,530133.42,592954.72
2787,44,Male,Lalitpur,41711,4.2,41030.76,16,5956,143,94,35.3,45.64,4.38,Silver,Good,18,620125.32,3243066.81
2788,19,Male,Biratnagar,156169,4.4,42693.89,39,3913,56,17,29.9,0.77,4.86,Gold,Good,10,545195.88,3908277.1
2789,58,Male,Butwal,136348,2.1,28914.26,34,7585,37,92,57.6,62.63,2.93,Silver,Good,10,389067.87,1053619.57
2790,30,Male,Chitwan,179465,0.7,29331.57,19,12053,125,27,18.6,57.54,3.21,Basic,Excellent,2,577972.59,540311.21
2791,26,Female,Pokhara,42076,1.8,37236.2,24,4679,53,76,1.7,31.81,4.29,Silver,Excellent,12,484032.45,1219420.18
2792,53,Female,Pokhara,104274,6.7,29389.52,44,9832,101,48,38.2,52.39,3.8,Premium,Good,19,501629.04,5575014.66
2793,39,Male,Lalitpur,77609,8.1,36840.11,4,5307,78,38,14.7,49.31,1.73,Silver,Good,18,504173.22,4504614.39
2794,59,Male,Biratnagar,180389,9.9,57414.88,31,14345,36,4,30.9,25.09,2.59,Basic,Average,14,766441.56,7379128.64
2795,43,Male,Dharan,78480,3.8,18596.98,46,7886,101,27,24.0,29.33,4.72,Gold,Excellent,5,342636.66,2399369.12
2796,29,Male,Kathmandu,27044,6.2,41998.97,18,10453,11,99,62.4,76.25,1.58,Basic,Poor,12,521235.09,2761139.48
2797,34,Female,Butwal,222105,9.4,64572.2,51,2440,27,98,27.2,75.57,1.84,Silver,Good,17,784748.4,8322972.26
2798,31,Male,Lalitpur,75486,2.1,24255.15,59,10498,2,16,51.6,46.98,2.6,Silver,Good,17,294211.2,733405.57
2799,31,Female,Biratnagar,75162,7.3,40253.85,59,13688,22,67,54.2,71.75,4.76,Basic,Excellent,0,528216.6,5479271.3
2800,51,Male,Bhaktapur,230359,7.7,80748.04,33,11865,66,29,37.1,45.08,1.46,Silver,Good,10,1086439.98,10032688.99
2801,37,Female,Pokhara,49882,1.3,44949.39,47,1156,112,85,7.4,85.14,3.69,Gold,Excellent,15,558813.48,1145138.21
2802,28,Male,Pokhara,74078,8.7,58390.17,58,3003,17,39,56.3,33.28,1.53,Basic,Average,0,708339.69,6616378.15
2803,33,Female,Butwal,78734,8.2,38086.17,8,1158,132,45,6.9,92.73,3.1,Silver,Good,18,479962.44,4642274.9
2804,48,Male,Pokhara,128730,0.8,37559.78,40,11530,14,54,8.8,54.23,3.15,Basic,Average,7,474930.36,425068.51
2805,23,Female,Kathmandu,194898,1.4,46377.75,15,13638,7,81,16.5,53.57,1.17,Silver,Excellent,18,570852.9,929561.88
2806,36,Male,Biratnagar,107985,1.0,51853.39,59,12928,79,5,23.1,67.08,4.82,Basic,Good,15,775437.48,881616.64
2807,54,Male,Biratnagar,64028,3.7,14282.81,57,7538,144,73,67.9,34.09,4.23,Basic,Good,2,334214.52,1592889.38
2808,21,Female,Butwal,202403,5.3,55606.65,16,11145,104,45,54.3,72.43,2.21,Basic,Poor,1,841141.8,4425788.24
2809,64,Female,Biratnagar,118938,5.6,35175.84,45,8602,147,47,31.6,32.04,1.52,Basic,Good,11,611784.18,3521258.86
2810,21,Female,Dharan,138319,3.0,37763.75,13,6525,1,85,78.3,39.75,2.38,Silver,Average,9,454143.75,1559491.39
2811,37,Female,Butwal,52543,9.2,50250.05,9,9746,31,27,20.2,67.47,4.58,Silver,Average,1,648319.5,8353408.38
2812,27,Female,Biratnagar,144279,4.0,42469.13,17,6998,128,97,49.2,37.84,1.53,Silver,Average,4,643991.16,3052469.69
2813,41,Male,Kathmandu,49362,0.9,31039.02,42,6848,132,14,67.9,20.0,2.4,Basic,Average,4,508058.64,494339.37
2814,52,Male,Chitwan,178387,3.4,28232.03,35,14289,91,70,64.4,87.19,2.98,Basic,Average,5,533829.21,1984204.77
2815,43,Male,Lalitpur,178818,5.5,54320.2,47,3541,58,45,8.1,92.22,1.13,Silver,Average,2,682649.1,4488841.76
2816,54,Female,Lalitpur,161129,4.4,42383.54,25,12695,56,54,56.1,62.67,2.07,Gold,Average,9,615240.48,3672382.44
2817,55,Male,Biratnagar,62915,3.1,54816.19,57,2838,43,52,21.4,81.12,3.38,Silver,Good,4,676099.38,2929301.88
2818,38,Male,Bhaktapur,172133,1.7,48804.32,30,610,74,14,29.1,98.67,2.3,Premium,Good,19,592422.84,1578724.97
2819,57,Female,Pokhara,71370,8.3,15902.86,17,5687,49,42,39.6,61.48,4.48,Premium,Excellent,4,232633.77,4186551.63
2820,56,Female,Kathmandu,185229,10.0,55769.53,6,2218,112,12,63.5,90.88,4.75,Basic,Good,14,706496.76,8111906.03
2821,38,Male,Bhaktapur,131375,3.6,23544.96,6,7016,108,38,14.1,35.93,2.77,Basic,Average,16,396198.72,1368597.46
2822,27,Male,Dharan,162394,4.1,33808.75,53,12983,60,61,9.6,70.05,3.13,Gold,Good,16,522552.0,2999575.81
2823,55,Male,Bhaktapur,89812,6.4,28418.33,31,625,94,33,13.1,5.58,3.52,Basic,Average,17,349832.46,2175892.68
2824,63,Male,Biratnagar,228914,7.3,82588.34,54,8953,144,46,18.2,78.9,3.66,Silver,Good,9,1184444.88,11576065.81
2825,21,Male,Kathmandu,54017,4.2,23269.6,51,3434,73,19,5.7,82.98,1.25,Premium,Good,6,316837.5,2276707.66
2826,62,Female,Lalitpur,76792,9.1,30459.52,51,13711,99,94,74.2,40.12,1.21,Gold,Good,10,569122.59,7188803.56
2827,37,Female,Pokhara,178814,5.8,14275.54,6,6417,114,80,26.2,63.9,4.46,Basic,Good,13,281037.18,1882860.05
2828,34,Female,Lalitpur,248208,4.8,52727.0,44,10894,15,21,15.0,85.84,1.88,Gold,Excellent,8,657235.5,4920257.45
2829,24,Male,Bhaktapur,215880,6.6,39157.91,14,2104,63,45,51.4,88.36,3.34,Silver,Average,16,489777.72,3662923.21
2830,21,Female,Dharan,149198,9.6,58059.23,36,12895,28,37,63.2,10.65,3.5,Premium,Excellent,1,750869.76,15429731.69
2831,46,Male,Pokhara,37629,8.0,13796.25,50,8090,148,70,60.5,82.75,1.66,Basic,Good,16,345153.0,2735714.34
2832,31,Male,Chitwan,148614,0.9,65337.58,26,2582,36,38,57.8,27.42,4.05,Silver,Excellent,16,797993.76,984928.23
2833,20,Female,Bhaktapur,159317,3.7,27847.92,51,12634,125,34,5.0,72.73,4.46,Gold,Good,19,571062.54,3070922.01
2834,41,Male,Lalitpur,116950,5.0,50683.52,15,9346,141,83,62.8,32.52,2.14,Basic,Good,9,805870.14,4376116.59
2835,54,Male,Lalitpur,194942,3.5,27308.39,45,14801,62,20,40.6,5.63,4.51,Basic,Good,11,465349.98,1901761.88
2836,33,Female,Biratnagar,246706,7.2,80319.86,47,5593,13,52,52.3,20.99,1.32,Basic,Excellent,11,974744.67,7676243.1
2837,21,Male,Lalitpur,84829,8.3,29045.31,27,11155,88,33,76.6,40.87,4.2,Silver,Good,14,495789.72,5318173.67
2838,41,Female,Kathmandu,30588,7.4,48150.09,19,7643,40,23,65.0,74.12,3.56,Premium,Good,8,623659.08,8645833.97
2839,51,Male,Bhaktapur,151514,9.9,45060.6,21,784,124,2,66.2,10.07,3.33,Basic,Good,17,555309.6,5765760.37
2840,47,Female,Butwal,125280,3.1,30486.39,35,6066,25,55,15.3,81.29,1.92,Basic,Good,15,388584.18,1195166.75
2841,35,Male,Butwal,228411,8.8,51901.35,8,11257,24,90,38.6,99.7,2.45,Silver,Excellent,6,663341.4,8154550.57
2842,36,Male,Dharan,60721,7.8,47352.4,48,12493,97,21,76.0,78.83,4.64,Basic,Average,13,750001.95,6262880.12
2843,48,Female,Pokhara,188217,3.9,64502.86,11,8718,39,59,47.0,47.37,2.86,Silver,Average,3,825034.62,4114426.87
2844,36,Male,Lalitpur,30599,7.5,55347.76,16,2774,109,36,9.1,56.82,3.38,Silver,Good,2,709528.02,7577487.56
2845,63,Male,Biratnagar,92594,1.5,35391.23,18,12559,61,71,58.8,0.62,4.74,Silver,Good,11,539609.61,1119981.56
2846,36,Male,Biratnagar,233814,8.0,74690.83,12,4472,20,71,4.4,20.93,2.87,Basic,Average,15,909705.96,7067313.01
2847,39,Male,Lalitpur,228502,5.6,58816.36,35,10283,16,62,59.6,89.9,2.55,Basic,Good,3,730475.52,4821118.88
2848,41,Male,Kathmandu,154011,3.3,21616.65,28,14179,149,64,70.5,2.17,4.57,Gold,Excellent,3,576300.45,3518391.62
2849,62,Male,Biratnagar,42149,6.7,31253.96,22,12073,15,62,34.6,90.48,4.64,Basic,Average,2,402211.77,3244902.68
2850,29,Female,Butwal,147616,6.6,48210.93,32,13635,42,58,33.7,11.33,2.42,Gold,Good,8,664431.66,6584505.0
2851,47,Male,Pokhara,217639,2.5,83065.32,51,9820,4,4,25.0,13.31,3.37,Gold,Excellent,13,1002675.84,3945694.53
2852,55,Male,Bhaktapur,161280,0.8,64258.19,58,4613,131,96,70.3,17.53,4.85,Basic,Good,11,861743.73,832837.21
2853,48,Male,Chitwan,217170,4.6,71703.31,5,14878,114,46,44.3,79.94,1.22,Premium,Good,9,1114853.52,8585404.34
2854,53,Male,Kathmandu,129034,5.9,25831.23,42,10828,129,16,46.8,47.82,1.16,Basic,Poor,13,519496.56,2551005.81
2855,36,Female,Dharan,200564,8.8,58554.13,50,7229,141,18,53.3,14.52,3.07,Gold,Excellent,11,855542.91,12010028.68
2856,62,Male,Dharan,40951,9.3,38985.61,18,8848,54,16,24.7,68.68,2.16,Silver,Excellent,11,539496.12,6553441.08
2857,53,Female,Biratnagar,199992,5.5,48833.57,50,1789,82,6,35.2,94.07,3.33,Basic,Good,1,608007.54,4157064.29
2858,47,Male,Bhaktapur,66766,7.7,28469.69,49,10873,40,87,59.6,57.25,3.9,Premium,Average,18,406874.28,4922327.88
2859,50,Female,Chitwan,77014,4.7,9165.89,21,3011,127,47,78.9,9.87,1.28,Premium,Good,12,167350.23,1245560.37
2860,35,Female,Dharan,179423,7.6,10920.0,26,6220,139,12,3.7,5.48,4.53,Silver,Good,9,260727.0,2752421.43
2861,45,Female,Lalitpur,235288,2.4,86061.91,41,10463,42,65,4.4,79.59,2.11,Silver,Excellent,0,1098659.82,3866043.06
2862,64,Female,Lalitpur,200458,4.0,69466.45,24,1655,93,93,34.8,62.61,2.53,Premium,Average,0,856684.65,6188554.16
2863,28,Female,Pokhara,107122,6.5,65650.81,16,3288,4,15,53.1,92.27,2.35,Silver,Poor,7,789782.52,5531710.07
2864,62,Male,Chitwan,29308,0.7,27399.63,34,5653,25,40,31.5,54.73,4.36,Basic,Average,5,349994.31,264797.76
2865,50,Male,Lalitpur,79252,7.4,58048.14,20,6726,100,68,80.0,6.24,1.68,Silver,Good,19,797467.68,6425847.0
2866,34,Female,Dharan,226217,8.4,94405.87,58,3476,125,56,16.4,40.37,1.11,Gold,Average,2,1198045.44,14070688.84
2867,23,Male,Lalitpur,246103,4.3,68240.24,16,5751,40,43,1.6,65.8,4.89,Gold,Excellent,12,853388.88,6244677.98
2868,21,Male,Butwal,103211,4.8,12057.26,42,3999,92,76,16.0,38.49,4.92,Premium,Average,11,199873.32,1706987.96
2869,37,Female,Biratnagar,179136,8.6,39483.91,6,3413,136,95,71.1,99.96,2.03,Basic,Good,19,543432.12,4495408.78
2870,64,Male,Dharan,204951,7.9,83543.89,17,703,85,6,12.5,40.54,1.04,Gold,Good,15,1011489.93,10401379.87
2871,44,Female,Dharan,146534,3.2,28552.98,46,2322,35,53,38.8,54.62,3.58,Basic,Good,10,354826.26,1290242.51
2872,32,Female,Dharan,28720,3.6,58619.23,49,10051,146,23,34.1,22.54,3.59,Gold,Excellent,3,923547.66,5884740.77
2873,23,Female,Pokhara,146204,6.9,33503.55,33,13749,47,78,53.6,15.21,4.76,Silver,Good,7,498973.05,4931501.86
2874,64,Female,Bhaktapur,194012,5.9,39389.76,23,11236,5,45,5.3,64.53,2.19,Basic,Average,6,481104.12,2916389.02
2875,31,Male,Dharan,99993,2.0,21012.67,44,9133,125,86,53.0,58.86,1.76,Gold,Average,15,423395.79,1046284.67
2876,28,Male,Lalitpur,219547,3.4,32972.02,33,7471,111,60,29.0,0.43,3.47,Basic,Excellent,11,520056.39,2153333.94
2877,56,Male,Butwal,67113,9.0,15421.47,14,7925,72,26,74.2,28.48,3.25,Basic,Excellent,5,270647.64,3090364.25
2878,26,Male,Dharan,68926,7.0,61043.68,39,10007,87,22,68.1,64.36,3.87,Silver,Average,5,863115.51,7866315.34
2879,43,Female,Kathmandu,189275,9.9,32341.81,27,12729,3,93,32.6,81.22,4.54,Gold,Good,10,393829.77,6311039.26
2880,33,Female,Kathmandu,239973,7.8,68705.29,53,9840,93,65,79.4,31.24,3.24,Basic,Good,11,961731.48,8372482.25
2881,22,Male,Bhaktapur,156464,9.4,50990.57,18,6282,41,69,5.1,64.74,1.6,Basic,Good,15,650521.14,6092378.13
2882,27,Male,Chitwan,45905,2.6,44595.44,6,13658,148,94,63.3,26.53,3.39,Basic,Excellent,15,838352.88,2487650.52
2883,20,Female,Pokhara,224580,7.8,86930.57,50,8426,87,48,35.3,69.04,2.5,Silver,Average,15,1153126.14,9904703.7
2884,30,Male,Butwal,70385,0.7,65237.39,34,9890,85,36,35.2,69.79,2.81,Basic,Good,3,908946.18,794588.22
2885,60,Male,Biratnagar,50653,6.9,55632.15,28,6503,136,88,14.4,13.02,4.84,Gold,Good,11,800247.0,8901262.05
2886,47,Male,Butwal,111865,5.0,47564.36,6,14303,133,8,41.7,66.51,3.22,Premium,Good,4,856117.17,8239099.13
2887,62,Female,Kathmandu,235792,3.8,56618.47,38,11608,25,57,7.7,33.36,1.6,Silver,Good,8,722951.64,3400931.43
2888,23,Female,Kathmandu,145813,8.7,80812.21,8,12577,39,53,49.7,17.26,2.77,Gold,Good,17,1043321.97,12490814.83
2889,34,Female,Bhaktapur,165871,8.6,72367.19,49,4675,125,47,20.1,50.04,1.91,Silver,Average,8,956062.53,9548700.4
2890,62,Female,Chitwan,211175,0.7,80206.79,19,8286,105,10,58.3,45.23,1.54,Basic,Good,15,1092985.98,746811.26
2891,36,Male,Chitwan,35052,6.3,9057.79,32,3359,5,59,49.0,77.39,3.85,Basic,Good,0,111212.73,879224.72
2892,59,Male,Bhaktapur,157116,4.0,55701.68,7,3462,136,24,60.0,8.45,3.51,Silver,Poor,4,739044.96,3451282.31
2893,52,Female,Dharan,170943,4.4,66204.89,3,14116,4,4,60.2,78.98,2.99,Premium,Average,18,802928.28,5321559.31
2894,63,Male,Butwal,240375,8.4,42221.21,14,1867,60,62,16.5,10.61,2.69,Premium,Good,2,523457.52,8410808.46
2895,43,Female,Kathmandu,171306,3.4,30834.06,43,13357,54,10,1.1,20.75,2.29,Premium,Poor,0,478200.42,2609576.7
2896,22,Female,Butwal,41381,9.5,52421.96,54,5710,78,54,29.9,51.59,1.35,Premium,Good,13,695870.52,10592893.33
2897,46,Female,Butwal,168346,2.2,59075.95,53,3409,19,69,73.6,46.32,2.2,Basic,Excellent,17,718627.05,1668323.31
2898,54,Female,Pokhara,238912,6.8,58423.9,12,10908,99,50,46.7,98.89,4.35,Basic,Average,7,863070.6,6628835.06
2899,37,Female,Kathmandu,103108,6.9,47348.36,27,3905,68,90,58.5,58.95,4.13,Silver,Good,13,608011.32,5479217.04
2900,38,Female,Chitwan,69892,2.9,51564.92,22,11751,33,71,70.5,32.74,4.89,Gold,Good,19,676946.49,2885109.09
2901,27,Male,Biratnagar,201593,3.6,32468.74,3,10975,139,49,72.6,90.01,3.62,Silver,Good,19,618453.63,2623444.62
2902,22,Male,Butwal,111501,8.4,44366.61,41,4994,16,83,42.8,31.22,3.21,Premium,Average,12,544384.92,7493156.96
2903,53,Male,Kathmandu,234992,7.7,51545.3,57,1320,127,8,43.7,27.38,2.18,Gold,Excellent,15,643689.6,7258244.52
2904,23,Female,Butwal,103391,3.6,43197.55,55,11752,93,32,68.2,49.44,1.31,Silver,Good,8,682311.0,2983144.82
2905,43,Male,Pokhara,37920,5.6,42337.88,52,11216,44,57,64.8,91.32,3.47,Basic,Average,6,582080.16,3584350.89
2906,21,Female,Dharan,36702,1.1,49362.6,21,8202,9,97,56.2,70.85,2.95,Basic,Good,2,603423.9,805283.4
2907,56,Male,Lalitpur,21894,2.5,18126.13,18,13632,78,62,48.8,67.75,4.04,Silver,Good,19,377007.96,1120792.68
2908,56,Female,Kathmandu,50985,5.1,26028.35,17,11324,79,93,49.8,72.61,2.65,Premium,Excellent,0,446529.6,4765257.89
2909,52,Male,Bhaktapur,179359,1.3,38132.58,58,7755,86,6,29.7,65.96,4.94,Basic,Excellent,7,557630.46,983884.31
2910,18,Female,Lalitpur,145702,8.5,37638.4,43,3162,15,31,67.4,75.98,2.59,Silver,Poor,13,458775.3,3961265.0
2911,41,Female,Butwal,93527,7.3,20250.54,6,7604,6,23,49.8,19.28,2.33,Premium,Good,12,249850.08,3090789.6
2912,53,Male,Bhaktapur,166511,9.5,53369.97,15,11517,1,18,18.7,17.73,4.48,Basic,Excellent,6,642167.19,8058716.14
2913,23,Male,Bhaktapur,148676,7.1,72027.2,25,5872,20,11,19.9,36.22,2.58,Basic,Good,12,881942.4,6722987.75
2914,58,Female,Bhaktapur,245692,9.4,59309.32,52,4953,130,72,69.1,85.1,4.48,Silver,Good,6,808295.34,10861671.64
2915,63,Male,Kathmandu,62235,5.8,36692.86,5,3629,70,69,50.4,71.45,1.11,Silver,Good,19,478418.82,2957216.91
2916,61,Male,Chitwan,178731,6.2,57787.35,53,12706,2,43,32.5,56.65,3.77,Premium,Good,19,697260.0,7195777.72
2917,48,Female,Butwal,44976,9.8,49335.21,49,14210,131,28,15.8,1.94,1.29,Basic,Good,4,871249.02,9410090.68
2918,37,Female,Lalitpur,102643,6.6,65850.72,25,5116,7,8,49.2,23.58,1.59,Silver,Excellent,3,795580.44,7260556.37
2919,41,Female,Pokhara,218937,0.8,26635.97,48,8586,84,24,15.6,80.35,3.8,Basic,Average,3,427815.24,397275.17
2920,42,Male,Chitwan,127631,7.4,21159.24,10,13180,54,76,38.1,24.25,2.16,Silver,Good,5,360668.88,3478816.19
2921,53,Male,Butwal,219378,9.1,75490.83,4,2166,41,9,54.5,73.03,1.84,Basic,Excellent,13,919210.86,9159660.73
2922,38,Female,Dharan,76697,8.1,20068.26,56,7889,115,9,45.7,18.46,4.21,Gold,Average,2,376904.37,4888990.89
2923,47,Female,Dharan,90382,6.0,49976.29,10,3900,133,6,73.8,60.64,4.78,Silver,Good,2,677520.48,6108870.31
2924,41,Female,Kathmandu,36651,6.9,34041.68,19,14183,102,72,4.1,62.82,1.93,Gold,Good,2,625500.06,6760538.03
2925,61,Male,Bhaktapur,200116,9.9,47685.67,37,12274,82,87,23.1,75.2,2.27,Silver,Good,3,723198.24,9601603.54
2926,59,Male,Pokhara,34633,1.4,59247.9,20,2700,63,3,5.5,43.83,3.86,Silver,Average,8,736489.8,1321767.85
2927,47,Male,Butwal,99164,6.8,48561.88,25,9584,1,89,16.4,63.27,4.26,Premium,Average,15,584180.16,6553907.52
2928,39,Male,Lalitpur,20569,3.2,50577.14,5,12642,25,52,10.8,48.7,5.0,Basic,Good,18,654333.18,2326866.08
2929,45,Male,Butwal,210972,6.6,40891.95,10,1483,143,67,58.9,94.73,2.09,Basic,Good,15,522513.75,3494415.02
2930,24,Male,Chitwan,87509,6.3,35128.84,34,7123,145,13,30.2,52.19,3.23,Silver,Good,11,576471.33,4678205.9
2931,52,Female,Dharan,143425,2.0,70801.98,2,9274,149,48,74.1,20.96,1.54,Gold,Average,5,1056897.66,2939520.35
2932,45,Male,Biratnagar,121126,2.5,55235.18,53,6551,55,56,2.8,66.79,2.32,Silver,Good,19,716867.91,1998447.56
2933,31,Female,Chitwan,147522,6.4,49133.82,52,4615,107,27,52.6,54.85,1.18,Silver,Excellent,2,663676.59,5821010.46
2934,27,Female,Butwal,53038,1.7,28444.57,36,3140,138,46,77.7,80.38,1.84,Basic,Good,4,406332.84,778909.6
2935,33,Female,Pokhara,200160,3.0,71556.08,11,10665,65,63,14.9,17.69,3.03,Basic,Good,6,962656.71,3389873.76
2936,33,Male,Butwal,224249,8.4,57941.26,13,6871,37,71,36.0,26.09,1.66,Basic,Poor,4,733429.17,5755092.28
2937,48,Female,Butwal,225538,3.6,84676.36,19,3917,112,88,56.4,92.16,4.56,Premium,Good,8,1081921.92,7570423.09
2938,59,Female,Kathmandu,223288,5.1,64261.26,15,12806,7,3,51.0,93.0,3.84,Gold,Good,14,784581.42,5992683.14
2939,42,Female,Lalitpur,217865,9.4,28969.34,11,7087,76,27,45.7,44.23,1.11,Basic,Good,19,428423.88,3706909.57
2940,30,Female,Pokhara,224858,2.7,77569.78,11,11107,40,15,26.8,4.78,4.51,Basic,Good,5,997479.36,3381324.34
2941,23,Female,Butwal,58138,4.2,33313.8,19,14430,1,83,58.5,30.66,4.91,Basic,Good,7,401930.1,2105975.93
2942,61,Female,Bhaktapur,214382,6.3,58418.15,25,9580,148,58,52.6,24.71,3.01,Basic,Average,19,913693.8,5333094.52
2943,26,Male,Lalitpur,179829,7.7,66255.06,2,2383,108,33,13.9,41.47,2.26,Gold,Average,4,833665.32,9241733.22
2944,62,Female,Chitwan,221466,9.1,68462.36,31,5321,68,63,77.2,31.78,2.05,Basic,Good,16,875822.52,7984336.41
2945,53,Male,Pokhara,230099,9.2,55908.8,16,4322,12,79,44.9,82.9,1.35,Basic,Good,9,678685.2,6550174.3
2946,60,Female,Chitwan,241902,7.9,73015.22,9,8838,129,31,42.5,0.3,2.97,Silver,Good,0,1047197.94,11815064.2
2947,37,Male,Dharan,207223,2.7,32243.37,59,2216,126,14,68.0,64.46,1.2,Basic,Good,15,428802.84,1150862.96
2948,35,Male,Butwal,130740,0.7,61209.21,36,6123,1,41,51.6,66.43,3.02,Silver,Average,0,735428.97,656924.45
2949,60,Female,Chitwan,131174,4.1,52156.73,19,2977,131,32,6.9,66.06,2.01,Gold,Excellent,2,684378.81,4693194.52
2950,38,Female,Chitwan,69272,1.8,30393.43,42,13635,117,38,41.0,52.06,2.91,Silver,Good,5,604015.41,1467812.81
2951,21,Male,Kathmandu,157980,7.2,38473.54,17,10155,149,46,62.7,61.11,2.67,Basic,Good,16,688646.73,5121329.02
2952,50,Male,Chitwan,161916,6.8,26817.1,22,10937,13,87,56.3,81.05,2.22,Silver,Good,1,343132.35,3171232.15
2953,44,Female,Bhaktapur,71455,0.9,7180.41,16,10002,141,60,77.7,78.42,2.79,Gold,Excellent,4,297707.22,459964.16
2954,24,Male,Bhaktapur,88447,8.4,62764.47,6,13352,105,29,3.0,3.46,2.9,Basic,Excellent,10,963467.64,9610234.86
2955,23,Female,Lalitpur,225599,2.9,91736.82,46,868,134,62,21.6,3.04,4.33,Basic,Good,9,1118288.64,3890652.76
2956,32,Male,Butwal,97108,4.6,19415.57,55,9955,25,20,44.4,83.89,3.66,Basic,Good,14,270318.09,1373950.77
2957,35,Female,Biratnagar,194138,6.8,58397.17,53,3349,88,44,49.9,57.47,2.73,Silver,Excellent,17,744972.84,6308889.51
2958,49,Female,Dharan,246301,4.6,33035.46,8,14098,101,60,22.7,95.74,4.62,Basic,Good,16,610010.22,3150006.08
2959,28,Male,Chitwan,191076,4.7,92967.33,49,3247,26,17,66.3,43.16,4.02,Basic,Excellent,13,1128271.26,6347843.62
2960,37,Male,Chitwan,58333,1.1,32921.11,8,8062,132,70,14.0,17.67,1.3,Basic,Good,12,554680.92,625101.2
2961,41,Male,Pokhara,141219,4.3,53418.07,28,7639,102,45,1.1,47.32,1.61,Silver,Poor,19,757893.54,2926089.16
2962,32,Female,Kathmandu,103029,7.8,36739.7,26,11257,100,67,76.2,43.65,1.33,Basic,Excellent,1,609731.4,5801470.26
2963,24,Female,Biratnagar,59697,9.2,30353.19,23,10510,25,11,31.9,51.72,2.28,Gold,Good,11,403650.78,5350953.79
2964,38,Female,Lalitpur,37634,4.4,48925.55,49,7204,148,48,76.6,80.79,2.74,Silver,Good,10,747035.4,4170597.97
2965,59,Male,Dharan,145520,4.5,24125.42,14,2387,1,20,23.0,65.56,3.02,Silver,Excellent,18,289863.09,1653129.47
2966,43,Male,Biratnagar,44561,7.2,38225.35,18,12475,94,85,6.0,18.53,4.41,Silver,Excellent,11,634601.7,6570559.04
2967,61,Male,Chitwan,169105,9.5,40848.14,42,559,68,94,62.0,73.45,1.07,Gold,Average,3,495879.48,6488003.2
2968,31,Male,Pokhara,223959,3.0,80689.42,45,1044,23,90,67.0,59.19,2.71,Premium,Good,9,971874.84,5207799.31
2969,54,Female,Butwal,75063,4.7,56111.89,14,3564,106,82,39.9,57.83,2.64,Gold,Good,11,730010.28,5044269.83
2970,38,Female,Kathmandu,45921,8.1,30137.16,27,6946,95,52,6.8,67.83,4.79,Silver,Excellent,6,460626.42,5755496.72
2971,35,Female,Butwal,39340,6.3,60968.71,10,14055,62,14,52.7,56.4,1.96,Gold,Average,5,862336.02,7647115.16
2972,22,Male,Lalitpur,82781,1.6,31365.28,6,6303,129,64,15.4,45.75,1.49,Silver,Poor,7,498346.41,819839.32
2973,20,Female,Biratnagar,34901,6.5,57832.82,40,1730,68,17,68.1,64.04,1.57,Basic,Average,10,711639.84,4500208.59
2974,40,Female,Lalitpur,30638,2.3,36596.05,34,8042,147,54,22.6,72.37,3.08,Basic,Average,5,616478.7,1550648.74
2975,43,Female,Chitwan,189668,5.3,62793.0,5,13833,30,36,68.0,22.58,2.56,Silver,Average,2,815764.5,5480232.93
2976,54,Female,Lalitpur,237986,5.5,61780.8,29,1058,129,60,34.7,49.7,4.02,Basic,Good,19,761841.9,4397563.02
2977,41,Male,Butwal,64324,8.8,32592.6,27,10204,48,40,48.1,45.82,2.29,Basic,Good,18,464580.0,4034862.63
2978,36,Male,Pokhara,108356,4.9,21978.89,5,6563,19,68,63.4,3.99,1.51,Basic,Poor,0,282451.23,1344840.35
2979,42,Female,Lalitpur,241668,3.2,26401.73,17,9361,127,74,4.2,83.44,2.55,Premium,Good,3,495147.81,2997386.91
2980,38,Male,Bhaktapur,52642,2.7,26518.54,38,8949,50,62,65.9,37.74,4.53,Basic,Good,18,385339.98,1110288.52
2981,29,Male,Pokhara,45378,8.8,25009.41,23,1570,134,51,12.0,7.27,2.62,Silver,Good,19,331669.92,3328393.56
2982,58,Female,Biratnagar,70867,2.1,37065.79,37,1550,149,54,29.3,45.79,4.33,Premium,Average,16,479431.98,1642979.09
2983,50,Female,Kathmandu,93686,4.5,30634.0,39,4538,147,47,38.3,16.15,2.49,Silver,Average,18,467670.9,2223208.62
2984,21,Female,Kathmandu,62875,2.3,27874.87,59,5646,63,53,71.7,70.44,2.13,Silver,Good,13,387853.14,1080599.5
2985,59,Male,Chitwan,138171,7.8,16436.78,56,14792,129,30,2.8,57.18,4.1,Gold,Good,9,483466.56,6018177.43
2986,24,Male,Chitwan,240667,5.0,48041.32,36,4522,48,6,45.2,27.01,1.84,Silver,Poor,8,609054.24,3193255.19
2987,39,Female,Bhaktapur,120061,3.8,54504.7,26,8836,89,68,51.8,95.05,1.93,Basic,Average,15,772017.0,2759563.16
2988,50,Female,Biratnagar,234801,3.9,82834.4,9,3134,127,75,26.0,29.17,1.2,Gold,Excellent,14,1053715.5,5831116.66
2989,34,Female,Butwal,84377,8.6,43604.04,18,11261,149,96,23.9,55.5,1.75,Basic,Good,15,774931.83,6643160.05
2990,41,Female,Kathmandu,74691,5.8,14169.27,19,7788,36,76,39.7,80.16,2.52,Gold,Excellent,17,212086.44,1793398.87
2991,51,Female,Kathmandu,244409,7.3,71740.0,51,9492,81,82,15.8,51.39,2.6,Basic,Excellent,9,976207.8,8431220.7
2992,45,Female,Kathmandu,215375,9.0,29004.32,59,1985,47,41,38.0,96.09,2.68,Silver,Average,2,362046.09,4153490.34
2993,60,Male,Butwal,211911,9.1,64369.88,58,12440,148,73,61.4,84.39,2.92,Silver,Good,6,1048606.56,12783015.25
2994,58,Female,Kathmandu,69063,3.6,65660.23,13,11121,27,3,67.8,92.1,3.29,Premium,Average,6,832962.81,5251883.3
2995,56,Female,Lalitpur,111782,9.5,57605.1,58,3323,52,69,31.4,37.27,1.76,Silver,Average,19,717180.6,6868226.65
2996,39,Female,Biratnagar,98343,0.7,69756.16,58,1172,75,63,49.8,54.84,3.46,Premium,Excellent,10,850258.92,1178304.25
2997,34,Male,Pokhara,103071,4.1,16491.08,34,12666,92,81,1.0,84.02,2.35,Silver,Good,2,372683.76,2100996.35
2998,51,Female,Pokhara,156564,9.0,73393.09,24,12181,62,59,44.5,90.35,3.94,Gold,Average,17,994000.38,11997764.03
2999,23,Male,Bhaktapur,141399,3.1,77392.71,13,4922,66,86,78.0,94.44,3.23,Silver,Excellent,11,977440.32,4151752.0
3000,63,Male,Lalitpur,51357,3.1,20390.77,12,1914,80,70,25.7,87.92,3.22,Basic,Poor,16,267657.24,733447.25
