Customer_ID,Age,Gender,City,Monthly_Income,Monthly_Spending,Monthly_Usage,Tenure_Years,Last_30_Days_Active,Avg_Session_Minutes,Support_Calls,Complaints,Monthly_Charges,Payment_History,Satisfaction_Score,Discount_Used,Membership,Auto_Payment,Churn
1,56,Male,Kathmandu,172697,4092,19,6.4,7,45.2,0,2,1250,Good,4.6,Yes,Silver,Yes,No
2,46,Female,Kathmandu,148557,54311,2,0.4,11,24.7,3,7,9560,Good,1.6,Yes,Gold,No,Yes
3,32,Male,Kathmandu,47076,23692,10,7.3,21,79.9,7,1,4562,Good,1.1,No,Silver,Yes,Yes
4,60,Female,Pokhara,64605,24862,18,5.2,23,52.8,6,7,12659,Average,4.6,No,Silver,No,Yes
5,25,Female,Bhaktapur,104565,25860,29,6.1,18,21.5,2,1,7934,Average,4.3,Yes,Premium,No,No
6,38,Male,Butwal,59121,14971,17,6.4,25,25.7,9,3,8905,Average,4.9,Yes,Premium,Yes,No
7,56,Male,Kathmandu,51433,15616,5,5.4,25,72.7,2,1,2117,Good,1.2,No,Gold,No,Yes
8,36,Female,Pokhara,63309,5933,12,5.9,29,5.9,10,4,14451,Average,1.6,No,Silver,No,Yes
9,40,Male,Pokhara,87468,5926,6,6.9,0,89.3,2,1,3030,Average,1.4,Yes,Silver,No,Yes
10,28,Female,Pokhara,87293,26763,22,7.6,15,13.5,0,1,3833,Good,3.7,No,Silver,Yes,No
11,28,Male,Bhaktapur,116258,4969,9,7.3,21,72.1,9,1,7734,Good,3.4,No,Premium,Yes,Yes
12,41,Male,Butwal,58405,36733,20,8.7,16,36.7,0,2,10289,Poor,2.4,No,Gold,Yes,Yes
13,53,Female,Bhaktapur,63527,5319,1,2.1,24,45.3,5,3,14968,Good,1.2,No,Basic,Yes,Yes
14,57,Male,Lalitpur,97227,42743,22,4.1,29,79.5,0,0,6268,Good,3.6,Yes,Basic,Yes,Yes
15,41,Female,Pokhara,151564,40876,15,9.5,17,38.3,4,3,8207,Good,3.3,No,Basic,Yes,Yes
16,20,Male,Lalitpur,159883,42909,21,4.1,10,49.3,3,7,1011,Good,1.5,Yes,Basic,No,Yes
17,39,Female,Chitwan,113344,21323,26,1.4,17,6.3,4,4,5582,Good,4.6,Yes,Basic,Yes,Yes
18,19,Female,Kathmandu,175344,17428,6,5.3,6,2.2,6,2,7360,Good,1.8,No,Silver,No,Yes
19,41,Male,Kathmandu,67153,35578,19,1.3,17,23.5,5,5,752,Average,4.0,Yes,Basic,No,Yes
20,61,Female,Bhaktapur,128042,21950,18,2.2,25,61.9,8,2,4633,Good,4.5,No,Silver,Yes,Yes
21,47,Male,Butwal,74110,44041,6,10.0,7,12.7,5,6,9320,Average,3.3,Yes,Basic,Yes,Yes
22,55,Male,Lalitpur,165051,42789,13,5.5,5,12.0,8,1,3976,Good,2.0,No,Basic,No,Yes
23,19,Male,Butwal,48328,19293,1,3.0,29,38.2,3,7,9678,Poor,2.2,No,Silver,Yes,Yes
24,38,Female,Bhaktapur,132911,7364,23,9.9,6,59.0,0,1,2225,Poor,4.5,Yes,Premium,Yes,No
25,50,Female,Kathmandu,32867,36349,23,9.7,22,64.7,0,4,2593,Average,2.2,Yes,Silver,No,Yes
26,29,Male,Butwal,79234,1691,26,4.5,21,17.7,9,5,14265,Poor,4.0,No,Silver,Yes,No
27,39,Male,Butwal,45851,31062,13,2.8,9,9.0,6,7,2201,Average,5.0,No,Silver,No,Yes
28,61,Female,Kathmandu,51279,1931,7,8.4,10,84.8,2,6,8996,Poor,5.0,Yes,Basic,No,Yes
29,42,Male,Lalitpur,93402,46896,15,7.2,24,24.9,1,2,6334,Good,3.1,No,Silver,Yes,Yes
30,44,Male,Kathmandu,35449,58062,12,6.9,12,77.1,5,5,12770,Good,4.3,Yes,Basic,No,Yes
31,59,Female,Butwal,96221,32730,27,9.0,8,78.0,5,0,10972,Average,5.0,No,Silver,Yes,No
32,45,Male,Lalitpur,109080,15226,26,7.0,30,70.0,6,3,4840,Good,2.5,Yes,Gold,No,Yes
33,33,Female,Lalitpur,25451,14861,1,3.0,6,16.9,4,2,14532,Average,2.0,Yes,Gold,No,Yes
34,32,Male,Kathmandu,107178,32301,15,7.0,8,74.3,7,5,3307,Average,1.5,Yes,Basic,Yes,Yes
35,64,Female,Butwal,83761,49243,4,3.2,12,69.7,6,0,11578,Good,1.6,Yes,Gold,No,Yes
36,61,Male,Bhaktapur,58870,23766,13,7.6,25,54.5,1,0,12146,Average,4.4,Yes,Basic,No,Yes
37,20,Male,Butwal,116566,37174,23,6.3,2,31.7,0,6,6801,Good,3.4,Yes,Basic,Yes,Yes
38,54,Female,Pokhara,143749,42107,27,1.0,2,25.1,8,6,8072,Good,4.5,Yes,Basic,No,Yes
39,24,Male,Chitwan,143765,51184,25,5.2,0,12.7,4,3,1524,Good,4.2,Yes,Silver,Yes,No
40,38,Female,Bhaktapur,144881,18695,5,3.6,20,46.9,10,0,13004,Good,3.7,No,Basic,Yes,Yes
41,26,Male,Lalitpur,148389,42347,29,3.4,30,53.5,4,7,3475,Good,3.4,No,Silver,Yes,Yes
42,56,Female,Bhaktapur,45372,4121,2,6.1,19,33.6,9,4,9198,Good,1.2,Yes,Gold,No,Yes
43,35,Female,Lalitpur,23642,19257,23,3.4,1,43.8,3,0,5356,Good,4.5,No,Basic,No,Yes
44,21,Female,Lalitpur,179073,29164,26,7.8,24,34.0,1,5,11643,Average,2.7,No,Silver,No,Yes
45,42,Female,Bhaktapur,54064,26491,1,0.9,2,58.4,4,6,7224,Average,3.2,No,Basic,No,Yes
46,31,Male,Lalitpur,34122,24165,16,6.7,14,81.3,1,4,9745,Good,1.1,No,Silver,No,Yes
47,26,Male,Lalitpur,175892,49714,23,8.1,23,16.4,6,7,11366,Good,4.7,No,Basic,Yes,No
48,43,Female,Pokhara,88431,4748,6,6.8,5,35.6,10,6,3067,Average,4.6,Yes,Premium,Yes,Yes
49,19,Female,Butwal,75745,34045,23,5.1,29,14.4,8,7,10596,Average,3.2,No,Silver,Yes,Yes
50,37,Female,Butwal,70081,27553,16,9.5,12,57.0,8,6,13062,Good,3.3,No,Gold,Yes,Yes
51,45,Male,Chitwan,159783,52011,14,3.1,20,66.1,10,6,5087,Good,3.8,Yes,Basic,Yes,Yes
52,64,Male,Chitwan,169865,45331,29,0.4,0,84.0,5,0,5422,Average,2.1,Yes,Gold,No,Yes
53,24,Male,Pokhara,159271,31497,26,4.4,19,26.5,0,1,5546,Average,1.9,No,Gold,No,Yes
54,61,Male,Chitwan,96253,32308,3,0.5,18,85.6,5,0,3394,Good,3.7,No,Gold,Yes,Yes
55,25,Female,Bhaktapur,56191,56081,15,9.5,0,7.6,4,6,7703,Good,1.4,Yes,Premium,Yes,No
56,64,Female,Kathmandu,30211,40560,3,2.3,27,55.1,3,4,7978,Good,2.8,Yes,Basic,Yes,Yes
57,52,Female,Kathmandu,131086,54865,23,7.9,30,7.0,5,0,5774,Average,3.0,No,Silver,No,Yes
58,31,Male,Kathmandu,172614,47686,29,7.8,20,80.7,5,6,9792,Good,2.5,Yes,Silver,Yes,Yes
59,34,Male,Pokhara,121971,11374,2,2.3,21,48.6,5,6,12353,Good,1.7,No,Silver,No,Yes
60,53,Male,Pokhara,113783,5675,1,6.3,1,60.9,1,0,10328,Good,2.4,Yes,Gold,Yes,Yes
61,57,Female,Lalitpur,145681,2170,9,0.7,14,75.2,6,0,10147,Poor,2.4,Yes,Basic,No,Yes
62,21,Female,Kathmandu,107893,42449,9,4.9,13,15.2,3,4,4113,Average,3.0,Yes,Basic,Yes,No
63,19,Male,Bhaktapur,178763,44485,23,0.3,18,5.4,8,7,538,Average,3.7,Yes,Basic,Yes,Yes
64,23,Female,Chitwan,97960,59526,7,9.2,10,79.3,9,0,3584,Average,4.9,Yes,Premium,Yes,Yes
65,59,Male,Bhaktapur,104388,13450,3,9.8,29,29.7,1,3,6765,Good,1.6,No,Premium,Yes,Yes
66,21,Male,Chitwan,42601,11680,26,2.4,14,13.4,4,5,12931,Poor,4.5,No,Silver,No,Yes
67,46,Female,Kathmandu,169092,11068,18,2.2,5,43.2,3,3,11423,Good,2.1,Yes,Silver,Yes,Yes
68,35,Male,Kathmandu,159227,55460,11,7.6,19,54.7,8,4,7098,Average,3.4,No,Silver,Yes,No
69,43,Female,Kathmandu,39710,36230,7,2.7,8,4.7,3,1,2915,Good,3.2,No,Silver,No,Yes
70,61,Male,Pokhara,128714,47418,9,9.0,4,26.2,7,3,1258,Good,3.2,Yes,Basic,Yes,No
71,51,Female,Chitwan,175604,27206,1,5.8,19,4.9,7,7,4842,Good,3.9,Yes,Gold,Yes,No
72,27,Female,Pokhara,148727,1287,29,3.6,1,39.0,5,6,7566,Average,2.5,Yes,Silver,No,Yes
73,53,Female,Pokhara,169673,23337,14,8.4,5,80.8,5,5,3616,Average,2.3,No,Silver,No,Yes
74,31,Male,Butwal,83227,21666,20,5.0,25,88.5,10,2,1264,Good,4.4,No,Basic,Yes,Yes
75,48,Male,Bhaktapur,156039,52059,6,9.1,17,58.1,7,5,11114,Good,1.9,Yes,Gold,No,Yes
76,65,Female,Bhaktapur,104289,2161,7,9.3,27,16.2,9,3,10006,Poor,1.7,No,Gold,No,Yes
77,32,Female,Lalitpur,171094,50281,10,1.8,28,81.7,8,2,12994,Good,1.1,Yes,Silver,Yes,Yes
78,25,Male,Pokhara,25722,56489,7,0.2,22,47.4,4,4,12687,Average,1.8,Yes,Gold,No,Yes
79,31,Male,Chitwan,178485,36131,26,9.8,18,15.5,10,7,14806,Average,3.1,No,Silver,No,Yes
80,40,Male,Butwal,101050,25535,2,9.1,8,83.1,0,5,4529,Good,3.2,No,Silver,No,Yes
81,57,Female,Butwal,103596,33528,30,0.7,26,68.7,0,1,12385,Good,2.0,Yes,Silver,No,Yes
82,38,Male,Bhaktapur,86732,39751,4,8.4,20,66.4,1,2,11877,Good,1.3,No,Gold,Yes,Yes
83,33,Male,Pokhara,163369,17527,21,4.7,23,64.4,9,2,11558,Good,4.0,Yes,Silver,No,Yes
84,62,Female,Lalitpur,88323,41975,30,2.7,26,19.6,9,5,6945,Good,4.0,Yes,Gold,Yes,Yes
85,35,Male,Pokhara,43816,24853,28,8.8,5,20.6,4,3,7943,Good,5.0,No,Silver,Yes,Yes
86,64,Male,Kathmandu,60695,15758,17,2.1,13,62.6,3,2,1817,Good,4.6,No,Gold,Yes,Yes
87,41,Male,Pokhara,170774,1244,1,9.5,27,21.3,0,4,1200,Average,4.7,No,Gold,No,No
88,43,Female,Kathmandu,176314,51078,10,2.2,25,40.6,3,5,8027,Average,4.2,No,Silver,No,Yes
89,42,Female,Kathmandu,75841,4178,19,6.2,23,70.8,3,4,4883,Good,3.5,No,Gold,Yes,No
90,62,Female,Lalitpur,148498,32831,15,2.4,28,71.0,9,5,10893,Good,1.5,Yes,Silver,No,Yes
91,58,Female,Chitwan,127096,3176,10,5.5,12,41.9,3,4,2093,Good,3.5,Yes,Premium,No,No
92,46,Female,Bhaktapur,112764,38770,19,6.9,10,71.7,0,3,12679,Good,1.2,No,Gold,No,Yes
93,32,Female,Pokhara,105744,34654,12,2.1,11,75.8,8,5,13637,Average,4.5,No,Basic,Yes,Yes
94,62,Female,Kathmandu,48482,58684,24,5.3,18,59.6,2,7,4645,Good,2.9,No,Gold,No,Yes
95,18,Male,Pokhara,29171,27627,16,4.8,18,22.1,3,6,9922,Average,3.8,Yes,Silver,No,No
96,42,Male,Chitwan,120755,53550,9,0.9,20,26.1,4,1,7207,Good,1.2,Yes,Premium,Yes,No
97,24,Female,Bhaktapur,128125,47489,15,8.2,26,29.7,6,3,7497,Average,3.1,No,Gold,Yes,Yes
98,26,Male,Chitwan,150722,45910,30,3.5,25,12.3,5,4,7526,Good,2.2,Yes,Basic,No,Yes
99,41,Male,Bhaktapur,126082,25881,27,5.8,18,26.0,4,7,3112,Average,2.1,Yes,Silver,No,Yes
100,18,Female,Butwal,23696,59251,28,5.2,23,20.4,7,5,11829,Poor,2.6,Yes,Silver,Yes,Yes
101,61,Male,Bhaktapur,146310,36422,17,5.2,25,42.1,0,3,7899,Average,1.0,Yes,Gold,Yes,Yes
102,25,Male,Lalitpur,171130,12984,14,1.3,12,81.9,6,4,2408,Average,2.9,No,Gold,No,Yes
103,41,Male,Chitwan,171385,24776,27,4.4,27,11.2,5,0,7454,Good,2.9,No,Silver,Yes,Yes
104,28,Male,Kathmandu,39149,18755,18,4.6,13,65.4,10,0,14474,Poor,4.5,Yes,Gold,Yes,Yes
105,34,Male,Butwal,150064,8135,26,7.4,23,62.5,4,2,14528,Good,2.8,Yes,Silver,Yes,Yes
106,25,Female,Lalitpur,73521,1320,2,8.4,17,10.4,6,1,14131,Good,2.5,No,Basic,Yes,Yes
107,52,Female,Pokhara,65740,38422,4,5.5,11,83.2,2,0,2290,Good,5.0,Yes,Basic,No,No
108,52,Female,Chitwan,126611,29635,18,1.1,3,52.0,0,6,8668,Poor,3.3,No,Basic,No,Yes
109,50,Male,Kathmandu,156028,22684,7,2.5,9,34.0,8,4,3428,Average,2.9,No,Basic,Yes,Yes
110,22,Female,Bhaktapur,86641,56913,13,1.8,28,68.6,1,3,14748,Poor,3.0,No,Basic,No,Yes
111,59,Male,Kathmandu,83811,24238,15,1.4,16,24.6,9,5,9780,Average,4.2,No,Basic,Yes,No
112,56,Male,Pokhara,83232,22889,25,3.8,3,63.0,2,3,8181,Good,2.4,Yes,Premium,Yes,Yes
113,58,Male,Butwal,35417,31313,23,2.4,11,5.5,7,2,5751,Poor,2.6,No,Basic,No,Yes
114,45,Male,Butwal,175801,33535,28,2.3,12,75.9,9,7,11073,Poor,4.0,Yes,Basic,Yes,Yes
115,24,Female,Chitwan,132492,49899,22,0.7,28,41.4,8,3,4627,Good,1.3,Yes,Basic,Yes,Yes
116,26,Female,Butwal,50099,59475,26,0.4,26,58.0,2,0,5463,Good,4.5,Yes,Silver,Yes,No
117,25,Male,Chitwan,163674,11770,1,1.2,28,21.5,5,3,11637,Average,2.7,Yes,Silver,No,Yes
118,29,Female,Chitwan,138474,40321,11,1.9,3,61.6,6,0,12261,Poor,3.3,Yes,Basic,Yes,Yes
119,51,Male,Chitwan,29256,21426,10,4.4,9,70.0,0,0,14054,Average,4.0,Yes,Silver,Yes,Yes
120,50,Female,Bhaktapur,54681,45327,25,5.2,24,43.6,6,1,5811,Average,2.1,No,Gold,No,Yes
121,65,Female,Lalitpur,111328,42777,5,1.6,30,56.4,3,2,9857,Poor,4.6,No,Silver,Yes,Yes
122,40,Male,Chitwan,63361,47250,16,4.4,2,42.2,4,6,14471,Poor,4.9,Yes,Silver,Yes,Yes
123,41,Female,Chitwan,54540,8498,11,3.5,14,80.7,7,6,9292,Average,3.0,No,Silver,Yes,Yes
124,54,Male,Lalitpur,177608,40404,21,2.0,1,45.8,3,4,2525,Average,4.7,Yes,Basic,Yes,Yes
125,52,Female,Kathmandu,104700,41130,6,0.3,24,76.1,3,6,10276,Good,1.0,No,Gold,Yes,Yes
126,61,Male,Chitwan,98532,17395,9,4.8,24,72.5,7,0,8315,Average,4.6,Yes,Gold,No,No
127,57,Male,Bhaktapur,147626,50346,13,6.9,16,38.1,4,5,1487,Good,2.2,No,Silver,No,Yes
128,39,Female,Butwal,153943,3537,24,2.4,5,22.2,5,2,5810,Average,2.2,Yes,Basic,Yes,Yes
129,44,Female,Butwal,66002,20226,8,1.5,25,37.7,10,4,2465,Good,1.9,No,Premium,Yes,Yes
130,52,Male,Pokhara,69812,16216,14,8.9,7,74.7,4,6,7816,Good,2.3,Yes,Silver,Yes,Yes
131,18,Female,Pokhara,173698,19613,24,2.9,2,22.0,0,6,10131,Good,1.9,Yes,Basic,Yes,Yes
132,52,Female,Butwal,128946,4009,1,2.4,26,48.2,6,5,13307,Average,4.6,Yes,Silver,Yes,Yes
133,54,Male,Butwal,86668,25368,17,8.6,24,72.9,5,3,14546,Good,4.6,Yes,Gold,Yes,No
134,64,Male,Bhaktapur,119003,30327,24,8.2,17,33.1,1,2,1368,Good,1.4,No,Gold,Yes,No
135,31,Female,Lalitpur,62998,15209,5,4.6,21,58.5,10,5,2563,Good,1.6,No,Silver,No,Yes
136,20,Male,Pokhara,124601,49443,25,5.0,0,23.6,6,6,14619,Good,4.4,Yes,Basic,Yes,Yes
137,18,Male,Lalitpur,27812,16029,2,2.3,28,11.6,5,2,1629,Good,2.6,No,Silver,Yes,Yes
138,22,Male,Bhaktapur,81844,3077,25,1.0,15,71.9,4,2,4878,Good,1.7,No,Premium,Yes,Yes
139,43,Female,Butwal,153251,14907,28,5.8,6,10.7,7,6,13148,Good,3.0,No,Basic,Yes,Yes
140,31,Female,Chitwan,94601,57997,30,1.2,2,25.9,4,3,12421,Good,2.7,Yes,Gold,No,Yes
141,56,Male,Lalitpur,159347,37635,24,4.6,22,77.2,10,3,5654,Good,1.9,No,Silver,Yes,Yes
142,44,Female,Butwal,67857,49920,9,9.4,3,32.5,1,6,6756,Good,3.9,Yes,Gold,Yes,No
143,26,Male,Butwal,145555,5873,4,9.5,8,87.6,5,2,6951,Average,3.5,No,Silver,Yes,Yes
144,32,Female,Kathmandu,40700,9635,17,2.5,4,88.2,0,5,2434,Good,1.4,Yes,Silver,Yes,Yes
145,32,Male,Lalitpur,113330,34065,17,6.3,18,25.6,4,1,13746,Good,4.7,No,Gold,No,No
146,43,Male,Chitwan,164941,46863,21,4.8,14,5.6,5,0,1576,Good,3.2,No,Premium,No,No
147,59,Female,Lalitpur,172026,56008,18,8.8,7,64.0,6,3,5700,Good,2.0,Yes,Basic,Yes,Yes
148,30,Male,Butwal,83353,42804,16,2.9,5,41.7,1,6,2139,Good,1.8,No,Silver,No,Yes
149,49,Female,Chitwan,120772,34783,30,0.2,17,10.9,0,7,10084,Good,1.5,No,Basic,Yes,Yes
150,56,Female,Bhaktapur,111502,35152,8,1.8,18,64.3,5,1,6885,Average,2.7,No,Basic,Yes,Yes
151,49,Male,Kathmandu,133943,59741,26,3.6,23,4.7,2,3,8722,Average,1.5,No,Gold,Yes,Yes
152,21,Male,Butwal,129850,42513,11,3.3,14,78.6,4,7,8496,Good,2.7,No,Basic,No,No
153,47,Female,Pokhara,65095,52502,21,8.0,25,14.2,10,2,1203,Average,1.6,No,Gold,Yes,Yes
154,54,Male,Pokhara,165342,30092,21,6.9,6,13.2,1,6,9560,Good,3.6,No,Silver,No,Yes
155,40,Male,Kathmandu,35523,18653,18,3.1,9,17.5,0,1,5980,Poor,4.1,Yes,Premium,Yes,Yes
156,56,Male,Bhaktapur,82433,33463,23,4.7,5,86.5,0,6,8924,Good,3.2,No,Basic,Yes,Yes
157,62,Male,Butwal,39991,35028,29,1.1,13,63.0,10,5,8277,Average,3.7,No,Basic,No,Yes
158,32,Male,Lalitpur,30775,41469,24,9.0,16,72.5,3,5,13845,Good,4.8,No,Basic,No,No
159,60,Female,Kathmandu,104995,58528,10,9.4,8,37.0,9,4,5862,Average,3.6,Yes,Gold,No,Yes
160,46,Female,Bhaktapur,167745,21947,13,9.8,18,31.6,1,0,1450,Good,2.5,Yes,Silver,No,No
161,53,Male,Lalitpur,142808,57049,17,8.7,29,22.6,0,0,8750,Good,2.8,No,Basic,Yes,Yes
162,30,Male,Pokhara,178128,30978,18,1.9,4,44.3,5,3,3318,Average,4.4,No,Premium,Yes,Yes
163,49,Male,Pokhara,157686,23056,10,0.7,22,50.6,3,0,4100,Good,1.5,Yes,Premium,Yes,Yes
164,24,Female,Lalitpur,27415,30007,16,5.9,30,57.6,9,6,11841,Average,2.3,Yes,Gold,Yes,Yes
165,39,Male,Kathmandu,168036,44169,20,9.1,6,24.6,6,6,8993,Average,3.3,Yes,Basic,No,Yes
166,45,Female,Pokhara,57044,49287,5,1.9,18,85.5,10,4,8345,Good,3.7,No,Silver,No,Yes
167,19,Female,Butwal,69976,55745,13,0.3,30,16.9,5,7,11542,Good,4.1,Yes,Gold,No,Yes
168,59,Female,Chitwan,23832,45632,18,8.1,19,87.0,4,5,3444,Good,2.3,No,Silver,Yes,Yes
169,62,Male,Lalitpur,54148,49449,17,1.0,25,3.3,9,7,14833,Average,1.6,No,Basic,No,Yes
170,23,Female,Lalitpur,132230,56307,9,4.3,6,44.3,1,7,6755,Good,4.8,No,Basic,No,Yes
171,45,Male,Pokhara,105076,6543,14,6.9,23,31.3,4,1,8080,Good,1.3,Yes,Premium,Yes,No
172,45,Female,Kathmandu,58402,57392,17,2.5,1,41.5,8,1,10615,Poor,1.4,No,Basic,Yes,Yes
173,61,Male,Butwal,58578,22067,29,1.0,24,52.2,8,5,9008,Good,3.0,No,Gold,No,Yes
174,61,Female,Kathmandu,110453,52033,4,7.7,22,40.3,1,2,10580,Poor,4.3,Yes,Silver,No,Yes
175,37,Male,Bhaktapur,173390,46256,18,6.4,15,38.5,6,5,5764,Average,4.1,No,Gold,No,Yes
176,47,Female,Bhaktapur,95715,26097,27,9.9,12,66.5,9,1,11407,Good,4.8,No,Gold,Yes,Yes
177,28,Male,Chitwan,131435,43847,20,3.6,7,62.4,3,7,13477,Good,1.6,No,Silver,Yes,Yes
178,45,Male,Pokhara,171538,44512,24,0.8,5,75.3,2,3,10573,Average,2.5,No,Silver,Yes,Yes
179,42,Male,Pokhara,115742,4809,24,7.4,5,24.0,10,4,14741,Good,2.1,Yes,Gold,Yes,Yes
180,56,Male,Pokhara,65475,23191,15,5.3,8,55.6,0,7,12590,Good,4.4,Yes,Basic,No,Yes
181,50,Female,Chitwan,80142,22267,11,2.3,3,53.5,2,5,12805,Good,3.0,Yes,Gold,Yes,No
182,18,Female,Bhaktapur,177636,8206,12,7.9,26,34.5,10,2,8018,Average,1.1,No,Gold,No,Yes
183,44,Male,Kathmandu,173484,54307,9,2.2,10,44.8,8,7,8622,Average,3.8,No,Silver,No,No
184,30,Female,Chitwan,113526,22057,13,2.8,4,29.6,8,3,1678,Good,2.6,Yes,Silver,Yes,Yes
185,58,Male,Chitwan,71001,29992,15,1.1,24,14.5,6,5,4355,Good,3.1,Yes,Basic,Yes,No
186,20,Male,Kathmandu,77649,47514,27,4.1,16,20.8,2,3,14317,Average,4.6,No,Gold,Yes,Yes
187,56,Female,Pokhara,164228,16995,15,4.3,19,11.3,2,7,13565,Poor,2.0,No,Basic,No,Yes
188,23,Male,Butwal,174136,49803,28,5.2,6,62.1,3,5,13147,Good,2.0,Yes,Premium,Yes,Yes
189,25,Male,Kathmandu,45711,45439,5,7.1,26,60.1,6,3,9023,Good,2.1,No,Premium,Yes,Yes
190,44,Female,Bhaktapur,50106,14210,23,9.1,14,85.7,6,6,6537,Poor,2.4,No,Basic,Yes,Yes
191,26,Male,Lalitpur,85458,18793,19,1.5,24,66.2,1,0,1027,Average,1.4,Yes,Basic,No,Yes
192,54,Male,Lalitpur,167661,27270,26,0.7,14,6.6,4,3,2559,Average,3.8,Yes,Silver,Yes,Yes
193,50,Male,Chitwan,150429,6197,20,0.4,13,79.8,6,6,9790,Poor,1.8,Yes,Premium,No,Yes
194,59,Male,Lalitpur,121754,49321,26,1.6,12,77.9,6,7,711,Average,4.7,Yes,Silver,No,Yes
195,61,Female,Butwal,158286,8452,25,6.6,10,41.0,5,0,2214,Good,1.9,No,Silver,Yes,Yes
196,41,Female,Pokhara,146479,42486,26,7.3,27,53.6,9,1,3188,Average,2.0,Yes,Gold,Yes,Yes
197,32,Female,Bhaktapur,178199,15859,26,7.9,12,87.9,9,0,11022,Average,2.2,Yes,Basic,Yes,Yes
198,49,Male,Butwal,156213,28236,14,2.6,25,48.8,7,3,3766,Poor,4.1,No,Silver,Yes,No
199,49,Male,Bhaktapur,48884,32899,28,3.2,21,81.7,2,4,5649,Good,2.7,Yes,Basic,Yes,Yes
200,41,Female,Bhaktapur,22708,33083,17,4.9,27,9.3,0,4,9724,Good,4.3,No,Silver,Yes,Yes
201,58,Male,Pokhara,38375,3172,18,0.8,23,18.8,2,1,1832,Average,4.1,Yes,Basic,No,Yes
202,29,Male,Chitwan,35088,46926,21,6.2,28,40.8,10,3,14121,Good,4.7,No,Silver,No,Yes
203,56,Male,Lalitpur,77615,17663,3,9.8,8,53.5,1,0,7320,Good,4.0,No,Gold,Yes,No
204,19,Male,Pokhara,130138,28540,2,3.7,9,73.8,1,4,10532,Poor,1.2,Yes,Silver,Yes,Yes
205,20,Female,Butwal,30014,54129,1,7.6,3,89.0,1,5,6391,Good,4.3,No,Gold,No,No
206,54,Female,Chitwan,154345,20053,10,5.1,16,36.2,4,2,14515,Average,4.8,Yes,Basic,Yes,Yes
207,34,Female,Butwal,122842,12085,19,1.5,13,6.2,0,3,5186,Poor,5.0,No,Silver,Yes,No
208,19,Male,Chitwan,98077,31564,17,5.9,23,72.5,9,6,14502,Good,1.5,No,Basic,Yes,Yes
209,19,Female,Butwal,159784,25209,12,3.1,17,55.2,3,6,10830,Poor,3.5,Yes,Silver,No,Yes
210,45,Female,Pokhara,72874,4981,1,0.5,10,19.5,9,5,13243,Average,1.8,No,Basic,Yes,Yes
211,40,Male,Chitwan,89087,22153,12,6.4,15,45.5,4,5,4591,Good,2.1,Yes,Basic,No,Yes
212,54,Male,Chitwan,32297,6247,17,8.6,0,67.3,1,3,943,Good,4.0,No,Basic,Yes,No
213,49,Female,Bhaktapur,47128,11553,24,3.6,28,69.8,4,2,12866,Poor,4.9,Yes,Basic,No,Yes
214,50,Female,Bhaktapur,88368,21811,3,4.0,6,46.0,9,4,10190,Good,3.4,No,Silver,No,Yes
215,18,Female,Kathmandu,98958,30845,11,8.9,27,28.9,3,2,1426,Good,4.4,Yes,Silver,No,Yes
216,36,Female,Butwal,52920,7135,17,8.2,9,87.7,7,1,6746,Good,1.0,No,Basic,Yes,Yes
217,19,Male,Bhaktapur,162228,6573,23,7.2,8,60.4,0,0,1122,Good,1.1,No,Gold,Yes,Yes
218,61,Female,Kathmandu,162180,54283,26,2.6,26,37.9,4,0,10171,Good,3.4,No,Silver,Yes,Yes
219,43,Female,Bhaktapur,153872,14731,3,9.1,30,26.7,10,5,3537,Poor,2.6,Yes,Silver,Yes,Yes
220,49,Male,Butwal,153682,8189,8,1.7,27,66.3,9,4,12077,Poor,4.6,No,Gold,Yes,Yes
221,23,Female,Chitwan,97603,15541,20,6.3,27,23.3,0,2,12010,Good,2.2,Yes,Basic,No,Yes
222,49,Male,Lalitpur,53872,44646,4,0.5,24,17.1,9,5,733,Good,2.7,Yes,Basic,Yes,Yes
223,21,Male,Butwal,30728,12087,21,6.5,2,48.6,9,3,10309,Average,3.1,Yes,Silver,No,Yes
224,28,Male,Pokhara,115102,47435,22,2.9,21,27.5,3,5,3191,Good,2.1,Yes,Premium,Yes,Yes
225,34,Female,Bhaktapur,142049,54687,7,4.6,22,57.3,7,3,10722,Average,4.6,No,Silver,Yes,Yes
226,55,Female,Bhaktapur,40583,3776,14,3.6,13,12.4,0,3,7902,Average,2.9,Yes,Gold,Yes,No
227,41,Male,Chitwan,105774,43079,14,1.9,25,59.6,10,1,886,Average,2.7,No,Gold,Yes,Yes
228,22,Female,Pokhara,158335,28564,4,6.3,24,26.9,1,1,2134,Good,4.4,Yes,Silver,Yes,Yes
229,51,Female,Chitwan,146374,29835,16,8.8,14,2.0,0,3,8610,Good,2.2,Yes,Silver,No,Yes
230,23,Male,Pokhara,170528,8697,24,9.6,1,13.2,10,7,4633,Good,4.3,No,Silver,Yes,Yes
231,39,Male,Lalitpur,111118,15629,29,2.1,23,84.2,6,4,9876,Good,1.5,Yes,Silver,No,No
232,28,Female,Bhaktapur,85942,9386,22,7.2,13,78.3,1,1,6081,Good,1.7,Yes,Silver,No,Yes
233,65,Male,Bhaktapur,33689,18046,30,6.7,15,22.6,0,1,2467,Poor,4.8,Yes,Gold,Yes,Yes
234,33,Female,Lalitpur,53276,58823,1,3.6,6,70.5,5,0,6068,Poor,4.4,No,Silver,No,Yes
235,50,Female,Kathmandu,121968,9044,17,0.4,3,55.6,5,5,7784,Poor,2.6,No,Basic,Yes,Yes
236,26,Female,Chitwan,170945,54370,25,7.0,17,87.4,9,0,8932,Poor,3.6,Yes,Gold,Yes,Yes
237,23,Female,Lalitpur,33050,10615,10,9.5,23,34.9,1,4,5645,Good,4.8,Yes,Gold,Yes,No
238,33,Male,Chitwan,86216,48802,22,6.4,26,62.0,0,1,6267,Average,1.8,No,Premium,Yes,Yes
239,46,Male,Butwal,104040,6060,16,4.5,4,7.6,9,6,9253,Good,1.2,No,Silver,No,Yes
240,20,Male,Bhaktapur,41644,11900,16,5.3,5,36.9,2,7,2499,Good,3.1,Yes,Basic,No,Yes
241,37,Male,Chitwan,82021,56026,26,2.2,29,86.8,9,1,5401,Good,1.6,No,Basic,Yes,No
242,53,Female,Pokhara,62291,6581,8,7.6,26,49.4,4,2,10621,Average,1.7,Yes,Gold,Yes,Yes
243,36,Female,Chitwan,152610,35782,29,7.5,6,27.3,5,4,13592,Average,4.6,Yes,Basic,Yes,Yes
244,43,Male,Butwal,61520,21173,7,1.6,30,12.6,2,6,14989,Good,1.0,Yes,Premium,No,Yes
245,20,Female,Bhaktapur,45675,13997,28,8.8,14,63.9,8,5,3279,Good,4.3,No,Basic,Yes,Yes
246,36,Female,Lalitpur,169359,44403,6,2.8,25,58.7,10,5,10367,Good,3.1,Yes,Premium,Yes,Yes
247,37,Female,Butwal,20174,59255,16,9.8,0,34.9,4,6,11207,Good,3.2,No,Gold,No,Yes
248,49,Male,Bhaktapur,112268,47416,20,4.0,23,85.7,1,5,6692,Good,3.7,No,Premium,Yes,Yes
249,24,Male,Chitwan,54998,8148,16,1.9,3,4.0,9,7,2177,Average,2.7,Yes,Basic,No,Yes
250,58,Male,Kathmandu,163184,57918,7,3.6,28,28.7,5,6,12833,Average,1.5,No,Silver,Yes,Yes
251,50,Female,Kathmandu,125410,19748,9,4.5,24,83.1,7,4,12438,Good,1.4,Yes,Basic,No,Yes
252,57,Male,Pokhara,95225,15022,14,0.9,0,30.2,10,6,12048,Average,4.0,Yes,Basic,Yes,Yes
253,56,Male,Bhaktapur,64814,21013,11,5.9,10,24.2,5,6,10343,Good,1.9,Yes,Basic,Yes,Yes
254,35,Male,Kathmandu,105091,39687,26,6.1,17,49.0,3,2,4677,Poor,1.1,Yes,Gold,No,Yes
255,57,Male,Lalitpur,70719,16886,26,7.4,13,74.5,5,2,7711,Good,4.9,Yes,Basic,No,No
256,18,Male,Bhaktapur,149887,55827,14,0.5,21,11.1,7,0,8373,Average,4.9,Yes,Premium,No,No
257,28,Male,Lalitpur,53919,26256,7,5.5,10,85.0,7,4,4341,Poor,2.5,Yes,Basic,Yes,Yes
258,45,Female,Lalitpur,93155,31005,1,0.7,9,72.0,9,4,7598,Average,1.1,Yes,Silver,No,Yes
259,42,Female,Kathmandu,91569,7638,26,7.1,26,18.0,1,2,6916,Good,3.9,No,Basic,Yes,No
260,40,Male,Bhaktapur,61328,38419,25,0.7,29,64.7,7,3,11133,Average,4.3,Yes,Gold,Yes,No
261,48,Male,Chitwan,44618,34377,13,9.1,16,35.9,5,3,14597,Good,1.5,Yes,Basic,Yes,Yes
262,47,Female,Butwal,54675,41708,20,7.1,3,37.4,1,0,5385,Good,1.5,No,Premium,No,Yes
263,59,Female,Kathmandu,38919,44116,3,5.2,23,70.9,0,7,1094,Good,4.3,No,Silver,No,Yes
264,52,Male,Kathmandu,24173,37634,20,4.5,14,86.7,5,3,14893,Poor,4.7,No,Premium,Yes,Yes
265,24,Male,Chitwan,129369,17755,4,1.5,25,13.1,6,3,3112,Poor,4.2,Yes,Basic,Yes,Yes
266,33,Male,Bhaktapur,46400,24382,29,3.1,15,39.0,9,3,12788,Good,1.8,No,Silver,Yes,Yes
267,43,Male,Bhaktapur,90305,50767,26,8.7,20,44.3,4,7,6859,Good,2.6,Yes,Gold,Yes,No
268,65,Female,Lalitpur,108791,57063,11,9.1,12,35.1,9,1,1996,Poor,3.4,No,Gold,Yes,Yes
269,19,Male,Chitwan,179034,23394,2,0.2,8,34.0,7,0,4055,Good,1.6,No,Silver,No,Yes
270,18,Male,Chitwan,90533,3253,14,6.0,10,6.6,10,2,5361,Good,1.8,No,Premium,No,Yes
271,65,Male,Bhaktapur,123591,38710,12,7.2,10,62.3,8,3,5266,Good,2.1,Yes,Basic,No,Yes
272,29,Male,Lalitpur,161650,46098,30,6.3,5,40.4,3,5,3858,Average,3.0,No,Gold,Yes,Yes
273,22,Female,Kathmandu,151060,1864,17,1.0,0,19.1,6,6,10293,Good,3.0,No,Basic,Yes,No
274,54,Female,Pokhara,169696,35036,12,2.3,21,73.8,7,1,1414,Average,4.3,No,Basic,Yes,Yes
275,49,Female,Butwal,59194,41222,26,2.7,5,72.6,5,7,2344,Good,4.0,No,Silver,No,Yes
276,26,Male,Kathmandu,129903,14666,12,8.4,12,44.8,1,7,2495,Good,4.7,No,Premium,Yes,No
277,58,Male,Bhaktapur,151461,59128,1,4.7,21,28.3,6,7,8125,Good,4.3,No,Premium,No,No
278,52,Female,Butwal,119303,21955,13,5.0,23,58.2,8,3,594,Good,2.0,No,Silver,No,Yes
279,36,Male,Pokhara,133903,46138,14,9.4,30,27.4,4,6,9184,Good,2.3,No,Premium,Yes,Yes
280,65,Male,Pokhara,87391,38997,24,6.4,21,22.8,1,6,3569,Good,3.0,Yes,Silver,Yes,No
281,33,Female,Lalitpur,164866,17309,30,9.0,4,66.3,3,1,649,Average,1.1,No,Gold,No,Yes
282,20,Female,Butwal,78002,52389,2,4.7,14,5.5,2,0,1546,Good,4.6,Yes,Basic,No,Yes
283,37,Female,Lalitpur,55531,5054,12,1.7,26,10.3,3,7,3303,Average,1.2,No,Silver,Yes,Yes
284,41,Female,Kathmandu,24986,1935,26,9.3,17,2.6,9,5,5834,Poor,2.3,Yes,Basic,Yes,Yes
285,50,Male,Chitwan,52298,45940,21,4.7,19,15.5,6,5,9090,Average,3.3,No,Basic,No,No
286,41,Male,Chitwan,21481,23778,28,2.0,13,8.1,9,5,14966,Poor,3.1,No,Silver,No,Yes
287,28,Female,Chitwan,76408,58043,16,3.2,14,89.6,7,7,13642,Good,3.6,Yes,Gold,Yes,Yes
288,25,Male,Butwal,141950,44298,4,0.7,25,27.4,0,3,14983,Good,3.1,No,Silver,Yes,Yes
289,53,Female,Chitwan,167907,49328,8,4.8,4,15.1,7,1,4976,Poor,1.9,No,Premium,Yes,Yes
290,55,Female,Kathmandu,145355,49924,2,8.6,25,23.2,4,7,7776,Average,1.8,Yes,Gold,No,Yes
291,57,Male,Lalitpur,47798,17709,10,9.3,3,84.4,6,5,1051,Average,4.6,Yes,Basic,Yes,Yes
292,37,Female,Butwal,111649,10726,9,9.3,1,47.8,10,6,8986,Average,2.1,No,Silver,No,Yes
293,52,Male,Lalitpur,84887,41542,23,1.4,6,34.1,10,7,1643,Average,2.1,Yes,Gold,Yes,Yes
294,65,Male,Butwal,39477,21245,15,3.9,9,78.9,0,6,955,Good,2.7,No,Premium,Yes,Yes
295,42,Male,Lalitpur,168338,35753,13,0.5,15,36.8,1,4,10245,Average,1.6,No,Premium,Yes,Yes
296,52,Male,Pokhara,147815,15252,23,8.6,9,31.5,0,7,8860,Good,3.0,No,Gold,Yes,Yes
297,42,Female,Lalitpur,147426,22316,17,3.7,17,20.2,4,4,13497,Good,3.7,No,Silver,No,Yes
298,46,Male,Chitwan,162961,38371,30,6.4,16,35.2,5,1,2446,Good,4.1,No,Gold,No,No
299,35,Female,Pokhara,44335,20162,16,7.2,29,29.9,9,7,6615,Good,3.8,No,Basic,Yes,Yes
300,63,Female,Lalitpur,162326,16960,28,4.4,20,61.6,8,3,7810,Good,1.6,No,Basic,Yes,Yes
301,35,Female,Butwal,106610,31791,2,3.2,27,27.5,7,3,6680,Average,2.8,No,Gold,No,Yes
302,19,Female,Butwal,31442,43230,20,9.6,12,52.8,6,0,6317,Average,1.2,Yes,Premium,Yes,Yes
303,52,Male,Butwal,66289,26216,20,9.7,0,7.8,4,0,5880,Average,1.1,Yes,Premium,Yes,Yes
304,33,Male,Bhaktapur,73747,33467,27,3.0,0,18.8,2,5,6874,Good,2.8,No,Basic,Yes,Yes
305,58,Female,Kathmandu,57327,47934,14,4.9,14,37.9,8,2,8945,Poor,2.0,No,Gold,No,Yes
306,53,Female,Butwal,167271,8754,3,9.7,0,84.5,4,6,11068,Good,3.7,Yes,Gold,Yes,Yes
307,50,Male,Pokhara,92827,48014,23,0.2,5,35.2,2,0,8570,Average,3.9,Yes,Silver,No,Yes
308,21,Female,Butwal,126464,5078,12,4.2,24,60.4,2,3,1820,Good,4.6,No,Basic,Yes,No
309,50,Male,Bhaktapur,151184,13853,8,1.2,25,24.4,2,6,7623,Good,4.0,Yes,Silver,Yes,Yes
310,31,Female,Chitwan,107051,51519,2,5.2,12,13.2,5,2,6653,Good,1.2,Yes,Silver,Yes,Yes
311,38,Male,Pokhara,170653,5042,4,0.4,26,7.2,0,0,7089,Average,2.5,Yes,Silver,Yes,Yes
312,65,Female,Bhaktapur,79722,50052,14,4.2,27,28.9,10,1,11575,Good,2.1,No,Silver,No,Yes
313,37,Female,Chitwan,112036,15389,16,2.4,0,15.9,3,4,4107,Good,2.5,No,Gold,No,Yes
314,25,Male,Pokhara,167595,31425,19,5.4,4,17.3,7,0,10817,Good,1.6,Yes,Basic,Yes,Yes
315,24,Female,Lalitpur,86960,3575,2,10.0,30,68.9,2,7,12188,Good,1.4,Yes,Silver,No,Yes
316,20,Female,Kathmandu,39552,40522,12,8.0,8,3.4,4,0,10932,Average,3.1,No,Silver,Yes,Yes
317,34,Male,Kathmandu,161880,29179,29,8.5,29,51.1,1,7,900,Good,3.9,No,Basic,Yes,Yes
318,50,Female,Bhaktapur,174692,51733,14,6.4,24,35.4,1,1,10848,Good,3.8,No,Premium,No,No
319,65,Male,Chitwan,20887,35754,6,0.6,16,46.6,10,3,6542,Good,2.8,Yes,Basic,No,Yes
320,29,Male,Kathmandu,51802,19624,13,2.2,15,51.5,6,5,11068,Good,3.1,Yes,Silver,No,Yes
321,39,Female,Chitwan,105024,21350,4,9.3,7,29.6,9,1,862,Good,3.1,No,Premium,Yes,Yes
322,39,Female,Chitwan,138639,27681,22,3.8,16,28.0,2,5,12630,Average,3.8,Yes,Basic,Yes,Yes
323,63,Female,Bhaktapur,138248,24988,18,1.2,14,66.5,4,0,4351,Good,1.2,No,Gold,Yes,Yes
324,47,Female,Bhaktapur,101938,16470,12,7.1,23,78.7,2,3,3912,Good,3.8,Yes,Silver,No,Yes
325,55,Female,Bhaktapur,142746,25704,20,3.1,0,18.9,5,2,10998,Good,3.3,Yes,Basic,No,Yes
326,55,Female,Kathmandu,46049,39736,27,2.8,11,10.6,9,0,14146,Good,1.8,Yes,Premium,Yes,Yes
327,62,Female,Bhaktapur,97789,30377,22,10.0,4,81.0,2,1,584,Good,1.2,No,Basic,No,Yes
328,25,Male,Kathmandu,104526,29572,30,8.6,23,32.8,7,2,14333,Good,1.4,Yes,Silver,Yes,Yes
329,44,Female,Bhaktapur,158918,59195,21,4.2,5,50.5,1,4,2324,Good,3.1,Yes,Basic,No,Yes
330,44,Male,Butwal,66220,8493,19,9.8,24,33.6,2,2,12577,Good,4.0,Yes,Basic,Yes,No
331,51,Female,Chitwan,66163,5103,8,6.6,0,13.1,7,1,8999,Average,2.3,Yes,Premium,Yes,Yes
332,38,Female,Bhaktapur,154837,35844,7,7.5,24,53.9,7,6,13049,Average,2.5,Yes,Gold,Yes,Yes
333,47,Male,Pokhara,137126,55383,16,0.5,0,48.2,0,2,10613,Average,4.7,Yes,Basic,Yes,Yes
334,50,Female,Chitwan,101486,3994,19,1.4,9,19.9,7,1,9322,Good,1.9,Yes,Silver,No,Yes
335,45,Female,Chitwan,95277,4744,6,6.4,9,41.8,9,6,5275,Average,1.4,No,Gold,No,Yes
336,64,Male,Bhaktapur,124245,48234,20,9.0,2,72.1,1,0,13652,Poor,2.4,No,Premium,No,Yes
337,50,Female,Lalitpur,142332,48291,27,6.3,16,54.0,6,6,8368,Average,4.0,Yes,Silver,No,No
338,22,Female,Bhaktapur,42931,28332,21,1.5,18,10.5,5,3,8119,Good,3.5,Yes,Premium,Yes,No
339,65,Female,Chitwan,109116,6594,11,1.3,27,50.2,1,4,7918,Good,2.7,No,Silver,No,Yes
340,36,Male,Pokhara,75633,41299,5,8.5,10,63.8,4,6,2871,Good,4.9,Yes,Gold,No,Yes
341,21,Female,Chitwan,71913,8371,16,1.6,28,71.8,6,3,7568,Good,3.9,Yes,Premium,Yes,Yes
342,52,Female,Pokhara,114776,48315,7,5.3,17,57.4,7,3,3800,Good,1.2,No,Basic,Yes,Yes
343,34,Female,Kathmandu,45991,19028,27,0.6,1,15.4,2,3,6321,Average,4.0,No,Basic,No,No
344,61,Female,Butwal,124092,36912,5,1.0,8,64.5,0,6,14639,Average,1.1,No,Basic,Yes,Yes
345,45,Male,Chitwan,161633,14990,11,6.8,23,61.6,6,1,8303,Good,3.6,Yes,Basic,No,No
346,47,Male,Bhaktapur,167973,47851,15,7.0,16,4.1,4,7,12359,Good,1.8,No,Basic,Yes,Yes
347,46,Female,Kathmandu,115556,17626,3,3.5,27,38.2,4,1,7964,Good,3.8,Yes,Gold,Yes,No
348,63,Female,Butwal,82875,21469,26,2.3,13,31.3,6,4,1226,Good,2.2,No,Silver,Yes,Yes
349,23,Male,Bhaktapur,176989,41722,5,8.2,3,60.9,0,1,14048,Good,4.5,Yes,Silver,Yes,Yes
350,52,Male,Lalitpur,82120,41037,23,2.3,28,21.0,7,5,7621,Good,2.3,Yes,Silver,Yes,Yes
351,58,Female,Bhaktapur,153060,8130,21,5.5,16,54.0,9,1,10340,Good,3.5,No,Basic,Yes,Yes
352,54,Male,Pokhara,130041,7828,5,9.7,16,82.4,4,1,4812,Poor,2.1,No,Silver,Yes,Yes
353,41,Female,Pokhara,148467,58514,9,1.6,11,72.2,7,1,8500,Good,4.7,No,Silver,No,No
354,46,Male,Lalitpur,165328,42612,15,9.4,27,83.1,9,0,9961,Good,4.1,No,Basic,Yes,No
355,63,Male,Kathmandu,138490,47988,3,2.0,19,88.1,9,4,5043,Good,2.0,No,Premium,No,Yes
356,48,Male,Butwal,146155,40099,29,5.8,17,2.9,4,5,8514,Good,4.8,No,Silver,Yes,No
357,52,Male,Bhaktapur,48230,53664,6,3.9,2,56.8,6,1,818,Good,2.4,No,Premium,No,Yes
358,50,Female,Pokhara,79778,47165,17,9.7,10,38.3,9,7,3975,Average,3.6,No,Basic,No,Yes
359,38,Male,Kathmandu,65833,18883,26,2.9,24,77.7,2,4,14697,Good,4.0,Yes,Gold,Yes,No
360,49,Male,Lalitpur,42625,44059,21,4.1,17,24.2,1,2,14872,Good,1.1,Yes,Silver,No,Yes
361,40,Female,Chitwan,52088,19542,8,9.8,3,88.3,5,0,11470,Average,4.8,No,Gold,Yes,No
362,50,Male,Pokhara,123937,43932,21,5.5,16,56.0,4,6,11750,Good,2.4,No,Silver,Yes,Yes
363,20,Male,Lalitpur,96361,55314,25,5.1,17,71.8,8,7,5653,Good,1.8,Yes,Premium,No,Yes
364,35,Female,Bhaktapur,108229,11450,11,2.7,4,9.5,9,1,4634,Good,4.4,Yes,Silver,Yes,Yes
365,42,Male,Butwal,155189,21423,6,7.1,13,18.1,3,7,2102,Average,3.8,No,Gold,Yes,Yes
366,59,Female,Pokhara,110265,3035,8,0.3,9,68.7,10,5,2756,Good,1.3,No,Premium,No,Yes
367,48,Female,Pokhara,117718,45231,10,0.7,14,3.9,2,0,9521,Good,1.5,No,Gold,No,Yes
368,20,Female,Bhaktapur,80710,41745,24,6.1,0,73.9,8,5,9547,Average,3.9,Yes,Silver,No,Yes
369,57,Female,Chitwan,114876,18241,29,3.5,15,3.2,7,6,7819,Good,1.3,No,Basic,Yes,Yes
370,63,Male,Kathmandu,50949,53975,3,9.5,10,59.8,5,6,8032,Good,4.7,Yes,Gold,No,No
371,41,Female,Butwal,173619,24154,23,9.1,22,34.1,0,7,7866,Good,4.0,Yes,Silver,No,No
372,49,Male,Pokhara,88136,26625,14,7.2,19,55.8,9,0,3148,Average,2.3,Yes,Silver,No,Yes
373,64,Male,Butwal,131541,45950,23,8.2,5,63.3,10,2,7403,Average,2.5,No,Basic,Yes,Yes
374,39,Male,Pokhara,81842,34066,14,6.7,23,32.1,0,7,2358,Poor,3.0,No,Silver,No,Yes
375,40,Male,Butwal,46990,57396,10,1.4,28,11.5,5,4,1602,Poor,2.4,No,Gold,No,Yes
376,19,Male,Lalitpur,167265,34691,12,7.7,21,8.1,2,0,14288,Average,4.1,Yes,Silver,Yes,Yes
377,44,Male,Pokhara,50109,54384,6,2.3,15,53.8,2,3,2981,Average,4.9,No,Silver,No,Yes
378,59,Male,Butwal,150356,14331,12,3.4,29,47.8,5,6,2320,Average,3.3,No,Basic,Yes,Yes
379,19,Male,Kathmandu,170305,21690,23,8.2,1,67.3,2,2,13629,Good,2.8,No,Basic,Yes,Yes
380,43,Male,Lalitpur,148133,20183,14,5.5,0,46.9,10,7,10771,Good,1.9,No,Gold,No,Yes
381,34,Male,Lalitpur,21306,40346,2,8.6,23,39.2,9,6,3658,Good,3.6,Yes,Basic,No,No
382,57,Female,Kathmandu,23849,5875,9,2.3,23,37.0,5,3,11132,Good,3.7,No,Silver,Yes,Yes
383,50,Female,Butwal,32360,55478,10,6.2,8,4.3,4,2,4184,Average,3.7,No,Silver,Yes,Yes
384,26,Female,Bhaktapur,131072,13254,26,1.0,21,31.5,3,6,7911,Good,1.1,No,Premium,No,Yes
385,60,Male,Kathmandu,114767,56734,17,6.5,11,87.9,7,3,9947,Good,4.6,No,Basic,No,Yes
386,65,Female,Butwal,74330,29621,17,7.7,16,78.9,1,3,11649,Good,2.4,Yes,Basic,No,Yes
387,56,Female,Kathmandu,71707,51954,3,5.9,29,31.0,10,6,4151,Average,4.0,No,Silver,No,Yes
388,46,Female,Kathmandu,38689,11905,30,2.8,24,53.7,6,7,10931,Average,4.0,No,Silver,No,Yes
389,59,Male,Pokhara,49084,47121,19,0.5,27,76.6,3,6,10631,Good,3.6,Yes,Basic,Yes,Yes
390,43,Male,Butwal,60387,16882,1,1.4,28,40.8,1,5,8207,Good,2.6,No,Gold,No,Yes
391,52,Male,Bhaktapur,94816,20041,12,6.3,14,3.6,6,0,8961,Good,3.4,Yes,Silver,Yes,No
392,42,Male,Pokhara,22642,30098,7,9.4,29,8.6,0,0,8607,Good,1.2,Yes,Basic,No,Yes
393,41,Female,Kathmandu,62137,53498,4,2.2,18,46.9,3,2,7381,Good,4.0,No,Basic,Yes,No
394,30,Female,Chitwan,82260,43431,10,7.4,26,87.3,8,4,6720,Average,1.4,No,Gold,Yes,Yes
395,24,Female,Kathmandu,166510,53101,13,8.7,21,63.0,3,6,5330,Good,2.6,Yes,Basic,No,No
396,53,Female,Kathmandu,68442,34709,2,5.3,9,8.2,2,7,12756,Good,1.4,Yes,Basic,No,Yes
397,62,Male,Butwal,123061,35675,10,6.8,28,18.7,9,5,5479,Good,4.3,Yes,Basic,No,No
398,37,Male,Butwal,154066,5837,21,8.2,25,69.9,9,0,7834,Good,3.2,Yes,Silver,No,Yes
399,18,Male,Pokhara,145844,47448,22,2.8,30,76.0,1,0,4275,Good,3.8,Yes,Gold,Yes,No
400,25,Female,Bhaktapur,119575,25489,25,3.1,26,56.4,2,7,9804,Good,3.7,Yes,Basic,No,Yes
401,63,Male,Pokhara,21813,18627,4,0.2,11,58.7,0,5,1148,Good,4.4,Yes,Basic,Yes,Yes
402,33,Male,Lalitpur,113027,6696,18,9.6,13,4.5,9,1,9871,Average,1.5,No,Basic,Yes,Yes
403,31,Female,Kathmandu,143489,49994,5,9.2,30,74.9,7,5,10834,Good,3.6,No,Silver,Yes,No
404,29,Female,Chitwan,104381,14543,19,7.7,8,71.4,0,7,516,Good,3.3,No,Basic,No,Yes
405,40,Male,Kathmandu,75276,13615,2,1.0,26,24.8,2,0,8808,Good,1.1,No,Premium,No,Yes
406,32,Male,Kathmandu,61243,2466,12,4.6,12,64.4,2,4,13770,Average,1.8,Yes,Basic,No,Yes
407,45,Male,Pokhara,80272,31771,17,1.2,2,20.9,1,1,6976,Good,2.1,No,Basic,Yes,Yes
408,51,Male,Chitwan,85618,54109,10,0.4,20,5.5,4,7,6442,Average,1.3,No,Basic,Yes,Yes
409,19,Male,Chitwan,21920,19350,2,6.2,28,19.7,9,7,2045,Poor,2.4,No,Gold,Yes,Yes
410,49,Male,Chitwan,126121,1375,6,9.6,13,17.7,2,3,11843,Good,1.1,Yes,Gold,Yes,Yes
411,40,Female,Pokhara,96872,34030,8,9.0,20,31.7,2,5,3193,Average,3.2,Yes,Premium,Yes,No
412,39,Female,Kathmandu,101132,21746,29,7.0,9,38.8,7,3,8099,Average,1.8,No,Basic,No,Yes
413,42,Female,Pokhara,22093,23886,19,1.1,15,46.8,3,1,4589,Good,2.1,Yes,Basic,No,Yes
414,39,Male,Butwal,32905,45348,11,2.9,6,44.0,3,1,6759,Average,4.6,No,Silver,Yes,Yes
415,39,Female,Butwal,141759,43904,25,3.3,3,25.8,2,1,5558,Good,3.0,Yes,Silver,Yes,Yes
416,59,Male,Pokhara,175423,33651,12,7.7,26,4.6,10,2,9968,Good,2.1,Yes,Silver,No,Yes
417,23,Male,Chitwan,50981,8833,9,8.1,19,55.2,0,5,3740,Average,3.4,No,Basic,No,Yes
418,32,Female,Kathmandu,93903,2893,2,4.0,22,36.8,7,7,5442,Average,1.8,No,Basic,No,Yes
419,60,Male,Pokhara,90821,31573,8,4.3,24,28.3,0,6,4288,Poor,1.3,Yes,Basic,Yes,Yes
420,54,Male,Pokhara,129200,32371,26,0.6,30,78.3,6,4,7453,Good,1.1,No,Gold,Yes,Yes
421,50,Female,Pokhara,102289,41874,11,3.0,10,67.7,4,4,871,Good,4.8,Yes,Silver,No,No
422,25,Female,Lalitpur,136506,12826,28,4.6,15,77.5,3,7,11499,Good,3.9,No,Gold,Yes,Yes
423,61,Female,Butwal,98513,35420,21,1.3,19,45.6,3,3,7520,Good,4.2,No,Basic,No,Yes
424,61,Male,Chitwan,170946,22924,4,4.6,3,13.5,7,7,7620,Good,4.9,No,Gold,Yes,Yes
425,22,Female,Bhaktapur,158746,54044,10,8.6,21,63.3,10,3,6202,Good,4.7,Yes,Silver,Yes,No
426,56,Female,Chitwan,70516,34367,21,5.9,21,20.1,10,6,8847,Good,3.9,Yes,Basic,No,Yes
427,21,Male,Bhaktapur,89212,22199,20,1.0,22,40.8,5,3,3161,Good,3.8,No,Premium,Yes,Yes
428,23,Female,Lalitpur,153498,52064,16,2.1,30,7.7,0,5,7680,Good,2.3,Yes,Silver,No,Yes
429,62,Female,Pokhara,150970,26868,8,4.9,16,74.6,9,0,7151,Poor,1.4,No,Silver,Yes,Yes
430,49,Female,Lalitpur,110009,9792,4,3.7,12,13.1,7,3,9156,Average,3.3,No,Gold,No,Yes
431,47,Male,Lalitpur,64816,58724,29,3.7,10,81.5,1,1,5378,Good,3.3,Yes,Silver,Yes,Yes
432,64,Male,Kathmandu,24138,21597,10,5.4,29,78.1,5,3,13591,Average,4.8,No,Gold,Yes,No
433,52,Male,Butwal,111176,37405,12,5.9,2,42.9,8,1,4815,Average,2.8,Yes,Premium,Yes,Yes
434,57,Male,Bhaktapur,95945,33696,29,8.0,8,67.5,0,2,6658,Poor,3.8,No,Silver,No,Yes
435,33,Female,Pokhara,24017,44123,14,3.5,5,56.5,5,0,10465,Good,3.3,No,Gold,No,Yes
436,30,Male,Bhaktapur,30451,16989,16,8.1,21,72.7,7,0,8808,Good,1.7,No,Gold,Yes,No
437,59,Male,Chitwan,113863,29931,22,3.5,20,40.0,9,6,6974,Poor,3.4,Yes,Basic,No,Yes
438,47,Female,Bhaktapur,30278,10290,18,0.7,10,71.2,1,5,10795,Good,3.2,No,Basic,No,Yes
439,36,Female,Chitwan,63764,39367,21,5.6,15,42.7,4,7,1874,Poor,3.0,No,Basic,No,Yes
440,34,Female,Butwal,143030,56600,22,6.0,18,84.8,5,5,11895,Average,3.1,Yes,Silver,No,No
441,36,Male,Chitwan,152206,15342,21,9.4,26,44.8,4,4,14806,Poor,1.7,Yes,Gold,No,Yes
442,45,Male,Bhaktapur,82943,25941,12,7.3,4,42.7,2,2,7893,Good,2.9,Yes,Silver,No,Yes
443,43,Male,Bhaktapur,115667,14945,18,9.2,13,71.1,3,6,4903,Good,3.4,No,Basic,Yes,Yes
444,54,Female,Chitwan,74318,11762,30,9.1,16,74.3,6,5,4046,Good,3.0,No,Silver,Yes,Yes
445,43,Female,Lalitpur,123423,31133,7,6.1,2,50.8,3,1,4477,Poor,3.0,No,Gold,No,Yes
446,40,Male,Butwal,123998,48080,20,5.4,3,17.8,8,2,13009,Good,1.3,No,Basic,Yes,Yes
447,26,Female,Kathmandu,80128,41150,24,5.7,15,43.2,10,0,9888,Good,1.8,No,Gold,Yes,Yes
448,29,Female,Pokhara,41869,28052,23,9.8,15,87.2,9,7,3911,Good,2.3,Yes,Gold,No,Yes
449,18,Female,Bhaktapur,25039,42750,7,7.8,20,68.3,1,7,9488,Good,2.7,Yes,Basic,Yes,No
450,18,Male,Pokhara,172353,20953,9,1.2,25,73.4,4,1,14317,Good,3.4,Yes,Basic,No,Yes
451,64,Female,Kathmandu,132935,41475,1,7.8,24,4.9,7,6,4392,Good,4.5,No,Silver,No,Yes
452,51,Female,Pokhara,30442,18130,26,1.9,3,43.2,4,6,7824,Average,1.6,No,Gold,No,Yes
453,49,Male,Kathmandu,93788,32086,6,4.6,18,58.9,9,2,8842,Good,1.1,No,Premium,Yes,Yes
454,65,Male,Chitwan,139729,58656,6,2.3,25,75.0,7,0,14508,Poor,2.8,Yes,Silver,Yes,Yes
455,42,Female,Lalitpur,47586,5633,22,7.0,16,6.3,7,5,3749,Average,2.7,No,Silver,No,Yes
456,57,Female,Bhaktapur,73053,18304,29,8.8,12,77.0,8,1,14344,Average,3.2,No,Basic,Yes,Yes
457,62,Male,Kathmandu,106346,43037,12,3.0,25,50.3,9,1,611,Average,4.3,No,Gold,Yes,No
458,18,Male,Pokhara,87087,33284,22,1.0,21,19.4,5,0,1182,Good,4.2,No,Basic,No,Yes
459,33,Female,Bhaktapur,163697,47546,12,3.1,22,29.9,3,1,1661,Good,1.4,Yes,Gold,Yes,Yes
460,56,Female,Lalitpur,54397,8008,10,6.8,25,26.8,10,7,7900,Average,4.7,No,Basic,No,Yes
461,22,Female,Chitwan,78671,49291,23,3.4,30,48.7,2,5,2879,Good,1.4,No,Basic,No,Yes
462,39,Female,Bhaktapur,136214,28405,30,2.9,23,6.5,4,5,14353,Good,3.5,No,Basic,Yes,Yes
463,46,Male,Kathmandu,86897,52533,26,2.0,27,16.0,5,5,13680,Good,3.7,Yes,Basic,Yes,Yes
464,20,Female,Lalitpur,177221,37386,6,5.1,0,73.5,2,0,5926,Average,3.7,Yes,Silver,Yes,Yes
465,29,Female,Pokhara,156355,26373,17,2.9,11,13.7,1,3,8852,Good,2.1,Yes,Basic,Yes,Yes
466,43,Male,Lalitpur,158682,21827,19,7.4,3,22.5,6,3,1925,Good,2.3,No,Premium,No,Yes
467,33,Female,Lalitpur,34924,34040,18,1.0,10,41.9,10,6,4161,Good,3.2,No,Silver,Yes,Yes
468,54,Male,Butwal,133143,14007,6,6.7,4,47.5,4,6,8969,Poor,1.8,Yes,Silver,Yes,Yes
469,39,Female,Lalitpur,130253,19157,24,2.5,1,69.2,8,7,12083,Good,1.1,No,Silver,No,Yes
470,46,Female,Lalitpur,120297,33157,19,5.0,16,41.4,2,1,10248,Average,3.2,No,Silver,No,Yes
471,31,Male,Bhaktapur,20869,36315,10,3.0,7,71.5,7,5,7540,Good,2.9,Yes,Basic,Yes,Yes
472,45,Male,Pokhara,117088,36932,24,7.3,5,56.4,5,1,5092,Average,3.6,No,Premium,No,Yes
473,22,Female,Bhaktapur,21014,22164,8,9.5,20,12.0,3,0,8030,Good,1.6,No,Silver,Yes,Yes
474,64,Female,Bhaktapur,30103,15414,21,9.2,28,15.8,8,1,14183,Average,4.4,Yes,Basic,No,Yes
475,47,Female,Kathmandu,130317,15327,24,5.9,8,40.5,4,4,10607,Good,1.6,Yes,Silver,No,Yes
476,63,Male,Bhaktapur,102409,49344,6,4.7,12,36.9,9,3,13442,Good,4.6,No,Silver,No,Yes
477,22,Female,Butwal,43248,1946,21,8.2,10,67.4,5,1,3607,Average,2.8,Yes,Basic,No,No
478,29,Male,Butwal,175242,15693,25,6.9,28,53.1,8,1,802,Average,3.2,No,Premium,Yes,No
479,33,Male,Kathmandu,28024,28241,30,2.0,15,36.2,6,2,5033,Average,4.6,No,Basic,No,Yes
480,43,Female,Chitwan,105947,50658,7,8.2,15,17.0,4,7,3273,Poor,2.2,Yes,Silver,No,Yes
481,43,Male,Pokhara,170368,31254,24,4.4,26,22.0,1,1,7699,Good,1.7,Yes,Premium,Yes,Yes
482,65,Female,Pokhara,111829,16540,1,2.1,1,52.6,3,4,4781,Poor,2.8,No,Basic,Yes,Yes
483,38,Female,Bhaktapur,112708,7719,27,3.0,9,39.3,1,3,11937,Good,2.0,No,Basic,No,Yes
484,56,Female,Bhaktapur,106664,42203,18,2.8,11,47.3,2,2,14377,Average,3.1,No,Basic,Yes,Yes
485,53,Female,Chitwan,169329,26081,24,5.3,7,17.0,9,7,5268,Good,2.1,Yes,Basic,No,Yes
486,50,Female,Bhaktapur,163927,12350,28,2.5,10,60.3,2,0,14061,Good,4.5,No,Basic,No,Yes
487,47,Male,Pokhara,105178,56512,25,1.4,29,77.0,3,6,1500,Good,3.4,Yes,Gold,No,Yes
488,54,Male,Lalitpur,121121,57809,20,1.4,9,24.7,5,0,12526,Good,1.0,No,Gold,Yes,Yes
489,40,Female,Butwal,40025,37358,12,5.9,12,45.3,2,3,12698,Good,4.2,No,Gold,Yes,Yes
490,27,Female,Lalitpur,155530,33021,16,7.4,24,87.8,9,6,13470,Good,2.3,Yes,Silver,Yes,Yes
491,22,Male,Lalitpur,83610,43832,10,3.4,16,31.3,0,0,2218,Good,2.3,No,Gold,No,Yes
492,53,Male,Pokhara,90843,29369,27,0.5,6,54.4,0,7,7669,Good,2.5,Yes,Silver,No,Yes
493,51,Male,Lalitpur,127237,32728,10,1.4,23,9.9,8,4,7861,Good,3.5,No,Basic,No,Yes
494,48,Male,Chitwan,150299,18576,14,9.2,2,55.3,8,1,4330,Good,2.8,Yes,Silver,No,Yes
495,27,Female,Kathmandu,25668,30001,25,5.0,29,9.9,4,3,7654,Good,3.5,No,Basic,No,Yes
496,36,Female,Bhaktapur,93233,18848,20,4.6,19,86.4,8,6,5520,Good,1.6,Yes,Premium,Yes,Yes
497,49,Male,Kathmandu,175489,1390,10,0.6,12,65.0,10,2,11873,Average,4.9,No,Silver,No,Yes
498,18,Female,Butwal,101982,22999,10,7.3,18,71.4,6,1,3382,Poor,3.9,No,Gold,Yes,Yes
499,22,Male,Bhaktapur,126133,46436,26,5.4,6,64.0,8,0,1498,Good,2.0,No,Gold,Yes,Yes
500,62,Female,Lalitpur,30751,12569,25,2.2,8,53.9,6,0,784,Average,3.9,No,Gold,Yes,Yes
501,21,Male,Butwal,66218,14029,11,1.3,18,41.6,8,2,9112,Average,3.3,No,Basic,Yes,Yes
502,33,Female,Bhaktapur,146649,23490,23,4.0,12,77.5,1,4,2660,Good,1.4,Yes,Silver,Yes,Yes
503,41,Male,Chitwan,27352,46875,2,8.4,21,86.2,10,7,3565,Average,1.7,Yes,Gold,Yes,Yes
504,33,Male,Chitwan,108835,59016,25,8.7,7,45.9,10,7,10967,Good,1.2,No,Basic,Yes,Yes
505,19,Female,Chitwan,117493,36328,20,6.1,21,84.0,7,2,1994,Good,4.2,Yes,Premium,No,No
506,45,Male,Chitwan,48927,6867,8,7.3,17,53.3,6,3,12576,Good,3.2,Yes,Silver,Yes,No
507,49,Female,Lalitpur,121948,16284,30,1.3,28,49.4,5,2,5123,Good,2.3,Yes,Basic,No,Yes
508,44,Female,Kathmandu,49493,34979,23,6.0,22,42.0,4,0,3043,Average,1.5,No,Silver,Yes,Yes
509,37,Male,Bhaktapur,51707,10121,29,6.7,1,20.4,3,4,12818,Good,2.9,Yes,Gold,Yes,Yes
510,41,Female,Lalitpur,158368,2539,7,2.2,17,2.3,6,4,12949,Good,3.1,Yes,Silver,Yes,Yes
511,29,Female,Chitwan,176470,26488,8,8.8,17,23.3,2,5,10533,Good,3.8,Yes,Silver,Yes,No
512,52,Female,Kathmandu,55842,18027,1,2.1,10,46.9,7,2,5300,Average,4.9,No,Silver,No,Yes
513,50,Female,Butwal,33261,9693,21,3.3,30,35.4,1,3,9413,Average,2.7,No,Silver,Yes,Yes
514,50,Female,Butwal,96709,9921,2,6.3,0,41.5,0,0,1901,Average,2.6,No,Basic,Yes,Yes
515,60,Male,Butwal,115985,51435,18,6.5,13,88.3,10,1,945,Good,2.5,No,Basic,Yes,Yes
516,54,Female,Chitwan,126616,57832,15,7.1,15,32.8,1,7,11483,Good,4.3,Yes,Basic,No,No
517,29,Female,Butwal,87173,11310,1,1.3,10,41.8,8,7,5022,Good,1.6,Yes,Basic,No,Yes
518,20,Female,Pokhara,51781,57497,5,8.5,0,13.7,4,7,4267,Good,2.4,Yes,Basic,Yes,Yes
519,18,Female,Bhaktapur,33652,46512,2,5.4,29,6.2,10,4,3051,Good,3.9,No,Silver,Yes,Yes
520,50,Female,Bhaktapur,25103,31908,20,4.8,6,70.2,7,7,6146,Good,1.1,No,Silver,Yes,Yes
521,57,Male,Chitwan,45500,5386,3,9.8,30,52.2,2,2,10659,Good,2.2,Yes,Basic,Yes,Yes
522,27,Female,Pokhara,120336,33263,19,7.5,28,68.9,6,5,4388,Poor,3.6,No,Basic,Yes,Yes
523,60,Male,Lalitpur,133499,29412,18,1.4,15,15.2,1,3,5316,Average,1.7,No,Basic,No,Yes
524,61,Male,Lalitpur,169524,18303,29,7.6,29,52.3,7,3,3231,Good,2.2,No,Silver,No,Yes
525,46,Male,Butwal,69393,13242,22,1.1,13,24.3,6,6,14589,Good,2.9,No,Basic,No,Yes
526,30,Male,Kathmandu,67406,52491,18,0.5,14,22.1,4,7,8199,Good,2.7,No,Silver,No,Yes
527,29,Female,Lalitpur,83059,48025,14,4.2,13,3.0,10,0,3129,Average,1.4,No,Silver,Yes,Yes
528,48,Male,Kathmandu,167026,9947,30,9.9,27,13.5,3,4,8187,Average,4.8,No,Silver,Yes,Yes
529,63,Male,Bhaktapur,102722,47714,24,1.9,20,29.2,0,0,10656,Poor,1.2,No,Gold,Yes,Yes
530,19,Female,Kathmandu,32356,6930,8,6.8,10,12.3,4,7,1557,Good,4.0,No,Basic,No,No
531,52,Female,Bhaktapur,148128,39170,29,1.9,15,88.8,8,5,14832,Average,1.3,No,Basic,Yes,Yes
532,40,Female,Pokhara,22187,55815,30,7.3,18,29.2,9,1,13523,Good,2.9,No,Basic,No,Yes
533,34,Male,Pokhara,97243,49785,12,5.2,16,13.5,3,7,7334,Average,1.7,Yes,Basic,Yes,Yes
534,43,Female,Chitwan,55098,55427,21,6.9,26,19.5,8,1,9449,Average,1.6,No,Basic,Yes,Yes
535,25,Female,Chitwan,172297,1507,10,2.2,25,53.7,1,1,2295,Average,1.5,Yes,Gold,No,Yes
536,46,Male,Butwal,154678,2436,23,7.5,5,7.6,3,3,10335,Good,2.8,No,Basic,Yes,Yes
537,43,Female,Lalitpur,77620,28151,20,10.0,10,77.9,8,4,5349,Average,3.1,No,Premium,Yes,Yes
538,27,Female,Butwal,146270,12618,17,6.7,16,86.6,3,7,8715,Good,1.5,No,Basic,Yes,Yes
539,43,Female,Bhaktapur,177561,9750,11,5.0,8,23.7,4,0,9931,Good,4.9,No,Gold,Yes,No
540,51,Female,Butwal,34387,17122,2,9.2,17,41.6,10,0,4650,Good,2.0,No,Gold,No,Yes
541,58,Male,Kathmandu,89463,8354,26,0.4,16,3.9,7,5,11789,Good,2.8,Yes,Basic,No,Yes
542,24,Female,Bhaktapur,153663,45062,26,7.4,30,58.4,0,1,9996,Good,1.9,No,Basic,Yes,Yes
543,21,Female,Chitwan,111683,31979,4,8.9,11,38.4,0,4,7447,Good,3.0,No,Silver,Yes,Yes
544,62,Male,Pokhara,82061,21900,1,0.8,22,25.8,8,4,6970,Good,4.0,Yes,Gold,Yes,Yes
545,28,Female,Chitwan,101257,14840,15,4.6,21,20.2,8,5,13757,Good,3.1,No,Silver,No,Yes
546,46,Male,Lalitpur,81753,53774,13,2.2,21,59.6,3,2,11234,Good,2.1,Yes,Basic,Yes,Yes
547,53,Female,Bhaktapur,104774,38167,8,5.8,29,38.6,1,4,7679,Good,2.0,No,Silver,Yes,Yes
548,42,Male,Bhaktapur,162159,6037,25,6.6,4,17.8,8,4,4212,Good,4.0,Yes,Basic,Yes,Yes
549,38,Male,Kathmandu,43408,29633,4,3.2,10,62.6,3,0,12647,Good,1.5,No,Premium,Yes,Yes
550,53,Male,Lalitpur,144116,25495,10,4.7,3,51.7,5,5,13221,Good,2.5,Yes,Gold,No,Yes
551,27,Male,Pokhara,151208,16848,19,2.9,26,77.6,0,7,12995,Average,1.6,No,Basic,No,No
552,54,Female,Bhaktapur,37413,37483,18,3.8,3,12.3,8,4,12920,Good,2.0,Yes,Basic,Yes,Yes
553,26,Male,Bhaktapur,133650,48645,5,1.8,2,71.1,4,4,5958,Average,1.6,Yes,Basic,No,Yes
554,41,Female,Kathmandu,79500,8837,30,8.9,25,61.3,2,0,5815,Good,4.5,No,Gold,Yes,No
555,52,Male,Butwal,104514,35069,19,0.3,23,12.1,3,7,5881,Poor,3.9,Yes,Premium,Yes,Yes
556,52,Male,Pokhara,76358,8370,26,8.8,22,63.1,0,7,9997,Good,3.2,No,Basic,Yes,Yes
557,65,Male,Chitwan,86197,55337,23,5.8,24,40.9,8,4,13156,Good,1.9,Yes,Silver,Yes,Yes
558,53,Female,Lalitpur,96240,52307,27,3.5,16,85.2,7,0,3674,Good,3.0,Yes,Premium,No,No
559,35,Male,Bhaktapur,36322,7411,22,7.3,6,14.5,3,2,13994,Good,3.1,No,Basic,No,No
560,56,Female,Bhaktapur,133053,40133,16,5.2,25,58.6,1,3,12320,Average,3.4,No,Basic,Yes,Yes
561,49,Female,Chitwan,26968,31499,1,5.1,3,35.6,8,6,6887,Good,1.2,No,Basic,Yes,Yes
562,41,Female,Pokhara,47518,31225,12,1.3,22,86.2,3,0,9473,Good,4.9,No,Basic,Yes,No
563,40,Female,Butwal,71925,49217,24,4.0,12,31.0,8,0,7267,Average,2.9,Yes,Basic,No,Yes
564,49,Female,Bhaktapur,131900,1692,2,2.6,11,86.7,9,4,1066,Good,4.7,Yes,Premium,No,Yes
565,54,Female,Pokhara,113422,29926,21,0.4,0,81.3,2,0,5122,Good,1.0,Yes,Silver,Yes,Yes
566,29,Female,Chitwan,21700,35246,25,3.7,20,25.8,6,5,4632,Good,2.0,No,Basic,No,Yes
567,30,Female,Kathmandu,113782,40164,8,1.1,18,72.7,6,1,12965,Good,1.4,No,Silver,No,Yes
568,40,Female,Butwal,43199,9448,18,2.7,20,89.6,9,1,9330,Poor,4.1,Yes,Gold,Yes,Yes
569,42,Male,Lalitpur,25520,44390,25,1.1,19,24.2,3,2,12392,Average,2.3,Yes,Silver,Yes,Yes
570,52,Male,Bhaktapur,129814,50593,16,1.2,17,40.4,1,7,7495,Average,4.4,Yes,Basic,No,Yes
571,58,Male,Pokhara,143364,11073,5,2.2,10,47.8,10,0,4667,Poor,4.3,No,Basic,Yes,Yes
572,47,Male,Kathmandu,34955,36414,26,10.0,19,28.0,8,7,11091,Good,3.7,No,Gold,Yes,Yes
573,34,Male,Lalitpur,164989,6209,30,0.2,2,3.3,3,5,3170,Good,3.7,Yes,Basic,Yes,Yes
574,37,Female,Pokhara,84925,7533,22,6.5,28,21.4,7,4,9864,Good,3.8,No,Basic,Yes,Yes
575,65,Female,Pokhara,127216,22061,13,1.6,16,26.8,1,4,10412,Average,3.7,Yes,Silver,No,Yes
576,42,Female,Lalitpur,90269,8211,19,9.2,11,41.0,7,6,8796,Average,2.5,No,Basic,Yes,No
577,39,Female,Kathmandu,61458,10927,29,1.1,9,17.1,10,3,2182,Good,3.7,No,Premium,Yes,Yes
578,30,Female,Chitwan,109037,12927,3,9.6,7,78.8,9,2,13008,Good,4.6,Yes,Silver,Yes,Yes
579,36,Female,Kathmandu,172185,52797,26,6.2,14,64.0,4,5,10541,Poor,2.3,No,Basic,No,Yes
580,53,Female,Butwal,119977,25594,8,0.2,4,9.5,6,7,9554,Good,4.8,No,Basic,Yes,Yes
581,29,Male,Bhaktapur,63939,10316,27,9.0,3,59.2,6,5,12137,Average,1.1,Yes,Silver,No,Yes
582,58,Male,Lalitpur,49345,13177,26,5.3,25,59.5,8,6,11257,Good,2.4,No,Silver,Yes,Yes
583,36,Male,Chitwan,130107,11846,26,2.8,27,86.1,2,6,8990,Good,1.5,No,Gold,No,Yes
584,29,Male,Lalitpur,141866,8933,12,7.7,20,2.3,9,4,11600,Good,1.5,No,Silver,No,Yes
585,26,Female,Lalitpur,89166,39244,2,9.3,19,23.8,3,7,12829,Average,4.3,Yes,Silver,No,Yes
586,24,Female,Kathmandu,117406,47621,11,4.9,18,83.6,9,3,1270,Good,4.7,Yes,Premium,Yes,No
587,45,Female,Bhaktapur,69298,41696,12,3.3,20,84.0,3,4,11231,Good,4.1,No,Silver,No,Yes
588,31,Male,Butwal,64942,3080,28,7.9,3,65.4,9,3,10154,Average,4.9,No,Silver,Yes,Yes
589,48,Female,Pokhara,23453,7089,18,6.9,14,69.4,4,1,4354,Average,1.9,Yes,Gold,No,Yes
590,36,Female,Pokhara,122811,57548,13,8.9,16,10.1,5,5,3618,Average,1.6,No,Gold,Yes,Yes
591,64,Female,Lalitpur,74935,27123,5,7.0,11,47.2,2,6,2632,Good,3.1,Yes,Silver,No,Yes
592,33,Male,Bhaktapur,142439,8797,22,2.6,2,22.4,3,1,10401,Poor,4.3,Yes,Gold,Yes,Yes
593,22,Female,Chitwan,28328,51013,12,9.3,9,17.9,2,7,7725,Good,1.2,No,Silver,No,Yes
594,52,Male,Kathmandu,35534,9346,2,1.2,14,73.3,1,4,1490,Good,5.0,Yes,Silver,No,No
595,29,Male,Bhaktapur,105280,20878,5,2.8,9,13.9,9,2,1210,Good,3.4,Yes,Basic,Yes,Yes
596,42,Male,Bhaktapur,56320,34672,7,5.3,23,43.2,8,0,4804,Good,4.9,No,Gold,No,No
597,38,Male,Kathmandu,69170,18653,26,5.7,22,84.6,0,2,5867,Poor,2.5,Yes,Basic,Yes,Yes
598,53,Female,Lalitpur,120546,50556,26,0.4,17,18.4,1,2,14022,Good,2.8,No,Basic,No,Yes
599,40,Male,Bhaktapur,100201,59187,24,7.8,0,88.1,7,0,538,Good,4.0,No,Premium,No,Yes
600,33,Male,Pokhara,28640,43742,12,3.7,2,89.5,6,5,1775,Average,4.2,No,Basic,No,Yes
601,56,Female,Kathmandu,156690,27140,16,4.2,20,50.9,0,1,7569,Average,1.9,Yes,Basic,Yes,Yes
602,62,Female,Chitwan,152992,2184,23,8.1,25,17.0,4,1,14614,Average,4.7,Yes,Basic,Yes,No
603,59,Male,Butwal,63937,59090,8,3.9,30,29.8,9,5,5357,Good,4.5,No,Basic,No,No
604,56,Female,Lalitpur,163279,35493,30,0.7,26,39.4,5,0,1936,Average,1.1,No,Silver,No,Yes
605,31,Male,Kathmandu,161871,45148,28,1.9,11,29.2,4,3,11685,Good,1.5,No,Basic,Yes,Yes
606,48,Male,Butwal,179988,25846,9,9.6,0,26.7,3,2,10161,Poor,3.0,Yes,Basic,Yes,Yes
607,22,Male,Butwal,90463,46825,15,0.9,2,87.6,0,4,2599,Good,2.8,No,Basic,Yes,No
608,52,Male,Chitwan,113500,23195,5,3.7,2,15.5,6,1,9065,Average,3.8,Yes,Basic,No,Yes
609,40,Female,Bhaktapur,57158,6606,13,5.1,4,66.5,8,5,8193,Good,1.4,No,Basic,No,Yes
610,46,Male,Chitwan,104607,4956,5,5.0,18,2.0,5,4,13718,Good,3.6,No,Silver,Yes,Yes
611,60,Female,Bhaktapur,139639,17555,11,0.2,28,54.5,2,6,4751,Good,3.5,Yes,Basic,Yes,Yes
612,28,Female,Bhaktapur,91696,25849,10,5.1,24,82.6,9,0,4525,Good,1.9,No,Basic,No,Yes
613,35,Female,Kathmandu,81510,19690,20,4.0,0,27.3,3,4,14353,Good,3.2,Yes,Premium,Yes,Yes
614,64,Female,Kathmandu,140076,59502,13,9.7,3,18.3,9,7,9805,Average,1.9,No,Premium,No,Yes
615,29,Male,Lalitpur,78692,49849,9,1.8,28,59.3,4,4,11418,Good,1.6,No,Basic,Yes,Yes
616,26,Female,Bhaktapur,150841,27347,21,3.7,28,64.7,0,7,11090,Average,3.3,Yes,Basic,No,Yes
617,27,Male,Butwal,35810,34189,14,4.3,25,62.5,4,2,6712,Good,4.9,No,Silver,No,No
618,61,Female,Pokhara,156198,39308,18,4.0,25,30.1,0,0,3734,Good,1.9,No,Silver,Yes,Yes
619,34,Female,Lalitpur,131718,26785,15,6.7,3,24.2,8,4,9957,Average,2.4,No,Premium,Yes,Yes
620,55,Male,Kathmandu,110932,50056,10,2.3,16,86.1,6,1,8162,Average,2.0,Yes,Silver,No,Yes
621,24,Male,Chitwan,20192,33698,24,2.4,13,83.3,2,0,8050,Good,2.1,No,Silver,Yes,Yes
622,63,Male,Lalitpur,56413,16966,7,7.3,17,42.2,8,1,3623,Good,2.6,Yes,Premium,No,No
623,30,Female,Lalitpur,163888,32097,8,5.1,26,76.5,1,5,1153,Average,3.8,No,Silver,Yes,No
624,57,Female,Lalitpur,59082,16882,28,4.3,0,41.8,6,5,4658,Good,1.2,No,Basic,No,Yes
625,59,Male,Lalitpur,85048,5675,3,1.9,21,39.3,8,6,9200,Good,4.8,Yes,Silver,Yes,Yes
626,26,Male,Pokhara,143130,42850,15,2.0,15,15.8,5,3,11031,Average,1.2,Yes,Basic,Yes,Yes
627,44,Male,Chitwan,70940,14009,16,0.3,2,39.5,9,5,11854,Good,4.5,No,Basic,Yes,Yes
628,19,Male,Chitwan,60142,28843,4,1.1,22,49.3,4,4,10379,Good,4.6,No,Gold,No,No
629,22,Female,Chitwan,56468,30793,21,5.7,20,4.0,6,0,6043,Poor,3.1,No,Basic,No,Yes
630,46,Male,Bhaktapur,161727,40516,6,8.9,8,41.1,5,5,14480,Average,1.5,Yes,Basic,Yes,Yes
631,54,Male,Butwal,160431,39871,1,3.0,22,70.8,4,1,10080,Good,3.3,No,Premium,Yes,No
632,55,Male,Chitwan,149048,18857,4,3.4,3,61.8,1,4,2697,Good,3.5,Yes,Silver,Yes,Yes
633,36,Male,Lalitpur,62056,20627,11,1.3,20,57.9,7,5,4411,Good,4.4,No,Basic,Yes,Yes
634,25,Female,Lalitpur,71831,19565,12,4.0,4,82.0,6,7,14082,Average,3.2,No,Basic,No,Yes
635,65,Male,Chitwan,79191,27025,26,0.6,10,3.6,5,7,11620,Average,2.6,No,Basic,Yes,Yes
636,62,Female,Chitwan,141948,53248,29,9.2,30,51.0,4,2,14392,Good,4.4,Yes,Basic,No,No
637,18,Male,Lalitpur,128117,56798,5,6.8,20,71.3,4,1,5735,Good,4.9,No,Gold,No,Yes
638,39,Male,Bhaktapur,34671,28832,23,9.9,25,49.6,8,6,5299,Good,3.6,No,Basic,No,No
639,34,Female,Kathmandu,47048,45116,29,8.9,8,30.5,0,6,9207,Good,4.5,No,Silver,No,Yes
640,24,Male,Kathmandu,45963,10782,21,4.8,25,14.0,8,6,12350,Average,3.4,Yes,Basic,Yes,Yes
641,42,Female,Chitwan,63954,39650,16,5.3,2,80.1,5,1,14725,Good,3.8,No,Premium,Yes,No
642,62,Female,Pokhara,115430,23366,13,2.1,5,43.4,3,6,10525,Good,3.8,No,Silver,No,Yes
643,21,Male,Chitwan,20717,29557,13,4.7,23,79.3,9,3,5860,Good,3.8,Yes,Premium,Yes,Yes
644,53,Female,Chitwan,31676,6798,17,9.0,10,53.6,6,2,8721,Good,2.3,Yes,Silver,Yes,Yes
645,23,Female,Kathmandu,155506,10627,27,0.7,8,61.3,8,3,11906,Good,3.3,Yes,Gold,No,Yes
646,48,Female,Lalitpur,138696,42183,7,8.7,28,72.8,4,7,825,Good,3.4,Yes,Gold,No,Yes
647,36,Female,Chitwan,150830,58563,8,3.5,14,60.0,4,5,4266,Average,2.3,Yes,Gold,Yes,Yes
648,61,Female,Lalitpur,24994,13466,13,9.0,22,37.0,7,2,4611,Poor,2.4,No,Basic,No,Yes
649,56,Female,Lalitpur,24234,43614,23,9.4,27,47.2,6,1,8802,Poor,4.0,No,Basic,Yes,Yes
650,44,Female,Pokhara,89300,13720,27,6.8,2,72.7,7,3,7515,Good,3.3,No,Basic,No,Yes
651,27,Female,Lalitpur,63949,58608,16,6.7,0,34.9,10,4,7356,Average,1.6,Yes,Basic,Yes,Yes
652,43,Male,Kathmandu,57405,42913,30,4.6,19,36.2,9,2,606,Poor,4.4,No,Gold,No,Yes
653,36,Male,Bhaktapur,54872,38292,29,8.4,28,10.4,1,1,2926,Good,4.5,No,Silver,No,No
654,56,Female,Bhaktapur,62215,7559,4,9.6,21,82.5,8,0,14997,Good,2.9,Yes,Silver,Yes,Yes
655,20,Male,Butwal,43185,41388,8,7.8,18,10.0,2,2,4878,Good,1.8,Yes,Basic,No,Yes
656,62,Female,Chitwan,61153,20158,16,6.3,13,59.0,5,2,4864,Good,4.8,No,Basic,No,Yes
657,30,Female,Kathmandu,97535,31916,21,6.1,16,38.4,5,5,3031,Average,4.5,No,Basic,No,No
658,45,Male,Lalitpur,153653,23057,10,8.5,21,37.7,1,4,7310,Good,2.0,No,Silver,Yes,Yes
659,37,Female,Bhaktapur,71717,36892,25,5.5,13,61.8,6,5,11836,Good,1.4,No,Gold,No,Yes
660,45,Female,Kathmandu,22763,42439,12,8.1,16,7.9,8,6,5816,Good,2.8,Yes,Basic,No,Yes
661,25,Female,Bhaktapur,112910,12706,12,5.2,24,54.2,9,2,5862,Good,3.7,No,Gold,Yes,No
662,58,Female,Lalitpur,75480,51505,26,0.8,26,69.9,10,7,5193,Good,1.7,Yes,Silver,No,Yes
663,56,Male,Bhaktapur,138094,13070,5,4.0,13,74.9,0,2,9490,Good,3.1,Yes,Premium,Yes,Yes
664,18,Female,Chitwan,176379,59233,16,4.6,11,17.0,7,6,14070,Good,2.7,Yes,Basic,Yes,Yes
665,20,Female,Chitwan,31064,54006,1,1.6,15,81.0,1,4,5768,Average,4.6,Yes,Silver,Yes,Yes
666,30,Female,Butwal,96848,41902,28,1.2,0,59.7,0,4,14678,Average,2.7,No,Basic,No,Yes
667,45,Male,Butwal,57548,1924,9,5.4,12,79.6,7,7,11129,Average,3.1,No,Basic,No,Yes
668,42,Female,Bhaktapur,26476,52322,12,1.0,5,44.7,1,7,2511,Average,4.8,No,Silver,Yes,Yes
669,50,Male,Kathmandu,110101,27478,5,3.2,16,49.7,5,3,925,Average,2.2,Yes,Gold,No,Yes
670,55,Male,Chitwan,22382,6506,22,7.5,11,82.9,5,1,3544,Average,2.2,No,Basic,Yes,Yes
671,23,Female,Kathmandu,178018,47418,20,9.7,22,81.2,4,1,14513,Average,4.2,No,Basic,No,No
672,61,Female,Kathmandu,99698,36163,22,7.2,18,41.4,7,3,11980,Average,2.1,No,Silver,Yes,Yes
673,62,Male,Bhaktapur,173407,25604,28,9.9,5,26.1,2,1,11606,Good,4.3,No,Silver,No,Yes
674,49,Female,Kathmandu,65095,16310,24,7.0,6,36.6,9,2,6729,Good,1.4,No,Silver,No,Yes
675,62,Male,Chitwan,149974,9226,3,3.1,0,36.1,3,3,1739,Average,1.4,Yes,Gold,No,Yes
676,64,Male,Lalitpur,47197,12781,5,6.8,0,27.2,6,3,7066,Good,4.6,No,Silver,Yes,No
677,38,Female,Butwal,147619,6515,2,7.1,28,25.6,6,1,3891,Good,3.2,No,Gold,Yes,Yes
678,33,Female,Lalitpur,42010,52822,14,3.8,4,77.8,7,0,4713,Good,3.9,No,Gold,Yes,Yes
679,38,Male,Kathmandu,175195,37133,2,0.4,5,8.1,1,7,4497,Good,1.9,No,Gold,No,Yes
680,28,Male,Lalitpur,107923,17972,13,7.1,30,61.6,10,1,3506,Poor,1.7,Yes,Silver,Yes,Yes
681,54,Male,Chitwan,153962,33092,7,0.4,15,17.2,1,5,7525,Good,4.3,No,Basic,No,Yes
682,53,Male,Chitwan,150526,12410,10,6.4,30,32.3,3,0,3539,Good,2.4,No,Basic,Yes,Yes
683,52,Female,Kathmandu,129162,20522,13,1.8,24,7.4,9,3,7058,Good,2.8,No,Premium,Yes,Yes
684,36,Female,Bhaktapur,140927,10095,16,5.7,15,25.8,8,0,9290,Average,1.1,Yes,Basic,Yes,Yes
685,37,Female,Lalitpur,28026,24047,26,5.1,13,69.6,9,2,10779,Good,2.5,No,Silver,No,Yes
686,35,Female,Bhaktapur,84925,21470,14,0.3,0,79.9,8,4,1684,Average,4.1,Yes,Gold,No,Yes
687,64,Female,Bhaktapur,88842,44129,11,3.8,12,21.5,3,0,11442,Average,4.3,No,Silver,No,No
688,58,Male,Pokhara,53665,9531,10,6.1,19,42.8,8,5,3084,Good,3.8,No,Silver,No,Yes
689,31,Female,Kathmandu,29277,38038,6,8.5,9,43.4,2,4,13451,Good,3.8,Yes,Basic,Yes,Yes
690,32,Female,Butwal,68008,23403,4,8.9,23,78.9,4,2,14930,Good,3.0,Yes,Silver,No,Yes
691,48,Female,Chitwan,34683,43674,21,4.9,9,69.1,9,5,12205,Average,3.2,Yes,Basic,Yes,Yes
692,18,Female,Chitwan,151742,30122,1,7.3,8,47.2,8,6,8602,Average,4.0,No,Premium,No,Yes
693,20,Female,Kathmandu,168961,17940,7,3.3,30,61.0,5,4,14369,Good,2.0,No,Gold,Yes,Yes
694,33,Male,Butwal,98542,30831,24,3.6,12,76.6,2,6,7616,Good,1.9,No,Gold,No,Yes
695,40,Male,Chitwan,74319,58174,9,2.1,2,2.8,9,2,13437,Good,4.8,Yes,Silver,Yes,Yes
696,28,Male,Kathmandu,112067,12279,8,5.7,26,37.5,8,4,12746,Average,1.1,No,Basic,Yes,Yes
697,29,Female,Chitwan,172711,39220,5,3.3,17,81.8,5,4,14277,Good,1.6,No,Basic,Yes,Yes
698,27,Male,Bhaktapur,167705,53719,19,1.0,19,67.1,3,1,4883,Good,3.3,Yes,Basic,Yes,Yes
699,49,Male,Lalitpur,88975,54051,10,6.9,1,49.8,3,5,4436,Good,4.0,No,Silver,Yes,No
700,33,Female,Lalitpur,121158,7477,11,7.1,16,48.6,7,7,2199,Average,3.2,Yes,Silver,No,Yes
701,25,Female,Chitwan,31577,57652,25,3.7,27,32.6,6,5,5007,Average,2.4,No,Silver,No,Yes
702,55,Female,Pokhara,97299,18400,15,1.0,18,47.8,0,0,11267,Good,4.9,Yes,Silver,Yes,No
703,29,Male,Butwal,40176,7470,6,4.4,22,59.7,5,6,13829,Average,3.8,Yes,Premium,Yes,Yes
704,41,Male,Butwal,83972,3062,15,4.5,12,38.8,7,6,635,Good,4.3,No,Basic,Yes,Yes
705,45,Female,Butwal,140018,42798,5,6.8,12,64.8,2,5,2525,Poor,1.2,No,Silver,No,Yes
706,25,Female,Bhaktapur,39996,59981,29,3.3,0,77.8,8,5,4035,Good,1.9,Yes,Basic,Yes,Yes
707,45,Male,Butwal,120922,54473,19,6.9,1,15.6,9,4,5354,Average,2.5,No,Silver,Yes,Yes
708,53,Male,Lalitpur,106598,20880,22,8.7,0,41.7,1,6,5867,Good,1.7,No,Basic,Yes,Yes
709,43,Female,Bhaktapur,55931,35581,19,2.5,23,37.9,5,3,3390,Good,1.3,Yes,Silver,Yes,Yes
710,25,Female,Kathmandu,144168,45439,10,9.8,4,62.5,0,7,3257,Average,1.9,No,Basic,Yes,Yes
711,45,Male,Butwal,143099,56408,12,4.0,23,24.0,10,1,13812,Good,3.1,No,Basic,Yes,Yes
712,45,Female,Butwal,54693,15308,22,2.8,2,58.3,1,7,4273,Good,3.8,No,Gold,Yes,Yes
713,54,Male,Kathmandu,128944,27027,4,4.3,28,79.2,4,0,9072,Good,4.1,Yes,Basic,Yes,Yes
714,58,Male,Butwal,37374,31720,18,1.1,27,38.8,0,7,7152,Good,1.2,No,Silver,Yes,Yes
715,53,Male,Kathmandu,101471,36081,16,1.4,6,82.2,7,1,2028,Good,2.7,No,Silver,No,Yes
716,44,Male,Bhaktapur,65913,10706,8,4.3,23,89.4,0,0,13593,Good,1.5,No,Silver,Yes,Yes
717,34,Female,Lalitpur,143683,51383,4,7.7,30,11.3,8,2,5071,Average,2.7,Yes,Gold,Yes,Yes
718,26,Female,Kathmandu,64516,10837,25,9.0,21,22.5,9,4,12320,Average,2.7,No,Silver,Yes,Yes
719,50,Male,Pokhara,107796,39599,23,6.7,12,85.6,10,5,5549,Good,3.0,Yes,Basic,No,Yes
720,37,Male,Kathmandu,46069,53151,12,1.2,28,86.3,2,5,1348,Good,4.6,No,Basic,No,Yes
721,30,Male,Butwal,138333,53592,2,6.8,22,10.6,1,3,13684,Poor,4.2,No,Gold,No,Yes
722,45,Male,Bhaktapur,104811,37824,4,6.4,29,3.3,0,7,4627,Good,3.5,Yes,Silver,Yes,Yes
723,65,Male,Chitwan,138028,34073,5,8.1,27,16.2,8,6,10619,Good,4.5,Yes,Premium,Yes,Yes
724,46,Female,Bhaktapur,59178,48115,3,8.3,17,89.6,3,6,10857,Average,3.7,No,Silver,Yes,No
725,30,Female,Chitwan,52821,33088,9,8.7,23,17.8,0,1,7851,Average,4.3,No,Gold,Yes,No
726,63,Female,Kathmandu,36999,29112,29,4.3,20,46.2,0,1,12978,Good,3.3,Yes,Premium,No,Yes
727,52,Female,Lalitpur,58712,27299,21,7.0,6,76.7,6,1,6366,Good,3.1,No,Gold,No,Yes
728,23,Male,Pokhara,53722,35457,18,2.8,0,3.8,1,6,6369,Good,3.9,No,Silver,No,Yes
729,35,Male,Bhaktapur,30625,59861,11,10.0,4,55.2,6,5,2621,Poor,1.1,No,Silver,Yes,Yes
730,22,Male,Butwal,26859,31063,3,1.9,16,26.4,6,6,13410,Good,3.8,No,Silver,Yes,Yes
731,64,Male,Chitwan,130986,4917,30,0.3,27,77.9,9,1,13914,Poor,4.7,Yes,Silver,Yes,Yes
732,42,Male,Butwal,41839,57232,25,1.7,28,26.9,8,4,11610,Good,3.9,No,Basic,Yes,No
733,19,Female,Lalitpur,47216,58763,23,7.8,7,62.4,6,0,5181,Good,1.1,Yes,Gold,No,Yes
734,27,Male,Chitwan,72953,3936,2,4.6,14,61.3,0,5,972,Good,2.5,Yes,Basic,Yes,Yes
735,47,Female,Bhaktapur,69522,37630,9,4.6,19,21.5,7,4,2287,Average,4.2,Yes,Basic,No,Yes
736,62,Female,Kathmandu,155958,15506,14,9.6,3,5.1,7,2,613,Good,4.8,No,Silver,Yes,Yes
737,22,Female,Butwal,131249,29805,4,9.2,1,38.0,3,7,14190,Good,2.5,No,Basic,Yes,Yes
738,50,Female,Lalitpur,27485,15318,29,3.2,4,27.4,7,4,10028,Average,4.4,Yes,Gold,Yes,Yes
739,18,Male,Bhaktapur,167839,49068,9,2.2,0,73.2,3,7,6973,Poor,4.5,No,Gold,No,Yes
740,35,Female,Bhaktapur,132701,27026,13,8.5,24,72.4,7,4,9030,Good,1.5,No,Premium,Yes,Yes
741,49,Female,Bhaktapur,179525,28672,18,9.1,4,42.2,4,2,2785,Good,4.4,No,Gold,Yes,No
742,64,Female,Bhaktapur,122638,39417,15,5.5,5,55.4,3,4,1696,Average,2.3,No,Silver,Yes,Yes
743,28,Male,Chitwan,32226,53413,28,6.4,1,55.2,5,0,578,Average,3.4,Yes,Silver,Yes,Yes
744,38,Male,Bhaktapur,113405,59508,10,2.7,25,74.8,1,5,5059,Good,3.2,Yes,Silver,Yes,Yes
745,43,Male,Butwal,42588,51971,16,8.0,25,39.4,1,7,6517,Poor,3.7,No,Basic,Yes,Yes
746,42,Female,Lalitpur,57019,28281,12,6.4,0,26.2,1,3,3152,Good,4.0,No,Basic,No,Yes
747,39,Female,Chitwan,85133,49442,20,5.1,3,25.3,8,6,14775,Average,2.8,Yes,Gold,No,Yes
748,44,Male,Bhaktapur,134444,29091,5,0.8,6,49.2,9,2,13349,Good,4.6,No,Basic,Yes,Yes
749,30,Female,Pokhara,137603,51494,2,9.2,21,41.5,2,7,13072,Good,4.2,No,Basic,No,Yes
750,50,Male,Pokhara,178598,39328,10,6.2,25,40.7,9,5,4818,Good,4.1,No,Gold,Yes,No
751,51,Male,Lalitpur,148585,49219,1,2.1,0,10.0,3,1,11332,Average,2.8,Yes,Basic,No,Yes
752,58,Female,Kathmandu,63395,19610,7,6.1,0,65.2,9,7,5885,Poor,1.2,No,Basic,Yes,Yes
753,52,Female,Kathmandu,175103,2079,26,6.8,7,20.8,7,0,14478,Good,3.0,No,Basic,Yes,Yes
754,18,Female,Chitwan,145814,30850,17,5.4,19,19.3,3,3,9948,Good,4.6,Yes,Gold,Yes,No
755,38,Female,Chitwan,132599,47751,16,7.2,15,38.3,10,0,7554,Good,1.8,Yes,Silver,No,Yes
756,65,Male,Chitwan,45939,21590,27,5.9,20,22.0,9,7,1327,Poor,4.9,No,Gold,Yes,Yes
757,23,Male,Kathmandu,171396,56432,27,9.5,12,53.4,9,0,11410,Poor,4.2,No,Basic,Yes,Yes
758,45,Male,Pokhara,173939,31951,24,0.7,22,34.7,6,1,5423,Average,3.8,Yes,Gold,Yes,No
759,34,Male,Kathmandu,20203,16327,3,1.2,23,41.5,4,3,11502,Good,3.7,Yes,Silver,Yes,Yes
760,22,Male,Butwal,167616,13755,14,1.9,30,49.3,8,6,3885,Poor,3.3,Yes,Silver,No,Yes
761,48,Female,Bhaktapur,166971,8235,10,7.0,25,19.9,3,0,6556,Good,3.9,Yes,Silver,No,No
762,22,Male,Chitwan,49063,18197,22,6.5,22,15.7,2,1,2465,Good,2.7,Yes,Silver,No,No
763,55,Male,Pokhara,110880,22473,7,8.9,17,79.5,1,2,2927,Good,4.4,No,Silver,Yes,No
764,20,Male,Lalitpur,23748,3031,26,7.4,29,40.2,0,1,3341,Good,3.8,No,Silver,Yes,No
765,40,Female,Lalitpur,137269,42282,17,5.2,30,38.3,10,4,9305,Average,4.1,No,Basic,No,No
766,54,Female,Bhaktapur,100764,42863,30,9.9,19,5.1,5,7,9254,Average,4.2,Yes,Silver,No,Yes
767,54,Female,Pokhara,171956,59885,6,2.8,9,45.8,9,5,7063,Good,1.4,Yes,Silver,Yes,Yes
768,27,Female,Kathmandu,176255,15287,23,8.4,11,50.8,1,7,14887,Good,1.2,Yes,Silver,No,Yes
769,27,Male,Kathmandu,128036,39679,22,4.4,0,51.2,7,7,6340,Good,4.2,Yes,Silver,No,No
770,36,Male,Butwal,170331,45463,4,6.6,9,64.2,5,1,8310,Good,2.0,Yes,Premium,Yes,Yes
771,34,Female,Butwal,136525,33230,17,7.3,8,17.6,4,1,14593,Good,3.3,Yes,Gold,No,Yes
772,38,Female,Kathmandu,105679,20037,27,6.4,2,24.2,1,1,6564,Good,2.8,No,Silver,Yes,Yes
773,31,Male,Lalitpur,145829,28052,9,1.6,27,73.3,6,7,7644,Average,1.1,Yes,Gold,No,Yes
774,26,Male,Chitwan,148216,4340,4,4.5,18,85.4,1,6,13518,Average,1.2,No,Basic,Yes,Yes
775,63,Female,Lalitpur,153175,41644,7,5.7,25,14.0,4,0,4852,Poor,4.3,Yes,Gold,Yes,Yes
776,18,Female,Butwal,85901,49664,23,8.5,8,45.8,1,6,684,Poor,3.4,Yes,Silver,Yes,Yes
777,62,Female,Bhaktapur,167175,46203,2,4.5,9,20.8,10,3,10884,Average,3.1,No,Basic,No,Yes
778,30,Female,Kathmandu,118046,2141,17,9.2,18,7.3,9,1,14819,Good,4.8,Yes,Basic,No,No
779,21,Male,Butwal,110012,26425,24,4.5,15,30.6,10,1,6309,Average,1.7,Yes,Basic,Yes,Yes
780,18,Male,Butwal,98278,58710,8,5.6,23,14.6,10,4,4565,Good,2.0,No,Basic,No,Yes
781,57,Male,Chitwan,32391,20281,23,8.0,17,64.5,1,4,7681,Average,4.0,No,Basic,No,No
782,49,Female,Kathmandu,122476,43049,30,5.9,13,49.0,6,2,8937,Good,4.1,Yes,Basic,Yes,Yes
783,51,Female,Chitwan,179973,21425,15,9.6,28,14.7,8,2,12778,Average,2.6,Yes,Gold,Yes,No
784,45,Male,Kathmandu,140721,35806,15,6.7,2,2.8,4,4,10926,Good,4.8,No,Basic,No,Yes
785,48,Male,Chitwan,117537,33113,8,5.3,1,73.1,6,3,8004,Good,4.8,No,Silver,Yes,No
786,25,Male,Lalitpur,101159,5270,16,0.4,0,17.5,3,2,7926,Good,1.0,No,Gold,Yes,Yes
787,56,Male,Bhaktapur,151040,43814,19,4.3,17,55.3,1,5,9557,Good,1.7,Yes,Basic,No,Yes
788,43,Female,Bhaktapur,55503,5683,11,3.1,23,31.6,2,5,2587,Poor,4.3,No,Gold,Yes,No
789,51,Male,Kathmandu,95403,50646,2,7.5,8,53.5,1,3,1100,Good,2.3,Yes,Silver,Yes,Yes
790,20,Male,Pokhara,84286,40884,23,2.2,12,29.8,4,4,8304,Good,1.4,Yes,Basic,Yes,Yes
791,29,Male,Butwal,94842,30809,24,2.2,1,9.7,5,2,13749,Poor,4.1,No,Basic,No,Yes
792,18,Male,Butwal,124927,35552,17,2.1,6,21.6,6,1,6037,Average,2.8,Yes,Basic,No,Yes
793,61,Male,Kathmandu,34908,53662,28,1.4,15,18.5,2,4,3533,Good,3.0,No,Basic,No,Yes
794,22,Male,Chitwan,57228,4786,26,3.2,30,39.7,3,2,2556,Good,1.7,No,Basic,Yes,Yes
795,47,Male,Pokhara,43386,22650,16,8.9,20,59.9,7,3,10823,Good,3.6,No,Basic,No,No
796,47,Female,Lalitpur,48302,29706,25,7.8,18,25.2,3,5,9224,Average,3.2,Yes,Basic,No,Yes
797,34,Female,Chitwan,80815,10190,15,7.4,24,3.1,6,7,5584,Average,1.8,Yes,Silver,Yes,Yes
798,65,Female,Chitwan,83344,39196,13,8.0,14,47.7,5,3,2542,Poor,2.4,Yes,Basic,Yes,Yes
799,64,Female,Kathmandu,131603,40449,15,2.8,21,55.3,6,7,8460,Good,3.4,Yes,Gold,No,Yes
800,40,Male,Kathmandu,81114,40661,27,8.9,10,86.7,0,2,857,Good,4.7,No,Basic,Yes,No
801,32,Female,Butwal,45525,30709,4,1.5,0,53.9,2,3,877,Good,4.7,Yes,Gold,Yes,Yes
802,54,Female,Kathmandu,99818,46429,16,3.5,20,43.5,5,2,10911,Average,2.2,Yes,Basic,Yes,Yes
803,38,Male,Kathmandu,134589,15892,30,6.0,6,52.5,2,2,13836,Good,3.9,Yes,Gold,Yes,Yes
804,31,Male,Kathmandu,165406,10643,12,1.2,19,83.7,6,7,4988,Good,4.1,Yes,Basic,Yes,Yes
805,19,Female,Butwal,114715,10943,30,7.4,7,74.9,8,3,13914,Good,4.2,No,Silver,Yes,Yes
806,28,Female,Lalitpur,26644,44240,4,4.0,9,30.4,2,0,5297,Good,3.3,No,Basic,No,Yes
807,56,Male,Lalitpur,121154,46760,3,7.9,4,22.9,0,1,3807,Average,1.0,No,Silver,Yes,Yes
808,55,Female,Kathmandu,63469,22042,22,5.0,8,25.1,9,4,14221,Good,4.0,No,Basic,No,Yes
809,51,Male,Butwal,126609,57234,17,2.0,24,46.4,5,5,3096,Good,1.4,No,Silver,Yes,Yes
810,55,Male,Lalitpur,168447,44894,22,7.4,24,67.5,0,1,1283,Good,1.5,Yes,Basic,No,Yes
811,51,Male,Chitwan,85206,7869,18,2.7,0,46.3,0,4,6424,Average,3.4,Yes,Silver,Yes,Yes
812,35,Male,Lalitpur,116462,57759,25,5.0,1,8.0,7,4,2879,Good,4.9,No,Basic,No,Yes
813,47,Female,Lalitpur,103178,41437,18,0.9,18,65.7,8,5,8331,Good,2.0,Yes,Basic,No,Yes
814,32,Male,Butwal,175065,45306,23,6.3,13,72.9,1,1,12295,Good,3.6,Yes,Silver,No,No
815,44,Male,Chitwan,106724,43833,28,6.7,19,27.5,8,5,9674,Good,2.2,No,Premium,Yes,Yes
816,51,Female,Butwal,116393,56371,17,3.9,9,60.4,4,2,12634,Average,4.6,Yes,Silver,No,No
817,55,Male,Kathmandu,147314,21918,12,9.6,8,39.5,7,5,11282,Good,3.4,No,Gold,Yes,Yes
818,50,Female,Bhaktapur,96312,29379,23,8.8,9,80.2,6,7,9734,Poor,1.8,No,Silver,Yes,Yes
819,41,Female,Lalitpur,95324,56131,21,7.1,28,76.4,6,7,5767,Good,2.0,Yes,Silver,Yes,Yes
820,32,Female,Bhaktapur,91196,43939,24,7.2,5,48.2,3,3,8138,Poor,2.7,Yes,Basic,No,Yes
821,47,Male,Butwal,90014,26274,4,2.7,16,62.9,1,0,3038,Average,1.5,No,Basic,Yes,Yes
822,59,Female,Butwal,159282,18696,12,6.6,27,79.7,4,0,1361,Good,1.3,Yes,Premium,No,Yes
823,34,Female,Butwal,161994,3962,26,2.1,24,45.6,10,0,2376,Average,3.7,Yes,Silver,Yes,Yes
824,22,Male,Bhaktapur,53340,14851,23,1.6,5,29.6,10,1,10527,Good,2.6,No,Silver,Yes,Yes
825,46,Female,Butwal,59850,53090,22,10.0,3,68.3,2,7,14486,Good,3.9,No,Silver,No,Yes
826,21,Female,Kathmandu,133711,46747,21,6.3,29,21.4,8,1,12900,Good,1.4,Yes,Silver,Yes,Yes
827,27,Female,Butwal,31094,53349,20,4.4,19,36.2,5,2,4026,Good,3.4,Yes,Silver,No,Yes
828,34,Female,Pokhara,107959,6296,15,3.0,2,78.2,0,6,10377,Average,2.8,No,Silver,No,Yes
829,27,Female,Bhaktapur,25741,57356,23,6.1,22,65.7,2,0,12093,Good,1.2,Yes,Basic,Yes,No
830,34,Male,Pokhara,131585,15745,28,0.7,18,37.5,3,2,2122,Average,3.2,Yes,Silver,No,Yes
831,37,Female,Butwal,142564,6730,16,1.1,17,20.9,8,7,6018,Good,1.3,Yes,Silver,Yes,Yes
832,41,Female,Kathmandu,88798,14921,5,0.5,25,33.3,10,6,13649,Good,4.3,Yes,Premium,Yes,Yes
833,22,Male,Lalitpur,136026,33894,21,5.1,23,27.0,5,0,3157,Poor,3.5,No,Silver,Yes,Yes
834,51,Male,Chitwan,130130,6602,15,6.1,3,17.5,3,1,2432,Average,3.2,No,Silver,Yes,Yes
835,23,Male,Chitwan,42164,18575,17,0.8,7,67.4,0,6,9199,Average,1.5,Yes,Basic,No,Yes
836,19,Female,Butwal,50257,20023,18,7.3,16,24.2,7,3,14455,Average,2.1,Yes,Basic,No,Yes
837,30,Male,Kathmandu,165283,46349,5,2.5,30,42.0,10,3,13253,Poor,3.0,Yes,Premium,No,Yes
838,60,Female,Bhaktapur,115989,16997,13,6.9,4,36.0,1,3,3978,Good,3.5,No,Gold,No,Yes
839,60,Female,Pokhara,156304,18750,19,9.8,12,88.4,10,5,3156,Average,1.7,Yes,Basic,Yes,Yes
840,65,Male,Pokhara,72691,42979,30,7.0,24,36.4,10,3,9813,Good,1.0,Yes,Silver,No,Yes
841,28,Male,Pokhara,99768,23837,13,8.9,0,9.0,7,4,789,Good,2.4,No,Basic,No,Yes
842,64,Female,Bhaktapur,176685,15997,18,9.5,26,9.9,5,0,7511,Good,2.9,Yes,Gold,Yes,Yes
843,40,Male,Chitwan,34026,40439,14,5.0,12,54.0,7,3,6358,Good,1.7,No,Basic,No,Yes
844,33,Female,Kathmandu,50908,24067,30,7.1,3,54.7,5,6,7823,Good,3.0,Yes,Gold,No,Yes
845,48,Male,Bhaktapur,39610,46039,4,8.5,21,38.9,4,7,3329,Poor,2.4,Yes,Silver,Yes,Yes
846,28,Male,Pokhara,83185,21923,4,3.7,25,40.0,4,4,10901,Average,2.8,No,Basic,Yes,Yes
847,33,Male,Butwal,92567,9876,20,2.8,23,6.7,9,4,6462,Good,2.4,Yes,Gold,Yes,Yes
848,25,Female,Lalitpur,56182,3887,20,9.5,13,47.5,9,4,5312,Good,3.5,Yes,Premium,Yes,No
849,21,Male,Bhaktapur,136136,43422,19,7.3,2,46.4,10,2,7764,Good,1.2,Yes,Basic,No,Yes
850,57,Female,Bhaktapur,151642,37854,13,2.4,4,15.2,7,6,10092,Good,1.7,No,Gold,No,Yes
851,21,Female,Kathmandu,39288,52413,12,4.6,6,11.1,6,2,9258,Average,2.7,Yes,Gold,No,Yes
852,42,Female,Kathmandu,98824,37948,7,8.0,0,12.9,7,4,1973,Good,2.4,No,Gold,No,Yes
853,20,Female,Bhaktapur,104425,3841,25,5.6,30,10.9,7,5,13781,Good,2.6,No,Premium,No,Yes
854,49,Male,Pokhara,20917,29756,12,6.6,22,55.7,6,3,13928,Poor,4.2,No,Silver,No,No
855,20,Female,Lalitpur,95602,7040,21,7.6,28,19.3,1,7,2487,Average,4.5,No,Gold,Yes,Yes
856,44,Female,Kathmandu,84575,53712,4,6.3,11,24.1,10,0,12479,Average,2.0,Yes,Gold,Yes,Yes
857,46,Male,Pokhara,92518,11304,27,5.5,10,17.3,8,6,12557,Average,4.3,Yes,Silver,Yes,Yes
858,49,Female,Butwal,59104,31341,2,7.5,23,86.3,6,5,8173,Good,2.8,Yes,Silver,Yes,Yes
859,36,Male,Kathmandu,169134,5758,2,7.3,7,77.2,10,1,3760,Good,2.1,Yes,Basic,No,Yes
860,38,Female,Pokhara,36999,18010,5,6.4,24,22.3,5,2,12239,Average,4.9,Yes,Gold,Yes,Yes
861,22,Male,Pokhara,161013,32658,23,3.7,5,30.8,8,3,7990,Average,4.3,Yes,Gold,No,Yes
862,35,Female,Lalitpur,81169,50002,10,4.2,27,20.5,0,3,7239,Good,5.0,No,Silver,No,Yes
863,45,Male,Lalitpur,174542,38782,10,9.7,21,45.3,10,1,14781,Good,1.7,No,Silver,Yes,Yes
864,59,Female,Butwal,149744,2375,9,1.3,1,3.7,1,1,3751,Average,1.6,Yes,Basic,Yes,Yes
865,39,Female,Pokhara,130684,34949,13,2.8,18,61.1,0,6,6405,Good,3.0,Yes,Basic,Yes,Yes
866,38,Male,Chitwan,79821,23092,7,5.0,19,48.0,9,3,5800,Good,3.6,Yes,Silver,Yes,Yes
867,23,Male,Pokhara,155601,1490,5,8.4,19,81.1,2,1,5554,Good,1.7,Yes,Silver,No,Yes
868,18,Male,Lalitpur,32192,4729,26,1.8,23,16.5,10,3,2216,Good,4.4,Yes,Gold,Yes,Yes
869,22,Male,Chitwan,94102,6974,10,2.9,13,72.8,4,5,9704,Good,3.1,No,Silver,Yes,Yes
870,58,Female,Kathmandu,134894,53686,10,0.8,0,71.7,0,6,14606,Good,2.6,Yes,Premium,Yes,Yes
871,29,Female,Kathmandu,106795,20680,6,7.1,9,13.2,3,7,1810,Average,3.4,Yes,Basic,Yes,Yes
872,43,Male,Bhaktapur,86677,19324,27,2.5,15,37.1,7,1,13262,Good,3.5,Yes,Premium,Yes,Yes
873,63,Female,Lalitpur,155699,32334,28,4.0,29,17.0,5,5,1117,Good,1.2,No,Basic,No,Yes
874,51,Male,Bhaktapur,154327,22398,19,4.5,3,24.4,0,5,13428,Good,5.0,No,Silver,Yes,Yes
875,31,Male,Chitwan,156285,35650,21,8.9,26,25.2,0,1,4757,Poor,2.5,No,Silver,No,Yes
876,43,Female,Lalitpur,122412,22292,8,4.2,27,50.9,2,6,6599,Good,1.2,Yes,Silver,No,Yes
877,62,Female,Butwal,39404,36755,1,1.6,28,38.2,9,3,10674,Good,4.4,Yes,Basic,No,Yes
878,44,Female,Pokhara,136545,39353,28,5.3,10,85.4,7,7,10920,Average,5.0,Yes,Basic,Yes,No
879,26,Female,Butwal,176452,4159,17,9.6,15,13.1,10,4,13512,Good,4.3,Yes,Gold,Yes,Yes
880,43,Female,Chitwan,170245,33626,7,6.2,26,87.7,10,3,968,Good,4.4,No,Silver,Yes,Yes
881,64,Female,Lalitpur,43989,30351,14,9.8,19,22.3,7,0,6405,Good,3.5,Yes,Premium,Yes,No
882,39,Female,Chitwan,128106,38298,21,8.4,0,70.0,2,1,12808,Poor,4.7,Yes,Basic,No,Yes
883,64,Male,Pokhara,44519,18065,30,0.6,15,31.8,6,2,13047,Poor,1.1,No,Premium,Yes,Yes
884,47,Male,Kathmandu,42439,22638,21,6.7,18,14.6,2,6,1639,Poor,4.1,Yes,Basic,No,Yes
885,60,Male,Kathmandu,138570,2073,17,3.0,20,77.5,3,1,10128,Good,3.7,No,Basic,No,Yes
886,65,Male,Chitwan,34995,47511,9,5.7,21,29.2,8,0,9228,Average,1.2,Yes,Basic,Yes,No
887,34,Male,Bhaktapur,43559,19771,17,2.9,8,60.0,3,5,1451,Good,3.2,Yes,Premium,No,Yes
888,43,Female,Lalitpur,109049,36461,5,3.6,8,51.8,2,2,8512,Average,3.1,Yes,Silver,Yes,Yes
889,53,Male,Lalitpur,156093,43330,26,9.2,8,43.5,4,2,11505,Average,3.8,No,Basic,Yes,Yes
890,18,Male,Kathmandu,118000,30320,25,2.2,26,45.6,6,3,3506,Good,1.3,Yes,Basic,Yes,Yes
891,25,Male,Butwal,172191,5340,30,8.8,16,66.4,4,4,12686,Average,4.2,Yes,Basic,No,No
892,52,Male,Pokhara,59350,35924,20,0.5,11,9.7,3,3,6575,Good,1.6,Yes,Silver,Yes,Yes
893,32,Male,Butwal,45517,17184,29,1.1,24,60.8,7,6,8390,Good,2.7,No,Basic,No,Yes
894,64,Male,Butwal,173322,41734,8,8.6,12,80.8,3,2,10532,Poor,4.5,No,Gold,Yes,Yes
895,39,Male,Chitwan,109132,3580,6,6.4,7,7.1,1,7,6452,Good,3.2,Yes,Silver,Yes,Yes
896,31,Female,Kathmandu,79546,41025,11,7.5,15,14.4,9,7,7577,Good,2.5,Yes,Premium,Yes,Yes
897,43,Female,Kathmandu,125686,29967,19,2.3,17,65.1,5,2,9542,Good,1.2,No,Silver,Yes,Yes
898,45,Male,Kathmandu,108151,3159,4,5.5,28,40.5,1,7,2471,Average,3.7,No,Basic,Yes,Yes
899,40,Female,Chitwan,23327,49940,18,7.4,26,37.5,2,7,14068,Good,4.9,No,Premium,Yes,No
900,31,Female,Bhaktapur,140318,14900,1,6.3,0,14.1,0,4,1691,Good,4.6,Yes,Silver,No,Yes
901,41,Female,Butwal,135945,12440,13,4.8,0,46.6,4,6,4420,Poor,3.9,Yes,Silver,Yes,Yes
902,19,Female,Chitwan,66830,15678,14,9.6,11,13.1,8,1,13320,Good,1.4,No,Gold,No,Yes
903,62,Male,Lalitpur,72446,48204,24,6.8,5,43.9,1,4,8265,Good,2.0,No,Basic,Yes,Yes
904,43,Female,Pokhara,166232,13021,1,9.1,8,69.2,6,5,10754,Average,1.7,No,Silver,Yes,Yes
905,31,Female,Bhaktapur,178302,7772,30,7.4,22,24.7,4,3,6693,Good,2.4,Yes,Basic,Yes,Yes
906,24,Female,Lalitpur,160148,2627,29,7.4,4,44.3,1,7,3546,Average,1.9,No,Basic,Yes,Yes
907,20,Male,Butwal,89341,45432,11,1.0,26,89.3,7,1,13091,Good,2.0,No,Basic,No,Yes
908,64,Male,Kathmandu,51085,9219,17,3.7,15,62.4,10,3,12250,Poor,3.5,No,Basic,No,Yes
909,40,Male,Butwal,75571,24464,4,8.6,17,76.0,5,7,13203,Poor,2.3,Yes,Silver,No,Yes
910,63,Male,Chitwan,165787,52137,26,2.5,16,38.5,3,4,804,Good,3.7,No,Gold,No,No
911,60,Male,Pokhara,148308,31232,12,1.3,17,69.6,3,1,6839,Good,4.8,No,Silver,No,Yes
912,64,Male,Chitwan,25750,43481,10,3.4,0,5.6,1,4,8543,Poor,3.6,No,Silver,No,Yes
913,62,Male,Bhaktapur,133931,9488,6,2.4,18,12.8,2,5,5408,Good,4.0,No,Silver,No,Yes
914,35,Female,Bhaktapur,98768,35949,25,9.3,21,19.9,6,0,11539,Good,4.0,No,Gold,Yes,No
915,55,Female,Pokhara,55903,45362,1,8.7,28,37.4,2,2,11127,Average,2.3,No,Premium,No,Yes
916,52,Female,Lalitpur,111036,52448,7,5.1,7,76.4,4,6,3304,Average,1.1,Yes,Gold,No,Yes
917,32,Male,Lalitpur,107954,40932,26,0.8,2,32.5,9,1,10676,Average,1.2,No,Gold,Yes,Yes
918,42,Male,Bhaktapur,103014,19981,27,7.2,25,59.6,5,2,4436,Good,2.1,No,Basic,No,Yes
919,54,Male,Bhaktapur,137305,1901,21,6.3,24,64.4,5,0,1212,Good,3.8,Yes,Silver,Yes,No
920,45,Male,Kathmandu,176410,23444,28,9.7,25,53.6,3,1,7348,Average,4.6,Yes,Silver,No,No
921,27,Male,Lalitpur,52101,43058,16,5.7,4,33.4,5,2,11587,Average,4.8,Yes,Silver,Yes,Yes
922,56,Female,Pokhara,22775,19061,24,3.5,22,52.8,2,2,10373,Average,1.1,No,Silver,Yes,Yes
923,34,Female,Lalitpur,131497,3881,14,5.3,7,32.1,6,1,10025,Poor,5.0,Yes,Basic,Yes,Yes
924,56,Male,Kathmandu,65619,30863,23,9.8,18,9.4,6,2,11890,Average,2.3,No,Basic,No,Yes
925,39,Male,Chitwan,170611,46826,20,7.0,17,89.4,3,2,8866,Good,4.4,No,Premium,Yes,No
926,43,Male,Bhaktapur,77124,6622,20,6.8,17,13.2,1,1,3705,Average,1.7,No,Silver,No,Yes
927,61,Male,Bhaktapur,85149,58204,6,2.6,20,8.4,10,6,5685,Good,1.3,Yes,Basic,No,Yes
928,42,Female,Kathmandu,46616,2378,22,7.5,30,79.3,6,2,10108,Good,2.5,No,Basic,Yes,Yes
929,34,Male,Pokhara,81799,18632,25,7.6,0,28.6,2,2,10679,Good,4.4,Yes,Silver,No,No
930,30,Male,Bhaktapur,110221,29311,28,3.3,14,59.2,0,6,13545,Average,1.9,Yes,Silver,Yes,Yes
931,37,Male,Butwal,134879,6650,5,4.9,17,31.0,1,3,7006,Poor,1.6,No,Silver,No,Yes
932,42,Male,Bhaktapur,45479,46201,24,3.1,28,36.4,9,5,2272,Good,4.6,No,Basic,Yes,Yes
933,21,Female,Butwal,119165,56231,21,2.7,24,25.1,8,3,12958,Good,4.8,Yes,Basic,Yes,No
934,27,Male,Kathmandu,75863,43224,18,0.5,6,32.2,7,7,1574,Good,1.1,No,Silver,Yes,Yes
935,20,Male,Kathmandu,102569,8036,15,3.0,15,38.1,5,0,5947,Average,3.9,Yes,Gold,No,Yes
936,58,Female,Bhaktapur,166480,40255,6,5.6,30,65.4,5,3,13452,Average,2.2,Yes,Basic,No,Yes
937,62,Female,Lalitpur,36351,51210,25,0.2,15,47.0,0,3,9283,Good,2.5,No,Basic,Yes,Yes
938,35,Female,Butwal,155203,52200,29,3.0,14,85.0,1,0,11670,Average,2.9,Yes,Gold,Yes,Yes
939,64,Male,Pokhara,64825,23499,19,8.8,5,5.7,3,2,5764,Good,2.7,No,Gold,No,No
940,53,Male,Bhaktapur,31349,38016,1,6.0,8,46.3,2,2,7822,Good,3.1,No,Basic,Yes,Yes
941,64,Female,Pokhara,64254,52628,1,6.2,6,53.4,0,3,12674,Good,3.3,No,Gold,Yes,Yes
942,39,Female,Bhaktapur,58225,5603,13,4.2,13,83.0,7,0,7151,Poor,2.9,Yes,Premium,Yes,Yes
943,51,Female,Lalitpur,32453,28773,3,6.8,10,6.3,6,2,2910,Good,3.8,Yes,Premium,Yes,Yes
944,64,Female,Lalitpur,169886,20937,10,2.1,20,52.5,3,4,14136,Average,3.9,Yes,Gold,No,No
945,25,Female,Lalitpur,169335,13632,21,8.2,30,77.1,8,1,9539,Good,2.8,No,Gold,No,No
946,57,Female,Chitwan,97694,31607,3,1.3,15,23.3,10,1,6941,Good,1.6,Yes,Basic,Yes,Yes
947,61,Male,Lalitpur,35735,27337,9,6.6,24,79.1,3,5,9185,Good,3.6,Yes,Silver,No,Yes
948,36,Male,Kathmandu,166902,1220,8,3.5,5,3.7,0,1,9237,Good,4.1,No,Silver,No,Yes
949,59,Male,Kathmandu,67893,47994,3,7.5,21,66.5,9,3,14278,Good,3.6,No,Silver,Yes,Yes
950,58,Female,Chitwan,147006,5818,25,5.6,26,84.1,0,1,13691,Average,3.4,No,Silver,Yes,Yes
951,54,Female,Butwal,65066,57344,13,4.6,15,59.8,0,1,10978,Good,1.9,No,Gold,No,Yes
952,23,Female,Pokhara,154445,54775,6,1.9,19,40.6,0,4,11389,Average,3.6,Yes,Premium,Yes,Yes
953,43,Female,Bhaktapur,161407,8349,13,6.4,28,5.9,3,2,12529,Good,2.3,Yes,Basic,Yes,Yes
954,51,Female,Bhaktapur,174813,6618,23,9.8,15,83.0,0,4,10232,Good,4.7,Yes,Basic,No,No
955,62,Female,Chitwan,30692,28464,20,8.3,11,43.4,1,3,9575,Good,3.6,Yes,Silver,No,No
956,23,Male,Kathmandu,65541,43624,20,0.8,16,4.6,3,1,4456,Poor,2.1,No,Basic,No,Yes
957,54,Male,Bhaktapur,86983,57361,12,3.9,4,62.7,6,6,7053,Good,2.9,Yes,Silver,Yes,Yes
958,50,Female,Kathmandu,170655,38344,13,9.3,26,44.4,1,2,7369,Good,4.4,No,Basic,No,No
959,39,Male,Butwal,173837,19255,2,5.1,24,12.9,7,5,8031,Poor,2.3,Yes,Silver,No,Yes
960,38,Female,Pokhara,174978,25299,21,6.7,12,20.9,6,5,3594,Good,3.1,Yes,Silver,No,Yes
961,23,Male,Butwal,140747,48975,24,9.1,7,7.7,8,7,2865,Average,3.7,No,Basic,No,Yes
962,23,Female,Chitwan,105103,2462,23,8.8,23,52.5,5,7,7168,Good,4.0,Yes,Basic,No,No
963,65,Female,Lalitpur,170592,55673,16,5.1,4,56.7,3,1,5500,Average,1.7,No,Basic,No,Yes
964,21,Male,Lalitpur,45566,16905,23,4.5,11,46.5,5,1,8420,Good,3.3,No,Silver,Yes,Yes
965,47,Male,Lalitpur,93193,25920,6,3.5,8,73.9,3,5,3847,Poor,4.6,No,Gold,No,Yes
966,28,Female,Butwal,161417,17252,19,7.2,2,77.8,6,5,11763,Good,4.9,Yes,Silver,Yes,No
967,47,Female,Bhaktapur,141015,42004,21,3.0,2,56.2,8,6,4175,Good,3.6,No,Silver,No,Yes
968,48,Male,Pokhara,150956,41581,13,2.6,0,3.1,2,3,13407,Good,4.9,Yes,Silver,No,Yes
969,41,Male,Lalitpur,90744,35836,17,3.7,24,63.2,2,1,1452,Good,3.3,No,Basic,Yes,No
970,26,Female,Chitwan,53455,6753,23,1.9,21,38.8,1,5,3800,Average,2.8,Yes,Gold,No,Yes
971,20,Male,Chitwan,179090,41005,9,7.0,17,51.8,0,6,12427,Good,3.2,Yes,Basic,No,Yes
972,48,Female,Lalitpur,74219,15175,17,6.2,23,59.1,0,0,3679,Good,1.5,No,Gold,Yes,No
973,57,Female,Lalitpur,65991,57168,29,4.9,11,32.8,2,5,11655,Good,2.6,Yes,Silver,Yes,Yes
974,54,Female,Pokhara,93616,7191,2,4.0,8,82.7,6,2,12719,Good,2.8,No,Silver,Yes,Yes
975,53,Female,Lalitpur,107438,18898,19,9.1,8,13.8,10,2,3747,Good,4.4,Yes,Gold,Yes,Yes
976,41,Male,Pokhara,136841,19982,19,0.5,17,61.1,8,0,4915,Good,4.0,No,Gold,No,No
977,48,Male,Chitwan,160558,15622,24,7.7,17,2.4,1,7,3857,Average,3.4,No,Premium,Yes,Yes
978,23,Male,Lalitpur,78870,2001,7,9.0,28,83.4,6,3,13663,Poor,2.4,Yes,Silver,Yes,Yes
979,19,Male,Butwal,106694,51185,22,4.6,6,11.9,0,7,6972,Good,1.7,No,Basic,No,Yes
980,37,Male,Butwal,63856,48645,10,5.6,26,10.3,1,1,6496,Average,2.4,No,Premium,No,Yes
981,45,Male,Chitwan,121407,44000,10,9.5,3,31.3,5,7,5348,Good,3.7,No,Basic,Yes,Yes
982,28,Male,Pokhara,51379,24283,27,2.3,12,34.9,10,1,11396,Good,2.1,Yes,Gold,Yes,Yes
983,21,Female,Butwal,84729,58617,20,5.3,16,20.9,4,5,5975,Good,2.7,No,Gold,No,No
984,32,Male,Pokhara,179450,22435,9,4.9,23,53.5,7,2,1537,Good,2.5,Yes,Premium,Yes,Yes
985,23,Male,Butwal,74353,28223,17,2.7,1,41.0,10,3,8762,Good,4.1,Yes,Premium,No,Yes
986,47,Female,Butwal,34031,38244,27,8.2,13,5.0,1,3,11566,Poor,4.5,Yes,Basic,No,Yes
987,55,Male,Pokhara,85982,31024,15,9.0,2,30.1,0,3,7508,Poor,3.8,No,Silver,Yes,Yes
988,19,Male,Bhaktapur,56683,50630,2,7.9,4,73.3,6,5,6431,Good,2.4,No,Basic,No,Yes
989,32,Female,Butwal,134091,31734,30,2.1,13,62.7,5,1,6142,Good,2.7,Yes,Basic,Yes,No
990,28,Male,Lalitpur,137797,1515,4,1.1,2,65.8,7,3,605,Poor,1.6,No,Silver,Yes,Yes
991,25,Male,Chitwan,168690,46246,19,6.1,22,63.4,10,5,1269,Good,1.7,No,Basic,No,Yes
992,43,Male,Bhaktapur,26587,2191,17,0.8,6,29.4,7,5,10701,Average,1.7,Yes,Gold,Yes,Yes
993,62,Female,Pokhara,82790,33264,5,6.8,29,10.8,1,0,3440,Good,1.5,No,Premium,No,Yes
994,61,Male,Bhaktapur,51480,44628,7,5.4,17,26.0,7,4,10884,Good,1.7,Yes,Silver,No,Yes
995,22,Male,Kathmandu,171599,47216,18,6.7,12,75.2,5,7,8399,Good,1.8,Yes,Basic,Yes,Yes
996,23,Female,Kathmandu,43569,7297,21,6.0,28,88.3,8,3,14161,Average,1.4,Yes,Gold,No,Yes
997,43,Male,Butwal,31151,59755,22,4.3,22,45.5,6,4,12187,Poor,3.6,No,Gold,Yes,Yes
998,21,Female,Butwal,64739,28856,27,2.2,26,2.9,1,1,7114,Good,5.0,No,Gold,Yes,Yes
999,36,Female,Lalitpur,52954,50423,7,3.2,21,14.3,7,5,6305,Average,4.5,Yes,Silver,No,Yes
1000,37,Male,Chitwan,129373,9334,17,5.3,9,30.3,8,6,13003,Good,1.2,Yes,Gold,Yes,Yes
1001,50,Female,Bhaktapur,54700,25162,7,6.6,24,52.9,6,7,13904,Good,2.7,No,Basic,No,No
1002,37,Female,Kathmandu,143728,7008,4,7.8,12,8.6,3,7,4855,Average,4.4,No,Premium,No,Yes
1003,29,Male,Butwal,86788,8987,8,7.7,15,85.0,8,3,1433,Good,1.5,No,Premium,Yes,Yes
1004,64,Female,Chitwan,91045,31966,13,9.7,8,34.1,3,6,9266,Good,4.4,No,Premium,Yes,Yes
1005,18,Female,Bhaktapur,164972,4332,4,3.0,1,82.3,3,2,6160,Good,3.4,No,Basic,Yes,Yes
1006,43,Male,Butwal,147992,1787,6,0.9,22,70.7,8,1,6406,Poor,4.7,No,Gold,No,Yes
1007,31,Male,Butwal,100059,39990,25,3.6,4,68.5,7,0,12622,Average,4.5,No,Silver,Yes,Yes
1008,55,Male,Kathmandu,21881,10873,5,7.5,28,55.4,3,0,13072,Average,3.7,Yes,Silver,Yes,No
1009,54,Female,Kathmandu,152702,18006,30,4.5,21,57.2,7,4,12779,Good,3.6,No,Gold,Yes,Yes
1010,28,Male,Butwal,40789,21225,12,8.2,16,58.1,7,5,11223,Average,1.9,Yes,Basic,Yes,Yes
1011,53,Female,Pokhara,146083,37444,4,5.6,22,57.3,6,4,6550,Good,1.5,Yes,Silver,No,Yes
1012,30,Female,Butwal,108059,36340,24,9.3,21,50.7,9,2,11111,Poor,2.7,Yes,Gold,No,Yes
1013,60,Female,Chitwan,66151,40683,29,9.5,3,88.8,5,2,8761,Good,1.7,No,Gold,Yes,Yes
1014,20,Female,Butwal,129388,6033,9,0.9,16,66.4,7,7,4974,Good,1.4,No,Gold,Yes,Yes
1015,50,Female,Lalitpur,23262,8788,4,4.7,8,70.4,6,0,9994,Good,2.2,No,Basic,No,Yes
1016,23,Female,Lalitpur,86981,16689,19,6.2,19,78.8,4,6,12506,Average,4.4,Yes,Gold,Yes,No
1017,27,Female,Lalitpur,140951,45220,24,2.7,1,21.0,3,3,11041,Average,1.1,No,Basic,No,Yes
1018,22,Male,Pokhara,143099,22598,14,4.2,23,9.4,1,0,754,Good,2.2,Yes,Gold,Yes,Yes
1019,40,Male,Pokhara,101972,38480,5,6.8,17,44.5,10,0,10399,Good,2.7,No,Basic,Yes,No
1020,27,Female,Butwal,95485,30703,18,2.4,20,47.2,7,6,7587,Average,3.0,Yes,Gold,No,Yes
1021,61,Female,Lalitpur,74722,1066,10,6.1,26,75.0,8,7,5287,Good,1.7,No,Silver,Yes,Yes
1022,19,Male,Pokhara,109499,49623,25,7.0,21,41.1,3,7,14075,Average,4.9,No,Premium,Yes,No
1023,30,Female,Kathmandu,26901,46246,19,1.1,10,52.2,3,6,8362,Poor,3.3,No,Silver,Yes,Yes
1024,57,Male,Butwal,137473,8533,12,5.1,12,48.4,4,2,9525,Good,3.1,No,Silver,No,No
1025,19,Male,Chitwan,28597,16103,18,2.8,7,5.4,1,6,11456,Good,1.0,No,Silver,No,Yes
1026,37,Male,Bhaktapur,149631,5616,17,7.3,26,56.1,6,4,11163,Good,2.9,Yes,Gold,Yes,Yes
1027,18,Female,Butwal,83909,47045,30,2.1,0,74.9,4,2,6856,Good,4.4,No,Silver,No,Yes
1028,54,Female,Bhaktapur,92391,51292,24,8.9,16,15.9,5,6,4242,Good,1.9,No,Basic,Yes,Yes
1029,26,Male,Lalitpur,159335,39498,11,4.4,11,54.3,3,5,2535,Average,2.4,No,Silver,Yes,Yes
1030,34,Male,Bhaktapur,83293,44492,3,2.1,3,54.2,7,2,2467,Good,1.1,Yes,Gold,No,Yes
1031,26,Male,Lalitpur,176877,12772,23,4.5,20,16.4,7,2,8791,Good,4.9,No,Basic,No,Yes
1032,28,Male,Kathmandu,31874,24849,17,4.2,12,12.9,4,0,2352,Average,1.3,Yes,Basic,Yes,Yes
1033,32,Male,Bhaktapur,106402,50036,1,4.4,30,88.2,5,3,3683,Average,4.6,Yes,Silver,Yes,Yes
1034,41,Female,Butwal,34079,59531,15,5.9,28,36.6,2,0,11047,Poor,2.3,No,Gold,Yes,Yes
1035,55,Male,Lalitpur,92779,54623,28,5.3,8,22.0,0,1,7118,Good,3.4,No,Basic,No,No
1036,52,Female,Butwal,115408,13940,9,1.7,26,17.1,8,2,14359,Average,3.7,Yes,Premium,No,Yes
1037,47,Male,Pokhara,160090,53491,15,0.8,29,60.7,8,6,8803,Poor,1.6,No,Premium,No,Yes
1038,48,Female,Lalitpur,140606,17932,28,7.3,6,55.6,2,6,11850,Good,2.8,Yes,Basic,No,Yes
1039,22,Female,Bhaktapur,140062,30769,24,5.7,22,58.6,3,6,682,Good,2.3,No,Basic,No,Yes
1040,61,Female,Lalitpur,32100,57827,28,3.7,23,9.7,6,2,7240,Good,1.2,No,Gold,No,Yes
1041,31,Female,Butwal,77021,25648,29,8.1,30,80.6,1,6,12544,Average,4.3,No,Premium,Yes,No
1042,28,Female,Kathmandu,170872,48411,3,4.0,4,36.3,2,1,664,Good,1.2,No,Gold,Yes,Yes
1043,26,Female,Lalitpur,148126,33966,22,8.0,4,29.6,5,2,7458,Poor,3.6,Yes,Silver,Yes,Yes
1044,51,Male,Bhaktapur,112446,28777,27,3.2,16,42.7,10,6,2637,Average,2.3,Yes,Basic,Yes,Yes
1045,29,Female,Pokhara,49437,33567,19,0.9,29,36.3,7,2,10715,Good,1.8,No,Silver,No,Yes
1046,52,Male,Chitwan,171014,50723,13,9.3,8,78.0,0,5,954,Good,3.7,Yes,Silver,No,No
1047,52,Female,Kathmandu,40862,18174,12,4.1,5,83.8,3,2,2785,Good,3.3,No,Basic,Yes,Yes
1048,18,Female,Pokhara,31669,43598,20,8.0,24,28.7,0,1,14810,Good,2.3,No,Silver,No,Yes
1049,57,Male,Lalitpur,141219,14798,1,2.9,18,78.0,1,0,8346,Average,3.1,Yes,Basic,Yes,Yes
1050,39,Female,Butwal,35916,18558,21,6.5,15,70.8,7,2,5322,Average,2.0,No,Silver,Yes,No
1051,46,Male,Butwal,30878,45237,17,8.8,20,83.9,5,3,14893,Good,4.5,Yes,Basic,No,No
1052,25,Male,Bhaktapur,22985,1178,13,0.6,1,23.6,8,1,1041,Average,2.3,Yes,Basic,Yes,Yes
1053,28,Male,Butwal,61235,52396,1,8.3,9,52.8,1,4,6533,Good,2.0,Yes,Gold,Yes,No
1054,58,Male,Kathmandu,38931,21470,10,5.8,15,26.2,2,5,13809,Good,4.0,No,Basic,No,No
1055,54,Female,Butwal,112876,18118,15,6.2,4,74.5,8,1,3165,Good,1.1,Yes,Silver,No,Yes
1056,31,Female,Bhaktapur,20336,23616,27,5.3,14,2.5,8,0,11141,Good,2.1,Yes,Basic,No,Yes
1057,47,Male,Chitwan,62933,1798,27,8.8,12,51.7,5,6,7649,Poor,2.5,Yes,Basic,Yes,Yes
1058,52,Female,Lalitpur,65536,8601,30,0.6,12,31.8,2,6,13629,Average,4.5,Yes,Silver,Yes,No
1059,38,Female,Lalitpur,89504,26363,7,2.8,12,30.4,4,1,6298,Good,4.8,Yes,Basic,No,No
1060,54,Male,Butwal,119214,3795,28,8.8,14,58.8,1,4,12625,Good,3.9,No,Basic,Yes,Yes
1061,22,Female,Pokhara,133936,32926,22,7.6,13,76.9,6,6,6285,Good,3.0,No,Premium,No,No
1062,36,Male,Lalitpur,36279,46264,18,0.4,7,55.6,9,5,11578,Good,3.6,Yes,Basic,Yes,Yes
1063,31,Male,Chitwan,123751,38356,16,5.3,10,77.1,10,3,5114,Average,2.7,No,Basic,No,Yes
1064,43,Female,Butwal,124433,8297,14,5.4,17,25.3,7,4,4792,Poor,2.2,No,Gold,No,Yes
1065,21,Female,Bhaktapur,91386,4084,27,4.1,23,47.7,5,7,12596,Average,4.8,Yes,Basic,Yes,Yes
1066,42,Female,Chitwan,106124,31329,28,3.1,3,41.6,7,7,6689,Good,1.5,Yes,Gold,No,Yes
1067,62,Male,Butwal,125750,12110,18,6.9,25,3.0,1,1,7173,Good,2.4,No,Basic,Yes,No
1068,59,Male,Chitwan,97485,1731,27,2.2,9,51.0,2,4,14208,Good,4.6,No,Basic,No,Yes
1069,42,Female,Lalitpur,94055,2129,7,8.0,30,60.2,6,6,2188,Good,3.9,Yes,Silver,No,Yes
1070,35,Female,Bhaktapur,111911,29022,17,8.1,0,54.1,9,6,5595,Good,1.1,Yes,Premium,Yes,Yes
1071,57,Female,Butwal,118618,2605,29,4.3,28,66.8,0,1,14909,Good,1.1,Yes,Basic,No,No
1072,25,Female,Kathmandu,133892,12970,18,3.0,4,52.3,6,6,8083,Good,3.1,Yes,Silver,Yes,Yes
1073,56,Male,Bhaktapur,91128,44705,12,3.0,12,7.9,5,6,8324,Average,2.9,No,Basic,Yes,Yes
1074,57,Female,Kathmandu,169180,45130,8,4.9,0,12.2,7,3,2137,Average,2.8,No,Basic,No,Yes
1075,31,Male,Chitwan,72495,30265,22,7.3,22,54.5,6,3,6466,Good,2.2,No,Premium,Yes,Yes
1076,49,Male,Pokhara,102806,33330,30,3.7,7,26.2,3,0,13420,Average,4.9,Yes,Basic,No,Yes
1077,55,Female,Bhaktapur,113185,3933,2,6.2,2,9.0,2,3,5170,Good,2.1,Yes,Gold,Yes,Yes
1078,50,Female,Chitwan,69649,16187,7,3.9,2,39.8,2,2,12774,Good,3.0,Yes,Basic,Yes,Yes
1079,40,Female,Kathmandu,115402,26791,4,3.2,6,50.8,3,4,5703,Average,2.6,No,Gold,Yes,Yes
1080,32,Male,Lalitpur,50676,25900,18,0.4,3,30.9,8,4,5634,Good,1.7,No,Silver,Yes,Yes
1081,50,Female,Lalitpur,84093,6074,28,0.2,2,65.4,8,1,2390,Poor,1.8,Yes,Premium,No,Yes
1082,42,Female,Pokhara,99414,47805,6,2.4,14,58.7,1,3,3705,Good,4.7,Yes,Basic,No,Yes
1083,34,Male,Bhaktapur,113095,27426,27,4.2,7,31.3,4,0,9169,Good,4.4,No,Gold,No,Yes
1084,50,Female,Bhaktapur,92307,40867,9,8.5,2,68.4,0,6,2866,Good,1.8,No,Gold,Yes,Yes
1085,64,Male,Bhaktapur,115432,51642,27,8.0,28,59.1,3,0,8059,Average,4.5,Yes,Silver,No,Yes
1086,19,Female,Chitwan,51923,1893,9,2.8,29,58.1,1,0,3026,Average,1.8,Yes,Gold,No,Yes
1087,31,Male,Pokhara,137449,35158,14,2.6,6,50.7,7,5,8307,Average,3.5,Yes,Silver,Yes,Yes
1088,57,Female,Bhaktapur,67574,20773,8,2.4,17,3.0,3,6,866,Average,1.3,No,Premium,No,Yes
1089,57,Female,Chitwan,141757,5239,19,3.5,10,63.3,4,2,10528,Good,4.5,No,Silver,No,Yes
1090,56,Male,Lalitpur,73664,21863,3,5.1,10,35.1,10,3,7021,Good,1.2,No,Silver,Yes,Yes
1091,23,Male,Kathmandu,87384,52415,18,4.5,16,84.9,3,6,10407,Average,3.2,No,Premium,No,Yes
1092,23,Female,Chitwan,51027,4432,5,2.3,27,74.0,4,0,7106,Good,4.1,No,Basic,Yes,No
1093,20,Male,Lalitpur,54485,36139,14,1.5,5,53.7,4,6,14405,Poor,1.5,Yes,Silver,Yes,Yes
1094,24,Male,Lalitpur,170528,54464,28,0.3,7,24.2,4,2,512,Good,2.6,Yes,Premium,Yes,Yes
1095,25,Male,Kathmandu,55554,2515,30,1.7,0,19.9,10,4,9227,Good,1.2,No,Silver,No,Yes
1096,59,Male,Lalitpur,66922,32670,4,7.1,28,32.0,2,1,3739,Good,3.7,Yes,Basic,Yes,No
1097,32,Female,Pokhara,33409,49674,7,2.6,9,43.9,6,3,2817,Average,2.2,No,Silver,Yes,Yes
1098,64,Female,Kathmandu,56639,40094,20,4.8,27,28.1,2,3,4542,Poor,3.2,No,Premium,No,Yes
1099,46,Male,Lalitpur,39692,15605,25,6.0,24,47.3,1,5,7985,Good,4.7,No,Premium,No,Yes
1100,50,Male,Butwal,109037,57240,28,8.9,30,16.6,2,4,875,Good,2.2,Yes,Premium,No,Yes
1101,47,Male,Chitwan,38074,6586,12,8.9,18,88.0,10,3,10416,Good,1.2,Yes,Gold,Yes,Yes
1102,56,Male,Lalitpur,166621,36685,2,7.5,2,11.5,2,5,756,Good,3.7,Yes,Silver,No,Yes
1103,44,Female,Pokhara,49963,55883,11,0.5,3,84.0,7,5,10956,Poor,4.1,No,Basic,Yes,Yes
1104,53,Female,Bhaktapur,72265,57838,14,5.8,10,82.4,3,5,949,Good,4.8,Yes,Basic,Yes,Yes
1105,46,Male,Lalitpur,36061,49669,22,7.9,14,48.2,2,7,9585,Good,1.6,Yes,Basic,No,Yes
1106,55,Male,Bhaktapur,179882,32186,23,0.4,0,65.8,9,3,3712,Good,2.6,Yes,Basic,No,Yes
1107,50,Male,Butwal,133502,27928,16,5.6,8,40.4,4,3,9876,Good,4.4,No,Premium,No,No
1108,54,Female,Lalitpur,42800,33728,20,8.6,10,57.4,3,3,6675,Average,4.2,No,Gold,No,No
1109,44,Male,Kathmandu,136192,18551,29,4.8,18,32.0,8,2,6443,Good,3.5,No,Silver,No,Yes
1110,50,Female,Bhaktapur,127228,58454,6,0.2,12,28.5,7,5,11915,Good,2.1,No,Premium,Yes,Yes
1111,21,Male,Butwal,48054,22493,23,0.3,25,52.9,10,2,8526,Poor,2.1,No,Premium,Yes,Yes
1112,39,Female,Kathmandu,33233,21711,4,4.3,15,45.8,6,1,14071,Good,1.5,Yes,Gold,No,Yes
1113,19,Male,Kathmandu,176140,55962,15,1.7,3,53.0,7,3,7946,Average,4.7,Yes,Silver,Yes,Yes
1114,27,Female,Kathmandu,85727,21039,24,6.7,0,27.2,4,7,1808,Good,1.7,No,Basic,No,Yes
1115,22,Male,Kathmandu,110610,37561,25,7.1,19,34.3,3,6,13397,Good,3.3,No,Silver,No,Yes
1116,27,Male,Lalitpur,90453,10947,1,1.9,12,9.4,6,4,9608,Good,3.3,Yes,Basic,Yes,Yes
1117,50,Male,Chitwan,124135,33335,7,8.9,0,6.6,0,7,14413,Good,2.5,Yes,Silver,No,Yes
1118,55,Female,Lalitpur,176904,16859,25,4.5,4,24.3,5,0,8839,Good,2.4,No,Premium,No,Yes
1119,30,Male,Lalitpur,128464,24122,12,1.6,4,8.5,7,1,13443,Good,3.7,Yes,Basic,No,Yes
1120,48,Female,Butwal,33682,2577,10,7.7,13,11.1,6,6,10806,Good,2.6,No,Basic,Yes,Yes
1121,64,Female,Butwal,174455,43256,5,7.9,26,73.5,1,0,4516,Good,2.0,Yes,Silver,Yes,Yes
1122,53,Male,Chitwan,78160,29350,12,6.5,22,5.4,6,0,4440,Average,2.6,Yes,Silver,Yes,Yes
1123,62,Male,Butwal,43666,52372,18,8.6,13,60.0,5,3,7213,Poor,4.2,Yes,Basic,No,No
1124,41,Male,Pokhara,78817,42932,10,7.4,7,26.0,4,4,4571,Good,4.9,No,Basic,No,Yes
1125,32,Female,Chitwan,111198,34798,6,8.8,3,78.7,3,0,8607,Good,3.5,No,Premium,Yes,Yes
1126,46,Male,Butwal,61830,32898,28,4.5,6,44.7,0,5,6412,Average,4.1,Yes,Basic,No,Yes
1127,25,Female,Chitwan,30234,16881,12,7.5,19,28.9,1,6,14090,Average,3.1,No,Gold,Yes,Yes
1128,22,Female,Lalitpur,77616,11785,7,10.0,18,47.6,6,7,11487,Good,3.5,Yes,Silver,No,No
1129,46,Male,Lalitpur,29221,7691,18,7.3,14,35.6,9,7,942,Good,5.0,Yes,Silver,Yes,Yes
1130,64,Male,Chitwan,162482,54144,2,1.3,21,51.7,2,0,3444,Good,2.8,No,Basic,Yes,Yes
1131,21,Male,Pokhara,21051,18297,10,5.3,3,12.1,4,1,4436,Good,1.3,Yes,Gold,Yes,Yes
1132,29,Male,Pokhara,130529,7358,15,6.0,29,89.7,7,4,898,Poor,4.8,No,Premium,No,No
1133,62,Male,Chitwan,96918,52333,30,1.9,18,39.4,7,4,9843,Average,4.2,No,Basic,Yes,Yes
1134,19,Male,Butwal,98116,20581,12,9.6,30,32.6,5,7,12484,Average,2.6,No,Basic,Yes,Yes
1135,44,Female,Bhaktapur,142226,56192,26,1.9,30,64.5,4,0,3495,Good,4.9,No,Basic,Yes,No
1136,48,Female,Pokhara,64757,2462,17,1.9,8,34.0,1,4,6829,Good,2.4,No,Gold,Yes,Yes
1137,53,Female,Kathmandu,141008,16511,4,9.2,20,75.3,8,1,2716,Average,2.5,Yes,Silver,No,Yes
1138,53,Male,Lalitpur,151379,11570,7,4.8,12,42.0,0,7,2207,Good,3.4,Yes,Basic,No,Yes
1139,43,Female,Chitwan,76889,49665,30,0.8,13,65.3,10,6,12023,Good,2.1,Yes,Basic,Yes,Yes
1140,60,Female,Kathmandu,55944,45414,9,6.1,22,11.5,1,1,10679,Good,3.8,No,Silver,Yes,No
1141,44,Female,Chitwan,119555,16474,19,6.1,27,76.5,0,1,6266,Good,1.6,Yes,Gold,Yes,Yes
1142,22,Female,Lalitpur,58134,8037,28,0.8,13,66.7,3,5,6177,Good,1.4,No,Silver,No,Yes
1143,37,Female,Lalitpur,178395,29129,27,9.7,21,20.6,3,3,13294,Good,3.1,No,Basic,No,No
1144,28,Male,Pokhara,45954,43267,23,5.5,9,14.8,4,0,3068,Average,3.2,No,Basic,No,Yes
1145,27,Male,Pokhara,109959,55146,7,5.7,15,29.8,4,6,8138,Average,1.4,No,Silver,No,Yes
1146,57,Female,Kathmandu,24992,14386,23,5.3,30,87.9,7,7,660,Good,4.9,No,Basic,No,Yes
1147,55,Female,Chitwan,21961,59533,2,6.2,4,24.6,10,4,13127,Average,3.3,Yes,Gold,No,Yes
1148,23,Female,Lalitpur,32497,55460,6,2.8,22,42.1,10,1,8567,Good,1.6,No,Silver,Yes,Yes
1149,25,Male,Kathmandu,33255,7221,18,3.0,26,4.6,2,7,4404,Good,2.2,Yes,Basic,No,Yes
1150,40,Male,Bhaktapur,155639,24474,6,5.2,5,37.0,5,0,4073,Average,4.2,Yes,Silver,No,Yes
1151,64,Female,Kathmandu,68847,41537,13,8.1,25,52.3,2,6,11869,Good,3.1,No,Gold,Yes,Yes
1152,43,Male,Butwal,40389,50839,26,0.7,1,85.9,1,6,2325,Good,1.8,No,Silver,No,Yes
1153,63,Male,Kathmandu,143802,48124,19,6.1,12,47.5,7,0,14286,Average,1.4,No,Gold,No,No
1154,60,Female,Butwal,81576,22045,30,8.1,28,74.1,0,3,12616,Poor,2.7,No,Silver,No,Yes
1155,29,Male,Butwal,63919,26783,2,1.7,12,50.1,8,5,10315,Good,2.3,No,Gold,Yes,Yes
1156,43,Male,Butwal,23358,52046,12,0.3,18,5.6,10,4,6082,Good,3.6,Yes,Gold,No,Yes
1157,30,Female,Bhaktapur,108535,41157,15,3.3,17,29.7,6,5,14294,Good,4.7,No,Basic,Yes,Yes
1158,57,Male,Kathmandu,125982,5922,14,6.0,27,52.6,9,6,1676,Good,2.0,No,Basic,No,Yes
1159,35,Male,Kathmandu,25698,47407,6,1.6,18,85.7,10,4,5418,Good,4.4,No,Premium,No,Yes
1160,42,Female,Bhaktapur,86809,23706,18,4.4,0,77.6,3,6,12412,Good,4.7,Yes,Premium,No,Yes
1161,50,Male,Lalitpur,113079,43771,5,5.6,7,22.1,2,1,5380,Average,4.6,Yes,Gold,Yes,Yes
1162,64,Male,Pokhara,75805,53335,18,6.1,21,21.4,5,1,3720,Good,4.8,No,Gold,No,No
1163,57,Female,Kathmandu,95033,33479,3,2.9,15,19.7,8,0,11951,Good,4.4,Yes,Basic,Yes,Yes
1164,60,Female,Pokhara,118239,53949,3,4.1,28,83.2,8,4,8320,Good,3.4,No,Silver,No,Yes
1165,29,Female,Chitwan,150407,6178,22,7.8,1,77.0,3,4,630,Good,2.6,Yes,Premium,No,No
1166,61,Male,Chitwan,64041,31022,22,9.4,7,70.2,9,6,14263,Poor,3.0,Yes,Gold,Yes,Yes
1167,53,Female,Bhaktapur,51954,16240,10,8.6,5,36.6,4,5,7159,Good,4.5,No,Basic,Yes,No
1168,65,Male,Chitwan,28002,27220,19,5.7,15,46.4,10,1,4062,Average,2.2,Yes,Basic,No,Yes
1169,21,Female,Chitwan,89783,37736,3,4.2,22,42.9,8,2,1999,Poor,1.6,No,Silver,Yes,Yes
1170,22,Male,Lalitpur,127524,3716,29,3.5,10,24.3,1,0,7930,Average,1.6,Yes,Silver,No,Yes
1171,54,Female,Lalitpur,144857,17574,12,1.4,16,46.4,1,7,8205,Good,4.3,Yes,Silver,Yes,Yes
1172,25,Female,Lalitpur,39738,47279,29,1.2,22,4.7,4,4,8126,Poor,4.0,Yes,Silver,Yes,No
1173,59,Female,Chitwan,30703,18719,16,6.9,18,13.6,0,3,7179,Good,3.0,No,Basic,No,Yes
1174,45,Female,Bhaktapur,133776,9181,17,2.7,10,80.0,7,3,3288,Good,2.1,Yes,Gold,No,Yes
1175,48,Male,Butwal,163464,46763,7,2.7,27,68.1,4,2,5376,Good,3.7,No,Gold,No,Yes
1176,26,Female,Butwal,64724,45066,13,10.0,7,39.2,9,1,4208,Good,1.2,No,Gold,No,Yes
1177,46,Female,Pokhara,52299,50530,24,2.0,21,47.5,1,1,10399,Good,3.3,No,Gold,Yes,Yes
1178,31,Male,Butwal,35641,21213,2,1.7,3,34.6,8,1,2269,Good,2.6,No,Silver,No,Yes
1179,57,Female,Butwal,99534,7380,4,1.2,10,67.2,1,5,10010,Good,4.9,Yes,Gold,Yes,Yes
1180,58,Male,Lalitpur,26305,1615,10,5.9,7,71.0,6,6,14726,Average,3.0,Yes,Silver,Yes,Yes
1181,39,Female,Lalitpur,38782,52482,7,6.4,8,69.2,7,3,14246,Good,3.2,No,Premium,Yes,No
1182,28,Female,Chitwan,98257,51906,24,3.8,25,65.6,5,1,7231,Good,3.8,Yes,Basic,Yes,Yes
1183,40,Female,Pokhara,97963,1463,17,5.4,1,20.0,10,3,12071,Poor,2.9,No,Premium,Yes,Yes
1184,18,Male,Kathmandu,141987,32973,20,7.9,15,31.7,6,2,11465,Good,1.9,No,Basic,Yes,Yes
1185,63,Female,Pokhara,171638,10158,6,8.2,30,43.3,10,0,11682,Average,3.1,Yes,Basic,No,Yes
1186,54,Female,Pokhara,144591,21651,19,9.6,5,31.1,0,6,3544,Poor,4.8,No,Silver,Yes,Yes
1187,38,Female,Bhaktapur,87766,4158,5,8.3,20,68.4,3,5,875,Good,2.6,No,Silver,Yes,No
1188,43,Male,Chitwan,26511,21008,10,5.7,20,31.0,6,4,6847,Good,3.7,Yes,Basic,No,Yes
1189,63,Male,Bhaktapur,134816,47202,9,2.0,25,14.2,0,2,3536,Average,4.9,No,Silver,Yes,Yes
1190,53,Female,Pokhara,177249,5938,27,1.2,26,37.1,0,6,9352,Poor,4.3,Yes,Gold,Yes,Yes
1191,40,Male,Pokhara,24765,39185,13,0.7,18,88.2,10,3,6718,Average,3.6,No,Basic,Yes,Yes
1192,18,Female,Pokhara,171426,23388,19,6.7,27,21.9,5,2,10095,Good,3.9,No,Silver,Yes,No
1193,57,Female,Butwal,43929,9881,21,8.1,7,55.9,3,4,1240,Poor,4.7,No,Basic,Yes,Yes
1194,32,Female,Bhaktapur,179892,6603,24,5.2,13,40.1,2,6,8995,Good,4.8,No,Silver,Yes,Yes
1195,38,Female,Pokhara,131576,35980,6,0.7,23,8.3,4,5,1585,Good,4.9,No,Gold,No,Yes
1196,64,Female,Lalitpur,91088,23504,4,5.4,15,44.9,8,7,13573,Good,3.5,No,Silver,Yes,Yes
1197,26,Female,Chitwan,97525,55970,24,9.4,11,63.8,9,0,11871,Good,2.5,No,Premium,Yes,Yes
1198,26,Female,Chitwan,33780,17766,27,6.1,4,47.2,9,4,1710,Average,1.5,No,Silver,No,Yes
1199,27,Male,Lalitpur,26589,52408,3,8.1,23,78.7,10,6,11726,Average,2.5,No,Gold,Yes,Yes
1200,43,Male,Chitwan,113664,29386,3,8.0,25,27.4,9,5,8920,Average,4.8,No,Gold,Yes,Yes
1201,58,Male,Butwal,124188,12695,4,9.3,30,9.6,2,3,3619,Good,4.6,No,Gold,No,Yes
1202,52,Male,Butwal,113326,18796,25,7.7,23,84.4,4,4,10546,Good,3.1,No,Basic,No,Yes
1203,42,Male,Kathmandu,60953,43543,5,7.5,18,35.3,9,7,767,Average,3.1,No,Basic,No,Yes
1204,43,Male,Kathmandu,85785,15559,8,2.5,17,52.7,4,2,3274,Good,2.2,Yes,Silver,Yes,Yes
1205,28,Male,Kathmandu,39309,39914,16,0.8,8,71.7,8,1,11541,Poor,2.8,No,Gold,No,Yes
1206,55,Female,Chitwan,74195,34139,22,5.3,1,30.5,10,2,4849,Average,3.9,No,Basic,Yes,Yes
1207,19,Female,Butwal,45901,55958,3,1.4,24,65.0,9,3,5465,Average,2.6,No,Premium,Yes,No
1208,24,Female,Butwal,174648,39333,24,9.6,19,13.9,10,6,10826,Good,1.8,Yes,Basic,Yes,Yes
1209,35,Female,Butwal,45464,9802,12,3.0,11,27.6,3,7,13992,Average,3.2,No,Basic,No,Yes
1210,44,Male,Lalitpur,36260,9307,25,8.6,28,14.7,0,0,13836,Poor,1.9,Yes,Basic,Yes,Yes
1211,51,Male,Butwal,144997,41205,8,4.0,1,73.4,9,4,8625,Good,4.9,Yes,Silver,No,Yes
1212,44,Female,Lalitpur,55440,34214,13,3.4,9,21.6,4,6,3959,Average,2.6,No,Premium,No,Yes
1213,34,Female,Kathmandu,115082,35159,4,9.4,0,65.1,0,0,10961,Good,4.6,No,Basic,Yes,Yes
1214,60,Male,Kathmandu,125583,12516,14,3.8,3,85.0,5,3,1489,Good,1.9,Yes,Silver,No,Yes
1215,61,Female,Chitwan,76683,51492,14,4.0,24,48.4,9,4,13184,Average,1.8,No,Basic,Yes,Yes
1216,41,Female,Kathmandu,144206,30086,13,1.2,11,49.5,9,5,1437,Average,3.5,Yes,Silver,Yes,Yes
1217,42,Female,Chitwan,153059,49222,27,6.8,8,42.6,6,5,7154,Poor,4.1,Yes,Basic,Yes,Yes
1218,24,Female,Pokhara,176177,31480,6,3.0,3,30.7,0,6,7489,Good,3.3,Yes,Silver,No,Yes
1219,23,Male,Pokhara,98484,53091,17,5.9,8,43.9,9,2,9131,Good,1.9,No,Gold,Yes,Yes
1220,41,Female,Bhaktapur,164098,45659,4,6.0,30,55.0,3,6,7842,Average,1.2,Yes,Silver,No,Yes
1221,50,Female,Chitwan,88309,48766,8,7.2,27,88.8,8,2,6523,Good,3.5,Yes,Basic,No,No
1222,46,Male,Bhaktapur,65927,39737,17,7.5,5,84.5,0,7,2858,Good,1.5,No,Basic,No,Yes
1223,60,Male,Bhaktapur,62946,10265,3,5.2,0,77.9,8,3,10699,Good,2.4,Yes,Gold,Yes,Yes
1224,39,Female,Pokhara,146503,49629,17,3.4,9,80.2,7,5,3845,Good,3.7,No,Gold,Yes,Yes
1225,43,Male,Chitwan,161449,54965,9,8.4,28,43.2,4,7,12822,Average,1.4,No,Premium,Yes,Yes
1226,45,Female,Pokhara,73592,53721,2,3.2,13,59.9,5,4,6860,Average,1.5,No,Gold,No,Yes
1227,38,Female,Bhaktapur,158419,6454,25,5.2,21,80.8,6,5,5316,Good,1.2,Yes,Premium,No,Yes
1228,24,Male,Chitwan,53776,36918,13,4.1,24,36.6,3,2,4243,Good,5.0,No,Silver,No,No
1229,34,Female,Bhaktapur,154855,27181,20,8.6,28,86.6,5,6,7659,Good,2.5,No,Basic,No,No
1230,37,Female,Butwal,75798,16386,2,4.4,17,38.6,6,3,1018,Good,4.6,Yes,Basic,Yes,Yes
1231,58,Female,Chitwan,155370,40182,20,4.0,5,54.9,10,5,768,Good,2.2,Yes,Silver,No,Yes
1232,37,Female,Chitwan,90204,38425,28,7.0,17,64.5,5,7,13425,Good,4.0,No,Gold,Yes,Yes
1233,39,Male,Bhaktapur,106207,57099,11,6.1,19,85.7,10,3,5944,Average,1.9,Yes,Gold,Yes,No
1234,45,Male,Butwal,120356,44254,27,1.3,15,23.5,5,7,5975,Average,3.0,No,Basic,No,Yes
1235,57,Female,Lalitpur,80652,25327,26,5.2,14,67.7,1,5,4685,Good,4.3,No,Silver,No,No
1236,24,Male,Pokhara,149572,53814,22,7.4,15,47.8,4,6,5661,Average,4.3,Yes,Gold,Yes,Yes
1237,18,Female,Bhaktapur,40922,54634,15,9.9,7,25.6,2,0,10080,Poor,4.2,Yes,Silver,Yes,No
1238,49,Female,Chitwan,171388,22181,11,6.4,12,70.3,6,6,10386,Good,4.3,No,Basic,Yes,No
1239,30,Female,Pokhara,96996,48662,23,3.8,22,50.6,3,5,11965,Good,1.8,Yes,Gold,No,Yes
1240,47,Female,Pokhara,168040,22452,3,2.4,10,60.2,0,2,10081,Good,2.9,No,Basic,Yes,Yes
1241,40,Female,Pokhara,50266,39248,3,8.8,27,30.4,5,6,4365,Good,2.9,Yes,Premium,No,Yes
1242,36,Male,Lalitpur,175072,41801,28,8.2,28,44.4,5,4,11721,Average,4.6,No,Premium,Yes,No
1243,49,Female,Kathmandu,165083,34751,26,2.5,24,56.3,6,2,8511,Average,2.2,No,Silver,Yes,Yes
1244,47,Male,Bhaktapur,22866,22991,12,2.2,6,37.6,10,2,2835,Good,4.7,Yes,Silver,Yes,Yes
1245,46,Male,Kathmandu,132669,42311,24,7.2,16,19.5,7,2,4174,Average,2.8,Yes,Gold,Yes,Yes
1246,62,Female,Kathmandu,25898,10916,5,3.3,17,86.6,2,3,5076,Average,3.7,No,Silver,No,No
1247,46,Female,Kathmandu,38395,11143,20,3.2,21,47.0,5,1,1000,Good,2.1,No,Basic,No,Yes
1248,47,Female,Pokhara,24006,26855,7,1.7,22,66.6,9,1,10353,Good,2.6,Yes,Premium,Yes,Yes
1249,33,Female,Butwal,30956,16581,7,2.8,18,38.2,1,0,10791,Poor,3.8,No,Silver,Yes,No
1250,57,Female,Pokhara,157150,2907,13,4.4,24,33.3,8,7,8583,Poor,3.1,Yes,Basic,No,Yes
1251,36,Male,Pokhara,115676,30424,9,7.4,12,37.8,1,7,8794,Average,4.7,No,Silver,Yes,Yes
1252,35,Female,Chitwan,141724,24308,25,3.5,14,38.0,2,2,6043,Poor,3.9,No,Basic,Yes,Yes
1253,18,Female,Chitwan,82901,42984,21,3.4,22,49.9,9,1,3246,Good,3.3,Yes,Basic,Yes,Yes
1254,31,Male,Kathmandu,127227,42505,13,3.0,29,49.8,1,0,3776,Good,4.5,Yes,Silver,No,Yes
1255,64,Male,Pokhara,137192,47525,12,4.9,21,45.7,8,3,3585,Good,3.7,Yes,Silver,Yes,No
1256,19,Female,Kathmandu,51417,37942,13,2.0,28,13.9,0,2,14751,Good,3.6,No,Silver,Yes,No
1257,45,Male,Chitwan,108020,27957,24,5.0,21,45.7,4,4,6235,Average,2.0,Yes,Premium,No,Yes
1258,47,Female,Butwal,103639,26464,10,7.1,0,16.9,0,3,8296,Poor,2.6,Yes,Gold,No,Yes
1259,55,Male,Bhaktapur,114881,49476,1,0.5,28,13.1,4,0,7113,Average,3.7,No,Basic,Yes,Yes
1260,21,Male,Kathmandu,152659,24649,25,0.3,15,84.1,7,3,12229,Good,4.6,No,Basic,Yes,Yes
1261,18,Female,Butwal,141688,43065,8,0.9,4,55.2,7,4,1827,Good,2.3,No,Silver,Yes,Yes
1262,25,Male,Bhaktapur,135584,28125,22,5.4,25,60.0,10,7,8272,Good,1.9,Yes,Silver,Yes,Yes
1263,46,Male,Lalitpur,106567,35758,16,8.6,2,37.4,7,3,11166,Good,3.4,Yes,Premium,Yes,Yes
1264,56,Male,Kathmandu,95886,6596,13,0.2,22,82.0,1,0,10371,Average,1.3,Yes,Silver,No,Yes
1265,20,Male,Kathmandu,169888,17374,3,9.4,9,58.1,7,7,14945,Good,3.9,No,Basic,No,Yes
1266,49,Male,Lalitpur,49432,54150,3,1.2,18,69.7,4,7,4246,Poor,3.8,No,Silver,No,Yes
1267,27,Male,Lalitpur,92373,4775,24,8.5,4,34.4,0,7,6184,Average,2.4,No,Gold,Yes,Yes
1268,27,Female,Kathmandu,40884,28388,5,4.9,6,86.5,6,4,3062,Good,4.6,Yes,Premium,No,Yes
1269,36,Female,Lalitpur,25454,59264,26,6.7,13,74.2,5,4,4663,Good,3.0,Yes,Basic,Yes,No
1270,63,Male,Pokhara,94960,22029,11,5.2,2,77.1,4,7,3817,Average,3.6,No,Silver,Yes,Yes
1271,51,Female,Bhaktapur,122421,19445,30,4.9,12,17.2,0,3,2936,Good,1.8,Yes,Basic,No,Yes
1272,50,Female,Bhaktapur,63618,54639,7,8.4,12,25.8,0,4,6269,Average,2.7,Yes,Silver,No,Yes
1273,40,Female,Bhaktapur,67111,49474,21,7.6,9,27.1,5,6,8999,Good,4.4,Yes,Basic,Yes,Yes
1274,45,Male,Pokhara,140592,15645,24,4.9,1,25.8,9,3,12688,Good,1.9,No,Premium,Yes,Yes
1275,49,Female,Lalitpur,79993,32105,10,1.3,5,77.3,6,2,14163,Good,2.6,No,Silver,Yes,Yes
1276,24,Male,Butwal,148652,14668,10,1.3,7,4.8,9,4,6418,Good,2.3,Yes,Gold,No,Yes
1277,46,Female,Lalitpur,159920,16960,20,8.1,3,8.7,9,3,1589,Average,1.6,Yes,Premium,No,Yes
1278,25,Male,Kathmandu,98672,12357,2,5.4,24,26.1,0,2,5055,Good,2.2,No,Basic,Yes,Yes
1279,18,Male,Chitwan,86125,38203,3,4.9,11,19.6,8,4,2894,Poor,1.9,No,Gold,Yes,Yes
1280,20,Female,Bhaktapur,137509,52796,8,6.9,27,22.4,3,2,6968,Average,4.7,Yes,Premium,Yes,No
1281,41,Female,Lalitpur,81602,16804,11,8.6,14,72.2,4,5,4504,Average,4.0,No,Silver,Yes,No
1282,40,Male,Butwal,62222,51197,13,6.4,7,51.6,1,4,1166,Good,2.3,Yes,Silver,No,Yes
1283,25,Female,Kathmandu,69223,15626,7,7.7,6,2.5,9,5,6218,Average,4.1,Yes,Silver,No,Yes
1284,64,Female,Pokhara,85333,29132,13,7.7,13,39.8,7,0,5652,Good,1.1,Yes,Gold,Yes,Yes
1285,54,Female,Pokhara,142650,8951,2,3.7,22,37.9,1,0,12855,Good,3.1,Yes,Silver,Yes,No
1286,20,Male,Butwal,69420,7449,6,2.9,18,12.0,2,3,2734,Average,2.0,Yes,Silver,Yes,Yes
1287,50,Male,Kathmandu,95504,20065,9,8.1,13,61.5,8,1,6835,Good,1.5,No,Basic,Yes,Yes
1288,45,Female,Bhaktapur,22462,36967,20,3.9,21,63.8,1,5,1736,Average,4.5,Yes,Basic,Yes,Yes
1289,64,Female,Lalitpur,29460,40536,25,9.1,12,65.4,5,5,2123,Good,1.8,Yes,Basic,Yes,Yes
1290,25,Female,Kathmandu,119319,10130,2,0.9,28,66.1,3,0,1874,Average,4.3,Yes,Basic,Yes,No
1291,51,Male,Pokhara,160347,24824,18,0.8,20,2.0,6,5,7775,Good,2.7,No,Silver,Yes,Yes
1292,52,Male,Butwal,164341,42401,16,9.3,0,85.9,5,1,12003,Average,1.1,No,Basic,No,Yes
1293,49,Female,Butwal,149593,52702,25,6.6,26,73.7,9,7,6859,Poor,3.9,Yes,Basic,Yes,Yes
1294,41,Female,Lalitpur,142672,37993,12,3.9,18,81.6,8,2,676,Good,3.4,Yes,Gold,No,No
1295,31,Female,Butwal,92920,32875,7,7.6,28,3.4,8,2,14376,Good,2.4,Yes,Gold,No,Yes
1296,49,Female,Butwal,42553,50748,7,6.8,27,84.2,9,1,10045,Average,2.1,No,Gold,No,Yes
1297,63,Female,Kathmandu,175438,7054,17,5.4,0,73.3,3,5,7204,Good,1.3,Yes,Premium,Yes,Yes
1298,60,Female,Bhaktapur,64036,35273,13,1.2,3,75.7,0,5,3428,Good,4.8,No,Basic,No,Yes
1299,33,Male,Lalitpur,168441,42821,11,8.2,9,10.2,1,5,9317,Good,3.0,No,Basic,Yes,No
1300,21,Female,Kathmandu,162867,49517,6,8.7,2,67.0,7,6,8117,Average,1.3,No,Basic,No,Yes
1301,54,Male,Bhaktapur,90021,11832,29,1.9,26,86.5,9,3,11346,Average,4.5,Yes,Premium,No,Yes
1302,38,Female,Kathmandu,127205,30670,23,8.5,19,61.7,7,4,8114,Average,2.1,Yes,Gold,Yes,Yes
1303,31,Female,Chitwan,108209,50112,27,8.8,8,52.2,1,1,12300,Average,1.8,No,Basic,Yes,Yes
1304,48,Male,Kathmandu,95139,23852,14,5.6,2,85.2,3,1,4215,Average,2.1,No,Basic,No,Yes
1305,65,Male,Butwal,25368,24620,6,6.6,27,41.0,0,6,4774,Good,3.3,Yes,Silver,No,Yes
1306,35,Male,Bhaktapur,155693,29307,6,3.9,5,54.7,6,1,9086,Good,1.3,No,Basic,No,Yes
1307,24,Male,Lalitpur,78829,48551,2,3.0,5,43.9,3,7,9860,Good,2.9,No,Silver,No,Yes
1308,27,Female,Lalitpur,149036,2551,22,7.3,22,84.1,10,7,5471,Poor,4.6,Yes,Premium,No,Yes
1309,24,Male,Bhaktapur,34719,48922,20,8.6,24,8.7,7,1,13749,Average,1.8,Yes,Silver,No,Yes
1310,50,Female,Butwal,49227,28812,25,6.6,11,46.1,8,6,8889,Good,2.3,No,Premium,Yes,Yes
1311,40,Male,Pokhara,129430,14799,15,5.2,22,62.5,8,1,1468,Average,2.6,Yes,Silver,Yes,Yes
1312,38,Female,Kathmandu,158638,27312,28,1.8,29,71.7,2,5,12600,Good,3.3,No,Silver,No,Yes
1313,36,Female,Butwal,32306,40620,17,0.7,0,53.3,4,6,3655,Average,4.7,Yes,Premium,Yes,Yes
1314,65,Female,Chitwan,73822,2449,29,4.6,15,82.0,5,3,5264,Good,2.6,Yes,Silver,No,Yes
1315,36,Female,Bhaktapur,44042,56105,8,0.7,30,84.9,5,0,3004,Good,1.3,No,Silver,Yes,Yes
1316,53,Female,Kathmandu,166158,58608,5,5.8,23,7.7,9,5,8143,Average,2.4,Yes,Gold,No,Yes
1317,46,Female,Lalitpur,168459,25426,17,4.0,4,37.4,7,7,9968,Average,1.8,Yes,Premium,Yes,Yes
1318,35,Male,Pokhara,178114,36427,20,7.6,8,4.1,5,5,6506,Good,3.6,Yes,Basic,Yes,No
1319,19,Female,Chitwan,109424,41277,1,3.2,9,31.0,5,4,12859,Good,1.1,No,Basic,Yes,Yes
1320,18,Male,Lalitpur,169395,32551,22,6.0,12,49.2,3,6,13010,Average,2.2,No,Silver,Yes,Yes
1321,64,Male,Bhaktapur,38019,25277,18,5.5,14,82.1,6,7,8462,Average,3.2,Yes,Premium,No,Yes
1322,22,Female,Kathmandu,95426,57597,15,0.2,11,76.5,7,0,8443,Poor,2.1,Yes,Premium,Yes,Yes
1323,37,Male,Bhaktapur,60863,36489,5,0.9,4,13.2,2,1,1769,Good,3.2,No,Basic,No,Yes
1324,28,Female,Kathmandu,131023,59806,7,3.0,4,10.2,6,0,1864,Poor,1.5,Yes,Basic,Yes,Yes
1325,59,Male,Butwal,161355,46212,18,8.8,30,53.9,2,3,7216,Average,4.8,Yes,Premium,Yes,Yes
1326,19,Female,Pokhara,169351,10637,6,1.6,27,48.8,7,2,1423,Average,2.2,Yes,Basic,Yes,Yes
1327,20,Male,Butwal,66999,44258,22,7.2,27,25.4,0,5,970,Average,4.7,No,Basic,Yes,Yes
1328,40,Female,Butwal,82780,36693,21,9.7,29,81.2,0,6,7097,Good,2.3,Yes,Basic,Yes,Yes
1329,29,Female,Bhaktapur,42908,10824,5,7.9,17,83.6,5,6,11708,Good,4.1,No,Basic,Yes,No
1330,37,Female,Pokhara,146278,27950,30,2.6,11,37.4,9,0,10746,Average,2.0,No,Gold,No,Yes
1331,22,Female,Kathmandu,133002,24488,19,9.1,26,80.3,8,4,12975,Good,3.7,No,Silver,No,No
1332,54,Male,Kathmandu,120706,40008,10,1.1,2,35.8,3,7,10743,Average,2.3,No,Silver,No,Yes
1333,55,Female,Chitwan,142019,50664,15,4.8,25,66.8,5,3,14456,Good,3.0,Yes,Premium,No,Yes
1334,47,Male,Lalitpur,129708,1215,10,8.9,24,43.9,4,2,3454,Good,3.7,No,Basic,Yes,Yes
1335,26,Male,Chitwan,29343,41067,27,6.5,6,12.8,0,3,1648,Good,3.4,No,Basic,Yes,Yes
1336,51,Male,Chitwan,96173,12523,16,4.3,16,83.7,5,6,3586,Average,3.3,No,Gold,Yes,Yes
1337,61,Female,Kathmandu,120260,11364,12,3.1,18,42.0,8,1,9651,Good,1.3,Yes,Gold,Yes,Yes
1338,52,Male,Bhaktapur,89443,4153,18,3.9,27,66.6,2,2,1129,Average,2.0,Yes,Basic,No,Yes
1339,39,Male,Butwal,77530,24834,23,5.2,17,34.3,10,7,7907,Good,3.3,No,Basic,No,Yes
1340,61,Male,Butwal,155899,35474,1,3.3,0,3.7,2,7,1274,Average,1.1,Yes,Basic,No,Yes
1341,41,Female,Butwal,116143,44066,16,9.7,24,10.8,1,6,9051,Good,2.0,Yes,Silver,No,Yes
1342,34,Female,Pokhara,164771,35335,22,9.3,23,45.7,3,4,9209,Good,1.9,No,Basic,Yes,No
1343,27,Male,Kathmandu,134527,11400,6,8.7,30,62.7,9,2,1843,Average,2.0,No,Silver,Yes,Yes
1344,47,Female,Bhaktapur,156385,11345,3,4.3,4,31.5,2,6,7898,Good,3.1,Yes,Basic,Yes,Yes
1345,63,Female,Pokhara,164670,34896,2,7.0,26,63.2,1,4,10661,Good,3.3,No,Gold,No,Yes
1346,40,Male,Lalitpur,131362,20894,28,9.0,27,63.5,0,1,7697,Poor,4.6,No,Silver,No,Yes
1347,49,Male,Bhaktapur,48807,29899,2,8.5,1,63.9,2,4,5516,Good,2.5,No,Silver,No,Yes
1348,34,Female,Chitwan,79550,41635,30,4.3,0,45.3,9,3,11919,Good,4.7,No,Basic,Yes,Yes
1349,34,Male,Bhaktapur,23558,29229,13,1.3,6,82.5,5,0,8297,Good,3.6,No,Basic,Yes,Yes
1350,31,Female,Bhaktapur,70113,52517,9,0.9,28,45.0,8,3,3399,Good,4.7,No,Gold,Yes,Yes
1351,26,Female,Butwal,72999,6583,16,5.9,10,41.6,10,7,1434,Good,4.3,No,Gold,No,No
1352,57,Female,Bhaktapur,78219,5897,27,6.5,10,19.5,4,6,2486,Good,3.8,No,Gold,Yes,Yes
1353,19,Female,Chitwan,73218,55870,5,8.5,30,29.1,2,6,5496,Average,2.4,Yes,Gold,Yes,Yes
1354,62,Female,Chitwan,39229,7001,23,3.1,17,5.7,4,5,14516,Good,2.0,Yes,Basic,Yes,Yes
1355,42,Female,Kathmandu,95209,44881,28,1.8,16,57.8,4,3,7042,Average,1.9,Yes,Gold,No,Yes
1356,56,Male,Bhaktapur,47877,5567,21,3.9,1,23.9,4,2,5965,Good,4.8,No,Basic,Yes,Yes
1357,26,Male,Butwal,117137,10271,7,3.7,6,28.8,6,7,14006,Good,4.8,No,Basic,No,Yes
1358,39,Female,Bhaktapur,58084,48116,13,1.5,6,69.8,4,1,6811,Good,3.9,Yes,Gold,Yes,Yes
1359,60,Female,Lalitpur,101780,12703,20,6.8,9,30.8,6,7,9068,Average,4.5,Yes,Premium,Yes,Yes
1360,63,Female,Lalitpur,167878,14329,24,5.2,21,23.3,8,5,12252,Average,4.7,Yes,Gold,Yes,No
1361,21,Male,Butwal,57034,36509,29,7.3,20,16.9,4,5,10466,Average,3.0,Yes,Gold,No,Yes
1362,43,Female,Kathmandu,75468,53172,27,3.7,2,70.2,1,5,2005,Good,3.5,Yes,Premium,No,Yes
1363,46,Male,Kathmandu,170166,7256,30,3.4,29,13.4,4,6,5863,Average,2.7,Yes,Basic,Yes,Yes
1364,62,Female,Chitwan,30589,1228,26,4.8,11,41.9,7,0,11346,Average,2.7,No,Premium,Yes,Yes
1365,51,Female,Chitwan,77221,25746,13,8.8,2,46.6,3,4,1510,Good,1.2,Yes,Silver,No,Yes
1366,40,Male,Pokhara,21657,17678,27,0.6,10,62.5,1,2,13982,Good,2.7,No,Gold,No,Yes
1367,54,Male,Butwal,118300,38052,26,8.1,28,57.7,9,7,3977,Good,3.7,No,Gold,Yes,Yes
1368,28,Female,Bhaktapur,137229,58769,7,3.8,11,73.3,2,6,8241,Average,2.7,No,Silver,Yes,Yes
1369,23,Female,Butwal,59531,47032,10,8.6,24,5.9,8,7,9922,Good,4.5,Yes,Gold,No,No
1370,35,Female,Pokhara,72227,47158,15,8.1,3,28.1,8,1,9869,Average,2.3,No,Basic,No,Yes
1371,38,Male,Chitwan,23164,24185,21,3.6,24,26.7,7,6,4357,Good,1.5,No,Premium,No,Yes
1372,59,Male,Butwal,113078,34686,27,7.0,15,14.8,7,0,10787,Good,4.2,Yes,Basic,No,Yes
1373,53,Male,Butwal,61247,12445,6,1.8,19,27.4,7,7,10364,Good,3.7,Yes,Basic,Yes,Yes
1374,58,Male,Chitwan,170673,34266,5,9.0,17,29.3,7,6,10620,Good,2.0,Yes,Basic,No,Yes
1375,55,Male,Pokhara,70599,3809,23,4.2,30,47.9,7,6,4339,Good,3.1,No,Basic,Yes,Yes
1376,51,Male,Chitwan,155624,38729,28,4.7,3,60.4,0,3,11870,Good,2.6,No,Basic,No,Yes
1377,34,Female,Kathmandu,160489,42785,2,7.1,21,35.5,5,1,4768,Average,4.8,Yes,Basic,No,Yes
1378,54,Female,Bhaktapur,88207,37547,21,8.2,5,65.3,8,5,3053,Good,3.4,Yes,Silver,Yes,Yes
1379,42,Male,Chitwan,92055,43818,15,2.5,20,31.6,7,1,11137,Good,1.6,No,Silver,No,Yes
1380,55,Female,Pokhara,122266,35886,26,6.7,30,27.5,2,1,4889,Good,3.0,No,Basic,No,Yes
1381,29,Female,Lalitpur,98270,7391,16,4.0,14,49.6,10,3,1051,Good,4.5,No,Basic,No,No
1382,40,Male,Kathmandu,131426,1145,19,3.8,0,4.1,0,4,6066,Good,3.7,No,Premium,Yes,No
1383,59,Female,Lalitpur,154794,14929,9,7.0,2,9.0,1,6,11589,Good,4.4,No,Basic,Yes,Yes
1384,39,Male,Chitwan,90442,25326,29,4.0,4,38.8,10,2,9731,Good,2.0,No,Basic,No,Yes
1385,38,Male,Kathmandu,115632,30991,22,3.6,21,85.0,1,5,6258,Good,4.6,Yes,Basic,No,No
1386,44,Female,Bhaktapur,41438,48685,29,8.4,29,65.5,6,7,9576,Poor,4.0,Yes,Basic,Yes,Yes
1387,48,Male,Chitwan,78819,38333,26,1.2,16,9.8,5,4,14160,Good,3.9,No,Gold,Yes,No
1388,23,Male,Bhaktapur,63856,17576,19,6.8,29,76.5,10,0,3551,Good,2.4,Yes,Silver,Yes,Yes
1389,44,Male,Butwal,61938,55339,7,2.6,13,66.4,1,6,5822,Good,4.6,Yes,Silver,Yes,Yes
1390,57,Male,Lalitpur,79807,40405,4,0.4,8,55.8,7,5,12921,Good,3.6,No,Basic,No,Yes
1391,51,Male,Kathmandu,69877,29464,30,1.8,29,74.2,8,2,13558,Average,4.4,No,Gold,No,Yes
1392,29,Male,Bhaktapur,63461,9243,3,6.1,2,37.6,6,6,12289,Good,2.4,No,Gold,No,Yes
1393,62,Male,Pokhara,113474,32601,24,7.1,25,21.5,3,0,3055,Good,1.6,No,Basic,No,Yes
1394,24,Male,Bhaktapur,103136,3410,29,0.4,12,47.1,0,3,1589,Average,2.3,No,Basic,Yes,Yes
1395,27,Female,Pokhara,40435,2820,20,0.6,2,50.3,3,4,13267,Good,2.8,Yes,Basic,No,Yes
1396,62,Female,Chitwan,165263,53116,11,9.0,10,49.4,3,6,13650,Poor,3.1,No,Gold,No,Yes
1397,34,Female,Kathmandu,104726,36289,1,0.9,1,51.7,7,5,958,Average,3.0,Yes,Basic,No,Yes
1398,43,Male,Bhaktapur,178458,52720,6,9.0,23,85.5,3,1,5221,Good,3.2,Yes,Silver,Yes,Yes
1399,38,Male,Bhaktapur,74786,39650,26,2.4,14,81.4,3,7,12946,Good,4.4,Yes,Basic,Yes,Yes
1400,45,Female,Kathmandu,33704,35635,11,7.5,12,79.1,1,7,6804,Good,1.7,No,Basic,Yes,Yes
1401,63,Female,Bhaktapur,76635,8465,27,3.2,18,72.5,9,7,14065,Good,2.3,Yes,Basic,No,Yes
1402,19,Female,Pokhara,153195,57754,1,8.6,21,85.0,6,2,10699,Good,4.6,No,Basic,Yes,Yes
1403,60,Male,Bhaktapur,110710,33439,21,7.1,15,10.7,3,6,2420,Good,3.2,Yes,Basic,No,Yes
1404,18,Female,Lalitpur,82993,28314,7,4.1,17,25.3,10,7,13727,Poor,3.3,Yes,Silver,No,Yes
1405,53,Female,Chitwan,132752,45229,6,0.9,6,45.6,5,5,8194,Good,2.9,No,Silver,Yes,Yes
1406,43,Male,Butwal,176488,20583,14,7.4,12,76.5,2,1,6168,Average,3.2,No,Silver,No,No
1407,46,Female,Pokhara,152886,28155,2,6.2,3,46.5,6,5,6798,Average,1.8,Yes,Gold,No,Yes
1408,38,Male,Lalitpur,98537,39871,27,0.2,8,67.8,5,6,7129,Average,3.2,No,Gold,No,Yes
1409,28,Male,Chitwan,70258,13197,4,0.3,29,14.2,2,0,13219,Good,5.0,No,Gold,Yes,No
1410,57,Male,Kathmandu,167580,30511,11,8.1,9,24.2,3,1,5646,Good,3.3,No,Premium,Yes,No
1411,28,Female,Pokhara,105166,16424,15,2.7,8,66.4,9,1,1503,Average,1.2,No,Basic,Yes,Yes
1412,53,Female,Butwal,133710,49821,18,6.4,6,16.5,4,5,3583,Average,4.2,Yes,Basic,Yes,No
1413,56,Male,Chitwan,55699,1240,27,4.7,14,32.9,8,3,10806,Poor,2.6,No,Silver,No,Yes
1414,57,Female,Butwal,66335,53592,1,8.7,27,25.3,5,6,3089,Average,1.6,Yes,Silver,No,Yes
1415,52,Female,Kathmandu,66806,5631,3,9.2,7,32.8,3,7,10835,Good,4.5,No,Silver,No,Yes
1416,51,Female,Kathmandu,97853,10599,3,10.0,18,64.3,10,3,4810,Good,1.8,No,Basic,Yes,Yes
1417,64,Female,Pokhara,55739,45462,28,1.7,10,34.4,10,4,2741,Good,4.7,No,Silver,Yes,No
1418,41,Male,Bhaktapur,54785,25658,7,8.7,4,50.9,6,7,6266,Average,2.8,Yes,Premium,No,Yes
1419,39,Female,Kathmandu,105016,38845,1,2.8,1,10.8,1,0,14101,Good,4.0,No,Basic,No,Yes
1420,22,Male,Chitwan,152681,33574,25,6.0,9,72.8,3,3,8211,Average,3.2,No,Premium,Yes,Yes
1421,50,Male,Bhaktapur,86253,37536,11,5.2,15,34.6,4,5,5480,Poor,2.0,No,Silver,Yes,Yes
1422,53,Female,Lalitpur,111128,42910,6,0.4,22,59.1,3,6,10778,Average,3.7,No,Basic,No,Yes
1423,64,Male,Butwal,179213,8995,20,9.3,12,65.8,3,3,14675,Good,4.8,Yes,Silver,Yes,No
1424,37,Female,Bhaktapur,147581,26186,3,1.0,7,20.5,10,4,1438,Good,4.1,No,Silver,Yes,Yes
1425,36,Female,Butwal,130966,30245,19,6.9,8,79.9,8,2,13726,Average,3.4,No,Silver,Yes,Yes
1426,52,Male,Bhaktapur,157854,23813,2,7.9,10,56.2,10,4,4801,Good,5.0,Yes,Silver,Yes,Yes
1427,60,Male,Lalitpur,119352,14276,18,8.0,10,39.7,1,1,4470,Good,2.1,No,Silver,Yes,Yes
1428,34,Male,Kathmandu,177005,20989,30,1.5,22,18.0,5,7,13729,Good,1.2,No,Basic,Yes,Yes
1429,62,Male,Lalitpur,97154,13746,12,4.6,25,84.9,7,6,4499,Good,1.1,No,Basic,Yes,Yes
1430,60,Female,Kathmandu,159379,45243,29,8.3,30,68.4,7,1,5150,Good,3.8,Yes,Basic,No,No
1431,51,Female,Kathmandu,128297,19557,10,3.2,15,20.3,10,3,7127,Poor,4.3,No,Premium,No,Yes
1432,26,Female,Butwal,58346,29060,5,4.8,9,31.7,6,3,3908,Poor,3.5,Yes,Basic,Yes,Yes
1433,43,Male,Chitwan,132138,59866,9,2.9,28,73.3,9,4,14307,Poor,4.6,Yes,Premium,No,Yes
1434,19,Male,Lalitpur,70772,7568,2,4.7,23,63.2,10,4,9462,Good,3.8,Yes,Basic,Yes,Yes
1435,26,Male,Bhaktapur,60149,36369,2,8.9,11,69.4,3,5,748,Poor,2.5,Yes,Basic,Yes,Yes
1436,26,Female,Lalitpur,106700,20041,28,4.7,24,40.8,6,0,13885,Poor,1.7,Yes,Basic,Yes,Yes
1437,57,Male,Butwal,178598,7080,6,5.6,5,65.0,9,5,9064,Poor,4.7,Yes,Basic,No,Yes
1438,34,Female,Kathmandu,116758,14854,29,4.2,27,36.0,5,1,6450,Average,1.4,Yes,Premium,Yes,Yes
1439,18,Male,Butwal,148447,57477,10,4.7,11,20.6,10,5,3426,Average,3.2,No,Gold,Yes,Yes
1440,42,Female,Pokhara,25695,3159,18,0.3,9,57.7,5,4,8475,Good,2.3,No,Premium,No,Yes
1441,60,Female,Pokhara,59169,28025,12,3.0,17,87.9,1,6,4357,Average,2.1,No,Gold,Yes,Yes
1442,57,Male,Bhaktapur,67947,53982,4,4.5,17,29.3,7,5,5430,Good,3.6,No,Silver,No,Yes
1443,59,Male,Butwal,65865,42081,22,6.4,3,42.6,7,2,7514,Good,1.9,No,Gold,No,Yes
1444,42,Female,Bhaktapur,176625,5368,21,4.6,30,61.3,10,7,9393,Poor,4.7,No,Silver,No,Yes
1445,56,Female,Bhaktapur,124501,35085,17,3.5,8,49.7,6,0,10877,Good,2.6,Yes,Gold,Yes,Yes
1446,52,Male,Pokhara,80410,54645,15,4.0,6,76.2,10,4,7466,Good,3.7,No,Basic,Yes,Yes
1447,20,Male,Bhaktapur,123754,28094,6,2.6,17,69.0,8,6,9633,Poor,3.9,No,Silver,No,Yes
1448,54,Female,Pokhara,110895,47040,16,9.3,7,7.1,7,3,12606,Poor,3.7,No,Silver,No,Yes
1449,61,Male,Kathmandu,175888,2230,17,5.3,10,89.9,8,7,7087,Good,4.6,No,Basic,No,Yes
1450,61,Female,Butwal,70705,18517,3,0.3,6,68.2,8,5,6996,Average,1.9,Yes,Silver,Yes,Yes
1451,47,Female,Bhaktapur,135700,24991,10,0.4,8,78.0,5,4,5591,Good,1.3,No,Gold,Yes,Yes
1452,55,Male,Pokhara,93914,2301,5,9.7,7,59.3,1,3,9485,Good,1.2,No,Silver,Yes,Yes
1453,51,Male,Lalitpur,21881,29610,14,2.4,2,77.4,6,3,1177,Good,4.5,Yes,Silver,Yes,Yes
1454,29,Male,Bhaktapur,67365,16927,26,8.1,16,11.9,2,1,6409,Good,4.9,Yes,Basic,Yes,No
1455,36,Male,Chitwan,99211,35678,29,0.8,1,32.6,6,1,2061,Good,2.2,Yes,Gold,Yes,Yes
1456,54,Male,Kathmandu,176078,25466,21,9.2,14,79.1,8,6,4553,Good,3.8,Yes,Silver,No,Yes
1457,61,Female,Kathmandu,61198,15904,13,8.8,13,19.7,9,4,9144,Poor,1.0,Yes,Premium,Yes,Yes
1458,34,Female,Lalitpur,173903,41875,26,5.8,28,8.9,9,7,11158,Average,1.8,No,Premium,Yes,Yes
1459,27,Male,Pokhara,120649,27081,6,0.3,17,71.4,1,6,4156,Poor,3.8,Yes,Premium,Yes,Yes
1460,64,Male,Bhaktapur,167531,25354,12,2.7,15,75.5,5,4,5734,Average,1.3,No,Basic,Yes,Yes
1461,29,Male,Pokhara,156949,28761,26,4.2,19,16.3,5,2,4646,Good,2.9,No,Basic,Yes,Yes
1462,33,Female,Kathmandu,59553,19300,8,4.7,21,77.2,8,0,5988,Poor,3.7,No,Premium,Yes,Yes
1463,41,Male,Pokhara,155994,30491,5,3.1,3,62.4,8,0,8581,Poor,4.1,Yes,Gold,Yes,Yes
1464,36,Male,Kathmandu,142778,57148,30,0.5,24,47.8,4,7,12446,Good,2.8,No,Premium,No,Yes
1465,25,Female,Pokhara,137018,36525,15,6.0,19,75.1,4,4,14326,Good,3.5,Yes,Silver,Yes,Yes
1466,48,Female,Lalitpur,155758,27532,27,5.3,5,38.9,8,1,709,Average,3.2,Yes,Silver,No,Yes
1467,38,Male,Butwal,52766,7464,16,3.0,5,19.1,7,7,5483,Average,1.2,No,Basic,No,Yes
1468,34,Male,Lalitpur,52006,17562,1,0.6,25,27.1,6,5,7641,Poor,4.0,No,Gold,No,Yes
1469,40,Male,Lalitpur,51422,42856,16,9.9,10,46.5,7,6,10618,Good,1.7,No,Gold,Yes,Yes
1470,54,Female,Butwal,136590,56514,5,4.9,25,48.8,5,2,5445,Good,1.1,Yes,Basic,Yes,Yes
1471,33,Male,Butwal,32205,48892,3,7.6,16,72.9,2,0,8480,Good,2.8,Yes,Basic,No,No
1472,23,Male,Bhaktapur,174599,48028,20,4.6,23,71.6,6,4,4466,Average,4.5,Yes,Silver,No,Yes
1473,25,Male,Bhaktapur,169515,43511,15,0.6,27,53.2,7,1,10569,Good,1.6,No,Gold,No,Yes
1474,42,Female,Lalitpur,167596,9683,13,3.2,2,70.7,7,1,9318,Good,1.1,Yes,Basic,Yes,Yes
1475,35,Female,Lalitpur,136477,33634,24,3.3,30,18.9,0,1,11418,Good,1.4,No,Basic,No,Yes
1476,42,Male,Kathmandu,48202,1060,16,8.4,12,6.4,6,6,10150,Average,2.5,Yes,Basic,No,Yes
1477,29,Male,Kathmandu,81692,10269,23,6.6,21,78.9,2,5,3324,Good,3.3,Yes,Basic,No,No
1478,32,Female,Bhaktapur,40855,24065,11,2.9,2,8.6,1,3,1750,Good,1.8,No,Premium,Yes,Yes
1479,43,Female,Chitwan,45095,3895,21,9.7,15,23.7,1,7,5258,Average,4.2,Yes,Gold,Yes,Yes
1480,58,Female,Chitwan,69241,16323,2,3.4,14,63.2,7,6,4863,Poor,4.0,No,Gold,Yes,Yes
1481,62,Female,Bhaktapur,123119,13352,22,10.0,10,38.0,8,5,2663,Good,3.8,No,Gold,Yes,No
1482,43,Female,Kathmandu,72003,45643,27,10.0,17,79.1,2,1,10315,Good,2.9,Yes,Silver,No,No
1483,64,Female,Kathmandu,114837,50737,6,2.1,14,28.2,2,4,2353,Poor,2.5,Yes,Gold,No,Yes
1484,49,Female,Chitwan,114283,39591,26,3.3,4,3.0,5,7,1253,Good,2.5,No,Premium,No,Yes
1485,27,Female,Pokhara,167044,31890,26,5.0,15,28.5,10,2,5948,Average,3.0,No,Gold,Yes,Yes
1486,33,Female,Pokhara,143805,33016,30,6.7,29,52.9,9,5,2368,Average,1.3,No,Silver,No,Yes
1487,24,Male,Kathmandu,113846,12962,27,5.4,15,35.1,0,4,13851,Good,3.7,Yes,Gold,Yes,Yes
1488,34,Male,Pokhara,42927,34302,6,9.7,16,49.1,5,6,681,Average,2.4,Yes,Premium,No,Yes
1489,40,Male,Butwal,140589,20846,14,7.3,8,79.1,2,6,2013,Average,1.9,Yes,Basic,No,Yes
1490,43,Female,Bhaktapur,135657,5011,25,2.3,26,82.3,10,7,9594,Good,2.1,Yes,Basic,Yes,Yes
1491,38,Male,Bhaktapur,86630,20782,11,1.2,22,25.4,3,1,3844,Good,1.7,No,Premium,Yes,Yes
1492,39,Female,Kathmandu,124428,3155,8,6.9,2,42.7,8,2,5738,Poor,4.6,Yes,Premium,Yes,Yes
1493,24,Female,Lalitpur,142035,56118,8,1.8,19,50.3,2,0,12145,Good,1.7,No,Silver,Yes,Yes
1494,31,Male,Chitwan,146244,57481,1,7.9,12,85.5,0,0,7589,Average,4.5,Yes,Silver,No,Yes
1495,32,Female,Kathmandu,89518,40725,21,3.2,21,89.9,2,6,12299,Poor,3.3,No,Basic,Yes,Yes
1496,24,Male,Pokhara,101326,10196,7,3.4,2,22.7,6,4,6901,Good,4.5,Yes,Silver,Yes,Yes
1497,26,Male,Chitwan,163277,44459,6,0.3,27,66.0,6,2,14294,Average,2.9,Yes,Premium,Yes,No
1498,65,Male,Lalitpur,140243,22709,21,7.1,6,35.3,10,4,3056,Poor,4.7,No,Basic,No,Yes
1499,25,Female,Pokhara,32748,14327,8,1.3,28,2.7,4,2,10831,Good,1.8,Yes,Silver,Yes,Yes
1500,40,Male,Butwal,172169,58670,19,7.8,5,2.8,0,2,6598,Good,3.2,No,Premium,Yes,Yes
