Customer_ID,Age,Gender,City,Monthly_Income,Monthly_Spending,Purchase_Frequency,Average_Order_Value,Website_Visits,Avg_Time_On_Website,Discount_Usage,Loyalty_Years,Previous_Purchases,Membership,Satisfaction_Score,Mobile_Shopping,Return_Orders,Annual_Spending
1,56,Male,Kathmandu,172697,4092,19,7360,89,4.2,35,8.1,24,Silver,1.5,Yes,1,49104.0
2,46,Female,Kathmandu,148557,54311,2,8544,66,9.1,32,1.5,3,Gold,2.1,Yes,9,658857.13
3,32,Male,Kathmandu,47076,23692,10,8669,66,59.2,30,7.2,50,Premium,3.0,Yes,1,284304.0
4,60,Female,Pokhara,64605,24862,18,9242,16,20.3,20,4.5,10,Basic,3.5,Yes,2,304969.2
5,25,Female,Bhaktapur,104565,25860,17,6220,73,8.7,26,3.1,16,Silver,1.7,Yes,7,310320.0
6,38,Male,Butwal,59121,14971,5,9633,28,8.2,71,0.7,43,Silver,1.0,Yes,0,179652.0
7,56,Male,Kathmandu,51433,15616,12,1227,77,43.7,61,5.0,1,Basic,2.4,No,6,190718.97
8,36,Female,Pokhara,63309,5933,6,5475,35,51.6,25,3.7,5,Basic,2.9,Yes,5,73515.67
9,40,Male,Pokhara,87468,5926,9,11554,41,16.9,65,2.7,8,Basic,1.7,No,1,82707.04
10,28,Female,Pokhara,87293,26763,20,3743,77,3.2,11,7.0,4,Silver,3.0,Yes,8,321156.0
11,28,Male,Bhaktapur,116258,4969,1,1148,31,14.9,21,7.7,19,Premium,2.4,Yes,4,61410.07
12,41,Male,Butwal,58405,36733,15,5595,85,5.3,16,2.6,28,Gold,2.8,Yes,1,442756.22
13,53,Female,Bhaktapur,63527,5319,6,14309,32,8.0,6,0.7,20,Silver,2.4,Yes,2,69118.92
14,57,Male,Lalitpur,97227,42743,19,7114,54,27.0,67,8.5,8,Basic,3.5,Yes,6,515564.99
15,41,Female,Pokhara,151564,40876,18,11429,98,15.3,36,0.3,27,Basic,1.2,Yes,6,490512.0
16,20,Male,Lalitpur,159883,42909,6,14400,72,31.9,37,9.4,7,Silver,1.7,No,9,514908.0
17,39,Female,Chitwan,113344,21323,13,11439,59,16.7,10,6.4,30,Silver,2.7,Yes,0,257609.11
18,19,Female,Kathmandu,175344,17428,1,7635,41,56.6,0,3.4,19,Basic,2.4,Yes,9,211008.1
19,41,Male,Kathmandu,67153,35578,13,1509,66,54.5,24,2.6,26,Silver,2.6,No,10,430093.08
20,61,Female,Bhaktapur,128042,21950,7,2050,96,34.9,41,0.3,7,Premium,4.2,No,10,263400.0
21,47,Male,Butwal,74110,44041,15,9495,54,22.6,51,2.5,20,Gold,4.5,Yes,3,529882.76
22,55,Male,Lalitpur,165051,42789,12,12772,40,24.1,23,1.5,27,Gold,2.0,Yes,5,513468.0
23,19,Male,Butwal,48328,19293,1,7992,28,25.9,52,6.2,22,Gold,4.3,Yes,7,231516.0
24,38,Female,Bhaktapur,132911,7364,15,13001,37,44.2,55,1.8,5,Basic,2.8,Yes,2,93045.65
25,50,Female,Kathmandu,32867,36349,4,12956,65,28.2,62,5.4,2,Basic,2.1,Yes,2,437087.18
26,29,Male,Butwal,79234,1691,13,3901,74,51.7,80,6.0,4,Gold,4.9,Yes,7,22671.1
27,39,Male,Butwal,45851,31062,5,7947,55,56.8,7,3.1,8,Gold,4.3,Yes,7,372744.0
28,61,Female,Kathmandu,51279,1931,2,13765,4,21.5,58,0.5,6,Silver,5.0,No,7,23172.0
29,42,Male,Lalitpur,93402,46896,1,5924,99,34.5,44,0.6,3,Basic,1.7,No,0,562752.0
30,44,Male,Kathmandu,35449,58062,16,4741,10,7.5,26,0.5,38,Silver,1.6,Yes,7,697932.42
31,59,Female,Butwal,96221,32730,6,14586,47,13.6,51,7.4,4,Basic,3.0,Yes,7,396189.59
32,45,Male,Lalitpur,109080,15226,16,13303,75,26.0,17,3.3,10,Basic,3.6,Yes,1,182712.0
33,33,Female,Lalitpur,25451,14861,14,3661,14,14.0,15,8.0,14,Basic,1.7,Yes,8,178332.0
34,32,Male,Kathmandu,107178,32301,3,13240,38,52.8,65,4.4,33,Silver,4.4,Yes,6,389617.19
35,64,Female,Butwal,83761,49243,15,4655,12,11.2,4,4.6,12,Basic,3.1,No,7,592251.26
36,61,Male,Bhaktapur,58870,23766,3,7978,45,28.4,2,5.2,47,Basic,2.6,Yes,1,287587.86
37,20,Male,Butwal,116566,37174,2,9219,17,37.1,80,7.2,6,Gold,3.4,Yes,3,450370.49
38,54,Female,Pokhara,143749,42107,1,11990,80,42.1,79,2.9,39,Silver,3.5,Yes,6,509171.79
39,24,Male,Chitwan,143765,51184,9,9715,35,24.2,69,1.4,5,Silver,1.2,No,5,621012.07
40,38,Female,Bhaktapur,144881,18695,9,7117,66,52.4,6,5.6,38,Silver,5.0,No,6,224482.09
41,26,Male,Lalitpur,148389,42347,7,6160,75,35.0,49,3.4,49,Premium,2.5,No,0,508164.0
42,56,Female,Bhaktapur,45372,4121,3,12426,41,27.5,13,4.5,29,Basic,1.2,Yes,7,54656.2
43,35,Female,Lalitpur,23642,19257,18,13890,67,5.9,37,6.5,21,Basic,4.4,Yes,6,235625.78
44,21,Female,Lalitpur,179073,29164,11,9124,29,29.0,78,5.0,24,Silver,5.0,Yes,3,349968.0
45,42,Female,Bhaktapur,54064,26491,7,1676,18,49.6,46,6.3,27,Basic,4.3,Yes,0,323421.43
46,31,Male,Lalitpur,34122,24165,9,8456,20,37.6,32,5.5,19,Silver,4.4,No,7,290352.64
47,26,Male,Lalitpur,175892,49714,1,9092,14,50.3,42,7.5,38,Silver,3.5,Yes,9,602949.62
48,43,Female,Pokhara,88431,4748,14,10796,34,30.7,28,7.1,2,Premium,4.7,Yes,6,65622.08
49,19,Female,Butwal,75745,34045,20,11742,49,8.9,56,5.4,4,Premium,1.1,Yes,7,421745.36
50,37,Female,Butwal,70081,27553,6,2733,54,2.8,4,6.9,0,Premium,4.1,Yes,9,330947.19
51,45,Male,Chitwan,159783,52011,7,11137,31,19.6,59,8.8,14,Basic,3.7,Yes,0,631209.15
52,64,Male,Chitwan,169865,45331,10,5200,58,42.5,69,4.4,25,Gold,1.2,Yes,4,548241.23
53,24,Male,Pokhara,159271,31497,7,11527,42,47.8,1,4.2,2,Basic,3.2,Yes,8,382698.81
54,61,Male,Chitwan,96253,32308,2,14993,58,19.2,69,7.7,39,Silver,3.1,Yes,4,389818.16
55,25,Female,Bhaktapur,56191,56081,4,6406,82,30.7,42,5.9,40,Gold,3.8,No,9,677727.52
56,64,Female,Kathmandu,30211,40560,17,8360,30,26.4,3,0.9,46,Basic,1.3,Yes,2,486720.0
57,52,Female,Kathmandu,131086,54865,1,8026,25,25.8,55,8.9,41,Silver,4.2,Yes,8,658380.0
58,31,Male,Kathmandu,172614,47686,10,6059,63,15.4,58,0.5,33,Basic,1.6,Yes,8,572232.0
59,34,Male,Pokhara,121971,11374,19,7232,19,9.9,8,7.5,4,Basic,2.7,Yes,3,136488.0
60,53,Male,Pokhara,113783,5675,15,3013,72,13.4,2,7.6,30,Premium,4.5,No,3,68100.0
61,57,Female,Lalitpur,145681,2170,10,8330,92,5.2,47,9.5,50,Basic,3.2,Yes,10,26040.0
62,21,Female,Kathmandu,107893,42449,19,10465,8,13.5,42,0.7,12,Basic,2.5,Yes,7,509388.0
63,19,Male,Bhaktapur,178763,44485,12,7444,95,2.5,0,6.0,42,Silver,1.2,No,6,534741.55
64,23,Female,Chitwan,97960,59526,16,8410,3,38.4,56,4.4,0,Gold,3.7,No,10,714312.0
65,59,Male,Bhaktapur,104388,13450,9,6149,67,20.3,52,3.4,21,Basic,4.9,Yes,4,166661.69
66,21,Male,Chitwan,42601,11680,15,1596,86,58.4,15,1.1,14,Silver,4.6,Yes,5,140160.0
67,46,Female,Kathmandu,169092,11068,17,9620,81,13.2,50,5.7,25,Premium,3.9,Yes,2,132816.0
68,35,Male,Kathmandu,159227,55460,14,2451,100,22.1,74,4.9,17,Basic,1.4,No,5,668177.25
69,43,Female,Kathmandu,39710,36230,18,10665,17,22.8,54,1.2,47,Basic,2.0,Yes,7,434760.0
70,61,Male,Pokhara,128714,47418,2,14852,14,2.5,0,6.2,8,Gold,1.7,Yes,9,569016.0
71,51,Female,Chitwan,175604,27206,4,10246,9,50.7,27,7.4,0,Silver,2.4,Yes,10,326472.0
72,27,Female,Pokhara,148727,1287,18,11470,62,3.9,52,7.7,42,Gold,1.9,Yes,8,19989.69
73,53,Female,Pokhara,169673,23337,7,13113,94,56.5,57,9.1,8,Basic,2.0,No,2,280044.0
74,31,Male,Butwal,83227,21666,13,9686,21,53.7,72,4.2,22,Premium,3.5,No,7,259992.0
75,48,Male,Bhaktapur,156039,52059,15,8299,76,33.1,59,9.5,42,Premium,2.3,Yes,2,633079.31
76,65,Female,Bhaktapur,104289,2161,1,9304,37,33.5,58,8.7,44,Basic,3.7,Yes,1,29389.87
77,32,Female,Lalitpur,171094,50281,11,11285,96,39.9,21,3.1,1,Basic,4.8,Yes,4,603372.0
78,25,Male,Pokhara,25722,56489,10,1095,11,24.4,7,1.8,13,Premium,3.6,No,3,677868.0
79,31,Male,Chitwan,178485,36131,5,13708,20,39.5,48,4.5,37,Silver,4.0,No,4,433572.0
80,40,Male,Butwal,101050,25535,16,8375,35,4.6,41,4.1,39,Silver,4.0,No,5,306420.0
81,57,Female,Butwal,103596,33528,11,9533,53,5.1,26,5.8,17,Silver,2.3,No,2,409654.41
82,38,Male,Bhaktapur,86732,39751,6,14013,47,28.5,38,5.9,15,Gold,1.1,Yes,0,477012.0
83,33,Male,Pokhara,163369,17527,9,4939,75,33.9,24,7.5,28,Gold,1.2,No,3,218125.28
84,62,Female,Lalitpur,88323,41975,13,6472,52,53.5,37,5.2,43,Basic,2.1,Yes,5,505884.67
85,35,Male,Pokhara,43816,24853,8,1358,8,8.1,23,1.2,10,Basic,3.8,Yes,1,298236.0
86,64,Male,Kathmandu,60695,15758,14,6019,4,49.7,23,8.6,5,Premium,4.6,Yes,1,193705.08
87,41,Male,Pokhara,170774,1244,1,7885,27,14.2,59,3.2,2,Gold,4.8,Yes,0,14928.0
88,43,Female,Kathmandu,176314,51078,17,9136,44,24.9,49,9.7,13,Silver,1.1,No,8,612936.0
89,42,Female,Kathmandu,75841,4178,5,10480,40,20.4,65,1.4,1,Premium,5.0,Yes,2,50136.0
90,62,Female,Lalitpur,148498,32831,2,4817,47,25.2,13,9.6,31,Gold,2.3,No,1,395246.54
91,58,Female,Chitwan,127096,3176,9,3954,94,10.7,52,1.1,30,Basic,4.4,Yes,3,38421.69
92,46,Female,Bhaktapur,112764,38770,4,12644,44,31.2,31,2.5,10,Gold,1.7,Yes,5,468457.39
93,32,Female,Pokhara,105744,34654,17,13379,48,48.5,47,0.7,21,Silver,1.3,Yes,0,421335.15
94,62,Female,Kathmandu,48482,58684,17,1530,91,27.6,38,7.1,2,Basic,2.5,Yes,8,704208.0
95,18,Male,Pokhara,29171,27627,18,9987,85,30.5,39,8.5,49,Basic,4.4,Yes,8,331524.0
96,42,Male,Chitwan,120755,53550,16,8406,52,51.2,41,4.5,30,Gold,1.9,Yes,7,642600.0
97,24,Female,Bhaktapur,128125,47489,8,13805,84,43.0,76,9.3,32,Premium,1.6,No,5,569868.0
98,26,Male,Chitwan,150722,45910,11,10755,68,30.4,75,6.0,23,Basic,4.6,Yes,3,550920.0
99,41,Male,Bhaktapur,126082,25881,18,1947,11,16.9,7,6.4,0,Basic,4.8,Yes,1,312730.33
100,18,Female,Butwal,23696,59251,10,10737,77,53.3,78,8.5,43,Silver,1.1,No,7,713465.39
101,61,Male,Bhaktapur,146310,36422,13,13311,73,35.5,25,3.1,14,Gold,3.9,Yes,6,437064.0
102,25,Male,Lalitpur,171130,12984,17,3350,4,14.8,11,3.7,36,Gold,2.2,Yes,3,155808.0
103,41,Male,Chitwan,171385,24776,18,12516,76,17.6,42,9.1,26,Silver,2.5,Yes,2,297312.0
104,28,Male,Kathmandu,39149,18755,10,10760,73,48.6,50,9.0,37,Silver,2.9,Yes,5,225060.0
105,34,Male,Butwal,150064,8135,16,12453,77,4.6,62,9.8,47,Basic,2.7,Yes,0,97620.0
106,25,Female,Lalitpur,73521,1320,20,8606,48,59.5,48,9.0,26,Silver,3.1,Yes,1,15840.0
107,52,Female,Pokhara,65740,38422,5,10967,26,9.6,26,1.4,43,Basic,3.3,Yes,6,465290.52
108,52,Female,Chitwan,126611,29635,13,7651,77,48.2,8,8.3,11,Premium,2.9,Yes,10,359842.02
109,50,Male,Kathmandu,156028,22684,18,10500,39,24.9,38,4.2,2,Basic,3.8,Yes,2,282855.41
110,22,Female,Bhaktapur,86641,56913,17,10003,92,30.5,64,9.9,29,Gold,3.9,Yes,0,684157.63
111,59,Male,Kathmandu,83811,24238,9,7452,58,53.1,70,4.8,31,Basic,2.8,No,1,290856.0
112,56,Male,Pokhara,83232,22889,14,4555,19,25.9,70,5.6,22,Silver,1.6,Yes,9,274727.86
113,58,Male,Butwal,35417,31313,17,5902,88,33.2,6,5.4,1,Basic,3.6,Yes,9,375756.0
114,45,Male,Butwal,175801,33535,4,11143,83,4.9,71,3.4,6,Basic,4.1,No,8,402420.0
115,24,Female,Chitwan,132492,49899,18,9781,77,2.1,79,0.9,33,Basic,3.6,No,6,600387.61
116,26,Female,Butwal,50099,59475,20,2172,77,16.2,66,9.0,31,Gold,3.4,No,6,714666.78
117,25,Male,Chitwan,163674,11770,15,12367,58,41.5,9,8.1,38,Silver,1.9,No,9,141240.0
118,29,Female,Chitwan,138474,40321,11,5032,28,9.0,70,1.6,31,Gold,3.6,Yes,7,483852.0
119,51,Male,Chitwan,29256,21426,12,5424,66,8.6,52,7.8,42,Silver,2.3,Yes,7,260271.51
120,50,Female,Bhaktapur,54681,45327,9,13046,10,25.8,56,6.3,42,Silver,4.7,Yes,8,543924.0
121,65,Female,Lalitpur,111328,42777,13,10695,86,39.6,26,4.2,13,Silver,3.6,Yes,1,513324.0
122,40,Male,Chitwan,63361,47250,15,6585,77,43.3,53,2.7,2,Premium,2.1,Yes,7,569375.41
123,41,Female,Chitwan,54540,8498,15,12890,58,12.4,3,8.6,45,Silver,2.9,Yes,7,107033.4
124,54,Male,Lalitpur,177608,40404,5,13780,73,6.6,22,7.1,31,Basic,4.4,No,4,489448.69
125,52,Female,Kathmandu,104700,41130,19,8234,97,56.5,47,5.6,42,Premium,2.3,Yes,4,493560.0
126,61,Male,Chitwan,98532,17395,20,5364,14,17.1,41,6.2,35,Basic,3.1,Yes,3,208740.0
127,57,Male,Bhaktapur,147626,50346,14,9816,84,51.5,2,1.1,16,Gold,3.7,Yes,4,604152.0
128,39,Female,Butwal,153943,3537,17,1721,15,52.1,2,4.8,47,Basic,4.0,Yes,1,42811.53
129,44,Female,Butwal,66002,20226,18,3360,96,46.8,27,2.1,2,Gold,1.7,No,1,242712.0
130,52,Male,Pokhara,69812,16216,3,10965,33,11.8,62,2.2,9,Basic,3.3,No,4,194592.0
131,18,Female,Pokhara,173698,19613,2,11682,17,49.7,80,6.7,46,Premium,4.6,No,10,241391.5
132,52,Female,Butwal,128946,4009,1,11202,24,46.6,30,9.1,39,Silver,4.9,Yes,2,48845.4
133,54,Male,Butwal,86668,25368,10,8928,30,36.6,9,4.2,17,Basic,3.6,No,0,304416.0
134,64,Male,Bhaktapur,119003,30327,19,9836,62,21.6,48,2.2,2,Basic,4.9,Yes,8,364068.19
135,31,Female,Lalitpur,62998,15209,17,3753,13,17.2,20,6.6,38,Silver,3.3,No,1,182926.73
136,20,Male,Pokhara,124601,49443,12,4282,62,9.1,52,8.7,9,Gold,2.8,Yes,9,593316.0
137,18,Male,Lalitpur,27812,16029,1,7457,47,31.6,75,7.5,8,Silver,3.2,Yes,1,196209.9
138,22,Male,Bhaktapur,81844,3077,12,1266,16,35.9,53,8.7,45,Basic,1.5,No,3,36924.0
139,43,Female,Butwal,153251,14907,17,3181,66,22.8,56,5.5,45,Silver,2.6,Yes,1,181242.81
140,31,Female,Chitwan,94601,57997,3,8210,81,29.6,19,7.6,10,Silver,2.8,No,6,695964.0
141,56,Male,Lalitpur,159347,37635,11,7982,96,23.1,48,1.6,32,Basic,4.4,Yes,9,456848.52
142,44,Female,Butwal,67857,49920,17,5586,43,39.2,6,3.6,35,Basic,4.0,No,0,599040.0
143,26,Male,Butwal,145555,5873,3,8464,8,54.3,28,4.0,25,Gold,3.4,No,10,75168.88
144,32,Female,Kathmandu,40700,9635,8,3165,3,11.5,47,5.2,26,Premium,2.4,Yes,1,115620.0
145,32,Male,Lalitpur,113330,34065,20,10451,12,24.1,12,9.3,37,Basic,1.7,Yes,10,410389.93
146,43,Male,Chitwan,164941,46863,4,12183,84,10.2,2,8.8,21,Gold,2.4,Yes,4,562356.0
147,59,Female,Lalitpur,172026,56008,7,11507,16,38.2,1,1.5,25,Basic,3.7,No,1,677732.05
148,30,Male,Butwal,83353,42804,14,4013,78,44.3,15,1.9,21,Silver,2.1,Yes,8,513648.0
149,49,Female,Chitwan,120772,34783,14,995,80,56.1,5,3.7,4,Silver,2.7,Yes,3,417396.0
150,56,Female,Bhaktapur,111502,35152,4,13835,59,18.2,44,3.0,34,Basic,2.5,Yes,8,428819.5
151,49,Male,Kathmandu,133943,59741,16,11872,49,57.1,70,6.2,1,Silver,4.1,Yes,10,716892.0
152,21,Male,Butwal,129850,42513,1,6322,63,5.7,4,9.0,34,Premium,4.5,Yes,0,512764.91
153,47,Female,Pokhara,65095,52502,17,12622,62,37.0,55,9.6,8,Premium,3.8,Yes,0,634719.22
154,54,Male,Pokhara,165342,30092,10,2572,49,5.3,70,6.6,50,Basic,2.4,No,0,361104.0
155,40,Male,Kathmandu,35523,18653,16,8295,51,53.8,31,8.4,50,Basic,2.7,Yes,3,225945.73
156,56,Male,Bhaktapur,82433,33463,16,9029,33,32.7,48,5.3,48,Premium,1.6,Yes,8,404341.92
157,62,Male,Butwal,39991,35028,8,4449,30,40.8,12,2.2,17,Basic,1.7,Yes,7,420336.0
158,32,Male,Lalitpur,30775,41469,7,6533,59,50.2,29,5.3,42,Gold,1.7,Yes,6,499243.3
159,60,Female,Kathmandu,104995,58528,6,11800,76,10.7,24,5.6,11,Basic,1.5,No,0,702336.0
160,46,Female,Bhaktapur,167745,21947,16,10509,15,4.2,59,7.5,2,Silver,1.7,Yes,2,271464.92
161,53,Male,Lalitpur,142808,57049,20,8828,82,53.0,58,2.4,17,Basic,1.8,Yes,8,688918.6
162,30,Male,Pokhara,178128,30978,16,3055,92,20.3,27,3.8,37,Gold,1.4,Yes,8,373931.38
163,49,Male,Pokhara,157686,23056,7,6870,23,9.5,57,3.8,6,Premium,3.6,No,4,276672.0
164,24,Female,Lalitpur,27415,30007,9,4915,78,29.2,19,9.6,32,Basic,5.0,No,5,362308.93
165,39,Male,Kathmandu,168036,44169,14,6459,94,36.7,33,4.6,5,Gold,4.5,Yes,10,530028.0
166,45,Female,Pokhara,57044,49287,11,9607,97,3.8,4,7.6,17,Silver,1.2,Yes,5,595811.64
167,19,Female,Butwal,69976,55745,14,13993,45,17.9,59,7.6,44,Basic,2.7,Yes,9,668940.0
168,59,Female,Chitwan,23832,45632,7,6493,62,3.9,42,2.8,21,Gold,4.4,No,3,547584.0
169,62,Male,Lalitpur,54148,49449,1,14921,79,26.4,56,5.8,50,Silver,1.5,Yes,0,593388.0
170,23,Female,Lalitpur,132230,56307,13,12230,71,53.9,56,9.0,38,Basic,4.4,No,4,675684.0
171,45,Male,Pokhara,105076,6543,20,5521,15,59.0,74,4.9,50,Basic,3.4,No,0,78516.0
172,45,Female,Kathmandu,58402,57392,3,10792,46,38.9,53,9.5,8,Premium,4.7,No,0,688704.0
173,61,Male,Butwal,58578,22067,20,3407,64,11.4,80,2.3,34,Gold,4.5,Yes,10,264804.0
174,61,Female,Kathmandu,110453,52033,4,3414,46,54.5,44,0.9,22,Gold,3.7,Yes,4,632171.68
175,37,Male,Bhaktapur,173390,46256,11,14046,56,31.9,36,8.9,11,Basic,3.6,No,4,558644.32
176,47,Female,Bhaktapur,95715,26097,2,10674,44,10.9,47,8.5,23,Gold,1.9,Yes,6,317184.02
177,28,Male,Chitwan,131435,43847,14,4370,75,55.5,53,9.9,49,Basic,1.5,Yes,1,532150.14
178,45,Male,Pokhara,171538,44512,12,13220,29,45.9,47,6.9,39,Premium,2.7,Yes,5,535549.58
179,42,Male,Pokhara,115742,4809,17,12259,95,44.4,5,9.4,8,Basic,1.7,Yes,1,57708.0
180,56,Male,Pokhara,65475,23191,12,9690,62,43.1,33,8.3,12,Silver,1.4,Yes,9,278292.0
181,50,Female,Chitwan,80142,22267,12,10839,89,13.6,62,8.5,39,Silver,2.2,Yes,4,267204.0
182,18,Female,Bhaktapur,177636,8206,1,5585,52,14.2,77,5.8,41,Gold,4.4,Yes,3,102527.04
183,44,Male,Kathmandu,173484,54307,13,13386,54,41.9,47,3.9,16,Gold,1.1,Yes,10,651684.0
184,30,Female,Chitwan,113526,22057,14,7046,88,14.7,22,9.4,6,Silver,2.2,Yes,9,275135.72
185,58,Male,Chitwan,71001,29992,2,895,57,27.4,12,4.4,16,Silver,2.7,Yes,4,359904.0
186,20,Male,Kathmandu,77649,47514,12,12290,83,47.4,46,5.5,49,Gold,3.0,Yes,1,576282.52
187,56,Female,Pokhara,164228,16995,16,13202,66,47.5,43,4.6,23,Basic,1.7,No,7,210081.5
188,23,Male,Butwal,174136,49803,4,1438,22,28.3,31,5.7,1,Gold,4.9,No,7,600757.77
189,25,Male,Kathmandu,45711,45439,8,10328,20,47.9,25,4.8,34,Premium,3.3,No,5,553370.86
190,44,Female,Bhaktapur,50106,14210,2,11416,33,50.6,52,0.7,27,Basic,3.1,No,2,170520.0
191,26,Male,Lalitpur,85458,18793,10,3010,72,40.0,13,8.8,18,Basic,1.0,Yes,3,226157.34
192,54,Male,Lalitpur,167661,27270,9,5136,25,15.2,51,4.6,32,Basic,2.9,Yes,0,328362.13
193,50,Male,Chitwan,150429,6197,15,2149,46,17.9,35,6.0,20,Basic,4.4,Yes,8,77314.6
194,59,Male,Lalitpur,121754,49321,13,4190,73,20.3,7,1.6,9,Silver,1.9,Yes,9,591852.0
195,61,Female,Butwal,158286,8452,17,14733,98,8.8,39,0.2,45,Gold,2.4,Yes,4,101424.0
196,41,Female,Pokhara,146479,42486,16,3935,57,17.8,21,2.6,44,Silver,1.1,Yes,7,514123.18
197,32,Female,Bhaktapur,178199,15859,2,3701,87,14.2,15,7.1,8,Basic,4.9,No,2,190308.0
198,49,Male,Butwal,156213,28236,20,4679,5,28.4,59,1.2,37,Gold,1.3,Yes,3,348629.88
199,49,Male,Bhaktapur,48884,32899,20,13058,55,54.7,59,9.1,5,Gold,4.6,Yes,3,395428.16
200,41,Female,Bhaktapur,22708,33083,14,10983,61,8.1,9,2.3,50,Premium,2.3,No,7,399568.61
201,58,Male,Pokhara,38375,3172,3,13175,89,43.8,24,2.2,41,Basic,3.4,No,8,45818.98
202,29,Male,Chitwan,35088,46926,12,8905,8,41.9,30,2.0,34,Gold,3.7,Yes,2,563759.16
203,56,Male,Lalitpur,77615,17663,8,3737,16,7.6,20,0.3,17,Premium,1.6,No,6,219629.28
204,19,Male,Pokhara,130138,28540,2,4362,48,55.5,80,7.8,18,Silver,2.8,Yes,8,345395.73
205,20,Female,Butwal,30014,54129,4,558,61,35.0,32,8.8,4,Silver,2.3,No,1,652473.4
206,54,Female,Chitwan,154345,20053,14,14413,15,23.1,30,6.2,24,Basic,1.2,Yes,3,240636.0
207,34,Female,Butwal,122842,12085,16,11622,65,45.9,20,2.0,10,Gold,4.3,Yes,2,150552.3
208,19,Male,Chitwan,98077,31564,19,5438,22,16.9,35,3.0,9,Silver,1.2,No,7,378768.0
209,19,Female,Butwal,159784,25209,2,3471,3,42.2,64,4.9,16,Premium,3.6,Yes,3,302508.0
210,45,Female,Pokhara,72874,4981,12,10219,54,4.3,3,9.6,35,Gold,2.3,Yes,8,66067.99
211,40,Male,Chitwan,89087,22153,14,14517,14,50.7,67,2.6,25,Silver,1.8,Yes,0,265836.0
212,54,Male,Chitwan,32297,6247,6,8814,36,28.0,3,7.4,30,Silver,3.7,Yes,0,76702.95
213,49,Female,Bhaktapur,47128,11553,13,12411,82,38.9,8,4.5,31,Basic,3.3,No,3,138636.0
214,50,Female,Bhaktapur,88368,21811,4,10128,82,14.8,29,3.1,20,Basic,2.3,Yes,2,261732.0
215,18,Female,Kathmandu,98958,30845,18,9854,67,41.3,44,4.7,17,Gold,3.1,Yes,2,370140.0
216,36,Female,Butwal,52920,7135,12,11992,10,46.8,3,0.9,17,Gold,2.0,Yes,9,85620.0
217,19,Male,Bhaktapur,162228,6573,20,3845,49,29.4,68,8.0,0,Silver,4.5,Yes,1,81601.72
218,61,Female,Kathmandu,162180,54283,19,2986,65,37.8,22,2.6,13,Gold,2.3,Yes,9,654566.61
219,43,Female,Bhaktapur,153872,14731,8,1061,91,28.5,15,7.3,7,Basic,2.0,Yes,9,176772.0
220,49,Male,Butwal,153682,8189,7,4481,57,53.9,21,0.9,1,Silver,4.0,No,1,98268.0
221,23,Female,Chitwan,97603,15541,16,6761,27,30.9,71,9.6,50,Silver,1.1,Yes,7,191056.96
222,49,Male,Lalitpur,53872,44646,19,2237,75,50.8,47,2.1,14,Basic,2.1,Yes,0,535752.0
223,21,Male,Butwal,30728,12087,6,9596,5,48.5,61,8.9,33,Premium,2.5,Yes,7,145506.99
224,28,Male,Pokhara,115102,47435,20,4054,71,25.8,59,8.1,35,Gold,4.5,Yes,9,569220.0
225,34,Female,Bhaktapur,142049,54687,11,13182,83,15.3,79,9.7,0,Silver,4.8,Yes,2,656244.0
226,55,Female,Bhaktapur,40583,3776,5,10418,57,25.6,4,4.9,50,Silver,3.9,No,1,45312.0
227,41,Male,Chitwan,105774,43079,16,11615,93,49.9,79,7.3,20,Basic,3.0,No,8,516948.0
228,22,Female,Pokhara,158335,28564,7,12223,15,15.2,6,3.8,41,Silver,3.6,Yes,4,342768.0
229,51,Female,Chitwan,146374,29835,5,12598,99,32.4,50,2.0,0,Gold,2.7,Yes,4,362336.42
230,23,Male,Pokhara,170528,8697,11,14504,76,48.8,64,4.5,31,Premium,2.2,No,5,104364.0
231,39,Male,Lalitpur,111118,15629,15,9626,30,22.5,8,1.8,19,Gold,4.8,Yes,3,188881.41
232,28,Female,Bhaktapur,85942,9386,3,13889,20,39.2,44,9.8,46,Basic,1.5,Yes,6,112632.0
233,65,Male,Bhaktapur,33689,18046,5,7595,37,16.2,46,1.1,35,Silver,2.4,No,6,223533.31
234,33,Female,Lalitpur,53276,58823,5,14223,3,8.3,66,6.0,38,Basic,4.6,No,10,709773.35
235,50,Female,Kathmandu,121968,9044,9,8766,73,48.1,23,6.3,29,Basic,3.9,Yes,8,108528.0
236,26,Female,Chitwan,170945,54370,15,794,41,7.7,9,5.5,6,Silver,1.1,Yes,5,652440.0
237,23,Female,Lalitpur,33050,10615,3,8712,39,17.7,72,6.7,21,Silver,1.1,Yes,0,127380.0
238,33,Male,Chitwan,86216,48802,6,11934,26,51.6,76,1.3,49,Basic,3.1,Yes,8,585624.0
239,46,Male,Butwal,104040,6060,17,9730,2,22.1,47,5.6,44,Silver,2.9,No,9,77261.37
240,20,Male,Bhaktapur,41644,11900,8,5830,23,58.4,34,3.0,9,Gold,2.8,Yes,8,143649.71
241,37,Male,Chitwan,82021,56026,11,5155,23,58.8,53,9.4,7,Basic,2.2,Yes,4,672312.0
242,53,Female,Pokhara,62291,6581,6,1609,85,17.6,80,7.7,26,Gold,4.9,Yes,6,83876.49
243,36,Female,Chitwan,152610,35782,8,13960,16,4.4,70,9.7,9,Basic,2.1,Yes,0,429384.0
244,43,Male,Butwal,61520,21173,10,4271,9,42.9,15,0.6,13,Silver,3.0,Yes,3,254076.0
245,20,Female,Bhaktapur,45675,13997,3,9063,13,28.2,52,3.0,45,Gold,2.6,No,9,169204.0
246,36,Female,Lalitpur,169359,44403,14,6623,28,7.8,39,2.1,10,Silver,1.7,Yes,3,532836.0
247,37,Female,Butwal,20174,59255,14,8147,27,43.0,19,0.3,5,Premium,1.8,Yes,4,711060.0
248,49,Male,Bhaktapur,112268,47416,10,13605,51,3.8,68,2.6,20,Basic,4.7,Yes,5,570687.12
249,24,Male,Chitwan,54998,8148,12,1674,64,52.5,44,6.9,32,Silver,4.4,No,3,100289.64
250,58,Male,Kathmandu,163184,57918,6,1664,52,10.0,5,2.5,18,Silver,1.8,Yes,5,695016.0
251,50,Female,Kathmandu,125410,19748,12,9784,81,9.4,68,5.2,38,Gold,4.5,Yes,9,236976.0
252,57,Male,Pokhara,95225,15022,14,9975,38,12.2,48,8.9,23,Gold,1.8,Yes,6,180264.0
253,56,Male,Bhaktapur,64814,21013,2,10703,100,57.7,38,7.0,17,Gold,3.5,Yes,2,252156.0
254,35,Male,Kathmandu,105091,39687,9,9537,65,42.2,1,4.1,34,Gold,1.3,No,8,476244.0
255,57,Male,Lalitpur,70719,16886,10,10683,18,48.5,38,3.9,42,Basic,4.5,Yes,7,202632.0
256,18,Male,Bhaktapur,149887,55827,17,9212,63,25.1,20,4.7,36,Silver,1.2,No,0,670940.09
257,28,Male,Lalitpur,53919,26256,17,4966,51,21.5,39,1.9,18,Silver,3.2,No,1,320216.38
258,45,Female,Lalitpur,93155,31005,3,6038,9,15.6,53,6.4,23,Silver,4.1,No,1,376844.03
259,42,Female,Kathmandu,91569,7638,19,12888,13,29.9,11,3.8,33,Premium,1.5,Yes,9,97765.22
260,40,Male,Bhaktapur,61328,38419,1,13448,40,34.0,80,8.6,21,Basic,2.6,Yes,8,461028.0
261,48,Male,Chitwan,44618,34377,12,14469,55,38.6,36,7.6,3,Silver,1.2,Yes,8,416919.31
262,47,Female,Butwal,54675,41708,7,7611,79,16.9,37,6.2,9,Silver,3.7,Yes,8,500496.0
263,59,Female,Kathmandu,38919,44116,4,8934,43,57.0,14,3.8,1,Gold,2.2,No,0,533338.2
264,52,Male,Kathmandu,24173,37634,10,3300,44,11.8,6,2.3,7,Premium,3.2,No,6,451608.0
265,24,Male,Chitwan,129369,17755,13,5107,68,58.0,77,7.8,32,Basic,4.7,Yes,10,214820.12
266,33,Male,Bhaktapur,46400,24382,2,11588,33,2.9,49,5.0,37,Basic,2.2,Yes,2,300259.94
267,43,Male,Bhaktapur,90305,50767,10,11294,24,29.9,64,2.4,42,Silver,1.2,Yes,10,613868.68
268,65,Female,Lalitpur,108791,57063,4,7762,36,21.3,66,2.1,27,Silver,3.7,Yes,8,684756.0
269,19,Male,Chitwan,179034,23394,18,10965,10,28.0,43,1.8,9,Premium,4.1,No,7,280728.0
270,18,Male,Chitwan,90533,3253,5,2041,100,35.1,30,7.8,44,Silver,4.8,Yes,2,42917.7
271,65,Male,Bhaktapur,123591,38710,19,3265,20,27.3,42,2.4,0,Basic,1.6,Yes,0,471117.34
272,29,Male,Lalitpur,161650,46098,2,10806,75,26.1,76,5.4,33,Silver,2.6,Yes,8,555325.0
273,22,Female,Kathmandu,151060,1864,12,4991,12,44.5,47,4.6,2,Silver,4.4,No,9,22368.0
274,54,Female,Pokhara,169696,35036,17,13399,62,41.8,80,5.9,8,Gold,4.2,Yes,0,420641.35
275,49,Female,Butwal,59194,41222,10,3583,18,50.3,80,8.8,4,Basic,3.5,No,2,496826.22
276,26,Male,Kathmandu,129903,14666,2,5856,94,16.5,60,8.7,41,Basic,2.1,No,5,175992.0
277,58,Male,Bhaktapur,151461,59128,6,2357,63,37.4,74,4.6,9,Premium,2.1,Yes,5,709536.0
278,52,Female,Butwal,119303,21955,8,1269,84,35.9,9,0.4,11,Basic,1.5,Yes,10,268778.69
279,36,Male,Pokhara,133903,46138,19,1922,25,23.4,28,4.4,17,Gold,4.7,Yes,9,563047.43
280,65,Male,Pokhara,87391,38997,11,9098,12,30.2,47,6.1,20,Silver,1.7,Yes,3,475096.77
281,33,Female,Lalitpur,164866,17309,12,3472,21,20.2,80,5.7,20,Silver,3.3,No,1,207708.0
282,20,Female,Butwal,78002,52389,9,2372,25,10.2,61,6.6,0,Basic,3.3,Yes,9,634447.91
283,37,Female,Lalitpur,55531,5054,2,6099,11,14.4,12,1.7,2,Basic,2.5,Yes,5,63539.0
284,41,Female,Kathmandu,24986,1935,8,11386,64,8.1,43,6.5,4,Silver,2.4,Yes,9,23220.0
285,50,Male,Chitwan,52298,45940,11,2769,73,41.6,46,2.0,24,Basic,3.7,Yes,4,551280.0
286,41,Male,Chitwan,21481,23778,4,5775,50,40.3,63,7.6,48,Silver,2.6,Yes,5,285336.0
287,28,Female,Chitwan,76408,58043,10,5249,62,57.1,52,3.5,7,Basic,2.0,Yes,6,698334.41
288,25,Male,Butwal,141950,44298,20,7071,89,44.3,76,7.2,16,Gold,2.6,Yes,10,531576.0
289,53,Female,Chitwan,167907,49328,16,9873,99,5.0,75,0.7,8,Premium,4.2,Yes,8,598097.29
290,55,Female,Kathmandu,145355,49924,8,5572,96,53.3,43,4.2,31,Basic,4.9,Yes,6,605128.1
291,57,Male,Lalitpur,47798,17709,4,10131,49,52.0,27,7.1,5,Basic,3.5,Yes,3,214847.58
292,37,Female,Butwal,111649,10726,10,11745,14,27.7,1,2.4,48,Gold,4.1,Yes,9,128712.0
293,52,Male,Lalitpur,84887,41542,12,5963,1,36.0,56,8.0,39,Silver,3.1,No,4,498504.0
294,65,Male,Butwal,39477,21245,14,12025,81,58.6,56,6.4,20,Basic,3.5,Yes,5,258558.46
295,42,Male,Lalitpur,168338,35753,16,7950,25,32.9,33,6.0,6,Silver,5.0,Yes,8,432324.7
296,52,Male,Pokhara,147815,15252,18,11589,59,54.5,57,3.7,6,Basic,2.8,Yes,4,183024.0
297,42,Female,Lalitpur,147426,22316,12,11595,72,6.8,51,4.9,46,Basic,1.3,Yes,4,267792.0
298,46,Male,Chitwan,162961,38371,18,8920,69,13.1,28,6.1,38,Premium,4.8,Yes,6,460452.0
299,35,Female,Pokhara,44335,20162,7,4459,5,27.6,34,4.8,26,Gold,4.2,No,1,241944.0
300,63,Female,Lalitpur,162326,16960,20,10585,99,35.9,74,7.0,7,Gold,2.6,Yes,2,203520.0
301,35,Female,Butwal,106610,31791,7,1813,19,49.3,47,4.5,8,Basic,4.9,Yes,1,381492.0
302,19,Female,Butwal,31442,43230,9,8347,23,59.3,32,2.2,27,Basic,2.4,Yes,9,518760.0
303,52,Male,Butwal,66289,26216,1,1570,9,24.6,74,2.3,14,Premium,2.5,Yes,9,314791.96
304,33,Male,Bhaktapur,73747,33467,6,9666,94,4.8,72,0.3,1,Basic,3.4,Yes,1,407039.26
305,58,Female,Kathmandu,57327,47934,6,10430,50,48.5,77,3.1,6,Silver,2.1,Yes,2,575208.0
306,53,Female,Butwal,167271,8754,12,3785,16,37.1,8,7.5,46,Basic,3.8,No,5,111144.32
307,50,Male,Pokhara,92827,48014,12,9449,33,13.5,47,8.0,17,Silver,1.6,Yes,4,576168.0
308,21,Female,Butwal,126464,5078,10,3595,2,30.7,66,2.2,21,Basic,1.4,Yes,10,70238.53
309,50,Male,Bhaktapur,151184,13853,6,820,14,45.1,35,9.6,49,Basic,3.1,No,4,169601.99
310,31,Female,Chitwan,107051,51519,17,2821,1,46.7,70,5.1,9,Gold,3.2,No,1,620964.69
311,38,Male,Pokhara,170653,5042,19,1055,90,31.0,43,9.2,49,Silver,1.4,No,1,60504.0
312,65,Female,Bhaktapur,79722,50052,18,5439,58,19.7,59,7.1,32,Basic,4.9,Yes,0,610939.12
313,37,Female,Chitwan,112036,15389,6,5932,89,58.5,62,7.3,6,Gold,3.3,Yes,2,184668.0
314,25,Male,Pokhara,167595,31425,19,1886,16,40.5,4,1.0,2,Basic,1.6,No,10,384658.49
315,24,Female,Lalitpur,86960,3575,10,5263,79,25.7,75,2.4,13,Silver,2.2,Yes,6,42900.0
316,20,Female,Kathmandu,39552,40522,8,11739,90,18.3,39,0.3,43,Silver,4.2,Yes,10,489846.97
317,34,Male,Kathmandu,161880,29179,6,11119,47,44.4,18,7.2,45,Basic,3.1,No,4,359638.9
318,50,Female,Bhaktapur,174692,51733,7,7354,44,16.0,46,3.6,35,Silver,1.8,Yes,6,620796.0
319,65,Male,Chitwan,20887,35754,1,14730,80,12.0,64,7.9,12,Gold,1.4,No,8,431504.3
320,29,Male,Kathmandu,51802,19624,18,10696,14,32.7,66,3.5,15,Premium,2.7,No,5,235488.0
321,39,Female,Chitwan,105024,21350,20,10622,93,18.8,17,8.2,15,Silver,2.3,No,1,258348.31
322,39,Female,Chitwan,138639,27681,12,8137,24,38.5,49,1.5,4,Basic,3.6,Yes,0,341641.94
323,63,Female,Bhaktapur,138248,24988,16,5341,55,8.8,29,1.9,24,Basic,4.7,Yes,0,299856.0
324,47,Female,Bhaktapur,101938,16470,10,13462,15,40.0,65,3.5,37,Silver,2.0,No,9,198420.04
325,55,Female,Bhaktapur,142746,25704,10,10855,83,18.4,4,4.2,37,Basic,4.4,No,8,308448.0
326,55,Female,Kathmandu,46049,39736,14,13853,72,2.0,41,3.6,49,Silver,4.7,Yes,5,476832.0
327,62,Female,Bhaktapur,97789,30377,20,4367,34,9.4,4,7.7,37,Silver,4.6,Yes,5,367630.13
328,25,Male,Kathmandu,104526,29572,10,11118,2,56.1,49,1.2,38,Basic,4.8,No,3,354864.0
329,44,Female,Bhaktapur,158918,59195,10,4293,27,52.3,57,3.6,47,Basic,4.4,Yes,1,718209.57
330,44,Male,Butwal,66220,8493,11,7873,74,15.5,78,8.4,40,Silver,3.4,Yes,9,104332.72
331,51,Female,Chitwan,66163,5103,2,3013,99,47.1,7,0.9,25,Basic,2.6,Yes,2,61236.0
332,38,Female,Bhaktapur,154837,35844,20,4303,87,37.3,30,9.4,12,Premium,3.0,Yes,2,431726.97
333,47,Male,Pokhara,137126,55383,8,2827,72,58.3,11,9.9,43,Silver,4.5,No,7,671901.59
334,50,Female,Chitwan,101486,3994,7,9309,92,23.7,20,1.1,50,Gold,2.2,Yes,5,50640.07
335,45,Female,Chitwan,95277,4744,8,2665,23,41.5,61,3.1,25,Premium,1.6,Yes,6,58231.81
336,64,Male,Bhaktapur,124245,48234,1,3808,68,5.7,32,3.8,0,Gold,1.6,Yes,8,578808.0
337,50,Female,Lalitpur,142332,48291,2,6952,14,25.0,25,7.8,7,Basic,4.3,Yes,0,579492.0
338,22,Female,Bhaktapur,42931,28332,18,8567,63,57.9,39,6.0,3,Premium,4.0,Yes,1,340038.21
339,65,Female,Chitwan,109116,6594,15,8142,93,33.3,64,6.5,20,Basic,3.0,No,8,79128.0
340,36,Male,Pokhara,75633,41299,1,14935,65,18.7,58,7.6,21,Basic,2.1,Yes,4,497906.49
341,21,Female,Chitwan,71913,8371,5,6904,68,9.0,14,1.4,50,Silver,3.7,Yes,3,105435.49
342,52,Female,Pokhara,114776,48315,2,1492,63,42.8,0,8.4,36,Basic,1.2,Yes,0,579780.0
343,34,Female,Kathmandu,45991,19028,20,5924,96,39.4,10,7.1,48,Basic,3.3,Yes,8,229498.42
344,61,Female,Butwal,124092,36912,3,10069,97,23.7,54,5.9,2,Basic,2.6,Yes,10,444712.06
345,45,Male,Chitwan,161633,14990,19,4881,90,57.2,1,8.9,18,Basic,4.9,Yes,8,183931.49
346,47,Male,Bhaktapur,167973,47851,18,3674,81,3.3,64,7.1,0,Gold,3.0,Yes,3,574273.72
347,46,Female,Kathmandu,115556,17626,18,14898,87,19.6,43,2.2,28,Basic,3.2,Yes,8,214210.18
348,63,Female,Butwal,82875,21469,14,5282,64,55.4,15,4.4,22,Silver,3.8,Yes,9,257628.0
349,23,Male,Bhaktapur,176989,41722,8,9997,32,20.6,21,5.0,32,Premium,2.9,No,0,500664.0
350,52,Male,Lalitpur,82120,41037,12,6060,79,16.6,17,0.7,40,Silver,1.9,No,4,494599.74
351,58,Female,Bhaktapur,153060,8130,10,7960,13,33.0,46,9.6,22,Silver,3.1,Yes,0,97560.0
352,54,Male,Pokhara,130041,7828,20,13525,66,49.8,80,1.5,4,Premium,4.8,Yes,3,93936.0
353,41,Female,Pokhara,148467,58514,17,3578,19,8.0,29,7.0,6,Basic,2.6,No,4,703905.48
354,46,Male,Lalitpur,165328,42612,11,11378,24,56.7,9,5.2,5,Silver,3.7,Yes,10,511344.0
355,63,Male,Kathmandu,138490,47988,2,3483,88,48.1,57,0.5,48,Gold,4.9,No,2,589369.05
356,48,Male,Butwal,146155,40099,4,7759,11,12.5,61,9.3,21,Premium,4.3,Yes,1,481188.0
357,52,Male,Bhaktapur,48230,53664,1,6554,59,43.3,79,8.5,48,Silver,3.6,Yes,5,644231.39
358,50,Female,Pokhara,79778,47165,15,14682,86,24.3,5,5.3,12,Basic,3.9,No,10,565980.0
359,38,Male,Kathmandu,65833,18883,13,3023,15,25.3,66,2.4,11,Premium,4.7,Yes,2,231175.34
360,49,Male,Lalitpur,42625,44059,8,12274,10,47.4,40,1.4,3,Basic,4.8,Yes,9,528708.0
361,40,Female,Chitwan,52088,19542,4,10177,41,57.8,42,3.8,7,Silver,4.9,No,0,239568.16
362,50,Male,Pokhara,123937,43932,10,10792,27,9.3,76,2.7,36,Silver,3.5,No,10,531020.69
363,20,Male,Lalitpur,96361,55314,19,5081,60,26.4,17,5.2,30,Silver,2.5,Yes,4,663768.0
364,35,Female,Bhaktapur,108229,11450,18,12407,73,29.9,57,9.7,36,Gold,1.5,Yes,1,137400.0
365,42,Male,Butwal,155189,21423,5,6109,52,23.8,59,5.8,44,Gold,2.5,Yes,1,257076.0
366,59,Female,Pokhara,110265,3035,19,2501,28,23.1,26,8.9,25,Gold,4.8,No,3,36420.0
367,48,Female,Pokhara,117718,45231,16,1887,65,5.0,67,6.6,42,Basic,4.6,No,3,542772.0
368,20,Female,Bhaktapur,80710,41745,1,11875,17,41.8,21,4.9,7,Silver,3.1,No,3,504580.55
369,57,Female,Chitwan,114876,18241,12,7052,95,27.3,23,8.6,39,Gold,3.1,No,6,220061.76
370,63,Male,Kathmandu,50949,53975,2,1530,44,13.3,39,4.8,32,Silver,2.2,Yes,0,647700.0
371,41,Female,Butwal,173619,24154,8,10457,10,49.3,73,8.7,44,Premium,2.8,No,7,289848.0
372,49,Male,Pokhara,88136,26625,18,13455,63,48.5,65,3.1,28,Gold,3.9,No,9,319500.0
373,64,Male,Butwal,131541,45950,16,1720,93,30.2,39,1.5,4,Silver,2.6,No,8,553049.97
374,39,Male,Pokhara,81842,34066,5,13622,82,19.3,5,8.6,27,Basic,1.8,Yes,9,408792.0
375,40,Male,Butwal,46990,57396,13,13663,47,39.0,17,6.0,39,Gold,3.2,No,5,699153.57
376,19,Male,Lalitpur,167265,34691,19,12498,38,18.7,80,8.9,16,Premium,1.9,Yes,3,416292.0
377,44,Male,Pokhara,50109,54384,3,11106,70,15.7,29,9.4,22,Silver,4.9,Yes,5,653551.65
378,59,Male,Butwal,150356,14331,8,13789,76,44.4,20,0.7,44,Gold,2.6,Yes,9,171972.0
379,19,Male,Kathmandu,170305,21690,12,13037,53,4.3,61,5.1,8,Basic,4.6,Yes,6,260280.0
380,43,Male,Lalitpur,148133,20183,2,6535,78,7.5,9,3.9,1,Silver,1.9,Yes,5,242196.0
381,34,Male,Lalitpur,21306,40346,11,10310,44,2.4,12,6.3,31,Silver,1.8,No,10,484152.0
382,57,Female,Kathmandu,23849,5875,12,9955,74,10.9,75,8.0,50,Gold,3.5,Yes,0,70500.0
383,50,Female,Butwal,32360,55478,18,7023,54,6.0,8,2.9,48,Premium,4.1,Yes,4,665736.0
384,26,Female,Bhaktapur,131072,13254,13,8574,20,59.8,67,5.7,30,Basic,3.3,Yes,7,162372.69
385,60,Male,Kathmandu,114767,56734,5,9563,79,18.8,38,7.1,6,Basic,1.9,No,7,680808.0
386,65,Female,Butwal,74330,29621,12,1334,31,10.7,23,1.5,29,Gold,1.2,Yes,9,355452.0
387,56,Female,Kathmandu,71707,51954,2,11514,7,16.0,33,8.2,2,Basic,3.5,Yes,8,626408.7
388,46,Female,Kathmandu,38689,11905,5,9610,58,56.3,60,6.1,50,Silver,1.5,Yes,3,147593.1
389,59,Male,Pokhara,49084,47121,7,2224,10,32.2,40,9.5,50,Basic,2.4,Yes,9,566914.62
390,43,Male,Butwal,60387,16882,12,7098,10,23.2,4,3.5,8,Basic,3.7,No,5,204347.71
391,52,Male,Bhaktapur,94816,20041,16,2913,39,52.7,78,1.3,9,Gold,1.4,No,6,245378.39
392,42,Male,Pokhara,22642,30098,8,10005,28,24.9,49,5.2,45,Gold,1.5,No,4,363247.33
393,41,Female,Kathmandu,62137,53498,9,6493,30,21.4,3,1.0,49,Basic,1.2,Yes,10,647153.13
394,30,Female,Chitwan,82260,43431,15,4998,37,14.0,50,9.7,46,Basic,5.0,Yes,7,521172.0
395,24,Female,Kathmandu,166510,53101,5,2605,67,23.9,51,0.6,25,Basic,2.5,Yes,2,637212.0
396,53,Female,Kathmandu,68442,34709,13,3068,43,20.4,38,7.6,0,Silver,4.6,Yes,7,416786.44
397,62,Male,Butwal,123061,35675,5,14115,79,41.3,7,5.3,29,Basic,2.2,Yes,4,428100.0
398,37,Male,Butwal,154066,5837,11,9830,85,18.8,44,3.8,37,Silver,4.0,Yes,0,70660.0
399,18,Male,Pokhara,145844,47448,10,709,52,35.5,27,0.8,14,Gold,1.9,Yes,5,569376.0
400,25,Female,Bhaktapur,119575,25489,20,9756,56,5.8,26,6.3,24,Gold,3.0,No,1,309812.89
401,63,Male,Pokhara,21813,18627,13,5411,76,13.1,64,5.9,5,Basic,4.3,No,6,223524.0
402,33,Male,Lalitpur,113027,6696,9,2720,68,25.6,33,3.0,17,Gold,4.3,Yes,8,80352.0
403,31,Female,Kathmandu,143489,49994,14,733,9,56.3,80,9.1,0,Premium,4.2,Yes,2,607148.19
404,29,Female,Chitwan,104381,14543,18,1292,92,23.9,61,3.2,2,Basic,4.3,No,9,181038.2
405,40,Male,Kathmandu,75276,13615,15,14695,23,40.5,61,4.6,16,Basic,1.8,Yes,3,164168.17
406,32,Male,Kathmandu,61243,2466,10,14401,63,16.8,37,5.5,47,Silver,2.9,No,3,29592.0
407,45,Male,Pokhara,80272,31771,7,3610,61,9.4,25,1.2,7,Basic,2.9,Yes,3,381252.0
408,51,Male,Chitwan,85618,54109,8,2666,40,5.4,23,9.3,48,Gold,4.6,No,2,649308.0
409,19,Male,Chitwan,21920,19350,3,9026,44,19.7,38,3.9,39,Gold,2.2,No,4,234740.9
410,49,Male,Chitwan,126121,1375,15,10051,86,11.1,20,1.0,16,Silver,4.7,Yes,8,16500.0
411,40,Female,Pokhara,96872,34030,16,14427,24,12.1,46,4.0,24,Gold,2.8,Yes,10,408389.64
412,39,Female,Kathmandu,101132,21746,4,5693,51,46.1,47,6.1,40,Gold,3.7,Yes,7,260952.0
413,42,Female,Pokhara,22093,23886,6,1714,58,2.9,12,5.2,11,Basic,2.1,No,9,286632.0
414,39,Male,Butwal,32905,45348,1,4919,90,34.4,2,7.0,28,Basic,2.6,Yes,1,544761.83
415,39,Female,Butwal,141759,43904,4,7814,94,24.0,31,0.7,24,Premium,3.8,Yes,8,529023.45
416,59,Male,Pokhara,175423,33651,11,14578,33,31.4,34,3.0,50,Premium,3.1,Yes,9,404609.1
417,23,Male,Chitwan,50981,8833,12,8975,16,34.6,18,8.2,35,Gold,4.7,No,1,114058.49
418,32,Female,Kathmandu,93903,2893,5,712,22,20.2,13,1.0,24,Premium,3.9,No,6,34716.0
419,60,Male,Pokhara,90821,31573,16,2158,57,19.1,47,8.6,28,Basic,3.3,Yes,4,378876.0
420,54,Male,Pokhara,129200,32371,13,12770,62,44.5,80,1.1,10,Basic,4.5,Yes,6,399284.3
421,50,Female,Pokhara,102289,41874,13,14529,82,52.5,67,8.4,3,Silver,3.7,Yes,4,502488.0
422,25,Female,Lalitpur,136506,12826,17,5524,71,13.2,44,3.7,13,Basic,3.6,Yes,5,153912.0
423,61,Female,Butwal,98513,35420,7,13539,90,7.7,18,6.2,45,Gold,2.0,Yes,7,426844.92
424,61,Male,Chitwan,170946,22924,8,10109,72,54.1,63,1.7,37,Premium,2.6,Yes,0,280714.35
425,22,Female,Bhaktapur,158746,54044,13,11078,70,22.3,65,0.8,16,Gold,3.7,No,10,653202.18
426,56,Female,Chitwan,70516,34367,16,6417,30,34.0,78,2.3,1,Silver,4.6,Yes,0,412404.0
427,21,Male,Bhaktapur,89212,22199,4,5641,23,22.9,65,1.5,7,Basic,2.3,No,4,274526.23
428,23,Female,Lalitpur,153498,52064,8,2294,32,9.3,74,3.3,35,Basic,1.9,Yes,0,627088.3
429,62,Female,Pokhara,150970,26868,16,6488,86,36.2,44,5.2,9,Silver,3.4,Yes,2,322416.0
430,49,Female,Lalitpur,110009,9792,10,8796,57,32.5,73,6.0,6,Gold,1.3,Yes,9,117504.0
431,47,Male,Lalitpur,64816,58724,12,14277,9,13.8,66,7.9,35,Silver,3.9,Yes,8,705045.73
432,64,Male,Kathmandu,24138,21597,12,6078,31,28.2,68,6.6,15,Premium,3.8,Yes,6,269925.62
433,52,Male,Butwal,111176,37405,5,6051,71,48.2,2,6.2,13,Gold,2.4,No,5,449922.24
434,57,Male,Bhaktapur,95945,33696,16,13557,9,36.2,37,4.2,15,Basic,4.6,Yes,7,415067.81
435,33,Female,Pokhara,24017,44123,1,12585,13,7.6,76,4.8,24,Basic,3.0,Yes,7,533866.44
436,30,Male,Bhaktapur,30451,16989,9,4345,58,33.8,41,4.3,40,Gold,3.6,No,5,203868.0
437,59,Male,Chitwan,113863,29931,12,12382,3,42.8,39,8.5,3,Basic,1.8,Yes,3,366209.55
438,47,Female,Bhaktapur,30278,10290,5,7406,35,48.0,49,2.5,28,Gold,2.7,Yes,3,123480.0
439,36,Female,Chitwan,63764,39367,20,14747,97,38.5,34,0.3,5,Silver,4.4,Yes,3,472404.0
440,34,Female,Butwal,143030,56600,3,14815,21,10.9,23,6.6,0,Basic,1.9,No,5,680578.77
441,36,Male,Chitwan,152206,15342,5,11984,64,43.2,16,2.2,38,Silver,2.6,No,0,184104.0
442,45,Male,Bhaktapur,82943,25941,2,878,95,41.3,39,8.9,0,Silver,2.3,Yes,1,315759.07
443,43,Male,Bhaktapur,115667,14945,14,3793,52,3.4,73,8.6,50,Premium,1.6,Yes,5,181848.61
444,54,Female,Chitwan,74318,11762,2,3829,34,25.9,65,1.0,39,Basic,2.2,No,10,141144.0
445,43,Female,Lalitpur,123423,31133,13,5308,96,21.3,43,1.2,2,Premium,1.9,No,0,382090.63
446,40,Male,Butwal,123998,48080,7,12130,35,40.8,22,5.1,0,Gold,4.7,Yes,8,576960.0
447,26,Female,Kathmandu,80128,41150,10,8437,15,14.5,5,6.2,0,Gold,4.0,No,5,493800.0
448,29,Female,Pokhara,41869,28052,13,14160,96,36.3,65,2.9,38,Basic,2.3,Yes,6,338940.5
449,18,Female,Bhaktapur,25039,42750,16,724,6,55.0,20,7.2,20,Silver,4.1,Yes,0,513000.0
450,18,Male,Pokhara,172353,20953,14,14525,85,48.3,34,6.0,44,Silver,1.1,Yes,7,252662.88
451,64,Female,Kathmandu,132935,41475,11,1237,97,55.4,28,3.4,29,Silver,3.1,Yes,4,501390.81
452,51,Female,Pokhara,30442,18130,10,735,32,58.8,6,0.4,31,Gold,2.0,Yes,4,217560.0
453,49,Male,Kathmandu,93788,32086,6,12970,52,2.6,52,7.6,32,Silver,1.5,No,5,394325.04
454,65,Male,Chitwan,139729,58656,4,1211,83,38.1,36,2.3,47,Gold,4.5,Yes,6,705196.93
455,42,Female,Lalitpur,47586,5633,1,6488,97,25.9,22,8.4,21,Basic,1.8,Yes,6,67596.0
456,57,Female,Bhaktapur,73053,18304,7,2388,28,51.9,7,4.3,29,Gold,4.3,Yes,4,222595.9
457,62,Male,Kathmandu,106346,43037,9,13410,95,16.6,75,5.9,45,Basic,2.7,No,0,516444.0
458,18,Male,Pokhara,87087,33284,8,7673,85,58.9,47,8.8,3,Gold,1.1,No,10,399974.48
459,33,Female,Bhaktapur,163697,47546,5,1759,98,37.6,9,8.7,22,Premium,3.9,Yes,8,570552.0
460,56,Female,Lalitpur,54397,8008,19,5746,64,48.0,78,3.8,43,Basic,3.4,Yes,5,96096.0
461,22,Female,Chitwan,78671,49291,10,7771,79,7.0,23,2.2,24,Silver,2.4,Yes,8,596799.95
462,39,Female,Bhaktapur,136214,28405,11,1248,78,12.6,46,7.8,11,Gold,2.1,Yes,10,340860.0
463,46,Male,Kathmandu,86897,52533,15,12678,19,46.0,52,4.4,16,Basic,1.3,Yes,3,630396.0
464,20,Female,Lalitpur,177221,37386,6,4051,15,3.3,38,2.1,14,Silver,4.8,Yes,1,450261.25
465,29,Female,Pokhara,156355,26373,15,14990,6,49.4,66,9.1,9,Silver,3.0,No,2,323541.13
466,43,Male,Lalitpur,158682,21827,5,6900,73,2.8,65,2.1,34,Premium,1.3,Yes,3,261924.0
467,33,Female,Lalitpur,34924,34040,19,7143,84,40.1,5,0.5,28,Premium,4.5,Yes,9,412274.5
468,54,Male,Butwal,133143,14007,19,9201,98,23.2,20,0.4,11,Gold,2.1,Yes,7,168084.0
469,39,Female,Lalitpur,130253,19157,10,14363,38,37.5,72,6.3,0,Gold,1.8,Yes,2,229884.0
470,46,Female,Lalitpur,120297,33157,12,2323,26,42.4,73,6.7,0,Gold,2.1,Yes,7,398114.38
471,31,Male,Bhaktapur,20869,36315,4,7352,82,21.9,35,3.2,9,Silver,3.3,Yes,5,435780.0
472,45,Male,Pokhara,117088,36932,18,13572,92,8.3,2,3.3,17,Silver,1.3,No,3,445309.61
473,22,Female,Bhaktapur,21014,22164,16,11633,51,6.0,77,3.5,46,Silver,2.9,Yes,6,265968.0
474,64,Female,Bhaktapur,30103,15414,8,8277,73,36.2,41,6.9,1,Premium,4.6,Yes,10,184968.0
475,47,Female,Kathmandu,130317,15327,4,4732,96,32.2,44,0.8,48,Gold,1.8,Yes,4,189929.35
476,63,Male,Bhaktapur,102409,49344,12,7019,53,45.0,43,9.3,7,Silver,2.3,No,4,592128.0
477,22,Female,Butwal,43248,1946,2,10826,56,31.6,32,2.4,21,Gold,2.6,Yes,8,23352.0
478,29,Male,Butwal,175242,15693,4,2277,59,26.5,59,10.0,21,Silver,3.3,No,2,190768.22
479,33,Male,Kathmandu,28024,28241,5,1722,70,25.1,69,1.9,25,Gold,4.7,Yes,9,343204.82
480,43,Female,Chitwan,105947,50658,3,8130,78,3.5,76,7.8,25,Silver,2.6,Yes,3,612164.82
481,43,Male,Pokhara,170368,31254,9,14121,92,21.5,25,2.4,8,Basic,1.3,No,4,375048.0
482,65,Female,Pokhara,111829,16540,18,12359,58,58.6,20,1.0,20,Silver,2.4,Yes,0,198481.14
483,38,Female,Bhaktapur,112708,7719,11,2277,88,52.7,1,8.8,30,Gold,1.8,Yes,6,95284.39
484,56,Female,Bhaktapur,106664,42203,3,9996,13,21.1,46,8.6,42,Silver,3.6,Yes,7,511255.56
485,53,Female,Chitwan,169329,26081,2,7990,43,36.1,29,4.2,5,Silver,1.1,No,5,315482.4
486,50,Female,Bhaktapur,163927,12350,9,5359,76,51.1,26,7.1,13,Gold,2.2,Yes,8,152078.12
487,47,Male,Pokhara,105178,56512,14,9393,51,27.6,70,5.7,32,Gold,3.2,Yes,2,678144.0
488,54,Male,Lalitpur,121121,57809,4,8618,19,3.0,19,8.6,6,Premium,2.1,Yes,1,693708.0
489,40,Female,Butwal,40025,37358,9,3489,21,6.3,49,3.3,23,Silver,3.2,Yes,4,453564.48
490,27,Female,Lalitpur,155530,33021,13,8843,91,31.6,22,5.3,8,Premium,1.5,Yes,8,396252.0
491,22,Male,Lalitpur,83610,43832,18,1825,83,58.2,12,5.0,10,Silver,4.8,Yes,10,525984.0
492,53,Male,Pokhara,90843,29369,15,9993,24,42.2,80,3.7,22,Gold,2.2,Yes,0,356467.21
493,51,Male,Lalitpur,127237,32728,10,12414,26,6.1,3,8.9,47,Gold,4.7,Yes,0,392869.43
494,48,Male,Chitwan,150299,18576,16,10403,45,13.0,13,1.8,50,Basic,2.3,Yes,9,226425.35
495,27,Female,Kathmandu,25668,30001,12,5627,28,46.7,19,1.7,1,Basic,4.1,Yes,2,372286.29
496,36,Female,Bhaktapur,93233,18848,20,9498,82,50.8,12,5.9,14,Gold,2.0,Yes,9,228933.58
497,49,Male,Kathmandu,175489,1390,5,13022,100,37.8,2,6.6,34,Silver,3.7,No,2,16680.0
498,18,Female,Butwal,101982,22999,2,3222,29,39.4,77,2.1,35,Gold,2.3,No,4,275988.0
499,22,Male,Bhaktapur,126133,46436,10,5156,17,3.6,46,4.0,27,Silver,3.0,Yes,3,560615.4
500,62,Female,Lalitpur,30751,12569,1,1825,68,50.1,2,9.5,38,Basic,3.7,No,5,151235.54
501,21,Male,Butwal,66218,14029,7,4633,44,47.7,0,2.6,43,Basic,3.4,No,7,168348.0
502,33,Female,Bhaktapur,146649,23490,17,9851,61,17.0,23,6.7,3,Gold,3.3,Yes,7,287775.35
503,41,Male,Chitwan,27352,46875,16,3369,93,43.1,34,7.5,9,Basic,1.3,Yes,10,566120.74
504,33,Male,Chitwan,108835,59016,3,13208,68,14.5,13,4.6,5,Gold,2.0,Yes,3,708192.0
505,19,Female,Chitwan,117493,36328,14,1742,74,4.3,66,9.4,29,Silver,3.3,No,0,446870.03
506,45,Male,Chitwan,48927,6867,10,9039,25,13.7,12,7.4,45,Gold,1.1,Yes,6,87519.85
507,49,Female,Lalitpur,121948,16284,7,2331,95,12.4,46,4.7,34,Basic,2.0,Yes,5,195408.0
508,44,Female,Kathmandu,49493,34979,17,2069,67,21.6,49,5.8,48,Basic,1.9,Yes,4,425611.16
509,37,Male,Bhaktapur,51707,10121,6,12627,2,26.3,77,7.0,42,Gold,2.0,No,3,122726.61
510,41,Female,Lalitpur,158368,2539,4,7746,89,31.5,25,6.0,9,Silver,3.1,Yes,5,39934.54
511,29,Female,Chitwan,176470,26488,17,2418,49,29.7,2,8.8,31,Basic,3.3,No,7,322570.92
512,52,Female,Kathmandu,55842,18027,9,6916,70,17.7,50,3.7,41,Premium,4.6,No,5,218745.53
513,50,Female,Butwal,33261,9693,4,3732,26,3.7,39,3.1,41,Basic,2.5,Yes,2,118452.89
514,50,Female,Butwal,96709,9921,7,4258,72,37.1,67,2.3,2,Silver,4.7,Yes,8,119052.0
515,60,Male,Butwal,115985,51435,2,6497,99,25.0,35,0.6,25,Basic,3.6,Yes,2,617220.0
516,54,Female,Chitwan,126616,57832,17,2855,27,19.3,50,0.6,14,Silver,4.7,No,3,695025.76
517,29,Female,Butwal,87173,11310,8,10089,89,52.3,0,8.7,16,Silver,4.3,No,4,135720.0
518,20,Female,Pokhara,51781,57497,15,11472,18,45.3,32,6.8,26,Basic,3.8,No,10,692299.94
519,18,Female,Bhaktapur,33652,46512,15,2324,54,51.8,6,6.7,17,Gold,2.4,Yes,1,558144.0
520,50,Female,Bhaktapur,25103,31908,8,11183,1,30.7,51,6.2,50,Silver,2.0,Yes,10,382896.0
521,57,Male,Chitwan,45500,5386,16,7780,61,9.6,10,8.5,18,Gold,1.9,Yes,9,68185.5
522,27,Female,Pokhara,120336,33263,19,4560,3,42.4,26,4.9,11,Basic,4.8,Yes,10,399156.0
523,60,Male,Lalitpur,133499,29412,11,5824,68,14.0,13,8.7,23,Silver,4.8,No,9,355291.44
524,61,Male,Lalitpur,169524,18303,2,904,41,27.6,79,3.7,4,Basic,3.9,Yes,1,220360.85
525,46,Male,Butwal,69393,13242,17,2221,37,5.8,45,9.3,23,Gold,4.5,Yes,5,158904.0
526,30,Male,Kathmandu,67406,52491,16,5816,51,49.9,75,7.0,26,Silver,4.7,Yes,1,634298.97
527,29,Female,Lalitpur,83059,48025,15,11517,15,9.3,9,2.7,47,Gold,3.0,Yes,9,580963.77
528,48,Male,Kathmandu,167026,9947,13,4345,8,54.4,23,5.7,29,Silver,3.5,Yes,0,124299.52
529,63,Male,Bhaktapur,102722,47714,15,4710,38,52.1,60,5.4,14,Gold,2.7,Yes,7,582106.4
530,19,Female,Kathmandu,32356,6930,4,11884,83,28.9,17,1.6,46,Silver,2.7,No,9,83160.0
531,52,Female,Bhaktapur,148128,39170,16,14464,56,45.2,8,6.0,37,Basic,1.2,Yes,9,470040.0
532,40,Female,Pokhara,22187,55815,12,564,47,37.9,16,3.3,43,Basic,2.7,Yes,0,669780.0
533,34,Male,Pokhara,97243,49785,4,9991,90,48.6,57,0.7,33,Silver,3.7,Yes,9,602217.46
534,43,Female,Chitwan,55098,55427,3,13612,10,27.0,12,9.5,26,Silver,2.7,No,5,665124.0
535,25,Female,Chitwan,172297,1507,17,6882,78,47.6,49,6.5,19,Basic,4.5,Yes,0,18084.0
536,46,Male,Butwal,154678,2436,18,10107,49,28.8,5,8.8,40,Gold,2.3,No,7,29232.0
537,43,Female,Lalitpur,77620,28151,18,12285,41,56.6,50,6.8,31,Silver,1.5,Yes,4,344913.78
538,27,Female,Butwal,146270,12618,17,1468,83,30.2,35,3.7,3,Silver,4.2,Yes,2,154458.91
539,43,Female,Bhaktapur,177561,9750,12,868,30,28.8,70,5.2,4,Basic,3.7,Yes,4,117000.0
540,51,Female,Butwal,34387,17122,4,8924,5,47.5,24,6.8,7,Silver,2.0,Yes,0,214876.58
541,58,Male,Kathmandu,89463,8354,12,2742,95,49.7,10,9.6,21,Basic,3.1,No,0,113492.52
542,24,Female,Bhaktapur,153663,45062,20,5502,71,34.2,43,2.7,41,Basic,2.6,Yes,3,545918.23
543,21,Female,Chitwan,111683,31979,15,3583,83,12.4,13,8.8,6,Gold,4.8,Yes,8,387524.72
544,62,Male,Pokhara,82061,21900,16,8573,31,29.1,28,9.3,21,Basic,3.4,Yes,8,265441.27
545,28,Female,Chitwan,101257,14840,5,9612,52,58.1,73,6.8,45,Basic,1.6,No,0,182358.45
546,46,Male,Lalitpur,81753,53774,15,9380,88,45.7,49,9.3,29,Basic,3.0,No,2,655079.85
547,53,Female,Bhaktapur,104774,38167,17,12964,98,49.0,4,4.1,36,Silver,4.5,Yes,3,458004.0
548,42,Male,Bhaktapur,162159,6037,18,13822,23,3.9,71,9.5,15,Basic,3.7,Yes,1,72444.0
549,38,Male,Kathmandu,43408,29633,5,1969,48,29.1,68,7.1,14,Basic,4.4,No,6,355596.0
550,53,Male,Lalitpur,144116,25495,13,5225,40,39.5,56,0.6,4,Silver,2.0,No,2,308811.54
551,27,Male,Pokhara,151208,16848,19,4759,6,50.1,25,9.1,2,Silver,4.6,Yes,0,210003.13
552,54,Female,Bhaktapur,37413,37483,13,4122,38,4.9,5,4.9,22,Premium,4.0,Yes,0,451860.15
553,26,Male,Bhaktapur,133650,48645,18,10792,41,51.4,15,4.7,9,Silver,3.9,No,2,586866.17
554,41,Female,Kathmandu,79500,8837,14,10957,100,33.8,59,5.8,4,Silver,2.4,Yes,5,109427.59
555,52,Male,Butwal,104514,35069,4,12481,27,13.4,11,1.7,22,Silver,4.6,Yes,3,420943.43
556,52,Male,Pokhara,76358,8370,4,1323,75,20.4,74,4.8,14,Basic,3.6,No,0,100440.0
557,65,Male,Chitwan,86197,55337,20,3931,69,18.4,2,8.3,17,Premium,4.4,Yes,6,664417.38
558,53,Female,Lalitpur,96240,52307,20,7028,57,32.8,62,0.4,24,Silver,2.4,No,1,627684.0
559,35,Male,Bhaktapur,36322,7411,19,4651,17,5.0,63,2.9,7,Basic,1.6,Yes,4,88932.0
560,56,Female,Bhaktapur,133053,40133,13,4713,71,11.2,61,0.2,30,Gold,2.3,No,7,483436.18
561,49,Female,Chitwan,26968,31499,12,7920,91,49.1,5,4.3,20,Basic,2.8,Yes,6,377988.0
562,41,Female,Pokhara,47518,31225,7,9489,47,9.7,18,7.3,1,Premium,3.1,No,10,383933.52
563,40,Female,Butwal,71925,49217,12,1279,79,15.5,17,8.0,21,Gold,3.0,Yes,7,591336.71
564,49,Female,Bhaktapur,131900,1692,4,11542,13,28.3,79,9.5,7,Silver,3.2,Yes,9,27100.26
565,54,Female,Pokhara,113422,29926,2,3392,11,32.0,42,6.2,22,Basic,4.4,Yes,10,359112.0
566,29,Female,Chitwan,21700,35246,2,6034,90,46.3,72,2.7,31,Basic,1.7,No,5,422952.0
567,30,Female,Kathmandu,113782,40164,5,10585,86,27.9,2,9.3,7,Basic,2.3,Yes,6,481968.0
568,40,Female,Butwal,43199,9448,10,3806,92,47.8,71,7.8,3,Basic,4.6,Yes,8,118059.83
569,42,Male,Lalitpur,25520,44390,10,3402,24,37.9,37,5.8,29,Silver,3.2,Yes,5,532680.0
570,52,Male,Bhaktapur,129814,50593,9,13495,93,8.6,67,7.0,18,Premium,3.3,Yes,8,607116.0
571,58,Male,Pokhara,143364,11073,13,13891,73,11.1,75,9.3,22,Silver,2.9,Yes,1,137875.63
572,47,Male,Kathmandu,34955,36414,7,4218,4,27.3,43,7.2,17,Gold,3.2,No,1,436968.0
573,34,Male,Lalitpur,164989,6209,5,521,46,25.0,79,3.8,28,Gold,1.8,Yes,1,74508.0
574,37,Female,Pokhara,84925,7533,10,2000,18,45.1,62,7.2,22,Premium,3.2,Yes,5,93937.96
575,65,Female,Pokhara,127216,22061,10,9534,43,35.7,41,0.6,32,Basic,5.0,No,1,264732.0
576,42,Female,Lalitpur,90269,8211,6,10452,80,24.5,63,4.0,46,Silver,3.3,Yes,2,98532.0
577,39,Female,Kathmandu,61458,10927,19,4141,33,11.9,53,4.2,17,Gold,1.2,Yes,7,131695.38
578,30,Female,Chitwan,109037,12927,8,5712,93,15.2,77,1.8,43,Gold,4.2,Yes,7,157769.1
579,36,Female,Kathmandu,172185,52797,1,691,10,35.4,76,0.4,32,Premium,2.6,Yes,10,637677.24
580,53,Female,Butwal,119977,25594,17,13806,73,26.6,70,1.5,6,Gold,1.6,Yes,3,312021.26
581,29,Male,Bhaktapur,63939,10316,7,13914,59,31.9,75,6.6,50,Basic,4.5,Yes,8,123792.0
582,58,Male,Lalitpur,49345,13177,14,9087,31,11.9,36,8.1,27,Silver,1.8,No,7,162911.57
583,36,Male,Chitwan,130107,11846,17,7674,28,40.4,3,9.9,0,Basic,4.7,Yes,0,144682.75
584,29,Male,Lalitpur,141866,8933,9,5614,60,51.4,1,3.6,38,Silver,2.8,Yes,7,110802.04
585,26,Female,Lalitpur,89166,39244,17,5162,3,17.0,43,6.1,33,Silver,4.0,No,0,470928.0
586,24,Female,Kathmandu,117406,47621,5,4826,55,30.5,66,9.4,38,Gold,3.2,Yes,3,574777.54
587,45,Female,Bhaktapur,69298,41696,20,9565,14,58.6,67,1.8,18,Premium,2.0,No,9,500352.0
588,31,Male,Butwal,64942,3080,8,11313,58,21.3,75,7.2,30,Gold,3.7,Yes,5,37199.34
589,48,Female,Pokhara,23453,7089,6,4835,89,36.5,73,7.6,12,Basic,4.8,Yes,6,85893.71
590,36,Female,Pokhara,122811,57548,11,8781,15,7.2,61,1.1,23,Basic,4.1,Yes,9,701141.93
591,64,Female,Lalitpur,74935,27123,19,10971,2,37.1,0,8.6,4,Gold,3.4,Yes,3,325476.0
592,33,Male,Bhaktapur,142439,8797,4,9148,24,7.2,16,8.2,22,Basic,5.0,Yes,7,111510.58
593,22,Female,Chitwan,28328,51013,18,10972,78,57.6,15,0.5,18,Basic,2.1,Yes,7,619307.86
594,52,Male,Kathmandu,35534,9346,1,13141,64,43.5,8,1.1,0,Basic,1.2,Yes,8,116279.94
595,29,Male,Bhaktapur,105280,20878,13,9696,71,47.7,52,0.7,32,Silver,1.1,Yes,5,250536.0
596,42,Male,Bhaktapur,56320,34672,14,14144,100,42.8,72,3.5,49,Basic,3.8,Yes,3,424546.53
597,38,Male,Kathmandu,69170,18653,1,13226,24,36.2,58,5.2,32,Premium,4.3,Yes,1,223836.0
598,53,Female,Lalitpur,120546,50556,11,5994,27,28.1,8,5.4,31,Premium,3.5,Yes,6,610107.59
599,40,Male,Bhaktapur,100201,59187,17,9036,37,51.8,11,2.8,27,Premium,4.6,Yes,9,710848.57
600,33,Male,Pokhara,28640,43742,4,3211,94,57.5,40,9.1,36,Basic,3.8,Yes,2,524904.0
601,56,Female,Kathmandu,156690,27140,12,8095,91,30.9,14,3.8,40,Premium,2.5,Yes,10,328413.42
602,62,Female,Chitwan,152992,2184,10,13444,39,56.0,65,0.6,11,Premium,1.7,Yes,2,35605.05
603,59,Male,Butwal,63937,59090,6,6773,63,35.8,74,3.1,8,Premium,4.7,Yes,2,710361.73
604,56,Female,Lalitpur,163279,35493,1,6784,79,33.2,10,5.4,49,Gold,1.4,Yes,3,435808.18
605,31,Male,Kathmandu,161871,45148,7,11154,26,28.4,7,4.2,10,Gold,3.2,No,1,541776.0
606,48,Male,Butwal,179988,25846,16,9808,65,14.1,54,2.9,32,Basic,2.3,Yes,4,310539.07
607,22,Male,Butwal,90463,46825,14,9317,4,2.2,5,1.5,18,Premium,2.1,Yes,2,561900.0
608,52,Male,Chitwan,113500,23195,20,13071,29,16.0,52,8.2,41,Basic,3.6,No,9,278340.0
609,40,Female,Bhaktapur,57158,6606,20,10671,1,31.6,19,10.0,33,Basic,1.9,No,4,79272.0
610,46,Male,Chitwan,104607,4956,6,4494,50,24.0,38,3.4,6,Premium,4.7,No,6,59472.0
611,60,Female,Bhaktapur,139639,17555,5,2178,86,28.0,71,3.9,30,Silver,2.6,Yes,8,210660.0
612,28,Female,Bhaktapur,91696,25849,18,8914,11,58.9,33,6.3,1,Basic,3.7,Yes,1,310188.0
613,35,Female,Kathmandu,81510,19690,15,1243,74,22.3,56,7.2,18,Premium,3.9,No,8,236280.0
614,64,Female,Kathmandu,140076,59502,6,962,59,28.2,18,4.0,37,Premium,3.7,No,9,719956.69
615,29,Male,Lalitpur,78692,49849,19,2068,62,9.7,70,9.1,31,Basic,4.6,Yes,5,598188.0
616,26,Female,Bhaktapur,150841,27347,1,12039,81,4.8,30,5.7,9,Gold,1.9,Yes,5,328164.0
617,27,Male,Butwal,35810,34189,1,14493,36,47.0,39,4.6,40,Silver,1.3,No,10,410268.0
618,61,Female,Pokhara,156198,39308,13,13951,56,35.1,13,6.5,7,Silver,1.2,Yes,2,471696.0
619,34,Female,Lalitpur,131718,26785,3,2236,90,46.1,80,9.5,25,Basic,4.5,Yes,9,324604.85
620,55,Male,Kathmandu,110932,50056,10,13834,21,10.7,36,8.0,29,Basic,4.9,Yes,8,600672.0
621,24,Male,Chitwan,20192,33698,3,12731,13,35.2,43,0.6,10,Basic,2.2,Yes,3,404376.0
622,63,Male,Lalitpur,56413,16966,9,8403,9,16.7,8,3.5,40,Basic,3.8,Yes,4,203592.0
623,30,Female,Lalitpur,163888,32097,8,12643,11,15.2,57,4.8,19,Premium,1.0,Yes,2,385164.0
624,57,Female,Lalitpur,59082,16882,3,7502,75,2.7,19,3.3,19,Gold,1.8,No,4,206891.12
625,59,Male,Lalitpur,85048,5675,13,9356,70,9.6,49,7.1,8,Premium,3.8,Yes,7,74652.62
626,26,Male,Pokhara,143130,42850,6,1856,1,19.9,19,8.3,7,Gold,1.3,Yes,7,514200.0
627,44,Male,Chitwan,70940,14009,13,1514,70,8.8,35,7.4,14,Basic,2.9,No,7,168535.31
628,19,Male,Chitwan,60142,28843,20,10824,77,59.2,26,9.9,33,Premium,3.7,Yes,5,346709.6
629,22,Female,Chitwan,56468,30793,20,11360,86,19.9,71,2.9,23,Premium,4.1,Yes,0,369516.0
630,46,Male,Bhaktapur,161727,40516,12,1554,56,9.6,31,8.8,32,Basic,2.8,Yes,10,486192.0
631,54,Male,Butwal,160431,39871,13,2264,31,13.5,0,7.7,40,Basic,3.5,Yes,9,487380.78
632,55,Male,Chitwan,149048,18857,2,6509,86,36.1,16,3.7,40,Gold,3.2,Yes,5,226284.0
633,36,Male,Lalitpur,62056,20627,16,4958,37,5.7,8,7.4,44,Gold,1.2,Yes,10,248641.6
634,25,Female,Lalitpur,71831,19565,6,11561,47,52.0,44,1.2,39,Premium,4.0,No,9,234780.0
635,65,Male,Chitwan,79191,27025,19,10104,91,57.8,65,7.9,26,Basic,1.7,No,6,324300.0
636,62,Female,Chitwan,141948,53248,13,1167,78,16.3,31,5.4,20,Basic,1.1,Yes,8,642207.46
637,18,Male,Lalitpur,128117,56798,17,3870,47,28.1,44,3.1,4,Silver,2.8,Yes,7,681576.0
638,39,Male,Bhaktapur,34671,28832,9,6476,69,3.3,8,6.6,34,Silver,4.5,Yes,10,354083.91
639,34,Female,Kathmandu,47048,45116,17,1894,58,39.2,29,6.5,20,Basic,1.6,Yes,7,541392.0
640,24,Male,Kathmandu,45963,10782,2,8790,36,26.0,37,2.3,3,Silver,1.1,Yes,6,129384.0
641,42,Female,Chitwan,63954,39650,19,14882,32,17.7,59,0.5,48,Silver,1.4,No,1,475800.0
642,62,Female,Pokhara,115430,23366,19,4570,98,14.0,0,4.4,47,Gold,2.5,Yes,0,287013.82
643,21,Male,Chitwan,20717,29557,7,7482,64,39.9,4,5.8,15,Basic,3.3,Yes,1,354684.0
644,53,Female,Chitwan,31676,6798,10,9113,71,26.1,62,8.8,30,Silver,1.8,Yes,5,81576.0
645,23,Female,Kathmandu,155506,10627,10,6099,42,12.4,35,9.3,25,Gold,4.2,Yes,1,129512.02
646,48,Female,Lalitpur,138696,42183,20,4150,48,42.0,64,5.4,34,Premium,4.0,No,9,513191.07
647,36,Female,Chitwan,150830,58563,9,12849,74,34.8,77,7.6,5,Basic,3.8,No,3,703836.34
648,61,Female,Lalitpur,24994,13466,17,9824,81,51.8,72,4.5,32,Basic,2.9,Yes,9,167305.25
649,56,Female,Lalitpur,24234,43614,15,10394,30,8.8,23,7.5,20,Premium,2.5,Yes,2,523368.0
650,44,Female,Pokhara,89300,13720,2,4120,21,47.6,3,2.2,15,Silver,2.5,No,5,164640.0
651,27,Female,Lalitpur,63949,58608,4,3690,60,41.1,77,3.8,46,Gold,3.0,No,7,704457.07
652,43,Male,Kathmandu,57405,42913,19,9289,13,8.7,67,6.4,38,Silver,1.3,No,10,514956.0
653,36,Male,Bhaktapur,54872,38292,17,891,1,42.3,24,0.4,33,Basic,3.7,Yes,5,462947.74
654,56,Female,Bhaktapur,62215,7559,5,1575,65,27.6,73,7.3,41,Gold,2.4,Yes,1,90708.0
655,20,Male,Butwal,43185,41388,7,3150,33,56.8,6,8.4,14,Gold,1.9,Yes,4,496656.0
656,62,Female,Chitwan,61153,20158,18,14100,38,10.2,12,4.1,5,Silver,2.1,Yes,10,241896.0
657,30,Female,Kathmandu,97535,31916,7,14817,25,39.3,67,4.6,1,Basic,1.7,No,5,382992.0
658,45,Male,Lalitpur,153653,23057,17,2884,26,24.2,42,8.5,23,Premium,4.6,Yes,8,276684.0
659,37,Female,Bhaktapur,71717,36892,7,1309,77,57.5,56,7.8,48,Silver,1.7,Yes,5,448518.82
660,45,Female,Kathmandu,22763,42439,4,8547,59,21.1,35,3.0,27,Silver,4.5,Yes,9,513618.54
661,25,Female,Bhaktapur,112910,12706,8,12001,92,57.8,13,3.4,0,Premium,3.3,No,4,152593.09
662,58,Female,Lalitpur,75480,51505,13,6001,33,54.3,71,6.9,0,Silver,4.5,Yes,0,618060.0
663,56,Male,Bhaktapur,138094,13070,4,12430,41,17.7,26,5.7,27,Gold,2.9,Yes,9,156840.0
664,18,Female,Chitwan,176379,59233,6,7395,30,48.6,36,1.8,35,Premium,4.7,Yes,4,716616.12
665,20,Female,Chitwan,31064,54006,5,1659,57,59.7,70,3.2,19,Silver,1.8,Yes,4,648072.0
666,30,Female,Butwal,96848,41902,12,8074,49,16.7,75,9.0,47,Silver,3.2,Yes,5,502824.0
667,45,Male,Butwal,57548,1924,4,2031,48,27.3,24,6.9,7,Premium,1.5,Yes,6,28847.12
668,42,Female,Bhaktapur,26476,52322,9,5981,72,32.2,66,9.9,0,Basic,2.8,No,3,627864.0
669,50,Male,Kathmandu,110101,27478,4,8048,49,19.1,3,7.7,25,Basic,3.3,Yes,6,329736.0
670,55,Male,Chitwan,22382,6506,19,5476,47,2.9,78,9.4,50,Premium,3.4,Yes,4,80862.42
671,23,Female,Kathmandu,178018,47418,14,6195,56,14.8,73,2.3,42,Gold,2.5,No,5,569646.27
672,61,Female,Kathmandu,99698,36163,5,11374,65,18.4,15,7.8,48,Premium,1.3,No,3,433956.0
673,62,Male,Bhaktapur,173407,25604,18,8945,12,27.7,18,0.4,24,Basic,3.6,Yes,7,307248.0
674,49,Female,Kathmandu,65095,16310,10,4048,69,11.9,28,6.8,9,Basic,3.0,Yes,8,195720.0
675,62,Male,Chitwan,149974,9226,19,11877,88,52.6,50,4.8,11,Basic,1.5,Yes,1,114634.35
676,64,Male,Lalitpur,47197,12781,12,6663,6,42.9,17,3.6,40,Gold,4.7,Yes,10,154224.63
677,38,Female,Butwal,147619,6515,18,7171,89,6.9,57,8.7,6,Silver,4.8,No,3,78180.0
678,33,Female,Lalitpur,42010,52822,17,5764,65,39.7,43,8.6,11,Silver,4.4,No,10,635908.55
679,38,Male,Kathmandu,175195,37133,11,1731,25,39.9,15,0.4,46,Basic,4.4,Yes,7,445596.0
680,28,Male,Lalitpur,107923,17972,3,2923,1,57.5,64,6.2,39,Silver,1.4,Yes,7,219355.89
681,54,Male,Chitwan,153962,33092,17,12267,32,2.2,1,3.8,16,Silver,5.0,Yes,8,399356.79
682,53,Male,Chitwan,150526,12410,1,8571,3,16.4,55,4.3,4,Basic,2.6,Yes,2,148920.0
683,52,Female,Kathmandu,129162,20522,15,4761,49,55.8,78,8.4,13,Premium,1.7,Yes,0,246264.0
684,36,Female,Bhaktapur,140927,10095,9,10265,19,56.1,27,3.2,33,Basic,4.2,Yes,8,121140.0
685,37,Female,Lalitpur,28026,24047,15,3408,60,43.8,64,9.4,47,Gold,1.9,Yes,0,293543.71
686,35,Female,Bhaktapur,84925,21470,3,5212,29,46.4,4,2.0,16,Premium,3.1,Yes,2,258720.46
687,64,Female,Bhaktapur,88842,44129,19,7255,50,7.3,21,6.7,34,Silver,1.5,Yes,2,529548.0
688,58,Male,Pokhara,53665,9531,13,10317,2,31.8,12,6.8,0,Basic,2.9,Yes,8,114372.0
689,31,Female,Kathmandu,29277,38038,12,12690,73,15.4,64,2.7,49,Basic,3.2,Yes,0,459403.46
690,32,Female,Butwal,68008,23403,20,4383,56,12.5,15,3.4,49,Premium,2.8,No,6,283549.78
691,48,Female,Chitwan,34683,43674,1,4015,17,49.0,63,8.4,35,Basic,1.3,Yes,1,524088.0
692,18,Female,Chitwan,151742,30122,17,3903,60,9.8,31,7.7,14,Gold,2.9,Yes,6,361464.0
693,20,Female,Kathmandu,168961,17940,13,5098,36,29.2,79,3.4,18,Premium,2.9,Yes,0,215280.0
694,33,Male,Butwal,98542,30831,1,5508,61,56.4,50,5.4,50,Premium,2.0,Yes,9,369972.0
695,40,Male,Chitwan,74319,58174,10,6722,17,12.8,78,0.8,41,Silver,4.7,Yes,9,698456.53
696,28,Male,Kathmandu,112067,12279,15,13372,49,58.7,57,2.2,4,Gold,2.7,Yes,7,147348.0
697,29,Female,Chitwan,172711,39220,7,10650,76,59.7,45,5.0,18,Premium,4.5,Yes,9,470640.0
698,27,Male,Bhaktapur,167705,53719,18,4509,60,34.2,51,1.0,42,Silver,1.4,Yes,9,644628.0
699,49,Male,Lalitpur,88975,54051,16,3235,20,11.9,62,8.5,38,Basic,2.3,Yes,1,648612.0
700,33,Female,Lalitpur,121158,7477,14,4991,50,20.3,75,7.2,4,Basic,1.7,Yes,2,91980.95
701,25,Female,Chitwan,31577,57652,18,14419,3,26.6,59,9.4,11,Basic,2.6,No,7,693238.99
702,55,Female,Pokhara,97299,18400,7,14668,43,19.9,64,7.0,18,Gold,1.4,Yes,2,227683.12
703,29,Male,Butwal,40176,7470,17,11866,57,18.3,80,9.4,46,Silver,2.8,Yes,0,90104.24
704,41,Male,Butwal,83972,3062,18,9093,50,58.4,54,5.6,11,Premium,2.4,Yes,8,37774.65
705,45,Female,Butwal,140018,42798,12,1474,68,10.9,56,6.1,35,Gold,1.9,Yes,7,513576.0
706,25,Female,Bhaktapur,39996,59981,8,723,81,44.5,70,9.8,11,Gold,3.6,Yes,3,719772.0
707,45,Male,Butwal,120922,54473,2,5113,50,2.0,72,6.5,17,Silver,4.8,Yes,7,653998.13
708,53,Male,Lalitpur,106598,20880,7,7277,37,36.6,25,0.5,48,Basic,1.8,No,4,250968.56
709,43,Female,Bhaktapur,55931,35581,4,8927,46,55.1,11,7.3,50,Premium,3.8,Yes,2,428419.95
710,25,Female,Kathmandu,144168,45439,18,12190,42,18.7,70,9.1,47,Silver,4.0,Yes,0,551616.17
711,45,Male,Butwal,143099,56408,6,4711,15,12.8,45,8.0,42,Silver,3.0,Yes,9,676896.0
712,45,Female,Butwal,54693,15308,9,11926,33,39.8,46,5.9,33,Basic,4.6,Yes,4,192145.56
713,54,Male,Kathmandu,128944,27027,9,725,80,43.3,78,6.8,47,Premium,4.9,Yes,10,324324.0
714,58,Male,Butwal,37374,31720,14,10969,11,41.9,37,9.9,32,Premium,2.4,No,5,382504.7
715,53,Male,Kathmandu,101471,36081,8,8683,20,20.5,20,1.1,48,Silver,3.6,Yes,3,432972.0
716,44,Male,Bhaktapur,65913,10706,19,4777,24,16.6,13,6.7,17,Silver,3.6,No,6,132092.69
717,34,Female,Lalitpur,143683,51383,3,1841,64,57.4,1,3.0,28,Gold,2.6,Yes,2,616596.0
718,26,Female,Kathmandu,64516,10837,18,4536,80,55.6,71,6.5,44,Basic,2.3,No,6,130044.0
719,50,Male,Pokhara,107796,39599,5,8901,94,28.5,69,6.2,4,Basic,4.7,No,0,475917.35
720,37,Male,Kathmandu,46069,53151,14,4227,98,51.1,32,1.7,24,Gold,4.2,No,6,637812.0
721,30,Male,Butwal,138333,53592,4,14203,65,28.2,5,2.2,23,Basic,1.5,No,0,648634.35
722,45,Male,Bhaktapur,104811,37824,7,4428,88,26.6,36,6.3,28,Silver,1.5,Yes,10,454277.33
723,65,Male,Chitwan,138028,34073,20,14931,88,11.1,13,1.5,37,Silver,4.7,Yes,0,408876.0
724,46,Female,Bhaktapur,59178,48115,12,13681,73,26.7,36,2.8,32,Silver,1.3,Yes,1,577380.0
725,30,Female,Chitwan,52821,33088,2,14669,86,33.2,7,8.4,9,Basic,3.8,Yes,1,413136.1
726,63,Female,Kathmandu,36999,29112,11,3303,76,3.3,76,3.4,36,Silver,1.9,No,3,349344.0
727,52,Female,Lalitpur,58712,27299,14,9801,17,27.8,12,5.0,32,Basic,1.1,Yes,0,330210.75
728,23,Male,Pokhara,53722,35457,16,7058,89,47.3,39,9.4,22,Silver,1.2,Yes,3,427495.0
729,35,Male,Bhaktapur,30625,59861,20,10718,92,41.4,57,2.4,10,Gold,2.5,Yes,1,721071.3
730,22,Male,Butwal,26859,31063,6,893,61,38.8,17,4.0,23,Premium,1.3,No,3,375087.07
731,64,Male,Chitwan,130986,4917,4,7339,15,54.8,56,6.1,23,Basic,3.4,No,3,59004.0
732,42,Male,Butwal,41839,57232,15,9535,94,3.0,37,7.6,6,Premium,3.6,Yes,8,686784.0
733,19,Female,Lalitpur,47216,58763,1,10216,51,34.3,31,9.0,49,Basic,2.5,Yes,8,705934.15
734,27,Male,Chitwan,72953,3936,7,9295,27,47.7,65,9.2,20,Silver,4.0,Yes,0,47232.0
735,47,Female,Bhaktapur,69522,37630,12,1081,86,33.4,76,7.8,19,Silver,3.0,Yes,4,452179.66
736,62,Female,Kathmandu,155958,15506,10,14830,74,20.8,24,2.4,9,Silver,2.7,Yes,6,188898.16
737,22,Female,Butwal,131249,29805,5,10631,61,9.9,57,0.4,24,Gold,2.6,Yes,3,357660.0
738,50,Female,Lalitpur,27485,15318,12,632,58,53.5,74,4.0,46,Silver,2.7,Yes,4,183816.0
739,18,Male,Bhaktapur,167839,49068,18,3338,31,29.3,32,1.6,35,Basic,4.9,Yes,1,593320.22
740,35,Female,Bhaktapur,132701,27026,10,3885,91,52.9,65,7.2,47,Gold,3.7,Yes,2,324312.0
741,49,Female,Bhaktapur,179525,28672,6,4270,12,36.0,29,6.7,46,Basic,2.3,No,6,344064.0
742,64,Female,Bhaktapur,122638,39417,12,2768,46,41.1,80,0.6,14,Basic,3.9,No,9,473004.0
743,28,Male,Chitwan,32226,53413,7,1475,31,48.6,33,8.4,43,Basic,2.3,Yes,6,643928.84
744,38,Male,Bhaktapur,113405,59508,18,8105,32,40.2,68,2.6,39,Basic,1.5,No,3,714096.0
745,43,Male,Butwal,42588,51971,2,7713,32,25.1,47,4.4,39,Silver,2.9,Yes,0,634716.04
746,42,Female,Lalitpur,57019,28281,10,10505,99,31.8,39,6.7,49,Silver,4.0,Yes,0,339659.24
747,39,Female,Chitwan,85133,49442,15,11955,53,48.6,50,4.4,5,Basic,2.5,Yes,3,593304.0
748,44,Male,Bhaktapur,134444,29091,12,10235,61,23.7,79,4.5,36,Basic,4.5,No,3,349092.0
749,30,Female,Pokhara,137603,51494,17,3335,46,24.5,12,0.8,1,Gold,2.5,Yes,5,621204.6
750,50,Male,Pokhara,178598,39328,4,3238,85,7.6,30,4.1,11,Gold,2.4,Yes,6,471936.0
751,51,Male,Lalitpur,148585,49219,7,10049,74,55.0,38,7.7,3,Premium,5.0,Yes,8,590628.0
752,58,Female,Kathmandu,63395,19610,9,4634,80,7.3,62,9.2,22,Premium,2.9,No,8,240212.28
753,52,Female,Kathmandu,175103,2079,19,10008,7,39.6,47,4.3,12,Premium,4.2,No,9,30592.34
754,18,Female,Chitwan,145814,30850,7,7333,4,26.0,47,4.4,16,Gold,4.2,Yes,4,370200.0
755,38,Female,Chitwan,132599,47751,2,8853,91,25.5,60,7.1,30,Silver,4.7,No,9,573012.0
756,65,Male,Chitwan,45939,21590,6,2409,52,41.4,11,9.4,15,Basic,1.3,Yes,10,259564.12
757,23,Male,Kathmandu,171396,56432,18,9819,89,5.9,77,2.8,40,Silver,2.1,No,2,683895.63
758,45,Male,Pokhara,173939,31951,6,14996,31,36.4,55,4.5,25,Basic,4.1,No,2,383412.0
759,34,Male,Kathmandu,20203,16327,13,12562,75,46.8,17,8.0,27,Premium,3.3,Yes,5,197722.62
760,22,Male,Butwal,167616,13755,19,10350,84,50.0,26,6.2,0,Silver,3.2,No,0,165337.2
761,48,Female,Bhaktapur,166971,8235,2,11817,36,11.9,27,1.3,46,Gold,1.7,Yes,6,98820.0
762,22,Male,Chitwan,49063,18197,12,2463,54,54.1,79,6.4,11,Basic,2.1,No,2,224550.69
763,55,Male,Pokhara,110880,22473,15,5653,54,40.1,51,2.0,36,Silver,3.1,No,4,274627.7
764,20,Male,Lalitpur,23748,3031,14,10981,17,53.1,15,5.2,49,Basic,2.1,Yes,6,44063.38
765,40,Female,Lalitpur,137269,42282,6,1466,75,30.1,76,5.4,19,Basic,1.8,Yes,6,513285.01
766,54,Female,Bhaktapur,100764,42863,18,1389,30,33.4,57,8.8,1,Silver,1.4,Yes,8,514407.0
767,54,Female,Pokhara,171956,59885,5,14948,99,55.3,8,4.7,35,Basic,1.6,No,0,721717.12
768,27,Female,Kathmandu,176255,15287,18,3561,22,54.2,25,2.9,14,Silver,4.1,No,2,185103.17
769,27,Male,Kathmandu,128036,39679,3,6961,43,28.0,27,2.5,37,Silver,3.9,Yes,8,476148.0
770,36,Male,Butwal,170331,45463,3,6666,27,17.9,76,8.8,21,Gold,1.2,Yes,7,545556.0
771,34,Female,Butwal,136525,33230,10,12321,37,24.8,35,1.9,43,Silver,1.8,Yes,1,400605.05
772,38,Female,Kathmandu,105679,20037,19,7467,46,24.5,8,4.4,49,Silver,3.2,Yes,7,240926.36
773,31,Male,Lalitpur,145829,28052,3,11881,35,18.6,46,2.0,31,Premium,2.3,Yes,7,336624.0
774,26,Male,Chitwan,148216,4340,12,11440,4,17.6,77,7.8,19,Silver,4.3,Yes,1,52080.0
775,63,Female,Lalitpur,153175,41644,16,10358,80,51.9,50,4.8,35,Silver,4.1,Yes,7,508575.32
776,18,Female,Butwal,85901,49664,17,11758,80,6.1,75,3.6,32,Silver,4.6,Yes,2,595968.0
777,62,Female,Bhaktapur,167175,46203,7,8601,85,41.3,56,3.7,14,Gold,3.3,Yes,6,557635.48
778,30,Female,Kathmandu,118046,2141,13,7879,26,12.0,31,8.6,49,Basic,2.4,No,8,29904.61
779,21,Male,Butwal,110012,26425,2,10133,100,22.0,66,5.6,45,Silver,3.4,Yes,3,321938.62
780,18,Male,Butwal,98278,58710,4,7780,19,5.6,56,7.2,2,Gold,1.4,Yes,10,704520.0
781,57,Male,Chitwan,32391,20281,10,1567,81,17.7,53,9.0,28,Basic,1.0,Yes,5,243372.0
782,49,Female,Kathmandu,122476,43049,7,4723,45,46.6,15,9.0,46,Gold,1.1,Yes,8,516588.0
783,51,Female,Chitwan,179973,21425,17,11615,26,53.3,61,3.4,26,Silver,2.6,Yes,10,258559.93
784,45,Male,Kathmandu,140721,35806,20,12945,22,14.8,55,9.5,4,Silver,1.9,Yes,10,429672.0
785,48,Male,Chitwan,117537,33113,6,12548,58,28.9,22,0.4,30,Gold,1.6,Yes,4,399248.39
786,25,Male,Lalitpur,101159,5270,19,9518,63,29.3,16,3.9,21,Basic,3.5,No,0,63240.0
787,56,Male,Bhaktapur,151040,43814,5,14678,28,52.7,79,9.0,34,Premium,5.0,Yes,2,525768.0
788,43,Female,Bhaktapur,55503,5683,10,5107,65,46.2,37,2.9,6,Premium,1.7,Yes,10,74921.27
789,51,Male,Kathmandu,95403,50646,9,4485,44,31.8,71,2.9,5,Silver,3.2,Yes,8,611962.77
790,20,Male,Pokhara,84286,40884,13,10784,100,40.9,29,3.2,25,Premium,1.5,Yes,2,491227.14
791,29,Male,Butwal,94842,30809,19,3679,43,51.1,57,6.2,0,Basic,4.7,No,10,369708.0
792,18,Male,Butwal,124927,35552,6,5038,37,2.6,77,4.5,18,Premium,2.2,No,10,428285.9
793,61,Male,Kathmandu,34908,53662,4,12593,66,25.4,21,7.3,6,Basic,4.5,Yes,9,645941.97
794,22,Male,Chitwan,57228,4786,3,2862,17,54.6,16,9.0,35,Basic,2.1,Yes,1,57432.0
795,47,Male,Pokhara,43386,22650,3,2724,40,44.9,14,6.8,11,Basic,4.2,No,3,273554.24
796,47,Female,Lalitpur,48302,29706,4,6871,38,33.5,47,2.2,19,Basic,1.8,Yes,4,356472.0
797,34,Female,Chitwan,80815,10190,5,2226,85,32.7,31,9.3,22,Basic,2.2,Yes,6,122280.0
798,65,Female,Chitwan,83344,39196,8,10698,61,22.2,76,2.8,24,Premium,1.8,Yes,6,470352.0
799,64,Female,Kathmandu,131603,40449,16,6291,9,32.2,39,1.7,29,Premium,2.1,Yes,8,485388.0
800,40,Male,Kathmandu,81114,40661,3,8573,77,40.0,56,1.1,28,Basic,4.3,No,7,487932.0
801,32,Female,Butwal,45525,30709,12,8958,75,26.3,57,5.7,30,Basic,3.6,Yes,1,368508.0
802,54,Female,Kathmandu,99818,46429,8,7513,61,43.4,15,1.3,17,Gold,2.6,Yes,7,562850.92
803,38,Male,Kathmandu,134589,15892,13,1337,80,52.0,27,1.6,40,Silver,4.9,Yes,7,190704.0
804,31,Male,Kathmandu,165406,10643,4,5084,16,11.0,0,3.1,18,Basic,2.9,No,4,127716.0
805,19,Female,Butwal,114715,10943,14,13489,2,28.2,40,3.0,3,Silver,4.9,Yes,2,131316.0
806,28,Female,Lalitpur,26644,44240,14,1186,72,25.7,47,6.1,0,Silver,1.8,No,8,530880.0
807,56,Male,Lalitpur,121154,46760,13,12053,43,41.9,30,8.2,40,Basic,4.6,Yes,6,567887.24
808,55,Female,Kathmandu,63469,22042,6,13783,42,16.5,35,7.7,14,Gold,1.1,No,0,272240.6
809,51,Male,Butwal,126609,57234,17,856,77,39.1,32,2.8,7,Silver,3.2,Yes,7,686808.0
810,55,Male,Lalitpur,168447,44894,4,12507,57,52.9,32,2.6,14,Basic,2.7,Yes,9,538728.0
811,51,Male,Chitwan,85206,7869,8,9563,81,26.3,22,9.7,14,Premium,3.1,Yes,4,97942.51
812,35,Male,Lalitpur,116462,57759,17,10665,88,54.8,59,0.3,49,Silver,3.2,No,5,693108.0
813,47,Female,Lalitpur,103178,41437,3,5147,67,59.6,78,8.8,38,Basic,2.6,Yes,8,499089.31
814,32,Male,Butwal,175065,45306,17,10502,30,8.2,29,2.2,21,Basic,5.0,Yes,9,555505.65
815,44,Male,Chitwan,106724,43833,9,4918,13,15.5,44,9.5,17,Basic,4.9,Yes,7,529821.57
816,51,Female,Butwal,116393,56371,2,11333,19,57.1,79,3.6,15,Silver,4.8,Yes,10,680118.09
817,55,Male,Kathmandu,147314,21918,13,10920,7,57.6,38,4.5,1,Basic,4.9,No,2,269735.07
818,50,Female,Bhaktapur,96312,29379,20,7142,9,7.7,44,7.1,35,Silver,4.2,Yes,4,357066.92
819,41,Female,Lalitpur,95324,56131,2,3891,83,2.9,77,6.0,19,Basic,5.0,No,3,673572.0
820,32,Female,Bhaktapur,91196,43939,20,12870,54,11.3,80,3.3,15,Gold,4.6,Yes,0,527268.0
821,47,Male,Butwal,90014,26274,11,11042,86,59.8,11,5.6,2,Gold,2.7,No,4,315288.0
822,59,Female,Butwal,159282,18696,15,4857,82,12.4,31,7.4,29,Silver,4.1,Yes,9,224352.0
823,34,Female,Butwal,161994,3962,11,5379,61,31.1,55,0.6,1,Gold,4.6,Yes,6,47544.0
824,22,Male,Bhaktapur,53340,14851,3,5819,87,51.2,23,0.3,34,Premium,3.9,Yes,0,178212.0
825,46,Female,Butwal,59850,53090,3,13701,2,3.2,12,4.7,25,Silver,2.7,No,3,637080.0
826,21,Female,Kathmandu,133711,46747,12,3239,50,37.1,19,1.5,4,Silver,1.3,Yes,5,560964.0
827,27,Female,Butwal,31094,53349,5,13731,75,18.1,78,6.7,1,Silver,4.2,Yes,10,640188.0
828,34,Female,Pokhara,107959,6296,20,11422,31,52.0,55,2.3,50,Gold,4.8,No,8,77579.57
829,27,Female,Bhaktapur,25741,57356,7,10010,33,18.4,52,4.4,19,Basic,2.4,No,10,691561.69
830,34,Male,Pokhara,131585,15745,7,10227,78,41.8,67,2.1,33,Basic,1.6,No,7,191144.72
831,37,Female,Butwal,142564,6730,13,5284,80,41.1,53,5.6,33,Silver,2.3,Yes,1,80760.0
832,41,Female,Kathmandu,88798,14921,9,11135,11,14.8,33,1.3,19,Gold,3.3,Yes,10,179676.11
833,22,Male,Lalitpur,136026,33894,13,10464,33,4.0,27,0.4,49,Gold,2.3,No,2,416447.83
834,51,Male,Chitwan,130130,6602,12,11901,7,25.7,49,0.7,24,Basic,3.4,Yes,9,79224.0
835,23,Male,Chitwan,42164,18575,13,13626,31,18.8,1,9.6,19,Basic,4.9,Yes,4,230924.6
836,19,Female,Butwal,50257,20023,10,1377,48,48.9,25,1.6,24,Premium,3.7,Yes,10,240276.0
837,30,Male,Kathmandu,165283,46349,1,3370,47,48.4,50,7.1,13,Basic,2.5,No,6,556188.0
838,60,Female,Bhaktapur,115989,16997,8,11892,78,28.5,46,0.9,46,Basic,4.7,Yes,2,203964.0
839,60,Female,Pokhara,156304,18750,16,12836,92,37.2,25,1.3,43,Silver,3.3,No,6,225000.0
840,65,Male,Pokhara,72691,42979,13,12439,53,37.0,74,5.2,42,Gold,1.5,Yes,4,515748.0
841,28,Male,Pokhara,99768,23837,3,11528,80,50.0,73,4.8,42,Gold,3.0,No,9,286044.0
842,64,Female,Bhaktapur,176685,15997,3,792,19,26.7,60,9.5,38,Premium,3.6,Yes,5,193977.09
843,40,Male,Chitwan,34026,40439,5,10343,81,18.0,22,9.5,11,Basic,4.4,Yes,5,485268.0
844,33,Female,Kathmandu,50908,24067,11,13323,90,17.4,36,7.8,47,Silver,4.7,Yes,10,293883.56
845,48,Male,Bhaktapur,39610,46039,7,13098,6,33.1,40,6.1,4,Basic,2.3,No,10,558093.81
846,28,Male,Pokhara,83185,21923,10,9228,49,28.1,51,4.7,1,Gold,1.6,Yes,3,269301.26
847,33,Male,Butwal,92567,9876,10,14714,73,27.5,48,3.7,15,Silver,1.3,No,7,118512.0
848,25,Female,Lalitpur,56182,3887,20,3186,50,7.3,26,9.5,29,Basic,4.0,Yes,8,46644.0
849,21,Male,Bhaktapur,136136,43422,2,733,81,43.7,5,6.1,46,Gold,4.2,Yes,1,521064.0
850,57,Female,Bhaktapur,151642,37854,3,14020,95,14.4,73,5.9,42,Silver,2.6,Yes,8,454248.0
851,21,Female,Kathmandu,39288,52413,8,11344,12,13.4,65,2.5,37,Silver,2.6,Yes,10,628956.0
852,42,Female,Kathmandu,98824,37948,11,14929,23,25.9,23,0.7,44,Premium,4.8,No,3,459154.79
853,20,Female,Bhaktapur,104425,3841,13,2874,54,15.2,37,9.5,50,Basic,4.7,Yes,5,49150.36
854,49,Male,Pokhara,20917,29756,7,2772,69,35.9,27,3.3,41,Basic,1.9,No,6,357072.0
855,20,Female,Lalitpur,95602,7040,13,1466,100,23.5,27,4.5,23,Basic,4.1,No,3,84480.0
856,44,Female,Kathmandu,84575,53712,2,1389,59,28.0,65,1.3,50,Basic,3.5,Yes,7,644544.0
857,46,Male,Pokhara,92518,11304,6,4363,36,33.2,60,8.4,29,Basic,1.6,Yes,9,135648.0
858,49,Female,Butwal,59104,31341,9,6654,3,13.8,45,0.5,36,Gold,2.4,Yes,7,380321.45
859,36,Male,Kathmandu,169134,5758,20,3900,58,11.0,68,8.4,38,Basic,1.7,No,0,69812.64
860,38,Female,Pokhara,36999,18010,2,8726,88,53.1,74,1.6,10,Premium,2.2,Yes,7,220749.25
861,22,Male,Pokhara,161013,32658,18,5042,55,27.2,73,8.9,13,Basic,3.5,Yes,9,391896.0
862,35,Female,Lalitpur,81169,50002,16,4023,57,25.9,42,7.4,22,Basic,2.5,No,2,601390.96
863,45,Male,Lalitpur,174542,38782,12,2263,17,4.1,58,1.8,15,Basic,2.6,Yes,4,466686.96
864,59,Female,Butwal,149744,2375,7,3791,39,30.9,1,5.7,49,Gold,3.2,Yes,9,34501.59
865,39,Female,Pokhara,130684,34949,7,2988,90,34.1,14,3.3,20,Silver,1.3,Yes,7,419388.0
866,38,Male,Chitwan,79821,23092,17,11392,68,34.4,36,1.9,3,Gold,4.0,Yes,10,277104.0
867,23,Male,Pokhara,155601,1490,13,2058,55,43.0,70,8.6,32,Gold,2.6,Yes,5,25412.5
868,18,Male,Lalitpur,32192,4729,11,5190,45,12.3,19,4.2,46,Premium,2.9,Yes,3,56748.0
869,22,Male,Chitwan,94102,6974,6,6621,76,16.6,34,4.1,13,Gold,4.9,No,3,84574.35
870,58,Female,Kathmandu,134894,53686,14,2776,1,49.0,33,1.9,18,Basic,2.4,Yes,3,646613.49
871,29,Female,Kathmandu,106795,20680,6,12698,21,56.9,30,4.0,4,Gold,3.6,Yes,5,248160.0
872,43,Male,Bhaktapur,86677,19324,6,4939,83,9.9,18,8.7,35,Premium,2.6,Yes,6,232093.51
873,63,Female,Lalitpur,155699,32334,2,1603,21,30.9,67,3.8,30,Premium,4.6,Yes,4,388008.0
874,51,Male,Bhaktapur,154327,22398,20,8020,52,14.4,23,9.5,44,Basic,4.4,Yes,9,268776.0
875,31,Male,Chitwan,156285,35650,15,10111,82,5.5,38,9.5,17,Silver,2.0,Yes,7,427800.0
876,43,Female,Lalitpur,122412,22292,17,5909,43,20.9,53,1.6,43,Basic,3.8,Yes,6,267504.0
877,62,Female,Butwal,39404,36755,8,10170,52,10.3,38,1.9,30,Basic,1.3,Yes,7,444193.36
878,44,Female,Pokhara,136545,39353,5,12606,67,43.2,16,8.7,29,Gold,4.9,Yes,3,472722.98
879,26,Female,Butwal,176452,4159,17,12434,44,33.0,18,4.0,20,Premium,2.4,Yes,7,49908.0
880,43,Female,Chitwan,170245,33626,20,13939,32,10.3,47,0.2,46,Silver,4.3,Yes,5,403512.0
881,64,Female,Lalitpur,43989,30351,1,8369,10,2.5,34,2.9,29,Gold,2.3,Yes,2,368412.75
882,39,Female,Chitwan,128106,38298,18,3456,64,48.9,31,6.1,40,Basic,3.5,Yes,7,459576.0
883,64,Male,Pokhara,44519,18065,15,8210,79,12.2,46,8.0,3,Basic,4.9,Yes,6,216780.0
884,47,Male,Kathmandu,42439,22638,5,6517,69,37.2,46,1.5,4,Silver,4.5,Yes,9,271656.0
885,60,Male,Kathmandu,138570,2073,7,10074,68,21.5,63,1.3,40,Silver,1.6,Yes,4,24876.0
886,65,Male,Chitwan,34995,47511,18,11266,28,36.0,45,9.2,44,Premium,3.2,No,10,570132.0
887,34,Male,Bhaktapur,43559,19771,6,3884,53,20.3,34,7.6,9,Basic,2.4,Yes,3,237252.0
888,43,Female,Lalitpur,109049,36461,5,14910,51,7.0,16,6.0,26,Silver,2.7,Yes,0,442121.27
889,53,Male,Lalitpur,156093,43330,19,10261,53,14.9,41,7.7,15,Silver,2.3,Yes,9,532408.14
890,18,Male,Kathmandu,118000,30320,10,10586,4,12.9,28,4.4,29,Basic,2.3,No,2,365353.31
891,25,Male,Butwal,172191,5340,15,10935,79,26.8,69,7.6,12,Premium,3.2,Yes,1,64080.0
892,52,Male,Pokhara,59350,35924,10,10558,17,40.2,16,3.8,35,Silver,1.8,No,7,431088.0
893,32,Male,Butwal,45517,17184,16,528,67,17.3,80,2.6,20,Silver,3.1,No,7,206818.15
894,64,Male,Butwal,173322,41734,12,9397,74,2.7,13,7.3,44,Gold,2.1,Yes,4,504739.72
895,39,Male,Chitwan,109132,3580,18,9712,47,32.1,23,4.3,39,Basic,2.2,Yes,4,47009.96
896,31,Female,Kathmandu,79546,41025,1,10755,56,37.1,56,9.8,44,Gold,4.0,Yes,10,499121.26
897,43,Female,Kathmandu,125686,29967,16,10138,23,57.8,49,3.6,14,Basic,1.1,Yes,3,359604.0
898,45,Male,Kathmandu,108151,3159,6,8256,18,36.2,56,9.2,19,Basic,2.5,Yes,0,37996.39
899,40,Female,Chitwan,23327,49940,3,7448,1,29.3,60,9.3,19,Premium,2.6,No,0,599280.0
900,31,Female,Bhaktapur,140318,14900,2,12356,35,35.3,38,2.6,44,Gold,2.9,Yes,5,178800.0
901,41,Female,Butwal,135945,12440,2,11679,64,55.8,54,8.0,4,Silver,3.7,Yes,3,149280.0
902,19,Female,Chitwan,66830,15678,13,6255,58,50.0,35,4.4,31,Silver,2.5,No,3,188136.0
903,62,Male,Lalitpur,72446,48204,9,4102,95,20.7,36,9.2,5,Premium,1.9,Yes,2,578448.0
904,43,Female,Pokhara,166232,13021,16,5562,59,15.8,13,4.6,29,Basic,4.5,No,8,156252.0
905,31,Female,Bhaktapur,178302,7772,5,12377,1,17.2,26,7.5,25,Basic,4.9,Yes,2,98710.39
906,24,Female,Lalitpur,160148,2627,7,8571,3,31.3,30,4.8,36,Silver,1.1,Yes,7,31524.0
907,20,Male,Butwal,89341,45432,13,7744,67,45.2,72,2.4,12,Basic,3.2,Yes,1,545184.0
908,64,Male,Kathmandu,51085,9219,20,6872,37,31.2,80,2.2,28,Basic,2.4,No,3,114948.79
909,40,Male,Butwal,75571,24464,13,7605,83,5.9,43,4.4,4,Premium,2.1,Yes,0,293568.0
910,63,Male,Chitwan,165787,52137,7,12060,29,44.0,67,7.6,24,Basic,2.3,No,10,632279.54
911,60,Male,Pokhara,148308,31232,10,4081,89,48.7,47,6.1,12,Gold,3.6,Yes,4,374784.0
912,64,Male,Chitwan,25750,43481,15,3262,33,18.8,56,6.9,23,Silver,1.8,No,1,530525.72
913,62,Male,Bhaktapur,133931,9488,6,12729,100,40.5,74,3.0,30,Silver,4.7,No,10,113856.0
914,35,Female,Bhaktapur,98768,35949,5,1072,61,26.7,21,4.9,19,Gold,2.9,No,0,438032.88
915,55,Female,Pokhara,55903,45362,2,8205,93,53.6,3,0.6,7,Silver,2.3,Yes,0,544344.0
916,52,Female,Lalitpur,111036,52448,15,14394,90,51.0,80,8.2,8,Basic,4.1,Yes,1,636600.49
917,32,Male,Lalitpur,107954,40932,16,12780,4,32.5,71,9.9,20,Basic,1.1,Yes,4,491184.0
918,42,Male,Bhaktapur,103014,19981,19,1114,14,42.1,45,4.2,50,Gold,2.7,Yes,8,245294.96
919,54,Male,Bhaktapur,137305,1901,9,4550,91,53.2,58,0.3,19,Basic,2.4,Yes,5,29181.0
920,45,Male,Kathmandu,176410,23444,19,825,33,30.8,33,1.9,14,Basic,2.4,No,3,281328.0
921,27,Male,Lalitpur,52101,43058,7,4240,22,20.2,10,6.6,25,Premium,2.3,Yes,2,521805.48
922,56,Female,Pokhara,22775,19061,4,858,48,45.7,30,6.2,41,Premium,1.1,No,7,228732.0
923,34,Female,Lalitpur,131497,3881,3,4277,3,14.8,10,7.9,10,Silver,1.6,Yes,2,46572.0
924,56,Male,Kathmandu,65619,30863,20,6406,87,24.5,55,2.7,36,Basic,1.6,Yes,0,372897.55
925,39,Male,Chitwan,170611,46826,11,11063,85,52.2,37,7.7,40,Gold,5.0,Yes,3,561912.0
926,43,Male,Bhaktapur,77124,6622,1,2221,23,44.0,20,6.9,10,Gold,1.1,No,10,79464.0
927,61,Male,Bhaktapur,85149,58204,6,1849,68,25.4,9,3.4,26,Basic,1.7,Yes,4,698448.0
928,42,Female,Kathmandu,46616,2378,11,4196,21,14.5,25,5.5,29,Basic,4.9,No,4,30427.09
929,34,Male,Pokhara,81799,18632,1,4396,43,22.6,7,1.6,18,Gold,3.5,Yes,4,223584.0
930,30,Male,Bhaktapur,110221,29311,7,4760,95,18.5,7,4.6,33,Premium,2.8,No,7,351732.0
931,37,Male,Butwal,134879,6650,6,10288,85,12.2,59,8.8,37,Gold,1.3,Yes,7,79800.0
932,42,Male,Bhaktapur,45479,46201,14,10319,26,45.1,71,4.3,22,Basic,3.7,Yes,3,554412.0
933,21,Female,Butwal,119165,56231,2,7441,41,16.6,33,8.4,0,Silver,1.6,Yes,8,677255.34
934,27,Male,Kathmandu,75863,43224,4,11194,99,28.3,15,6.0,2,Silver,3.7,No,0,523233.36
935,20,Male,Kathmandu,102569,8036,11,13964,38,24.4,12,2.1,2,Basic,4.9,Yes,4,100905.74
936,58,Female,Bhaktapur,166480,40255,15,4308,88,59.0,75,5.9,27,Basic,3.1,No,4,483060.0
937,62,Female,Lalitpur,36351,51210,18,5746,11,24.7,21,5.2,13,Basic,1.9,Yes,4,614520.0
938,35,Female,Butwal,155203,52200,1,8884,29,6.6,26,4.1,29,Silver,3.5,No,7,626400.0
939,64,Male,Pokhara,64825,23499,3,11366,60,7.2,63,1.4,4,Silver,3.1,Yes,8,284208.76
940,53,Male,Bhaktapur,31349,38016,3,4345,67,36.3,1,4.3,48,Gold,3.1,Yes,2,461789.97
941,64,Female,Pokhara,64254,52628,7,3077,65,36.8,25,0.9,14,Gold,2.9,Yes,8,631536.0
942,39,Female,Bhaktapur,58225,5603,1,591,61,26.3,68,1.2,37,Premium,3.7,No,10,69899.18
943,51,Female,Lalitpur,32453,28773,11,4734,19,27.0,29,4.3,13,Gold,3.3,No,7,345276.0
944,64,Female,Lalitpur,169886,20937,6,9172,46,5.1,7,3.2,13,Basic,4.9,Yes,2,255507.37
945,25,Female,Lalitpur,169335,13632,20,7092,49,32.0,37,9.3,48,Basic,4.3,No,1,164664.34
946,57,Female,Chitwan,97694,31607,3,14144,22,31.3,60,3.9,7,Silver,2.1,Yes,3,379284.0
947,61,Male,Lalitpur,35735,27337,19,11608,78,10.7,80,7.6,7,Basic,3.9,No,1,333390.42
948,36,Male,Kathmandu,166902,1220,2,13127,57,8.0,64,5.4,18,Premium,1.9,Yes,3,14640.0
949,59,Male,Kathmandu,67893,47994,18,8628,14,9.2,66,7.1,31,Basic,4.1,Yes,4,575928.0
950,58,Female,Chitwan,147006,5818,12,1575,44,7.9,45,2.7,30,Basic,1.6,Yes,1,74049.92
951,54,Female,Butwal,65066,57344,10,3013,16,37.4,71,9.4,28,Silver,2.9,Yes,7,690054.84
952,23,Female,Pokhara,154445,54775,5,8668,97,13.4,42,5.4,40,Silver,4.2,Yes,0,657300.0
953,43,Female,Bhaktapur,161407,8349,9,7361,77,16.6,58,8.3,10,Gold,2.1,No,2,101964.76
954,51,Female,Bhaktapur,174813,6618,2,9490,12,12.1,45,3.8,44,Silver,4.3,Yes,6,85265.39
955,62,Female,Chitwan,30692,28464,2,13262,55,57.6,71,1.2,12,Basic,3.6,No,9,342873.89
956,23,Male,Kathmandu,65541,43624,6,14250,51,51.6,34,6.8,26,Basic,2.6,No,0,535680.75
957,54,Male,Bhaktapur,86983,57361,10,12641,39,15.4,38,0.3,18,Premium,2.7,Yes,10,688332.0
958,50,Female,Kathmandu,170655,38344,18,1104,33,21.0,50,4.9,25,Basic,4.7,Yes,1,460128.0
959,39,Male,Butwal,173837,19255,12,3479,33,14.2,3,2.1,50,Basic,1.9,Yes,2,231060.0
960,38,Female,Pokhara,174978,25299,4,7640,29,30.5,79,6.3,36,Silver,3.8,No,1,303588.0
961,23,Male,Butwal,140747,48975,17,7565,69,3.1,76,9.8,47,Basic,3.8,No,1,598394.49
962,23,Female,Chitwan,105103,2462,15,5416,70,40.9,50,4.8,8,Silver,4.7,No,10,29544.0
963,65,Female,Lalitpur,170592,55673,6,7300,31,32.3,4,8.2,27,Gold,3.9,Yes,5,677771.51
964,21,Male,Lalitpur,45566,16905,16,1097,80,54.1,54,5.2,31,Gold,3.3,No,6,202860.0
965,47,Male,Lalitpur,93193,25920,17,10224,31,11.5,19,5.1,2,Gold,4.6,Yes,5,311040.0
966,28,Female,Butwal,161417,17252,3,7820,89,48.6,23,9.3,50,Basic,4.3,Yes,10,207024.0
967,47,Female,Bhaktapur,141015,42004,10,9205,46,47.9,35,8.9,31,Silver,3.9,Yes,5,504048.0
968,48,Male,Pokhara,150956,41581,5,6122,97,9.4,33,7.9,4,Basic,1.1,No,8,503193.04
969,41,Male,Lalitpur,90744,35836,14,2377,77,25.1,53,3.1,7,Basic,2.5,No,7,430032.0
970,26,Female,Chitwan,53455,6753,13,12664,52,11.9,33,5.5,13,Silver,3.5,Yes,7,81036.0
971,20,Male,Chitwan,179090,41005,6,12535,10,16.8,16,2.4,2,Basic,3.1,No,5,495325.62
972,48,Female,Lalitpur,74219,15175,12,2199,88,17.3,4,4.6,23,Gold,2.3,No,4,186293.99
973,57,Female,Lalitpur,65991,57168,8,9721,74,34.3,17,4.9,12,Gold,1.6,Yes,8,686016.0
974,54,Female,Pokhara,93616,7191,5,13287,41,25.9,54,8.4,42,Premium,3.2,Yes,1,86292.0
975,53,Female,Lalitpur,107438,18898,15,6280,95,57.0,52,9.0,28,Gold,2.1,Yes,6,226776.0
976,41,Male,Pokhara,136841,19982,16,1216,77,9.3,49,4.3,7,Basic,1.9,Yes,5,242924.34
977,48,Male,Chitwan,160558,15622,1,13929,3,58.5,71,0.4,50,Silver,2.6,Yes,6,187464.0
978,23,Male,Lalitpur,78870,2001,16,14296,59,15.4,78,8.6,41,Basic,4.1,Yes,3,24012.0
979,19,Male,Butwal,106694,51185,5,4586,52,46.8,44,1.9,30,Silver,3.0,No,8,614220.0
980,37,Male,Butwal,63856,48645,3,1165,34,21.7,12,6.3,25,Basic,1.9,Yes,6,586551.09
981,45,Male,Chitwan,121407,44000,20,8346,49,10.3,15,0.4,17,Basic,1.5,Yes,1,528000.0
982,28,Male,Pokhara,51379,24283,15,7111,28,51.8,12,4.1,17,Silver,3.0,Yes,3,291396.0
983,21,Female,Butwal,84729,58617,13,10900,83,19.9,19,9.9,6,Gold,4.2,Yes,4,703672.96
984,32,Male,Pokhara,179450,22435,16,1579,87,40.2,65,1.2,47,Gold,3.6,No,1,269220.0
985,23,Male,Butwal,74353,28223,11,8919,96,34.9,46,4.4,37,Silver,1.9,Yes,9,338676.0
986,47,Female,Butwal,34031,38244,2,8840,13,29.4,18,3.2,47,Silver,2.7,Yes,7,458928.0
987,55,Male,Pokhara,85982,31024,6,1569,97,30.8,44,9.1,15,Silver,4.4,No,0,380715.46
988,19,Male,Bhaktapur,56683,50630,6,5763,98,44.5,36,8.7,32,Gold,1.7,Yes,2,615963.81
989,32,Female,Butwal,134091,31734,14,8451,97,7.1,53,2.5,50,Basic,3.1,No,0,380808.0
990,28,Male,Lalitpur,137797,1515,11,13419,69,40.8,5,1.0,2,Gold,2.4,Yes,4,18180.0
991,25,Male,Chitwan,168690,46246,8,1863,67,54.0,13,6.3,37,Silver,1.5,Yes,7,554952.0
992,43,Male,Bhaktapur,26587,2191,8,5008,61,5.4,3,3.5,3,Basic,1.2,No,6,26292.0
993,62,Female,Pokhara,82790,33264,1,2255,60,10.2,54,6.8,35,Basic,3.2,Yes,8,399168.0
994,61,Male,Bhaktapur,51480,44628,7,1019,71,43.6,33,0.5,3,Basic,1.1,Yes,1,535536.0
995,22,Male,Kathmandu,171599,47216,6,5963,24,27.4,26,1.5,41,Silver,1.4,Yes,7,566592.0
996,23,Female,Kathmandu,43569,7297,8,12236,63,25.4,6,6.9,8,Gold,2.4,Yes,7,92691.7
997,43,Male,Butwal,31151,59755,19,11014,86,9.9,2,2.3,39,Basic,1.2,No,5,717060.0
998,21,Female,Butwal,64739,28856,20,7733,61,31.4,46,8.6,50,Silver,2.6,No,2,346272.0
999,36,Female,Lalitpur,52954,50423,8,1602,23,9.3,1,0.8,16,Premium,1.5,Yes,1,605076.0
1000,37,Male,Chitwan,129373,9334,14,1097,30,29.6,79,2.3,16,Basic,2.4,Yes,7,112008.0
1001,50,Female,Bhaktapur,54700,25162,18,14447,60,46.3,24,10.0,32,Basic,4.2,No,5,301944.0
1002,37,Female,Kathmandu,143728,7008,16,3773,18,17.0,59,4.4,19,Basic,3.5,No,3,87145.99
1003,29,Male,Butwal,86788,8987,9,12741,96,29.9,78,7.1,13,Gold,2.8,Yes,4,114003.47
1004,64,Female,Chitwan,91045,31966,15,6281,56,59.5,23,2.0,21,Silver,1.4,No,4,383592.0
1005,18,Female,Bhaktapur,164972,4332,10,11297,53,41.8,14,6.2,26,Silver,3.5,Yes,8,53312.42
1006,43,Male,Butwal,147992,1787,16,6756,7,50.8,13,7.3,42,Premium,1.7,Yes,8,21444.0
1007,31,Male,Butwal,100059,39990,4,7758,97,26.1,53,3.3,2,Gold,1.3,No,7,482412.46
1008,55,Male,Kathmandu,21881,10873,20,10880,69,46.5,77,8.3,23,Basic,3.7,Yes,7,130476.0
1009,54,Female,Kathmandu,152702,18006,13,14712,92,4.3,5,6.1,29,Gold,4.6,Yes,1,219158.72
1010,28,Male,Butwal,40789,21225,5,13517,72,9.1,77,4.0,7,Basic,2.8,Yes,2,256115.11
1011,53,Female,Pokhara,146083,37444,7,9280,79,13.8,80,5.7,21,Gold,1.2,Yes,7,449328.0
1012,30,Female,Butwal,108059,36340,9,7054,52,25.3,17,5.9,24,Basic,4.5,Yes,4,447121.74
1013,60,Female,Chitwan,66151,40683,8,13164,4,51.1,19,1.8,9,Gold,1.3,No,6,488196.0
1014,20,Female,Butwal,129388,6033,16,10099,34,22.1,61,4.1,48,Basic,4.5,Yes,7,74044.87
1015,50,Female,Lalitpur,23262,8788,6,14657,69,40.0,80,3.6,28,Premium,2.6,Yes,5,105456.0
1016,23,Female,Lalitpur,86981,16689,16,8502,33,43.1,79,4.1,39,Basic,2.5,Yes,4,203158.01
1017,27,Female,Lalitpur,140951,45220,6,5346,69,36.0,39,7.7,0,Silver,3.2,Yes,7,552638.2
1018,22,Male,Pokhara,143099,22598,14,13414,38,22.7,38,4.9,20,Basic,4.8,Yes,0,275053.77
1019,40,Male,Pokhara,101972,38480,1,12082,98,35.5,51,9.4,38,Premium,4.6,Yes,0,461760.0
1020,27,Female,Butwal,95485,30703,9,12132,26,21.9,31,3.1,23,Gold,2.9,Yes,0,373079.03
1021,61,Female,Lalitpur,74722,1066,13,10321,1,6.9,72,4.3,8,Basic,3.8,No,2,12792.0
1022,19,Male,Pokhara,109499,49623,19,9686,4,59.6,26,7.9,43,Premium,3.3,Yes,9,597920.89
1023,30,Female,Kathmandu,26901,46246,17,14371,39,9.4,51,5.6,25,Silver,3.8,No,5,555390.75
1024,57,Male,Butwal,137473,8533,11,5298,54,6.2,62,5.6,8,Gold,4.3,Yes,5,102396.0
1025,19,Male,Chitwan,28597,16103,8,7105,90,53.0,73,0.7,19,Gold,1.1,No,4,201779.05
1026,37,Male,Bhaktapur,149631,5616,5,10751,33,19.5,62,4.1,34,Basic,2.3,Yes,6,73611.11
1027,18,Female,Butwal,83909,47045,10,13967,33,39.7,16,2.9,35,Premium,4.8,No,4,564540.0
1028,54,Female,Bhaktapur,92391,51292,7,13264,72,21.1,48,10.0,41,Basic,4.8,Yes,1,620632.34
1029,26,Male,Lalitpur,159335,39498,10,3486,20,24.7,80,3.2,35,Basic,1.0,No,3,473976.0
1030,34,Male,Bhaktapur,83293,44492,4,900,16,17.2,22,8.9,8,Gold,1.8,Yes,0,536218.62
1031,26,Male,Lalitpur,176877,12772,9,3355,21,21.9,71,6.8,21,Gold,5.0,No,6,153501.59
1032,28,Male,Kathmandu,31874,24849,14,10916,45,25.8,12,3.5,0,Basic,3.0,No,3,306579.97
1033,32,Male,Bhaktapur,106402,50036,2,3912,90,43.8,22,5.5,4,Basic,3.3,No,3,602091.5
1034,41,Female,Butwal,34079,59531,9,556,87,31.7,56,8.4,8,Gold,1.7,Yes,3,714372.0
1035,55,Male,Lalitpur,92779,54623,1,8522,82,56.7,61,8.9,36,Basic,4.6,Yes,2,660572.34
1036,52,Female,Butwal,115408,13940,10,2375,62,4.4,53,1.8,37,Premium,1.9,No,7,167280.0
1037,47,Male,Pokhara,160090,53491,10,5043,31,31.2,19,3.5,18,Gold,1.8,Yes,3,641892.0
1038,48,Female,Lalitpur,140606,17932,20,4798,42,35.9,51,3.5,7,Basic,1.9,Yes,7,215329.99
1039,22,Female,Bhaktapur,140062,30769,3,4268,12,55.4,22,0.6,41,Silver,4.7,Yes,8,369228.0
1040,61,Female,Lalitpur,32100,57827,6,6252,65,4.9,34,6.1,42,Silver,3.8,Yes,0,702898.08
1041,31,Female,Butwal,77021,25648,6,5333,73,35.3,66,8.6,31,Silver,4.1,Yes,3,311801.94
1042,28,Female,Kathmandu,170872,48411,2,12989,3,51.5,33,3.9,12,Gold,2.5,Yes,5,580932.0
1043,26,Female,Lalitpur,148126,33966,18,1853,90,16.0,32,7.5,19,Premium,4.6,Yes,7,407592.0
1044,51,Male,Bhaktapur,112446,28777,2,11102,9,52.8,45,6.4,35,Silver,4.2,Yes,5,345324.0
1045,29,Female,Pokhara,49437,33567,12,5487,51,3.1,80,3.9,42,Silver,4.0,Yes,5,407642.63
1046,52,Male,Chitwan,171014,50723,5,7097,16,44.5,44,1.6,43,Basic,4.9,No,9,608676.0
1047,52,Female,Kathmandu,40862,18174,20,4811,88,56.1,18,7.2,36,Gold,2.5,Yes,3,218088.0
1048,18,Female,Pokhara,31669,43598,7,11294,78,40.1,14,8.6,29,Gold,3.4,Yes,8,531035.11
1049,57,Male,Lalitpur,141219,14798,16,3434,3,27.5,77,6.9,9,Gold,4.6,Yes,6,180100.39
1050,39,Female,Butwal,35916,18558,20,522,98,4.6,65,0.4,30,Basic,4.2,No,10,223623.63
1051,46,Male,Butwal,30878,45237,1,10894,97,55.4,38,2.3,24,Premium,3.3,Yes,5,543535.79
1052,25,Male,Bhaktapur,22985,1178,1,1709,24,29.3,17,0.9,28,Basic,1.3,Yes,0,14136.0
1053,28,Male,Butwal,61235,52396,17,10988,73,3.7,69,5.8,23,Gold,3.6,Yes,1,631548.77
1054,58,Male,Kathmandu,38931,21470,1,9440,13,42.0,58,7.6,38,Gold,3.1,Yes,5,257640.0
1055,54,Female,Butwal,112876,18118,20,1304,2,29.9,31,1.3,20,Gold,1.7,Yes,10,221769.25
1056,31,Female,Bhaktapur,20336,23616,13,8825,71,9.2,20,8.4,40,Silver,4.5,No,0,286588.16
1057,47,Male,Chitwan,62933,1798,9,4916,21,14.4,39,5.6,8,Silver,2.4,Yes,10,21576.0
1058,52,Female,Lalitpur,65536,8601,15,11129,19,5.7,26,7.0,41,Basic,2.5,Yes,4,103212.0
1059,38,Female,Lalitpur,89504,26363,3,9125,89,35.3,1,9.7,41,Gold,3.7,Yes,0,324650.65
1060,54,Male,Butwal,119214,3795,14,5641,47,38.1,79,1.0,1,Basic,3.0,No,2,45540.0
1061,22,Female,Pokhara,133936,32926,11,5468,22,31.3,38,9.0,3,Silver,1.4,Yes,6,395112.0
1062,36,Male,Lalitpur,36279,46264,12,4171,75,49.4,55,1.4,7,Basic,2.5,Yes,4,560850.67
1063,31,Male,Chitwan,123751,38356,13,12428,33,51.9,12,4.1,31,Gold,1.4,Yes,9,467697.88
1064,43,Female,Butwal,124433,8297,13,7792,32,37.7,55,8.5,13,Silver,1.8,Yes,0,99564.0
1065,21,Female,Bhaktapur,91386,4084,1,7501,64,2.7,65,9.1,48,Gold,1.0,No,0,49008.0
1066,42,Female,Chitwan,106124,31329,10,12731,85,42.3,77,5.2,12,Gold,1.7,Yes,7,375948.0
1067,62,Male,Butwal,125750,12110,3,2598,39,26.2,55,6.0,20,Gold,2.3,Yes,10,145320.0
1068,59,Male,Chitwan,97485,1731,4,11609,84,34.8,27,7.1,23,Basic,3.2,Yes,8,30780.75
1069,42,Female,Lalitpur,94055,2129,16,8944,72,39.6,63,8.4,49,Gold,4.7,Yes,6,25548.0
1070,35,Female,Bhaktapur,111911,29022,8,5561,42,22.3,70,1.4,17,Silver,3.2,Yes,2,350588.38
1071,57,Female,Butwal,118618,2605,16,13526,9,55.2,63,8.1,44,Basic,3.8,No,5,33635.13
1072,25,Female,Kathmandu,133892,12970,17,9821,25,9.8,55,4.9,39,Basic,2.4,Yes,2,163059.17
1073,56,Male,Bhaktapur,91128,44705,19,3764,89,40.9,40,4.6,25,Basic,4.0,Yes,9,536460.0
1074,57,Female,Kathmandu,169180,45130,15,5935,97,2.3,40,4.4,31,Basic,3.5,Yes,3,541560.0
1075,31,Male,Chitwan,72495,30265,16,8993,2,55.6,3,5.2,43,Silver,2.8,No,3,367334.59
1076,49,Male,Pokhara,102806,33330,15,7191,19,8.5,56,9.5,32,Basic,1.8,Yes,2,399960.0
1077,55,Female,Bhaktapur,113185,3933,2,10669,20,7.5,29,5.6,30,Silver,2.2,No,9,54647.56
1078,50,Female,Chitwan,69649,16187,11,3263,93,21.3,45,9.5,17,Basic,3.5,Yes,5,202934.67
1079,40,Female,Kathmandu,115402,26791,1,4505,70,23.7,55,2.0,34,Basic,2.7,Yes,4,322720.92
1080,32,Male,Lalitpur,50676,25900,15,3741,17,14.4,30,7.3,11,Premium,4.6,Yes,10,310800.0
1081,50,Female,Lalitpur,84093,6074,19,3557,89,35.9,6,8.2,50,Silver,1.9,Yes,8,77153.61
1082,42,Female,Pokhara,99414,47805,4,1050,68,27.7,76,6.9,24,Basic,1.3,Yes,8,573660.0
1083,34,Male,Bhaktapur,113095,27426,11,6074,94,4.0,53,6.1,44,Silver,3.4,Yes,2,329823.06
1084,50,Female,Bhaktapur,92307,40867,5,5911,84,20.5,7,5.7,30,Basic,4.5,Yes,8,491496.38
1085,64,Male,Bhaktapur,115432,51642,3,2087,3,49.0,54,8.6,9,Basic,2.5,Yes,2,619704.0
1086,19,Female,Chitwan,51923,1893,13,10514,87,42.0,68,8.3,46,Basic,3.6,Yes,3,24452.31
1087,31,Male,Pokhara,137449,35158,10,6420,51,44.0,43,1.4,33,Premium,1.9,Yes,0,421896.0
1088,57,Female,Bhaktapur,67574,20773,11,5760,82,42.5,12,8.5,50,Gold,3.2,No,4,249276.0
1089,57,Female,Chitwan,141757,5239,18,11909,26,20.0,19,4.3,2,Gold,4.1,Yes,8,64689.91
1090,56,Male,Lalitpur,73664,21863,2,12188,56,7.8,77,2.7,45,Premium,4.5,No,1,267574.17
1091,23,Male,Kathmandu,87384,52415,7,4909,100,17.8,31,8.7,38,Premium,1.4,Yes,3,628980.0
1092,23,Female,Chitwan,51027,4432,9,12971,64,50.2,59,4.4,7,Gold,2.4,Yes,9,53184.0
1093,20,Male,Lalitpur,54485,36139,10,6283,8,58.9,49,8.1,31,Gold,3.6,No,1,436905.63
1094,24,Male,Lalitpur,170528,54464,18,1212,81,30.6,26,2.8,42,Basic,1.1,Yes,7,653568.0
1095,25,Male,Kathmandu,55554,2515,7,10867,95,2.6,24,0.2,28,Basic,3.8,Yes,8,30180.0
1096,59,Male,Lalitpur,66922,32670,7,5906,37,10.1,51,5.1,21,Silver,3.1,Yes,2,393566.42
1097,32,Female,Pokhara,33409,49674,3,8490,97,20.7,67,1.2,19,Silver,2.2,Yes,8,596119.83
1098,64,Female,Kathmandu,56639,40094,12,7920,27,35.6,20,7.6,5,Premium,4.3,No,5,481128.0
1099,46,Male,Lalitpur,39692,15605,7,12764,45,6.4,17,2.9,42,Silver,2.2,No,5,187260.0
1100,50,Male,Butwal,109037,57240,17,12541,4,56.7,38,4.5,48,Gold,5.0,Yes,6,687794.68
1101,47,Male,Chitwan,38074,6586,1,7343,86,23.2,14,1.1,28,Silver,4.3,Yes,4,79032.0
1102,56,Male,Lalitpur,166621,36685,5,2933,90,54.9,52,3.0,41,Basic,3.8,No,5,444848.76
1103,44,Female,Pokhara,49963,55883,16,3801,96,47.3,37,7.9,16,Silver,1.2,Yes,10,673012.65
1104,53,Female,Bhaktapur,72265,57838,15,770,88,45.8,47,1.7,30,Silver,4.6,Yes,0,694056.0
1105,46,Male,Lalitpur,36061,49669,2,10486,99,37.2,51,6.5,33,Silver,4.2,Yes,2,596696.25
1106,55,Male,Bhaktapur,179882,32186,9,13598,37,38.4,71,9.2,37,Silver,1.9,Yes,8,386232.0
1107,50,Male,Butwal,133502,27928,7,11154,96,39.0,27,6.9,36,Basic,2.6,No,4,335136.0
1108,54,Female,Lalitpur,42800,33728,4,12985,71,38.5,15,8.1,3,Silver,2.1,Yes,4,404736.0
1109,44,Male,Kathmandu,136192,18551,20,12086,33,34.1,15,1.3,1,Silver,4.9,Yes,7,222612.0
1110,50,Female,Bhaktapur,127228,58454,18,1579,31,59.2,34,2.7,11,Silver,4.4,Yes,10,701585.01
1111,21,Male,Butwal,48054,22493,4,11570,55,44.5,16,9.0,34,Silver,4.7,No,10,271507.71
1112,39,Female,Kathmandu,33233,21711,13,5822,12,47.1,72,7.2,5,Basic,4.2,Yes,1,272839.47
1113,19,Male,Kathmandu,176140,55962,1,14432,11,52.6,51,6.5,45,Basic,2.8,No,6,673743.42
1114,27,Female,Kathmandu,85727,21039,3,13415,88,14.5,11,6.7,7,Basic,1.8,No,8,252468.0
1115,22,Male,Kathmandu,110610,37561,16,9295,72,6.9,47,4.3,20,Silver,1.8,Yes,6,450732.0
1116,27,Male,Lalitpur,90453,10947,4,5757,32,30.0,21,0.6,45,Silver,1.6,Yes,4,131364.0
1117,50,Male,Chitwan,124135,33335,16,14233,57,31.8,48,7.9,34,Gold,3.2,Yes,5,400020.0
1118,55,Female,Lalitpur,176904,16859,19,8482,38,50.1,51,6.9,47,Basic,4.7,No,3,202308.0
1119,30,Male,Lalitpur,128464,24122,1,13868,60,27.7,78,4.8,14,Basic,5.0,No,6,289464.0
1120,48,Female,Butwal,33682,2577,5,10277,86,35.1,0,9.0,6,Silver,2.1,Yes,0,30924.0
1121,64,Female,Butwal,174455,43256,19,11749,98,32.6,65,3.5,14,Silver,3.8,Yes,3,519072.0
1122,53,Male,Chitwan,78160,29350,11,6714,19,4.2,63,3.1,44,Silver,3.4,Yes,2,352200.0
1123,62,Male,Butwal,43666,52372,13,5506,84,37.7,7,8.8,5,Gold,3.0,No,3,628556.08
1124,41,Male,Pokhara,78817,42932,20,4485,56,50.0,24,8.0,46,Gold,3.7,Yes,0,515184.0
1125,32,Female,Chitwan,111198,34798,5,13381,14,11.1,65,5.2,16,Basic,2.5,Yes,1,417576.0
1126,46,Male,Butwal,61830,32898,4,10087,33,36.5,72,1.5,3,Premium,4.8,Yes,10,394776.0
1127,25,Female,Chitwan,30234,16881,4,12380,10,36.4,72,2.3,21,Basic,3.8,Yes,8,204741.81
1128,22,Female,Lalitpur,77616,11785,4,9291,80,11.5,76,6.6,31,Silver,4.0,Yes,6,141420.0
1129,46,Male,Lalitpur,29221,7691,4,9205,64,9.2,69,4.0,21,Gold,2.0,Yes,5,92292.0
1130,64,Male,Chitwan,162482,54144,20,6491,64,58.8,78,8.4,26,Gold,1.7,Yes,1,649728.0
1131,21,Male,Pokhara,21051,18297,18,6727,62,24.8,50,9.5,45,Basic,2.6,Yes,0,219564.0
1132,29,Male,Pokhara,130529,7358,18,9758,68,15.2,52,8.1,14,Basic,4.1,No,1,92060.24
1133,62,Male,Chitwan,96918,52333,16,8333,91,11.9,14,3.9,43,Silver,4.8,Yes,6,632695.14
1134,19,Male,Butwal,98116,20581,9,3386,92,40.7,49,7.9,50,Basic,2.7,Yes,1,248082.1
1135,44,Female,Bhaktapur,142226,56192,18,14745,43,37.3,70,3.6,21,Basic,4.1,Yes,2,680351.09
1136,48,Female,Pokhara,64757,2462,2,3153,80,39.3,74,1.8,27,Silver,2.9,Yes,7,29544.0
1137,53,Female,Kathmandu,141008,16511,4,13597,59,7.1,37,0.5,41,Silver,2.2,Yes,6,202332.99
1138,53,Male,Lalitpur,151379,11570,12,14968,52,53.8,39,4.0,37,Gold,4.0,No,10,138840.0
1139,43,Female,Chitwan,76889,49665,7,9780,97,24.6,65,9.1,8,Basic,4.2,Yes,10,597460.07
1140,60,Female,Kathmandu,55944,45414,15,13077,19,20.2,38,2.5,33,Gold,1.8,Yes,10,548188.61
1141,44,Female,Chitwan,119555,16474,7,5364,21,28.8,73,2.2,35,Basic,2.2,Yes,8,197968.73
1142,22,Female,Lalitpur,58134,8037,17,3014,22,24.6,16,9.7,8,Premium,3.0,Yes,3,96444.0
1143,37,Female,Lalitpur,178395,29129,16,4469,9,52.1,6,0.4,14,Silver,1.7,Yes,6,349548.0
1144,28,Male,Pokhara,45954,43267,19,3784,9,55.9,38,7.9,44,Silver,4.7,No,0,521988.55
1145,27,Male,Pokhara,109959,55146,9,8240,73,19.6,67,3.3,19,Premium,3.4,Yes,10,661752.0
1146,57,Female,Kathmandu,24992,14386,14,5066,27,52.1,34,0.6,7,Basic,1.5,Yes,10,172632.0
1147,55,Female,Chitwan,21961,59533,17,2696,17,47.3,50,9.2,27,Basic,1.7,No,1,721896.54
1148,23,Female,Lalitpur,32497,55460,5,12875,44,56.0,46,1.6,50,Silver,4.8,Yes,6,665520.0
1149,25,Male,Kathmandu,33255,7221,2,1289,45,16.3,35,5.6,18,Basic,4.0,Yes,1,90353.76
1150,40,Male,Bhaktapur,155639,24474,20,3975,8,35.5,63,2.9,15,Silver,3.9,Yes,5,293688.0
1151,64,Female,Kathmandu,68847,41537,16,11845,80,17.9,12,0.8,10,Basic,1.3,Yes,9,498444.0
1152,43,Male,Butwal,40389,50839,14,10356,18,49.8,17,0.7,41,Gold,4.6,Yes,8,610068.0
1153,63,Male,Kathmandu,143802,48124,14,1809,33,2.3,20,1.3,7,Silver,2.8,No,10,577488.0
1154,60,Female,Butwal,81576,22045,1,1364,1,34.8,64,0.9,32,Basic,3.6,No,4,266606.22
1155,29,Male,Butwal,63919,26783,3,12555,76,21.7,7,7.7,9,Gold,4.8,No,9,327865.98
1156,43,Male,Butwal,23358,52046,7,5889,6,20.7,47,5.0,17,Basic,1.4,Yes,6,626669.52
1157,30,Female,Bhaktapur,108535,41157,15,3863,41,39.4,42,3.6,34,Basic,2.9,No,0,495413.18
1158,57,Male,Kathmandu,125982,5922,19,12216,55,51.4,52,4.3,42,Silver,1.2,Yes,7,83809.35
1159,35,Male,Kathmandu,25698,47407,20,12478,5,37.3,26,9.3,49,Silver,3.0,Yes,8,571686.83
1160,42,Female,Bhaktapur,86809,23706,2,8715,59,51.5,18,9.1,2,Silver,2.0,Yes,4,284472.0
1161,50,Male,Lalitpur,113079,43771,19,3503,80,17.3,22,7.2,39,Silver,4.6,Yes,5,525252.0
1162,64,Male,Pokhara,75805,53335,9,14674,18,32.1,49,8.9,26,Basic,2.6,No,10,641915.75
1163,57,Female,Kathmandu,95033,33479,19,9002,49,28.1,50,3.3,27,Premium,3.5,Yes,7,401748.0
1164,60,Female,Pokhara,118239,53949,5,14272,82,2.7,42,3.9,45,Gold,4.4,No,3,647388.0
1165,29,Female,Chitwan,150407,6178,18,1731,65,34.3,50,6.2,5,Basic,4.9,Yes,1,75652.51
1166,61,Male,Chitwan,64041,31022,16,8459,83,40.4,68,6.3,46,Gold,3.0,Yes,9,377463.61
1167,53,Female,Bhaktapur,51954,16240,4,12480,54,36.3,40,4.9,13,Silver,2.8,Yes,7,194880.0
1168,65,Male,Chitwan,28002,27220,12,3211,61,44.7,71,4.1,6,Basic,1.3,Yes,1,326640.0
1169,21,Female,Chitwan,89783,37736,7,7081,8,35.1,10,9.9,9,Basic,1.1,No,4,452832.0
1170,22,Male,Lalitpur,127524,3716,14,8205,3,5.9,79,8.2,14,Basic,3.4,Yes,5,44592.0
1171,54,Female,Lalitpur,144857,17574,12,13493,25,8.8,51,4.5,30,Gold,1.3,No,4,211476.47
1172,25,Female,Lalitpur,39738,47279,3,14147,69,36.6,22,7.3,28,Silver,2.5,Yes,5,567348.0
1173,59,Female,Chitwan,30703,18719,5,921,55,17.9,48,2.8,41,Basic,1.0,Yes,5,224628.0
1174,45,Female,Bhaktapur,133776,9181,17,10465,40,6.6,37,1.2,16,Basic,3.5,Yes,2,115289.79
1175,48,Male,Butwal,163464,46763,10,12260,83,26.9,46,3.7,50,Silver,2.7,No,10,564962.25
1176,26,Female,Butwal,64724,45066,10,1446,82,34.2,71,4.1,28,Silver,1.5,Yes,10,546612.44
1177,46,Female,Pokhara,52299,50530,11,9878,50,21.1,6,0.4,48,Gold,2.2,Yes,2,606360.0
1178,31,Male,Butwal,35641,21213,17,2334,95,43.8,65,8.2,43,Premium,3.3,Yes,8,254556.0
1179,57,Female,Butwal,99534,7380,5,2064,33,39.3,76,3.7,14,Silver,3.6,Yes,2,93514.55
1180,58,Male,Lalitpur,26305,1615,13,7832,18,21.3,61,5.9,25,Silver,2.8,Yes,2,22341.66
1181,39,Female,Lalitpur,38782,52482,10,5444,57,45.8,28,0.9,11,Silver,4.2,Yes,10,631820.53
1182,28,Female,Chitwan,98257,51906,9,14377,16,39.6,37,1.9,24,Gold,1.4,Yes,1,622872.0
1183,40,Female,Pokhara,97963,1463,17,14106,80,39.0,32,8.9,40,Basic,1.3,Yes,6,17556.0
1184,18,Male,Kathmandu,141987,32973,1,14877,38,34.1,28,6.2,4,Basic,1.2,Yes,9,395837.15
1185,63,Female,Pokhara,171638,10158,4,10639,41,2.7,78,9.5,3,Gold,3.1,Yes,9,121896.0
1186,54,Female,Pokhara,144591,21651,4,1808,7,42.4,22,10.0,43,Basic,3.8,Yes,3,262452.56
1187,38,Female,Bhaktapur,87766,4158,18,3486,78,23.8,2,3.8,47,Basic,1.5,Yes,0,50081.65
1188,43,Male,Chitwan,26511,21008,9,886,53,56.7,44,3.1,40,Silver,3.6,Yes,5,252096.0
1189,63,Male,Bhaktapur,134816,47202,18,6631,63,49.4,7,8.6,30,Basic,2.9,Yes,4,569598.7
1190,53,Female,Pokhara,177249,5938,14,9853,89,36.1,28,10.0,2,Basic,4.9,Yes,10,77527.4
1191,40,Male,Pokhara,24765,39185,15,3758,32,16.6,1,6.4,2,Silver,3.9,Yes,1,476825.17
1192,18,Female,Pokhara,171426,23388,6,6621,38,13.8,49,8.0,25,Silver,3.6,Yes,5,284023.1
1193,57,Female,Butwal,43929,9881,10,5311,22,21.7,64,7.9,49,Basic,3.3,Yes,0,122007.4
1194,32,Female,Bhaktapur,179892,6603,15,7074,16,29.6,19,3.7,16,Premium,5.0,Yes,2,79236.0
1195,38,Female,Pokhara,131576,35980,4,7197,52,19.2,51,5.8,9,Basic,4.9,No,3,431760.0
1196,64,Female,Lalitpur,91088,23504,18,4433,29,31.9,36,8.4,1,Gold,3.2,Yes,2,282048.0
1197,26,Female,Chitwan,97525,55970,18,11539,16,11.6,71,6.9,23,Basic,2.8,Yes,5,674602.87
1198,26,Female,Chitwan,33780,17766,17,13213,76,58.7,26,0.4,10,Silver,2.8,Yes,10,213192.0
1199,27,Male,Lalitpur,26589,52408,12,1939,17,8.3,46,3.5,23,Basic,2.7,Yes,3,628896.0
1200,43,Male,Chitwan,113664,29386,7,6669,64,56.1,5,1.6,34,Basic,3.1,Yes,0,355430.07
1201,58,Male,Butwal,124188,12695,16,12134,91,55.0,59,2.5,22,Basic,2.1,No,4,153025.55
1202,52,Male,Butwal,113326,18796,11,4980,89,32.5,44,9.1,31,Silver,4.7,Yes,4,227221.34
1203,42,Male,Kathmandu,60953,43543,14,555,13,44.0,43,0.6,22,Silver,3.0,No,8,522516.0
1204,43,Male,Kathmandu,85785,15559,3,3824,72,27.3,17,2.4,33,Basic,4.4,Yes,7,186708.0
1205,28,Male,Kathmandu,39309,39914,19,7277,56,38.5,64,3.2,40,Premium,2.9,No,7,478968.0
1206,55,Female,Chitwan,74195,34139,18,605,5,21.8,24,6.2,18,Basic,3.9,No,4,409668.0
1207,19,Female,Butwal,45901,55958,10,3701,12,19.5,26,5.4,1,Silver,2.3,Yes,7,671496.0
1208,24,Female,Butwal,174648,39333,6,1169,41,35.5,6,2.3,50,Basic,3.5,Yes,9,471996.0
1209,35,Female,Butwal,45464,9802,13,13163,3,30.9,43,1.8,1,Silver,3.0,Yes,6,118249.14
1210,44,Male,Lalitpur,36260,9307,10,9434,99,35.6,28,2.5,14,Gold,2.5,No,0,122167.65
1211,51,Male,Butwal,144997,41205,18,1466,33,18.6,43,5.1,20,Silver,4.5,Yes,6,497377.84
1212,44,Female,Lalitpur,55440,34214,20,807,86,23.3,35,2.9,34,Basic,1.5,Yes,10,410568.0
1213,34,Female,Kathmandu,115082,35159,16,2638,50,6.9,18,9.5,4,Basic,2.9,Yes,7,423664.48
1214,60,Male,Kathmandu,125583,12516,6,12156,56,5.0,5,4.7,42,Gold,1.8,Yes,2,150192.0
1215,61,Female,Chitwan,76683,51492,13,13589,9,16.7,24,0.8,26,Basic,4.4,No,8,617904.0
1216,41,Female,Kathmandu,144206,30086,4,609,82,6.3,30,7.3,23,Silver,2.0,Yes,7,364551.27
1217,42,Female,Chitwan,153059,49222,14,4132,50,8.0,8,3.4,6,Basic,3.5,Yes,1,591049.91
1218,24,Female,Pokhara,176177,31480,1,14452,29,49.1,73,6.6,5,Basic,1.7,Yes,5,390191.86
1219,23,Male,Pokhara,98484,53091,20,7228,39,4.3,36,2.9,45,Basic,2.6,Yes,3,637092.0
1220,41,Female,Bhaktapur,164098,45659,5,13127,91,40.2,26,5.8,32,Premium,4.6,No,2,547908.0
1221,50,Female,Chitwan,88309,48766,8,6184,100,17.8,12,7.8,48,Gold,1.7,No,10,591177.74
1222,46,Male,Bhaktapur,65927,39737,12,13766,45,52.5,40,9.3,16,Silver,3.7,Yes,5,476953.86
1223,60,Male,Bhaktapur,62946,10265,2,6999,17,30.1,65,2.8,45,Basic,1.8,Yes,9,123180.0
1224,39,Female,Pokhara,146503,49629,12,2415,56,19.7,23,3.5,41,Silver,2.7,No,8,595548.0
1225,43,Male,Chitwan,161449,54965,5,12955,98,32.0,43,4.7,29,Silver,3.2,Yes,1,659580.0
1226,45,Female,Pokhara,73592,53721,5,1056,46,24.2,59,9.3,7,Silver,3.3,Yes,9,647940.19
1227,38,Female,Bhaktapur,158419,6454,13,8119,67,34.7,8,9.0,39,Basic,3.4,Yes,9,83808.64
1228,24,Male,Chitwan,53776,36918,9,13692,69,8.6,1,1.1,45,Premium,3.6,Yes,9,447025.75
1229,34,Female,Bhaktapur,154855,27181,10,604,14,59.8,55,1.5,6,Silver,2.1,Yes,4,329012.16
1230,37,Female,Butwal,75798,16386,1,2547,67,26.7,29,5.1,5,Premium,2.6,No,5,202116.38
1231,58,Female,Chitwan,155370,40182,3,14985,23,22.2,21,1.2,3,Basic,1.1,Yes,3,485289.86
1232,37,Female,Chitwan,90204,38425,18,645,94,43.2,74,3.6,0,Basic,4.1,Yes,6,461100.0
1233,39,Male,Bhaktapur,106207,57099,12,11455,61,23.1,80,1.7,14,Basic,4.3,Yes,1,685188.0
1234,45,Male,Butwal,120356,44254,3,1373,23,50.3,12,6.4,30,Gold,1.8,No,6,531048.0
1235,57,Female,Lalitpur,80652,25327,9,798,27,28.3,70,9.5,24,Basic,1.8,Yes,1,310235.38
1236,24,Male,Pokhara,149572,53814,2,3738,54,43.7,15,10.0,46,Gold,1.2,Yes,0,645768.0
1237,18,Female,Bhaktapur,40922,54634,3,14524,10,8.2,44,3.9,32,Gold,4.9,Yes,10,655608.0
1238,49,Female,Chitwan,171388,22181,14,9337,89,51.1,64,6.1,34,Gold,4.2,No,4,267021.65
1239,30,Female,Pokhara,96996,48662,4,13425,77,44.7,10,8.6,4,Gold,2.4,Yes,1,593589.1
1240,47,Female,Pokhara,168040,22452,19,6882,16,14.3,69,1.4,4,Gold,2.9,Yes,7,273098.45
1241,40,Female,Pokhara,50266,39248,13,11770,41,10.4,19,7.0,35,Gold,2.2,Yes,7,476184.38
1242,36,Male,Lalitpur,175072,41801,7,3011,98,20.3,62,4.2,16,Silver,3.4,Yes,0,501612.0
1243,49,Female,Kathmandu,165083,34751,12,7096,55,58.6,11,2.2,13,Gold,3.9,No,3,420356.01
1244,47,Male,Bhaktapur,22866,22991,3,1283,61,16.9,61,4.1,28,Premium,2.8,Yes,8,275892.0
1245,46,Male,Kathmandu,132669,42311,9,5492,86,28.5,41,0.9,7,Basic,4.5,Yes,4,511386.68
1246,62,Female,Kathmandu,25898,10916,2,870,81,3.7,68,7.0,33,Premium,3.1,Yes,10,130992.0
1247,46,Female,Kathmandu,38395,11143,9,986,87,25.0,57,2.7,39,Basic,1.6,Yes,9,133716.0
1248,47,Female,Pokhara,24006,26855,12,7878,100,35.1,4,3.3,0,Basic,3.5,Yes,5,322260.0
1249,33,Female,Butwal,30956,16581,12,10729,49,57.3,26,1.4,28,Basic,2.8,No,2,198972.0
1250,57,Female,Pokhara,157150,2907,15,15000,73,32.0,27,8.7,35,Basic,4.7,Yes,4,34884.0
1251,36,Male,Pokhara,115676,30424,2,3696,52,49.5,25,5.0,50,Gold,2.6,Yes,0,368343.91
1252,35,Female,Chitwan,141724,24308,18,10052,2,33.7,48,5.8,36,Premium,2.6,No,7,292167.94
1253,18,Female,Chitwan,82901,42984,13,4787,96,4.4,20,5.8,28,Gold,3.6,Yes,10,515808.0
1254,31,Male,Kathmandu,127227,42505,14,13517,50,20.3,0,4.2,4,Premium,3.1,Yes,5,510645.61
1255,64,Male,Pokhara,137192,47525,5,2761,86,35.4,57,2.1,31,Basic,2.5,Yes,1,570300.0
1256,19,Female,Kathmandu,51417,37942,10,11313,43,57.1,78,7.5,23,Basic,5.0,No,3,456913.3
1257,45,Male,Chitwan,108020,27957,12,9648,77,51.8,54,1.4,18,Silver,2.2,Yes,3,335484.0
1258,47,Female,Butwal,103639,26464,10,9072,8,15.2,80,1.2,11,Gold,2.1,Yes,8,328972.47
1259,55,Male,Bhaktapur,114881,49476,11,12341,59,14.8,25,7.2,0,Basic,4.5,Yes,8,601879.57
1260,21,Male,Kathmandu,152659,24649,2,13585,65,13.7,24,2.2,6,Premium,1.0,Yes,4,300490.8
1261,18,Female,Butwal,141688,43065,5,738,81,55.5,76,3.2,16,Silver,1.8,Yes,2,518241.61
1262,25,Male,Bhaktapur,135584,28125,7,7343,12,51.5,32,4.9,33,Premium,3.4,Yes,0,339601.79
1263,46,Male,Lalitpur,106567,35758,6,1605,4,46.9,71,4.6,42,Silver,1.6,Yes,5,435300.45
1264,56,Male,Kathmandu,95886,6596,3,1886,77,24.8,68,7.1,6,Silver,4.9,Yes,7,80592.71
1265,20,Male,Kathmandu,169888,17374,13,11244,95,31.3,5,6.3,16,Gold,2.9,No,0,210236.33
1266,49,Male,Lalitpur,49432,54150,3,10941,41,28.9,22,6.5,2,Gold,3.4,Yes,10,649800.0
1267,27,Male,Lalitpur,92373,4775,6,10219,7,16.7,29,7.2,28,Basic,1.6,Yes,0,57300.0
1268,27,Female,Kathmandu,40884,28388,11,2167,87,31.3,77,3.1,21,Premium,2.2,Yes,10,340656.0
1269,36,Female,Lalitpur,25454,59264,17,12824,88,3.8,53,3.4,37,Gold,3.5,Yes,6,711168.0
1270,63,Male,Pokhara,94960,22029,10,3191,69,9.6,10,4.5,42,Basic,3.2,Yes,6,264348.0
1271,51,Female,Bhaktapur,122421,19445,12,8256,69,53.4,30,3.2,28,Basic,4.1,Yes,1,233340.0
1272,50,Female,Bhaktapur,63618,54639,17,12364,81,45.6,5,9.9,49,Silver,2.1,Yes,2,660063.15
1273,40,Female,Bhaktapur,67111,49474,4,2496,30,26.5,10,8.2,49,Silver,3.6,Yes,1,599811.18
1274,45,Male,Pokhara,140592,15645,2,1925,73,32.0,76,1.8,41,Gold,2.2,Yes,5,200597.15
1275,49,Female,Lalitpur,79993,32105,11,11504,6,23.5,11,0.3,4,Basic,3.3,Yes,7,388157.7
1276,24,Male,Butwal,148652,14668,7,8523,89,45.0,65,0.6,29,Silver,3.4,Yes,7,176776.13
1277,46,Female,Lalitpur,159920,16960,2,7349,19,47.5,52,2.6,22,Silver,1.5,Yes,0,203520.0
1278,25,Male,Kathmandu,98672,12357,18,3747,80,46.3,35,1.3,20,Basic,3.2,Yes,10,148284.0
1279,18,Male,Chitwan,86125,38203,4,3092,85,43.9,16,5.4,25,Silver,1.0,No,8,463007.04
1280,20,Female,Bhaktapur,137509,52796,8,1990,66,13.9,27,8.6,46,Basic,3.0,No,10,633552.0
1281,41,Female,Lalitpur,81602,16804,20,1724,10,21.6,21,7.4,20,Basic,3.8,Yes,7,203772.58
1282,40,Male,Butwal,62222,51197,14,3087,16,29.3,6,2.3,19,Silver,1.3,Yes,8,614456.85
1283,25,Female,Kathmandu,69223,15626,12,8214,37,21.2,14,4.1,22,Premium,4.8,Yes,8,187735.33
1284,64,Female,Pokhara,85333,29132,18,3564,79,45.8,10,5.2,3,Basic,2.8,Yes,10,350680.09
1285,54,Female,Pokhara,142650,8951,11,14810,77,21.1,23,8.1,20,Silver,4.8,No,5,109522.41
1286,20,Male,Butwal,69420,7449,8,8304,77,10.0,66,8.4,20,Basic,1.4,Yes,2,94091.6
1287,50,Male,Kathmandu,95504,20065,2,1332,32,25.1,29,9.1,0,Basic,4.8,Yes,0,240780.0
1288,45,Female,Bhaktapur,22462,36967,15,13384,47,58.8,69,5.2,14,Silver,1.4,No,10,446534.4
1289,64,Female,Lalitpur,29460,40536,9,2940,72,15.1,65,7.0,16,Gold,2.8,Yes,7,486432.0
1290,25,Female,Kathmandu,119319,10130,19,5295,43,37.5,60,1.3,50,Basic,4.8,Yes,9,125067.11
1291,51,Male,Pokhara,160347,24824,20,2146,82,27.1,77,5.7,13,Premium,1.9,Yes,2,299489.14
1292,52,Male,Butwal,164341,42401,8,14806,36,6.1,40,2.6,18,Basic,1.1,Yes,6,508812.0
1293,49,Female,Butwal,149593,52702,19,940,26,30.3,50,4.4,49,Premium,4.2,Yes,9,632424.0
1294,41,Female,Lalitpur,142672,37993,5,6456,10,42.7,43,6.4,33,Premium,3.4,No,5,456600.58
1295,31,Female,Butwal,92920,32875,11,14428,31,31.8,12,2.7,5,Silver,3.1,Yes,2,399954.92
1296,49,Female,Butwal,42553,50748,15,10221,97,52.6,11,0.7,44,Basic,1.1,Yes,5,613988.26
1297,63,Female,Kathmandu,175438,7054,8,11657,29,18.8,8,0.3,48,Silver,3.6,No,2,89075.0
1298,60,Female,Bhaktapur,64036,35273,19,2867,5,7.0,47,0.4,5,Silver,1.7,Yes,8,423276.0
1299,33,Male,Lalitpur,168441,42821,8,7196,77,56.3,48,0.3,4,Gold,4.7,Yes,0,516733.04
1300,21,Female,Kathmandu,162867,49517,19,11978,1,23.9,52,1.3,6,Silver,3.7,Yes,7,594204.0
1301,54,Male,Bhaktapur,90021,11832,18,5690,87,35.4,55,2.5,32,Silver,3.8,Yes,4,141984.0
1302,38,Female,Kathmandu,127205,30670,10,5163,3,47.9,39,2.4,12,Gold,1.9,Yes,3,373659.69
1303,31,Female,Chitwan,108209,50112,7,7562,67,20.8,23,9.9,50,Premium,4.5,No,0,601344.0
1304,48,Male,Kathmandu,95139,23852,9,4831,71,43.5,71,3.2,0,Silver,3.2,Yes,8,286224.0
1305,65,Male,Butwal,25368,24620,1,9996,100,9.9,32,1.4,12,Premium,4.4,Yes,8,302461.71
1306,35,Male,Bhaktapur,155693,29307,19,3534,35,18.9,22,5.5,42,Silver,2.1,Yes,4,354602.84
1307,24,Male,Lalitpur,78829,48551,5,12380,15,10.4,76,8.6,26,Gold,4.0,No,10,584462.0
1308,27,Female,Lalitpur,149036,2551,19,12665,67,49.1,53,6.8,6,Gold,3.3,Yes,8,30612.0
1309,24,Male,Bhaktapur,34719,48922,1,9877,93,14.9,52,3.1,2,Gold,1.2,No,9,587693.46
1310,50,Female,Butwal,49227,28812,15,3762,30,43.6,48,5.7,24,Basic,2.6,Yes,8,345744.0
1311,40,Male,Pokhara,129430,14799,16,13820,82,56.7,77,7.2,32,Silver,1.7,No,6,177588.0
1312,38,Female,Kathmandu,158638,27312,7,2607,75,32.6,77,7.3,39,Silver,2.4,No,7,328176.32
1313,36,Female,Butwal,32306,40620,12,7536,43,33.3,79,6.7,16,Basic,2.5,No,0,488602.03
1314,65,Female,Chitwan,73822,2449,8,10532,60,28.7,48,8.7,44,Basic,2.9,Yes,3,29388.0
1315,36,Female,Bhaktapur,44042,56105,5,4820,40,20.9,59,8.7,13,Gold,3.4,Yes,9,673260.0
1316,53,Female,Kathmandu,166158,58608,10,6438,65,29.6,64,5.9,36,Silver,3.3,Yes,9,711120.37
1317,46,Female,Lalitpur,168459,25426,5,3247,29,37.0,31,4.4,22,Basic,1.2,Yes,3,309798.43
1318,35,Male,Pokhara,178114,36427,17,5177,74,59.2,78,6.5,23,Gold,4.0,No,8,437124.0
1319,19,Female,Chitwan,109424,41277,5,8472,92,56.4,20,8.2,28,Premium,4.8,Yes,2,500166.14
1320,18,Male,Lalitpur,169395,32551,15,4764,95,52.0,17,0.3,37,Silver,2.4,Yes,9,390612.0
1321,64,Male,Bhaktapur,38019,25277,13,3633,19,53.6,59,9.9,26,Basic,1.7,Yes,9,304911.7
1322,22,Female,Kathmandu,95426,57597,1,12112,3,29.1,12,2.0,37,Premium,3.2,Yes,0,691164.0
1323,37,Male,Bhaktapur,60863,36489,11,1965,36,40.1,23,4.8,39,Premium,3.8,Yes,10,439151.67
1324,28,Female,Kathmandu,131023,59806,1,4609,43,53.9,29,8.7,44,Basic,3.7,Yes,4,717672.0
1325,59,Male,Butwal,161355,46212,11,2711,15,24.8,1,2.4,49,Basic,3.4,No,6,555634.28
1326,19,Female,Pokhara,169351,10637,18,6039,97,57.8,24,4.9,22,Silver,1.6,Yes,3,136193.44
1327,20,Male,Butwal,66999,44258,18,11496,41,26.1,49,1.5,30,Gold,4.3,Yes,8,531096.0
1328,40,Female,Butwal,82780,36693,16,14658,90,36.9,13,4.1,35,Basic,2.7,Yes,5,440316.0
1329,29,Female,Bhaktapur,42908,10824,13,10235,80,43.2,5,1.9,16,Silver,1.9,No,5,129888.0
1330,37,Female,Pokhara,146278,27950,7,2189,36,57.1,75,3.8,36,Silver,1.3,Yes,2,335400.0
1331,22,Female,Kathmandu,133002,24488,1,10263,97,16.2,29,3.9,2,Premium,2.7,Yes,9,295877.23
1332,54,Male,Kathmandu,120706,40008,16,8227,84,45.3,29,9.9,35,Silver,3.5,Yes,9,482768.15
1333,55,Female,Chitwan,142019,50664,1,8264,77,32.2,37,9.9,4,Silver,3.7,Yes,4,608295.09
1334,47,Male,Lalitpur,129708,1215,17,13839,33,17.6,57,1.3,45,Premium,4.9,Yes,9,19179.54
1335,26,Male,Chitwan,29343,41067,6,14519,5,47.0,40,7.3,14,Basic,1.6,No,5,497451.04
1336,51,Male,Chitwan,96173,12523,2,5041,78,34.0,56,0.7,48,Basic,4.9,Yes,3,150625.17
1337,61,Female,Kathmandu,120260,11364,17,11971,91,40.3,35,0.5,5,Gold,3.6,Yes,2,139295.48
1338,52,Male,Bhaktapur,89443,4153,6,4041,87,20.7,63,1.2,9,Basic,2.8,Yes,4,60699.4
1339,39,Male,Butwal,77530,24834,14,13503,14,29.9,15,9.7,31,Gold,4.6,Yes,6,298008.0
1340,61,Male,Butwal,155899,35474,18,11715,68,37.8,77,9.4,22,Basic,3.8,Yes,10,429553.82
1341,41,Female,Butwal,116143,44066,6,1318,83,25.5,71,2.1,47,Basic,2.4,No,5,529226.12
1342,34,Female,Pokhara,164771,35335,10,14939,47,13.5,13,1.8,16,Premium,4.5,Yes,1,429248.73
1343,27,Male,Kathmandu,134527,11400,18,5021,54,57.8,30,2.6,45,Silver,3.7,Yes,0,136800.0
1344,47,Female,Bhaktapur,156385,11345,9,1624,4,31.7,65,5.3,19,Gold,3.8,Yes,4,137141.39
1345,63,Female,Pokhara,164670,34896,8,6160,94,44.6,67,5.8,43,Basic,4.6,No,4,418752.0
1346,40,Male,Lalitpur,131362,20894,10,13637,83,25.8,64,2.4,40,Basic,2.8,Yes,5,250728.0
1347,49,Male,Bhaktapur,48807,29899,17,6141,95,22.6,54,7.6,14,Gold,3.6,Yes,2,365809.94
1348,34,Female,Chitwan,79550,41635,6,1629,95,25.6,77,3.2,43,Silver,4.0,Yes,0,499620.0
1349,34,Male,Bhaktapur,23558,29229,14,2202,9,25.7,39,9.2,45,Silver,2.8,No,3,350748.0
1350,31,Female,Bhaktapur,70113,52517,6,2501,53,33.6,24,6.6,21,Basic,1.3,Yes,3,630204.0
1351,26,Female,Butwal,72999,6583,7,7412,77,33.5,24,4.5,49,Silver,4.1,Yes,9,88118.2
1352,57,Female,Bhaktapur,78219,5897,12,4378,78,30.8,2,7.9,5,Gold,1.2,No,1,77316.64
1353,19,Female,Chitwan,73218,55870,3,13064,60,9.8,68,8.2,3,Gold,3.9,Yes,7,670440.0
1354,62,Female,Chitwan,39229,7001,14,7732,46,30.8,25,3.0,22,Gold,4.6,Yes,5,88318.87
1355,42,Female,Kathmandu,95209,44881,19,10498,54,11.8,39,3.5,43,Gold,2.4,Yes,2,538572.0
1356,56,Male,Bhaktapur,47877,5567,16,11639,74,9.3,37,9.4,44,Silver,1.4,Yes,0,69421.71
1357,26,Male,Butwal,117137,10271,7,6831,95,56.1,37,1.8,18,Silver,1.9,Yes,10,123252.0
1358,39,Female,Bhaktapur,58084,48116,8,6535,37,37.1,67,0.6,44,Gold,3.2,No,2,579572.49
1359,60,Female,Lalitpur,101780,12703,18,11901,23,40.3,6,4.6,30,Basic,4.8,No,7,152436.0
1360,63,Female,Lalitpur,167878,14329,13,10844,27,25.3,29,8.1,43,Basic,3.0,No,3,171948.0
1361,21,Male,Butwal,57034,36509,9,13333,70,54.7,18,7.8,2,Premium,1.5,Yes,2,439017.54
1362,43,Female,Kathmandu,75468,53172,10,7023,90,39.0,34,9.2,27,Basic,3.5,Yes,10,638920.67
1363,46,Male,Kathmandu,170166,7256,9,12897,66,46.6,32,5.4,2,Basic,3.9,Yes,3,87072.0
1364,62,Female,Chitwan,30589,1228,15,8611,61,23.4,32,1.2,13,Silver,2.6,Yes,10,14736.0
1365,51,Female,Chitwan,77221,25746,20,9236,77,57.7,77,6.0,17,Gold,3.9,Yes,3,311069.08
1366,40,Male,Pokhara,21657,17678,2,2901,51,49.6,37,7.8,26,Silver,2.3,Yes,1,213666.1
1367,54,Male,Butwal,118300,38052,13,13530,50,51.5,9,1.1,50,Silver,4.2,Yes,3,459901.41
1368,28,Female,Bhaktapur,137229,58769,2,11056,19,12.0,56,1.9,9,Premium,2.4,Yes,10,706179.01
1369,23,Female,Butwal,59531,47032,19,9981,1,17.7,27,0.3,48,Gold,2.0,No,8,564384.0
1370,35,Female,Pokhara,72227,47158,2,12457,40,18.6,77,6.0,14,Gold,4.5,Yes,3,565896.0
1371,38,Male,Chitwan,23164,24185,3,10567,32,17.7,37,8.9,18,Basic,3.2,Yes,0,292875.11
1372,59,Male,Butwal,113078,34686,6,13876,22,51.6,15,6.8,8,Basic,2.1,Yes,0,416232.0
1373,53,Male,Butwal,61247,12445,3,13120,93,3.8,20,9.8,3,Silver,4.7,Yes,0,149340.0
1374,58,Male,Chitwan,170673,34266,10,14324,66,6.4,5,0.8,14,Basic,3.8,Yes,4,411192.0
1375,55,Male,Pokhara,70599,3809,6,13944,40,17.9,40,9.0,50,Basic,1.9,Yes,5,47065.25
1376,51,Male,Chitwan,155624,38729,16,13379,38,13.6,14,8.2,47,Basic,3.5,Yes,5,464748.0
1377,34,Female,Kathmandu,160489,42785,17,9474,48,15.4,2,3.3,7,Silver,4.5,Yes,5,513420.0
1378,54,Female,Bhaktapur,88207,37547,19,1039,55,48.3,42,9.7,48,Gold,3.8,No,8,453156.79
1379,42,Male,Chitwan,92055,43818,3,11474,75,34.7,46,3.0,0,Gold,2.0,Yes,0,529392.8
1380,55,Female,Pokhara,122266,35886,18,14346,81,2.3,13,8.9,6,Basic,3.6,Yes,9,430632.0
1381,29,Female,Lalitpur,98270,7391,7,6115,55,26.9,65,8.8,30,Silver,3.5,Yes,5,90551.7
1382,40,Male,Kathmandu,131426,1145,9,11360,51,25.7,28,7.6,17,Basic,4.3,Yes,7,18708.47
1383,59,Female,Lalitpur,154794,14929,20,13406,60,8.6,3,5.7,11,Silver,1.7,No,7,182181.53
1384,39,Male,Chitwan,90442,25326,12,12629,8,41.2,25,1.4,47,Silver,3.8,Yes,2,303912.0
1385,38,Male,Kathmandu,115632,30991,5,3456,86,42.7,11,5.4,29,Silver,1.1,Yes,4,371892.0
1386,44,Female,Bhaktapur,41438,48685,3,8577,68,43.8,1,3.7,32,Premium,3.8,Yes,9,585266.68
1387,48,Male,Chitwan,78819,38333,11,4222,75,44.3,16,8.0,46,Gold,4.8,No,3,467888.82
1388,23,Male,Bhaktapur,63856,17576,4,12559,72,2.0,34,7.6,6,Silver,1.7,Yes,0,215032.31
1389,44,Male,Butwal,61938,55339,5,10525,9,57.3,9,9.1,27,Premium,2.2,No,8,667840.91
1390,57,Male,Lalitpur,79807,40405,1,5587,90,49.2,42,0.3,48,Gold,3.3,Yes,4,485702.39
1391,51,Male,Kathmandu,69877,29464,18,10838,2,54.4,20,8.1,2,Gold,3.9,No,1,358051.91
1392,29,Male,Bhaktapur,63461,9243,12,6960,80,2.9,14,9.4,42,Silver,2.4,No,1,112432.24
1393,62,Male,Pokhara,113474,32601,13,2670,95,56.2,34,7.9,5,Silver,3.7,Yes,10,391212.0
1394,24,Male,Bhaktapur,103136,3410,9,3891,70,49.0,59,1.5,30,Gold,4.6,Yes,6,45377.9
1395,27,Female,Pokhara,40435,2820,2,7442,85,50.6,43,1.0,37,Basic,3.9,Yes,3,33840.0
1396,62,Female,Chitwan,165263,53116,5,2116,90,7.4,4,0.4,14,Gold,3.8,Yes,0,637728.16
1397,34,Female,Kathmandu,104726,36289,13,14306,59,44.8,72,6.4,6,Premium,2.5,Yes,4,439163.98
1398,43,Male,Bhaktapur,178458,52720,16,13309,19,57.7,17,6.4,42,Gold,4.6,Yes,1,632640.0
1399,38,Male,Bhaktapur,74786,39650,16,9608,28,41.4,20,9.9,29,Basic,2.1,Yes,6,475800.0
1400,45,Female,Kathmandu,33704,35635,3,13504,72,35.1,71,4.1,26,Silver,1.8,Yes,8,430005.85
1401,63,Female,Bhaktapur,76635,8465,4,6958,14,56.8,73,3.5,16,Gold,2.5,Yes,0,101580.0
1402,19,Female,Pokhara,153195,57754,11,3256,24,27.7,50,6.3,17,Premium,3.6,Yes,1,693048.0
1403,60,Male,Bhaktapur,110710,33439,14,7353,44,36.8,40,8.3,21,Silver,4.4,Yes,10,406909.87
1404,18,Female,Lalitpur,82993,28314,3,8209,56,29.6,23,9.4,25,Gold,1.5,No,5,347900.46
1405,53,Female,Chitwan,132752,45229,16,2436,90,56.1,23,8.1,50,Gold,4.3,No,7,542748.0
1406,43,Male,Butwal,176488,20583,15,12734,95,6.4,37,4.4,26,Basic,4.3,No,6,246996.0
1407,46,Female,Pokhara,152886,28155,10,3591,51,31.1,43,6.4,39,Gold,3.3,Yes,8,344210.25
1408,38,Male,Lalitpur,98537,39871,9,13347,32,41.8,56,8.6,23,Basic,4.0,Yes,1,478452.0
1409,28,Male,Chitwan,70258,13197,11,1468,50,47.9,58,5.0,7,Silver,1.7,Yes,8,162323.43
1410,57,Male,Kathmandu,167580,30511,16,7797,41,35.8,33,2.3,20,Silver,1.7,Yes,3,370468.49
1411,28,Female,Pokhara,105166,16424,10,12056,66,54.7,74,1.9,28,Gold,4.5,Yes,10,197088.0
1412,53,Female,Butwal,133710,49821,17,3703,25,56.6,22,0.2,42,Gold,3.0,Yes,2,599995.09
1413,56,Male,Chitwan,55699,1240,19,6999,61,5.7,42,7.2,20,Silver,2.0,No,6,17327.3
1414,57,Female,Butwal,66335,53592,2,5673,66,25.3,39,1.3,2,Premium,3.8,Yes,4,647654.93
1415,52,Female,Kathmandu,66806,5631,2,1389,42,3.4,46,2.6,30,Gold,4.6,Yes,4,67572.0
1416,51,Female,Kathmandu,97853,10599,6,9484,65,21.1,40,3.1,26,Gold,3.5,No,1,133652.17
1417,64,Female,Pokhara,55739,45462,19,12150,36,33.1,46,5.7,45,Silver,2.4,Yes,5,548978.3
1418,41,Male,Bhaktapur,54785,25658,8,9673,76,54.8,19,4.1,26,Basic,2.9,Yes,5,307896.0
1419,39,Female,Kathmandu,105016,38845,3,7882,9,51.1,76,6.8,8,Silver,4.0,Yes,3,466140.0
1420,22,Male,Chitwan,152681,33574,14,4031,36,9.4,64,0.7,32,Premium,1.3,No,4,407077.18
1421,50,Male,Bhaktapur,86253,37536,16,12221,92,7.4,67,1.4,32,Basic,1.9,Yes,6,450432.0
1422,53,Female,Lalitpur,111128,42910,1,1301,38,36.2,23,5.1,25,Premium,2.9,Yes,7,514920.0
1423,64,Male,Butwal,179213,8995,3,8734,33,32.9,35,3.5,27,Gold,3.4,Yes,5,108033.04
1424,37,Female,Bhaktapur,147581,26186,18,14397,42,17.4,44,3.1,43,Gold,2.4,Yes,4,314232.0
1425,36,Female,Butwal,130966,30245,9,3849,61,54.2,1,0.9,42,Gold,2.2,Yes,2,364194.33
1426,52,Male,Bhaktapur,157854,23813,6,8505,46,55.8,27,9.0,30,Silver,1.2,Yes,6,289870.79
1427,60,Male,Lalitpur,119352,14276,1,10469,86,25.4,25,7.0,0,Gold,1.1,Yes,7,172673.21
1428,34,Male,Kathmandu,177005,20989,10,3701,89,53.6,22,1.4,19,Silver,2.1,Yes,2,251868.0
1429,62,Male,Lalitpur,97154,13746,6,849,61,24.3,78,0.8,11,Gold,3.1,Yes,4,169089.72
1430,60,Female,Kathmandu,159379,45243,12,10259,18,44.7,35,9.8,16,Gold,3.2,Yes,10,542916.0
1431,51,Female,Kathmandu,128297,19557,4,9821,70,29.6,5,6.9,14,Gold,3.0,Yes,1,234684.0
1432,26,Female,Butwal,58346,29060,13,11651,82,9.1,34,4.3,33,Gold,2.6,Yes,9,354496.41
1433,43,Male,Chitwan,132138,59866,17,12479,80,55.8,37,7.1,49,Basic,2.0,Yes,9,718392.0
1434,19,Male,Lalitpur,70772,7568,8,14836,15,28.3,34,7.6,15,Basic,2.6,Yes,3,91136.15
1435,26,Male,Bhaktapur,60149,36369,20,10472,48,44.6,73,7.8,3,Gold,1.6,Yes,3,436428.0
1436,26,Female,Lalitpur,106700,20041,3,1083,72,23.3,52,4.9,7,Basic,1.5,No,7,240492.0
1437,57,Male,Butwal,178598,7080,12,13219,13,3.1,37,4.4,33,Silver,2.2,No,2,86452.9
1438,34,Female,Kathmandu,116758,14854,7,3877,43,7.8,58,0.3,45,Silver,5.0,Yes,4,180546.56
1439,18,Male,Butwal,148447,57477,12,6528,60,30.8,42,9.3,24,Basic,2.3,No,10,689724.0
1440,42,Female,Pokhara,25695,3159,2,8194,57,42.0,3,6.1,14,Basic,4.7,Yes,4,37908.0
1441,60,Female,Pokhara,59169,28025,14,6696,71,21.4,4,2.2,27,Gold,2.6,No,1,336300.0
1442,57,Male,Bhaktapur,67947,53982,5,7583,17,42.3,67,9.2,8,Silver,2.8,Yes,8,656850.19
1443,59,Male,Butwal,65865,42081,9,3901,50,42.5,44,9.2,1,Silver,4.2,Yes,3,514590.5
1444,42,Female,Bhaktapur,176625,5368,11,14136,32,42.8,79,9.9,16,Premium,1.4,Yes,8,64563.75
1445,56,Female,Bhaktapur,124501,35085,5,3685,22,30.6,24,8.8,9,Basic,1.7,Yes,8,421020.0
1446,52,Male,Pokhara,80410,54645,3,10886,55,55.1,77,10.0,8,Basic,4.9,Yes,1,655740.0
1447,20,Male,Bhaktapur,123754,28094,17,14818,57,30.4,10,2.6,30,Gold,3.0,Yes,8,337128.0
1448,54,Female,Pokhara,110895,47040,2,5785,13,28.1,28,8.5,1,Gold,1.2,Yes,8,566053.39
1449,61,Male,Kathmandu,175888,2230,1,9854,47,13.6,33,8.3,23,Silver,1.2,No,1,26760.0
1450,61,Female,Butwal,70705,18517,7,7272,87,19.8,13,2.5,18,Premium,4.6,Yes,10,222204.0
1451,47,Female,Bhaktapur,135700,24991,14,8990,62,4.5,23,1.2,16,Premium,4.5,Yes,5,304780.16
1452,55,Male,Pokhara,93914,2301,5,3847,54,38.7,58,9.8,42,Basic,2.8,No,8,27612.0
1453,51,Male,Lalitpur,21881,29610,19,10631,29,16.4,38,3.1,48,Basic,1.7,Yes,3,359648.4
1454,29,Male,Bhaktapur,67365,16927,11,1288,22,19.6,25,8.7,9,Gold,4.3,No,1,209158.55
1455,36,Male,Chitwan,99211,35678,2,5445,65,46.7,42,0.2,49,Basic,2.3,Yes,6,428136.0
1456,54,Male,Kathmandu,176078,25466,8,3389,29,21.0,35,0.4,27,Basic,2.7,Yes,8,305592.0
1457,61,Female,Kathmandu,61198,15904,9,10069,48,16.0,38,4.8,37,Gold,3.7,Yes,5,196139.37
1458,34,Female,Lalitpur,173903,41875,3,5773,5,11.8,60,2.5,47,Silver,2.4,Yes,10,502500.0
1459,27,Male,Pokhara,120649,27081,2,10641,35,46.9,15,7.0,27,Silver,3.5,Yes,10,330745.17
1460,64,Male,Bhaktapur,167531,25354,7,3772,74,9.5,58,5.7,49,Basic,4.5,Yes,3,304248.0
1461,29,Male,Pokhara,156949,28761,5,9569,83,28.3,5,1.0,49,Gold,4.2,Yes,0,345132.0
1462,33,Female,Kathmandu,59553,19300,5,5734,71,31.4,55,1.8,0,Silver,2.5,Yes,3,232536.22
1463,41,Male,Pokhara,155994,30491,20,12434,46,41.9,7,4.0,2,Basic,2.2,Yes,2,365892.0
1464,36,Male,Kathmandu,142778,57148,13,10269,35,38.7,26,2.0,14,Basic,2.1,Yes,6,687623.69
1465,25,Female,Pokhara,137018,36525,20,7402,45,49.0,70,8.0,9,Silver,2.4,No,10,439161.04
1466,48,Female,Lalitpur,155758,27532,6,11831,13,4.6,26,4.3,20,Premium,3.0,Yes,10,330384.0
1467,38,Male,Butwal,52766,7464,20,8112,10,19.2,45,1.1,36,Premium,2.7,No,9,89568.0
1468,34,Male,Lalitpur,52006,17562,18,2992,66,18.2,40,4.9,14,Basic,1.5,Yes,4,210744.0
1469,40,Male,Lalitpur,51422,42856,2,11447,70,10.5,78,1.1,22,Gold,1.7,No,2,514272.0
1470,54,Female,Butwal,136590,56514,6,7245,72,18.8,24,1.5,13,Gold,2.4,Yes,1,686218.44
1471,33,Male,Butwal,32205,48892,9,14434,100,20.0,17,2.5,14,Gold,3.2,Yes,1,586704.0
1472,23,Male,Bhaktapur,174599,48028,3,10595,25,32.3,11,8.6,9,Silver,3.4,Yes,4,576336.0
1473,25,Male,Bhaktapur,169515,43511,1,10074,44,40.5,50,9.3,8,Basic,2.9,Yes,7,522132.0
1474,42,Female,Lalitpur,167596,9683,1,4740,60,24.1,38,8.3,43,Gold,4.0,Yes,7,117395.43
1475,35,Female,Lalitpur,136477,33634,19,2822,47,43.7,9,3.5,38,Basic,3.9,Yes,4,403608.0
1476,42,Male,Kathmandu,48202,1060,5,11248,40,21.5,73,2.9,4,Basic,2.7,Yes,1,12720.0
1477,29,Male,Kathmandu,81692,10269,13,5798,7,18.8,76,5.6,24,Silver,1.5,Yes,3,129747.93
1478,32,Female,Bhaktapur,40855,24065,19,2361,46,33.4,53,7.3,41,Premium,3.1,Yes,6,288780.0
1479,43,Female,Chitwan,45095,3895,12,14642,23,3.4,28,9.9,25,Basic,2.5,Yes,5,46740.0
1480,58,Female,Chitwan,69241,16323,16,7120,83,6.6,40,1.5,7,Silver,1.6,Yes,9,195876.0
1481,62,Female,Bhaktapur,123119,13352,19,10558,46,26.2,8,0.7,21,Basic,4.9,No,6,169340.4
1482,43,Female,Kathmandu,72003,45643,3,4547,86,56.7,62,7.0,24,Premium,2.5,Yes,4,551006.78
1483,64,Female,Kathmandu,114837,50737,12,8081,13,43.8,76,8.4,47,Silver,3.5,Yes,1,608844.0
1484,49,Female,Chitwan,114283,39591,5,7820,21,7.1,36,8.5,11,Basic,3.0,Yes,7,475092.0
1485,27,Female,Pokhara,167044,31890,2,11867,1,51.1,13,6.8,8,Basic,1.6,Yes,1,382680.0
1486,33,Female,Pokhara,143805,33016,7,1598,19,44.5,72,9.5,9,Silver,1.2,Yes,7,396192.0
1487,24,Male,Kathmandu,113846,12962,13,5747,60,37.4,71,5.2,47,Basic,3.5,Yes,6,158024.75
1488,34,Male,Pokhara,42927,34302,15,2234,33,49.6,38,9.2,9,Basic,2.0,No,2,411624.0
1489,40,Male,Butwal,140589,20846,3,5163,4,25.4,39,9.7,8,Gold,2.0,Yes,3,250152.0
1490,43,Female,Bhaktapur,135657,5011,20,6409,3,14.8,53,8.5,25,Silver,4.8,Yes,6,64418.3
1491,38,Male,Bhaktapur,86630,20782,5,3916,91,31.7,2,3.2,34,Gold,2.8,Yes,3,257429.67
1492,39,Female,Kathmandu,124428,3155,8,13318,52,33.8,54,2.1,26,Basic,1.1,Yes,8,40577.63
1493,24,Female,Lalitpur,142035,56118,1,6802,99,33.2,32,5.6,30,Silver,2.4,Yes,6,673416.0
1494,31,Male,Chitwan,146244,57481,8,14349,28,34.8,70,4.6,18,Silver,3.3,Yes,0,689772.0
1495,32,Female,Kathmandu,89518,40725,18,8093,70,57.0,18,8.8,42,Basic,2.3,Yes,0,490761.44
1496,24,Male,Pokhara,101326,10196,20,1180,70,54.3,33,1.2,37,Silver,1.1,Yes,3,122352.0
1497,26,Male,Chitwan,163277,44459,16,8663,55,52.8,77,2.7,5,Basic,2.8,Yes,8,537067.17
1498,65,Male,Lalitpur,140243,22709,18,2570,57,48.5,49,7.6,14,Gold,1.4,No,3,272508.0
1499,25,Female,Pokhara,32748,14327,20,13858,87,56.7,46,1.1,28,Silver,3.5,Yes,4,179990.41
1500,40,Male,Butwal,172169,58670,12,7168,97,7.7,45,3.3,46,Silver,3.5,Yes,0,704040.0
