Employee_ID,Age,Gender,Education_Level,Department,Job_Level,Years_at_Company,Years_in_Current_Role,Years_Since_Last_Promotion,Performance_Score,Training_Hours,Projects_Completed,Monthly_Income,Job_Satisfaction,Work_Life_Balance,Overtime,Manager_Rating,Previous_Promotions,Promotion
1001,49,Female,Bachelor,Sales,2,0,0,0,5,67,13,51902.87,3,4,No,4,0,1
1002,35,Male,Bachelor,Engineering,3,1,0,0,2,62,11,60374.26,4,2,Yes,5,2,1
1003,28,Male,Bachelor,Operations,2,8,1,8,4,14,5,51287.78,3,2,No,4,2,0
1004,41,Female,Master,Marketing,3,12,10,1,4,96,12,72058.72,3,3,No,2,0,1
1005,39,Female,Bachelor,Finance,2,4,1,1,3,38,14,49855.03,4,4,Yes,5,3,1
1006,43,Female,Master,Marketing,2,8,4,4,3,56,13,58784.29,1,4,No,2,1,0
1007,31,Female,Bachelor,Sales,1,12,0,5,3,9,7,53827.77,4,4,No,5,3,0
1008,31,Female,High School,Operations,1,4,2,3,4,70,20,32850.21,4,5,No,3,2,0
1009,44,Male,Master,Finance,2,14,1,6,4,96,19,58772.24,3,2,Yes,2,0,1
1010,56,Male,Bachelor,Engineering,2,6,5,1,4,16,10,54954.07,2,2,Yes,5,1,0
1011,44,Female,Bachelor,Marketing,3,13,2,6,4,75,20,72394.19,2,5,Yes,2,0,0
1012,23,Male,Bachelor,Marketing,1,15,3,1,2,16,8,55507.4,4,3,No,3,1,0
1013,42,Female,Bachelor,Marketing,1,5,0,0,2,110,11,41422.79,4,3,No,3,0,1
1014,22,Male,Bachelor,Sales,4,1,0,0,5,119,5,74717.4,4,3,No,4,2,1
1015,44,Male,Master,Operations,2,15,3,4,4,15,18,64223.32,5,3,No,2,1,0
1016,50,Male,High School,Operations,3,18,7,17,4,118,2,74476.63,4,3,Yes,4,2,0
1017,58,Female,Bachelor,Engineering,4,4,2,3,4,77,0,78660.79,4,5,Yes,4,1,0
1018,22,Female,Master,Sales,2,3,1,3,3,2,14,53322.3,2,2,No,2,0,0
1019,41,Female,PhD,Sales,3,13,0,11,3,114,14,73112.78,3,3,No,4,1,0
1020,53,Male,Bachelor,Operations,2,5,5,0,4,107,4,45828.95,3,1,No,5,0,1
1021,32,Male,Bachelor,Finance,1,7,4,3,5,50,10,40255.99,4,4,No,5,0,1
1022,42,Female,Bachelor,Engineering,2,23,4,20,3,113,0,70442.9,3,2,No,3,1,0
1023,45,Female,PhD,Engineering,2,2,1,2,3,93,9,50419.51,4,4,Yes,4,2,1
1024,47,Male,Master,Engineering,2,3,2,1,3,45,19,54695.94,4,2,Yes,5,1,1
1025,48,Female,Bachelor,Finance,2,0,0,0,1,115,10,52027.9,1,3,Yes,5,0,0
1026,36,Male,Bachelor,Engineering,2,1,0,0,3,54,6,51278.36,4,4,No,3,2,1
1027,35,Male,Bachelor,Operations,1,12,10,5,5,104,16,50828.51,2,3,No,3,0,1
1028,23,Male,Master,Finance,1,8,4,2,4,98,11,46200.38,3,3,No,1,0,0
1029,57,Female,Bachelor,Marketing,1,11,8,4,5,25,3,44794.8,4,4,No,3,3,1
1030,27,Female,Master,Engineering,1,9,4,0,4,118,11,45076.7,4,2,No,2,0,1
1031,41,Male,PhD,Sales,2,9,1,7,3,75,2,52704.57,3,5,No,4,0,0
1032,29,Female,High School,HR,2,17,12,14,5,30,17,70273.58,3,2,Yes,2,1,0
1033,38,Male,Bachelor,Engineering,1,11,1,5,3,115,11,41882.13,3,4,No,5,0,0
1034,24,Male,Bachelor,Engineering,4,21,11,11,5,80,18,83563.55,2,4,No,2,0,0
1035,45,Male,Bachelor,Operations,4,15,13,1,4,100,12,94982.66,5,3,No,4,1,1
1036,34,Male,High School,Engineering,2,22,4,3,3,71,15,68428.58,3,2,No,3,2,1
1037,29,Male,High School,Sales,3,5,2,3,3,18,7,69079.02,5,2,No,4,1,0
1038,46,Female,Master,Sales,2,23,23,20,3,89,5,72631.76,5,5,Yes,4,0,0
1039,22,Female,Master,Engineering,1,24,9,11,2,67,9,62781.59,3,4,Yes,4,2,0
1040,40,Male,Bachelor,Operations,4,23,19,2,3,14,9,96064.53,3,3,Yes,1,2,0
1041,48,Male,Bachelor,Engineering,1,20,1,16,5,114,5,57389.53,4,3,No,2,0,0
1042,27,Male,Bachelor,Engineering,5,23,3,5,4,110,7,96339.97,3,1,Yes,4,1,1
1043,28,Male,Master,Finance,2,9,3,7,3,57,17,53245.52,4,4,No,3,1,1
1044,55,Male,Master,Engineering,2,14,10,0,3,77,16,51088.61,2,5,No,2,1,1
1045,34,Female,Bachelor,Engineering,2,25,8,16,4,29,9,68220.32,3,2,Yes,3,3,0
1046,37,Male,Bachelor,Sales,2,8,5,6,3,47,1,54067.8,2,4,Yes,4,3,1
1047,56,Female,High School,Engineering,1,23,14,6,3,55,11,57233.68,3,2,No,4,1,1
1048,24,Female,High School,Sales,2,1,1,1,4,41,19,46109.07,4,4,No,3,0,0
1049,22,Male,Bachelor,Sales,3,17,5,1,3,23,9,74890.29,5,3,No,1,0,0
1050,26,Female,Master,Marketing,2,11,0,5,2,109,8,56828.43,3,4,No,3,0,0
1051,24,Female,Master,Sales,1,2,0,0,3,51,15,40181.66,3,5,No,3,1,1
1052,49,Female,Bachelor,Marketing,2,6,4,4,3,42,6,57436.5,3,4,No,4,3,1
1053,38,Male,Master,Marketing,4,8,5,7,3,33,8,81056.83,2,5,Yes,5,0,0
1054,46,Male,PhD,HR,2,7,7,7,3,59,5,57821.24,4,3,No,3,1,0
1055,54,Male,Bachelor,Engineering,2,24,19,15,3,82,9,71363.36,4,5,Yes,4,0,0
1056,30,Male,Bachelor,Sales,5,5,5,0,5,2,6,94248.01,2,5,Yes,4,2,0
1057,56,Male,PhD,Marketing,2,0,0,0,4,67,17,56456.59,4,2,No,3,3,1
1058,34,Female,Bachelor,Finance,2,13,4,10,4,10,10,50914.97,4,3,Yes,2,2,0
1059,51,Male,Master,Finance,4,15,15,8,3,12,0,91032.82,2,5,No,4,0,0
1060,35,Female,PhD,Sales,3,15,3,10,1,49,20,69341.6,4,2,No,3,0,0
1061,28,Female,Master,Operations,1,3,2,3,3,81,18,40443.19,3,3,No,4,0,0
1062,34,Male,Master,Sales,1,5,1,0,4,18,4,42545.42,4,4,Yes,2,1,0
1063,43,Male,Master,Engineering,3,14,5,12,3,43,5,76033.74,3,1,Yes,4,0,1
1064,41,Female,Master,Engineering,1,21,13,13,4,32,6,55696.26,1,4,No,4,3,0
1065,36,Female,Bachelor,Sales,4,7,3,4,3,119,3,79280.48,4,3,No,3,2,0
1066,38,Female,High School,HR,1,0,0,0,5,37,15,38373.59,4,3,Yes,3,0,1
1067,44,Male,Bachelor,Marketing,2,12,5,8,5,2,9,58415.43,4,4,No,4,0,1
1068,46,Male,Master,Marketing,1,17,7,10,2,112,14,44702.18,2,3,Yes,5,1,1
1069,45,Male,High School,Operations,3,17,10,11,4,98,12,76292.99,4,5,No,4,0,0
1070,49,Male,High School,HR,4,12,2,5,2,64,7,80804.69,3,4,No,2,0,0
1071,35,Female,High School,Finance,3,21,7,2,4,34,12,76562.87,4,3,No,3,1,0
1072,21,Female,Master,Sales,5,13,12,0,2,35,6,92973.73,4,4,No,5,2,0
1073,45,Female,PhD,HR,1,10,1,10,2,37,16,38114.99,3,4,Yes,4,3,1
1074,27,Female,PhD,Sales,1,6,5,1,1,38,3,40801.31,3,5,Yes,2,0,0
1075,29,Female,Bachelor,Engineering,4,17,16,12,5,118,6,88303.19,5,4,Yes,4,2,1
1076,44,Male,Master,Engineering,4,20,5,6,4,24,15,94072.04,4,3,Yes,3,1,1
1077,21,Male,Master,Engineering,4,21,14,12,2,63,1,89537.08,5,3,No,4,0,0
1078,28,Female,Bachelor,Finance,3,3,0,1,4,103,20,70010.06,3,5,No,3,1,0
1079,44,Male,Bachelor,Operations,2,16,10,5,3,12,13,65735.03,4,4,Yes,4,3,0
1080,31,Female,High School,Engineering,1,18,12,2,3,67,13,48715.66,4,2,No,3,0,1
1081,37,Female,PhD,Operations,4,13,0,5,5,69,7,82746.86,4,4,No,3,0,0
1082,28,Male,Bachelor,Marketing,2,9,1,2,2,74,5,65186.17,4,3,No,4,1,1
1083,55,Female,Bachelor,HR,2,24,4,12,4,0,6,73639.81,2,2,No,4,0,0
1084,55,Female,Master,Finance,3,5,5,4,3,71,6,63392.46,4,4,Yes,3,2,0
1085,53,Female,Bachelor,Sales,1,17,0,12,2,53,1,55870.62,4,2,No,3,1,1
1086,25,Female,Bachelor,Marketing,4,24,6,0,3,97,3,89555.13,3,4,No,1,2,0
1087,48,Female,Bachelor,Finance,1,3,2,0,5,103,12,37489.29,3,3,No,4,0,1
1088,27,Male,High School,Operations,3,10,3,7,4,115,9,60680.22,4,2,No,3,2,0
1089,29,Male,Master,Finance,3,12,8,4,2,8,8,74214.82,3,2,No,1,0,0
1090,28,Female,Bachelor,Marketing,2,7,6,6,4,35,14,50637.77,3,3,Yes,3,0,0
1091,32,Female,Bachelor,Marketing,2,9,5,3,5,112,11,56777.69,4,2,No,5,2,1
1092,54,Male,Bachelor,Engineering,1,22,16,16,3,102,9,50614.26,2,5,Yes,5,1,0
1093,53,Male,Bachelor,Engineering,2,10,3,8,3,105,18,58801.66,3,1,No,3,0,1
1094,43,Female,Bachelor,Engineering,2,2,1,0,2,36,20,50503.37,4,4,Yes,3,0,0
1095,44,Female,Master,HR,2,14,5,8,3,105,4,55704.65,3,3,No,3,0,0
1096,57,Female,Master,Engineering,1,7,6,4,4,58,6,41390.65,4,5,Yes,2,3,1
1097,55,Female,Master,Operations,1,19,3,4,3,107,19,54632.79,3,3,No,4,2,1
1098,42,Male,Master,HR,1,17,8,13,1,20,10,54080.72,5,2,No,5,0,0
1099,47,Male,Bachelor,Operations,3,20,13,10,3,19,15,85333.21,3,4,No,5,1,0
1100,55,Female,Bachelor,Marketing,1,0,0,0,3,101,12,41871.5,3,4,Yes,5,0,1
1101,21,Male,PhD,Finance,4,23,2,13,4,0,3,90919.8,4,3,No,5,1,0
1102,55,Male,Bachelor,Operations,3,7,0,0,4,98,15,64471.01,2,1,No,1,0,1
1103,57,Male,High School,HR,3,2,2,2,2,58,12,57077.44,4,3,No,5,0,1
1104,34,Female,Bachelor,Operations,4,0,0,0,3,27,0,68961.04,4,3,Yes,3,1,0
1105,23,Female,High School,Engineering,1,19,10,16,3,70,3,57540.62,4,3,No,5,2,0
1106,21,Male,Bachelor,Engineering,4,24,0,3,5,106,14,88243.53,3,3,No,3,1,0
1107,25,Male,PhD,Engineering,2,15,11,9,3,55,20,61880.29,5,4,Yes,3,2,0
1108,46,Female,Bachelor,HR,4,8,8,3,2,107,15,78993.8,3,5,No,1,2,0
1109,34,Female,Bachelor,Finance,4,16,8,11,1,8,3,84368.66,2,2,No,2,1,0
1110,47,Male,PhD,HR,1,15,4,8,3,64,16,45290.73,3,4,Yes,4,0,0
1111,29,Male,PhD,Engineering,2,22,14,2,2,35,10,61222.6,4,3,No,5,1,0
1112,35,Male,Bachelor,Operations,2,5,1,3,4,97,4,48326.69,5,3,No,3,0,1
1113,35,Female,Bachelor,Finance,3,22,8,14,4,33,12,80467.58,2,4,No,2,0,0
1114,46,Male,Master,Engineering,1,6,4,1,3,80,11,44790.63,5,4,No,3,1,0
1115,33,Male,Master,Finance,1,23,12,0,4,116,2,64147.73,4,5,No,3,2,0
1116,52,Female,Master,Marketing,2,15,7,14,4,31,3,63837.93,3,4,No,3,0,0
1117,52,Female,Master,Operations,2,7,4,2,3,65,9,57671.11,4,2,Yes,2,1,1
1118,24,Male,Master,HR,5,9,9,4,2,99,8,99532.86,2,3,No,3,0,0
1119,50,Female,Bachelor,Sales,3,13,9,6,3,24,9,74053.32,5,4,Yes,5,1,0
1120,57,Male,Master,Engineering,2,10,5,3,5,106,12,61932.32,4,3,Yes,5,1,1
1121,43,Female,Bachelor,HR,1,1,0,0,4,50,0,36381.63,3,3,No,3,1,1
1122,35,Male,Master,Operations,1,11,11,5,2,62,11,49785.0,5,3,Yes,5,1,0
1123,49,Female,Bachelor,Engineering,2,19,4,2,3,119,10,66939.99,2,5,No,3,3,0
1124,56,Male,High School,Operations,4,19,19,9,4,89,20,89132.62,5,4,No,4,0,1
1125,33,Female,Bachelor,HR,2,12,6,9,3,44,7,65988.81,1,3,No,4,0,1
1126,52,Female,Bachelor,Operations,2,14,3,4,4,117,13,56787.63,4,5,Yes,2,1,1
1127,27,Female,Bachelor,Sales,4,25,9,25,3,25,13,92060.36,4,4,No,3,1,0
1128,42,Female,Bachelor,Operations,4,11,9,5,5,20,19,87610.42,4,1,No,5,2,0
1129,48,Female,Bachelor,Operations,1,12,9,3,4,81,16,51684.6,3,2,No,2,0,1
1130,22,Male,Master,Operations,1,7,0,4,2,92,18,43350.79,5,4,No,3,1,1
1131,26,Male,High School,Sales,2,15,4,2,4,50,19,63858.77,3,3,No,5,1,1
1132,48,Female,Master,Sales,3,2,0,0,2,23,20,64869.54,3,4,No,1,0,0
1133,48,Male,Master,Finance,5,12,11,6,3,110,20,97260.06,3,5,No,3,1,0
1134,40,Female,Master,Sales,1,11,11,10,4,91,16,47864.62,4,3,No,5,1,0
1135,50,Female,Bachelor,Sales,1,18,5,17,3,11,5,49838.12,3,4,No,5,2,0
1136,31,Male,PhD,Engineering,4,1,1,0,4,120,13,78852.93,4,3,No,5,0,0
1137,48,Female,Bachelor,HR,3,0,0,0,3,10,17,60183.79,5,3,Yes,4,0,0
1138,45,Male,High School,HR,5,7,3,4,4,26,16,87337.69,5,4,No,2,1,0
1139,53,Female,Bachelor,Sales,2,8,2,4,3,22,5,56736.39,2,4,No,4,0,0
1140,21,Male,High School,Sales,2,24,10,15,4,32,4,71972.85,4,4,Yes,4,1,0
1141,47,Male,PhD,HR,1,7,5,7,2,79,12,44881.42,2,2,No,4,0,0
1142,33,Female,Bachelor,Finance,1,20,0,15,3,91,15,58891.14,5,4,No,5,0,0
1143,23,Female,Master,Sales,2,16,1,15,3,91,20,61880.77,5,3,No,5,0,0
1144,26,Female,Master,Engineering,2,8,6,0,3,108,8,55939.37,5,3,No,4,3,1
1145,28,Male,Bachelor,Operations,1,5,3,3,3,37,11,38124.19,4,3,No,2,2,1
1146,47,Male,Bachelor,Operations,4,14,4,3,3,54,9,86534.87,3,4,No,2,2,0
1147,29,Female,High School,Operations,1,22,14,9,5,69,12,53365.4,3,2,No,3,1,0
1148,57,Male,Bachelor,Operations,3,23,10,1,2,41,18,79340.33,3,2,No,3,1,0
1149,53,Female,High School,Engineering,1,12,9,7,4,28,15,51733.81,2,2,No,2,0,0
1150,44,Female,Master,Finance,4,20,16,5,4,33,16,91545.92,5,4,No,4,0,0
1151,35,Female,PhD,Engineering,1,21,1,2,3,56,15,61598.26,3,1,No,4,2,1
1152,52,Female,Bachelor,Finance,3,11,3,0,4,2,13,75606.87,5,4,No,4,1,1
1153,52,Male,Bachelor,Engineering,1,12,7,11,5,5,15,48662.98,5,2,Yes,3,3,1
1154,44,Female,Master,Finance,2,6,1,2,3,47,14,55814.84,5,4,No,3,1,1
1155,32,Male,Bachelor,HR,3,22,19,18,5,101,11,79846.02,4,4,No,3,0,0
1156,22,Female,Master,Sales,1,17,2,2,2,63,4,56475.63,2,3,No,4,0,1
1157,23,Male,Bachelor,Marketing,1,13,2,12,4,119,10,50152.5,3,2,No,4,2,1
1158,57,Female,Bachelor,Sales,4,10,4,10,3,12,4,85638.24,4,3,Yes,4,0,0
1159,37,Female,Master,Engineering,4,13,2,3,3,35,10,82112.54,1,4,No,3,0,0
1160,22,Male,Bachelor,Sales,1,16,7,15,4,78,1,45955.71,1,3,No,3,0,1
1161,22,Male,Master,Engineering,1,23,4,19,3,69,18,59709.02,4,3,Yes,5,1,0
1162,48,Female,Master,Sales,1,20,11,1,3,32,16,57811.17,5,2,No,1,0,0
1163,43,Male,Bachelor,Operations,1,25,13,3,3,104,18,59800.76,5,3,Yes,4,0,1
1164,57,Male,High School,Engineering,5,1,0,0,4,75,11,88214.47,2,4,No,1,1,1
1165,52,Male,PhD,HR,2,18,10,3,3,56,19,61792.0,5,2,Yes,3,0,0
1166,53,Male,Master,Engineering,2,15,7,11,3,54,4,66257.19,4,4,Yes,3,0,0
1167,21,Female,High School,Finance,5,21,4,16,3,106,11,108586.87,4,5,Yes,5,0,0
1168,39,Female,Master,Marketing,2,9,7,0,4,12,15,61182.73,3,2,Yes,2,0,0
1169,22,Male,Bachelor,Finance,3,21,11,0,4,96,0,80395.87,4,4,No,5,1,0
1170,46,Male,Bachelor,Marketing,2,7,6,5,3,50,1,60045.98,4,3,No,5,0,0
1171,52,Male,Master,Operations,2,20,18,4,3,91,9,62428.53,4,4,No,4,0,1
1172,26,Male,Bachelor,Operations,2,4,3,3,3,52,1,54893.89,3,3,Yes,3,0,0
1173,52,Male,PhD,Finance,1,6,6,5,5,35,9,45265.8,5,5,No,5,1,1
1174,24,Male,Bachelor,Engineering,1,25,7,5,4,4,17,61504.97,5,3,No,4,1,1
1175,31,Male,Bachelor,Finance,1,12,6,8,2,118,0,44038.52,5,4,No,3,2,0
1176,37,Female,Bachelor,HR,1,15,13,0,4,24,4,51417.43,3,4,No,4,1,0
1177,58,Male,Bachelor,Marketing,2,4,1,1,1,80,11,51575.59,3,2,No,3,0,0
1178,44,Female,Master,Marketing,2,15,7,5,3,36,16,54670.4,3,2,No,3,1,0
1179,25,Female,Bachelor,Marketing,2,14,5,12,5,18,18,56889.14,4,4,No,5,1,1
1180,54,Female,Bachelor,Marketing,1,8,2,7,5,34,17,48845.03,5,3,No,4,2,1
1181,26,Female,Bachelor,Sales,3,21,3,11,4,106,12,78308.34,3,5,Yes,4,0,0
1182,42,Male,High School,Sales,1,22,22,14,3,33,2,61024.52,5,5,No,3,0,0
1183,31,Female,Master,Engineering,2,11,2,2,3,53,20,63474.6,4,4,Yes,5,2,1
1184,36,Female,Bachelor,Operations,3,7,0,4,5,45,9,69484.96,3,3,No,4,1,1
1185,53,Male,Bachelor,Marketing,1,12,5,4,4,5,13,45342.28,3,2,No,3,1,0
1186,29,Female,Bachelor,Finance,3,4,2,1,3,82,7,68376.94,2,5,Yes,4,1,0
1187,26,Female,Bachelor,Marketing,3,13,10,3,3,0,9,73554.23,4,2,Yes,3,0,0
1188,36,Male,High School,Marketing,1,15,14,11,5,70,1,50678.67,2,3,No,3,1,0
1189,49,Male,Bachelor,Operations,1,10,9,0,5,33,12,42353.57,4,3,Yes,5,2,1
1190,23,Male,Bachelor,Marketing,5,19,5,8,4,55,4,100096.87,4,5,No,5,2,1
1191,40,Female,Master,Finance,1,11,9,4,4,82,10,43311.78,3,2,No,3,0,1
1192,56,Female,Master,Finance,4,14,11,1,1,96,0,89436.52,2,5,No,4,1,0
1193,39,Female,Bachelor,Engineering,2,23,18,1,4,25,9,75837.48,4,3,No,5,0,1
1194,46,Female,High School,Finance,1,11,5,10,4,104,12,50594.74,3,1,No,4,3,1
1195,23,Male,Bachelor,Engineering,1,25,10,22,1,116,3,60295.69,5,4,No,2,1,0
1196,39,Male,Bachelor,Sales,2,8,3,3,4,112,20,54972.65,4,2,No,3,1,1
1197,40,Female,High School,Marketing,2,0,0,0,5,41,9,50905.66,2,3,No,3,1,1
1198,52,Female,Bachelor,HR,3,2,0,0,3,90,11,61131.7,4,4,No,5,3,1
1199,27,Female,Bachelor,Operations,4,11,3,4,4,37,13,82774.55,4,2,Yes,4,3,1
1200,53,Male,Bachelor,Engineering,4,19,9,17,4,25,2,86814.13,2,3,No,1,0,0
1201,38,Male,High School,HR,1,12,9,6,4,98,1,50402.56,3,3,No,5,1,1
1202,21,Female,High School,Engineering,4,22,15,15,4,58,18,95603.63,4,4,Yes,5,1,0
1203,31,Female,High School,Sales,4,5,2,0,3,83,10,81135.42,1,4,No,3,0,0
1204,48,Female,Bachelor,Engineering,4,9,1,0,4,23,20,83331.14,1,3,No,4,2,1
1205,45,Female,Bachelor,Engineering,2,9,3,1,3,110,6,59051.88,4,3,No,4,0,1
1206,43,Male,Bachelor,Sales,3,15,10,10,4,20,17,70324.71,4,3,No,4,0,1
1207,51,Female,High School,Engineering,2,0,0,0,3,59,13,44657.29,5,3,No,4,0,0
1208,50,Female,Bachelor,Engineering,2,15,11,15,2,117,6,63824.22,3,3,No,4,1,0
1209,55,Female,Bachelor,Marketing,5,3,3,1,3,89,6,92103.59,3,1,No,5,2,1
1210,27,Female,Bachelor,Sales,1,5,2,0,3,19,8,40431.07,4,4,No,4,1,1
1211,36,Male,High School,Finance,1,18,7,1,2,5,11,53222.44,4,5,No,2,0,0
1212,46,Male,Bachelor,Marketing,4,1,0,1,2,66,5,73963.98,4,4,Yes,2,0,0
1213,22,Female,Master,HR,1,17,8,15,4,9,6,44926.85,3,1,No,1,3,0
1214,21,Male,Bachelor,Operations,4,9,7,8,5,11,3,82061.7,3,3,No,3,0,0
1215,32,Female,High School,Marketing,3,3,2,3,5,96,15,61500.59,4,4,No,3,3,0
1216,25,Male,Master,Marketing,1,0,0,0,5,21,6,39444.32,4,3,No,5,2,0
1217,57,Female,Bachelor,Sales,2,14,8,10,4,61,7,61474.65,2,5,No,5,1,0
1218,52,Female,Bachelor,Marketing,3,9,0,2,2,60,7,68382.95,2,5,No,5,2,1
1219,29,Female,Master,Marketing,2,17,9,12,4,79,19,63670.08,5,2,Yes,5,0,0
1220,55,Male,Master,Engineering,5,15,12,4,4,16,2,97191.92,5,3,No,3,2,0
1221,39,Female,Bachelor,Engineering,4,12,11,11,2,9,8,78353.81,3,1,No,3,0,0
1222,36,Male,Bachelor,Engineering,2,25,2,12,4,11,18,75313.39,3,3,Yes,3,1,0
1223,23,Male,Bachelor,Marketing,1,14,4,1,3,82,12,47064.38,2,4,No,2,1,1
1224,40,Female,High School,Engineering,5,1,0,1,5,39,6,84028.99,3,5,No,5,1,0
1225,44,Female,Bachelor,Marketing,2,19,7,5,4,22,19,66416.26,3,5,No,4,0,0
1226,53,Female,High School,Sales,1,3,1,3,5,39,20,35237.79,3,1,Yes,2,1,0
1227,44,Male,Bachelor,Marketing,4,0,0,0,2,73,14,71003.68,4,5,No,3,1,1
1228,31,Male,PhD,Engineering,4,6,1,3,1,73,18,86065.97,4,4,No,4,3,0
1229,28,Male,PhD,Engineering,3,22,6,4,5,49,1,82146.94,5,5,No,2,1,1
1230,56,Male,Bachelor,Finance,2,25,15,22,2,9,11,68068.79,4,5,No,3,1,0
1231,58,Male,Bachelor,Sales,3,10,1,7,3,102,7,61674.64,2,3,No,4,2,0
1232,40,Female,Bachelor,Sales,3,25,10,5,4,93,7,87505.58,2,3,Yes,5,2,0
1233,55,Male,Master,Engineering,4,9,5,4,5,3,12,77051.67,5,1,No,5,1,1
1234,45,Female,Bachelor,HR,5,0,0,0,3,0,0,82828.52,5,1,No,4,2,0
1235,55,Female,High School,Operations,2,10,3,2,1,42,9,56335.06,3,4,Yes,3,1,0
1236,45,Female,Bachelor,Marketing,3,23,20,22,3,82,20,78047.48,2,3,Yes,5,0,0
1237,49,Female,Bachelor,HR,5,9,4,7,3,4,8,92795.05,5,3,No,4,2,0
1238,38,Female,Bachelor,Sales,1,13,12,2,3,93,1,46494.36,3,2,No,4,1,0
1239,38,Male,Master,HR,1,13,3,4,5,89,18,51144.54,1,5,Yes,5,0,1
1240,22,Male,Master,Marketing,4,6,3,2,4,103,13,78962.21,5,2,No,4,0,1
1241,55,Male,Bachelor,Engineering,1,22,19,17,5,33,9,62528.51,5,3,No,2,1,0
1242,36,Female,Bachelor,Sales,1,10,10,9,2,65,9,51809.41,4,3,Yes,5,2,0
1243,56,Female,High School,Engineering,1,21,17,19,4,23,7,52080.73,1,1,No,4,0,1
1244,53,Male,Master,Marketing,2,3,0,3,5,13,13,50391.94,4,4,No,4,1,0
1245,24,Female,PhD,Engineering,1,23,11,19,4,40,12,66317.22,4,3,No,3,0,1
1246,53,Female,PhD,Marketing,2,1,1,1,2,41,5,45266.16,4,3,No,2,0,0
1247,34,Male,Master,Engineering,5,6,6,4,5,12,20,93590.5,3,4,Yes,3,0,0
1248,41,Female,Bachelor,Sales,3,18,11,7,3,28,12,79391.99,5,3,Yes,1,2,1
1249,40,Male,High School,Engineering,3,13,0,2,4,64,2,69304.2,3,5,No,2,0,0
1250,28,Male,Bachelor,HR,1,18,3,15,2,45,19,49997.2,2,5,Yes,3,0,1
1251,27,Female,Master,Sales,3,6,1,2,4,33,12,73779.78,3,4,No,4,0,0
1252,23,Male,Bachelor,Sales,3,11,2,4,5,62,18,78199.81,4,3,No,5,0,0
1253,37,Female,High School,Sales,3,2,2,1,3,3,15,64519.66,4,2,Yes,5,0,1
1254,53,Male,Master,Sales,1,14,5,8,3,27,3,44055.18,4,3,No,2,0,0
1255,32,Male,High School,Engineering,2,4,0,3,2,82,2,57627.43,2,3,No,5,1,0
1256,42,Female,Bachelor,Operations,4,7,1,0,3,0,14,73738.26,5,2,Yes,4,1,0
1257,42,Male,Master,HR,3,13,12,8,3,35,14,75560.8,3,3,No,4,0,0
1258,50,Male,Bachelor,Finance,3,3,2,1,4,106,17,57222.95,3,3,No,2,1,0
1259,58,Male,High School,Engineering,2,6,4,0,2,12,6,54430.47,4,2,Yes,3,0,0
1260,58,Female,Master,Engineering,2,6,4,0,2,113,19,57939.92,3,5,Yes,5,2,1
1261,28,Male,Bachelor,Sales,3,17,10,17,3,105,4,64998.57,4,4,No,3,0,0
1262,47,Male,PhD,HR,1,13,3,10,3,4,7,46586.48,3,2,No,2,2,0
1263,47,Male,Bachelor,HR,3,7,6,4,4,96,9,67913.25,3,4,No,3,0,0
1264,54,Male,High School,Sales,5,25,11,5,4,13,0,106123.28,3,5,No,3,1,0
1265,41,Female,Master,Marketing,3,11,10,8,5,79,10,68215.7,3,3,No,4,0,0
1266,50,Female,Bachelor,HR,1,9,5,3,3,119,2,44566.1,3,2,No,5,0,1
1267,53,Male,Bachelor,Engineering,1,13,11,1,3,31,20,52850.1,3,3,No,4,1,0
1268,48,Female,Master,Sales,3,8,5,6,3,49,2,73675.82,4,4,No,5,1,0
1269,53,Male,Bachelor,Finance,4,5,5,0,1,26,14,80320.08,2,2,No,5,2,0
1270,25,Female,Bachelor,Marketing,2,4,2,2,4,34,16,58813.45,4,4,No,1,1,0
1271,39,Female,High School,Engineering,2,0,0,0,4,2,17,46860.88,4,4,No,2,0,1
1272,24,Male,Bachelor,Engineering,1,0,0,0,1,3,7,39387.14,5,4,No,3,3,1
1273,55,Female,Bachelor,HR,3,24,15,19,1,6,12,78524.61,5,3,Yes,2,1,0
1274,37,Female,Bachelor,Sales,3,19,3,16,4,76,9,89824.5,2,3,Yes,4,0,0
1275,48,Male,Master,Finance,5,16,4,3,4,104,2,99800.59,2,2,No,2,3,0
1276,50,Male,Master,Finance,2,10,8,2,3,2,19,61216.43,4,3,Yes,3,3,1
1277,49,Male,High School,Sales,3,25,23,6,4,80,13,76450.14,4,4,Yes,3,0,1
1278,26,Female,High School,Sales,2,11,2,10,5,110,12,62025.34,3,5,No,4,0,1
1279,55,Female,High School,Finance,2,2,1,0,3,58,2,51254.8,4,4,No,4,0,0
1280,57,Female,High School,Engineering,4,5,1,2,3,73,12,79356.42,4,1,No,5,1,1
1281,44,Female,Master,Sales,1,10,0,9,2,110,19,46054.29,4,2,No,3,1,1
1282,49,Female,Master,Marketing,2,12,2,4,4,0,8,59320.81,4,4,No,4,1,0
1283,51,Female,Master,Engineering,3,10,9,2,3,27,15,68767.41,2,5,Yes,1,1,0
1284,55,Female,Bachelor,HR,2,7,5,5,5,58,7,54941.37,2,2,No,1,0,0
1285,53,Male,Bachelor,Engineering,1,9,6,1,4,117,11,50973.1,3,4,Yes,1,0,1
1286,41,Female,Bachelor,Finance,2,1,0,0,3,52,11,48430.47,1,3,No,3,2,0
1287,52,Female,High School,Engineering,2,23,17,17,2,9,18,78735.14,5,3,No,4,2,0
1288,43,Male,Bachelor,Operations,4,13,2,4,4,70,16,84945.51,1,4,Yes,1,0,0
1289,53,Female,PhD,Marketing,1,15,14,12,3,102,14,56099.87,1,4,No,3,0,0
1290,23,Male,Bachelor,Sales,4,16,6,12,5,2,17,91975.7,2,3,No,1,0,0
1291,38,Male,Master,Engineering,1,10,5,7,3,6,6,39746.25,4,4,No,4,0,0
1292,45,Female,Bachelor,Engineering,1,1,0,1,3,8,12,32492.53,4,4,No,4,0,1
1293,51,Male,High School,HR,1,23,6,13,4,103,18,54987.08,4,3,Yes,4,0,0
1294,23,Male,Bachelor,Marketing,4,22,9,11,2,98,15,86625.27,5,4,No,4,0,1
1295,44,Male,Bachelor,Finance,1,4,0,4,4,89,10,38947.75,3,1,No,4,1,1
1296,52,Female,High School,Sales,3,15,7,12,2,68,4,74612.47,1,1,No,3,2,0
1297,42,Male,Bachelor,Finance,2,15,5,15,4,12,1,65094.44,4,4,No,2,2,1
1298,43,Female,Master,Sales,5,25,19,17,3,108,0,108222.31,5,3,No,4,1,0
1299,22,Male,Bachelor,Marketing,4,1,1,0,3,93,15,73920.96,1,2,No,4,1,1
1300,47,Female,Bachelor,Finance,3,15,15,3,4,39,4,78594.97,3,3,No,5,1,0
1301,22,Female,Master,Engineering,4,24,9,22,1,113,6,98159.53,4,4,Yes,5,0,0
1302,46,Male,Master,Engineering,3,4,0,1,3,61,8,72231.36,3,3,No,5,1,1
1303,37,Male,Master,Marketing,4,7,6,6,3,61,3,80046.5,3,3,Yes,5,0,0
1304,53,Male,Bachelor,Marketing,1,19,4,4,3,102,18,44456.09,5,4,No,4,0,0
1305,29,Female,Master,Engineering,1,13,1,1,5,9,19,50408.79,2,2,No,2,1,1
1306,49,Male,Bachelor,Engineering,3,24,8,7,2,105,14,91676.12,4,3,Yes,2,0,0
1307,46,Male,Bachelor,Finance,2,9,6,1,4,86,6,61203.94,3,2,No,5,2,1
1308,55,Male,High School,Sales,2,22,9,7,3,10,17,73821.2,2,3,No,3,2,0
1309,45,Male,Bachelor,Sales,2,1,0,1,3,75,4,50279.32,4,4,Yes,2,0,0
1310,44,Male,Bachelor,Sales,2,2,2,2,4,61,20,54452.55,2,2,Yes,4,0,1
1311,33,Female,Bachelor,Sales,3,17,4,6,2,76,12,81531.71,4,2,No,3,0,0
1312,27,Female,Bachelor,HR,1,20,14,2,4,103,2,53663.0,3,2,No,4,2,1
1313,56,Male,Bachelor,Operations,5,1,0,0,2,112,5,83896.87,1,4,No,4,0,0
1314,40,Female,Bachelor,Finance,4,20,9,3,3,55,11,92818.81,2,2,Yes,4,0,0
1315,21,Male,Master,Sales,5,8,7,6,4,109,20,96077.05,5,3,Yes,4,0,0
1316,28,Female,PhD,HR,2,1,1,1,2,48,17,38878.52,3,4,No,3,0,0
1317,36,Female,Bachelor,HR,2,24,8,8,4,114,17,69820.88,3,3,No,1,1,0
1318,34,Female,Master,Sales,5,6,2,6,2,15,3,82586.18,3,3,No,5,0,0
1319,32,Female,Master,Operations,4,6,5,0,4,72,19,77909.69,4,5,No,3,1,1
1320,43,Male,Bachelor,Engineering,3,13,11,0,3,115,13,79458.46,1,4,Yes,4,1,1
1321,35,Female,High School,Operations,2,4,1,3,4,73,13,50103.93,5,3,No,4,1,1
1322,48,Female,Master,Engineering,2,7,2,5,5,92,0,54155.66,5,4,No,3,1,0
1323,54,Male,PhD,Finance,3,22,12,13,3,8,10,83447.74,3,4,Yes,3,2,0
1324,22,Female,Bachelor,Sales,1,21,10,12,3,32,8,59875.14,3,5,No,3,1,0
1325,52,Male,Bachelor,HR,3,17,9,3,5,87,17,80124.67,5,3,No,3,1,0
1326,43,Female,Bachelor,Engineering,4,5,2,4,2,34,4,77649.27,3,4,No,1,1,0
1327,42,Male,Bachelor,Marketing,3,13,5,4,4,74,9,74981.87,5,5,No,5,0,1
1328,45,Male,Master,Marketing,2,17,0,16,5,38,14,66406.33,1,2,No,4,3,1
1329,42,Female,Master,Marketing,2,16,13,14,4,113,9,60585.02,3,4,No,2,0,1
1330,42,Female,High School,Marketing,5,8,1,1,2,76,15,85195.82,5,3,No,4,0,0
1331,26,Male,Master,Marketing,3,12,7,10,2,118,3,68211.9,3,5,No,3,1,0
1332,35,Male,Bachelor,Engineering,3,15,10,3,3,86,3,80254.92,3,5,No,3,0,0
1333,57,Female,PhD,HR,3,20,7,19,3,24,7,87852.85,4,2,Yes,5,1,0
1334,53,Male,Bachelor,Finance,3,9,5,9,2,113,5,68735.93,5,3,No,5,0,0
1335,28,Male,Bachelor,Finance,3,9,2,5,4,79,10,74700.72,2,3,Yes,4,2,1
1336,25,Female,Bachelor,Marketing,2,3,1,0,3,55,12,50510.41,5,2,No,5,2,1
1337,24,Female,Bachelor,Engineering,2,11,1,5,5,47,18,60296.13,4,3,Yes,5,1,1
1338,26,Male,High School,Sales,2,7,4,7,4,84,10,52843.18,5,3,No,4,0,0
1339,52,Female,Bachelor,Operations,1,14,5,11,5,9,1,53658.19,4,4,No,5,0,1
1340,50,Female,Bachelor,Finance,1,20,0,12,3,40,2,52445.54,4,4,No,4,2,0
1341,55,Female,Master,Sales,1,22,13,8,4,103,14,53229.55,5,2,No,2,0,1
1342,36,Male,High School,Marketing,4,18,9,0,3,82,12,89387.0,2,4,Yes,5,0,1
1343,33,Male,Bachelor,Operations,1,14,5,0,3,98,9,52867.07,5,5,Yes,2,3,1
1344,50,Male,High School,Sales,1,7,0,6,4,58,4,43954.61,2,3,No,3,1,0
1345,39,Male,Master,Marketing,1,7,6,5,4,27,10,41423.89,1,2,Yes,3,0,0
1346,37,Female,High School,Operations,3,18,1,3,2,119,13,73601.29,4,2,No,5,2,0
1347,39,Male,Master,Operations,1,8,4,3,3,40,19,37452.43,2,3,No,2,1,0
1348,48,Female,Master,Operations,2,23,8,0,3,65,14,67874.99,4,4,No,3,0,1
1349,46,Male,Bachelor,HR,1,16,6,11,4,50,12,50788.34,4,3,No,3,0,1
1350,57,Male,Bachelor,Engineering,4,7,0,2,5,61,2,81515.84,3,4,No,4,1,1
1351,46,Female,High School,Sales,5,11,10,2,2,29,8,90231.57,2,4,No,3,1,0
1352,43,Male,Bachelor,Sales,5,14,5,14,3,39,7,100272.75,4,3,No,4,0,0
1353,29,Male,Master,Engineering,2,3,3,0,5,113,14,49323.37,5,3,Yes,5,0,1
1354,32,Female,Master,Engineering,3,5,1,1,3,39,0,63444.92,5,4,No,2,1,0
1355,21,Male,High School,Sales,2,15,4,0,4,68,1,67494.88,2,4,Yes,5,1,1
1356,21,Female,Bachelor,Engineering,2,25,5,23,2,101,8,61590.61,5,2,No,3,2,0
1357,54,Female,Master,Sales,2,24,16,2,3,61,20,65692.68,3,5,No,4,2,0
1358,52,Male,Bachelor,Marketing,1,4,0,0,3,105,16,40782.58,3,4,No,4,2,1
1359,45,Female,High School,Engineering,3,22,1,9,4,14,8,80780.12,2,3,Yes,5,1,0
1360,21,Male,Bachelor,Finance,1,12,10,5,3,99,0,40992.06,3,3,No,1,1,0
1361,36,Male,Bachelor,HR,2,14,13,0,3,2,7,59623.17,4,3,No,4,0,1
1362,25,Male,Master,Sales,2,16,3,14,3,23,4,67232.06,4,3,No,2,0,0
1363,42,Male,Bachelor,Operations,2,24,8,2,4,40,10,65948.68,5,4,Yes,4,1,1
1364,49,Female,Bachelor,HR,4,21,5,20,5,62,5,96223.01,4,2,Yes,4,1,0
1365,23,Male,PhD,Engineering,3,19,16,19,4,47,16,75235.36,3,2,Yes,3,1,0
1366,32,Male,Bachelor,Sales,3,21,20,21,2,60,17,72408.3,4,3,Yes,4,1,0
1367,46,Male,Master,Engineering,2,4,2,3,5,47,17,55876.34,2,3,Yes,3,0,1
1368,36,Female,Bachelor,Sales,1,18,3,18,2,46,4,54202.77,4,3,No,4,0,0
1369,57,Male,High School,Engineering,2,6,4,2,3,55,4,48536.25,3,4,Yes,4,2,1
1370,42,Male,Master,HR,5,2,2,1,4,104,18,84628.88,2,3,Yes,4,0,0
1371,49,Female,Bachelor,Operations,5,12,8,1,2,112,12,102699.85,3,2,Yes,1,0,0
1372,34,Male,Bachelor,Finance,3,13,11,6,1,116,6,75333.41,5,2,No,3,2,0
1373,48,Male,Bachelor,Sales,1,15,15,13,3,75,13,54961.54,4,1,No,5,0,0
1374,25,Male,High School,Sales,1,12,2,0,4,118,7,43246.73,5,1,No,5,0,1
1375,50,Male,Bachelor,Engineering,2,1,1,1,3,7,2,54801.11,3,5,No,4,1,1
1376,25,Female,Master,Sales,4,13,7,7,3,77,3,79004.19,5,4,No,4,0,0
1377,32,Male,PhD,Sales,3,19,2,11,4,17,9,72530.72,3,5,Yes,4,0,1
1378,36,Male,PhD,Marketing,4,6,4,0,4,107,3,81740.48,4,1,No,3,1,1
1379,46,Male,High School,Sales,3,4,2,1,4,109,17,59275.68,3,4,No,3,0,0
1380,46,Female,Bachelor,Marketing,1,13,12,11,3,83,11,54770.24,2,4,No,4,1,0
1381,41,Female,High School,Sales,1,8,8,0,1,22,19,39190.36,5,4,No,1,3,0
1382,56,Male,Master,Operations,1,9,4,4,2,68,19,41211.75,4,3,Yes,5,2,1
1383,53,Female,Bachelor,Finance,2,6,1,6,4,64,14,59012.69,5,3,Yes,3,1,1
1384,50,Female,Bachelor,Marketing,1,13,0,5,4,108,12,46216.99,3,4,No,4,0,0
1385,57,Female,Master,Sales,3,24,22,5,5,45,11,85780.62,4,4,No,4,0,1
1386,43,Female,Bachelor,Operations,3,13,6,5,2,65,7,68246.45,3,4,No,3,0,0
1387,30,Male,Bachelor,Marketing,2,24,5,7,2,79,8,69493.6,1,1,No,4,0,0
1388,25,Male,PhD,Finance,1,1,1,0,2,68,19,40863.46,5,2,Yes,4,0,1
1389,56,Male,PhD,HR,1,16,2,14,2,21,8,48017.1,4,5,Yes,2,0,0
1390,54,Male,Bachelor,Marketing,3,19,2,6,3,64,16,82190.91,5,3,Yes,4,1,1
1391,51,Female,Bachelor,Sales,2,3,3,2,5,11,0,50258.86,3,4,No,3,0,1
1392,30,Male,PhD,Finance,2,12,9,8,4,18,5,60280.36,5,3,No,4,1,0
1393,39,Male,High School,Marketing,4,17,16,9,3,117,6,84289.35,4,4,No,1,1,0
1394,52,Female,Bachelor,Engineering,2,2,2,2,4,21,8,47718.55,4,2,Yes,4,2,0
1395,21,Male,High School,Sales,2,18,12,13,2,54,9,61823.43,3,1,No,3,1,1
1396,25,Male,Bachelor,Engineering,3,4,3,2,4,105,3,62164.11,5,3,No,4,0,0
1397,24,Male,High School,Marketing,4,0,0,0,4,107,15,79184.81,5,4,Yes,4,0,1
1398,36,Male,Bachelor,Sales,3,8,6,0,2,61,11,72683.16,3,3,No,4,1,0
1399,44,Female,Bachelor,Engineering,2,23,23,0,4,50,8,71507.2,4,4,No,5,0,1
1400,36,Male,Bachelor,Sales,2,7,5,2,4,47,2,52665.53,3,3,No,3,0,0
1401,22,Male,PhD,Marketing,3,2,0,1,2,16,8,59431.68,4,5,Yes,5,1,0
1402,48,Male,Master,Sales,2,1,0,1,3,12,16,46021.54,5,2,No,1,0,0
1403,52,Male,Master,Finance,3,0,0,0,3,102,13,59784.67,3,2,Yes,4,1,0
1404,47,Female,Bachelor,Engineering,4,11,8,8,3,27,4,84020.52,4,5,No,3,0,0
1405,40,Male,High School,Marketing,4,21,11,10,3,66,20,94357.09,3,4,No,4,2,0
1406,44,Male,Bachelor,Operations,1,12,3,7,4,4,0,47857.63,4,4,Yes,5,0,1
1407,32,Female,Master,Sales,1,9,2,2,3,99,0,47361.79,5,1,Yes,5,2,1
1408,55,Female,Bachelor,Engineering,1,16,5,8,4,59,2,55143.81,3,5,No,3,0,0
1409,53,Male,High School,Marketing,3,10,9,10,5,14,8,68512.98,2,4,Yes,3,1,1
1410,53,Female,Master,Engineering,2,4,3,4,4,80,5,56993.52,4,4,No,4,0,0
1411,57,Female,Bachelor,Engineering,1,24,15,3,4,43,8,54665.07,4,5,No,5,1,1
1412,32,Female,Bachelor,Marketing,1,8,8,7,4,118,3,46545.53,3,4,No,3,0,0
1413,23,Male,PhD,Operations,2,12,9,1,4,45,19,59927.86,2,3,Yes,5,2,1
1414,21,Female,Master,Finance,1,19,10,6,2,28,18,54801.2,2,3,Yes,4,1,1
1415,53,Male,Bachelor,Engineering,1,22,19,10,3,67,4,55328.79,3,4,Yes,4,0,0
1416,30,Male,PhD,Engineering,3,10,8,0,4,95,4,74989.28,4,4,Yes,3,0,0
1417,49,Male,Master,Sales,1,22,20,13,4,48,13,54383.05,3,4,Yes,5,1,0
1418,33,Male,Master,Marketing,1,3,0,3,5,42,9,45249.83,4,3,No,5,0,0
1419,32,Female,High School,Marketing,4,20,18,12,4,101,15,96576.13,2,4,No,3,1,0
1420,51,Male,High School,Operations,4,10,2,5,5,67,5,83804.45,2,4,Yes,3,1,1
1421,22,Male,Bachelor,Sales,2,8,2,4,2,76,19,54948.65,1,3,Yes,5,0,0
1422,55,Female,Master,Finance,1,6,5,0,4,19,13,39048.91,4,3,No,3,1,1
1423,43,Male,Bachelor,Engineering,3,15,5,8,5,110,17,66522.51,3,5,No,3,0,1
1424,37,Male,High School,Engineering,2,22,8,2,3,17,8,70959.51,5,3,No,3,1,1
1425,46,Male,High School,Marketing,1,25,24,24,2,63,6,55054.02,3,2,No,4,1,0
1426,28,Male,Master,Sales,1,22,16,12,3,48,17,52914.07,3,1,Yes,3,0,1
1427,49,Male,High School,Finance,1,24,5,12,4,114,9,60804.03,3,2,Yes,3,0,1
1428,46,Female,Bachelor,Finance,2,4,3,0,2,41,1,50880.46,3,2,Yes,4,0,1
1429,30,Male,High School,Operations,4,5,3,1,4,100,12,78370.4,5,5,Yes,3,1,0
1430,46,Male,High School,Marketing,3,18,18,4,2,11,5,79042.33,5,2,No,4,0,0
1431,54,Female,Master,Marketing,2,0,0,0,3,88,8,55418.8,1,5,No,2,0,0
1432,27,Female,Master,HR,2,15,11,10,5,93,19,63294.29,4,2,No,5,0,1
1433,24,Male,Bachelor,Sales,3,17,1,1,2,78,7,74101.54,4,5,Yes,4,1,1
1434,31,Male,Bachelor,Engineering,2,23,16,16,1,118,9,69399.69,5,3,No,4,0,0
1435,49,Male,Master,HR,1,12,9,6,3,35,15,45488.53,3,4,No,4,1,0
1436,56,Male,Bachelor,Finance,3,0,0,0,4,7,14,68519.02,2,2,No,2,0,0
1437,45,Male,Bachelor,Finance,4,9,2,3,3,27,12,82588.93,4,3,No,4,1,0
1438,41,Male,PhD,Engineering,2,6,4,4,3,115,17,56738.67,3,2,No,5,0,1
1439,56,Female,High School,Engineering,4,4,3,3,5,85,5,82010.01,4,4,Yes,4,0,1
1440,30,Male,PhD,Sales,2,12,3,5,3,59,19,56409.4,5,3,Yes,3,1,1
1441,57,Female,Bachelor,Finance,2,21,21,17,3,48,8,62194.05,2,5,Yes,4,0,0
1442,29,Male,Bachelor,Finance,1,15,0,7,3,37,17,50409.04,5,2,No,4,0,0
1443,44,Female,Bachelor,Finance,3,23,0,19,3,79,6,76005.28,5,3,Yes,4,2,0
1444,55,Female,PhD,Engineering,4,19,17,7,1,57,4,88455.58,5,2,No,5,0,0
1445,55,Female,Bachelor,Engineering,3,21,3,18,4,4,10,71184.35,4,4,No,4,0,0
1446,56,Male,Bachelor,Marketing,1,13,6,11,5,45,12,43293.27,4,2,No,3,0,1
1447,38,Female,PhD,Marketing,1,10,5,10,3,97,2,50891.72,1,2,No,1,3,0
1448,52,Male,Bachelor,HR,2,18,14,15,4,112,0,66818.55,5,4,No,4,0,1
1449,44,Female,Bachelor,Finance,2,22,22,4,1,101,3,75990.61,3,2,No,4,0,0
1450,43,Male,Bachelor,Engineering,2,1,1,1,4,74,18,49775.45,1,4,No,3,0,0
1451,52,Male,Master,Marketing,5,7,4,2,3,1,17,91021.87,3,2,No,1,1,1
1452,57,Male,High School,Marketing,3,12,5,11,3,88,5,72661.9,4,4,No,5,1,0
1453,32,Male,High School,Finance,2,6,1,6,3,24,9,68754.73,3,5,No,3,1,1
1454,33,Male,Bachelor,HR,1,11,8,6,2,0,6,51110.42,4,2,No,4,2,0
1455,43,Male,Bachelor,HR,1,7,0,6,4,94,11,39937.58,4,3,No,2,1,0
1456,45,Female,PhD,Finance,3,15,10,2,4,68,7,76129.37,3,5,No,3,3,1
1457,55,Female,Master,Finance,4,17,11,11,3,39,12,88910.26,3,4,No,3,1,0
1458,50,Female,Master,Finance,3,18,11,7,5,67,17,80083.62,3,3,No,5,0,1
1459,37,Male,Master,Finance,2,3,3,0,1,114,13,59192.88,1,4,No,5,0,1
1460,40,Female,Master,Sales,1,24,4,11,4,68,10,60951.1,3,3,No,3,1,0
1461,45,Female,High School,Operations,5,11,0,1,3,68,9,93416.96,2,5,No,4,0,0
1462,42,Female,Master,Marketing,5,15,6,2,3,119,5,105957.4,5,4,No,4,1,0
1463,33,Female,Bachelor,Engineering,2,20,14,11,3,15,12,61776.51,4,4,Yes,3,2,0
1464,39,Male,Bachelor,Finance,1,21,12,20,3,53,9,54815.36,4,5,No,3,0,0
1465,56,Female,Master,Sales,2,16,7,1,1,62,11,67005.83,3,4,Yes,5,1,1
1466,32,Male,Bachelor,Sales,4,3,2,1,4,17,0,72537.99,3,3,No,4,0,0
1467,39,Male,Master,Engineering,3,19,1,13,4,106,17,77892.9,4,5,No,3,0,0
1468,32,Male,Bachelor,Finance,3,25,7,3,4,16,12,80694.71,4,3,Yes,4,1,1
1469,29,Female,Bachelor,Operations,1,23,9,16,5,98,3,57546.64,2,2,No,4,1,0
1470,27,Female,High School,Finance,1,23,6,14,5,81,5,54901.6,3,2,Yes,4,2,1
1471,48,Female,Bachelor,HR,1,25,9,15,4,3,17,59816.18,5,5,No,3,1,0
1472,34,Female,Master,Engineering,4,21,3,4,4,114,4,90581.51,3,4,Yes,3,2,0
1473,51,Male,Bachelor,Sales,2,23,10,23,1,94,17,75008.97,1,3,Yes,3,1,0
1474,39,Male,Bachelor,Sales,3,8,8,0,4,94,4,69742.0,2,3,No,5,0,1
1475,36,Male,High School,Marketing,1,4,3,0,4,8,6,43552.52,4,2,Yes,2,0,0
1476,25,Male,High School,Operations,4,16,2,11,1,30,8,87977.24,4,2,No,4,0,0
1477,55,Male,Bachelor,HR,4,16,10,10,3,4,2,85662.31,3,5,Yes,5,1,0
1478,32,Male,PhD,Finance,1,1,0,0,5,99,11,39239.2,2,4,No,3,1,1
1479,45,Male,Bachelor,Operations,4,1,1,0,2,15,19,74711.17,3,5,No,3,3,0
1480,41,Female,Master,Sales,1,20,17,1,3,41,13,45314.35,3,3,No,5,0,0
1481,56,Male,Master,Marketing,1,22,18,14,3,40,7,56934.21,3,4,No,5,0,0
1482,43,Female,Bachelor,Finance,1,6,5,4,3,79,11,45087.85,3,3,No,4,0,0
1483,36,Female,Master,Finance,4,3,3,1,1,83,6,72835.6,2,5,No,4,1,0
1484,34,Male,Master,Engineering,4,12,10,12,3,117,8,87270.08,4,5,Yes,3,2,0
1485,51,Male,Bachelor,Finance,2,19,1,15,3,29,11,67522.37,4,5,No,4,0,0
1486,25,Male,Bachelor,Marketing,3,10,10,3,5,25,3,68412.88,5,4,No,4,0,0
1487,55,Male,High School,Sales,3,25,1,22,3,48,4,85667.61,4,2,No,1,1,0
1488,43,Female,PhD,HR,4,2,1,1,3,30,8,73325.63,5,4,Yes,2,0,0
1489,49,Male,Master,Sales,1,1,1,1,3,49,6,39007.19,5,2,No,3,0,0
1490,31,Male,Master,Operations,2,15,6,15,2,14,13,61460.31,3,2,No,3,1,0
1491,38,Male,High School,HR,3,2,2,1,5,51,19,64996.02,3,2,No,5,0,0
1492,32,Female,Bachelor,Marketing,1,23,21,14,4,104,16,63087.3,4,3,No,4,0,1
1493,29,Female,High School,Engineering,2,14,11,3,3,37,0,59855.52,4,4,Yes,3,1,1
1494,30,Female,High School,Sales,3,16,10,15,3,37,14,79008.91,5,3,No,5,0,0
1495,37,Male,Bachelor,Sales,1,15,0,13,4,106,14,49304.15,4,3,Yes,3,0,0
1496,58,Female,PhD,Engineering,5,19,17,6,3,120,0,100935.51,3,1,Yes,5,0,0
1497,27,Female,Master,Engineering,1,6,5,0,2,59,14,40818.94,3,4,No,4,0,1
1498,33,Female,Master,Finance,5,15,0,8,3,19,1,91747.97,3,4,Yes,5,1,0
1499,29,Female,High School,Sales,1,4,3,3,5,98,3,42601.43,5,2,No,3,1,0
1500,47,Male,Bachelor,HR,1,1,0,0,2,86,16,39036.19,5,4,No,2,0,0
1501,22,Female,Bachelor,Engineering,1,0,0,0,3,43,15,37651.8,2,4,No,3,1,1
1502,25,Female,Master,Finance,3,21,15,16,1,110,17,86118.08,4,3,No,3,0,0
1503,49,Male,Master,Marketing,3,12,6,8,2,102,20,78458.48,4,4,No,4,1,0
1504,57,Male,Bachelor,Finance,1,15,5,15,4,88,15,55731.79,3,3,No,3,1,0
1505,58,Female,Bachelor,Operations,1,4,1,1,3,62,7,39658.69,5,2,Yes,4,0,1
1506,39,Male,High School,Sales,3,2,1,2,5,117,5,61655.79,4,4,No,4,0,1
1507,28,Male,Bachelor,Engineering,2,14,1,10,3,49,19,57527.37,3,3,No,3,2,0
1508,21,Female,Bachelor,Engineering,3,15,7,8,3,21,1,74747.35,3,2,No,3,1,0
1509,42,Female,High School,Engineering,1,10,6,5,3,110,18,46033.01,3,4,Yes,5,2,1
1510,37,Male,Bachelor,Finance,3,24,0,14,4,71,12,84753.78,3,4,No,2,0,0
1511,27,Female,Master,HR,3,18,3,13,1,53,20,72924.61,2,3,Yes,3,1,0
1512,45,Male,Bachelor,HR,5,17,10,12,3,8,5,98802.96,2,4,No,4,0,0
1513,24,Male,High School,Engineering,3,20,19,13,4,14,5,72220.22,4,3,No,4,1,0
1514,56,Male,Bachelor,Operations,1,8,6,2,2,47,12,41335.85,4,2,No,4,1,0
1515,26,Female,Bachelor,Operations,1,7,1,3,5,19,0,46870.54,4,4,No,5,2,1
1516,51,Male,Bachelor,Engineering,3,21,3,13,3,34,20,75494.3,4,4,Yes,5,0,0
1517,39,Female,Bachelor,Sales,2,18,16,13,2,100,8,72175.91,5,2,No,3,0,0
1518,47,Female,Bachelor,Marketing,4,21,10,7,4,66,11,95935.61,5,5,No,4,1,1
1519,30,Male,Bachelor,Operations,3,4,2,1,2,59,11,66604.96,3,5,Yes,4,1,0
1520,46,Female,Master,Engineering,2,16,10,8,4,97,3,68734.14,3,4,No,4,1,0
1521,39,Male,Bachelor,Engineering,2,4,0,2,3,33,18,52115.86,3,3,No,4,2,1
1522,23,Female,Master,Operations,2,13,1,9,2,99,15,57749.9,4,4,No,4,2,1
1523,33,Male,Bachelor,Marketing,1,6,1,1,5,98,11,42016.23,5,4,No,4,0,1
1524,48,Female,High School,Engineering,1,8,2,3,4,72,0,37324.62,4,5,Yes,3,1,1
1525,40,Male,Bachelor,Finance,2,16,7,3,3,93,20,68162.95,4,5,Yes,5,1,0
1526,48,Male,Bachelor,Operations,1,2,2,1,3,118,3,37404.45,4,3,No,3,0,0
1527,28,Female,PhD,Marketing,1,7,5,4,2,53,8,40279.17,4,2,Yes,5,0,1
1528,21,Male,Master,Marketing,1,21,21,7,4,89,6,53341.82,5,3,No,4,0,1
1529,23,Male,Master,Marketing,1,12,8,2,4,11,9,47866.31,5,3,Yes,4,3,1
1530,33,Female,Master,Sales,1,15,7,1,2,87,12,50978.49,4,4,No,4,1,1
1531,48,Female,Bachelor,Marketing,3,20,1,6,3,104,7,78415.58,4,4,Yes,3,1,0
1532,45,Female,Bachelor,Engineering,2,9,5,0,3,18,19,56497.8,3,4,No,5,1,0
1533,53,Male,Bachelor,Operations,2,17,0,12,3,107,9,66499.04,1,3,Yes,2,0,0
1534,58,Female,PhD,Engineering,3,2,0,0,4,79,9,58405.3,1,3,No,3,1,0
1535,26,Male,Master,Operations,5,11,8,2,2,25,7,95800.77,1,1,No,2,1,0
1536,52,Female,High School,Engineering,1,15,3,12,3,22,19,49228.55,5,4,No,2,1,0
1537,41,Female,Master,HR,2,17,3,2,1,120,14,56308.05,2,4,No,3,0,0
1538,36,Male,Bachelor,Sales,1,16,8,14,3,32,0,47066.79,2,5,No,3,3,0
1539,41,Male,Bachelor,Finance,2,6,2,4,3,105,14,51232.08,3,3,No,4,0,0
1540,31,Male,Bachelor,Marketing,4,18,4,18,5,56,16,95881.57,3,5,No,4,0,0
1541,57,Male,Master,Marketing,3,22,0,3,4,29,12,82610.02,5,3,No,5,1,1
1542,56,Male,Master,HR,3,22,21,12,2,22,11,81883.96,2,3,No,3,1,0
1543,55,Male,Bachelor,Sales,2,7,2,4,4,73,2,53352.11,5,3,Yes,3,1,0
1544,39,Female,High School,Operations,3,16,0,14,4,35,18,73350.61,3,2,No,3,1,1
1545,40,Male,Bachelor,Marketing,1,20,9,18,3,94,4,50268.48,5,5,Yes,4,1,0
1546,38,Female,Master,Marketing,2,25,21,15,1,106,2,70194.36,4,4,No,3,0,0
1547,34,Male,Bachelor,Marketing,2,24,11,6,2,85,20,76102.44,4,1,No,4,2,1
1548,35,Female,Bachelor,Marketing,2,6,1,2,3,42,4,49127.53,3,3,No,3,0,0
1549,51,Female,Bachelor,Engineering,1,0,0,0,4,106,8,34654.29,4,3,Yes,3,0,0
1550,21,Male,Bachelor,Marketing,4,7,1,5,3,117,5,83004.75,4,2,No,2,0,1
1551,23,Male,Bachelor,Finance,1,18,15,1,5,101,15,56893.9,1,4,No,5,1,0
1552,36,Female,Master,Operations,1,19,7,17,4,110,9,51217.84,1,4,No,3,0,0
1553,43,Male,High School,Marketing,2,19,13,10,3,65,15,70754.48,5,3,Yes,5,0,0
1554,31,Female,Master,Sales,1,9,1,0,4,52,2,43361.21,3,2,Yes,5,1,1
1555,32,Male,Bachelor,Engineering,3,11,3,0,2,86,17,66302.96,5,3,No,4,0,1
1556,30,Female,Bachelor,Sales,3,23,2,15,1,117,10,87693.25,4,3,No,5,0,0
1557,52,Male,Bachelor,Sales,3,0,0,0,4,98,18,61367.84,3,4,No,1,0,0
1558,36,Female,Master,Finance,2,23,8,9,3,59,14,69028.55,2,5,No,2,1,0
1559,28,Female,PhD,Operations,3,24,17,16,3,36,10,83299.32,5,2,Yes,3,3,0
1560,58,Female,Master,Sales,4,24,18,2,4,60,9,90720.3,4,3,No,3,0,0
1561,32,Male,Bachelor,HR,2,20,6,17,5,95,8,64752.39,2,3,Yes,3,1,1
1562,44,Female,Bachelor,Operations,2,3,3,2,3,119,2,57447.61,4,1,Yes,4,2,1
1563,48,Male,Master,Marketing,4,3,1,1,3,106,8,83136.53,2,3,No,2,0,0
1564,28,Female,Master,HR,1,8,2,4,3,52,17,39747.32,5,5,No,4,2,0
1565,48,Male,Bachelor,Marketing,2,14,0,8,4,11,11,60042.57,2,4,No,3,2,0
1566,56,Female,Master,HR,1,23,15,1,3,34,20,57717.55,3,2,No,2,0,0
1567,46,Male,Bachelor,Sales,1,25,10,11,5,104,15,60302.78,2,3,No,4,0,1
1568,28,Female,Bachelor,Sales,1,14,5,10,4,66,3,45798.46,2,3,No,4,2,0
1569,48,Female,Bachelor,Sales,2,25,3,16,4,97,0,74101.76,4,2,No,4,0,0
1570,48,Female,Bachelor,Engineering,3,6,1,2,5,37,12,69303.96,4,4,No,5,0,1
1571,57,Male,Bachelor,Operations,1,11,6,5,5,23,7,50301.25,4,4,No,4,1,1
1572,56,Male,Bachelor,Marketing,4,2,2,2,2,101,5,77809.86,4,3,Yes,4,0,0
1573,47,Female,High School,Engineering,2,19,4,12,2,80,7,66424.93,3,5,No,3,2,0
1574,37,Male,High School,HR,5,8,5,6,4,39,18,96162.22,4,4,No,3,0,1
1575,29,Male,Bachelor,Engineering,5,13,5,5,5,64,11,98876.27,5,3,No,4,0,0
1576,53,Female,Master,Marketing,3,12,8,10,4,56,0,65864.5,3,3,No,4,1,1
1577,40,Female,Bachelor,Marketing,5,23,1,6,3,71,3,99792.63,3,2,Yes,4,2,0
1578,33,Male,High School,Engineering,3,11,11,4,4,117,12,72134.3,4,4,No,4,2,0
1579,48,Female,High School,Sales,4,0,0,0,3,78,16,78143.27,3,4,Yes,4,1,0
1580,49,Female,Master,Finance,1,18,8,0,5,113,18,54984.18,3,5,No,1,3,1
1581,33,Male,Bachelor,Finance,2,15,11,13,3,44,18,64853.26,4,5,No,3,1,0
1582,55,Female,Bachelor,Engineering,3,11,3,2,5,88,4,66663.64,5,4,Yes,4,1,1
1583,26,Male,High School,Finance,2,9,5,2,3,71,10,57369.37,4,3,No,4,0,1
1584,38,Male,Master,Finance,4,1,0,0,5,115,6,78468.43,4,4,No,1,2,1
1585,25,Male,Bachelor,Engineering,4,17,16,14,3,95,2,90083.25,2,4,No,5,1,0
1586,45,Male,Bachelor,Engineering,1,12,4,12,4,113,10,48218.57,4,2,Yes,5,0,0
1587,22,Female,High School,Engineering,4,23,19,2,5,12,16,96076.5,4,3,No,4,0,0
1588,30,Male,Bachelor,Operations,1,5,4,2,4,109,10,42406.17,3,2,No,2,2,1
1589,50,Male,Master,Operations,2,11,9,4,4,78,14,63598.15,2,3,Yes,3,2,0
1590,25,Male,Master,Operations,2,21,14,19,2,5,18,68803.15,4,4,Yes,3,0,0
1591,53,Female,Bachelor,Marketing,1,3,2,3,3,96,7,39577.01,5,3,No,4,1,1
1592,21,Female,Master,Finance,2,0,0,0,5,70,15,44810.55,4,4,Yes,2,2,1
1593,38,Male,High School,Finance,2,10,1,6,3,96,20,62857.57,2,3,No,3,0,1
1594,52,Male,Bachelor,Operations,1,22,17,0,4,46,14,53038.32,2,5,No,4,0,1
1595,31,Female,Master,Engineering,3,7,1,6,4,92,2,68249.91,3,4,No,5,1,1
1596,41,Male,Bachelor,HR,3,1,0,0,3,101,5,65103.82,1,5,No,4,0,1
1597,46,Male,Master,Finance,2,1,0,1,3,100,2,57057.34,5,3,No,5,0,0
1598,45,Male,Bachelor,Finance,1,15,12,7,3,43,4,51406.52,4,5,No,5,0,0
1599,42,Female,Bachelor,Engineering,4,0,0,0,2,31,0,78565.17,4,3,No,3,1,0
1600,47,Male,Bachelor,Finance,4,3,2,2,5,2,13,75809.55,5,4,No,4,0,0
1601,33,Male,Bachelor,Marketing,1,5,3,2,4,53,11,39258.29,2,2,No,3,0,0
1602,53,Male,Master,HR,1,20,14,19,3,83,12,66065.69,4,4,No,4,0,0
1603,54,Female,High School,Marketing,4,19,10,14,3,77,13,85227.65,2,5,Yes,2,0,0
1604,55,Male,Master,Engineering,3,13,1,12,4,91,11,84385.3,2,4,No,1,0,0
1605,21,Female,Bachelor,Operations,1,19,15,13,3,37,12,60613.47,2,4,No,5,0,0
1606,41,Male,Bachelor,HR,2,25,9,6,3,3,5,69200.79,5,3,No,5,0,0
1607,26,Male,PhD,Finance,2,14,11,0,3,78,20,64199.39,3,3,No,3,0,0
1608,48,Female,Master,Sales,3,6,4,6,5,16,14,60808.98,1,3,No,4,0,1
1609,37,Male,High School,Sales,1,6,0,4,2,36,15,44772.13,4,3,Yes,4,1,1
1610,25,Female,Master,Finance,2,17,12,3,3,87,8,65588.4,2,4,No,4,3,1
1611,51,Female,High School,Engineering,1,22,5,11,5,101,7,60265.9,1,5,Yes,2,1,1
1612,25,Female,High School,HR,5,1,1,0,1,105,4,84284.09,4,5,Yes,4,1,0
1613,58,Male,Bachelor,Sales,3,19,10,1,5,104,14,78736.1,2,3,Yes,3,3,1
1614,23,Female,PhD,Marketing,3,14,2,0,3,35,6,75505.1,5,3,No,1,0,0
1615,43,Male,Bachelor,Marketing,3,0,0,0,2,57,16,59046.15,4,4,No,4,1,0
1616,57,Female,Master,Sales,2,20,10,0,1,40,15,72624.38,2,4,No,5,1,1
1617,57,Female,Bachelor,Finance,4,16,9,13,2,7,10,87920.55,3,1,No,5,0,0
1618,30,Female,Master,Marketing,1,19,14,0,2,66,6,55477.5,4,4,No,4,1,1
1619,30,Male,Bachelor,Finance,4,24,12,2,1,29,10,91268.89,3,3,No,3,1,0
1620,39,Male,Master,Engineering,1,12,6,10,3,85,1,41194.63,4,3,No,4,2,1
1621,37,Male,Bachelor,Finance,2,11,7,6,1,51,1,53514.64,4,4,Yes,5,2,0
1622,41,Female,Master,Engineering,2,23,4,8,4,96,5,72085.26,4,5,No,3,0,0
1623,34,Male,PhD,Engineering,3,21,1,21,4,24,2,76738.84,4,4,No,5,0,0
1624,29,Male,Master,Engineering,4,14,14,2,5,51,0,88515.51,5,1,Yes,2,0,0
1625,21,Female,Bachelor,Finance,2,23,12,0,3,58,19,76318.97,2,3,No,4,0,1
1626,33,Female,Master,Sales,2,4,2,2,5,29,15,55683.91,2,3,No,2,1,1
1627,24,Male,High School,Operations,5,6,0,1,1,100,13,92105.24,4,5,No,4,0,1
1628,21,Female,Master,Engineering,1,7,6,1,2,66,16,45922.73,3,3,No,2,3,0
1629,52,Male,Master,Engineering,4,22,5,20,3,3,17,97216.09,4,5,No,3,0,0
1630,54,Male,High School,HR,3,13,7,7,4,92,3,73946.88,4,5,No,4,0,0
1631,48,Male,Bachelor,Engineering,2,3,3,0,5,56,2,54354.78,3,4,Yes,4,2,1
1632,51,Male,Bachelor,HR,1,20,13,16,4,62,7,52738.34,2,2,No,5,1,1
1633,28,Male,Bachelor,Engineering,2,13,4,2,3,31,3,56795.15,4,1,Yes,3,1,0
1634,46,Female,Bachelor,Sales,1,9,0,4,4,86,14,43076.83,5,4,Yes,5,1,1
1635,54,Male,Bachelor,Engineering,1,21,21,20,2,119,12,54594.57,1,4,Yes,1,0,0
1636,23,Male,Bachelor,Engineering,1,15,6,13,3,82,13,49031.34,4,5,No,4,1,1
1637,32,Female,Bachelor,Sales,2,10,8,9,3,78,13,62586.57,3,3,No,5,1,0
1638,21,Male,Bachelor,Marketing,3,21,15,20,2,50,4,69036.95,3,4,Yes,4,0,0
1639,25,Male,Bachelor,Finance,4,24,17,6,1,62,4,93745.07,2,3,Yes,5,0,0
1640,50,Female,Master,Finance,1,25,12,7,4,79,12,62473.12,2,3,No,4,2,1
1641,50,Female,High School,HR,2,13,1,13,3,86,3,63527.05,4,4,No,3,0,0
1642,37,Female,Master,Finance,2,13,9,7,3,103,17,57424.27,4,3,No,4,1,1
1643,43,Female,Bachelor,Operations,2,1,0,0,3,109,5,56854.87,5,3,Yes,5,1,1
1644,35,Female,Bachelor,Sales,4,21,20,12,5,100,4,86364.99,3,3,Yes,5,0,0
1645,57,Male,Master,Sales,2,12,1,2,3,0,2,58400.13,5,3,Yes,4,0,0
1646,41,Female,Bachelor,Sales,4,2,2,2,2,18,19,73560.69,4,3,No,3,2,0
1647,34,Male,Bachelor,Sales,2,17,1,1,3,100,2,63020.6,2,3,No,3,1,0
1648,22,Female,High School,Sales,3,21,3,16,4,34,2,85338.8,2,3,No,4,0,0
1649,31,Male,Bachelor,Finance,2,3,2,1,1,62,19,51763.85,4,5,No,3,1,0
1650,58,Female,Bachelor,HR,4,20,2,8,3,93,1,92279.1,5,5,No,3,1,0
1651,54,Male,High School,Operations,4,20,8,18,3,80,19,94517.27,4,4,No,5,0,0
1652,58,Female,Bachelor,Engineering,3,18,9,4,3,102,17,74641.67,4,3,Yes,4,1,0
1653,54,Male,High School,Engineering,4,15,11,8,3,112,9,85881.08,2,2,Yes,4,1,0
1654,38,Female,Bachelor,Operations,1,3,1,1,4,25,20,46404.27,2,4,No,2,0,1
1655,50,Female,High School,Marketing,4,18,6,6,5,12,6,90712.97,1,2,No,4,1,1
1656,35,Male,High School,HR,1,22,14,3,5,117,19,52420.09,2,3,Yes,4,2,1
1657,47,Female,Bachelor,Finance,1,14,10,10,4,85,13,46174.57,4,3,No,3,0,0
1658,54,Female,PhD,Marketing,1,0,0,0,3,109,9,40567.73,5,3,Yes,4,0,1
1659,58,Female,High School,HR,5,15,13,1,4,22,19,93982.1,3,5,No,2,1,0
1660,53,Male,Bachelor,Engineering,4,14,2,1,4,107,15,83708.04,4,5,No,3,0,1
1661,44,Male,High School,Marketing,4,15,9,3,4,106,5,87313.21,2,5,Yes,5,2,1
1662,35,Male,Master,HR,4,21,19,16,2,96,16,91954.49,3,5,Yes,3,1,0
1663,50,Male,High School,Sales,2,19,13,3,1,90,5,72032.87,3,4,No,5,2,0
1664,37,Female,PhD,HR,4,0,0,0,5,34,17,63197.53,2,3,No,4,1,1
1665,25,Male,Bachelor,Engineering,5,16,3,15,5,11,9,101327.79,2,2,Yes,4,0,0
1666,49,Female,High School,Operations,2,4,0,4,4,8,9,51469.67,3,4,No,3,1,1
1667,24,Male,Master,Sales,1,4,2,0,5,97,8,45868.03,3,3,Yes,4,1,0
1668,30,Male,Bachelor,Operations,3,25,2,1,4,77,14,82557.49,3,5,Yes,4,2,1
1669,37,Female,Bachelor,HR,5,6,6,1,3,100,10,89573.4,4,3,No,4,2,1
1670,30,Female,Master,Engineering,4,12,0,3,3,66,6,83783.69,3,4,No,3,1,1
1671,37,Male,Master,Sales,4,11,6,3,4,107,17,80255.44,5,4,No,4,0,0
1672,40,Male,Bachelor,Marketing,5,3,1,3,3,43,1,85336.35,5,3,Yes,5,1,0
1673,44,Male,Bachelor,Operations,4,24,10,16,5,60,1,94004.18,5,4,No,3,0,0
1674,25,Male,Master,Engineering,3,3,1,3,3,20,12,70279.89,4,4,No,5,0,1
1675,54,Male,Master,Engineering,3,22,13,20,4,6,10,78834.6,4,4,No,3,0,0
1676,26,Male,Master,Finance,1,20,13,18,4,96,18,52250.01,2,4,No,1,0,0
1677,22,Male,Master,Marketing,3,20,5,2,2,98,19,77399.41,4,3,No,3,2,0
1678,33,Female,Bachelor,Sales,2,5,4,5,2,10,0,53513.58,3,5,No,2,0,0
1679,31,Male,PhD,Finance,4,23,8,4,4,44,16,100869.78,2,3,No,3,1,0
1680,43,Male,High School,Finance,2,14,5,9,3,31,19,58544.86,1,5,No,2,1,0
1681,36,Male,Bachelor,Engineering,1,20,2,5,4,85,17,64996.37,3,5,No,3,2,0
1682,51,Female,Bachelor,HR,1,18,16,2,2,118,7,55009.2,3,2,Yes,2,1,1
1683,31,Female,Bachelor,Engineering,3,5,3,0,3,105,12,61498.7,5,5,No,1,1,1
1684,36,Male,High School,Marketing,2,11,11,9,2,82,3,56710.98,3,5,Yes,3,0,0
1685,28,Female,Master,Finance,2,13,3,7,3,35,18,52954.2,5,4,No,5,2,1
1686,24,Male,Bachelor,HR,1,17,15,11,2,117,2,52726.73,3,4,No,5,0,0
1687,24,Male,Bachelor,Engineering,2,11,7,0,5,36,5,63106.14,4,5,No,5,0,1
1688,45,Male,Master,Engineering,1,23,9,17,3,74,5,57824.36,4,1,Yes,1,3,0
1689,23,Male,Bachelor,Marketing,2,23,6,18,5,40,5,72911.23,4,5,Yes,1,2,1
1690,52,Female,High School,HR,2,14,9,5,5,76,7,63313.95,3,4,No,1,0,0
1691,23,Female,Bachelor,HR,2,18,6,3,5,91,16,70040.54,4,4,No,3,1,0
1692,47,Male,PhD,HR,2,7,6,6,3,48,9,51381.05,3,3,No,5,0,0
1693,49,Female,High School,Engineering,1,8,1,8,4,14,4,47731.53,4,3,No,5,1,1
1694,52,Female,Bachelor,Engineering,4,4,0,3,2,12,18,84147.1,4,5,No,3,1,0
1695,39,Male,Bachelor,Sales,2,4,1,1,2,52,10,62861.2,3,3,Yes,3,0,0
1696,41,Male,Bachelor,Sales,1,5,0,4,5,106,9,47181.3,3,3,No,5,2,1
1697,25,Male,High School,Marketing,1,22,10,18,1,32,2,57485.89,1,4,Yes,4,0,0
1698,38,Male,Bachelor,Engineering,2,2,0,0,5,71,9,46938.91,5,3,Yes,2,3,1
1699,48,Male,Bachelor,Sales,1,4,0,4,4,118,1,37333.51,4,3,No,2,2,1
1700,42,Male,PhD,Marketing,1,0,0,0,3,31,8,36307.3,2,2,No,4,0,1
1701,41,Male,Bachelor,Sales,3,10,3,0,2,100,4,77439.69,3,3,No,2,1,0
1702,26,Female,Bachelor,Finance,3,25,3,17,4,117,20,81378.52,3,3,Yes,5,0,1
1703,21,Female,Bachelor,Engineering,2,20,13,2,4,47,16,67718.39,3,3,No,3,0,0
1704,25,Female,Bachelor,Sales,3,19,8,16,4,67,5,81863.06,4,4,Yes,3,2,0
1705,32,Male,Master,Engineering,1,0,0,0,3,56,10,23857.34,4,4,No,3,0,0
1706,46,Female,Bachelor,Sales,5,6,4,5,2,61,4,86146.35,4,3,No,1,0,0
1707,54,Female,Bachelor,Marketing,1,14,11,4,3,114,6,57412.68,5,2,No,4,2,0
1708,34,Female,Master,HR,3,16,15,5,3,81,6,79571.61,4,4,No,3,0,0
1709,46,Male,Bachelor,Sales,1,7,0,4,1,86,3,47498.58,4,3,Yes,3,1,0
1710,47,Female,Bachelor,Engineering,4,25,2,16,1,92,20,91742.02,4,3,No,4,1,0
1711,29,Male,Bachelor,Engineering,2,1,0,0,3,1,9,55706.01,4,2,No,2,1,0
1712,46,Male,Bachelor,Sales,1,25,7,16,4,76,17,56232.23,5,3,No,3,2,0
1713,42,Male,High School,Engineering,3,12,1,10,4,15,0,72166.19,4,4,No,2,0,0
1714,50,Female,High School,HR,1,11,5,0,3,117,13,49678.77,2,4,No,1,1,0
1715,37,Male,Bachelor,Marketing,3,4,2,4,4,7,5,67931.55,5,2,No,4,2,0
1716,46,Female,Master,Engineering,3,12,3,3,4,18,10,73774.19,4,3,No,3,2,0
1717,56,Female,Bachelor,Marketing,1,5,4,2,3,31,13,40696.28,2,5,No,4,1,1
1718,21,Male,Bachelor,Operations,2,24,5,13,3,66,19,63209.66,4,3,No,4,1,0
1719,28,Female,High School,Engineering,1,14,12,12,3,114,2,49929.41,3,3,No,4,1,1
1720,55,Male,Bachelor,Marketing,3,22,4,12,2,112,15,72126.02,5,5,No,5,2,0
1721,35,Female,High School,Marketing,2,21,11,7,3,31,15,70170.32,5,3,No,3,1,0
1722,42,Male,Master,Engineering,2,20,8,20,3,104,6,63085.36,3,4,No,4,0,0
1723,34,Male,Master,Operations,5,21,8,19,4,84,7,103261.88,5,2,Yes,5,0,0
1724,46,Female,PhD,Engineering,1,10,0,1,5,24,3,43953.87,4,2,No,5,1,1
1725,48,Female,Master,Engineering,5,3,2,2,3,52,11,89964.05,4,4,No,4,1,0
1726,43,Female,Bachelor,Marketing,3,0,0,0,4,118,11,57839.59,3,3,No,2,1,0
1727,34,Female,Bachelor,Engineering,1,14,0,4,4,80,9,50624.85,2,1,No,2,1,0
1728,44,Female,Bachelor,Engineering,2,11,5,2,3,24,11,59638.19,3,5,No,3,0,0
1729,22,Female,Bachelor,Sales,3,8,2,8,5,32,10,68463.08,2,2,No,5,0,1
1730,46,Female,Master,Marketing,2,10,0,8,2,30,10,59570.7,4,4,Yes,4,1,0
1731,34,Female,High School,Marketing,1,4,4,2,5,35,14,35790.05,5,3,Yes,4,0,1
1732,27,Male,Master,Finance,1,23,11,9,2,86,5,53036.44,5,5,No,4,3,1
1733,23,Female,Bachelor,Operations,3,6,3,5,3,110,10,72133.9,2,5,No,3,0,0
1734,43,Male,Master,Engineering,3,7,7,7,4,107,1,61140.51,3,3,Yes,3,1,1
1735,38,Female,PhD,Engineering,2,0,0,0,5,88,8,57665.39,5,4,No,5,0,1
1736,58,Female,Master,Finance,1,24,1,7,3,48,10,58048.95,3,4,Yes,4,0,0
1737,55,Female,Master,Marketing,4,0,0,0,4,43,15,69598.08,5,2,Yes,4,0,0
1738,35,Female,Bachelor,Engineering,5,2,0,0,4,47,12,90244.59,4,4,No,3,1,1
1739,45,Female,Master,Sales,1,7,7,3,2,29,12,41051.07,4,5,No,4,1,0
1740,57,Male,PhD,Marketing,1,10,7,2,3,12,17,47352.79,2,2,No,1,0,1
1741,48,Female,Master,Operations,4,0,0,0,3,42,20,77972.33,1,4,Yes,3,0,0
1742,30,Male,Bachelor,Finance,4,13,11,1,3,110,0,87553.02,3,2,No,3,1,0
1743,37,Male,Bachelor,Engineering,3,0,0,0,4,92,19,62705.97,3,4,No,3,1,1
1744,42,Male,Master,Operations,5,5,1,3,5,15,9,92118.53,4,3,No,3,0,0
1745,46,Male,Bachelor,Operations,3,20,19,1,4,101,18,79160.3,3,3,No,3,2,1
1746,45,Male,Master,HR,1,5,3,3,5,90,16,44744.38,4,3,No,4,0,1
1747,37,Female,Bachelor,Marketing,3,2,1,2,2,25,0,58508.89,5,3,Yes,5,2,1
1748,33,Male,High School,Marketing,3,9,3,7,1,74,0,74936.46,3,4,Yes,2,0,0
1749,40,Male,Bachelor,Operations,5,11,10,0,5,46,16,94275.17,4,3,Yes,3,1,1
1750,45,Male,Bachelor,Marketing,1,9,5,3,5,36,14,45808.73,5,3,No,4,0,1
1751,24,Male,High School,Finance,2,21,3,20,2,2,1,66645.8,3,3,No,5,1,0
1752,30,Female,High School,Finance,3,1,0,1,3,25,10,64324.44,2,3,No,4,1,0
1753,23,Male,Bachelor,HR,2,23,8,9,4,97,20,73916.49,4,4,No,4,0,0
1754,38,Male,High School,Finance,2,21,2,19,2,96,1,63931.72,4,1,No,2,0,0
1755,56,Male,Bachelor,Marketing,4,12,6,7,3,14,19,83522.87,4,4,Yes,5,0,1
1756,42,Male,Master,Operations,2,15,11,1,4,65,8,63179.42,3,3,Yes,5,1,1
1757,54,Male,PhD,HR,3,12,4,8,5,27,18,73545.29,3,4,No,4,2,0
1758,28,Male,Master,Finance,4,3,2,1,4,83,1,74533.76,3,3,No,5,0,1
1759,39,Female,PhD,Engineering,1,3,3,1,4,37,15,37972.17,2,4,No,1,1,1
1760,57,Female,Master,Finance,5,10,8,1,3,43,19,97544.41,4,3,Yes,3,0,0
1761,26,Male,Bachelor,Finance,3,22,1,11,4,52,8,82834.55,4,2,Yes,3,0,0
1762,46,Female,Master,Sales,2,13,2,9,2,79,19,61561.86,4,4,No,3,0,0
1763,54,Male,Master,HR,2,2,1,2,5,109,20,55797.62,3,4,Yes,5,0,1
1764,26,Male,Bachelor,Sales,5,18,11,9,3,3,3,95849.09,3,3,Yes,4,0,0
1765,57,Female,High School,Sales,1,21,15,10,4,71,12,59093.81,4,5,No,4,2,0
1766,53,Male,Master,Marketing,2,24,4,13,5,43,14,72094.51,4,4,Yes,3,3,0
1767,42,Female,High School,Engineering,2,0,0,0,1,118,19,43180.32,5,3,No,4,2,1
1768,41,Male,Bachelor,Engineering,1,4,1,1,5,45,1,45265.31,3,3,No,2,3,0
1769,26,Male,Bachelor,Sales,2,16,14,14,3,83,19,65759.45,4,3,No,2,1,0
1770,26,Male,Bachelor,Sales,5,0,0,0,3,25,17,87893.37,4,3,No,4,0,0
1771,24,Female,Bachelor,Marketing,4,18,13,9,2,95,8,87985.38,5,3,No,1,1,0
1772,50,Female,High School,HR,2,18,13,3,5,12,19,68250.36,5,3,No,5,1,1
1773,31,Female,Bachelor,Operations,2,3,2,2,5,68,0,48776.24,5,1,No,3,1,0
1774,50,Male,Bachelor,Engineering,3,18,12,10,1,43,2,71818.33,5,3,Yes,4,1,0
1775,51,Male,Master,Engineering,1,5,5,5,2,105,16,41447.78,4,3,No,5,1,1
1776,44,Male,Master,Engineering,4,14,7,5,5,52,10,88300.04,1,3,Yes,3,1,1
1777,29,Male,Bachelor,Marketing,4,3,3,2,2,50,7,79759.7,4,2,No,3,0,0
1778,23,Female,Master,Finance,4,23,16,4,4,12,20,94302.76,3,4,No,3,1,1
1779,51,Male,Bachelor,Operations,2,0,0,0,4,40,11,49294.13,2,3,Yes,3,0,0
1780,57,Female,Bachelor,Finance,2,23,16,1,5,10,10,73757.28,4,4,Yes,4,0,0
1781,56,Female,Bachelor,HR,1,16,2,11,4,36,12,50064.25,4,5,Yes,5,2,1
1782,44,Male,Bachelor,Marketing,2,10,0,4,3,59,14,55751.5,4,2,No,5,1,1
1783,51,Female,Bachelor,Operations,2,16,16,4,5,31,19,69872.96,3,3,No,4,2,0
1784,26,Male,High School,Engineering,4,22,15,6,3,44,16,91688.95,4,4,No,4,1,0
1785,22,Male,Master,Engineering,4,0,0,0,3,105,11,76666.46,5,3,Yes,5,0,1
1786,40,Male,Master,Finance,5,8,0,3,2,17,18,97638.52,4,1,Yes,4,2,1
1787,48,Female,Bachelor,HR,4,13,8,13,5,92,19,85540.02,4,2,Yes,5,0,1
1788,31,Male,High School,Operations,1,14,1,10,4,78,10,50655.41,4,3,No,4,2,0
1789,24,Male,Bachelor,HR,3,23,13,21,1,19,9,88891.22,5,3,No,5,1,0
1790,35,Male,Bachelor,Sales,1,0,0,0,4,43,16,31768.11,3,5,No,5,2,1
1791,26,Male,Master,Operations,1,1,0,0,3,35,12,32600.27,2,3,No,5,2,1
1792,50,Female,Bachelor,Marketing,2,17,0,3,5,68,15,67562.15,3,4,Yes,3,0,1
1793,58,Female,Master,Sales,3,17,16,8,3,103,19,74664.98,3,3,No,3,2,0
1794,22,Male,Master,Operations,3,5,2,1,4,36,19,68945.98,3,3,No,4,1,0
1795,35,Male,Bachelor,Engineering,1,19,9,11,4,32,16,53874.29,4,2,No,2,0,0
1796,31,Female,PhD,Engineering,1,7,5,7,1,81,4,46631.09,3,5,Yes,3,2,0
1797,28,Male,Bachelor,Operations,1,0,0,0,5,18,8,33474.16,2,2,No,5,2,1
1798,46,Female,Bachelor,HR,1,14,6,0,2,50,3,52052.49,2,2,No,4,0,0
1799,25,Male,Bachelor,Sales,1,9,8,7,4,31,8,43096.14,5,3,Yes,3,2,1
1800,26,Male,High School,Engineering,3,3,1,0,4,105,15,66580.92,4,1,No,4,1,1
1801,46,Male,High School,Marketing,4,9,4,3,4,21,6,90558.39,3,2,Yes,3,0,0
1802,24,Male,Bachelor,Sales,2,10,1,2,2,104,13,54782.03,3,4,No,4,1,1
1803,39,Female,Master,Finance,3,4,1,3,5,0,13,63183.65,3,3,No,5,1,0
1804,40,Male,Master,Finance,1,8,7,6,3,53,6,43689.03,4,3,No,4,1,1
1805,53,Female,Master,Engineering,5,4,0,4,4,88,15,89891.0,4,4,Yes,2,1,0
1806,40,Female,High School,Finance,2,10,7,8,4,19,17,48834.6,5,4,No,3,2,1
1807,32,Male,Master,Operations,4,2,2,0,5,57,5,74932.96,4,3,Yes,3,2,1
1808,21,Female,Bachelor,HR,5,3,1,1,4,34,6,86826.07,5,4,Yes,1,0,0
1809,46,Male,Master,Engineering,4,9,6,0,3,108,18,80254.23,1,2,No,4,0,0
1810,34,Male,Master,Engineering,1,6,6,6,4,69,7,43578.14,5,4,Yes,3,0,0
1811,58,Female,Master,Finance,3,0,0,0,2,69,0,62416.29,4,3,No,3,1,0
1812,57,Male,Bachelor,Operations,1,5,4,1,1,60,16,42854.33,2,4,Yes,3,3,1
1813,31,Female,Master,Engineering,1,7,2,0,5,113,18,38991.82,3,4,No,2,0,1
1814,56,Male,Bachelor,Engineering,1,16,6,8,4,62,6,50398.43,4,3,Yes,5,0,1
1815,33,Female,PhD,Engineering,4,23,22,3,2,100,17,92530.52,2,3,No,2,3,0
1816,23,Female,Bachelor,Finance,4,6,6,3,4,112,5,80509.17,4,3,No,3,1,1
1817,53,Female,High School,Engineering,1,0,0,0,2,60,20,33135.64,4,3,Yes,1,0,0
1818,26,Female,High School,Marketing,2,8,1,2,1,120,5,56973.48,3,4,No,3,0,0
1819,30,Female,Master,Engineering,5,10,2,8,2,56,0,100435.43,2,3,No,3,3,0
1820,25,Female,Bachelor,Marketing,2,18,18,11,4,2,9,54556.55,5,1,No,4,1,0
1821,43,Female,Bachelor,HR,2,1,1,1,4,100,7,49220.36,3,4,No,4,1,0
1822,30,Male,PhD,Finance,2,22,14,0,4,94,6,60860.67,2,5,No,1,1,0
1823,22,Male,Master,Sales,3,10,0,0,3,98,8,70001.1,3,3,No,2,1,0
1824,33,Male,Bachelor,Marketing,2,2,2,0,4,118,0,54141.85,5,4,No,5,1,1
1825,22,Female,Bachelor,Sales,3,16,11,13,3,44,10,73356.35,4,3,No,4,0,0
1826,40,Male,Master,Sales,2,9,6,6,3,14,2,60804.24,3,4,Yes,3,1,1
1827,21,Male,Master,HR,1,2,2,1,5,16,17,44243.36,3,5,Yes,3,2,1
1828,57,Male,Bachelor,Marketing,2,21,10,14,3,14,5,69507.1,3,4,No,3,2,0
1829,29,Female,Bachelor,Sales,1,2,0,2,4,4,10,36740.11,1,5,Yes,4,1,0
1830,37,Female,Bachelor,Sales,2,20,10,13,5,85,4,69144.02,4,1,No,5,1,1
1831,29,Male,Master,Marketing,1,24,16,12,3,45,19,65323.56,2,2,No,4,0,1
1832,31,Male,Bachelor,Marketing,4,6,2,6,4,10,3,73075.44,4,3,No,1,0,0
1833,35,Female,Bachelor,Engineering,2,1,1,0,4,63,7,54332.62,4,4,Yes,4,2,0
1834,44,Male,High School,Finance,3,0,0,0,3,91,9,55844.33,1,4,No,5,0,0
1835,58,Male,Master,Engineering,5,6,4,2,4,13,2,84329.7,5,2,Yes,3,0,0
1836,55,Female,Bachelor,Finance,4,19,1,8,4,38,12,85165.92,3,2,No,5,1,0
1837,50,Female,Bachelor,Operations,5,10,6,0,3,66,16,93842.45,2,4,No,4,1,1
1838,51,Male,Bachelor,Sales,2,22,6,17,1,54,4,73851.97,5,3,No,3,1,0
1839,25,Female,Master,Marketing,1,5,3,4,5,115,7,33455.71,2,4,Yes,2,1,0
1840,34,Female,Bachelor,HR,5,22,9,18,4,41,18,108758.16,1,4,No,3,1,0
1841,31,Male,Master,Finance,4,3,0,0,2,74,17,75087.58,3,3,No,4,0,1
1842,29,Female,Bachelor,Finance,4,18,14,11,3,93,0,84788.45,2,2,No,4,3,0
1843,54,Female,PhD,Operations,3,20,11,20,4,101,3,81366.3,5,5,No,4,2,0
1844,32,Female,High School,Sales,3,18,9,7,2,4,17,75300.67,1,2,Yes,3,0,0
1845,55,Female,High School,Sales,1,13,5,7,1,51,13,57735.61,2,2,No,5,1,0
1846,55,Male,Bachelor,Sales,3,2,0,2,4,21,10,64793.85,5,3,No,3,0,0
1847,21,Male,Master,Operations,1,3,3,2,4,76,8,39923.82,3,3,No,3,1,1
1848,42,Male,Bachelor,Marketing,1,7,3,0,3,43,12,45892.88,5,3,Yes,2,1,0
1849,49,Male,Master,Finance,2,17,10,9,2,114,16,69674.09,3,4,No,3,0,0
1850,28,Male,Master,Sales,2,3,3,2,3,114,14,57463.32,2,5,No,5,0,1
1851,31,Female,Bachelor,Operations,1,10,1,3,3,84,1,49712.15,1,2,No,3,1,1
1852,57,Female,PhD,Marketing,4,15,0,0,3,58,5,92007.2,3,4,No,3,3,0
1853,34,Female,Bachelor,Finance,4,2,2,2,3,100,6,79613.06,3,1,No,4,0,0
1854,50,Female,Master,Engineering,3,6,5,5,2,24,1,70037.16,1,2,No,4,1,0
1855,55,Female,Bachelor,Sales,2,1,0,0,3,115,12,48322.73,4,3,No,3,0,1
1856,41,Male,Bachelor,Finance,5,0,0,0,5,20,9,90028.95,3,5,No,3,0,1
1857,57,Male,Master,Marketing,1,25,12,18,3,91,15,57785.44,3,5,Yes,2,1,1
1858,25,Male,Bachelor,Sales,3,0,0,0,3,63,8,62054.28,3,2,Yes,5,1,0
1859,39,Female,High School,Finance,1,5,4,2,3,104,7,39995.37,4,3,Yes,4,1,0
1860,34,Male,Bachelor,Engineering,2,18,7,3,3,67,14,67895.93,3,5,No,5,1,1
1861,46,Female,Bachelor,Marketing,2,6,2,1,4,92,6,59518.25,2,2,Yes,3,2,1
1862,24,Male,Master,HR,3,23,14,6,3,46,18,80072.54,5,4,Yes,4,1,0
1863,45,Female,Bachelor,Sales,1,4,4,3,4,34,3,34953.08,3,1,Yes,4,2,0
1864,45,Female,Master,HR,1,20,17,12,2,86,8,59042.15,2,4,Yes,3,0,0
1865,38,Female,Bachelor,Engineering,2,17,17,11,5,6,18,68442.4,3,3,Yes,4,2,1
1866,28,Female,Bachelor,Sales,2,23,16,1,2,55,1,75957.86,3,3,Yes,4,0,0
1867,34,Female,Master,Marketing,3,25,21,21,1,115,6,87075.57,4,4,No,3,0,0
1868,52,Female,Bachelor,Sales,2,12,12,8,2,51,18,63467.88,1,2,Yes,4,0,0
1869,58,Female,PhD,Engineering,2,0,0,0,2,109,5,46130.32,3,3,Yes,4,1,1
1870,53,Female,Master,Sales,1,9,2,7,3,45,14,48048.12,3,3,No,5,0,0
1871,43,Female,Bachelor,Sales,1,8,4,7,3,8,6,52787.31,5,2,No,5,0,0
1872,35,Male,High School,Engineering,2,16,6,3,4,57,5,61188.03,2,2,Yes,4,1,1
1873,53,Male,Bachelor,Sales,3,0,0,0,2,22,0,56128.07,4,2,Yes,3,1,0
1874,45,Female,Bachelor,Finance,1,0,0,0,3,2,13,37562.25,3,3,Yes,4,1,0
1875,37,Male,Master,Sales,1,6,4,2,3,60,0,46149.76,4,5,No,3,1,1
1876,53,Male,Bachelor,Marketing,2,3,3,0,4,8,5,52566.05,4,3,Yes,2,2,0
1877,22,Female,Bachelor,Sales,1,22,3,7,1,52,17,63935.08,2,3,No,4,2,1
1878,34,Female,Bachelor,Sales,2,20,10,18,1,67,16,63558.48,3,4,No,4,0,0
1879,26,Female,High School,Engineering,2,11,1,7,3,48,1,52837.76,3,4,Yes,5,2,1
1880,26,Male,Bachelor,Operations,1,15,15,5,4,88,7,56216.0,3,3,No,5,0,1
1881,23,Male,Master,Finance,1,13,6,6,4,69,20,43068.24,3,3,No,5,1,1
1882,27,Male,Master,Marketing,4,22,4,1,1,47,1,94068.49,3,3,No,5,2,0
1883,28,Male,Master,Sales,3,9,5,0,2,81,15,74707.28,1,2,No,4,1,0
1884,35,Male,Master,Marketing,3,13,2,5,3,108,3,73565.16,1,5,No,3,2,0
1885,49,Male,Bachelor,Sales,2,6,2,3,3,6,1,51608.35,4,4,No,4,2,1
1886,53,Female,Master,Engineering,3,3,1,2,4,98,4,68789.16,3,4,No,4,3,1
1887,50,Female,High School,Finance,5,1,0,1,3,30,16,86583.13,2,3,No,4,0,1
1888,47,Male,Bachelor,Engineering,3,23,22,12,3,101,1,80816.5,4,4,No,4,3,0
1889,56,Male,Bachelor,Operations,1,17,1,14,4,55,13,58874.03,4,3,No,5,0,1
1890,49,Male,High School,Sales,2,15,15,8,3,95,19,60995.42,5,3,No,3,1,0
1891,58,Male,Master,Operations,2,8,0,2,2,98,6,53802.65,5,3,No,2,1,0
1892,53,Female,Bachelor,Finance,2,4,1,1,3,60,14,48989.04,4,5,No,4,3,1
1893,57,Male,Master,Finance,2,8,1,1,3,91,17,61064.17,2,4,No,5,0,1
1894,47,Male,Bachelor,Sales,4,24,11,17,5,107,12,96310.59,4,1,Yes,2,2,0
1895,53,Male,Bachelor,Engineering,3,7,7,5,4,4,11,65350.11,4,3,No,5,3,1
1896,24,Male,Master,Operations,1,23,2,17,2,29,1,51944.08,4,3,No,5,2,0
1897,42,Female,Bachelor,Engineering,1,19,19,10,2,21,11,59734.89,3,4,Yes,3,0,0
1898,22,Female,Bachelor,Finance,2,15,7,15,3,16,5,60608.89,4,4,No,5,2,0
1899,30,Female,High School,Operations,1,19,2,6,3,9,0,46823.25,4,3,No,1,1,1
1900,25,Male,Bachelor,Engineering,2,17,5,13,5,70,20,64649.38,3,5,No,4,0,0
1901,30,Female,Master,Finance,2,3,1,0,3,67,0,55830.71,4,5,No,3,3,0
1902,53,Female,Bachelor,Finance,2,15,2,1,5,41,14,65380.53,2,5,Yes,5,0,1
1903,58,Female,PhD,Sales,5,3,0,2,3,26,15,88024.79,4,3,Yes,4,0,0
1904,33,Male,Master,Sales,2,5,0,1,5,6,6,51732.82,4,3,No,3,0,0
1905,51,Male,Master,HR,1,2,1,1,4,22,13,36557.47,3,3,Yes,4,0,0
1906,56,Female,Master,Engineering,1,17,1,17,4,74,18,57403.9,5,3,No,3,1,0
1907,44,Female,Bachelor,Marketing,2,14,7,4,3,116,18,53788.78,5,5,Yes,4,2,0
1908,35,Male,Master,Sales,1,7,3,5,4,7,12,39503.29,3,3,No,5,3,1
1909,49,Male,Bachelor,Operations,3,17,8,9,3,7,20,75916.68,2,4,Yes,3,0,0
1910,28,Male,High School,Sales,1,23,13,14,5,100,11,49722.72,4,3,No,4,0,1
1911,25,Female,PhD,Finance,2,22,10,5,4,4,0,67928.19,3,3,No,1,0,0
1912,49,Male,Bachelor,Finance,4,2,1,0,3,70,11,69892.15,3,3,No,5,1,0
1913,24,Female,Bachelor,Sales,1,5,4,1,5,85,3,43399.17,4,2,No,2,2,0
1914,32,Male,Bachelor,Sales,2,21,1,16,5,99,14,65607.22,5,2,No,2,0,0
1915,22,Female,Bachelor,Marketing,2,25,4,0,4,1,15,69901.09,3,4,No,5,0,1
1916,47,Female,High School,Operations,3,20,6,13,3,87,14,76427.81,1,4,No,3,2,0
1917,51,Male,High School,Engineering,2,23,21,3,5,50,7,72404.89,4,3,No,4,1,0
1918,56,Female,High School,Engineering,2,14,3,14,4,65,18,61324.35,4,5,No,5,0,0
1919,56,Male,Bachelor,Engineering,3,11,1,11,4,111,14,74684.21,5,1,Yes,3,2,0
1920,46,Female,Bachelor,Sales,2,4,3,1,5,11,17,57431.83,2,3,No,3,0,1
1921,47,Female,High School,Finance,2,6,1,2,2,46,10,53251.82,4,1,No,3,2,0
1922,25,Male,Master,Marketing,1,21,0,6,2,105,8,53111.57,3,2,No,4,1,1
1923,40,Female,Bachelor,Engineering,3,14,2,13,4,54,0,71924.19,4,2,No,3,1,0
1924,31,Female,Master,Operations,4,6,6,6,2,25,8,89047.29,2,4,No,4,1,0
1925,30,Male,PhD,Sales,5,12,8,11,4,101,11,93330.08,5,5,No,3,0,0
1926,58,Female,Master,Finance,4,24,20,18,3,119,1,93901.06,4,5,No,3,1,0
1927,26,Female,Master,Engineering,3,2,2,0,2,44,10,63657.85,5,4,Yes,3,0,0
1928,28,Female,PhD,Engineering,3,25,14,17,3,61,20,85686.27,3,4,Yes,3,0,0
1929,43,Male,Bachelor,HR,3,22,6,14,3,69,13,81213.47,4,3,No,3,1,1
1930,46,Male,Master,Engineering,2,12,3,12,2,86,1,66895.77,5,3,Yes,3,0,0
1931,32,Male,Master,Marketing,2,25,20,0,1,1,14,72443.87,5,4,Yes,4,1,1
1932,46,Female,Bachelor,Marketing,2,2,1,0,3,25,20,50202.86,5,5,Yes,3,1,0
1933,33,Male,Bachelor,Engineering,2,1,1,1,4,13,20,53723.52,1,1,Yes,5,0,1
1934,38,Female,PhD,Marketing,3,22,11,2,5,81,17,77253.48,3,3,No,4,0,1
1935,45,Male,Master,Engineering,2,3,2,0,2,101,13,53856.78,2,3,Yes,2,2,0
1936,53,Female,Bachelor,Marketing,1,16,14,14,3,56,20,49916.71,3,3,No,5,0,0
1937,32,Male,Bachelor,Sales,1,5,0,3,3,31,11,46642.56,2,4,No,4,1,0
1938,56,Male,Master,Sales,4,10,1,9,3,61,9,87450.49,4,3,No,4,0,0
1939,24,Male,Bachelor,Engineering,3,5,3,5,5,114,13,64803.65,4,1,No,3,0,1
1940,25,Male,Bachelor,Finance,2,21,2,12,3,77,14,64418.45,4,3,No,3,1,0
1941,57,Female,Master,Finance,2,1,0,0,3,29,4,42451.11,4,4,No,4,2,1
1942,28,Female,Bachelor,Engineering,2,16,5,0,3,12,1,64300.84,1,3,Yes,2,1,0
1943,48,Female,Bachelor,Sales,1,2,1,1,5,39,5,30269.48,5,5,Yes,4,1,0
1944,51,Female,Master,Engineering,2,11,6,10,3,30,11,58559.83,2,3,No,4,1,0
1945,29,Female,Master,Finance,3,13,10,13,4,36,1,70456.16,3,1,Yes,1,1,0
1946,49,Female,Bachelor,Finance,2,1,0,1,3,44,3,52132.25,3,3,Yes,5,1,1
1947,34,Female,Bachelor,Sales,2,21,3,4,3,101,6,67845.44,5,2,No,2,0,0
1948,42,Female,Bachelor,Sales,1,21,14,18,4,85,15,53634.62,5,3,No,3,1,0
1949,31,Male,PhD,Marketing,2,4,2,1,1,58,0,55996.28,3,3,No,5,0,0
1950,43,Female,High School,Sales,1,9,9,2,4,27,0,40734.81,2,4,No,2,1,1
1951,21,Male,Bachelor,Sales,2,9,6,9,4,60,13,59352.3,4,3,Yes,5,1,1
1952,57,Female,Bachelor,Sales,2,20,1,12,2,18,10,75248.7,4,5,No,4,2,0
1953,41,Female,Master,Engineering,4,8,7,6,2,42,11,84062.29,4,3,No,4,0,0
1954,46,Male,Bachelor,HR,2,20,11,7,4,58,10,65378.22,1,2,Yes,4,1,1
1955,56,Male,Bachelor,Finance,2,12,2,2,3,15,5,55726.71,4,2,No,3,1,0
1956,43,Female,High School,Engineering,2,9,2,2,3,68,11,60838.64,3,5,No,4,1,1
1957,21,Female,Master,Marketing,3,5,4,1,2,43,20,60602.76,3,3,Yes,5,0,0
1958,35,Male,Bachelor,Sales,1,10,2,6,4,112,11,46024.06,3,3,Yes,2,0,0
1959,41,Female,Bachelor,Marketing,3,3,3,2,5,65,9,66598.04,5,2,No,3,1,1
1960,29,Female,Bachelor,Finance,4,25,5,8,4,9,7,91464.2,2,4,No,4,2,0
1961,29,Male,Master,Finance,1,13,1,13,3,46,19,44443.47,4,4,No,3,1,1
1962,30,Female,Bachelor,Engineering,3,16,12,5,3,18,18,70128.52,3,3,Yes,4,1,0
1963,46,Female,High School,Sales,4,19,8,14,3,83,6,96477.96,3,4,No,4,0,0
1964,55,Male,Bachelor,HR,2,1,0,0,2,92,13,56694.03,5,3,Yes,2,1,0
1965,45,Female,PhD,Finance,3,9,6,6,4,88,3,75834.47,2,2,No,4,2,1
1966,46,Female,Bachelor,Sales,2,2,1,2,4,80,0,58069.68,5,4,No,3,0,1
1967,31,Male,PhD,Operations,2,6,2,1,4,50,7,51867.86,5,5,No,3,1,0
1968,58,Male,Master,Operations,3,6,2,0,3,114,4,59149.34,4,4,No,5,0,1
1969,22,Male,High School,HR,3,0,0,0,5,12,7,67812.99,1,3,No,2,2,1
1970,27,Female,Master,Operations,5,7,5,6,5,62,7,95016.71,5,3,Yes,4,1,0
1971,38,Female,Bachelor,Sales,1,22,15,17,3,108,20,60195.11,5,5,No,4,0,1
1972,47,Female,Bachelor,Sales,2,0,0,0,3,15,6,44839.92,5,3,No,4,0,1
1973,54,Female,Bachelor,Sales,1,7,1,6,3,117,18,43688.2,5,4,No,3,1,1
1974,47,Female,Bachelor,Finance,1,13,3,2,2,52,3,49337.07,3,4,No,5,1,1
1975,37,Male,Master,Sales,2,13,11,8,5,34,19,60447.45,4,4,No,5,1,0
1976,44,Male,Bachelor,Operations,2,1,1,0,3,99,5,46498.95,3,2,No,4,1,1
1977,45,Male,Master,Sales,1,7,1,4,4,58,11,35696.33,3,1,No,3,1,0
1978,27,Male,High School,Engineering,1,18,15,12,4,38,17,50189.34,4,3,Yes,5,2,0
1979,26,Female,High School,Marketing,2,9,4,1,3,66,11,45614.14,4,5,No,5,3,1
1980,44,Female,Master,Engineering,5,6,3,2,2,72,17,88748.49,4,2,No,4,0,0
1981,53,Male,Bachelor,Engineering,3,12,1,0,5,103,2,69340.01,5,3,Yes,3,1,1
1982,49,Female,Master,Finance,1,21,5,6,2,60,9,51229.1,2,4,No,3,0,1
1983,42,Female,Bachelor,Engineering,4,20,6,14,4,49,6,92603.46,3,3,Yes,3,0,0
1984,46,Male,Bachelor,Engineering,3,14,12,5,4,52,2,72226.51,3,3,No,3,1,0
1985,48,Male,Master,Engineering,4,10,1,5,2,45,18,80915.38,2,4,No,3,0,0
1986,41,Male,Bachelor,HR,2,25,14,17,5,51,12,77063.97,3,4,No,5,0,0
1987,27,Male,Bachelor,Operations,2,13,0,2,3,28,3,59415.7,5,3,No,4,2,0
1988,37,Female,PhD,Marketing,4,10,6,3,4,4,9,83815.06,4,5,No,3,0,1
1989,40,Male,Master,Engineering,1,1,0,0,4,66,5,33567.51,3,3,No,4,2,0
1990,40,Male,Master,Engineering,4,1,0,1,3,73,0,74921.73,3,4,Yes,3,0,1
1991,42,Male,Master,HR,4,11,3,2,2,94,5,82489.8,4,2,No,4,0,0
1992,48,Female,Master,Operations,5,14,1,13,4,74,7,97970.21,3,3,No,3,0,0
1993,27,Male,High School,Sales,2,16,6,3,4,80,14,58500.61,4,1,Yes,3,2,1
1994,21,Male,Bachelor,Engineering,1,13,4,5,2,39,7,44181.05,3,3,No,3,2,0
1995,52,Male,Master,Marketing,2,24,16,16,4,104,5,69215.31,3,2,Yes,4,1,0
1996,33,Male,Bachelor,Operations,5,15,11,11,4,71,18,103822.56,4,5,Yes,3,0,0
1997,50,Male,High School,Sales,2,7,7,5,3,115,13,49538.96,4,4,No,4,1,1
1998,43,Female,Bachelor,Engineering,2,23,11,18,2,1,1,76422.06,2,4,No,5,1,0
1999,39,Male,Bachelor,Engineering,2,16,15,8,3,67,6,60573.81,5,3,Yes,4,3,0
2000,52,Male,Master,Sales,2,4,1,3,2,61,7,52932.36,1,5,No,4,3,1
2001,50,Female,Master,Finance,1,11,6,6,3,79,9,50910.41,2,5,Yes,5,2,0
2002,49,Male,Bachelor,Finance,2,5,3,3,5,104,12,52077.34,4,3,No,3,1,1
2003,49,Male,High School,Finance,4,17,17,10,1,57,20,87325.53,4,3,No,3,0,0
2004,50,Male,Master,Sales,1,25,14,21,3,104,19,65286.08,1,3,No,5,0,0
2005,36,Female,Bachelor,Sales,4,4,2,1,4,84,0,80986.5,4,1,No,5,1,1
2006,39,Male,PhD,Engineering,3,5,1,1,1,68,8,68302.52,1,5,No,2,0,0
2007,38,Female,Bachelor,Engineering,3,8,5,5,1,57,9,67616.14,5,3,No,5,0,0
2008,21,Female,Bachelor,Marketing,3,14,0,7,4,34,19,73294.37,4,3,No,1,1,0
2009,34,Male,Bachelor,Sales,1,9,6,5,4,13,1,40810.79,2,4,Yes,5,1,1
2010,22,Female,PhD,Sales,2,16,6,1,4,14,19,62263.47,2,3,No,3,1,1
2011,48,Male,Master,Engineering,3,25,11,19,4,5,10,83769.53,4,3,No,3,0,0
2012,50,Male,Master,Engineering,2,18,3,0,3,15,4,65065.64,4,2,No,3,1,1
2013,58,Female,Bachelor,HR,2,11,9,6,5,86,17,60084.4,5,3,No,5,1,1
2014,24,Female,Master,Marketing,1,8,4,7,1,94,6,48645.9,5,1,No,4,3,0
2015,21,Female,Master,Sales,3,14,1,9,3,105,2,67554.53,3,4,No,5,0,0
2016,28,Male,Bachelor,Marketing,2,13,8,1,3,45,15,58167.01,5,3,No,4,1,1
2017,49,Male,Bachelor,Engineering,2,0,0,0,2,62,14,53577.78,4,3,No,4,0,0
2018,23,Female,Bachelor,Engineering,1,16,9,9,3,11,7,61264.82,3,3,No,1,0,0
2019,52,Male,Bachelor,Operations,5,0,0,0,4,40,19,80705.11,4,2,No,3,0,1
2020,30,Male,High School,Engineering,2,22,19,14,3,118,4,66298.51,2,4,No,4,0,0
2021,30,Male,Bachelor,Finance,3,20,10,4,3,18,2,73765.46,3,3,No,4,2,1
2022,39,Male,Bachelor,Engineering,2,21,13,10,4,75,4,59753.82,5,4,No,5,2,1
2023,54,Female,High School,HR,3,12,2,7,4,108,8,72897.93,4,3,No,3,0,0
2024,53,Male,Bachelor,Marketing,1,7,0,6,3,118,15,45676.97,5,4,No,4,0,0
2025,43,Female,Master,Operations,3,12,0,4,3,76,13,70601.48,2,4,No,5,0,1
2026,48,Male,Bachelor,Marketing,2,15,6,7,3,112,17,61337.78,3,3,No,3,0,1
2027,52,Female,Bachelor,Finance,2,1,1,1,2,1,6,49455.57,3,5,No,4,0,0
2028,27,Male,Bachelor,Engineering,3,12,6,5,4,19,14,69525.54,3,3,No,3,0,0
2029,49,Male,Master,Finance,3,17,15,14,1,118,7,76125.68,5,5,Yes,5,0,0
2030,28,Male,Bachelor,Marketing,3,2,1,2,2,94,2,68347.57,3,2,No,1,1,1
2031,21,Male,Master,Sales,4,12,9,4,2,8,10,80490.48,4,3,Yes,3,0,0
2032,23,Male,High School,Engineering,1,18,14,12,4,20,19,52067.83,4,2,No,3,1,1
2033,44,Female,Master,Marketing,4,12,5,10,1,7,17,83289.42,4,4,Yes,5,0,0
2034,43,Female,Bachelor,HR,1,18,3,11,4,38,14,50929.99,4,4,Yes,3,2,1
2035,28,Male,Master,Engineering,3,3,3,3,1,36,9,63971.7,4,3,No,4,0,0
2036,57,Male,Bachelor,Operations,2,18,3,0,4,28,2,55200.16,4,4,No,4,0,0
2037,23,Male,Bachelor,Sales,2,17,16,2,5,82,14,66591.66,2,5,No,4,1,1
2038,53,Female,Bachelor,Engineering,2,24,12,7,3,34,5,66711.18,5,4,Yes,3,3,0
2039,48,Female,Bachelor,Finance,2,5,1,3,4,108,10,50137.41,5,3,No,1,2,1
2040,28,Female,PhD,Engineering,1,18,5,14,4,37,10,52530.02,3,3,No,1,1,0
2041,54,Male,Master,Marketing,2,24,21,22,4,89,18,65041.21,4,3,No,5,0,0
2042,55,Male,High School,Sales,1,3,0,2,4,74,2,45024.83,4,3,No,4,0,0
2043,52,Male,Bachelor,Engineering,2,3,3,2,3,99,12,48404.61,5,3,Yes,5,2,1
2044,44,Female,Master,Sales,1,23,17,21,3,34,7,68230.77,2,3,No,4,1,0
2045,34,Female,Bachelor,Operations,1,6,4,2,5,67,20,44920.8,4,5,No,3,1,1
2046,52,Female,Master,Engineering,1,6,4,3,3,2,10,40126.82,1,4,No,3,0,1
2047,36,Female,Master,Engineering,2,25,3,5,5,108,10,70274.41,2,5,No,1,1,1
2048,24,Male,Master,Sales,4,22,4,17,4,110,12,93394.36,4,5,No,4,1,0
2049,57,Female,Bachelor,Sales,4,25,4,10,3,11,2,102294.88,5,4,Yes,4,0,1
2050,41,Male,Bachelor,Engineering,1,15,14,11,4,31,5,54301.14,4,2,Yes,4,0,0
2051,34,Female,Bachelor,Sales,3,15,9,15,4,46,9,78001.02,4,4,Yes,5,0,0
2052,51,Male,Master,HR,3,4,1,1,3,62,18,63377.72,4,1,No,3,1,0
2053,38,Male,Bachelor,HR,2,14,6,10,1,25,11,59332.29,5,2,Yes,5,2,0
2054,27,Female,Bachelor,Marketing,3,22,11,4,4,42,13,83349.62,3,1,No,1,1,0
2055,30,Female,Bachelor,Finance,1,3,1,3,5,106,10,45034.28,2,2,No,5,1,1
2056,27,Female,Bachelor,Engineering,2,23,10,3,4,76,20,69147.88,5,4,No,5,2,1
2057,53,Male,Master,Engineering,2,24,12,8,2,43,9,67861.32,3,5,No,3,0,0
2058,43,Female,Bachelor,Marketing,1,12,0,12,3,37,2,43666.82,2,3,Yes,4,0,0
2059,41,Male,Bachelor,Marketing,3,18,17,12,5,28,12,70505.97,4,2,No,5,0,0
2060,39,Female,Bachelor,Sales,2,6,2,6,1,54,17,52612.77,4,3,No,4,3,0
2061,39,Male,Master,Operations,1,11,7,1,3,51,12,45882.44,3,4,Yes,2,1,0
2062,56,Female,High School,Sales,2,25,5,22,2,114,13,71419.74,5,3,No,5,2,0
2063,49,Female,Master,Sales,3,8,8,6,3,18,13,70366.56,3,5,No,4,1,0
2064,38,Female,Master,Sales,4,16,4,16,3,34,6,85524.93,1,2,Yes,4,0,0
2065,22,Male,Bachelor,Operations,3,1,0,1,3,47,11,69081.14,3,5,No,1,0,0
2066,21,Male,Bachelor,HR,2,15,5,1,4,104,3,57945.22,1,1,No,2,2,0
2067,25,Female,PhD,Marketing,2,6,2,6,3,90,15,57131.08,4,3,No,4,0,0
2068,40,Male,Bachelor,Engineering,2,17,14,14,3,109,18,59421.77,3,3,No,3,2,1
2069,31,Female,Bachelor,HR,1,6,4,4,3,59,9,38998.18,5,4,Yes,5,0,0
2070,22,Male,Bachelor,Engineering,2,0,0,0,5,30,15,50124.0,4,2,Yes,4,0,1
2071,23,Male,Bachelor,Marketing,2,2,1,1,4,2,4,54974.7,3,5,No,5,0,0
2072,43,Female,Master,Sales,2,20,3,15,2,34,15,65881.83,3,2,No,3,2,1
2073,32,Female,Master,Engineering,5,10,2,4,1,87,0,94338.46,3,4,Yes,3,0,1
2074,40,Female,Master,Sales,3,21,12,5,4,51,4,84950.93,4,1,Yes,3,0,1
2075,25,Female,Bachelor,Operations,1,14,0,12,5,70,12,44711.42,2,3,Yes,3,0,0
2076,57,Male,High School,HR,1,24,0,11,3,50,12,61679.53,4,2,No,4,0,0
2077,58,Female,Bachelor,Engineering,1,24,21,4,3,55,2,55843.74,3,5,No,4,1,1
2078,50,Male,High School,Engineering,3,2,1,2,4,98,16,63772.38,5,1,No,3,3,1
2079,29,Female,Master,Operations,3,23,8,13,4,20,18,83858.95,4,3,Yes,2,2,0
2080,54,Female,Bachelor,Operations,5,12,7,7,4,0,4,91097.03,5,3,Yes,1,0,0
2081,55,Male,Master,Marketing,2,3,3,0,2,107,4,48713.76,4,4,No,3,2,1
2082,42,Female,Bachelor,Engineering,4,22,17,9,2,52,14,95463.43,4,2,No,4,1,1
2083,44,Female,Bachelor,Sales,2,21,8,1,3,5,9,66859.56,4,4,No,3,0,0
2084,37,Male,Bachelor,Operations,4,7,7,2,3,102,11,76445.35,5,3,Yes,5,1,0
2085,30,Female,Bachelor,Engineering,3,21,13,12,5,97,10,80678.93,4,3,Yes,4,0,1
2086,50,Male,Bachelor,Engineering,3,3,3,0,1,81,0,59382.33,4,3,No,5,2,0
2087,43,Male,Master,HR,2,17,8,2,4,61,20,59569.44,2,3,No,3,1,0
2088,52,Male,Master,Operations,3,6,3,1,3,88,2,56846.5,3,3,Yes,5,0,1
2089,37,Male,Master,Engineering,2,10,8,7,3,78,3,59439.16,3,3,No,4,1,0
2090,37,Female,PhD,Finance,1,3,1,3,5,46,18,39827.97,4,2,No,3,1,1
2091,34,Female,Bachelor,Marketing,1,12,12,3,4,95,19,49962.36,2,4,No,3,1,0
2092,29,Female,High School,Engineering,2,8,0,6,5,105,2,61087.44,4,2,No,5,0,1
2093,22,Female,Bachelor,Engineering,2,8,8,6,2,112,17,55234.75,3,2,No,3,1,1
2094,45,Male,Master,Operations,1,22,9,15,2,49,2,56521.82,2,4,No,1,1,0
2095,29,Male,Bachelor,Operations,1,20,7,4,2,81,6,56372.85,3,3,No,3,1,0
2096,42,Male,Master,Marketing,2,18,6,16,3,30,20,62919.69,3,3,Yes,3,2,0
2097,24,Male,Bachelor,Finance,2,2,1,1,3,63,0,44969.16,4,4,No,3,0,0
2098,46,Female,Master,Engineering,1,24,23,3,5,28,18,53993.58,3,3,No,4,1,0
2099,49,Male,PhD,Operations,1,24,11,22,3,14,17,58440.73,3,3,No,4,1,0
2100,54,Male,High School,Engineering,1,11,0,4,5,57,1,50899.17,5,3,No,4,0,1
2101,43,Male,Bachelor,Marketing,1,10,8,1,3,22,11,52269.29,3,3,No,3,2,1
2102,57,Female,Bachelor,Operations,4,19,11,13,4,37,16,88961.19,3,5,No,2,0,0
2103,31,Female,Bachelor,Finance,1,10,9,7,3,40,20,46671.38,5,3,Yes,3,2,1
2104,26,Female,Bachelor,Marketing,3,16,11,10,2,74,20,82883.23,2,4,No,4,1,0
2105,38,Female,Master,Marketing,2,25,10,15,5,14,2,73567.28,3,4,No,2,1,0
2106,41,Female,Bachelor,Sales,5,20,13,17,2,86,11,103548.87,3,4,No,4,2,0
2107,56,Female,Bachelor,Finance,1,13,5,10,4,2,11,49540.64,3,4,No,3,3,0
2108,58,Male,Master,Sales,1,15,3,15,4,82,5,52827.85,2,1,No,4,3,0
2109,54,Female,High School,HR,1,23,12,15,5,0,9,52818.8,2,3,No,4,1,1
2110,37,Female,Bachelor,Sales,1,9,1,4,4,87,5,48142.17,3,5,No,2,0,1
2111,57,Female,Bachelor,Engineering,3,3,2,3,3,112,13,65456.46,1,3,No,4,2,1
2112,45,Female,Master,Marketing,1,9,3,0,4,74,1,49452.95,3,2,Yes,3,1,1
2113,58,Male,Bachelor,Operations,1,25,6,13,1,93,10,61476.49,3,3,No,4,0,0
2114,32,Female,Master,Engineering,4,19,0,11,3,113,14,94184.99,3,3,Yes,5,2,0
2115,43,Female,Bachelor,HR,2,11,8,7,2,10,7,55208.5,1,5,Yes,1,1,0
2116,42,Male,Bachelor,HR,1,8,2,2,3,59,12,41814.28,4,4,Yes,4,1,0
2117,41,Female,Bachelor,Operations,1,14,12,12,2,102,18,50210.83,5,4,No,2,1,0
2118,47,Male,Bachelor,HR,1,8,3,3,5,64,9,41195.16,4,3,No,3,3,1
2119,51,Female,Bachelor,Finance,5,6,3,3,3,75,8,93821.95,5,2,No,1,0,0
2120,26,Female,Bachelor,Operations,4,25,4,20,5,3,17,89837.85,4,2,No,3,0,0
2121,47,Male,Bachelor,Engineering,4,23,11,2,1,24,6,93061.62,4,3,Yes,3,1,0
2122,54,Female,High School,Operations,4,11,2,8,4,71,2,80634.02,3,2,No,4,2,1
2123,32,Male,High School,Operations,2,19,19,3,3,78,11,63130.32,3,2,Yes,4,1,1
2124,27,Female,Master,Operations,1,23,4,14,3,42,14,52216.05,3,3,No,4,1,1
2125,30,Male,Bachelor,Engineering,2,13,11,10,5,93,20,60867.2,1,4,Yes,4,0,0
2126,37,Female,Bachelor,Engineering,3,21,0,15,5,39,12,79567.57,5,2,No,4,1,0
2127,46,Male,Master,Operations,4,15,15,10,3,95,5,94117.54,5,3,No,2,0,0
2128,41,Female,Bachelor,Engineering,2,18,8,3,5,107,7,75151.68,2,4,No,1,1,0
2129,48,Male,Master,Finance,2,22,9,5,4,98,13,64528.13,4,3,Yes,5,1,1
2130,22,Female,Bachelor,Sales,5,2,0,2,5,84,2,79187.94,3,3,No,3,2,1
2131,21,Female,High School,Sales,1,10,9,7,4,94,15,41197.37,4,5,No,3,0,1
2132,56,Female,PhD,Engineering,4,22,12,12,5,99,17,92552.56,4,4,No,1,0,0
2133,46,Female,Bachelor,Finance,1,20,15,19,5,90,16,59500.68,2,4,Yes,2,0,1
2134,49,Female,Master,Engineering,2,19,19,3,2,43,17,64174.15,4,3,No,5,0,1
2135,41,Male,Bachelor,Finance,1,18,3,4,3,71,9,55513.11,4,5,Yes,4,0,1
2136,31,Male,Bachelor,HR,3,7,5,1,3,58,16,64103.84,4,2,Yes,3,2,0
2137,31,Male,Master,Finance,2,19,16,4,4,22,15,64151.51,3,5,Yes,5,0,1
2138,56,Female,High School,Finance,2,7,3,3,4,61,20,55967.19,5,5,Yes,4,2,1
2139,55,Female,Master,Engineering,4,25,4,0,4,22,1,95455.46,5,4,No,4,0,0
2140,54,Male,Bachelor,Engineering,3,2,0,0,4,105,19,62655.77,4,4,Yes,3,2,1
2141,44,Female,Bachelor,Sales,3,9,8,7,3,57,3,64772.8,1,4,No,3,0,1
2142,42,Female,Bachelor,HR,1,12,2,9,2,54,10,52703.58,3,3,Yes,2,2,0
2143,25,Female,Master,Finance,4,8,4,4,3,32,6,85073.33,4,3,No,4,1,0
2144,53,Male,High School,HR,1,5,2,2,4,76,16,46440.34,2,5,No,2,0,1
2145,56,Male,Bachelor,Engineering,1,14,11,2,2,62,18,46891.1,3,2,No,4,1,0
2146,40,Female,Master,Marketing,1,15,2,3,3,102,5,50977.56,2,5,No,3,2,0
2147,39,Female,Master,Sales,2,4,0,3,3,115,9,50500.5,3,4,Yes,3,1,0
2148,55,Male,High School,Operations,4,20,17,15,2,59,20,87101.13,1,4,Yes,5,0,0
2149,37,Female,Bachelor,Sales,1,12,1,4,3,98,3,48939.85,2,2,No,4,1,1
2150,54,Female,Bachelor,Operations,2,18,7,16,2,60,0,56710.65,3,2,No,2,2,0
2151,29,Female,Bachelor,HR,4,1,1,1,5,79,6,77287.36,5,5,Yes,5,3,0
2152,46,Female,Bachelor,Engineering,3,5,0,3,2,75,20,60849.21,3,2,No,4,1,0
2153,22,Male,Master,Engineering,3,0,0,0,5,60,15,59747.94,3,4,No,2,0,0
2154,29,Male,Bachelor,Sales,1,14,12,12,2,94,16,40523.51,4,4,No,3,1,1
2155,29,Female,Master,Engineering,3,14,2,4,5,68,4,80831.03,3,3,No,4,3,0
2156,37,Male,Master,Sales,1,13,9,13,4,113,9,51332.9,2,4,No,3,1,0
2157,21,Male,Bachelor,Finance,5,6,4,4,4,103,6,90743.49,3,2,Yes,5,0,0
2158,45,Male,Bachelor,Engineering,2,4,1,4,5,107,12,49847.48,4,3,No,3,1,1
2159,45,Male,Bachelor,Marketing,3,19,16,17,4,88,6,73837.09,4,3,No,3,0,0
2160,55,Male,Bachelor,Engineering,1,24,24,13,5,20,14,57798.76,2,4,No,3,3,0
2161,23,Male,Master,Operations,1,25,23,17,4,2,16,60708.84,4,5,Yes,2,2,0
2162,57,Male,Bachelor,HR,1,15,12,12,4,47,2,49580.63,5,2,No,4,0,0
2163,50,Male,Bachelor,Sales,2,16,10,0,3,9,4,65523.68,1,3,Yes,5,2,1
2164,58,Female,Bachelor,Engineering,1,10,3,6,5,86,9,53422.92,4,3,No,3,2,1
2165,54,Female,Bachelor,Engineering,3,14,6,12,4,80,4,69307.39,3,3,No,3,0,1
2166,32,Female,High School,Sales,1,19,2,16,2,41,6,55045.94,4,3,No,5,1,0
2167,39,Male,High School,HR,3,15,15,2,4,98,6,81464.86,4,5,No,3,0,1
2168,57,Male,Bachelor,Finance,1,2,2,1,5,88,13,37556.98,4,5,No,4,0,0
2169,37,Female,Bachelor,Operations,1,5,3,2,4,65,14,40943.83,4,1,No,1,1,0
2170,30,Female,Master,HR,3,20,15,11,5,90,4,80845.04,4,4,No,3,0,0
2171,32,Male,Master,Operations,3,22,1,21,3,45,4,83504.39,3,4,No,2,2,0
2172,36,Male,Bachelor,Operations,2,12,9,6,3,8,3,63999.08,2,5,No,2,2,0
2173,44,Female,Bachelor,Operations,1,0,0,0,3,48,19,37437.11,4,2,No,3,0,0
2174,39,Male,Bachelor,HR,3,20,19,20,3,3,20,75820.58,1,4,No,3,0,0
2175,28,Male,Bachelor,Sales,2,13,9,7,3,59,8,62943.05,3,5,No,3,0,0
2176,51,Female,Bachelor,Engineering,2,1,0,1,3,89,11,46032.34,3,5,No,4,2,1
2177,41,Male,Bachelor,Finance,3,1,1,1,2,95,15,63227.83,3,4,No,4,1,1
2178,37,Male,Bachelor,Engineering,2,14,10,3,3,28,7,61909.0,3,3,No,4,1,1
2179,43,Male,High School,Sales,1,17,17,10,2,85,8,52510.96,4,4,No,3,1,0
2180,57,Female,High School,HR,4,8,8,0,4,46,11,79870.81,3,3,No,3,0,0
2181,36,Male,Bachelor,Sales,3,25,18,1,3,76,19,87507.62,4,3,No,4,0,0
2182,26,Male,Master,Marketing,1,2,0,1,3,86,6,41272.16,3,3,Yes,4,0,0
2183,28,Male,Bachelor,Sales,2,3,1,3,3,62,20,54478.27,5,3,No,4,1,0
2184,45,Female,Bachelor,Finance,1,14,13,2,2,30,3,47745.41,3,3,No,1,1,0
2185,38,Male,Bachelor,Marketing,4,4,1,1,5,50,2,70031.68,5,1,Yes,2,0,1
2186,45,Female,Master,Sales,3,19,2,7,3,40,0,76511.51,1,3,No,5,0,1
2187,32,Male,Master,HR,1,19,2,14,5,35,6,55843.02,4,3,Yes,5,1,1
2188,35,Female,Master,Marketing,1,4,4,2,3,116,8,40729.59,1,2,No,3,0,1
2189,46,Female,High School,Engineering,1,9,5,0,5,39,1,43368.9,4,4,No,5,0,1
2190,46,Male,Bachelor,Sales,2,15,3,10,3,94,6,63385.72,3,3,No,3,0,0
2191,52,Male,Master,Engineering,3,24,0,9,2,59,9,81531.23,3,4,Yes,5,0,0
2192,30,Male,High School,Finance,1,11,3,6,4,14,1,47095.2,3,2,No,3,1,0
2193,36,Male,Bachelor,Finance,1,24,23,15,3,77,12,50644.78,5,4,No,4,0,0
2194,27,Female,Master,Sales,2,13,5,9,4,98,2,63768.58,2,5,No,4,2,0
2195,37,Male,Bachelor,HR,1,21,1,11,3,87,12,58351.29,4,3,No,2,0,0
2196,43,Male,High School,Engineering,2,10,2,0,4,29,9,66449.0,5,3,No,1,1,0
2197,46,Male,High School,Marketing,2,18,6,12,5,29,11,62352.26,1,4,No,3,2,0
2198,41,Female,Bachelor,Engineering,3,5,2,3,5,26,2,63487.23,5,4,Yes,3,0,0
2199,42,Male,Bachelor,Marketing,5,9,3,2,3,112,19,93797.06,1,2,Yes,4,0,0
2200,27,Male,Master,Engineering,5,19,19,18,3,39,5,101963.57,5,5,No,4,0,0
2201,34,Male,Master,Marketing,2,2,2,1,5,77,2,57119.47,5,3,No,2,0,0
2202,35,Female,Bachelor,HR,3,21,15,13,5,44,1,78266.68,5,4,Yes,4,1,1
2203,27,Female,Master,Finance,5,14,14,1,1,110,13,96985.11,3,3,Yes,1,0,0
2204,29,Male,Bachelor,Engineering,1,10,4,9,4,74,14,43751.14,5,3,No,2,0,0
2205,28,Male,High School,Marketing,1,21,6,4,2,46,17,61994.49,2,2,Yes,4,3,0
2206,43,Male,Master,Engineering,1,1,0,1,5,107,18,39848.79,3,3,No,4,1,1
2207,49,Male,Master,HR,2,24,15,5,2,89,9,76883.54,3,5,No,3,0,1
2208,38,Female,Bachelor,HR,3,23,14,17,4,55,19,93360.25,3,4,No,3,1,0
2209,51,Female,Master,Marketing,2,5,4,5,4,53,16,50448.74,4,4,No,4,0,0
2210,50,Male,Master,Finance,2,16,0,3,5,84,16,67712.78,2,5,No,3,0,1
2211,55,Female,Master,Engineering,2,17,8,0,4,8,18,63273.05,5,2,No,5,0,1
2212,38,Male,Bachelor,Finance,1,3,1,0,3,117,3,36949.43,4,2,No,5,1,1
2213,37,Female,Master,Finance,2,22,20,10,4,110,10,62934.87,5,5,No,2,0,0
2214,34,Female,PhD,Operations,1,8,4,2,5,64,16,52713.47,5,4,No,5,2,1
2215,51,Male,Master,Marketing,1,9,5,0,4,107,9,49108.14,4,4,Yes,3,0,0
2216,44,Female,High School,Finance,4,20,5,17,4,69,16,90098.29,1,3,No,4,1,0
2217,55,Male,Bachelor,Engineering,4,25,2,24,4,0,11,97987.74,4,4,No,2,0,0
2218,54,Male,Bachelor,Marketing,4,1,1,1,3,85,9,66664.1,3,3,Yes,2,1,0
2219,23,Male,Bachelor,Finance,3,10,7,4,4,114,9,69622.48,2,4,No,5,0,0
2220,57,Male,PhD,Operations,3,10,5,3,3,117,5,66952.32,3,5,Yes,4,0,0
2221,46,Female,Bachelor,Engineering,3,10,10,3,3,12,16,75782.28,4,4,No,4,2,0
2222,43,Female,Bachelor,Sales,3,0,0,0,5,37,18,67051.15,3,3,Yes,1,0,1
2223,35,Female,Master,Sales,3,25,20,7,1,112,1,87061.81,3,3,No,5,2,0
2224,24,Female,Bachelor,Finance,2,13,2,11,3,44,3,64489.45,3,2,No,3,1,0
2225,49,Female,High School,Operations,2,0,0,0,3,104,17,46400.53,2,4,No,3,0,0
2226,42,Male,Bachelor,Sales,3,20,16,18,2,39,20,81867.82,4,2,No,3,3,0
2227,45,Male,Bachelor,Marketing,1,22,20,14,4,94,3,51282.47,4,5,No,5,0,0
2228,33,Male,High School,Finance,2,24,5,15,4,14,5,64543.35,5,4,No,3,0,0
2229,38,Female,PhD,Marketing,2,8,5,3,2,49,13,55778.08,3,5,Yes,3,2,0
2230,53,Female,Bachelor,Engineering,1,23,21,17,3,1,6,59820.78,3,3,No,4,3,0
2231,36,Male,Bachelor,Marketing,5,0,0,0,3,52,11,87392.54,3,5,No,4,0,0
2232,22,Female,Bachelor,Sales,1,20,18,11,2,94,1,49971.91,5,4,No,3,1,0
2233,55,Female,Bachelor,Marketing,2,21,19,15,4,25,17,61693.71,3,4,No,4,0,0
2234,54,Female,Bachelor,Engineering,1,21,14,19,3,65,12,54093.81,3,2,Yes,3,1,0
2235,50,Male,Bachelor,HR,4,3,2,2,4,74,12,72194.36,3,3,Yes,4,0,0
2236,33,Male,Bachelor,Marketing,2,0,0,0,2,32,4,51448.07,1,4,No,4,0,0
2237,33,Male,Master,Engineering,3,18,1,13,3,81,6,73148.55,2,3,No,4,0,0
2238,38,Male,High School,Sales,4,9,7,1,2,84,11,88877.21,4,3,No,4,1,0
2239,52,Male,Bachelor,Finance,2,14,6,12,2,58,13,63049.44,4,5,No,3,1,0
2240,52,Female,Master,HR,1,19,7,13,5,94,0,53512.29,3,2,No,5,0,0
2241,55,Male,Bachelor,HR,1,3,0,1,2,25,9,35110.68,3,2,Yes,4,1,0
2242,49,Female,High School,Engineering,3,19,14,11,2,93,8,72815.49,3,3,Yes,3,1,0
2243,49,Male,Bachelor,Sales,3,13,11,6,5,102,9,71416.33,4,5,Yes,3,0,0
2244,36,Female,Bachelor,Engineering,1,4,0,3,4,20,6,38284.64,5,4,No,4,1,1
2245,30,Male,High School,Sales,1,14,9,11,2,48,15,42672.69,5,3,No,4,0,0
2246,50,Female,Bachelor,Operations,1,14,4,10,5,79,11,55086.53,2,3,No,2,1,1
2247,45,Female,Bachelor,Sales,3,24,19,6,2,70,11,78179.12,4,4,Yes,5,1,1
2248,40,Male,Bachelor,Engineering,1,15,9,12,4,85,18,51910.45,5,1,No,2,0,0
2249,25,Male,Bachelor,Sales,1,15,2,10,1,70,12,52268.82,4,1,No,4,1,0
2250,21,Female,Bachelor,Sales,2,3,1,3,4,65,20,45224.62,3,1,No,4,1,1
2251,50,Male,Master,Finance,3,24,24,18,3,36,17,81061.14,4,3,No,5,1,0
2252,23,Male,PhD,Finance,3,8,7,1,3,13,2,62561.47,4,4,No,2,1,0
2253,34,Male,Master,Sales,2,0,0,0,4,71,6,50630.4,3,4,No,4,1,1
2254,50,Male,Bachelor,Sales,3,4,1,4,4,92,0,64850.07,2,4,Yes,4,1,1
2255,24,Female,Bachelor,Sales,2,8,1,1,4,107,2,55890.87,4,2,No,3,1,0
2256,38,Male,Bachelor,Marketing,5,19,5,9,5,6,20,98819.31,5,3,Yes,5,0,1
2257,57,Female,High School,Finance,1,4,2,4,3,37,13,45324.15,5,3,Yes,4,2,1
2258,45,Female,High School,Sales,3,3,2,1,3,44,3,62188.68,3,2,No,4,0,1
2259,21,Female,Master,HR,2,15,4,7,4,21,18,56590.61,4,3,No,5,0,0
2260,35,Female,Bachelor,Marketing,1,1,0,1,4,43,5,34122.83,1,4,Yes,4,1,1
2261,29,Female,Bachelor,Operations,3,25,6,3,3,80,19,75471.58,5,3,No,4,2,1
2262,35,Male,PhD,Operations,1,15,10,2,3,79,8,47882.62,1,4,No,3,0,0
2263,44,Female,Bachelor,Engineering,2,17,9,13,4,96,10,60663.78,3,3,No,4,0,0
2264,24,Female,High School,Sales,2,1,0,1,5,102,14,52678.31,2,3,No,4,0,1
2265,32,Female,High School,Engineering,1,15,10,1,4,34,8,52788.91,4,3,Yes,4,0,1
2266,57,Female,Bachelor,Marketing,2,0,0,0,3,101,10,49850.64,3,4,No,4,2,1
2267,57,Male,Bachelor,Operations,2,15,6,12,4,59,9,66288.48,4,5,Yes,4,3,0
2268,26,Male,Bachelor,HR,3,2,2,0,4,95,1,58086.39,3,4,No,5,0,1
2269,44,Female,Bachelor,Engineering,3,14,5,1,5,116,13,74873.28,3,3,Yes,4,0,1
2270,31,Male,Master,Engineering,1,10,5,1,4,2,3,40247.99,3,4,Yes,3,2,0
2271,33,Female,Master,Engineering,2,9,1,4,5,117,1,55192.62,2,3,Yes,4,0,0
2272,54,Male,PhD,Engineering,4,16,5,8,3,66,4,88764.74,3,4,Yes,4,0,0
2273,45,Male,Master,Finance,1,3,1,0,3,71,13,37572.95,4,5,Yes,3,0,0
2274,27,Male,Bachelor,Sales,2,16,5,3,4,109,14,69933.02,3,4,No,5,0,0
2275,24,Male,Bachelor,Engineering,3,3,3,1,3,94,18,62307.86,2,3,No,2,0,0
2276,28,Male,High School,Finance,3,18,14,6,3,54,5,80403.15,4,4,No,4,0,1
2277,40,Male,High School,Sales,1,24,5,10,4,8,14,57541.89,2,5,No,5,1,1
2278,49,Female,Master,Sales,2,0,0,0,4,68,13,49526.67,4,2,Yes,4,1,1
2279,30,Female,Master,Engineering,2,13,11,13,5,27,7,59239.87,5,3,No,4,1,0
2280,54,Male,Bachelor,Operations,5,23,2,9,5,14,19,106408.58,3,3,No,5,2,1
2281,46,Female,High School,Marketing,1,10,10,2,3,112,11,52906.59,4,3,Yes,4,2,1
2282,23,Female,Bachelor,Sales,5,24,7,7,5,90,3,112772.63,4,3,No,5,0,1
2283,26,Female,PhD,HR,2,6,0,2,2,105,20,52451.33,3,3,No,4,1,1
2284,25,Male,Bachelor,Engineering,1,16,16,7,4,30,5,50483.98,4,3,No,4,1,0
2285,25,Female,Master,Finance,2,3,2,0,3,58,10,51903.36,3,3,Yes,4,2,1
2286,43,Female,Master,Marketing,3,9,2,1,3,103,6,71668.35,3,4,No,3,0,0
2287,29,Male,PhD,Operations,1,16,16,4,5,81,3,58817.94,4,1,No,5,1,0
2288,55,Male,Master,HR,1,3,2,3,3,101,14,44843.77,4,5,Yes,5,1,0
2289,40,Female,Master,Operations,4,18,3,10,4,112,0,88132.97,5,3,No,4,1,1
2290,55,Male,Bachelor,Operations,5,17,6,8,2,53,8,101912.03,4,4,No,1,0,0
2291,38,Female,High School,Operations,2,16,4,11,2,67,19,64302.89,3,3,No,2,0,0
2292,37,Male,Bachelor,Finance,1,5,1,2,3,84,7,39076.93,4,3,Yes,3,1,0
2293,44,Female,High School,Engineering,3,6,6,4,4,46,11,70454.18,4,3,Yes,4,0,0
2294,23,Female,PhD,Engineering,3,5,4,1,3,41,6,55443.93,4,4,Yes,3,0,0
2295,52,Male,Bachelor,Sales,1,24,15,24,3,22,17,62624.52,5,4,Yes,5,2,0
2296,55,Male,Master,Engineering,5,11,5,5,4,108,0,96547.47,5,4,No,5,0,0
2297,58,Female,Bachelor,Marketing,1,8,3,1,2,85,8,36974.16,2,3,No,3,0,0
2298,33,Female,Bachelor,Finance,3,17,1,16,3,64,6,72132.93,3,2,No,4,2,0
2299,45,Female,PhD,Operations,2,1,0,1,5,88,13,41636.47,4,4,No,4,0,1
2300,29,Male,Bachelor,Sales,2,24,17,0,3,53,0,77387.1,4,3,No,3,0,0
2301,24,Male,Bachelor,Sales,1,16,12,6,3,117,12,47433.43,4,3,No,5,1,1
2302,34,Male,High School,Marketing,3,20,17,13,4,104,19,82640.79,3,1,No,3,0,0
2303,57,Female,Master,Engineering,5,0,0,0,4,91,14,88783.53,3,3,No,5,0,1
2304,54,Male,Bachelor,Sales,2,22,16,17,4,100,4,68317.32,2,3,No,4,0,1
2305,31,Male,Bachelor,Operations,2,8,2,6,5,10,4,53541.71,4,3,No,4,0,0
2306,23,Female,Bachelor,Marketing,1,5,5,0,2,62,13,43551.06,2,4,No,5,2,1
2307,48,Female,Master,Engineering,4,1,0,1,5,21,13,74761.7,4,3,No,4,2,1
2308,49,Male,Master,Marketing,5,5,0,1,5,53,13,93244.95,5,5,No,5,0,0
2309,29,Male,Bachelor,Finance,3,8,4,3,5,118,4,63506.78,3,3,No,4,0,1
2310,23,Female,Bachelor,Marketing,2,2,0,2,3,88,10,54889.73,2,3,Yes,5,0,0
2311,45,Female,Master,Marketing,5,15,0,4,5,116,18,103890.72,1,4,No,4,0,1
2312,54,Male,Bachelor,Sales,1,24,3,15,3,84,4,57572.93,3,5,Yes,3,2,1
2313,32,Female,Bachelor,Finance,2,23,0,14,4,35,3,65876.06,3,4,No,4,2,0
2314,29,Female,Bachelor,Sales,2,14,12,14,2,57,14,59666.86,3,4,No,4,0,0
2315,35,Male,Master,Sales,2,11,0,0,4,19,20,56339.48,4,4,No,5,0,1
2316,45,Male,Bachelor,Operations,4,22,11,22,4,15,6,92076.66,3,4,Yes,5,0,0
2317,25,Male,Bachelor,HR,3,7,6,2,2,91,4,64347.47,4,4,Yes,4,2,0
2318,31,Female,Master,Marketing,1,25,6,17,5,55,14,61326.03,5,5,No,5,1,1
2319,54,Male,Bachelor,Marketing,2,5,2,3,4,92,13,56046.77,3,1,No,3,0,1
2320,44,Female,High School,Operations,2,2,2,2,4,49,2,49364.0,5,5,No,2,3,0
2321,35,Female,Bachelor,Operations,2,22,2,15,3,89,4,60982.09,2,3,No,4,2,0
2322,58,Male,Master,HR,1,3,1,2,5,103,11,41472.1,3,5,No,4,0,1
2323,28,Female,PhD,Engineering,1,9,9,1,3,65,19,39199.49,4,3,No,2,0,0
2324,25,Female,Bachelor,Sales,3,13,3,7,3,112,13,73698.35,3,3,Yes,4,0,0
2325,46,Male,Bachelor,Engineering,4,20,2,8,3,73,4,91287.47,1,5,No,4,0,0
2326,38,Male,Bachelor,Engineering,5,23,11,21,4,12,3,104384.12,3,2,No,2,1,0
2327,26,Male,Master,Finance,5,14,6,10,4,14,20,100179.33,5,4,No,4,1,0
2328,57,Female,Master,Finance,3,6,3,0,3,72,15,67854.26,2,3,No,2,1,0
2329,33,Female,Bachelor,Operations,1,6,3,0,3,26,6,43950.73,4,1,Yes,3,0,0
2330,48,Male,Bachelor,Marketing,4,7,0,5,4,7,2,82584.08,4,5,No,5,1,1
2331,25,Female,Master,Finance,2,9,5,6,5,69,3,55448.71,2,2,No,2,1,1
2332,33,Male,Bachelor,Engineering,3,18,14,7,4,99,19,75492.87,3,4,No,4,0,0
2333,37,Male,Bachelor,Sales,2,18,1,18,3,49,5,69508.89,2,3,No,4,1,0
2334,52,Male,Bachelor,Engineering,4,1,1,0,3,87,2,76467.59,1,4,No,5,3,0
2335,49,Male,Bachelor,Marketing,2,14,13,3,3,66,0,59721.22,2,4,No,4,0,0
2336,23,Male,Bachelor,Engineering,1,0,0,0,5,25,2,28985.05,3,4,No,2,0,1
2337,54,Female,Master,Marketing,2,9,4,3,1,35,7,58668.17,2,5,Yes,5,0,1
2338,47,Male,Bachelor,Finance,1,5,2,2,4,20,15,43443.63,2,2,No,4,0,1
2339,33,Female,Bachelor,Sales,5,21,9,8,3,76,6,99050.43,4,4,Yes,3,1,0
2340,53,Male,Bachelor,Engineering,2,12,6,0,3,51,17,56405.85,3,4,No,2,1,0
2341,26,Male,Bachelor,HR,2,9,1,1,1,10,8,55468.69,5,3,Yes,5,1,0
2342,44,Male,Bachelor,Engineering,4,11,4,0,5,7,2,84709.3,2,3,Yes,4,1,1
2343,39,Female,Bachelor,Marketing,3,23,10,13,5,56,17,91634.3,4,4,No,5,3,0
2344,36,Male,Master,Marketing,2,5,4,3,2,109,15,57970.85,5,4,No,3,0,1
2345,48,Male,High School,Finance,1,5,2,1,3,45,20,35466.23,1,2,No,4,1,1
2346,53,Female,High School,Marketing,2,0,0,0,2,111,0,47255.15,4,2,No,2,0,0
2347,33,Male,High School,Finance,4,11,0,6,4,77,20,82521.87,3,2,No,4,0,0
2348,45,Male,Bachelor,Operations,3,22,14,13,4,96,19,82809.82,5,3,No,5,2,0
2349,56,Female,Master,Engineering,5,22,0,6,3,1,15,101550.09,4,2,No,2,1,0
2350,47,Male,High School,Marketing,1,9,2,5,2,63,11,47438.12,3,3,Yes,3,0,0
2351,58,Male,PhD,Engineering,1,24,15,15,4,51,5,56547.82,4,3,No,4,0,1
2352,27,Male,High School,Engineering,1,13,2,4,4,64,20,51031.74,4,5,Yes,2,1,0
2353,25,Male,Master,Sales,3,14,12,10,1,10,8,73903.17,3,4,No,4,2,0
2354,51,Male,Bachelor,Finance,1,22,22,3,4,5,20,64981.73,4,3,No,3,1,0
2355,43,Male,Master,Engineering,1,23,21,12,4,95,12,61615.29,4,1,No,5,0,1
2356,30,Male,Bachelor,Engineering,2,3,2,3,4,78,11,56955.55,1,4,No,1,0,0
2357,52,Male,Bachelor,Operations,2,24,3,7,3,75,12,66369.36,5,4,Yes,5,0,0
2358,50,Female,Master,Marketing,3,0,0,0,4,63,17,58871.62,3,4,No,4,1,1
2359,51,Male,Master,Marketing,2,7,2,6,4,100,18,56608.7,4,4,No,3,0,1
2360,38,Male,Bachelor,Marketing,2,2,1,2,4,92,18,45866.42,3,3,Yes,3,0,1
2361,56,Female,High School,Operations,2,13,1,10,5,54,18,64881.53,5,3,No,5,1,1
2362,22,Female,High School,Finance,4,16,9,16,2,43,5,87921.91,4,4,No,4,1,0
2363,34,Male,Master,Engineering,2,1,0,1,4,85,15,54299.72,4,2,Yes,3,1,1
2364,33,Female,Bachelor,Operations,2,14,13,13,2,109,6,63529.29,5,3,No,1,2,1
2365,49,Male,Bachelor,Marketing,2,5,4,1,3,13,6,53679.45,3,2,Yes,3,1,0
2366,32,Male,Master,Engineering,1,4,0,3,4,82,18,40109.28,2,3,Yes,4,0,1
2367,22,Female,Master,HR,4,13,13,4,5,4,15,81624.58,4,4,No,4,2,0
2368,52,Male,Bachelor,Engineering,1,18,6,7,2,98,16,49886.55,3,3,Yes,4,0,0
2369,33,Male,Master,Operations,4,8,2,5,5,24,18,83754.66,3,3,No,5,0,1
2370,47,Male,Master,Engineering,1,7,1,2,3,49,15,45972.08,4,4,No,3,1,0
2371,37,Male,Bachelor,Operations,4,2,1,1,3,101,15,79736.28,4,5,No,2,0,0
2372,51,Male,Bachelor,Operations,3,17,6,14,2,72,18,74117.3,3,4,No,4,0,0
2373,54,Female,Master,Finance,2,7,4,4,4,70,14,59790.36,5,4,Yes,4,1,0
2374,44,Male,Bachelor,Finance,3,15,11,5,4,116,2,73793.7,4,2,No,5,3,1
2375,55,Female,Master,Engineering,2,14,2,0,3,81,14,63919.74,5,3,No,4,1,0
2376,26,Female,High School,Sales,2,20,1,7,3,1,15,72166.13,5,1,No,3,0,0
2377,39,Female,High School,Sales,1,14,6,2,4,115,19,57884.15,2,1,No,3,0,1
2378,50,Female,Master,Marketing,2,15,14,4,4,9,4,66789.68,4,3,No,3,0,1
2379,27,Female,Bachelor,HR,3,24,21,22,3,107,18,83411.26,3,3,Yes,4,0,0
2380,30,Male,Bachelor,Sales,1,0,0,0,5,1,9,39243.83,5,4,Yes,4,1,0
2381,52,Male,Master,Engineering,4,9,5,2,4,59,12,86096.03,4,5,Yes,4,1,0
2382,54,Male,Master,Operations,2,18,13,13,3,44,14,68039.61,2,4,No,3,1,0
2383,48,Female,Bachelor,Engineering,2,4,1,1,3,7,11,51003.0,5,3,Yes,5,2,0
2384,35,Female,High School,Operations,5,17,10,12,4,57,16,102759.15,4,4,No,2,1,0
2385,50,Male,Master,Engineering,3,2,0,2,2,118,14,68014.57,5,3,No,2,1,0
2386,57,Male,Master,HR,3,3,2,1,4,6,3,70949.72,3,4,No,3,0,1
2387,49,Male,Bachelor,Sales,3,3,0,0,3,98,14,63948.55,5,3,Yes,4,2,0
2388,42,Female,Master,HR,4,10,7,6,4,86,16,77532.96,4,2,No,4,2,1
2389,24,Male,Master,Finance,1,8,1,2,3,71,10,37081.3,4,4,No,3,3,0
2390,40,Female,Bachelor,Engineering,3,0,0,0,5,20,14,64182.55,5,4,No,4,3,0
2391,52,Female,Master,Finance,2,24,0,12,5,96,19,64466.27,4,5,No,2,3,1
2392,56,Male,Bachelor,Finance,1,15,14,13,5,46,20,51780.16,4,2,Yes,3,1,1
2393,24,Male,Bachelor,Finance,1,8,3,1,2,0,6,48510.71,3,4,Yes,4,1,0
2394,47,Male,Master,Marketing,2,10,3,3,4,11,12,57347.29,5,3,No,3,0,0
2395,37,Male,Master,Engineering,2,5,3,2,3,74,12,47516.23,4,3,No,3,1,0
2396,32,Male,Master,Finance,4,16,9,14,4,47,19,82360.23,5,4,Yes,2,1,1
2397,42,Male,Bachelor,Operations,3,11,10,3,3,93,19,67220.73,3,4,No,3,2,1
2398,37,Female,Bachelor,Operations,2,21,17,20,4,3,1,67403.77,3,4,Yes,5,1,0
2399,30,Male,High School,Operations,1,7,6,3,5,33,9,48116.59,1,2,No,5,2,1
2400,21,Male,Bachelor,Engineering,1,15,12,13,3,86,17,50547.03,4,3,No,5,1,0
2401,42,Female,High School,Marketing,2,4,2,3,3,31,19,61213.19,3,1,No,1,0,0
2402,46,Female,Bachelor,Finance,3,20,6,4,2,2,4,83163.52,3,3,Yes,5,0,0
2403,38,Male,Bachelor,Sales,1,0,0,0,3,91,19,38181.92,4,4,No,4,2,1
2404,34,Female,Master,Marketing,2,16,6,11,3,67,18,63113.77,3,3,No,5,0,1
2405,49,Male,Bachelor,Finance,4,23,16,6,4,56,1,91709.33,5,4,Yes,5,0,0
2406,32,Female,Bachelor,Sales,3,20,19,2,3,113,3,79597.17,4,4,No,4,0,0
2407,56,Female,Bachelor,Sales,3,7,2,6,4,75,15,69469.43,5,4,No,2,0,0
2408,55,Female,High School,Marketing,3,9,7,2,3,23,20,70384.85,2,3,Yes,4,2,1
2409,32,Male,High School,Sales,1,17,15,5,3,32,15,50305.56,3,3,No,3,0,0
2410,27,Female,Bachelor,Sales,1,14,7,7,3,2,16,45472.31,3,3,No,3,0,0
2411,49,Male,Master,Engineering,4,19,2,5,2,3,14,97550.26,4,2,No,3,1,0
2412,31,Male,High School,Sales,3,12,3,9,4,29,12,74336.99,3,4,No,4,2,0
2413,53,Male,Master,Operations,2,9,0,2,2,69,0,58522.01,3,5,No,2,1,0
2414,26,Male,PhD,HR,1,8,1,4,4,48,4,46225.55,5,4,Yes,5,0,0
2415,35,Male,Master,Finance,3,12,6,8,2,29,19,76205.45,2,4,No,3,2,1
2416,52,Female,Bachelor,Operations,1,2,2,1,5,71,0,36928.53,4,4,Yes,4,1,1
2417,31,Female,Master,HR,1,21,13,15,4,81,11,55381.4,4,3,Yes,2,0,0
2418,43,Male,High School,Engineering,2,22,15,8,3,15,14,65790.0,2,3,No,5,1,0
2419,46,Male,Bachelor,Marketing,2,2,2,1,3,52,3,50771.24,4,3,Yes,4,2,0
2420,54,Male,Master,Engineering,1,0,0,0,3,5,18,34296.23,4,5,No,3,1,0
2421,54,Male,Bachelor,Engineering,1,1,1,0,4,23,15,33874.51,3,2,No,4,3,1
2422,49,Male,Bachelor,Marketing,3,10,6,10,3,114,17,63521.26,3,3,No,2,1,0
2423,24,Female,Bachelor,Marketing,2,13,12,8,4,91,16,67332.15,5,5,No,4,1,1
2424,37,Male,Bachelor,Marketing,2,9,8,9,1,95,10,55761.83,3,3,No,4,0,0
2425,55,Male,Bachelor,Operations,2,6,1,4,2,88,19,56347.02,4,4,Yes,2,2,0
2426,33,Male,Bachelor,Marketing,5,22,8,9,3,27,12,105185.43,4,4,Yes,4,1,0
2427,35,Female,PhD,Marketing,1,0,0,0,2,20,8,38988.9,2,3,No,3,1,0
2428,49,Female,PhD,Operations,1,25,8,5,4,7,16,51485.96,5,4,No,4,1,1
2429,49,Female,Master,Sales,3,6,5,0,2,35,16,64520.45,3,3,Yes,4,1,1
2430,31,Female,Bachelor,Engineering,1,14,7,11,5,8,4,54238.16,3,4,No,4,1,0
2431,52,Male,Master,Marketing,2,25,24,3,4,39,7,79272.27,4,1,Yes,5,1,1
2432,22,Male,Master,Finance,2,10,6,4,3,84,2,56541.94,2,2,No,4,1,0
2433,34,Female,Master,Sales,5,5,3,1,3,50,5,88502.97,4,4,Yes,4,0,0
2434,40,Male,Bachelor,Engineering,4,21,19,18,3,0,2,96165.66,5,3,Yes,5,1,0
2435,42,Female,High School,Engineering,5,6,5,0,4,62,7,92162.91,3,4,No,5,1,0
2436,31,Male,High School,Finance,1,6,5,3,3,116,11,42518.55,3,3,No,4,1,0
2437,47,Male,Bachelor,Marketing,4,0,0,0,1,116,3,72741.79,3,4,No,5,1,0
2438,23,Male,Bachelor,Operations,1,9,3,1,3,67,1,42818.09,5,2,No,5,0,1
2439,37,Female,Master,Marketing,3,20,6,11,3,73,9,76578.19,2,5,Yes,3,0,0
2440,48,Female,Bachelor,Marketing,3,14,7,14,5,25,14,74128.16,3,3,No,3,1,0
2441,49,Male,Bachelor,HR,1,7,7,7,5,39,12,44566.64,4,3,No,3,1,1
2442,41,Male,Bachelor,Engineering,3,23,7,1,2,2,14,83174.82,3,4,No,5,0,0
2443,36,Male,Bachelor,Engineering,1,18,1,16,4,107,18,50458.13,2,5,Yes,2,0,0
2444,57,Male,High School,Finance,1,2,1,1,5,8,17,44130.39,5,5,No,4,0,1
2445,40,Male,Master,Sales,4,22,9,1,1,31,12,86314.88,3,3,No,5,0,0
2446,26,Male,Bachelor,Finance,1,14,1,3,4,66,19,51718.46,3,4,No,5,0,1
2447,39,Male,Master,Finance,1,3,1,1,3,3,19,37540.27,2,3,No,4,0,0
2448,25,Male,Bachelor,Engineering,2,5,1,4,4,5,0,50036.44,5,4,Yes,3,0,0
2449,23,Male,Bachelor,Operations,4,24,15,22,4,72,15,93300.69,3,3,Yes,3,1,0
2450,21,Male,Bachelor,Finance,1,9,3,6,5,25,7,38733.56,1,3,No,5,1,1
2451,58,Male,Master,Engineering,2,17,4,14,3,1,5,65717.1,3,5,No,5,1,0
2452,35,Male,High School,HR,4,15,3,3,4,65,2,92957.94,5,5,No,5,1,1
2453,54,Male,Master,Finance,1,17,4,11,3,113,19,49722.89,2,4,No,5,0,1
2454,55,Female,Bachelor,Engineering,2,5,3,4,3,84,15,62903.46,1,4,No,2,1,0
2455,45,Male,Master,Sales,3,18,9,13,5,85,1,73756.55,4,4,No,4,1,0
2456,44,Male,Master,Finance,2,16,16,15,4,2,1,61707.05,3,2,No,3,2,0
2457,32,Male,Bachelor,Operations,4,17,12,10,3,34,14,93739.24,4,4,No,4,3,0
2458,38,Female,Master,HR,1,12,0,11,4,113,9,43011.5,4,4,No,2,2,1
2459,35,Female,Bachelor,Operations,4,6,1,2,1,58,0,77493.52,2,3,No,3,1,0
2460,36,Female,Master,Marketing,5,19,12,16,3,37,19,108976.21,4,4,Yes,5,2,1
2461,47,Female,Bachelor,Sales,1,11,0,7,4,32,14,42184.31,1,4,Yes,4,0,1
2462,28,Male,Bachelor,Marketing,1,1,1,1,4,120,0,40262.21,3,5,No,5,1,0
2463,45,Female,Master,Engineering,5,11,9,10,3,14,15,96942.34,4,3,No,4,1,0
2464,37,Female,Master,Engineering,2,11,11,6,4,74,17,51209.05,3,4,No,3,0,1
2465,49,Male,Bachelor,Finance,2,23,9,8,3,73,4,67237.73,2,5,No,4,0,0
2466,28,Male,Master,Marketing,3,3,0,1,1,99,20,73225.96,2,3,Yes,5,1,0
2467,35,Male,Bachelor,Sales,3,3,1,1,3,13,4,64595.18,5,4,No,4,0,0
2468,47,Female,Bachelor,Operations,4,17,10,11,5,65,9,89835.34,5,5,No,5,0,1
2469,27,Male,Master,Marketing,1,15,2,14,5,44,11,51451.74,3,4,Yes,1,0,0
2470,23,Female,Bachelor,Operations,1,13,5,11,3,47,9,56871.2,2,5,No,3,1,0
2471,49,Male,Bachelor,Engineering,4,16,9,12,1,43,1,83504.89,5,3,No,5,0,0
2472,44,Male,Master,Operations,4,16,10,8,4,117,0,84686.16,4,2,No,1,1,0
2473,23,Male,High School,Engineering,3,2,1,2,4,36,15,62356.98,3,2,No,4,1,0
2474,40,Male,Master,Sales,5,5,0,5,3,114,17,91722.94,4,4,Yes,3,1,0
2475,35,Female,Bachelor,Marketing,3,22,5,0,3,28,6,81414.83,2,1,No,4,0,0
2476,45,Female,High School,Marketing,1,12,4,11,5,98,3,48527.96,4,4,Yes,3,0,1
2477,50,Male,Bachelor,Finance,4,8,6,5,4,116,9,77991.25,5,2,No,4,0,1
2478,34,Female,Bachelor,HR,2,20,11,14,3,83,9,69428.44,1,5,No,5,2,0
2479,27,Male,Master,Sales,1,8,6,8,4,84,10,36630.89,4,2,Yes,3,0,0
2480,37,Female,High School,Finance,2,7,1,4,2,33,2,53109.77,4,4,Yes,4,1,1
2481,40,Male,High School,Engineering,3,16,0,0,2,58,13,72115.27,5,4,Yes,1,1,0
2482,56,Male,Master,Finance,5,15,13,8,5,112,12,94095.06,3,4,No,3,2,0
2483,29,Male,High School,Engineering,1,15,6,2,3,116,18,43377.33,5,3,Yes,3,0,1
2484,58,Male,Master,Operations,1,18,17,8,3,42,9,54130.06,3,5,Yes,4,1,1
2485,42,Male,Bachelor,Finance,2,23,11,19,3,32,14,71418.38,3,3,Yes,3,1,0
2486,22,Female,Master,Marketing,4,15,6,14,5,18,7,88246.9,3,3,No,3,0,0
2487,44,Female,Bachelor,Operations,3,24,18,24,4,7,16,86365.21,5,4,No,4,0,0
2488,28,Female,Master,Finance,2,13,5,12,1,30,5,65161.93,2,4,No,5,0,0
2489,31,Male,Master,Sales,3,19,2,14,4,10,6,69942.83,5,3,No,3,1,0
2490,33,Male,Bachelor,Sales,1,13,12,7,3,7,13,51223.73,3,4,No,4,1,1
2491,37,Male,High School,Marketing,2,13,9,6,3,24,7,61429.97,5,3,No,4,0,0
2492,28,Male,Master,Engineering,1,13,12,3,4,112,11,49385.43,3,1,Yes,2,0,1
2493,41,Female,Bachelor,Finance,4,11,10,8,2,19,17,82404.55,2,3,No,4,0,0
2494,38,Male,High School,Engineering,1,5,2,3,5,37,13,39298.43,4,5,No,4,0,1
2495,50,Male,High School,Engineering,3,19,10,16,4,6,0,80211.53,4,4,No,4,0,0
2496,38,Male,Master,HR,1,12,4,5,3,116,3,43878.45,3,2,No,2,0,0
2497,51,Female,Bachelor,Operations,2,15,14,3,4,76,16,66911.42,4,2,No,5,0,1
2498,58,Male,Bachelor,Finance,1,8,1,2,3,38,17,42209.35,2,3,No,1,1,0
2499,52,Male,Bachelor,Operations,2,1,1,1,4,106,18,41734.82,4,4,No,3,1,1
2500,31,Male,Master,Operations,1,21,13,4,1,73,3,56350.43,3,2,No,4,0,0
2501,45,Male,Master,Engineering,3,2,2,2,3,71,5,58090.37,2,3,No,3,0,0
2502,53,Male,PhD,Engineering,2,9,5,8,4,105,7,52307.2,5,3,No,2,2,0
2503,58,Male,Bachelor,Marketing,3,19,0,14,4,117,14,80835.19,3,4,No,4,0,1
2504,28,Female,Master,Operations,2,1,1,0,3,106,19,53638.8,4,1,No,4,0,1
2505,31,Male,Bachelor,HR,2,23,0,20,3,19,0,69263.92,2,3,Yes,3,0,0
2506,42,Female,Bachelor,Operations,2,9,7,7,3,80,4,49048.73,2,4,No,4,1,0
2507,44,Female,Bachelor,Sales,5,7,2,5,3,10,15,93425.68,3,3,No,5,0,0
2508,37,Female,High School,Engineering,2,16,9,15,3,15,20,62121.81,3,4,No,5,3,1
2509,32,Male,PhD,Finance,1,25,11,23,4,100,5,65013.05,1,2,No,3,0,0
2510,52,Male,High School,HR,4,21,19,5,3,41,20,99768.53,2,3,No,4,0,0
2511,35,Female,Master,Sales,1,0,0,0,5,95,9,30982.92,3,2,No,3,1,1
2512,36,Female,Master,Engineering,4,5,4,4,3,89,9,87390.34,3,4,Yes,5,0,1
2513,42,Male,Master,Sales,1,6,3,6,5,51,4,36166.98,5,2,No,5,0,0
2514,48,Female,High School,Finance,3,14,14,4,3,36,7,71446.54,3,2,Yes,3,1,0
2515,40,Male,Bachelor,Operations,1,17,5,16,4,51,0,56405.17,4,3,No,4,0,0
2516,53,Male,Master,Operations,4,8,4,1,2,8,4,77313.4,1,3,No,5,2,0
2517,30,Male,Bachelor,Finance,2,7,0,6,4,34,0,52046.67,5,3,No,4,1,0
2518,52,Male,Bachelor,HR,2,24,18,10,3,66,6,63774.21,3,4,No,4,0,0
2519,53,Male,Bachelor,HR,1,9,9,3,3,94,14,39757.38,3,3,Yes,5,0,1
2520,22,Female,Bachelor,Sales,2,3,0,1,2,105,13,48442.64,1,1,No,5,0,1
2521,53,Male,Master,Engineering,3,19,13,6,1,6,8,81197.6,3,3,Yes,4,1,0
2522,53,Male,Bachelor,Sales,2,7,0,0,4,1,7,62014.06,5,2,No,5,1,1
2523,33,Male,Bachelor,Marketing,1,0,0,0,4,24,7,33965.66,3,2,No,4,2,1
2524,50,Male,Bachelor,Operations,2,7,4,7,4,103,2,53696.91,5,2,No,3,1,1
2525,53,Male,Bachelor,HR,2,22,2,7,3,75,19,64824.52,5,2,Yes,4,2,1
2526,33,Female,High School,Marketing,1,11,5,11,3,93,3,40787.11,2,4,No,3,0,1
2527,46,Female,Bachelor,Sales,1,22,4,0,4,117,16,50697.89,3,4,No,3,0,0
2528,42,Female,Bachelor,Finance,3,24,16,24,4,93,5,77497.97,5,3,No,5,2,0
2529,22,Female,Bachelor,Marketing,5,14,1,14,3,92,1,97399.65,1,4,Yes,5,0,0
2530,58,Male,Bachelor,HR,1,12,11,3,4,40,8,45286.26,4,5,Yes,5,2,1
2531,46,Male,Bachelor,Engineering,3,15,4,11,4,74,13,72991.02,5,3,No,3,0,0
2532,35,Male,Bachelor,Operations,1,25,8,14,5,114,0,61087.23,4,3,No,4,0,1
2533,54,Male,Bachelor,Marketing,2,22,11,22,1,51,16,68429.95,4,5,No,5,1,0
2534,31,Female,Master,Operations,2,17,8,14,4,86,10,59641.7,5,4,No,5,1,0
2535,23,Male,Bachelor,Marketing,1,0,0,0,3,80,5,40829.11,4,4,No,5,2,0
2536,26,Male,High School,Operations,2,16,2,8,4,76,0,55314.66,3,4,Yes,3,2,1
2537,29,Female,High School,Sales,4,15,0,15,3,96,18,83404.26,2,3,Yes,5,1,0
2538,26,Female,PhD,Sales,5,22,21,1,4,64,15,111688.69,4,4,No,5,0,1
2539,29,Female,Bachelor,Engineering,1,4,1,2,4,103,17,41962.0,5,4,No,1,1,1
2540,51,Male,Master,Sales,1,19,13,6,3,76,10,46907.08,4,3,Yes,3,1,0
2541,52,Male,High School,HR,5,20,6,20,3,37,8,96666.74,4,4,No,5,3,0
2542,32,Male,Master,Finance,1,9,3,6,4,66,20,43740.28,3,5,No,3,0,1
2543,28,Male,Master,Finance,3,25,25,16,3,79,5,81553.53,5,4,No,3,0,0
2544,28,Male,Bachelor,Engineering,1,5,4,2,1,41,1,44336.28,1,3,Yes,3,1,0
2545,48,Male,High School,Operations,2,11,3,10,1,70,7,63423.0,4,4,No,3,0,0
2546,40,Female,Bachelor,Sales,1,9,2,9,4,53,15,43037.54,5,2,No,3,0,0
2547,27,Male,Bachelor,Engineering,4,21,16,0,4,116,7,91478.62,2,5,No,1,1,1
2548,31,Female,Bachelor,Marketing,4,16,12,13,4,66,7,83269.73,5,4,No,3,2,1
2549,40,Female,Bachelor,Marketing,1,1,1,0,3,77,13,37268.67,5,2,Yes,5,0,0
2550,36,Male,High School,Engineering,4,18,5,7,3,63,0,85099.87,5,3,Yes,2,0,0
2551,24,Female,Bachelor,Sales,2,19,4,0,3,79,6,66197.52,3,4,No,3,2,0
2552,26,Male,Bachelor,Finance,1,5,2,1,5,3,1,38994.08,3,3,Yes,4,2,1
2553,42,Male,Bachelor,Sales,3,12,0,6,3,30,14,74302.55,4,2,No,4,0,0
2554,46,Female,High School,Sales,2,8,4,6,3,12,17,60397.63,3,3,No,3,1,0
2555,23,Male,PhD,Finance,1,11,5,8,4,26,3,52075.76,2,4,Yes,3,0,0
2556,34,Female,Bachelor,Engineering,1,17,9,3,5,58,17,52444.35,5,3,No,1,2,1
2557,31,Male,Master,Engineering,5,7,4,6,2,64,4,93728.52,4,4,No,5,1,0
2558,38,Female,Bachelor,HR,4,24,0,6,3,63,15,92601.57,3,3,No,4,1,0
2559,32,Male,High School,Operations,4,17,9,17,4,24,12,84936.63,1,2,No,3,2,0
2560,43,Male,Bachelor,Operations,1,24,16,12,4,36,8,53130.2,4,3,No,5,3,1
2561,32,Male,Bachelor,Engineering,3,22,2,10,2,113,4,82234.32,5,3,Yes,2,0,0
2562,33,Female,Master,Engineering,1,24,1,8,4,107,7,50397.82,3,5,No,3,0,0
2563,45,Female,Master,Engineering,5,21,16,13,3,74,17,107391.81,2,5,No,4,1,0
2564,39,Female,Bachelor,Engineering,1,1,1,1,4,72,2,36464.79,4,3,Yes,4,1,1
2565,56,Male,PhD,HR,2,7,1,4,3,70,5,54129.28,3,3,Yes,4,1,1
2566,28,Female,Bachelor,Finance,2,9,4,4,2,13,10,59795.97,2,5,No,3,1,1
2567,49,Female,PhD,HR,4,8,0,0,4,93,13,72864.84,4,3,No,4,0,1
2568,52,Female,PhD,Engineering,3,23,0,13,4,23,18,80811.98,3,3,Yes,3,2,1
2569,38,Male,Bachelor,Engineering,2,17,3,4,4,66,6,70613.73,4,2,Yes,2,3,1
2570,26,Female,Bachelor,HR,2,7,6,1,4,47,9,54164.48,5,4,Yes,4,2,0
2571,38,Female,Bachelor,Engineering,4,18,13,5,2,102,14,83907.48,3,3,No,5,1,0
2572,39,Male,Master,HR,1,2,1,1,3,90,5,37413.8,5,4,No,3,0,0
2573,42,Female,Bachelor,Finance,4,8,1,7,3,64,19,85435.64,5,3,No,4,1,0
2574,57,Female,PhD,Finance,5,12,1,5,5,37,5,92739.56,4,2,No,4,0,0
2575,52,Male,Master,HR,1,8,0,3,3,89,15,38040.35,2,2,No,5,1,1
2576,23,Male,Bachelor,Finance,1,24,20,2,2,69,8,56732.45,5,5,No,3,1,1
2577,48,Male,High School,Engineering,2,19,15,6,3,58,18,60481.03,5,5,No,4,0,1
2578,30,Male,Master,Sales,1,11,5,1,5,105,17,37874.95,3,4,Yes,4,1,1
2579,55,Female,Bachelor,Finance,2,22,17,6,4,11,4,71814.69,4,1,No,3,0,0
2580,49,Male,Master,Engineering,3,12,11,0,5,53,15,75992.19,3,3,Yes,4,2,0
2581,35,Female,Bachelor,Finance,2,7,3,4,3,50,6,56976.04,1,3,No,4,0,0
2582,53,Female,Bachelor,Marketing,1,14,6,9,4,37,18,53173.93,3,3,No,5,1,0
2583,27,Male,High School,Operations,3,12,5,4,3,45,4,70174.55,2,5,No,4,0,0
2584,32,Female,Master,Operations,3,20,5,8,2,98,19,84407.02,2,1,No,3,1,0
2585,50,Female,High School,Sales,5,12,8,12,1,9,10,93286.58,3,4,Yes,3,1,0
2586,41,Female,Master,Operations,1,16,9,14,3,8,17,51402.06,5,3,Yes,4,0,1
2587,51,Female,Bachelor,Finance,3,14,1,12,4,86,6,70225.33,5,4,No,4,1,0
2588,44,Female,Master,Finance,4,24,6,16,5,93,17,88991.54,5,4,No,3,1,0
2589,40,Female,Bachelor,Sales,2,21,20,7,2,51,2,65356.58,3,3,No,3,1,0
2590,57,Male,High School,Operations,2,18,16,8,5,50,4,74116.87,4,2,No,5,0,0
2591,24,Female,Master,Sales,1,2,2,0,3,21,12,44933.43,5,3,No,2,1,1
2592,48,Female,High School,Marketing,4,13,3,7,3,110,15,87800.48,4,5,No,3,0,0
2593,40,Female,Bachelor,Sales,2,9,1,3,3,72,11,55385.79,2,3,No,4,1,1
2594,44,Male,Bachelor,Finance,4,16,6,6,3,82,6,85595.01,3,2,Yes,4,0,0
2595,52,Female,Master,Engineering,4,7,7,0,3,71,12,86153.2,5,4,No,4,0,1
2596,56,Male,Master,Engineering,2,17,16,6,4,117,0,64389.25,2,3,Yes,3,0,1
2597,54,Female,Bachelor,Sales,2,11,2,5,4,67,14,62062.6,3,3,No,5,2,1
2598,56,Male,Bachelor,Engineering,1,16,11,4,4,4,20,49185.12,3,3,No,1,2,1
2599,22,Male,Master,Sales,1,22,8,16,3,82,11,55610.74,5,3,No,4,3,0
2600,35,Male,High School,HR,3,10,10,7,4,109,16,73122.68,2,3,No,4,1,0
2601,54,Male,Master,Finance,3,8,1,0,4,81,19,65258.39,4,4,No,3,2,1
2602,56,Female,Bachelor,Marketing,2,21,20,15,5,120,4,69293.08,2,3,Yes,4,1,0
2603,26,Female,PhD,Finance,4,23,3,16,3,28,16,90898.7,4,3,No,3,1,0
2604,32,Female,Master,Sales,1,23,18,2,5,82,14,59740.73,4,1,No,3,2,1
2605,23,Male,Master,Engineering,2,24,20,12,4,5,19,67678.68,1,3,No,3,1,1
2606,38,Male,Master,Engineering,2,22,15,7,4,68,18,75810.26,5,2,No,4,1,0
2607,41,Female,Bachelor,Operations,2,24,21,15,1,57,0,70343.03,5,3,No,5,2,0
2608,35,Female,Bachelor,Operations,5,14,0,7,3,42,3,100697.96,3,3,Yes,3,2,0
2609,53,Male,High School,Engineering,3,8,1,6,3,119,2,68117.36,2,2,No,5,0,0
2610,55,Male,Bachelor,Sales,2,11,0,4,1,68,7,56894.52,3,3,Yes,5,0,0
2611,46,Male,Bachelor,Operations,2,10,2,7,3,71,8,60297.22,5,3,Yes,2,1,0
2612,28,Female,Master,Operations,1,16,7,1,5,90,11,56015.21,2,3,Yes,5,0,1
2613,56,Female,Bachelor,Operations,2,5,3,3,3,36,4,47706.59,3,3,No,4,2,0
2614,50,Male,High School,Marketing,3,7,5,2,2,106,8,67824.14,3,3,Yes,5,3,0
2615,43,Male,Bachelor,HR,4,9,8,1,3,57,0,80667.64,1,4,Yes,5,1,1
2616,34,Female,Master,Sales,4,24,22,9,1,108,10,95439.08,3,4,Yes,5,1,0
2617,34,Male,Bachelor,HR,2,14,1,4,3,101,6,67015.39,4,4,No,3,0,0
2618,22,Male,Bachelor,HR,2,3,2,2,4,36,19,54965.11,3,5,No,4,2,1
2619,57,Female,Master,HR,1,17,1,3,3,81,13,56926.6,5,5,No,4,2,1
2620,25,Male,Bachelor,HR,1,10,2,0,4,25,2,47052.41,5,2,No,3,0,0
2621,58,Male,Bachelor,Engineering,2,8,7,4,2,41,10,54465.52,3,3,Yes,3,0,0
2622,34,Female,Bachelor,Engineering,2,8,8,6,5,15,16,46500.82,4,5,No,3,0,0
2623,45,Female,Master,Engineering,1,7,4,0,5,21,17,48961.29,4,1,Yes,5,1,1
2624,40,Female,Bachelor,Sales,3,2,1,1,1,109,18,52799.47,4,4,No,5,0,0
2625,22,Female,Master,HR,3,20,2,14,4,22,17,85350.28,2,5,No,5,0,0
2626,26,Female,High School,Marketing,1,17,11,13,3,46,5,55263.71,2,4,No,3,0,0
2627,37,Female,Master,Marketing,3,13,9,8,3,66,14,80574.21,5,2,No,4,1,0
2628,45,Male,Bachelor,Engineering,1,2,0,0,3,2,6,39862.85,3,4,No,4,3,0
2629,48,Female,Bachelor,HR,2,16,10,1,3,11,4,65401.2,4,3,Yes,3,1,0
2630,22,Female,Bachelor,Sales,4,3,1,2,5,22,4,74958.96,4,5,No,3,1,0
2631,55,Male,Bachelor,Finance,2,20,2,6,3,110,6,67303.17,2,3,No,3,0,0
2632,57,Male,High School,Engineering,4,17,8,8,2,10,11,85401.06,4,3,No,5,1,1
2633,25,Male,Master,Engineering,1,14,11,1,3,105,7,49130.32,5,4,No,5,0,0
2634,21,Male,Bachelor,Operations,2,18,5,3,4,51,17,61813.97,3,3,No,5,0,1
2635,32,Male,Master,HR,2,21,18,1,5,110,17,68084.9,5,2,No,4,0,0
2636,56,Female,Master,Sales,3,5,4,3,4,49,16,65397.41,2,1,No,3,0,1
2637,43,Female,Bachelor,Engineering,4,14,6,10,3,56,10,85519.3,5,3,No,5,0,0
2638,51,Male,Master,HR,3,6,4,0,3,63,14,66038.81,4,5,No,3,1,1
2639,31,Male,Bachelor,Engineering,3,11,11,8,3,45,19,68427.74,4,3,No,4,0,1
2640,30,Male,High School,Operations,1,15,3,11,1,28,5,52738.19,3,1,No,3,1,0
2641,23,Female,PhD,HR,2,8,1,4,3,120,11,57459.64,3,4,No,5,1,1
2642,34,Male,Master,Finance,3,19,9,2,2,69,6,79205.09,5,2,Yes,1,1,0
2643,36,Male,Bachelor,HR,2,4,1,3,4,45,7,48832.87,3,3,Yes,3,1,1
2644,30,Male,Bachelor,Engineering,5,10,2,10,3,15,3,96693.33,4,3,No,4,3,0
2645,49,Male,Bachelor,Engineering,1,1,1,1,4,97,2,34844.83,5,3,No,3,0,1
2646,30,Male,PhD,Engineering,2,21,0,16,5,50,2,65808.94,3,2,No,5,1,0
2647,32,Female,High School,HR,2,15,13,15,5,100,9,62866.98,3,2,No,3,0,0
2648,50,Female,Bachelor,Engineering,4,3,2,2,2,10,14,80300.62,5,4,No,5,0,0
2649,21,Female,Bachelor,Operations,4,4,1,2,5,10,12,71768.7,5,3,Yes,4,0,1
2650,25,Male,Bachelor,Engineering,2,6,0,3,4,62,18,50445.36,3,4,No,4,0,1
2651,40,Female,Bachelor,Sales,1,5,4,1,4,52,7,33648.42,4,4,No,5,1,1
2652,28,Female,Bachelor,Sales,2,23,11,17,2,88,17,71724.85,5,2,No,4,0,0
2653,32,Male,High School,Sales,2,21,4,8,2,57,4,66550.9,2,5,No,3,1,0
2654,21,Female,Bachelor,Engineering,5,9,1,4,5,18,20,94797.65,1,2,Yes,3,1,0
2655,40,Male,Master,Sales,2,13,2,4,3,31,6,62052.96,4,4,No,2,3,0
2656,48,Female,High School,Sales,2,7,6,0,2,49,4,58452.13,3,3,No,4,1,0
2657,57,Male,Master,HR,2,13,6,12,3,71,18,60705.76,4,2,No,2,0,0
2658,57,Female,Master,Finance,2,13,9,5,5,54,16,57862.79,4,5,Yes,3,1,1
2659,32,Male,Master,Sales,4,19,16,13,3,75,18,91028.05,2,5,No,3,1,0
2660,57,Female,Master,HR,1,22,13,14,5,40,3,58458.22,5,3,No,4,2,0
2661,48,Female,Bachelor,Marketing,2,2,2,2,3,98,6,49406.59,3,3,No,3,1,0
2662,35,Female,Bachelor,Operations,5,0,0,0,3,69,5,85363.33,3,5,Yes,5,1,0
2663,26,Male,Bachelor,Finance,1,8,3,3,3,20,13,38819.96,3,4,Yes,3,1,0
2664,40,Male,Bachelor,Engineering,3,8,5,1,4,116,18,63110.03,5,3,Yes,4,0,0
2665,34,Female,Master,Marketing,2,21,7,0,3,25,19,61258.24,2,3,No,5,1,0
2666,22,Male,Bachelor,Finance,2,1,1,1,3,119,10,51054.23,1,4,Yes,3,1,1
2667,29,Male,Master,Engineering,1,15,2,11,3,0,6,53459.86,5,5,No,5,0,0
2668,57,Female,High School,Operations,2,7,7,5,3,80,2,49597.68,5,5,Yes,4,1,0
2669,40,Male,Master,Engineering,2,25,18,8,4,98,19,72144.45,3,3,No,5,0,0
2670,46,Male,Bachelor,Operations,1,5,0,1,3,26,16,43288.64,1,4,No,4,2,1
2671,49,Male,Bachelor,Marketing,2,22,17,20,2,49,10,67202.78,4,2,No,3,2,0
2672,21,Male,Bachelor,Finance,1,12,11,11,2,113,14,54206.2,4,4,No,5,1,0
2673,55,Female,Master,Marketing,3,0,0,0,3,65,6,55171.45,5,4,No,4,1,1
2674,26,Female,Bachelor,HR,4,18,8,17,5,99,14,87689.76,3,3,No,1,2,0
2675,57,Female,PhD,HR,1,14,6,0,3,64,16,37951.05,2,4,Yes,5,0,0
2676,25,Female,Master,Operations,1,0,0,0,2,9,10,38382.51,4,2,No,5,0,1
2677,53,Male,Master,Finance,4,9,7,2,3,94,11,78172.3,4,3,No,3,1,0
2678,34,Male,High School,Operations,3,0,0,0,4,120,12,53097.15,4,3,Yes,1,0,1
2679,32,Male,Master,Operations,1,11,1,3,4,36,10,49276.04,5,4,No,4,3,1
2680,40,Male,Master,Operations,2,10,3,6,3,68,10,57372.55,4,3,No,5,0,0
2681,44,Female,High School,Marketing,1,16,6,8,4,40,8,50172.09,2,1,No,2,1,1
2682,54,Male,High School,HR,1,3,0,3,4,45,10,44209.75,4,2,No,4,0,1
2683,45,Male,High School,Sales,5,22,22,6,2,116,3,101675.08,3,4,Yes,4,0,0
2684,49,Male,High School,Marketing,3,6,4,1,2,76,1,68975.81,3,1,No,2,0,0
2685,51,Female,Bachelor,Engineering,3,11,3,7,3,44,3,74057.2,5,4,No,4,0,0
2686,43,Female,PhD,Engineering,1,12,0,7,4,87,13,45549.99,4,5,No,2,0,1
2687,58,Male,Bachelor,Engineering,1,4,1,0,5,26,4,40633.87,2,3,No,4,2,0
2688,40,Female,Bachelor,Operations,4,5,1,3,3,64,16,84214.97,3,4,No,3,0,0
2689,43,Male,PhD,Operations,1,1,0,1,4,112,11,33860.83,3,3,No,3,0,1
2690,36,Male,Bachelor,Finance,2,20,20,11,2,83,5,69219.72,2,3,No,5,1,1
2691,28,Female,Master,HR,1,6,0,6,5,7,11,42648.44,4,2,No,3,0,0
2692,41,Male,Bachelor,Finance,2,13,4,8,4,66,14,65782.74,4,3,Yes,4,2,1
2693,21,Female,Bachelor,Finance,1,24,13,1,4,48,18,58465.06,3,5,No,4,2,1
2694,28,Female,Bachelor,Engineering,2,21,13,11,2,95,9,70643.01,3,5,No,3,3,1
2695,49,Female,Bachelor,Engineering,4,13,9,10,1,107,1,78297.92,3,5,Yes,2,2,0
2696,52,Female,High School,Engineering,3,9,2,6,4,120,11,60523.34,2,5,No,1,0,0
2697,58,Male,Master,Finance,1,3,0,0,2,120,11,35503.04,3,2,No,3,1,0
2698,25,Female,Bachelor,Finance,3,2,0,1,2,88,6,61033.82,5,2,Yes,5,1,1
2699,42,Male,Master,HR,1,24,15,12,2,88,0,57183.3,4,3,No,4,1,0
2700,54,Female,Bachelor,Operations,2,22,8,20,2,113,17,73169.12,5,4,No,5,0,0
2701,21,Female,High School,Sales,3,13,3,3,4,13,2,71128.05,4,3,No,4,0,0
2702,46,Female,Master,Engineering,1,5,3,0,3,61,19,41595.3,4,5,Yes,1,1,0
2703,30,Female,Bachelor,Engineering,2,22,7,16,3,42,4,69358.24,3,4,No,3,0,0
2704,50,Male,Master,Sales,3,14,6,2,3,26,19,71073.99,2,4,No,1,0,1
2705,38,Female,PhD,Engineering,5,7,2,5,4,111,14,91226.78,4,2,Yes,1,0,0
2706,37,Female,Master,Engineering,2,4,4,0,5,95,9,56804.64,3,2,No,4,1,1
2707,46,Female,High School,HR,1,2,1,2,3,26,18,39996.76,4,3,No,3,2,1
2708,28,Female,Bachelor,Engineering,2,2,2,2,4,67,0,53172.83,3,5,No,4,1,1
2709,32,Male,Master,Marketing,2,12,2,9,3,113,6,61132.88,5,3,No,2,2,0
2710,47,Male,Master,HR,2,1,1,1,3,102,17,56488.5,3,4,Yes,4,0,1
2711,28,Female,High School,Sales,2,23,14,21,4,74,1,65490.4,3,5,No,2,1,0
2712,45,Female,Bachelor,Marketing,3,0,0,0,3,111,18,71002.47,5,3,No,3,0,0
2713,24,Male,Bachelor,Sales,1,11,5,3,3,47,9,50885.37,3,2,No,3,1,1
2714,53,Female,Bachelor,Marketing,1,7,4,7,4,66,14,48012.56,5,3,No,3,2,1
2715,21,Male,Bachelor,Operations,2,18,9,13,5,24,9,70439.82,1,4,No,3,0,0
2716,39,Female,Bachelor,Engineering,2,8,8,3,5,63,9,60345.37,4,5,No,1,1,0
2717,51,Male,Master,Operations,5,13,2,1,4,118,11,91539.56,2,1,No,3,1,0
2718,36,Male,Master,Marketing,2,17,7,1,3,23,7,59767.97,2,3,No,2,1,0
2719,34,Male,Bachelor,Operations,4,9,2,5,3,8,13,83896.84,4,3,Yes,5,0,0
2720,25,Male,Bachelor,Finance,4,8,1,4,4,7,1,82510.32,3,4,No,2,0,1
2721,46,Male,Bachelor,Engineering,4,5,4,0,2,102,16,81043.21,3,1,No,5,0,0
2722,48,Male,PhD,Operations,1,0,0,0,4,94,5,37186.58,5,4,Yes,4,0,1
2723,22,Male,PhD,Sales,5,4,3,3,3,120,7,83330.85,5,3,No,4,1,0
2724,26,Female,Master,Engineering,1,9,4,4,3,58,0,44659.49,3,4,No,4,0,1
2725,29,Female,Master,Engineering,1,24,21,16,3,16,2,61565.46,3,3,No,4,1,0
2726,53,Male,Bachelor,Engineering,2,12,2,11,5,42,14,58787.31,4,3,Yes,3,0,1
2727,45,Female,Master,HR,1,21,0,17,2,94,16,55880.97,5,5,Yes,1,0,0
2728,33,Male,Bachelor,Marketing,1,22,14,2,4,67,6,56920.21,5,3,No,4,1,0
2729,29,Female,Bachelor,Operations,1,3,3,0,4,3,13,37611.97,3,3,No,2,1,0
2730,33,Female,Master,Sales,1,0,0,0,5,100,2,33744.36,4,4,No,4,0,1
2731,51,Male,High School,Operations,3,20,1,20,3,7,17,87433.5,2,4,Yes,5,2,0
2732,31,Male,High School,Operations,1,1,1,1,3,41,4,44134.4,3,3,No,4,0,1
2733,24,Male,Bachelor,Sales,2,23,0,13,5,48,19,73980.57,1,3,No,3,1,1
2734,54,Male,Bachelor,Engineering,5,3,0,3,3,5,14,89360.12,3,3,No,3,0,0
2735,58,Female,Master,Marketing,2,16,2,8,3,72,5,59381.2,4,2,No,1,0,0
2736,24,Male,High School,Finance,3,9,1,0,3,41,2,72649.21,2,3,Yes,4,3,1
2737,58,Male,High School,Marketing,5,22,3,21,1,71,17,109261.24,5,5,No,4,2,0
2738,39,Male,High School,Marketing,1,11,5,6,3,31,19,45522.1,4,4,No,4,0,1
2739,26,Male,High School,HR,2,1,0,1,4,14,2,45629.2,1,2,No,3,2,1
2740,54,Male,High School,Sales,4,2,0,1,4,81,7,76507.68,5,1,No,3,0,1
2741,38,Male,Master,Finance,5,13,8,2,1,86,18,100971.66,5,2,No,5,2,0
2742,33,Female,Bachelor,Sales,3,24,7,23,4,68,17,80039.84,4,3,Yes,1,1,0
2743,43,Male,Master,Finance,1,14,5,8,3,113,14,51714.84,3,4,No,3,0,1
2744,39,Male,PhD,Marketing,4,12,3,12,3,26,13,80170.24,3,3,No,1,2,0
2745,31,Female,Master,Finance,1,8,1,0,5,96,15,39653.28,2,2,No,3,1,1
2746,21,Male,High School,Operations,2,1,1,0,3,65,2,50719.47,3,3,No,5,0,0
2747,44,Female,High School,HR,2,18,7,14,4,105,14,61942.45,2,2,No,2,0,0
2748,27,Female,Master,Marketing,2,15,6,14,4,101,18,64220.34,4,3,Yes,4,2,0
2749,45,Male,Bachelor,Finance,3,10,3,10,4,58,7,63538.27,3,4,No,3,1,0
2750,41,Male,Master,Operations,4,11,2,11,3,27,1,79471.87,3,3,No,4,0,0
2751,35,Male,Master,Marketing,3,24,14,9,3,23,16,86716.42,3,2,No,5,0,0
2752,21,Male,Master,Sales,1,0,0,0,3,50,11,39770.06,3,3,No,3,0,1
2753,32,Male,PhD,Operations,2,1,1,0,3,20,18,51576.16,3,4,No,2,0,1
2754,27,Male,Bachelor,Finance,3,15,14,6,3,30,10,72718.07,3,2,No,3,0,0
2755,35,Male,Bachelor,Sales,2,1,0,0,4,74,17,49954.84,5,2,No,3,1,0
2756,41,Male,PhD,Finance,5,25,0,6,3,49,12,106600.96,4,3,No,4,0,1
2757,39,Female,Bachelor,Operations,4,18,17,4,4,91,13,98535.1,3,3,No,5,0,0
2758,49,Female,High School,Finance,3,9,6,9,3,111,11,70365.74,5,3,No,1,1,0
2759,45,Male,Bachelor,Engineering,1,18,10,15,4,39,14,50133.56,4,1,No,4,0,0
2760,53,Male,Bachelor,Marketing,3,9,2,8,5,67,20,68776.34,2,3,No,2,2,0
2761,52,Female,Master,Marketing,4,15,13,7,5,106,7,79777.86,2,3,Yes,2,0,0
2762,55,Female,Master,HR,2,12,12,5,3,105,1,52184.89,2,2,No,4,1,1
2763,58,Female,Bachelor,Sales,4,15,15,1,5,15,7,92350.86,3,4,No,5,1,1
2764,46,Male,PhD,Engineering,2,17,16,7,3,75,4,65394.75,3,4,No,3,0,0
2765,31,Female,Master,Marketing,2,23,17,13,2,85,1,67893.65,4,3,No,3,2,1
2766,55,Male,Bachelor,Marketing,3,7,1,3,4,98,9,67193.92,5,3,No,4,1,0
2767,28,Male,Bachelor,Engineering,3,23,13,23,5,106,9,81283.33,1,4,Yes,4,0,1
2768,34,Male,Bachelor,Engineering,4,17,6,14,5,62,3,88570.36,3,5,No,5,2,1
2769,30,Male,Master,Sales,1,12,6,6,2,55,3,52390.99,3,4,No,3,2,0
2770,22,Male,High School,Marketing,1,24,13,19,4,79,7,60741.75,5,3,No,4,1,1
2771,29,Male,Bachelor,Sales,3,6,1,2,4,23,5,64761.66,3,4,No,3,0,0
2772,23,Female,Master,Sales,1,20,14,10,3,98,14,48004.48,2,3,Yes,4,0,0
2773,41,Female,Bachelor,Sales,2,22,11,1,4,27,17,64790.75,2,3,Yes,3,1,0
2774,46,Male,Bachelor,Finance,1,23,11,8,3,120,20,60733.82,4,3,Yes,2,0,1
2775,28,Male,Bachelor,Engineering,1,24,7,5,3,105,7,64848.39,3,3,Yes,5,1,0
2776,22,Male,Bachelor,Engineering,3,17,15,0,4,92,19,72788.21,4,1,No,4,1,1
2777,26,Female,Master,Operations,3,5,0,2,3,84,6,61383.55,3,2,No,1,1,0
2778,48,Male,Bachelor,Sales,1,8,1,4,3,111,19,42470.47,2,2,Yes,4,1,0
2779,49,Female,High School,Engineering,1,5,5,3,2,88,16,48637.62,3,5,No,4,2,1
2780,46,Male,Master,Operations,1,17,15,0,4,102,18,52890.81,5,2,No,3,3,1
2781,45,Male,PhD,Engineering,2,16,4,8,3,30,1,60350.95,3,3,No,4,1,0
2782,32,Female,Bachelor,Finance,1,11,4,4,3,14,11,45455.47,5,5,No,3,0,0
2783,25,Female,High School,Sales,2,2,1,0,4,110,18,48687.26,3,4,Yes,3,2,0
2784,54,Male,Bachelor,Marketing,3,4,4,3,2,41,4,67416.53,3,3,No,5,0,0
2785,57,Male,Master,Engineering,3,6,1,2,5,98,11,74213.93,4,4,No,4,0,1
2786,35,Female,Bachelor,Marketing,1,9,1,6,3,101,16,45623.33,3,3,Yes,5,1,1
2787,56,Male,Bachelor,Engineering,3,9,4,9,3,49,4,73475.02,3,2,Yes,4,1,0
2788,35,Female,Bachelor,Engineering,4,18,10,15,2,85,1,83815.73,1,4,No,4,1,0
2789,43,Male,Bachelor,Marketing,2,24,12,7,2,4,3,79964.02,2,2,No,1,0,0
2790,26,Female,Master,Operations,2,25,2,25,5,47,5,66143.68,3,4,No,4,2,0
2791,41,Female,Master,Sales,2,3,0,1,3,12,8,56547.39,3,2,No,4,2,1
2792,43,Male,Master,Marketing,1,9,8,2,4,31,9,46454.49,3,4,No,2,1,1
2793,36,Female,Bachelor,Engineering,3,17,17,6,2,66,10,71267.58,3,3,No,4,0,0
2794,35,Male,High School,Finance,4,2,1,2,4,78,1,78137.81,4,5,Yes,2,1,1
2795,45,Male,Bachelor,Engineering,2,20,11,3,5,118,20,66883.68,2,3,Yes,5,0,1
2796,56,Female,Bachelor,Finance,3,2,1,1,3,90,8,59153.11,4,5,No,5,1,1
2797,31,Male,Bachelor,Engineering,3,4,1,0,4,115,19,64642.94,3,3,No,4,2,1
2798,35,Female,High School,Engineering,1,15,1,0,5,90,16,43900.57,4,4,Yes,2,2,0
2799,24,Male,High School,Sales,1,19,19,16,4,29,8,52170.57,4,4,No,4,1,0
2800,41,Male,PhD,Sales,4,12,1,4,2,5,7,79942.27,4,2,Yes,4,2,0
2801,33,Male,Master,Operations,5,10,6,2,3,24,4,93270.44,4,4,No,5,1,0
2802,42,Male,Master,Operations,3,25,14,25,2,27,4,76576.88,3,3,Yes,1,2,0
2803,39,Male,Bachelor,Marketing,4,12,11,12,5,61,5,76636.1,3,3,No,4,3,1
2804,54,Female,PhD,Engineering,2,18,9,8,4,21,15,61803.62,4,4,No,2,2,0
2805,34,Female,High School,Engineering,1,5,0,4,5,67,0,41346.77,3,5,No,4,0,1
2806,24,Female,Bachelor,Marketing,2,23,10,22,1,14,8,65806.99,3,4,No,5,2,0
2807,47,Male,Master,Operations,1,12,1,0,3,25,20,49646.18,3,3,No,5,0,0
2808,49,Male,Bachelor,HR,4,3,2,1,2,62,6,78508.35,3,3,Yes,4,1,0
2809,48,Male,Bachelor,Marketing,5,24,20,10,3,17,10,103223.45,4,4,No,4,1,0
2810,55,Male,High School,Operations,4,21,17,3,2,72,14,97461.88,1,5,No,5,0,0
2811,28,Male,High School,Operations,2,4,0,0,3,62,4,51388.4,2,4,No,4,0,0
2812,36,Male,Bachelor,Engineering,1,18,3,4,4,61,18,60526.13,5,3,Yes,3,1,1
2813,56,Male,Master,Sales,1,4,0,4,2,115,5,39561.5,2,3,Yes,5,2,0
2814,50,Female,Master,HR,2,20,16,7,3,67,13,62513.45,3,2,No,3,2,0
2815,38,Male,Bachelor,HR,3,13,0,1,5,47,19,77612.37,5,5,No,4,1,0
2816,22,Male,Bachelor,Engineering,2,3,0,2,5,49,13,47534.39,1,5,Yes,3,2,0
2817,33,Male,High School,Engineering,5,11,3,0,3,62,10,99450.82,5,4,Yes,2,2,0
2818,24,Male,Bachelor,Marketing,4,5,0,1,5,68,3,77982.5,2,5,Yes,4,0,1
2819,46,Female,PhD,HR,1,18,7,10,3,108,9,50976.45,2,3,Yes,4,0,1
2820,45,Male,High School,Engineering,1,9,6,8,3,5,1,42026.29,1,4,Yes,3,0,0
2821,50,Male,Master,Finance,3,0,0,0,5,57,3,60655.02,4,3,No,3,0,0
2822,31,Male,Bachelor,Finance,1,22,14,2,4,117,19,59519.39,5,3,No,3,1,1
2823,27,Male,Master,Marketing,3,22,0,12,5,50,9,80639.64,5,4,No,4,1,0
2824,51,Male,Master,Sales,2,15,2,1,4,11,0,68418.03,4,3,No,3,2,1
2825,30,Female,Bachelor,Marketing,1,3,0,3,3,94,13,34996.92,2,4,Yes,5,1,0
2826,33,Female,Bachelor,Finance,2,8,8,3,4,46,17,55813.55,5,4,Yes,2,1,0
2827,51,Female,Master,Sales,2,17,4,2,3,8,11,68702.64,4,4,No,5,0,0
2828,27,Male,Bachelor,Marketing,4,16,15,1,3,6,18,82584.4,3,4,No,4,1,1
2829,56,Female,Bachelor,Engineering,1,14,11,4,2,28,11,53761.06,5,3,No,3,1,1
2830,40,Male,Master,Engineering,4,18,12,4,3,77,4,89279.18,5,3,Yes,1,0,0
2831,24,Male,Bachelor,Engineering,3,6,5,4,5,50,3,66840.47,4,2,No,5,3,1
2832,27,Female,Master,Engineering,3,24,10,7,5,83,12,81241.79,2,3,No,5,1,1
2833,21,Male,Bachelor,Engineering,1,17,12,15,4,111,17,47464.15,5,3,No,5,0,1
2834,33,Male,High School,Marketing,3,5,5,1,3,54,11,65184.76,2,2,No,3,1,0
2835,42,Female,Master,Sales,2,18,16,15,4,95,15,62976.86,4,4,No,2,0,1
2836,41,Male,Bachelor,Operations,2,20,4,0,4,58,5,73097.22,2,3,No,3,2,0
2837,42,Female,Bachelor,Finance,3,11,0,7,5,55,6,72941.69,5,1,No,3,1,0
2838,48,Male,Bachelor,Sales,2,24,0,20,2,21,8,70738.0,3,3,No,2,2,0
2839,29,Female,Bachelor,Sales,4,2,2,1,3,99,9,80070.96,4,3,No,4,0,0
2840,46,Female,Bachelor,Finance,1,0,0,0,5,107,4,36775.55,2,2,No,4,2,1
2841,29,Female,Bachelor,Finance,4,4,4,4,5,17,20,79411.52,4,3,Yes,4,1,1
2842,35,Male,Bachelor,Sales,1,0,0,0,3,57,3,41656.85,5,3,Yes,2,0,0
2843,30,Male,Bachelor,Engineering,4,7,4,1,2,39,10,78210.93,5,3,No,3,0,0
2844,44,Male,Master,Marketing,5,6,6,6,4,112,18,92139.76,2,3,No,3,0,1
2845,28,Male,Master,Sales,2,14,1,13,4,88,6,59853.24,3,3,No,5,1,0
2846,44,Male,Bachelor,Operations,2,10,5,9,4,30,12,62584.73,3,2,Yes,5,0,1
2847,36,Female,Master,Finance,3,17,1,2,3,55,12,76191.03,3,1,No,3,1,0
2848,46,Male,Master,Engineering,1,13,12,6,3,34,20,54182.48,5,4,Yes,4,1,1
2849,47,Female,Bachelor,Engineering,2,8,4,3,1,25,17,56995.43,4,3,No,3,1,1
2850,57,Male,Bachelor,Sales,2,4,3,2,4,67,8,62783.45,3,4,No,4,1,0
2851,24,Male,Bachelor,Marketing,4,22,10,11,2,105,12,89971.39,3,3,Yes,3,1,0
2852,44,Male,Master,Sales,4,3,1,2,2,111,12,79138.81,4,5,Yes,4,0,1
2853,39,Female,High School,Engineering,3,11,4,5,3,83,4,70727.39,2,3,No,2,1,0
2854,56,Female,Bachelor,Finance,3,0,0,0,3,33,11,60099.55,2,4,No,4,0,1
2855,30,Female,Master,Engineering,3,23,1,23,3,75,0,74107.84,3,3,No,3,1,0
2856,45,Female,High School,HR,2,12,7,0,2,15,17,60091.13,2,3,No,4,1,1
2857,38,Male,Bachelor,Marketing,2,0,0,0,5,41,20,45102.91,3,4,No,4,0,0
2858,39,Male,Bachelor,HR,2,2,1,1,2,4,20,49561.25,5,2,No,5,1,1
2859,56,Male,Bachelor,Operations,5,21,18,13,3,60,16,100160.16,2,2,Yes,2,0,0
2860,30,Female,Master,Marketing,3,7,3,4,3,43,9,64095.36,5,5,No,4,1,0
2861,53,Male,Master,Engineering,2,23,16,23,5,34,8,65409.3,4,5,No,5,1,0
2862,25,Male,High School,Engineering,3,17,15,6,3,107,19,72050.57,4,4,Yes,3,0,0
2863,55,Female,High School,Engineering,2,24,24,9,2,90,7,64235.32,2,5,No,3,2,0
2864,54,Female,Master,Finance,3,15,9,8,1,0,14,76004.85,2,2,No,2,2,0
2865,53,Female,Bachelor,Engineering,2,19,4,1,4,97,12,66172.39,2,4,No,4,0,1
2866,41,Female,Bachelor,Operations,1,19,13,7,4,42,20,56931.17,4,3,No,2,0,1
2867,37,Female,Bachelor,Finance,3,15,7,5,3,31,16,72932.43,4,3,No,4,0,0
2868,42,Male,Bachelor,Engineering,3,1,0,0,2,107,8,59260.99,5,4,No,3,0,0
2869,57,Male,Bachelor,Finance,2,16,3,0,3,102,20,63048.54,3,1,Yes,3,0,0
2870,35,Female,Bachelor,Engineering,2,9,3,3,4,62,10,59906.8,3,4,No,4,1,0
2871,55,Female,Bachelor,Marketing,3,6,6,5,4,32,3,67599.36,3,3,Yes,4,0,1
2872,48,Male,Bachelor,Finance,3,9,8,1,2,94,6,69151.76,3,3,No,3,0,1
2873,27,Female,Bachelor,Sales,4,18,2,6,4,76,19,91857.53,3,5,No,3,1,0
2874,52,Male,High School,Sales,2,19,8,15,3,108,2,66120.2,5,5,No,4,0,0
2875,31,Male,High School,Operations,5,8,1,5,4,65,9,89833.89,3,2,No,3,0,0
2876,30,Female,Bachelor,Finance,3,21,3,3,4,29,2,83530.16,5,4,No,2,0,0
2877,29,Male,Bachelor,Operations,3,16,3,16,5,9,0,70406.55,3,3,No,4,1,0
2878,34,Male,Bachelor,Sales,3,8,8,3,3,22,13,62518.59,3,2,No,4,1,1
2879,33,Male,Bachelor,Engineering,1,8,0,2,3,96,12,44100.23,4,5,No,2,0,0
2880,45,Female,Master,Sales,1,4,0,0,3,38,4,40943.33,2,2,Yes,3,3,1
2881,22,Male,Master,Finance,3,23,19,21,3,44,7,82632.09,5,1,No,2,1,0
2882,55,Female,Bachelor,Engineering,2,6,2,6,1,119,11,53089.55,5,2,Yes,4,1,0
2883,27,Female,Bachelor,Sales,3,10,2,3,3,28,5,75412.34,4,3,No,4,2,0
2884,41,Male,High School,Finance,2,7,1,2,2,29,1,49305.82,5,2,No,3,0,1
2885,38,Female,Bachelor,HR,2,24,11,11,5,33,3,71139.94,1,4,No,5,1,1
2886,23,Male,Bachelor,Engineering,1,13,1,12,4,51,4,51734.58,3,3,Yes,5,1,0
2887,31,Female,Bachelor,HR,3,1,1,1,2,102,10,67437.41,5,3,No,5,0,1
2888,44,Male,Master,Marketing,1,9,9,7,2,80,12,50437.31,3,2,No,5,1,0
2889,39,Female,High School,Engineering,3,20,9,11,3,21,7,74615.25,1,3,No,5,0,0
2890,24,Male,Bachelor,Engineering,2,23,17,20,3,4,20,71148.55,2,3,No,3,1,0
2891,46,Male,Bachelor,Engineering,3,15,7,12,3,10,4,73643.82,3,3,No,2,0,0
2892,58,Male,Master,Marketing,1,15,0,14,3,85,5,50424.21,4,3,Yes,5,1,0
2893,52,Male,High School,Marketing,1,18,14,10,5,31,14,57735.72,2,2,No,3,2,1
2894,56,Female,Master,Engineering,3,10,7,0,4,23,15,77599.72,3,3,Yes,3,2,0
2895,57,Male,Master,Engineering,2,5,1,4,3,10,10,54543.64,1,4,Yes,2,1,0
2896,53,Female,Bachelor,Operations,1,5,2,2,4,10,6,33557.09,3,2,Yes,4,0,0
2897,56,Male,Bachelor,Operations,4,6,1,6,1,16,5,71726.42,5,3,No,3,3,0
2898,23,Male,Bachelor,Finance,1,15,8,11,2,31,11,50314.0,4,3,No,3,1,1
2899,29,Female,Master,Operations,2,12,4,3,3,82,3,63790.26,3,5,Yes,4,0,1
2900,28,Male,Master,Finance,1,2,2,1,4,26,13,35658.26,2,4,No,5,1,1
2901,53,Female,Bachelor,Marketing,2,23,4,17,3,31,10,68935.3,3,5,No,4,0,0
2902,26,Female,Master,Engineering,2,23,12,15,2,60,11,76171.63,2,4,Yes,4,1,0
2903,24,Female,High School,Engineering,1,8,5,2,5,24,1,42614.08,4,4,No,3,0,1
2904,33,Male,High School,Sales,3,23,19,8,3,63,10,88711.4,2,5,No,3,0,1
2905,22,Female,Master,Marketing,2,2,2,1,4,63,12,49078.89,3,4,No,4,1,1
2906,25,Female,Master,Operations,3,5,2,2,5,27,10,69117.08,4,3,Yes,5,2,1
2907,47,Female,Bachelor,Finance,1,24,24,4,3,39,8,58907.41,4,3,Yes,5,1,1
2908,52,Male,Master,Engineering,2,16,15,9,4,115,20,66506.54,4,4,No,4,0,1
2909,41,Female,PhD,Sales,1,2,0,1,4,90,15,46834.56,4,4,No,3,0,0
2910,28,Female,Master,Engineering,3,1,0,0,5,13,4,63578.68,2,2,No,4,1,1
2911,58,Female,Master,Engineering,3,11,8,2,3,41,11,75944.29,2,1,No,3,1,1
2912,28,Male,Master,Finance,4,23,11,10,5,120,2,90121.47,4,4,No,3,0,0
2913,23,Male,Bachelor,Operations,2,5,4,1,2,38,15,49774.29,3,4,Yes,4,1,0
2914,23,Female,Master,Sales,3,9,9,9,4,1,18,62570.27,1,4,Yes,4,0,1
2915,42,Male,Bachelor,Sales,3,10,8,6,3,80,16,65777.41,4,5,Yes,5,0,1
2916,26,Female,Master,Finance,1,15,4,6,2,0,10,56569.07,4,3,Yes,4,2,0
2917,22,Male,Bachelor,Engineering,1,15,6,9,2,108,20,51825.85,3,2,Yes,5,0,0
2918,43,Male,Master,Operations,2,23,0,17,3,31,18,68630.39,2,3,No,1,0,0
2919,22,Male,Bachelor,Engineering,3,17,3,11,3,82,17,77116.78,4,5,Yes,3,0,0
2920,58,Male,High School,Engineering,1,21,3,6,3,63,8,58620.79,3,1,No,5,0,1
2921,37,Female,Bachelor,Engineering,3,22,15,10,3,77,12,83914.02,3,1,Yes,3,2,0
2922,55,Female,PhD,Sales,2,23,4,9,3,30,5,70574.31,4,3,No,3,2,0
2923,54,Female,PhD,Finance,2,8,5,2,3,57,2,61730.87,3,3,No,4,1,0
2924,43,Male,Bachelor,Sales,1,20,3,6,3,81,11,51116.95,2,3,Yes,5,2,1
2925,50,Female,PhD,Engineering,2,18,5,3,5,115,8,63797.34,3,4,No,4,0,1
2926,28,Female,Master,HR,1,1,1,0,4,77,8,42581.05,5,4,No,4,0,1
2927,42,Female,Bachelor,Sales,1,23,22,7,1,110,14,61525.43,5,4,No,4,0,0
2928,56,Male,High School,Sales,3,0,0,0,3,13,0,62483.32,5,3,Yes,4,1,0
2929,25,Female,Master,HR,2,25,2,7,4,87,17,69328.33,3,4,No,5,1,1
2930,33,Female,Bachelor,Finance,2,15,8,5,2,68,14,65650.27,4,3,Yes,4,2,1
2931,49,Female,Master,Operations,1,21,7,12,3,15,7,52263.35,5,3,No,3,1,1
2932,51,Male,Master,Sales,2,17,16,11,3,68,10,69028.06,3,3,Yes,4,0,0
2933,36,Female,Master,Sales,1,2,0,2,5,53,16,44886.89,3,4,No,3,2,1
2934,50,Female,Master,Sales,2,23,17,5,3,12,13,67395.53,4,3,No,1,1,0
2935,36,Male,Bachelor,Engineering,2,0,0,0,4,79,18,59353.32,5,2,No,3,3,1
2936,32,Male,Bachelor,Finance,2,5,1,5,3,78,4,49510.66,5,1,No,3,1,1
2937,37,Male,Bachelor,Marketing,5,18,11,18,4,30,1,100443.89,3,1,No,2,0,0
2938,36,Male,High School,Finance,2,21,0,10,3,68,14,67045.43,5,2,No,4,2,0
2939,32,Male,Bachelor,Engineering,2,18,11,3,3,20,18,64784.74,3,3,No,4,2,1
2940,28,Female,Master,HR,2,10,10,1,3,29,15,63699.32,3,3,No,3,0,1
2941,40,Female,Master,Operations,1,7,4,6,5,22,12,45050.92,5,2,No,3,0,1
2942,23,Female,High School,Engineering,4,4,2,0,2,37,6,73274.38,5,3,No,4,0,0
2943,36,Female,Bachelor,HR,2,19,7,1,2,28,16,66536.14,4,5,No,2,0,0
2944,50,Male,High School,Operations,1,8,2,6,4,76,18,46852.85,5,2,Yes,4,1,1
2945,43,Male,High School,Marketing,3,14,0,9,4,31,6,75683.29,4,3,No,4,0,1
2946,48,Female,High School,Marketing,1,20,12,15,3,111,11,59888.73,3,3,Yes,5,0,1
2947,25,Male,Master,Engineering,5,13,9,4,3,61,12,97057.56,5,4,Yes,3,2,0
2948,40,Male,High School,Engineering,4,3,0,3,3,105,12,78898.39,5,4,No,4,3,1
2949,21,Male,Master,Sales,2,23,2,18,3,90,13,69130.61,3,3,Yes,4,0,1
2950,50,Male,Bachelor,Finance,1,23,12,1,4,97,14,55112.96,3,4,No,4,0,1
2951,41,Female,Master,Sales,1,7,5,6,1,44,1,38734.53,3,4,No,5,0,1
2952,40,Male,Master,Marketing,1,19,5,3,5,48,5,60365.94,5,5,No,4,1,1
2953,26,Male,PhD,Marketing,1,16,13,1,3,32,8,45364.63,4,3,No,3,1,0
2954,42,Male,Master,HR,2,1,0,0,3,3,14,50916.18,5,5,No,4,0,0
2955,38,Female,PhD,Sales,5,19,9,9,3,17,19,103738.57,3,4,Yes,5,0,1
2956,28,Male,Master,Sales,2,15,3,5,4,69,15,58577.25,4,4,No,5,0,1
2957,52,Female,Master,Marketing,3,9,1,7,1,63,1,72703.8,5,4,Yes,5,0,0
2958,53,Male,Bachelor,Finance,3,1,1,0,4,27,2,56498.08,3,5,No,2,1,0
2959,36,Male,Bachelor,Marketing,4,10,9,4,4,107,19,79681.26,4,5,Yes,3,1,1
2960,32,Male,Bachelor,Engineering,1,9,5,1,2,120,20,48958.76,4,2,Yes,3,0,0
2961,58,Male,Bachelor,HR,2,18,9,3,2,57,7,59996.95,4,3,Yes,3,2,1
2962,54,Male,Bachelor,Marketing,3,24,4,0,3,90,7,85867.92,4,5,Yes,3,1,1
2963,34,Male,Master,HR,4,24,5,17,4,89,20,99063.13,5,3,No,5,0,1
2964,56,Female,PhD,Finance,4,13,6,3,3,55,6,88992.5,3,3,No,4,1,1
2965,53,Male,Bachelor,Marketing,3,10,10,5,4,19,10,71497.51,3,2,No,4,0,0
2966,43,Female,Bachelor,Engineering,1,8,8,3,3,76,12,40845.81,5,4,Yes,3,0,0
2967,22,Male,PhD,Sales,2,6,3,3,4,91,7,50439.07,3,4,No,3,0,0
2968,41,Male,Bachelor,HR,1,14,11,13,4,33,8,47586.51,3,2,Yes,4,0,0
2969,22,Male,Master,Sales,3,19,19,9,3,112,15,65837.68,3,4,No,4,0,0
2970,47,Female,Bachelor,Marketing,2,16,4,8,5,86,4,63492.86,2,5,No,4,1,1
2971,29,Male,Master,Marketing,3,2,2,1,4,9,13,62339.51,4,3,No,2,2,0
2972,21,Male,Bachelor,Operations,5,14,12,7,3,114,0,97903.54,4,2,No,4,1,1
2973,31,Male,Master,Finance,3,13,5,7,4,93,18,71739.14,4,4,No,2,1,1
2974,23,Male,Bachelor,Sales,2,7,4,4,4,21,16,56006.77,4,5,No,2,2,0
2975,43,Male,Bachelor,Engineering,1,3,3,2,3,4,13,40017.07,3,3,No,4,1,0
2976,46,Female,Bachelor,Marketing,4,25,8,5,3,116,12,89659.67,3,4,Yes,3,0,1
2977,24,Male,Bachelor,Sales,1,9,4,8,3,43,7,46219.82,5,4,No,5,1,1
2978,38,Male,PhD,Finance,1,1,0,1,5,113,2,37815.64,3,3,No,4,0,1
2979,26,Female,Master,Marketing,1,13,6,6,4,8,0,41796.74,2,4,Yes,4,1,0
2980,55,Male,Bachelor,Engineering,2,7,7,5,2,42,18,58879.3,4,3,No,3,0,0
2981,42,Male,Bachelor,Engineering,1,22,17,10,3,3,14,55606.83,3,4,No,2,0,0
2982,35,Male,Bachelor,Finance,5,9,2,7,1,41,20,95642.52,3,3,No,4,0,0
2983,42,Female,Master,Operations,5,24,11,15,3,64,7,106422.84,1,4,No,5,1,0
2984,57,Male,Master,Engineering,5,17,1,5,3,97,8,93179.19,5,3,No,2,1,0
2985,32,Male,Bachelor,Operations,1,14,9,14,3,40,12,50602.07,3,3,Yes,4,1,0
2986,58,Male,Master,Finance,5,4,1,4,5,63,11,90585.63,2,3,No,3,0,1
2987,38,Female,Master,Operations,5,21,11,11,5,54,8,108582.18,4,3,No,4,2,0
2988,55,Male,PhD,Sales,5,12,1,1,2,89,19,99475.77,5,5,No,4,0,1
2989,50,Female,PhD,Sales,3,17,5,7,3,17,10,81093.27,4,2,No,2,2,0
2990,44,Female,Master,Marketing,3,1,0,0,4,15,4,64845.38,1,4,No,4,1,1
2991,50,Female,Master,Operations,1,12,10,4,3,86,18,45833.42,3,4,No,5,0,1
2992,34,Male,Bachelor,Engineering,4,13,13,7,4,45,20,82827.89,3,4,No,4,0,0
2993,26,Male,Master,Marketing,1,9,4,8,5,35,17,49055.75,4,3,No,3,0,1
2994,23,Male,Bachelor,Operations,2,3,1,0,4,89,10,50146.41,4,4,No,3,2,0
2995,36,Male,Bachelor,Sales,5,14,1,14,3,65,10,99719.34,3,3,No,5,3,0
2996,27,Male,Bachelor,Finance,2,7,3,0,5,43,5,62137.36,4,2,No,4,0,1
2997,34,Female,Master,Operations,1,14,0,13,5,115,0,47128.32,4,3,No,3,0,0
2998,29,Male,High School,Engineering,5,13,2,4,4,4,20,99613.21,5,4,No,3,0,0
2999,35,Male,Bachelor,Engineering,5,20,15,1,3,28,8,99787.86,4,4,No,5,0,0
3000,41,Female,Bachelor,Marketing,1,8,6,6,4,3,6,46545.61,4,3,No,4,3,0
3001,55,Female,High School,Engineering,4,19,6,15,3,110,5,96554.77,5,3,No,2,3,0
3002,22,Male,Bachelor,Sales,2,2,0,2,3,98,9,56155.05,3,4,Yes,2,1,0
3003,47,Female,Master,Operations,2,25,5,10,3,85,4,69959.59,3,3,No,5,0,1
3004,22,Male,Master,Finance,1,14,1,6,5,48,0,55894.93,4,3,No,4,1,1
3005,55,Female,Bachelor,Marketing,1,23,0,11,4,71,14,56800.98,3,5,Yes,2,0,0
3006,38,Female,Master,Marketing,1,16,0,12,4,107,4,60553.9,3,3,No,4,2,1
3007,34,Female,Master,Sales,1,24,24,7,3,84,19,58729.68,5,3,No,3,2,0
3008,40,Female,Bachelor,Sales,4,15,13,7,3,7,5,89151.32,4,5,No,4,0,0
3009,38,Male,Master,Engineering,3,3,1,3,5,51,4,66229.75,5,2,No,3,0,0
3010,30,Male,PhD,Engineering,4,10,5,4,4,115,16,77624.32,5,4,No,3,3,1
3011,45,Female,Bachelor,Finance,3,24,3,0,4,68,17,88105.06,2,4,Yes,3,1,0
3012,22,Male,Bachelor,Finance,1,7,3,4,3,20,3,44178.18,4,3,No,3,0,0
3013,45,Female,PhD,HR,5,2,1,2,4,26,20,84576.4,5,4,No,3,0,0
3014,53,Male,Bachelor,Engineering,4,18,17,3,5,37,1,86194.83,3,4,No,1,0,1
3015,56,Male,High School,Engineering,2,13,9,3,3,4,7,58289.23,4,3,Yes,1,0,0
3016,51,Male,Bachelor,HR,1,8,2,2,1,84,4,43892.19,4,2,Yes,5,0,0
3017,34,Male,Bachelor,HR,3,2,2,2,3,60,3,58531.18,3,5,Yes,5,1,0
3018,21,Female,Master,Sales,3,3,3,0,5,7,13,60434.46,2,4,Yes,2,1,0
3019,36,Female,Bachelor,Finance,4,24,21,20,4,85,3,87687.37,3,3,No,4,1,0
3020,23,Female,Bachelor,Sales,1,3,2,1,4,17,7,36462.85,3,5,Yes,4,0,1
3021,55,Female,Master,Engineering,1,10,8,5,3,3,2,51457.5,4,3,No,2,0,0
3022,26,Female,Bachelor,Marketing,2,18,0,7,4,3,13,70005.06,5,4,No,2,1,0
3023,45,Female,Bachelor,Sales,3,15,1,0,4,36,17,75580.24,2,5,Yes,4,1,0
3024,33,Male,Bachelor,Finance,1,22,14,4,2,14,11,65225.26,3,3,No,3,2,0
3025,54,Female,Master,Engineering,2,21,20,1,5,37,14,72759.36,4,4,Yes,4,1,1
3026,28,Male,High School,Sales,2,16,16,11,3,26,19,65138.82,5,3,Yes,4,0,0
3027,41,Male,Bachelor,Sales,3,9,8,4,3,84,19,71274.02,4,4,No,1,1,0
3028,54,Female,Bachelor,Operations,2,23,10,9,3,47,8,70055.17,4,3,Yes,4,1,0
3029,24,Male,Bachelor,HR,2,16,12,8,2,45,1,58362.57,4,2,No,3,0,0
3030,45,Male,Bachelor,Operations,4,15,8,3,4,45,0,85433.97,4,2,Yes,3,2,0
3031,35,Male,Bachelor,HR,5,19,19,7,3,47,14,91721.62,2,3,No,4,1,0
3032,24,Male,Master,HR,1,21,9,0,4,58,14,51522.49,3,4,No,4,2,1
3033,32,Female,Bachelor,Engineering,1,5,4,5,3,117,7,47051.95,3,4,Yes,3,3,1
3034,52,Male,Master,Engineering,5,6,0,5,3,119,2,90709.69,1,5,No,2,0,0
3035,52,Male,High School,Engineering,2,13,4,10,4,3,1,56435.54,3,3,Yes,4,1,0
3036,48,Male,PhD,Engineering,3,10,0,2,4,74,3,72108.13,4,4,Yes,5,1,0
3037,33,Male,Bachelor,HR,3,11,3,11,3,18,17,73317.46,2,1,No,5,1,0
3038,51,Female,Master,Sales,1,13,11,10,5,56,11,54868.26,2,3,No,3,0,0
3039,34,Male,Bachelor,Engineering,3,4,4,4,4,18,17,71713.12,4,2,Yes,2,2,0
3040,40,Male,Bachelor,Engineering,3,4,2,3,1,90,20,67724.89,2,5,No,5,3,1
3041,38,Female,Bachelor,Engineering,2,19,2,15,3,103,9,60041.48,2,3,No,3,1,1
3042,49,Female,PhD,Finance,1,21,1,20,3,41,20,65021.44,5,3,No,2,0,0
3043,26,Female,Bachelor,Operations,5,22,5,6,4,91,7,110213.54,1,3,No,4,1,1
3044,52,Female,Bachelor,Engineering,2,25,10,5,3,4,17,74896.79,3,3,No,3,1,1
3045,49,Male,Master,Sales,3,14,12,8,3,47,16,73533.31,1,4,No,3,1,1
3046,22,Male,Bachelor,Engineering,4,25,2,6,2,24,18,89300.63,5,3,No,3,0,1
3047,43,Male,Master,Operations,2,0,0,0,3,66,5,46759.89,4,3,No,5,0,0
3048,39,Female,Master,Sales,3,24,0,2,4,25,13,82396.35,1,5,No,4,1,1
3049,51,Male,Master,Finance,5,23,10,10,4,73,4,104096.39,4,5,No,4,0,0
3050,25,Male,Bachelor,HR,2,22,12,11,2,87,7,73173.82,2,1,Yes,4,1,0
3051,39,Male,Bachelor,Sales,2,8,4,4,2,61,7,55893.92,3,4,No,4,0,0
3052,54,Male,Bachelor,Engineering,4,2,1,0,3,92,17,71693.34,4,3,No,5,2,0
3053,30,Male,Master,Engineering,1,25,14,10,4,108,8,61502.9,2,4,No,2,2,1
3054,45,Female,Bachelor,Operations,1,3,1,0,4,6,13,36383.11,3,4,No,4,0,1
3055,22,Male,Bachelor,HR,4,15,14,14,1,43,13,79973.07,3,3,No,3,0,0
3056,31,Female,PhD,Finance,4,6,3,1,3,86,19,80437.74,5,5,Yes,4,1,0
3057,51,Female,High School,Finance,5,21,19,1,3,109,13,103610.01,5,3,No,4,0,0
3058,35,Male,Master,Finance,1,13,3,0,5,26,16,49327.28,4,4,Yes,1,0,1
3059,29,Male,PhD,HR,1,15,6,10,3,41,1,56004.94,5,4,No,4,1,0
3060,43,Male,Master,Sales,1,17,16,1,3,72,13,53303.94,4,2,No,4,3,1
3061,39,Male,Master,Engineering,3,15,12,13,3,107,20,76776.78,5,3,Yes,3,0,0
3062,29,Female,Bachelor,Sales,3,15,7,12,3,55,11,74568.63,3,2,Yes,2,0,0
3063,55,Male,Bachelor,Finance,2,1,1,1,4,2,15,53139.91,4,4,Yes,3,1,1
3064,41,Male,Master,Sales,1,9,9,4,1,12,5,36570.82,5,4,No,4,1,0
3065,29,Male,Bachelor,Finance,3,6,0,1,3,69,17,63302.6,5,3,Yes,4,0,1
3066,48,Female,Bachelor,Engineering,2,24,9,22,4,58,6,69055.35,1,1,Yes,5,1,0
3067,27,Female,Master,Operations,1,14,12,6,3,37,1,47682.26,2,3,No,3,0,0
3068,36,Female,Bachelor,Engineering,4,8,5,2,4,84,12,77033.55,5,4,No,3,2,0
3069,36,Female,Master,Engineering,1,6,3,5,3,82,7,42072.06,4,4,No,4,1,0
3070,53,Male,Master,Operations,3,23,21,16,4,88,11,81157.28,5,3,No,4,1,0
3071,24,Female,Master,Engineering,4,15,9,10,2,102,0,86170.03,4,3,Yes,4,2,1
3072,24,Male,Master,Operations,2,25,6,15,5,67,8,72301.83,5,3,Yes,3,1,0
3073,37,Female,Master,Sales,1,2,1,1,2,85,7,40791.16,3,1,No,3,1,1
3074,57,Female,Master,Engineering,2,16,16,7,2,68,8,60296.17,3,2,No,5,0,0
3075,49,Male,Bachelor,Finance,4,22,20,1,4,0,4,90710.62,4,2,No,1,1,1
3076,56,Female,Bachelor,Operations,1,7,7,0,5,49,12,46990.92,5,4,No,3,0,1
3077,58,Female,Master,Engineering,3,1,0,0,2,80,13,58132.22,4,3,No,2,2,0
3078,57,Male,Master,Operations,5,24,7,13,5,72,3,103368.23,3,3,Yes,4,1,0
3079,55,Female,Bachelor,Finance,5,19,11,15,3,8,16,99008.14,4,4,No,3,2,0
3080,27,Male,High School,Marketing,2,25,25,14,4,52,8,70700.47,4,4,No,1,0,0
3081,47,Female,Bachelor,Engineering,4,24,24,14,2,87,19,98592.54,5,3,No,2,0,0
3082,48,Male,High School,Engineering,5,2,1,2,3,9,14,88895.6,3,2,No,3,1,0
3083,42,Male,Master,Operations,2,7,5,1,3,83,19,51808.28,2,5,Yes,4,0,0
3084,34,Female,PhD,Operations,1,1,0,0,4,80,3,45152.93,3,2,No,4,0,0
3085,27,Female,Bachelor,HR,1,18,7,11,3,76,1,50417.41,3,3,No,5,2,1
3086,57,Female,Master,Sales,1,16,2,2,3,28,12,44915.11,5,5,No,3,0,0
3087,42,Male,High School,Sales,4,4,4,2,5,35,3,83896.76,1,4,No,2,0,0
3088,25,Female,Master,Finance,2,19,0,9,2,86,17,62752.59,5,4,No,3,2,1
3089,22,Male,Bachelor,Sales,4,16,12,7,2,26,15,86956.39,5,3,No,3,0,0
3090,47,Female,Master,Engineering,3,9,5,6,4,17,9,68564.06,2,2,No,4,0,0
3091,41,Male,Bachelor,Engineering,3,8,1,4,2,17,1,70527.02,5,3,No,5,1,0
3092,58,Male,High School,Marketing,3,21,14,19,3,117,13,72552.1,3,3,No,3,2,0
3093,35,Female,Bachelor,Sales,1,5,0,5,3,8,1,40297.25,4,3,No,3,1,0
3094,41,Male,High School,HR,4,10,2,8,3,66,17,80532.92,2,3,No,3,2,0
3095,30,Male,Bachelor,Finance,2,1,1,1,5,6,0,55554.85,5,3,No,5,0,0
3096,43,Male,High School,Finance,2,22,13,7,3,57,12,66625.76,4,4,No,4,0,0
3097,25,Male,Bachelor,Engineering,1,11,3,0,3,78,5,45617.04,5,5,Yes,5,1,1
3098,21,Male,Master,Engineering,5,11,3,11,3,29,16,97940.64,4,4,Yes,4,1,0
3099,33,Male,Master,Finance,4,15,3,13,2,72,16,88545.6,4,4,No,4,1,0
3100,41,Male,Master,Marketing,2,24,2,21,3,60,10,67703.83,2,3,No,2,1,0
3101,46,Male,Master,Finance,2,21,4,13,4,104,5,69613.62,2,2,No,5,2,1
3102,41,Female,High School,Operations,3,23,10,1,4,90,19,78750.49,3,3,No,4,1,1
3103,38,Male,High School,Marketing,1,11,7,2,4,99,2,50112.93,5,3,Yes,4,2,1
3104,57,Female,Bachelor,Marketing,1,20,1,5,2,81,13,54359.11,2,4,Yes,3,1,1
3105,52,Female,Master,Sales,3,17,15,17,1,94,5,71273.4,5,5,No,2,1,0
3106,56,Male,PhD,Engineering,1,12,8,3,5,16,16,39226.72,5,4,No,2,0,1
3107,37,Female,High School,HR,2,14,11,5,1,117,2,60095.93,3,3,No,1,1,0
3108,55,Female,Bachelor,Engineering,2,15,9,4,5,52,16,59365.21,3,4,No,5,1,1
3109,31,Female,Bachelor,HR,2,3,1,1,4,5,18,50741.52,5,3,Yes,4,2,0
3110,41,Female,Master,Engineering,1,11,6,5,5,38,17,46703.02,2,2,No,4,1,1
3111,46,Male,Bachelor,Finance,2,16,4,7,3,24,4,55745.01,3,3,No,4,1,0
3112,24,Female,High School,HR,2,0,0,0,2,41,14,46080.51,2,4,No,4,2,1
3113,54,Female,Bachelor,HR,2,21,6,8,4,41,2,67382.53,5,4,No,2,1,0
3114,38,Female,Master,Operations,3,17,5,5,4,58,7,76700.19,4,3,No,2,0,0
3115,55,Male,Master,Engineering,5,21,0,21,2,101,6,107092.91,3,2,Yes,5,1,0
3116,49,Female,High School,Engineering,1,15,12,1,4,37,17,54382.18,3,2,No,1,0,1
3117,49,Female,Master,Engineering,4,0,0,0,3,30,9,72045.39,3,2,Yes,4,1,0
3118,58,Male,Bachelor,Operations,1,9,0,3,3,114,9,44508.5,2,5,Yes,4,1,0
3119,41,Male,Master,HR,2,18,14,0,5,28,18,63277.29,5,5,Yes,4,2,0
3120,33,Male,Master,Finance,2,15,0,13,2,103,0,65123.01,4,5,No,5,1,0
3121,37,Female,Bachelor,Sales,2,13,2,11,3,8,1,59161.95,4,3,No,3,1,0
3122,29,Female,High School,HR,3,24,14,15,2,0,0,78732.71,3,2,No,4,1,0
3123,21,Female,Master,Engineering,2,1,0,0,2,79,8,43249.99,4,5,No,4,1,1
3124,22,Male,Bachelor,Marketing,2,23,13,0,2,101,14,65909.98,3,5,Yes,5,2,1
3125,49,Female,Master,Marketing,4,5,4,0,3,86,17,76436.52,5,2,No,5,1,1
3126,53,Male,Master,Marketing,1,21,21,15,3,71,17,59818.23,4,4,No,2,0,0
3127,30,Male,Master,Marketing,1,22,7,15,4,46,6,56982.05,2,3,No,3,1,0
3128,41,Female,Bachelor,HR,1,4,3,1,5,75,13,41057.93,2,5,Yes,5,0,1
3129,48,Female,Bachelor,Marketing,1,11,3,5,3,9,17,46913.49,5,2,Yes,3,3,0
3130,31,Female,Master,Engineering,2,3,3,1,2,15,19,56819.27,2,5,No,3,0,0
3131,54,Female,High School,Finance,2,21,19,2,3,46,18,69931.45,4,1,Yes,4,1,0
3132,28,Male,Master,Engineering,1,23,5,7,4,42,4,57641.15,4,3,Yes,4,1,1
3133,42,Male,Master,Sales,1,3,0,2,4,23,8,37305.34,3,3,No,4,0,1
3134,28,Female,Bachelor,Engineering,3,4,3,3,5,102,17,59558.03,4,3,Yes,4,2,0
3135,35,Female,Master,HR,3,6,1,4,1,7,12,73009.81,4,3,Yes,4,1,0
3136,37,Male,Bachelor,Engineering,5,5,5,3,4,74,4,92714.47,4,4,No,4,0,1
3137,43,Male,Bachelor,Marketing,4,12,10,0,3,104,19,83026.41,3,1,No,5,2,1
3138,44,Male,PhD,Sales,4,3,0,1,5,25,14,82875.83,5,4,No,3,1,0
3139,39,Female,PhD,Engineering,3,12,8,4,4,6,18,71769.49,2,1,No,1,1,0
3140,25,Male,Bachelor,Marketing,3,3,3,0,3,78,19,60433.01,3,2,Yes,3,3,1
3141,52,Male,PhD,Engineering,1,9,5,8,4,14,10,49986.65,3,4,No,5,0,1
3142,21,Male,Bachelor,Marketing,3,19,6,11,4,47,8,72976.04,5,2,Yes,2,1,1
3143,43,Male,Bachelor,Finance,1,0,0,0,3,2,20,35396.41,3,5,Yes,4,1,1
3144,57,Female,Bachelor,Operations,4,20,13,12,2,15,15,86197.37,4,4,Yes,3,2,0
3145,28,Male,Master,Finance,2,7,3,7,3,78,10,52102.6,4,4,Yes,5,0,1
3146,33,Female,Bachelor,Sales,3,6,0,6,3,88,1,67199.32,5,3,No,5,2,1
3147,28,Female,Bachelor,Engineering,1,4,3,1,3,96,7,41948.76,4,1,Yes,4,1,0
3148,43,Female,Bachelor,Sales,2,2,0,1,5,13,20,46391.23,4,5,Yes,2,0,1
3149,21,Male,Master,Operations,2,14,4,7,4,87,4,68836.64,5,2,No,1,0,0
3150,44,Female,Bachelor,Sales,1,16,13,6,4,117,10,43043.45,4,4,Yes,2,1,1
3151,55,Female,Bachelor,Engineering,2,22,5,5,4,74,10,69318.28,5,2,Yes,3,1,0
3152,44,Female,Bachelor,Engineering,1,12,6,4,4,2,8,48420.61,1,3,No,3,0,1
3153,37,Female,Bachelor,Marketing,2,14,6,3,5,72,10,62653.93,3,4,No,3,2,1
3154,25,Male,Master,Engineering,2,18,16,17,4,69,4,68717.32,5,5,Yes,2,1,0
3155,40,Male,Bachelor,Operations,4,19,8,13,3,30,8,77902.01,5,1,Yes,4,0,1
3156,41,Male,Master,Sales,2,13,5,6,3,118,0,57603.8,5,3,No,5,3,1
3157,51,Male,High School,Sales,2,20,12,19,3,79,9,67605.07,4,4,No,4,1,0
3158,56,Male,Master,Engineering,5,12,8,4,3,74,7,102612.31,5,2,Yes,5,1,0
3159,31,Male,Bachelor,Marketing,2,11,10,5,3,113,18,56572.72,2,2,Yes,2,0,0
3160,35,Male,High School,Operations,2,23,15,10,4,16,15,68930.39,2,1,Yes,2,0,1
3161,39,Male,Bachelor,Sales,2,22,3,11,4,48,12,71701.83,1,3,Yes,3,1,1
3162,27,Male,Master,Sales,4,8,1,1,3,2,4,75361.74,5,4,Yes,5,2,0
3163,48,Male,Master,Marketing,2,2,0,2,5,82,17,50889.78,3,5,No,3,0,1
3164,25,Male,Bachelor,Sales,2,10,2,3,3,87,8,57579.46,4,3,Yes,5,1,0
3165,25,Male,Master,Sales,3,9,3,3,4,54,3,66663.11,2,2,No,3,1,0
3166,50,Male,High School,Sales,1,0,0,0,4,110,13,39012.16,3,3,No,5,1,1
3167,52,Male,High School,Sales,4,16,9,6,4,105,6,96027.66,4,2,Yes,3,2,0
3168,28,Female,Bachelor,Engineering,2,25,15,22,3,71,11,72194.85,4,3,No,4,0,0
3169,30,Male,Master,Sales,2,12,11,1,4,112,6,50860.38,3,4,No,5,3,1
3170,58,Male,Master,Engineering,3,13,7,4,2,99,10,69215.53,3,2,Yes,5,2,1
3171,52,Male,Bachelor,Marketing,1,0,0,0,4,39,14,42917.24,2,4,Yes,5,0,0
3172,48,Female,High School,Engineering,4,1,0,1,3,65,6,72941.84,4,5,No,2,1,0
3173,37,Female,Bachelor,Marketing,5,1,1,1,4,86,19,81208.31,2,5,Yes,4,0,0
3174,51,Female,High School,Sales,2,6,5,4,3,39,16,57418.19,4,3,No,5,1,1
3175,28,Female,High School,Finance,5,8,3,5,4,29,4,89645.33,2,3,Yes,3,1,0
3176,45,Male,Bachelor,Engineering,1,23,6,15,3,24,7,57840.23,4,3,No,4,2,0
3177,29,Male,Bachelor,Marketing,4,3,2,2,5,6,9,71173.19,2,5,Yes,2,0,1
3178,22,Male,Bachelor,Sales,2,1,1,1,5,91,5,48227.76,3,5,No,3,1,1
3179,35,Female,Bachelor,Operations,2,18,12,14,3,104,20,65079.39,3,4,Yes,4,1,1
3180,23,Female,High School,Engineering,1,25,20,20,3,49,1,59096.84,4,4,No,3,1,0
3181,56,Female,High School,Engineering,2,4,4,3,4,80,4,54098.59,4,2,No,3,0,0
3182,24,Male,Master,Operations,1,8,8,8,2,95,9,45004.83,5,5,No,3,0,0
3183,34,Female,High School,Finance,4,23,2,10,2,0,2,89626.12,5,5,No,4,0,0
3184,45,Male,Bachelor,Engineering,4,12,9,7,2,90,12,90543.27,4,4,No,4,0,0
3185,30,Male,High School,Operations,1,11,3,11,4,43,15,46272.92,4,3,No,3,0,0
3186,41,Male,Bachelor,Engineering,1,18,16,6,2,99,14,47797.85,4,3,No,5,1,1
3187,56,Female,Bachelor,Sales,4,8,6,0,3,48,1,71310.74,4,2,Yes,1,0,1
3188,32,Male,High School,Operations,2,9,7,8,4,6,2,57400.73,4,5,No,4,2,0
3189,47,Female,Bachelor,Engineering,1,18,5,8,1,119,19,49494.94,3,5,No,3,0,0
3190,22,Male,Master,Operations,2,9,8,5,2,2,17,59391.22,3,3,No,4,1,1
3191,33,Female,High School,Sales,2,11,2,6,5,93,19,59093.44,4,4,No,4,1,1
3192,52,Male,Bachelor,Marketing,1,13,1,12,4,0,19,64454.01,4,3,Yes,4,0,0
3193,51,Male,Master,HR,3,7,4,7,3,50,14,62256.55,3,3,No,4,0,0
3194,36,Female,Bachelor,Operations,3,15,12,2,1,97,4,78730.75,2,3,No,5,0,0
3195,52,Female,Master,Finance,1,16,0,4,4,37,10,47041.61,3,3,No,2,1,1
3196,52,Female,Bachelor,Sales,4,19,16,16,3,42,2,93423.83,5,3,No,4,1,0
3197,54,Female,PhD,Finance,2,3,1,3,5,54,8,57392.49,3,3,No,3,3,1
3198,31,Female,Bachelor,Sales,1,5,2,0,4,56,6,40122.45,4,4,No,5,0,0
3199,30,Male,Bachelor,Marketing,1,11,9,4,5,52,1,43983.19,5,3,No,4,2,1
3200,35,Female,Master,Operations,1,17,11,8,4,99,14,51673.67,3,4,No,1,1,1
3201,37,Male,Bachelor,HR,2,6,6,6,3,32,11,51427.98,5,4,No,4,0,0
3202,38,Male,Bachelor,Marketing,1,4,2,0,4,106,15,47042.46,5,4,Yes,5,0,1
3203,29,Male,Master,Sales,2,9,3,4,4,79,15,56309.68,3,5,No,2,0,0
3204,45,Female,Bachelor,HR,1,5,0,3,4,61,15,43258.13,2,2,Yes,4,1,1
3205,34,Female,Bachelor,Engineering,3,13,12,1,2,101,18,74575.55,2,3,No,4,2,0
3206,45,Male,Master,Finance,3,5,5,1,3,10,2,69068.75,3,2,No,3,0,0
3207,42,Female,High School,Sales,2,13,13,4,2,71,19,58891.96,5,3,No,4,0,0
3208,50,Female,Master,Marketing,3,11,6,8,4,51,3,73969.54,3,3,Yes,1,0,0
3209,40,Male,PhD,Sales,5,21,5,18,4,0,0,109105.49,5,4,No,5,0,0
3210,41,Male,Bachelor,Finance,3,25,20,0,5,13,7,82877.29,2,4,Yes,4,2,0
3211,52,Female,Bachelor,Sales,2,11,3,3,4,93,14,53568.01,5,3,No,5,0,0
3212,41,Male,High School,Marketing,2,7,5,6,4,84,20,60774.38,3,3,No,3,0,1
3213,55,Female,High School,Sales,4,9,7,0,3,20,4,81794.56,4,2,No,1,2,0
3214,52,Male,Master,HR,1,15,5,1,3,33,19,50516.79,2,1,No,3,0,0
3215,50,Male,High School,Engineering,2,19,18,15,5,101,11,68807.05,3,4,Yes,4,0,1
3216,32,Female,Bachelor,Marketing,2,25,24,13,4,89,19,77216.73,3,1,No,5,1,0
3217,38,Female,Master,Engineering,3,7,2,7,4,104,19,66412.09,1,5,Yes,5,1,0
3218,41,Female,Master,Marketing,3,8,3,4,3,13,3,73222.57,2,4,No,4,1,0
3219,33,Female,Bachelor,Engineering,2,12,12,8,4,117,14,60088.41,4,3,No,4,1,1
3220,41,Female,Bachelor,Marketing,1,19,1,13,5,39,5,56595.21,3,1,No,5,0,1
3221,28,Female,Master,Sales,5,16,10,16,3,34,4,96972.23,4,3,No,5,0,0
3222,27,Male,PhD,Engineering,1,18,15,11,4,41,10,52184.7,4,5,No,4,2,0
3223,43,Male,Bachelor,HR,1,16,9,11,3,81,13,55738.71,4,5,No,4,0,0
3224,52,Male,Bachelor,Sales,2,6,6,5,2,19,10,46542.56,5,2,No,4,3,1
3225,31,Female,High School,Sales,4,0,0,0,4,59,8,75801.79,5,4,Yes,4,0,0
3226,42,Male,High School,Operations,3,19,9,2,2,8,9,79618.08,3,3,No,5,2,1
3227,42,Female,Bachelor,Operations,5,13,1,13,3,104,5,103344.09,3,3,Yes,3,1,1
3228,45,Male,PhD,Marketing,1,16,5,1,4,114,10,55424.39,4,3,No,4,1,0
3229,42,Female,Master,Engineering,2,12,1,4,4,108,8,60507.42,4,5,No,4,0,0
3230,48,Female,PhD,Engineering,1,1,1,0,3,32,4,32812.64,3,3,No,4,1,1
3231,49,Male,Bachelor,Finance,4,13,0,4,5,48,9,82377.67,4,2,No,4,1,1
3232,33,Female,Master,Sales,2,0,0,0,3,67,19,48092.32,2,4,Yes,3,1,0
3233,38,Male,Master,Operations,1,4,1,2,5,3,13,46568.1,3,5,No,4,1,1
3234,22,Male,Bachelor,Engineering,3,6,5,1,4,47,5,69603.07,4,4,No,4,1,0
3235,49,Female,Bachelor,Operations,2,18,9,17,3,15,3,62019.87,2,3,No,3,0,0
3236,41,Male,Bachelor,HR,2,13,12,6,2,46,20,62311.24,2,5,Yes,5,0,0
3237,35,Female,Master,Marketing,4,23,0,21,3,25,9,91864.93,3,5,No,4,0,0
3238,47,Male,Bachelor,Sales,1,13,9,6,2,69,10,46116.73,3,4,Yes,5,1,0
3239,51,Male,Master,Operations,1,14,13,7,4,36,15,52114.28,3,4,No,2,2,0
3240,35,Female,Bachelor,Engineering,1,4,3,1,3,21,6,40022.35,3,4,No,4,0,1
3241,43,Male,Master,Finance,2,4,0,4,3,105,17,47942.95,2,3,No,4,0,1
3242,44,Female,Bachelor,Marketing,1,20,13,1,4,102,6,58307.73,2,2,Yes,3,1,1
3243,33,Female,Master,Sales,3,23,4,6,3,6,20,82308.01,3,4,No,2,0,0
3244,42,Male,Bachelor,Engineering,1,1,0,0,4,41,14,36434.58,3,5,No,3,2,1
3245,57,Male,PhD,HR,4,17,4,6,2,29,18,94269.88,3,5,No,3,0,0
3246,53,Male,Bachelor,Engineering,1,23,14,22,4,73,17,61956.5,4,2,No,2,2,0
3247,23,Male,Bachelor,HR,1,8,0,8,4,120,14,44686.39,4,2,No,4,0,1
3248,39,Male,Bachelor,Engineering,1,9,0,7,4,78,17,38252.24,4,5,Yes,3,1,1
3249,43,Male,Bachelor,Engineering,3,25,13,1,2,5,2,87942.1,4,4,No,5,1,0
3250,49,Male,Bachelor,Finance,2,17,3,1,3,23,0,62366.32,3,3,No,4,1,0
3251,50,Male,Bachelor,Finance,4,3,0,2,2,65,0,75068.52,5,4,No,3,1,0
3252,45,Female,Master,Engineering,3,7,5,1,2,39,6,66089.09,1,3,No,3,0,0
3253,57,Female,Bachelor,Operations,4,17,8,14,2,120,9,83117.55,3,5,Yes,5,0,0
3254,28,Female,Master,Operations,3,19,16,10,4,115,11,79910.02,3,4,No,5,1,1
3255,36,Male,Bachelor,HR,1,25,2,9,4,14,7,56129.32,5,5,No,3,0,0
3256,28,Female,Bachelor,Engineering,4,16,12,2,4,52,16,89002.75,5,2,No,4,0,1
3257,21,Male,PhD,Engineering,5,15,11,0,3,84,13,94755.71,5,4,No,5,2,0
3258,25,Female,Bachelor,Marketing,5,17,15,8,3,81,16,98482.63,3,4,No,5,1,0
3259,23,Female,PhD,Finance,1,6,3,5,5,4,20,43860.47,5,3,No,2,2,1
3260,21,Male,Bachelor,Sales,3,0,0,0,3,88,5,61494.23,2,3,No,4,1,1
3261,24,Female,High School,Finance,1,0,0,0,4,35,19,39486.82,4,5,No,4,0,1
3262,55,Female,Master,Engineering,1,17,17,14,5,73,16,55088.88,5,4,Yes,3,0,0
3263,52,Female,Master,Sales,3,3,2,1,5,114,19,69029.31,4,3,No,5,2,1
3264,54,Female,Bachelor,Finance,5,22,2,13,3,45,7,104797.02,3,5,Yes,4,1,0
3265,45,Male,Bachelor,Finance,2,19,16,18,4,22,12,70927.92,4,3,No,4,1,0
3266,30,Male,Master,Engineering,4,20,0,16,3,87,15,89710.38,3,4,No,3,0,0
3267,41,Male,Bachelor,HR,1,19,18,19,4,44,11,57211.45,2,4,No,3,1,1
3268,47,Female,Master,Operations,1,3,1,1,5,9,16,44194.26,4,4,No,2,1,0
3269,47,Male,Bachelor,Finance,2,24,3,16,3,53,17,75079.19,2,4,Yes,5,1,0
3270,22,Female,Bachelor,Finance,2,5,0,3,4,69,7,47664.76,2,2,No,3,3,1
3271,33,Male,PhD,Sales,4,2,2,2,4,76,17,62220.15,4,5,No,3,1,0
3272,29,Male,Bachelor,Sales,2,5,1,3,3,84,10,55720.32,4,2,No,2,1,0
3273,56,Male,Bachelor,Engineering,2,12,11,0,4,31,12,59810.06,2,4,No,3,0,1
3274,42,Female,Master,HR,2,22,4,11,3,42,11,69921.66,1,3,No,4,0,0
3275,46,Male,Bachelor,Marketing,1,6,6,0,2,117,14,42766.68,5,2,Yes,4,2,1
3276,32,Male,Bachelor,Engineering,4,23,7,5,5,120,2,92343.04,2,4,Yes,5,0,0
3277,37,Male,Bachelor,Engineering,2,3,0,3,3,14,2,53990.34,4,4,No,4,1,0
3278,34,Male,Bachelor,Engineering,2,0,0,0,3,65,5,50355.77,5,3,No,3,3,1
3279,34,Male,Bachelor,Engineering,4,5,1,1,4,14,2,77080.78,4,2,No,3,0,0
3280,54,Female,Bachelor,Operations,2,23,13,18,5,114,8,69815.75,2,4,No,4,0,0
3281,40,Male,Bachelor,Finance,4,4,2,2,5,80,10,79067.58,3,4,No,4,1,1
3282,31,Male,Bachelor,Sales,1,12,5,12,3,19,7,45423.28,4,3,Yes,4,0,0
3283,36,Female,Master,Marketing,1,18,15,2,3,49,3,48753.13,4,4,Yes,4,0,0
3284,51,Female,High School,Marketing,5,3,2,0,3,5,19,83191.46,4,2,No,2,1,1
3285,26,Female,Bachelor,Finance,4,23,21,2,3,78,14,91665.74,1,3,Yes,4,1,0
3286,39,Male,PhD,Sales,2,5,0,2,5,16,4,59437.78,2,3,No,1,1,0
3287,57,Female,Bachelor,Engineering,3,12,12,10,4,119,6,72331.08,3,4,No,3,2,0
3288,24,Female,Master,Sales,5,4,3,4,1,25,7,85883.92,4,3,Yes,3,0,0
3289,24,Female,Bachelor,Marketing,1,12,1,4,2,21,6,48609.21,4,3,Yes,4,0,1
3290,40,Male,Master,Finance,1,24,17,15,5,72,7,54422.84,1,4,No,3,0,0
3291,30,Female,Master,HR,2,9,1,8,4,63,3,56356.66,4,4,Yes,3,1,1
3292,44,Female,Bachelor,Engineering,1,2,1,0,3,75,0,37158.31,4,3,No,3,2,0
3293,55,Male,Bachelor,Sales,1,22,1,16,4,85,4,51506.88,5,3,Yes,3,3,0
3294,46,Male,Bachelor,Sales,4,24,2,10,3,57,10,98972.92,3,4,Yes,5,0,0
3295,57,Female,Bachelor,Operations,1,12,12,8,4,86,3,46293.49,3,4,No,5,0,1
3296,58,Female,High School,Sales,4,11,7,4,4,36,1,82746.26,3,2,No,5,0,0
3297,41,Male,Master,Sales,2,3,3,3,4,77,16,54487.26,4,3,No,4,1,1
3298,41,Female,High School,Operations,2,9,3,1,3,87,11,58507.14,4,4,No,5,2,1
3299,30,Male,Bachelor,HR,3,25,8,8,3,71,1,83808.81,4,4,No,4,1,0
3300,58,Male,Master,Marketing,2,2,0,1,3,89,8,49847.82,3,4,Yes,3,2,0
3301,24,Female,Bachelor,Sales,1,16,15,4,5,95,5,54312.77,4,4,No,4,2,1
3302,40,Male,Master,Finance,1,8,0,3,5,120,5,44171.13,3,3,No,4,0,1
3303,37,Male,Master,Engineering,3,0,0,0,4,27,17,61576.74,5,4,No,4,0,1
3304,27,Female,Bachelor,Marketing,1,17,14,4,5,95,2,56751.52,2,2,Yes,5,0,1
3305,24,Male,Bachelor,Sales,1,8,3,7,4,85,14,48878.1,1,3,No,4,1,1
3306,49,Male,Bachelor,Engineering,5,20,6,17,3,48,6,104074.88,2,5,No,4,1,0
3307,34,Female,Master,Marketing,5,19,9,12,4,72,12,102518.44,3,5,Yes,3,0,0
3308,23,Female,High School,HR,2,24,3,4,3,66,9,73223.28,1,4,No,5,0,1
3309,44,Female,Master,Finance,1,8,7,7,3,88,3,43193.38,2,3,No,2,0,1
3310,57,Female,Master,Sales,3,1,1,0,3,102,15,60903.87,3,4,Yes,5,0,1
3311,36,Male,Bachelor,Sales,4,18,13,2,3,75,8,88949.26,2,4,No,4,2,0
3312,24,Female,Master,Finance,1,15,13,14,4,92,20,46426.15,5,3,No,4,1,1
3313,44,Male,High School,Finance,1,2,1,1,2,66,9,48249.54,2,4,No,3,1,0
3314,54,Female,Master,Operations,4,15,8,1,2,40,18,84901.2,5,1,No,3,0,1
3315,50,Male,High School,Marketing,4,20,13,5,4,45,16,92870.53,5,3,No,4,2,1
3316,38,Female,Bachelor,HR,3,12,5,5,4,86,0,71732.28,3,4,No,2,1,0
3317,39,Male,Bachelor,Operations,1,2,1,0,4,86,12,41551.81,2,5,No,3,1,1
3318,51,Male,Master,Sales,2,9,6,0,2,54,3,55563.76,2,5,Yes,2,0,0
3319,39,Female,Bachelor,Engineering,3,21,18,7,3,81,14,80767.24,4,4,Yes,3,2,1
3320,39,Female,High School,Engineering,1,17,12,0,4,10,9,48899.12,4,2,No,3,2,1
3321,42,Female,Bachelor,Sales,1,5,3,4,4,99,19,46356.8,3,3,No,4,2,1
3322,44,Male,Bachelor,Marketing,1,5,2,3,2,25,8,44146.24,3,2,No,5,1,0
3323,32,Male,Master,HR,2,17,1,5,5,71,7,58634.54,4,4,No,5,0,1
3324,50,Female,Master,Finance,2,5,4,3,3,91,19,53556.55,3,3,No,5,0,1
3325,58,Female,Bachelor,Engineering,4,5,4,5,3,81,5,71938.09,5,4,No,4,0,1
3326,51,Female,Bachelor,HR,3,21,20,10,3,12,9,76702.02,3,5,No,3,0,0
3327,56,Female,High School,Sales,4,12,2,1,3,35,19,87483.94,3,3,No,3,0,0
3328,39,Female,Bachelor,Finance,4,13,9,4,5,105,16,74755.82,2,3,No,3,0,1
3329,56,Female,Bachelor,Engineering,1,20,4,3,2,103,4,59181.04,4,2,No,2,2,1
3330,50,Female,Bachelor,Marketing,2,6,3,4,3,107,13,55915.18,3,2,No,3,1,1
3331,53,Female,Bachelor,Sales,2,12,12,6,3,63,16,59479.52,2,3,No,5,1,1
3332,38,Female,Bachelor,Engineering,1,14,6,5,3,50,10,53111.57,3,4,No,4,0,1
3333,48,Female,PhD,Finance,4,11,8,2,1,75,3,93711.21,3,4,No,5,0,0
3334,31,Female,Bachelor,Marketing,1,20,1,8,2,21,16,49683.08,4,5,No,3,0,0
3335,53,Female,Bachelor,HR,2,0,0,0,3,59,1,55774.05,2,3,No,4,1,0
3336,37,Male,Master,Marketing,2,24,24,13,4,1,20,74465.63,4,4,No,4,0,0
3337,26,Male,Master,Operations,2,2,1,2,4,55,0,47980.85,3,4,No,4,0,1
3338,24,Female,Bachelor,Operations,3,17,5,10,4,39,17,78399.15,3,3,No,3,0,0
3339,40,Female,Bachelor,Marketing,2,25,11,4,4,27,6,67051.5,4,3,No,5,1,1
3340,47,Female,Master,Marketing,1,21,5,13,3,76,5,53929.56,4,4,Yes,3,0,0
3341,35,Female,High School,Engineering,1,7,2,2,5,96,5,34879.85,4,1,No,5,0,1
3342,26,Female,Bachelor,Marketing,4,1,0,1,3,2,13,68505.69,3,5,Yes,3,1,0
3343,34,Male,Bachelor,Engineering,1,3,1,2,3,62,11,41226.79,5,2,Yes,5,1,0
3344,31,Female,Bachelor,Operations,1,17,9,6,4,97,13,54180.89,3,1,No,3,0,0
3345,29,Female,Bachelor,Sales,2,24,8,6,4,22,13,72436.61,3,3,No,3,1,1
3346,46,Male,Master,Engineering,1,25,19,23,3,54,11,62044.72,3,3,No,3,0,0
3347,36,Male,High School,Finance,2,12,4,6,1,31,8,60273.81,1,3,No,4,3,0
3348,25,Male,Bachelor,Engineering,3,14,2,2,2,83,8,76313.42,4,3,No,3,1,0
3349,30,Male,Bachelor,Engineering,3,1,0,0,4,27,1,66192.39,3,2,Yes,5,1,1
3350,23,Male,Bachelor,Finance,3,9,7,1,2,7,17,70085.62,5,3,No,4,0,0
3351,33,Male,Master,Marketing,1,1,1,0,4,2,4,36162.5,3,2,Yes,3,1,1
3352,50,Male,Bachelor,Finance,2,20,13,0,2,93,11,66418.47,4,3,Yes,4,2,0
3353,26,Male,PhD,Engineering,1,11,7,4,3,88,13,43555.0,4,4,No,3,1,1
3354,37,Male,Bachelor,Marketing,1,4,0,3,3,52,12,44005.58,5,4,No,2,1,0
3355,39,Female,Bachelor,Engineering,2,11,10,3,1,93,2,52478.19,2,3,No,4,0,0
3356,55,Female,Master,Sales,1,22,15,15,2,28,14,56162.57,5,3,Yes,3,0,0
3357,46,Female,Bachelor,Finance,3,0,0,0,4,110,14,63276.54,5,5,Yes,5,1,1
3358,25,Male,High School,Marketing,3,1,1,0,3,93,2,57819.69,5,4,Yes,3,0,0
3359,49,Male,Master,HR,4,15,5,12,4,97,19,80908.0,5,4,Yes,4,0,1
3360,57,Male,Bachelor,HR,3,21,10,17,2,88,18,70781.45,5,1,No,5,1,0
3361,40,Male,Master,Engineering,1,1,1,0,5,80,14,36762.69,4,2,No,3,0,1
3362,41,Male,PhD,HR,2,15,6,13,5,58,18,57925.96,5,4,Yes,4,1,0
3363,30,Male,Bachelor,Sales,1,19,8,13,1,23,7,57607.0,4,2,Yes,3,1,0
3364,25,Male,Bachelor,Operations,2,25,23,18,5,37,12,65293.75,4,3,No,4,1,0
3365,56,Female,Bachelor,Marketing,1,15,10,12,3,27,9,52614.7,4,2,No,4,1,0
3366,26,Male,Bachelor,Finance,1,5,3,5,4,96,1,36291.84,5,2,Yes,3,1,0
3367,46,Male,Master,HR,2,12,7,12,3,61,10,53747.59,2,2,No,4,1,0
3368,24,Female,Master,Marketing,3,11,6,1,3,99,18,66086.01,5,4,No,4,0,1
3369,55,Male,Bachelor,HR,3,22,17,14,3,50,8,85101.33,3,4,No,4,2,0
3370,21,Male,High School,Engineering,2,9,0,6,3,6,8,52288.7,3,2,No,5,1,0
3371,44,Female,Bachelor,Sales,2,4,1,2,4,22,5,57167.69,2,3,No,4,1,1
3372,56,Female,Bachelor,Finance,2,7,6,6,4,117,9,56110.61,3,4,No,4,0,1
3373,26,Female,Master,Operations,3,5,5,2,3,45,7,63426.5,5,3,No,4,0,0
3374,51,Male,High School,Sales,1,4,4,2,5,89,14,36390.93,3,4,No,4,2,1
3375,40,Male,Master,Sales,3,19,1,16,5,77,5,85717.73,4,4,No,3,3,1
3376,44,Male,Master,Engineering,2,21,9,8,5,105,6,65546.6,2,1,No,5,2,1
3377,45,Male,Master,Marketing,1,5,3,2,5,27,19,39163.27,5,3,No,3,2,1
3378,56,Female,Bachelor,Engineering,1,21,14,4,3,23,16,61704.67,5,4,No,3,0,0
3379,41,Female,Master,Engineering,1,16,9,1,3,6,3,57913.62,3,3,No,4,0,1
3380,50,Male,Bachelor,Finance,2,5,2,3,3,111,7,52940.21,3,1,Yes,3,2,0
3381,44,Female,Master,HR,3,16,12,9,5,99,12,80136.94,3,3,No,2,0,0
3382,50,Male,Bachelor,Sales,2,4,2,1,2,102,13,50149.87,3,5,No,3,0,1
3383,42,Female,Bachelor,Sales,2,22,21,19,3,78,17,77787.89,3,5,No,5,2,0
3384,48,Male,Bachelor,Finance,5,16,1,10,2,48,16,94154.93,5,4,Yes,1,1,0
3385,27,Male,High School,HR,1,16,12,9,3,2,17,47743.72,5,3,No,2,0,0
3386,55,Male,Bachelor,Operations,1,12,5,11,3,111,13,53050.95,3,3,No,4,1,1
3387,48,Female,PhD,Finance,2,21,21,6,4,1,10,66742.93,5,3,No,5,2,1
3388,34,Female,High School,Sales,3,6,1,5,2,6,9,71888.65,1,2,No,4,1,0
3389,30,Male,Bachelor,HR,3,21,20,12,4,120,12,78035.23,3,3,No,5,1,1
3390,36,Male,Bachelor,Engineering,2,20,0,4,4,79,19,69637.05,4,4,No,5,3,1
3391,36,Male,Bachelor,Sales,5,5,1,4,4,20,15,86728.03,1,3,No,4,1,0
3392,51,Male,High School,Operations,3,13,4,2,2,8,13,72397.03,2,5,No,3,0,0
3393,45,Female,Bachelor,Marketing,1,15,4,9,5,11,2,45378.0,3,2,No,4,0,0
3394,33,Male,High School,Engineering,3,2,1,1,4,92,17,62608.56,4,4,No,4,0,1
3395,26,Male,High School,Engineering,1,8,6,0,1,23,5,40688.74,5,4,No,1,0,0
3396,29,Female,Master,Sales,3,14,12,4,4,32,19,81890.2,4,3,No,5,0,1
3397,56,Male,Bachelor,Engineering,1,20,12,10,4,77,2,53717.24,4,3,No,4,0,1
3398,40,Female,PhD,Finance,3,17,5,10,3,42,18,71509.36,4,2,No,5,1,1
3399,38,Female,High School,Engineering,2,9,3,9,1,81,2,59867.37,3,5,No,4,0,0
3400,41,Male,Bachelor,Operations,4,9,7,6,4,117,11,76268.46,5,3,No,3,0,0
3401,24,Female,High School,Sales,2,22,8,14,4,4,7,72307.92,4,2,No,5,0,0
3402,53,Female,Bachelor,Finance,3,2,1,0,3,78,4,60568.38,3,4,No,4,0,0
3403,47,Male,PhD,Operations,1,0,0,0,4,70,16,36849.12,2,4,No,3,0,1
3404,27,Male,Master,HR,4,2,2,0,3,88,9,74041.04,5,2,Yes,5,0,0
3405,26,Male,High School,Sales,3,24,19,15,4,13,20,81584.97,1,3,Yes,3,1,0
3406,35,Female,Bachelor,Engineering,1,4,2,2,3,115,16,40848.94,5,3,Yes,4,0,0
3407,38,Female,Bachelor,Engineering,5,6,6,0,3,103,8,87747.12,3,2,Yes,2,1,0
3408,52,Female,Bachelor,Operations,2,2,0,2,5,35,12,46431.95,4,3,No,5,1,0
3409,31,Female,High School,Operations,3,3,2,3,4,34,9,63855.36,3,3,No,4,0,0
3410,40,Female,Master,Operations,3,16,16,1,3,107,7,73809.02,5,4,No,3,0,0
3411,44,Female,PhD,Marketing,1,2,0,2,3,49,6,33684.15,4,1,No,1,1,0
3412,35,Male,PhD,Engineering,5,22,16,5,4,87,1,107257.09,2,2,No,3,2,0
3413,27,Male,Master,Operations,2,3,2,1,4,78,1,51634.62,3,5,Yes,4,3,0
3414,41,Male,Master,Operations,1,1,0,0,4,10,3,33553.28,3,3,Yes,3,0,0
3415,46,Female,Bachelor,Engineering,4,13,8,10,3,23,8,83749.12,5,2,No,5,0,0
3416,34,Male,Bachelor,Engineering,3,4,0,0,5,74,13,64021.8,4,4,Yes,5,0,1
3417,57,Male,High School,HR,1,20,17,2,4,43,10,50876.87,5,5,No,4,1,1
3418,41,Male,Master,Sales,1,1,0,1,2,50,20,50549.67,2,3,Yes,3,1,1
3419,38,Male,Master,Sales,3,14,14,1,4,16,6,73568.85,4,4,No,5,3,1
3420,25,Female,Master,Operations,1,10,0,8,3,69,18,45120.32,5,4,No,5,2,1
3421,23,Male,Master,Operations,4,21,9,21,4,84,3,101647.53,4,4,No,2,1,0
3422,43,Female,Master,Sales,3,9,7,1,1,7,1,70926.34,2,4,Yes,4,0,0
3423,46,Male,PhD,Engineering,2,19,9,18,3,78,20,70934.98,4,4,Yes,5,0,0
3424,57,Female,Bachelor,Marketing,2,0,0,0,3,117,18,49377.19,4,5,No,4,1,0
3425,44,Male,Master,Finance,2,18,1,14,2,115,20,65456.94,4,5,No,5,1,0
3426,39,Male,Bachelor,Engineering,2,13,2,13,3,95,17,57278.79,2,3,Yes,5,1,1
3427,45,Female,Bachelor,Marketing,3,24,13,16,4,73,20,85275.54,1,5,Yes,3,0,0
3428,41,Male,PhD,Operations,5,25,7,17,3,27,6,114894.77,5,3,Yes,5,1,0
3429,32,Male,Master,Operations,2,22,18,17,4,78,10,75108.41,3,4,No,2,1,1
3430,53,Male,High School,Engineering,2,21,0,10,4,11,9,63057.65,3,4,No,3,0,0
3431,24,Male,High School,Sales,1,13,8,1,4,42,10,56138.24,4,3,Yes,3,1,1
3432,27,Male,Master,Operations,3,0,0,0,3,81,8,57690.5,4,2,No,4,0,1
3433,42,Male,Bachelor,Sales,3,24,23,22,2,119,2,78837.51,5,5,No,3,1,0
3434,53,Female,PhD,Marketing,3,8,3,2,3,36,4,64656.55,2,2,No,3,2,0
3435,37,Female,Bachelor,Sales,1,16,4,12,4,107,0,49835.89,4,3,No,2,1,0
3436,44,Male,High School,Engineering,4,13,2,13,3,87,0,76969.3,2,4,Yes,3,0,0
3437,54,Female,Bachelor,Engineering,2,12,0,10,4,62,19,60010.98,1,2,No,5,1,0
3438,48,Male,High School,Sales,3,12,12,3,4,100,4,70761.76,2,4,No,4,0,0
3439,42,Female,High School,Operations,3,5,1,1,1,117,18,65666.07,4,3,No,5,0,0
3440,37,Female,Master,Sales,3,6,4,4,4,92,5,64416.0,4,5,No,2,0,0
3441,54,Female,Bachelor,Operations,2,1,0,1,2,62,2,43532.02,3,5,Yes,3,2,0
3442,26,Male,Bachelor,Operations,3,25,5,24,5,9,20,82458.3,1,4,No,1,1,0
3443,26,Male,High School,Engineering,1,7,3,3,3,77,12,48181.62,4,4,No,3,1,0
3444,54,Male,Bachelor,Marketing,3,23,6,6,3,79,16,77659.31,2,3,No,4,0,0
3445,21,Male,Master,Engineering,1,5,2,3,2,36,2,37990.83,2,3,No,4,0,0
3446,30,Male,Bachelor,Marketing,2,24,6,7,5,10,2,72419.52,4,3,Yes,2,2,0
3447,41,Male,Master,Finance,1,2,1,0,5,114,20,33847.9,3,5,Yes,2,0,0
3448,25,Male,Bachelor,Engineering,4,17,16,2,2,89,12,89203.25,3,4,No,3,0,0
3449,22,Male,Bachelor,Engineering,2,17,16,0,3,103,1,66076.17,4,4,Yes,4,0,1
3450,42,Female,Bachelor,Finance,3,21,12,2,1,18,2,77647.91,2,3,No,1,0,0
3451,22,Female,Bachelor,Operations,3,22,0,10,4,51,19,77801.01,5,3,No,4,1,1
3452,30,Female,Master,Sales,4,5,1,1,3,117,15,71863.81,4,2,Yes,3,1,0
3453,54,Male,Bachelor,Finance,1,10,1,6,4,17,20,42835.75,1,3,No,5,1,1
3454,36,Female,Master,Engineering,3,2,0,0,1,93,11,65071.07,4,5,Yes,3,1,0
3455,42,Female,High School,Marketing,2,15,0,3,4,31,8,65853.02,3,4,No,1,1,1
3456,32,Male,Master,Sales,1,4,3,1,3,22,15,40854.69,4,4,Yes,4,0,1
3457,44,Male,Master,Finance,1,23,1,17,4,116,3,55242.19,4,4,Yes,4,2,1
3458,58,Female,Bachelor,Sales,1,21,3,15,4,11,19,56193.24,5,2,No,5,1,1
3459,30,Male,Bachelor,Finance,1,1,1,0,2,57,17,34626.71,5,2,No,4,0,1
3460,55,Male,PhD,Marketing,2,14,3,11,4,76,0,62316.38,4,3,Yes,4,0,1
3461,52,Male,Bachelor,Marketing,1,15,8,2,4,20,6,53487.45,4,3,Yes,4,1,1
3462,27,Male,Bachelor,Marketing,2,6,0,5,3,20,19,52538.58,1,2,No,3,0,0
3463,41,Female,Bachelor,HR,1,15,0,2,2,92,11,47287.62,5,2,No,4,2,0
3464,40,Female,Master,Operations,1,23,20,7,4,92,7,55749.13,1,5,No,2,1,0
3465,46,Male,Master,Finance,4,3,2,2,5,113,7,80050.04,4,4,Yes,4,3,1
3466,24,Male,Bachelor,Operations,2,15,3,12,5,90,8,73665.32,2,3,No,4,1,0
3467,42,Female,Bachelor,HR,1,16,1,8,4,28,13,53994.33,3,3,Yes,4,2,0
3468,35,Female,PhD,HR,2,1,0,0,3,78,19,49607.37,2,3,No,3,0,0
3469,41,Male,High School,Engineering,1,15,6,2,3,46,4,46605.96,2,4,No,2,0,0
3470,35,Female,Bachelor,HR,1,3,1,3,2,11,19,35557.73,2,2,No,4,1,1
3471,42,Male,High School,Sales,1,6,4,0,3,57,20,44110.62,3,5,No,4,0,0
3472,48,Male,Master,Operations,5,17,14,12,2,40,1,97180.79,3,3,No,3,2,0
3473,34,Female,High School,Finance,3,5,3,1,3,18,20,69589.94,3,4,No,1,0,1
3474,47,Male,Master,Operations,3,17,11,3,5,11,9,73886.75,3,4,No,4,1,0
3475,48,Female,High School,Sales,5,6,0,4,5,22,8,96092.26,4,3,No,2,2,1
3476,46,Female,Master,Engineering,5,1,0,1,5,4,6,84262.69,5,5,No,5,0,0
3477,22,Female,Master,Operations,3,18,3,10,2,25,17,81733.76,4,2,Yes,3,3,0
3478,45,Male,Bachelor,Engineering,3,8,3,1,5,116,11,70892.07,1,2,No,1,0,1
3479,23,Male,Bachelor,HR,2,3,1,3,2,62,10,55087.73,2,3,No,3,1,0
3480,28,Male,Bachelor,Operations,1,13,6,3,3,51,9,48425.87,3,4,No,3,1,0
3481,53,Male,Bachelor,HR,2,4,0,3,4,9,12,49943.11,5,1,No,4,0,0
3482,55,Female,Master,Sales,2,24,8,0,3,85,8,74638.02,2,3,Yes,3,0,1
3483,26,Female,Bachelor,Operations,5,6,1,0,5,38,15,97572.57,4,3,Yes,3,0,1
3484,43,Female,Master,Sales,2,7,3,1,3,22,20,51290.51,1,4,Yes,5,0,1
3485,45,Female,Bachelor,Operations,3,14,14,10,3,10,16,75502.2,3,3,No,3,0,0
3486,39,Female,Bachelor,Sales,2,18,9,1,2,91,4,67087.02,4,3,No,2,0,0
3487,25,Male,Bachelor,Finance,1,10,10,2,5,94,5,46663.21,3,3,No,3,1,0
3488,31,Male,Bachelor,Sales,2,19,18,7,3,71,9,71824.51,3,2,Yes,3,0,1
3489,32,Female,Bachelor,Marketing,2,22,18,22,4,116,10,65697.8,5,4,No,4,3,0
3490,30,Male,Master,Sales,2,3,2,3,4,102,1,56093.46,2,3,No,5,1,1
3491,28,Male,Bachelor,Marketing,2,17,16,3,4,47,6,63190.57,4,4,No,4,0,1
3492,44,Male,High School,HR,1,13,6,8,3,91,13,39354.15,3,4,No,4,1,0
3493,48,Female,Master,Sales,2,25,2,15,3,15,3,65670.19,5,2,No,5,1,0
3494,56,Male,Master,Marketing,3,5,4,4,4,45,4,65642.76,4,3,No,4,0,0
3495,57,Female,High School,HR,2,24,15,4,5,46,18,75480.33,2,5,Yes,2,2,1
3496,41,Female,Bachelor,Sales,2,15,6,14,4,115,20,66825.28,5,3,No,4,1,1
3497,28,Male,Bachelor,Sales,1,17,6,16,2,94,19,52721.48,3,3,No,4,2,1
3498,29,Male,Master,Engineering,1,0,0,0,1,104,9,32418.82,2,4,No,3,1,0
3499,35,Male,Master,Sales,2,7,7,2,3,47,5,50469.61,4,3,No,3,1,0
3500,38,Female,Master,Sales,2,0,0,0,4,79,1,50682.13,4,4,No,4,0,0
3501,40,Female,Master,Engineering,2,0,0,0,3,68,2,48830.9,4,4,Yes,3,0,1
3502,26,Female,Bachelor,Finance,4,18,8,17,4,98,14,93083.84,4,3,No,4,1,0
3503,32,Female,Master,HR,1,20,0,10,5,116,9,53671.71,3,3,No,3,0,1
3504,22,Male,Bachelor,Sales,1,24,2,5,3,24,16,55512.18,5,5,No,4,1,0
3505,27,Male,High School,Operations,2,9,8,5,3,76,6,55987.19,5,2,No,3,0,0
3506,36,Female,Bachelor,Operations,2,17,7,16,5,92,1,64247.66,4,3,No,3,0,0
3507,23,Male,PhD,Engineering,2,11,1,5,3,90,6,50769.05,2,4,No,4,0,0
3508,23,Male,Master,Sales,4,16,6,9,3,103,14,89291.72,5,2,No,5,0,0
3509,47,Male,High School,Operations,4,0,0,0,3,80,2,73570.8,4,5,Yes,4,1,0
3510,58,Male,Master,HR,1,7,4,7,3,36,4,47088.13,5,3,No,4,0,1
3511,53,Male,Master,Engineering,5,9,8,1,4,101,7,96220.01,2,3,Yes,5,0,1
3512,48,Male,Bachelor,HR,1,25,19,19,3,62,3,63833.17,4,3,No,2,0,0
3513,21,Male,Bachelor,Marketing,3,9,5,5,3,28,17,75822.79,5,5,Yes,3,1,0
3514,28,Male,Master,Sales,3,17,10,2,4,57,18,76858.24,3,5,No,3,1,0
3515,57,Female,Bachelor,Marketing,3,8,4,2,3,97,7,59373.4,4,3,No,3,0,0
3516,52,Female,High School,Marketing,1,24,11,15,3,93,5,62044.97,5,3,Yes,5,0,1
3517,57,Male,Master,HR,2,1,0,1,4,30,4,54696.56,4,3,No,4,1,0
3518,24,Female,Master,Operations,2,2,2,0,5,85,4,49890.36,4,3,No,4,2,0
3519,50,Male,Master,Sales,1,1,0,1,3,109,16,29833.81,1,1,No,4,0,1
3520,26,Male,Master,Finance,1,5,0,4,2,88,5,45659.42,4,4,No,5,1,0
3521,39,Female,Bachelor,Engineering,2,22,15,3,4,67,12,68722.62,3,5,Yes,3,0,0
3522,52,Female,Bachelor,Engineering,2,11,2,3,4,98,8,53561.62,2,4,Yes,4,0,0
3523,29,Female,Bachelor,Engineering,3,21,10,6,3,40,11,78830.15,4,3,No,3,1,0
3524,32,Male,Bachelor,Engineering,1,18,10,11,2,49,9,53180.35,1,4,No,4,0,0
3525,31,Male,Master,Sales,4,14,9,1,2,43,0,84528.82,5,5,No,4,1,0
3526,36,Female,High School,Engineering,1,18,1,15,4,8,10,51177.97,4,3,No,5,0,1
3527,21,Male,Bachelor,Engineering,4,11,3,6,3,58,5,86707.78,4,5,No,3,1,0
3528,41,Male,Bachelor,Marketing,2,17,4,10,5,89,2,69704.58,3,1,No,3,0,1
3529,50,Female,PhD,Sales,2,15,6,0,4,90,5,70227.73,2,1,No,5,0,1
3530,33,Female,Bachelor,Finance,4,1,0,0,4,26,8,69885.1,3,2,No,5,0,0
3531,54,Female,High School,Engineering,1,10,8,4,5,81,7,51203.12,3,2,No,3,1,1
3532,24,Male,Bachelor,Sales,1,11,7,9,2,93,14,47663.59,5,3,Yes,3,0,0
3533,48,Female,Master,Engineering,2,4,4,0,3,108,5,54103.16,4,5,Yes,3,0,0
3534,58,Male,Bachelor,Engineering,1,23,14,0,2,58,10,62557.63,5,4,No,4,0,0
3535,51,Male,Bachelor,Finance,2,5,1,0,3,109,9,53300.42,4,4,Yes,5,1,1
3536,47,Female,High School,Engineering,1,24,11,11,2,94,10,57869.91,4,3,Yes,2,1,0
3537,25,Male,Master,Operations,4,10,7,8,2,105,3,79225.87,4,3,No,4,0,0
3538,45,Male,High School,Operations,3,20,7,12,5,2,12,74333.49,3,3,Yes,3,1,0
3539,23,Female,Bachelor,Engineering,1,9,4,7,4,92,7,42570.32,4,3,No,3,1,1
3540,53,Male,Bachelor,Marketing,4,3,2,2,5,6,19,76384.4,2,4,No,3,2,1
3541,24,Male,Bachelor,Sales,2,8,2,5,3,81,14,55998.83,4,4,No,4,0,1
3542,45,Male,Master,HR,2,11,8,9,4,15,6,57377.53,2,3,Yes,5,0,1
3543,40,Male,Bachelor,Marketing,2,9,6,5,1,48,0,55700.97,4,4,No,4,1,0
3544,54,Male,PhD,Engineering,3,13,0,5,3,120,8,76905.37,3,3,No,4,0,0
3545,46,Female,PhD,Sales,2,4,1,3,4,31,7,53302.54,2,3,Yes,2,0,0
3546,25,Female,Bachelor,Sales,3,0,0,0,1,101,1,57026.48,4,5,No,2,1,1
3547,55,Male,Master,Engineering,1,4,4,4,4,88,13,40831.6,2,5,No,2,0,1
3548,48,Female,Master,HR,5,15,4,9,3,43,11,100964.39,2,1,Yes,2,0,0
3549,49,Male,Master,Engineering,3,4,0,2,3,95,16,68425.78,3,3,Yes,4,1,1
3550,29,Male,Bachelor,Engineering,1,4,1,2,3,18,18,42856.56,3,3,No,4,0,1
3551,58,Female,Bachelor,HR,3,17,13,6,5,2,5,79694.13,5,3,No,1,1,0
3552,26,Male,Bachelor,Marketing,2,5,5,4,2,59,20,55524.24,4,4,No,3,2,0
3553,39,Female,Master,Sales,1,20,10,7,4,34,4,46972.48,5,3,No,2,1,0
3554,31,Male,Bachelor,Marketing,1,17,13,4,3,113,5,51658.87,2,4,No,5,1,1
3555,22,Female,Bachelor,Finance,1,9,2,3,2,28,2,44738.97,3,1,No,4,1,0
3556,29,Male,Bachelor,Marketing,4,14,12,13,4,74,15,93757.45,4,5,No,3,2,0
3557,41,Male,Bachelor,Marketing,2,23,20,18,3,69,17,72737.51,2,4,Yes,4,0,0
3558,44,Male,Bachelor,HR,2,21,15,17,2,82,13,66736.21,2,4,Yes,3,0,0
3559,54,Female,High School,Engineering,1,10,3,2,2,100,14,42909.18,4,4,Yes,4,2,0
3560,42,Male,Bachelor,HR,2,25,16,6,4,44,3,70123.83,4,5,Yes,5,1,0
3561,23,Female,Master,Operations,2,18,4,7,2,26,10,61966.43,3,5,No,4,0,0
3562,32,Male,Bachelor,Finance,3,24,6,14,3,68,4,91319.37,3,4,No,3,2,0
3563,48,Male,Master,Sales,5,12,0,4,2,89,8,95738.93,4,4,No,4,0,0
3564,50,Male,High School,Sales,2,19,19,16,2,34,4,69399.32,2,4,No,4,1,0
3565,46,Female,Bachelor,Operations,2,2,1,2,3,18,6,52861.34,5,3,No,5,3,0
3566,41,Female,Master,Sales,2,15,10,3,3,16,17,65129.34,5,2,No,3,1,1
3567,48,Male,Master,Sales,4,6,3,1,3,117,17,74877.42,5,3,No,2,1,1
3568,46,Female,Bachelor,Engineering,1,11,8,11,2,34,19,52249.09,3,4,No,4,1,1
3569,53,Male,PhD,Operations,2,14,10,3,4,110,1,61246.72,1,2,No,5,2,0
3570,41,Female,Master,Engineering,3,7,7,3,3,112,12,73301.6,5,3,No,5,3,1
3571,55,Female,PhD,Engineering,1,22,1,16,2,76,12,58502.67,3,3,Yes,4,0,0
3572,54,Male,Bachelor,Finance,1,16,4,8,3,77,16,58415.92,3,3,No,3,0,0
3573,38,Male,Bachelor,Sales,3,0,0,0,2,29,16,63401.27,3,5,No,4,1,0
3574,31,Female,Bachelor,Operations,1,20,10,11,4,47,5,54257.55,3,1,Yes,2,3,1
3575,43,Female,Master,HR,2,7,6,1,3,56,13,60922.5,4,4,No,4,1,0
3576,42,Female,High School,HR,2,13,2,3,2,106,20,61253.24,5,4,Yes,3,2,1
3577,37,Male,Master,Operations,2,9,6,1,2,16,13,59252.34,4,3,No,5,1,1
3578,25,Male,High School,Operations,1,18,5,8,3,100,11,53557.01,4,4,Yes,3,1,1
3579,31,Male,Bachelor,Engineering,5,7,2,5,4,116,4,89136.26,3,3,Yes,4,1,1
3580,50,Female,Bachelor,Sales,1,18,13,3,2,14,4,52562.31,4,3,Yes,1,0,0
3581,35,Female,Master,Marketing,3,3,3,3,2,81,3,66546.6,3,3,No,4,0,0
3582,47,Male,Bachelor,Engineering,1,9,3,5,3,111,12,48988.66,2,5,Yes,3,2,0
3583,55,Male,Master,Operations,2,22,7,4,4,13,3,60721.46,2,5,Yes,5,0,0
3584,53,Male,Bachelor,Operations,1,2,0,0,2,13,17,40081.26,4,5,No,4,2,1
3585,40,Male,Master,Sales,1,3,1,0,3,44,15,39388.4,1,5,No,3,0,1
3586,36,Male,PhD,Operations,1,15,8,3,3,96,17,45019.42,5,1,Yes,3,0,0
3587,54,Male,Master,Engineering,2,23,10,16,2,37,1,73130.04,5,3,No,4,0,0
3588,22,Male,PhD,Finance,2,3,3,2,3,62,3,58926.57,2,5,Yes,3,2,1
3589,55,Male,High School,Sales,1,24,19,22,1,118,19,64526.69,3,4,No,3,0,0
3590,48,Male,Bachelor,Operations,5,19,6,0,4,74,16,92766.85,4,3,No,4,1,0
3591,26,Male,High School,Finance,1,19,3,16,5,10,19,55398.12,5,4,Yes,4,0,1
3592,29,Male,Bachelor,Finance,2,12,7,5,4,120,5,57201.35,5,3,No,3,1,1
3593,40,Male,Master,Operations,1,20,13,2,3,47,17,53207.08,3,4,Yes,4,0,0
3594,21,Male,High School,HR,2,16,0,13,4,119,19,62391.28,2,3,No,4,0,0
3595,28,Male,Bachelor,Engineering,3,22,11,11,4,25,6,71909.44,3,4,No,5,0,1
3596,43,Male,Bachelor,Operations,2,24,18,14,4,66,12,62367.13,3,4,Yes,5,1,1
3597,23,Female,Bachelor,Marketing,1,15,15,5,4,24,8,50840.78,3,5,Yes,3,0,0
3598,24,Female,Bachelor,Operations,1,24,4,19,4,80,1,59590.81,4,3,No,5,0,0
3599,45,Female,Master,Operations,3,16,7,1,3,60,7,74618.51,3,4,No,3,0,0
3600,58,Male,High School,Engineering,1,5,2,3,3,85,13,36505.11,5,4,Yes,2,0,0
3601,35,Female,Bachelor,Engineering,2,2,1,0,3,92,17,49183.75,3,4,Yes,3,1,1
3602,41,Female,Bachelor,Engineering,1,19,3,12,1,109,0,59881.76,3,3,No,5,0,0
3603,55,Male,Master,Finance,1,23,14,22,3,25,8,56248.95,3,5,No,5,0,0
3604,34,Male,Bachelor,Engineering,1,3,3,3,3,33,8,37688.82,3,3,Yes,5,1,1
3605,56,Female,Master,Marketing,4,7,3,2,4,89,1,84247.48,4,2,No,4,0,1
3606,32,Male,Bachelor,Sales,3,19,19,16,5,120,15,77237.02,3,4,No,4,0,1
3607,37,Male,Bachelor,Sales,2,8,5,5,3,8,3,58921.73,5,2,No,3,1,0
3608,29,Female,High School,Engineering,1,21,20,10,2,39,12,57743.41,5,3,No,2,2,0
3609,55,Female,Bachelor,Sales,2,0,0,0,5,74,16,45431.01,5,3,No,4,1,1
3610,33,Male,Master,Finance,2,12,9,2,5,6,10,55837.18,4,3,Yes,4,0,0
3611,35,Male,High School,Sales,2,25,23,15,3,29,1,66108.36,4,3,No,3,0,0
3612,38,Male,Bachelor,Sales,1,1,1,1,2,117,3,33861.23,3,2,No,4,0,0
3613,53,Female,Master,Sales,5,22,22,0,3,65,11,108107.96,4,4,Yes,4,2,1
3614,26,Male,Bachelor,Marketing,2,9,7,9,2,29,1,53812.8,5,3,No,5,1,0
3615,47,Male,Bachelor,Marketing,4,22,19,1,5,67,0,92248.36,2,3,No,3,0,0
3616,43,Female,Master,Sales,1,18,7,18,4,57,5,52073.38,4,5,No,4,0,1
3617,47,Male,Bachelor,Marketing,1,16,5,13,3,54,15,52918.39,5,3,No,3,0,0
3618,54,Female,Master,Engineering,1,23,2,2,5,13,1,52241.08,5,4,No,3,2,1
3619,58,Male,High School,Engineering,3,12,12,6,4,76,13,76192.21,3,3,No,3,1,0
3620,34,Male,Master,Finance,2,25,7,23,5,117,19,77244.8,3,4,No,3,2,0
3621,56,Female,Bachelor,Sales,4,13,12,8,5,88,11,84599.39,3,4,No,4,1,1
3622,28,Male,Master,Marketing,4,10,6,6,1,76,18,73041.52,4,3,No,4,2,0
3623,55,Male,High School,Sales,3,9,9,7,2,76,2,65663.62,2,4,No,5,0,0
3624,39,Male,Master,Operations,3,6,4,2,3,36,18,67664.04,3,4,Yes,4,0,1
3625,50,Female,Bachelor,Sales,3,9,3,5,5,43,10,70588.59,3,3,No,3,0,1
3626,34,Female,Bachelor,Finance,3,23,16,1,5,5,3,80668.89,3,4,Yes,5,3,1
3627,40,Female,Bachelor,Operations,2,0,0,0,4,25,16,53402.47,3,3,No,5,0,1
3628,45,Male,Master,Sales,3,13,9,0,2,117,16,70395.04,4,4,Yes,4,0,0
3629,44,Male,PhD,HR,4,2,2,2,2,13,6,78736.43,5,4,No,1,1,0
3630,34,Male,High School,Engineering,2,12,1,8,4,7,4,59804.02,3,3,No,3,2,0
3631,46,Female,High School,Finance,5,1,1,1,4,23,18,83635.66,4,4,No,4,2,1
3632,58,Male,Master,Engineering,1,16,11,13,3,85,20,54326.28,4,5,Yes,4,0,1
3633,43,Female,High School,Sales,2,20,20,16,3,103,18,66824.35,2,3,Yes,2,2,1
3634,42,Male,PhD,Finance,1,2,1,1,4,38,8,42349.9,5,4,No,3,1,0
3635,39,Female,Bachelor,Engineering,1,25,20,18,5,48,16,71125.49,2,3,No,3,2,1
3636,23,Female,Master,Finance,4,14,14,13,3,84,8,81864.05,4,4,Yes,5,2,0
3637,39,Female,Bachelor,Engineering,4,7,2,5,3,106,13,82823.17,4,2,No,5,0,0
3638,29,Male,Bachelor,Engineering,3,5,3,3,4,62,4,68051.81,4,1,Yes,3,1,0
3639,48,Male,Master,Finance,5,25,0,8,5,25,1,114617.24,3,2,No,2,1,0
3640,40,Male,Master,Finance,1,8,0,7,3,9,14,47856.59,4,5,No,3,2,1
3641,27,Male,PhD,Engineering,1,24,21,9,3,76,15,64891.75,4,3,Yes,2,0,1
3642,34,Male,Bachelor,Engineering,2,10,3,8,3,105,18,54064.88,4,4,Yes,3,0,0
3643,29,Male,High School,Engineering,4,21,19,7,3,116,0,86797.68,5,4,No,4,1,0
3644,39,Male,High School,Sales,1,1,0,0,2,57,11,34137.51,4,2,No,3,1,0
3645,34,Female,Master,Engineering,5,8,8,5,4,13,18,91572.62,3,3,No,4,2,0
3646,58,Female,Bachelor,Sales,3,17,7,5,3,72,19,81830.06,2,4,No,2,1,0
3647,56,Male,High School,Finance,5,18,1,1,4,70,14,107622.99,4,3,Yes,3,0,1
3648,37,Female,Bachelor,Finance,2,21,3,8,2,38,4,66440.71,4,1,No,1,3,0
3649,50,Male,Bachelor,Engineering,2,17,0,8,2,30,0,63851.09,2,4,Yes,4,1,0
3650,29,Male,PhD,Engineering,3,4,2,2,3,49,10,59912.16,2,3,Yes,3,1,0
3651,53,Male,Bachelor,Engineering,3,17,4,8,3,15,8,76591.07,1,1,No,5,2,0
3652,45,Female,Bachelor,HR,1,11,1,1,3,71,6,46107.16,4,2,No,3,1,1
3653,34,Male,Bachelor,Operations,4,3,2,3,4,111,1,74918.69,4,3,No,4,1,1
3654,31,Male,Bachelor,Finance,4,14,12,13,2,50,16,90322.91,4,3,Yes,5,0,0
3655,55,Female,High School,Marketing,1,10,0,2,3,14,15,47619.24,3,2,No,4,3,0
3656,34,Male,High School,Marketing,1,18,16,15,4,88,15,47970.28,3,3,No,4,0,1
3657,50,Female,Master,Engineering,2,4,1,3,5,110,13,42399.19,4,4,No,2,0,0
3658,24,Female,High School,Sales,2,5,4,0,3,37,1,55707.89,2,4,No,5,2,1
3659,24,Female,Bachelor,Finance,3,12,11,12,3,104,18,72729.49,3,4,Yes,4,1,1
3660,48,Male,Bachelor,Sales,1,22,8,21,4,78,2,58310.6,4,4,No,2,0,0
3661,28,Male,Master,Finance,3,9,5,1,3,88,7,70030.01,5,3,No,3,0,1
3662,22,Male,Bachelor,Marketing,3,23,19,21,4,70,20,77121.76,3,4,Yes,4,3,1
3663,42,Male,Master,Marketing,1,24,2,13,3,89,18,57840.9,5,5,No,1,1,0
3664,36,Male,Bachelor,Engineering,2,13,7,0,4,71,15,59477.41,2,5,Yes,4,0,0
3665,49,Male,Master,HR,1,3,2,2,3,81,3,39374.94,2,4,No,3,2,1
3666,50,Female,High School,Finance,1,19,0,17,5,20,7,57613.44,3,3,No,4,1,0
3667,32,Female,PhD,Marketing,2,22,19,8,3,15,0,66490.42,4,4,Yes,3,0,0
3668,55,Male,High School,Marketing,5,11,10,5,5,110,3,90276.01,3,2,No,4,0,0
3669,31,Male,Bachelor,Operations,1,14,12,7,3,66,6,54959.79,4,5,No,3,1,0
3670,41,Male,Master,Sales,2,25,20,6,3,64,0,68578.95,1,3,No,4,1,1
3671,41,Male,Bachelor,Engineering,1,9,4,8,3,12,17,49709.74,3,3,No,5,0,1
3672,25,Female,PhD,Engineering,1,10,4,8,5,117,3,54605.85,3,3,Yes,5,1,1
3673,40,Female,Bachelor,Sales,2,8,7,3,3,63,19,62228.39,4,1,No,3,0,0
3674,57,Female,Master,Operations,3,10,7,6,3,60,13,72657.98,4,2,Yes,4,3,0
3675,23,Female,Master,Operations,1,1,1,0,2,31,7,37107.27,4,3,No,3,0,1
3676,53,Male,PhD,Sales,5,12,12,6,5,11,17,99452.32,4,3,No,5,1,1
3677,29,Female,Master,Sales,1,21,3,3,3,94,6,55808.36,4,2,No,4,1,0
3678,29,Male,Master,Engineering,4,25,8,11,3,40,2,101161.7,4,5,No,2,1,0
3679,24,Female,Master,Marketing,4,25,15,25,5,65,20,98054.14,5,3,No,3,0,0
3680,55,Male,Bachelor,Engineering,2,7,0,2,5,104,13,56813.3,4,3,No,4,0,0
3681,37,Male,High School,Sales,1,20,4,16,3,7,11,55197.04,4,3,No,3,3,0
3682,54,Male,Master,Sales,2,20,20,19,5,58,14,65023.36,4,2,No,5,0,1
3683,44,Male,PhD,Engineering,3,7,4,6,3,24,7,67290.96,4,5,No,5,1,1
3684,52,Female,Master,Operations,4,0,0,0,2,4,4,74171.3,3,3,No,4,0,0
3685,21,Male,Master,Engineering,2,5,0,4,4,44,16,52472.22,4,2,Yes,1,0,0
3686,28,Male,Master,Engineering,2,25,18,25,4,1,9,72692.05,2,2,No,4,1,1
3687,43,Male,Bachelor,Sales,4,12,8,2,3,41,10,87742.43,1,3,No,3,0,1
3688,32,Female,Bachelor,HR,5,8,7,8,2,37,15,93310.28,4,4,No,4,3,0
3689,32,Male,Bachelor,Finance,3,5,2,4,3,102,15,63362.36,2,3,Yes,3,2,0
3690,35,Female,Bachelor,Engineering,4,14,1,3,4,2,3,74577.41,5,4,No,3,2,0
3691,39,Female,Bachelor,Engineering,2,22,14,15,5,45,4,73655.04,4,4,Yes,2,1,1
3692,46,Female,PhD,Marketing,3,15,3,7,3,111,9,74057.69,4,4,No,3,0,1
3693,49,Female,Master,Sales,3,3,2,2,4,101,13,64501.85,3,3,No,5,1,1
3694,42,Male,Bachelor,Finance,3,25,12,20,3,21,8,85679.97,4,4,No,5,1,0
3695,41,Male,High School,Engineering,2,16,4,15,4,103,17,65580.99,3,2,Yes,4,0,1
3696,58,Female,Bachelor,Engineering,2,8,1,2,2,32,19,59231.13,3,3,Yes,5,2,0
3697,40,Male,Bachelor,Finance,2,11,11,1,4,115,5,62935.33,5,2,Yes,3,1,0
3698,49,Male,Bachelor,Marketing,2,21,7,14,3,31,10,70922.16,2,3,Yes,4,1,0
3699,24,Female,High School,Finance,2,18,0,17,5,110,20,52731.87,4,4,No,4,1,1
3700,27,Male,Bachelor,Sales,3,19,18,13,3,16,16,79671.92,5,4,No,3,2,0
3701,48,Female,Bachelor,HR,2,25,22,23,3,119,8,72519.98,5,2,No,3,0,0
3702,48,Male,Master,HR,1,11,9,4,4,81,2,45888.8,4,3,Yes,5,0,1
3703,24,Female,High School,HR,4,21,16,7,3,55,15,93818.12,4,5,No,4,1,0
3704,42,Male,High School,Finance,4,5,4,4,3,2,19,77581.0,5,3,No,4,1,1
3705,32,Female,High School,Sales,2,11,10,0,3,119,3,56628.17,5,3,No,4,2,1
3706,23,Male,Bachelor,HR,1,8,1,1,4,69,14,49146.99,4,2,Yes,2,0,0
3707,42,Male,Master,Finance,5,19,18,18,3,48,1,103491.15,4,4,No,1,2,0
3708,22,Female,Master,Engineering,4,4,1,4,2,54,19,77289.98,3,3,No,5,1,0
3709,44,Male,Bachelor,Finance,1,20,1,2,3,76,16,46665.83,1,2,No,4,1,0
3710,54,Male,Master,Engineering,1,2,2,1,5,118,18,47314.53,2,4,No,5,0,1
3711,47,Male,Bachelor,Engineering,2,1,1,0,2,117,19,42442.7,4,3,No,3,1,0
3712,21,Female,Master,Operations,3,7,6,5,3,30,15,69396.82,3,4,No,5,1,1
3713,28,Male,High School,Engineering,1,9,5,7,4,80,18,47951.89,4,5,No,5,0,1
3714,43,Female,Bachelor,Engineering,2,14,10,3,2,20,20,68177.67,4,1,No,3,1,0
3715,58,Male,Master,Finance,2,8,5,8,3,15,16,52353.34,3,5,Yes,3,0,0
3716,26,Male,Master,Operations,4,9,8,5,5,16,3,77864.91,3,4,No,3,1,0
3717,42,Female,Master,Operations,2,10,7,0,1,95,17,61201.51,4,3,Yes,1,1,0
3718,45,Female,Bachelor,Finance,2,8,7,4,4,0,3,58803.72,5,5,No,4,1,1
3719,38,Female,Bachelor,Sales,5,13,5,4,4,111,20,103507.2,4,4,Yes,3,0,0
3720,37,Female,PhD,Operations,1,4,4,1,3,101,2,44949.65,2,5,Yes,5,0,1
3721,32,Male,High School,Finance,1,8,8,6,3,71,17,42846.38,4,4,No,5,2,1
3722,26,Male,Bachelor,Engineering,3,3,3,1,5,64,20,63255.78,5,3,No,4,0,1
3723,46,Male,High School,Marketing,1,1,1,0,4,65,19,39992.09,4,4,Yes,3,2,1
3724,47,Female,Bachelor,Engineering,4,18,5,3,2,110,4,83086.18,3,2,No,2,0,0
3725,28,Female,Bachelor,Sales,1,0,0,0,3,36,8,39244.35,3,2,No,5,1,0
3726,39,Male,Bachelor,Marketing,1,20,3,11,4,23,14,57533.71,3,4,No,5,0,0
3727,21,Male,Bachelor,HR,4,0,0,0,3,90,8,69759.78,3,5,No,3,1,1
3728,49,Male,Master,Engineering,2,11,8,9,3,83,13,58048.06,2,4,Yes,3,2,1
3729,55,Female,High School,Engineering,3,10,6,1,5,110,20,62071.93,4,4,Yes,3,0,0
3730,34,Male,Bachelor,Finance,1,0,0,0,3,61,1,40715.57,4,2,No,5,0,1
3731,55,Male,Bachelor,Engineering,1,13,1,3,5,20,17,50371.82,4,4,No,4,1,1
3732,40,Male,Bachelor,Engineering,4,10,3,3,4,105,12,76773.67,3,4,No,2,2,0
3733,33,Female,Bachelor,Finance,2,6,4,3,2,36,20,50159.76,3,1,No,4,0,1
3734,58,Female,Master,Operations,2,1,1,1,4,34,15,48161.61,4,2,No,1,2,0
3735,28,Female,High School,HR,1,14,9,5,3,37,5,52997.17,5,4,No,4,1,1
3736,40,Male,Master,Marketing,2,7,7,5,3,52,15,57318.14,3,3,Yes,4,0,1
3737,53,Male,Bachelor,Marketing,3,21,0,2,3,14,3,76611.07,3,3,No,5,0,0
3738,46,Female,High School,Finance,4,19,14,14,4,113,9,87726.9,3,5,Yes,4,0,0
3739,41,Female,Master,Engineering,3,24,2,0,4,109,18,82810.39,4,5,No,3,1,0
3740,29,Male,Bachelor,Operations,3,14,14,2,5,41,10,70397.33,5,4,Yes,4,1,0
3741,44,Male,Bachelor,Engineering,2,25,13,24,5,93,4,69418.21,4,4,No,5,0,0
3742,57,Male,High School,Sales,2,7,0,0,3,3,17,58067.48,5,3,No,4,1,0
3743,37,Male,High School,Engineering,3,9,4,7,4,106,2,64192.71,3,2,No,3,1,1
3744,44,Female,Bachelor,Marketing,1,18,7,17,1,115,7,52630.53,1,5,No,3,0,0
3745,41,Male,Bachelor,Sales,1,2,2,1,2,38,10,37932.94,5,4,No,3,3,1
3746,33,Male,Bachelor,Sales,5,19,8,2,2,78,20,101928.58,3,4,No,1,2,0
3747,31,Male,High School,Finance,1,13,1,6,4,22,18,49756.84,2,3,Yes,1,0,1
3748,39,Male,Master,Operations,1,8,7,1,2,104,20,46658.36,5,5,No,3,2,0
3749,31,Male,Master,Finance,2,8,7,3,3,14,2,59336.88,3,1,No,5,2,1
3750,33,Male,Master,Engineering,3,20,5,8,3,89,11,77624.23,2,3,No,4,0,0
3751,21,Male,High School,Sales,2,24,2,5,3,11,14,69994.28,3,2,No,3,0,0
3752,39,Female,Master,Finance,2,5,1,3,5,81,15,54903.83,4,4,Yes,1,1,0
3753,32,Male,Master,Sales,5,7,5,1,5,69,4,92020.56,2,4,No,5,2,1
3754,28,Male,Master,Finance,3,10,7,9,4,81,18,72282.83,3,3,No,4,2,0
3755,28,Female,Bachelor,Engineering,4,7,5,5,4,120,5,81098.77,4,1,No,5,0,0
3756,32,Female,Bachelor,Operations,1,11,3,8,4,113,11,43604.51,5,5,No,4,0,1
3757,53,Female,Master,HR,1,9,4,3,4,53,18,52597.79,3,5,No,2,1,0
3758,46,Male,High School,Engineering,2,22,20,17,4,87,8,68814.71,4,3,No,5,0,1
3759,48,Male,Bachelor,Operations,1,3,0,2,2,37,17,42498.82,4,4,No,4,0,0
3760,25,Male,Master,Engineering,1,15,8,10,3,27,2,52942.35,2,5,No,4,1,0
3761,28,Male,Master,Engineering,1,19,12,10,3,78,13,55187.7,3,3,No,4,1,0
3762,45,Male,PhD,Marketing,2,5,4,4,3,18,20,54549.35,4,2,Yes,4,0,0
3763,47,Female,Master,Engineering,3,8,8,7,3,68,4,71909.33,4,5,No,4,2,1
3764,43,Male,Bachelor,Engineering,3,22,15,10,4,63,4,79966.84,3,2,Yes,4,0,0
3765,50,Male,High School,Engineering,1,4,3,3,4,3,3,43702.41,1,3,No,4,1,1
3766,43,Female,Bachelor,Sales,2,20,1,19,1,80,15,69009.69,1,4,No,4,1,1
3767,40,Male,Bachelor,Sales,1,23,18,14,3,116,12,62403.16,4,4,No,5,0,1
3768,38,Female,Bachelor,Marketing,2,5,5,2,4,9,7,51514.38,4,4,No,4,1,1
3769,38,Female,High School,Finance,2,16,15,6,2,11,20,63737.23,4,4,No,2,2,0
3770,22,Female,Bachelor,Engineering,2,16,12,7,2,68,15,59979.0,4,4,No,4,1,0
3771,24,Female,Master,Engineering,4,24,4,10,4,6,1,99039.09,5,3,No,3,1,0
3772,50,Male,PhD,Operations,4,23,22,9,3,43,7,90742.97,5,3,No,1,0,0
3773,53,Male,Master,Operations,3,21,5,19,5,22,2,81228.2,4,3,Yes,3,0,0
3774,56,Female,Master,HR,4,12,4,8,4,1,8,81985.24,4,4,No,3,1,0
3775,38,Female,Bachelor,Marketing,3,16,16,14,5,93,10,79964.74,2,5,No,2,2,0
3776,57,Male,PhD,Marketing,4,13,0,9,1,115,20,84465.88,3,3,No,3,1,0
3777,39,Female,Bachelor,Engineering,2,1,0,1,2,112,19,52504.56,4,2,No,4,0,1
3778,48,Male,Master,Sales,2,25,2,23,3,108,0,67164.64,5,5,Yes,3,1,0
3779,40,Female,PhD,Sales,3,18,12,4,2,36,0,74675.18,2,2,No,3,0,0
3780,53,Male,Master,Marketing,1,25,11,14,3,68,7,61928.17,4,2,No,5,1,0
3781,32,Male,Bachelor,Marketing,3,2,1,0,4,19,15,67963.81,5,5,No,5,0,1
3782,35,Female,High School,Finance,5,1,1,0,5,89,9,88004.29,5,4,No,3,1,0
3783,22,Male,Bachelor,Sales,3,1,0,0,5,43,1,71431.94,4,3,Yes,5,1,1
3784,49,Male,High School,Finance,1,21,12,14,3,107,15,59065.92,3,5,No,4,0,0
3785,30,Male,High School,Marketing,2,6,5,2,4,102,3,54464.08,1,5,No,3,2,0
3786,22,Female,Bachelor,Operations,4,3,2,0,3,69,18,74416.01,3,3,No,4,0,1
3787,31,Female,Bachelor,Sales,5,16,4,7,3,92,8,106668.27,4,5,No,5,0,0
3788,33,Female,Bachelor,Finance,2,5,5,3,5,73,2,56729.79,2,4,Yes,4,1,1
3789,30,Female,Master,Sales,4,6,1,0,1,50,10,76338.29,3,3,No,3,2,0
3790,34,Female,Bachelor,Marketing,4,19,3,18,3,79,7,87464.45,4,5,Yes,2,0,0
3791,38,Male,Master,Finance,1,5,0,0,5,97,6,38845.04,4,2,No,3,2,1
3792,29,Male,Master,Sales,4,8,6,4,2,30,0,82245.01,4,3,Yes,3,1,0
3793,48,Female,Bachelor,Marketing,2,19,19,9,5,99,7,60027.4,5,3,Yes,3,1,0
3794,23,Male,Master,Sales,2,25,12,21,1,40,16,69456.23,1,4,Yes,4,2,0
3795,40,Male,High School,Marketing,2,3,3,0,5,57,10,52890.11,3,1,No,4,1,1
3796,26,Male,Bachelor,Engineering,3,25,12,24,3,4,6,83610.45,4,5,No,4,1,0
3797,47,Male,Bachelor,Finance,3,4,3,0,2,32,8,62780.03,3,4,No,3,1,1
3798,22,Female,High School,Operations,2,18,2,3,2,42,13,67979.3,4,3,Yes,2,1,0
3799,49,Male,Bachelor,Engineering,4,9,7,4,4,18,4,83858.83,4,4,No,3,0,0
3800,58,Female,Bachelor,HR,4,17,7,4,5,31,17,87434.14,4,3,No,5,1,0
3801,23,Male,Bachelor,HR,3,14,8,6,4,120,12,71474.29,2,3,No,4,1,0
3802,36,Male,Bachelor,Sales,2,24,16,6,5,86,4,74058.31,5,1,No,3,1,1
3803,50,Male,Bachelor,Finance,1,0,0,0,4,2,7,36365.11,5,4,No,2,0,1
3804,22,Female,Bachelor,Marketing,2,4,3,4,1,0,14,52656.19,2,2,No,3,1,0
3805,37,Female,Bachelor,Operations,4,4,3,3,4,99,3,79731.39,3,4,Yes,4,0,0
3806,32,Female,Bachelor,Operations,1,7,5,7,3,40,0,38899.8,4,2,No,4,3,1
3807,55,Female,High School,HR,5,21,9,16,3,91,5,101826.99,2,3,No,1,0,0
3808,21,Female,High School,Marketing,4,21,3,0,2,47,18,90856.32,4,3,No,2,1,1
3809,35,Female,High School,Marketing,3,21,8,21,3,38,11,87528.59,3,4,No,3,0,0
3810,46,Female,Master,HR,3,19,15,17,4,4,6,73089.57,5,1,No,2,1,0
3811,57,Female,High School,Sales,2,14,6,11,3,76,12,61759.12,3,3,No,5,1,1
3812,41,Male,Master,Engineering,3,16,13,2,4,10,6,71853.67,5,2,No,1,1,0
3813,51,Male,Master,Marketing,2,18,5,13,5,109,8,74436.87,1,4,No,5,0,0
3814,45,Female,High School,Finance,4,12,0,1,1,21,0,84867.27,2,3,No,4,3,1
3815,43,Female,Bachelor,Marketing,3,25,17,9,4,112,20,79687.49,3,2,No,3,0,0
3816,44,Male,PhD,Sales,3,21,11,14,4,86,12,73316.09,5,1,No,4,2,0
3817,58,Female,Master,Operations,3,20,14,9,1,63,18,81448.04,4,4,No,3,1,0
3818,48,Female,Bachelor,Engineering,1,9,0,0,4,11,20,45872.48,4,5,No,4,0,1
3819,41,Male,Master,Finance,1,16,14,1,3,52,0,53942.91,3,4,No,3,1,1
3820,38,Female,Master,Sales,4,4,2,4,3,54,19,72573.69,1,3,No,2,1,0
3821,56,Male,Bachelor,Sales,1,17,15,15,2,52,20,59773.13,4,2,No,4,1,0
3822,55,Male,Master,Marketing,2,16,0,7,3,20,18,63727.59,4,3,No,2,0,0
3823,29,Male,Bachelor,Operations,2,3,0,2,3,18,17,53397.61,2,3,Yes,3,3,0
3824,58,Male,Bachelor,Engineering,1,21,2,20,3,68,4,58395.69,2,3,No,5,1,1
3825,50,Female,PhD,Sales,1,6,3,2,2,87,2,42810.71,3,3,No,5,0,0
3826,54,Male,Master,Engineering,4,24,6,13,4,93,1,99822.22,3,3,No,5,1,0
3827,52,Male,Bachelor,Sales,3,4,4,2,5,71,9,62480.26,4,2,Yes,4,0,1
3828,23,Male,High School,Sales,2,7,6,4,3,65,5,59389.29,3,1,No,1,0,0
3829,23,Male,Bachelor,Marketing,5,7,3,3,3,58,18,96632.57,4,2,No,2,0,0
3830,48,Male,Master,Operations,1,10,9,10,2,48,16,50146.56,4,2,No,5,2,0
3831,35,Female,Master,Sales,1,8,0,5,5,97,18,49937.38,4,3,No,5,0,1
3832,43,Male,PhD,Finance,3,18,0,17,2,58,12,74278.58,4,2,No,3,1,0
3833,31,Female,Master,Engineering,3,18,14,9,1,22,16,79186.57,5,3,Yes,4,0,0
3834,52,Female,Bachelor,Sales,2,8,7,7,3,2,17,57869.68,4,2,No,5,0,0
3835,56,Male,High School,Engineering,5,22,10,5,4,55,10,105099.6,5,2,Yes,4,0,0
3836,53,Female,Bachelor,Finance,5,19,13,18,3,115,19,104607.71,4,3,No,5,2,1
3837,44,Male,Master,Sales,1,16,12,12,2,57,19,56228.08,2,3,No,3,0,0
3838,54,Male,Bachelor,Engineering,1,15,2,14,4,87,12,47610.56,3,4,No,4,0,1
3839,48,Male,Bachelor,Sales,4,6,3,4,4,61,10,73571.58,3,5,Yes,4,0,1
3840,57,Male,Bachelor,Engineering,2,25,21,0,4,17,19,70679.94,2,5,Yes,4,0,1
3841,27,Male,Bachelor,Sales,1,21,18,20,3,60,18,45962.08,4,3,No,5,2,0
3842,24,Female,Bachelor,Operations,3,2,1,2,4,110,9,62522.49,4,3,No,5,2,1
3843,57,Male,Bachelor,Marketing,2,20,3,1,3,36,2,72718.62,4,2,No,2,0,0
3844,21,Female,Bachelor,Operations,2,18,3,12,3,53,20,59506.15,3,5,No,3,0,0
3845,21,Male,Bachelor,Engineering,1,7,2,1,3,112,5,41629.26,4,4,No,4,1,1
3846,40,Female,Bachelor,Engineering,3,4,1,0,3,94,6,60053.14,1,4,No,3,0,0
3847,39,Male,Bachelor,Engineering,2,25,5,10,3,77,20,73086.85,2,3,Yes,3,2,0
3848,49,Male,High School,Sales,1,25,4,12,1,64,19,62047.33,4,3,Yes,4,0,0
3849,30,Male,Master,Marketing,2,5,2,1,3,13,4,53585.7,3,2,Yes,4,1,1
3850,38,Male,Bachelor,Engineering,2,1,0,0,3,104,8,47160.62,2,5,Yes,5,0,1
3851,48,Male,Master,Engineering,4,23,8,21,4,4,9,94461.07,3,3,No,3,2,0
3852,55,Female,Master,Finance,4,24,2,14,2,94,13,99549.05,3,4,No,3,0,0
3853,51,Male,Bachelor,Engineering,1,18,8,0,5,94,10,56758.73,1,2,No,3,0,1
3854,47,Female,Bachelor,Operations,3,12,12,9,3,93,16,70172.53,3,4,No,4,1,0
3855,31,Female,PhD,Engineering,3,5,3,1,3,99,10,64203.3,1,2,No,4,0,1
3856,58,Female,Master,Finance,4,5,2,2,1,61,6,76093.12,1,4,No,2,0,0
3857,25,Male,PhD,Engineering,2,1,1,0,4,0,10,51861.71,4,3,No,3,0,0
3858,28,Male,Master,Operations,1,25,16,14,4,62,12,53972.57,3,4,No,3,3,0
3859,54,Female,Bachelor,Engineering,3,23,20,2,5,66,18,83870.75,4,3,Yes,4,0,0
3860,32,Female,High School,Finance,1,4,3,1,3,19,5,38434.38,3,5,No,3,0,0
3861,58,Male,Bachelor,Sales,1,10,8,5,3,42,1,44940.2,5,4,No,3,2,0
3862,21,Male,Bachelor,Marketing,3,10,1,7,4,111,13,67077.29,4,3,No,2,2,0
3863,51,Male,Bachelor,Engineering,5,23,3,7,4,106,15,108625.1,3,4,No,5,1,0
3864,24,Female,Master,Engineering,1,13,9,10,5,84,6,46329.1,3,2,No,2,1,0
3865,25,Female,Bachelor,Operations,3,12,1,1,3,93,0,67962.5,2,2,No,1,2,1
3866,50,Male,Bachelor,Operations,2,7,5,5,4,41,1,52983.43,4,3,Yes,2,0,0
3867,44,Female,Master,Engineering,4,14,7,11,2,107,8,81271.47,3,4,Yes,3,1,0
3868,23,Female,Master,Marketing,2,11,8,4,3,93,17,62346.77,3,4,No,4,0,0
3869,31,Male,Bachelor,Sales,1,2,2,2,2,68,20,34388.95,5,4,No,3,0,0
3870,24,Female,Master,Marketing,1,20,12,19,4,73,19,54826.98,3,4,Yes,4,0,1
3871,46,Female,Master,Finance,2,22,5,12,4,87,17,66197.46,4,5,No,5,1,1
3872,47,Male,Bachelor,HR,1,4,3,1,1,108,17,46874.17,5,3,No,4,2,0
3873,47,Female,High School,Operations,1,5,4,1,3,114,9,43191.82,5,3,No,3,1,1
3874,26,Male,High School,Marketing,3,1,1,0,3,38,7,59383.09,4,5,Yes,3,0,0
3875,35,Male,Bachelor,Engineering,2,7,2,0,3,61,20,55986.17,5,3,Yes,4,1,1
3876,50,Male,Bachelor,Marketing,3,4,0,1,1,47,7,60962.46,5,3,No,4,1,1
3877,57,Male,PhD,Sales,1,21,18,12,3,5,1,58585.91,5,4,No,5,1,1
3878,57,Male,Master,Marketing,3,16,11,12,4,73,17,76070.84,3,5,No,5,1,1
3879,57,Male,Master,Finance,2,25,20,4,3,41,10,73175.92,3,4,No,4,0,0
3880,55,Female,PhD,Sales,1,1,0,0,3,57,10,34085.57,3,2,Yes,2,1,0
3881,43,Male,Master,Finance,2,10,7,6,5,42,18,52464.63,5,3,Yes,1,0,0
3882,26,Female,Bachelor,Finance,1,3,2,0,1,117,10,33045.91,2,3,Yes,5,1,0
3883,24,Male,Bachelor,Finance,4,10,10,4,4,9,9,75648.94,3,3,Yes,4,2,1
3884,38,Female,Master,Engineering,3,8,1,7,3,88,7,68243.54,1,3,Yes,4,0,0
3885,29,Female,Bachelor,Engineering,2,5,4,2,5,77,14,61187.27,4,3,No,4,0,1
3886,49,Male,Bachelor,Marketing,1,23,6,1,3,110,7,56102.99,4,3,No,4,3,1
3887,33,Female,Bachelor,Engineering,1,1,0,1,4,38,18,35584.98,3,4,No,4,2,0
3888,37,Male,Master,Engineering,2,25,22,23,2,12,0,71282.98,4,5,No,3,0,0
3889,52,Female,Bachelor,Finance,3,14,11,1,5,74,19,70455.17,3,3,No,4,0,1
3890,42,Male,Master,Sales,1,4,4,1,3,38,2,35472.79,3,3,Yes,1,0,0
3891,24,Female,Bachelor,Finance,1,11,5,0,3,10,20,44281.76,5,3,No,4,0,1
3892,25,Female,Master,Finance,2,12,3,10,2,109,11,58892.17,4,3,Yes,3,2,0
3893,57,Male,High School,Finance,2,16,0,13,5,112,15,70837.61,3,3,No,4,0,1
3894,33,Male,Master,Engineering,1,3,3,2,4,15,15,37745.97,5,5,Yes,5,1,0
3895,54,Female,High School,Engineering,2,9,2,2,2,32,16,57879.12,3,2,Yes,4,2,0
3896,42,Male,Master,Engineering,2,0,0,0,2,104,15,43512.24,4,3,Yes,3,0,0
3897,43,Male,High School,Marketing,2,10,3,2,3,104,8,60775.49,4,3,No,3,0,1
3898,23,Male,Bachelor,Sales,2,15,0,5,3,59,18,59542.81,3,2,No,3,2,1
3899,54,Male,Bachelor,Operations,3,10,1,2,3,95,0,65482.47,4,2,No,5,1,1
3900,52,Female,Bachelor,Finance,1,8,8,6,5,58,17,40087.63,3,4,No,4,0,1
3901,41,Male,Bachelor,Operations,1,1,0,1,4,73,5,35332.31,3,5,Yes,3,1,1
3902,41,Male,Bachelor,Engineering,2,6,6,2,5,50,5,49775.48,3,4,Yes,3,2,1
3903,31,Female,Master,Engineering,2,18,12,16,3,14,11,66365.14,4,3,No,4,0,0
3904,24,Female,Master,Operations,2,17,1,14,4,79,2,59962.61,4,4,No,3,0,0
3905,21,Male,High School,Sales,4,19,0,18,3,42,10,92683.42,4,2,No,3,0,0
3906,48,Male,Master,Sales,4,6,1,3,3,26,5,76365.52,4,4,No,3,3,0
3907,44,Female,High School,Engineering,1,22,6,18,3,55,13,53132.14,1,3,No,3,0,0
3908,55,Female,Bachelor,Operations,4,8,1,6,3,120,17,77466.94,2,4,No,3,0,0
3909,33,Male,Bachelor,Finance,2,11,2,10,5,112,15,54837.56,3,3,No,4,0,0
3910,54,Male,Bachelor,Finance,1,2,2,2,3,59,12,38886.34,5,4,No,3,3,0
3911,31,Male,Bachelor,Marketing,5,22,11,20,4,114,0,102619.14,5,4,No,2,0,0
3912,56,Male,PhD,Engineering,4,21,10,19,4,108,5,96345.51,5,1,No,3,1,0
3913,37,Male,Bachelor,Marketing,5,25,8,1,3,95,13,98278.79,3,3,No,4,0,0
3914,55,Female,Bachelor,Engineering,1,15,11,6,3,69,16,55172.47,4,3,No,2,1,0
3915,38,Male,Bachelor,Marketing,1,6,3,2,3,46,12,39709.43,4,2,Yes,4,1,1
3916,42,Female,Master,Engineering,2,22,6,6,2,111,12,75201.65,4,3,Yes,2,0,1
3917,44,Male,Bachelor,Engineering,3,25,16,9,4,99,8,83981.95,4,3,Yes,4,0,0
3918,39,Female,Master,HR,1,4,2,3,5,7,5,45398.8,3,3,No,5,0,1
3919,57,Female,Master,Engineering,4,24,1,22,3,62,5,94295.5,4,3,Yes,5,0,0
3920,41,Male,Master,Finance,2,22,22,17,5,88,4,68249.73,4,2,No,4,1,1
3921,28,Male,Master,Engineering,2,6,6,6,3,6,20,50604.53,3,3,No,4,0,0
3922,48,Male,Bachelor,Engineering,3,18,17,5,3,80,13,76834.12,5,2,No,4,1,0
3923,25,Female,Master,HR,3,16,11,7,3,111,13,71400.67,4,2,No,5,0,1
3924,37,Female,Bachelor,Finance,1,15,15,4,2,93,3,51249.22,4,5,Yes,5,0,1
3925,57,Male,Master,Sales,5,20,8,2,2,1,1,103645.35,4,5,Yes,3,0,0
3926,56,Male,Master,Finance,2,23,10,1,3,16,1,69209.43,4,4,Yes,4,0,1
3927,39,Male,Master,Engineering,1,20,4,5,1,120,16,59947.91,3,3,No,3,0,0
3928,47,Female,Bachelor,Engineering,4,25,25,6,2,3,9,97490.41,4,4,No,4,1,0
3929,54,Male,Bachelor,Engineering,5,18,6,7,2,25,13,97519.46,2,4,Yes,4,0,0
3930,31,Male,PhD,Operations,4,24,0,3,1,77,18,96873.46,5,2,No,5,2,1
3931,32,Male,High School,Finance,4,17,4,11,2,71,16,92108.13,2,5,No,5,2,0
3932,41,Male,Bachelor,Engineering,3,18,5,11,4,68,10,67621.42,3,5,Yes,3,2,0
3933,31,Female,Bachelor,Finance,4,3,0,0,4,4,6,71368.04,5,4,No,5,3,1
3934,48,Male,PhD,Marketing,1,25,10,21,2,4,8,57623.7,2,3,No,5,2,0
3935,25,Female,High School,Engineering,3,0,0,0,2,90,13,57744.37,2,4,No,5,0,0
3936,37,Male,High School,Marketing,3,3,3,1,4,68,3,66252.51,5,2,No,4,0,0
3937,40,Male,High School,Sales,1,3,3,2,1,2,13,36154.51,3,3,Yes,4,1,0
3938,32,Female,High School,Marketing,2,8,7,8,4,37,19,52222.15,2,4,No,4,0,1
3939,26,Female,Master,HR,2,7,3,3,2,93,19,56254.93,3,3,Yes,3,3,1
3940,37,Female,Master,Engineering,3,1,1,1,3,0,16,60976.02,5,2,No,3,0,0
3941,39,Male,Master,Engineering,1,22,14,20,2,7,18,61290.09,3,1,No,3,1,0
3942,46,Male,Bachelor,Operations,4,5,1,0,3,12,16,78983.73,4,4,No,5,1,0
3943,52,Female,Master,Marketing,1,22,7,22,4,83,13,70410.95,3,5,No,4,3,0
3944,26,Male,Bachelor,Finance,2,10,1,9,2,69,12,53637.18,3,3,No,5,1,0
3945,56,Male,Bachelor,Sales,4,3,0,2,5,113,13,69584.09,2,3,No,3,0,0
3946,58,Female,Bachelor,Engineering,2,13,12,13,3,49,15,66203.0,5,3,Yes,3,0,0
3947,31,Female,High School,Engineering,2,20,5,18,5,111,20,79266.79,4,4,Yes,2,2,0
3948,53,Female,Bachelor,Sales,1,21,4,10,2,7,14,55006.85,2,4,Yes,3,2,0
3949,44,Female,Bachelor,HR,3,8,5,3,2,29,18,66927.25,2,3,No,5,2,0
3950,43,Female,High School,Operations,5,1,1,1,4,112,10,86409.14,3,2,No,4,1,0
3951,35,Male,High School,Finance,4,24,2,23,2,39,11,91189.57,4,2,Yes,4,0,0
3952,47,Male,Master,Engineering,3,25,10,12,4,78,10,75719.8,2,5,No,4,1,0
3953,31,Female,High School,Finance,1,0,0,0,3,73,4,37971.49,3,3,Yes,5,2,1
3954,37,Male,PhD,Operations,1,3,2,3,4,32,7,39738.24,4,4,Yes,3,0,0
3955,34,Male,High School,Marketing,1,11,2,11,2,72,5,41365.76,3,3,No,5,1,1
3956,47,Male,Master,Finance,2,4,0,0,4,112,15,50130.97,1,4,No,4,0,1
3957,38,Male,Master,Operations,1,8,2,7,4,51,11,38574.86,2,2,No,5,1,0
3958,48,Female,PhD,Marketing,1,21,18,9,4,120,5,57386.07,3,3,No,4,1,0
3959,24,Male,Master,Sales,3,3,2,1,3,32,12,63592.41,2,3,Yes,3,1,0
3960,27,Male,Bachelor,Engineering,2,15,13,6,5,72,6,63148.14,2,3,No,4,0,1
3961,55,Male,Bachelor,Operations,3,1,1,1,5,77,7,63979.38,4,3,No,2,0,0
3962,29,Female,Bachelor,HR,5,15,6,1,5,119,11,102884.9,3,4,No,5,1,1
3963,28,Male,High School,Sales,3,15,9,15,4,95,1,75211.98,3,3,No,4,3,0
3964,37,Male,High School,HR,3,20,9,20,3,36,8,81460.71,4,4,Yes,3,0,0
3965,37,Female,Master,Finance,3,23,19,6,2,69,12,88976.22,4,3,No,3,0,0
3966,53,Male,Bachelor,Operations,2,23,0,7,5,68,16,73566.21,2,4,No,5,1,1
3967,52,Male,Bachelor,Engineering,1,21,5,20,5,3,12,56772.91,2,3,No,5,0,0
3968,28,Male,Master,HR,1,10,4,2,1,59,15,46626.96,2,5,No,4,0,1
3969,39,Male,Master,Operations,1,0,0,0,3,111,0,33683.18,5,3,No,3,1,1
3970,58,Female,Master,Engineering,3,14,13,14,5,79,6,71014.24,4,3,Yes,5,1,1
3971,23,Male,Master,Sales,4,23,1,5,2,73,12,93305.37,2,4,No,3,0,0
3972,25,Female,High School,Operations,5,3,1,0,2,30,13,86285.62,3,3,No,1,3,0
3973,33,Male,Bachelor,HR,1,17,0,7,5,94,20,59841.91,4,3,No,3,0,1
3974,51,Male,PhD,HR,5,16,2,3,4,13,16,100891.44,1,4,No,5,0,0
3975,36,Female,Master,Finance,2,6,3,0,5,76,15,55562.27,4,4,No,4,0,0
3976,52,Male,Master,Sales,4,17,12,8,2,59,14,92992.71,5,5,Yes,3,1,0
3977,42,Male,Bachelor,Operations,1,12,2,4,3,67,16,48532.24,2,4,No,4,2,1
3978,49,Male,Master,Engineering,1,19,14,5,4,109,1,52996.6,2,1,No,4,0,1
3979,42,Male,High School,Engineering,2,19,12,18,3,25,11,67133.33,1,5,Yes,4,0,0
3980,23,Female,High School,Sales,4,9,5,4,3,23,2,82725.95,2,4,No,5,0,1
3981,30,Male,Bachelor,Engineering,1,0,0,0,5,55,8,42600.72,4,1,No,4,0,1
3982,41,Female,Bachelor,Marketing,1,1,0,0,5,8,5,32470.17,1,2,Yes,2,1,1
3983,36,Female,Bachelor,Marketing,4,16,3,5,3,34,5,84442.88,3,4,No,5,1,0
3984,32,Male,Bachelor,Operations,5,21,16,8,2,105,6,103608.34,4,1,No,2,0,0
3985,22,Male,Bachelor,Engineering,1,2,0,2,2,78,7,42548.91,5,3,No,5,3,1
3986,44,Male,Bachelor,Marketing,3,16,7,13,3,23,2,78548.98,3,5,No,4,1,0
3987,55,Female,Master,HR,2,11,4,7,2,30,14,59333.35,2,2,No,4,0,0
3988,50,Male,Master,Marketing,2,23,23,1,3,82,5,73777.2,3,3,No,5,0,1
3989,50,Female,High School,Marketing,2,11,9,10,3,65,10,56204.5,4,4,Yes,3,1,1
3990,55,Male,Bachelor,Engineering,2,19,6,13,5,65,2,73633.43,2,1,No,4,1,1
3991,39,Female,Master,Engineering,2,9,0,8,3,40,15,53757.21,3,4,No,5,1,1
3992,28,Male,Bachelor,Engineering,2,6,3,2,4,35,5,47544.4,5,2,Yes,2,1,1
3993,46,Female,Bachelor,Finance,2,9,6,9,4,100,10,59520.7,1,3,No,1,0,0
3994,27,Male,Bachelor,Operations,3,17,8,4,4,33,7,70566.85,2,3,Yes,4,0,0
3995,50,Male,PhD,Engineering,3,21,1,3,5,120,9,77864.42,5,4,No,3,2,1
3996,27,Male,High School,Sales,2,5,5,4,4,38,9,52927.32,2,4,Yes,3,2,1
3997,23,Male,Bachelor,Sales,1,6,3,1,5,82,2,44059.56,1,5,No,5,2,1
3998,21,Female,Bachelor,Marketing,3,16,5,9,3,101,13,79451.74,2,3,No,4,3,0
3999,56,Male,Bachelor,Engineering,3,11,9,3,4,22,18,65501.25,4,5,No,5,0,1
4000,45,Male,Bachelor,Engineering,3,16,12,15,3,79,20,70897.91,5,4,No,5,0,0
