Transaction_ID,Customer_Age,Transaction_Amount,Transaction_Hour,Transaction_Distance,Previous_Transactions,Average_Transaction_Amount,Failed_Transactions,Account_Age_Days,Device_Type,Location_Type,Payment_Method,Merchant_Category,Is_International,Card_Present,Fraud
1,56,76372,12,87.06,54,40879,1,1213,Mobile,Public,Digital Wallet,Entertainment,No,Yes,0
2,69,37743,16,180.67,38,45914,1,402,Laptop,Unknown,Debit Card,Grocery,No,Yes,1
3,46,181580,20,318.69,74,73571,1,314,Tablet,Work,Bank Transfer,Entertainment,No,Yes,1
4,32,44050,23,35.44,80,68844,5,2598,Laptop,Public,Credit Card,Electronics,No,Yes,1
5,60,188021,2,180.83,75,79091,0,2774,Tablet,Work,Debit Card,Electronics,Yes,Yes,1
6,25,100600,5,267.45,32,4797,2,836,Tablet,Public,Credit Card,Food,No,No,1
7,38,159216,4,498.11,45,5508,1,676,Laptop,Home,Credit Card,Grocery,No,No,1
8,56,125688,21,237.32,61,17320,1,1634,Tablet,Home,Bank Transfer,Entertainment,No,Yes,1
9,36,16097,16,408.05,70,72048,7,2213,Tablet,Work,Debit Card,Electronics,Yes,Yes,1
10,40,79851,22,216.09,88,22753,7,125,Laptop,Home,Bank Transfer,Electronics,No,Yes,1
11,28,98705,1,398.22,97,29702,0,303,Mobile,Unknown,Digital Wallet,Grocery,No,Yes,1
12,28,155083,14,297.75,53,29736,0,2955,Mobile,Home,Credit Card,Food,No,Yes,1
13,41,55633,4,443.31,51,67656,4,2927,Tablet,Public,Bank Transfer,Shopping,No,Yes,1
14,53,82666,19,205.53,76,60763,3,1230,Tablet,Home,Debit Card,Travel,No,Yes,1
15,57,145743,5,302.19,56,75355,1,1802,Mobile,Home,Credit Card,Food,No,Yes,1
16,41,108355,5,315.05,27,17075,3,813,Tablet,Home,Bank Transfer,Travel,Yes,Yes,1
17,20,189113,17,208.75,38,12704,6,1330,Mobile,Work,Bank Transfer,Food,No,No,1
18,39,58105,17,72.24,62,12452,0,161,Laptop,Home,Debit Card,Food,No,No,1
19,19,189884,3,46.87,18,51642,0,1420,Tablet,Home,Digital Wallet,Shopping,No,No,1
20,41,43641,16,8.43,64,34372,4,2450,Laptop,Work,Debit Card,Electronics,No,Yes,0
21,61,23487,13,436.78,77,29876,2,1179,Mobile,Home,Digital Wallet,Entertainment,No,Yes,1
22,47,94080,13,118.31,30,66584,5,1840,Mobile,Home,Debit Card,Food,Yes,Yes,1
23,55,180080,12,105.83,49,12140,5,2060,Laptop,Unknown,Credit Card,Shopping,No,No,1
24,19,85557,6,368.04,41,26937,5,837,Tablet,Home,Debit Card,Travel,No,Yes,1
25,38,144229,11,160.08,13,8403,0,773,Laptop,Home,Credit Card,Grocery,Yes,No,0
26,50,64128,22,253.07,34,27363,1,80,Laptop,Home,Debit Card,Grocery,No,Yes,1
27,29,119346,14,81.34,100,43881,7,1211,Tablet,Home,Bank Transfer,Electronics,No,Yes,1
28,39,55831,18,479.88,94,29048,4,85,Mobile,Work,Debit Card,Grocery,No,Yes,1
29,61,156030,10,425.81,25,50456,2,773,Laptop,Home,Credit Card,Food,No,Yes,1
30,42,179861,14,431.91,66,75026,6,2505,Laptop,Public,Debit Card,Travel,No,No,1
31,66,44738,11,203.45,100,11967,5,472,Mobile,Public,Credit Card,Food,No,Yes,1
32,44,177658,2,381.2,18,58454,4,1964,Laptop,Home,Bank Transfer,Grocery,No,No,1
33,59,20667,16,72.02,5,24401,7,2403,Mobile,Public,Digital Wallet,Entertainment,No,Yes,1
34,45,160911,2,4.41,19,56483,7,2717,Tablet,Home,Digital Wallet,Grocery,No,Yes,1
35,33,57904,18,10.08,42,23801,0,1691,Mobile,Home,Credit Card,Entertainment,No,No,0
36,32,108921,19,293.34,18,70403,5,2906,Mobile,Home,Debit Card,Grocery,Yes,Yes,1
37,64,3854,3,227.75,32,16704,2,109,Laptop,Home,Debit Card,Electronics,Yes,No,1
38,68,27144,2,259.06,21,20255,6,2551,Mobile,Work,Digital Wallet,Travel,Yes,Yes,1
39,61,67360,15,3.83,10,60317,3,406,Mobile,Home,Bank Transfer,Entertainment,No,Yes,1
40,69,67012,11,211.4,37,2593,7,2996,Laptop,Unknown,Credit Card,Shopping,No,Yes,1
41,20,8806,7,359.06,49,70037,7,2410,Mobile,Work,Debit Card,Electronics,No,No,1
42,54,8994,23,221.4,86,23440,6,470,Laptop,Home,Bank Transfer,Food,No,Yes,1
43,68,149209,16,366.14,13,73846,7,155,Tablet,Work,Bank Transfer,Grocery,No,Yes,1
44,24,84086,6,116.59,55,44540,2,1747,Mobile,Public,Digital Wallet,Travel,No,No,1
45,38,82042,10,406.59,17,37822,6,248,Tablet,Home,Credit Card,Travel,No,Yes,1
46,26,182784,17,294.26,9,9736,1,977,Mobile,Home,Digital Wallet,Grocery,No,No,1
47,56,29825,0,105.46,88,73097,5,307,Mobile,Work,Credit Card,Shopping,No,Yes,1
48,35,137098,2,118.44,44,4402,5,624,Tablet,Work,Digital Wallet,Entertainment,No,Yes,1
49,21,104655,3,314.05,78,34864,3,964,Tablet,Work,Digital Wallet,Grocery,No,Yes,1
50,42,9596,12,414.99,46,20596,6,2048,Laptop,Home,Bank Transfer,Travel,No,Yes,1
51,31,56547,5,207.87,8,12520,3,170,Laptop,Work,Bank Transfer,Shopping,No,Yes,1
52,67,101704,13,129.22,37,58973,6,2923,Tablet,Work,Credit Card,Shopping,No,Yes,1
53,26,160978,4,433.52,19,44653,5,1660,Mobile,Work,Credit Card,Food,No,Yes,1
54,43,88299,15,334.67,63,41777,1,906,Laptop,Home,Credit Card,Shopping,No,Yes,1
55,19,41421,14,224.1,92,39002,7,1759,Mobile,Work,Credit Card,Electronics,No,Yes,1
56,37,196267,14,244.0,46,16175,6,139,Laptop,Home,Debit Card,Travel,No,Yes,1
57,45,153828,3,102.21,94,24865,3,1105,Laptop,Work,Credit Card,Electronics,No,Yes,1
58,64,55247,7,313.44,71,78729,0,2690,Laptop,Public,Digital Wallet,Shopping,No,No,1
59,24,91496,15,179.44,26,52648,7,2790,Tablet,Work,Debit Card,Shopping,Yes,Yes,1
60,61,180838,15,497.82,46,68578,5,2023,Mobile,Home,Bank Transfer,Electronics,No,Yes,1
61,25,38887,3,240.14,46,71402,2,1252,Tablet,Home,Bank Transfer,Food,No,Yes,1
62,64,194118,12,242.99,75,26965,2,825,Laptop,Unknown,Debit Card,Shopping,No,Yes,1
63,52,21827,12,282.97,14,32786,7,2059,Tablet,Unknown,Credit Card,Electronics,No,Yes,1
64,31,95181,1,458.39,85,55295,1,758,Tablet,Work,Debit Card,Electronics,No,No,1
65,34,122821,2,400.43,63,40678,0,2582,Tablet,Home,Digital Wallet,Travel,No,No,1
66,53,68156,21,225.62,72,79683,3,1567,Mobile,Work,Debit Card,Food,No,Yes,1
67,67,134253,7,359.38,3,50486,6,1070,Tablet,Work,Credit Card,Entertainment,Yes,Yes,1
68,57,165368,23,293.16,28,43701,5,344,Tablet,Public,Digital Wallet,Electronics,No,Yes,1
69,21,167907,14,246.23,29,43815,2,106,Tablet,Work,Credit Card,Travel,No,No,1
70,19,80202,10,96.24,87,75896,2,2976,Tablet,Work,Bank Transfer,Entertainment,No,Yes,1
71,23,156670,8,232.02,18,55678,2,1670,Tablet,Work,Debit Card,Travel,No,No,1
72,59,76965,6,122.98,35,11245,2,741,Tablet,Home,Bank Transfer,Travel,No,Yes,1
73,21,162828,12,457.43,77,72854,4,1567,Tablet,Unknown,Digital Wallet,Grocery,Yes,No,1
74,46,67795,1,167.77,76,5528,1,1897,Laptop,Work,Digital Wallet,Food,No,No,1
75,35,169072,7,476.14,47,49066,3,883,Tablet,Public,Debit Card,Shopping,Yes,Yes,1
76,43,117335,6,266.57,5,44222,5,1191,Tablet,Work,Credit Card,Food,Yes,Yes,1
77,61,178873,23,315.81,75,75474,5,1627,Mobile,Home,Digital Wallet,Entertainment,No,Yes,1
78,51,108877,11,271.52,59,40379,5,2786,Laptop,Work,Debit Card,Grocery,No,No,1
79,27,19133,18,64.78,75,25267,3,1942,Tablet,Home,Credit Card,Food,No,No,1
80,53,141977,6,187.97,59,68599,1,294,Mobile,Home,Bank Transfer,Shopping,No,Yes,1
81,31,167023,9,49.66,47,49157,7,362,Tablet,Home,Credit Card,Food,No,Yes,1
82,48,26932,15,311.51,95,8998,7,2265,Tablet,Work,Credit Card,Food,No,No,1
83,65,194609,2,223.49,95,74167,0,1116,Tablet,Work,Digital Wallet,Food,No,Yes,1
84,32,115825,9,389.01,13,25607,6,849,Tablet,Home,Debit Card,Electronics,Yes,No,1
85,25,145116,5,110.31,78,29293,7,1332,Tablet,Work,Credit Card,Electronics,No,No,1
86,31,19973,17,82.37,89,3196,6,1595,Mobile,Home,Bank Transfer,Food,No,No,1
87,40,40472,17,203.23,33,54339,1,1224,Tablet,Public,Digital Wallet,Shopping,No,Yes,1
88,57,89564,4,463.3,97,23897,2,1556,Mobile,Work,Credit Card,Shopping,No,Yes,1
89,38,146551,20,355.24,62,8204,6,328,Tablet,Work,Bank Transfer,Shopping,Yes,Yes,1
90,33,117422,6,209.52,79,16942,2,2278,Mobile,Home,Digital Wallet,Shopping,Yes,No,1
91,62,167923,1,258.68,16,64288,1,1188,Laptop,Unknown,Credit Card,Grocery,Yes,Yes,1
92,35,100182,10,42.2,44,10265,1,301,Tablet,Work,Debit Card,Grocery,Yes,Yes,1
93,64,5210,12,492.29,58,10502,3,564,Laptop,Public,Credit Card,Travel,No,Yes,1
94,41,185513,22,333.24,6,11890,3,2108,Laptop,Home,Bank Transfer,Food,No,Yes,1
95,43,12187,4,142.77,89,44936,4,1174,Laptop,Home,Digital Wallet,Food,No,No,1
96,42,154934,5,292.95,15,7141,5,98,Tablet,Work,Credit Card,Travel,No,Yes,1
97,62,82717,23,54.83,4,34209,4,2960,Laptop,Home,Digital Wallet,Shopping,No,Yes,1
98,58,100583,13,482.92,56,39809,5,856,Mobile,Home,Digital Wallet,Entertainment,No,Yes,1
99,46,9696,11,87.48,64,16124,2,1199,Tablet,Public,Debit Card,Entertainment,No,No,1
100,32,107639,3,324.05,68,10466,4,1013,Laptop,Home,Bank Transfer,Travel,No,Yes,1
101,62,18413,22,122.8,94,34689,4,510,Tablet,Public,Credit Card,Entertainment,No,Yes,0
102,18,113275,5,358.81,34,71801,0,2370,Laptop,Home,Digital Wallet,Electronics,No,Yes,1
103,42,197721,9,388.43,91,17723,1,2045,Mobile,Work,Debit Card,Food,No,Yes,1
104,24,115014,17,336.74,95,78683,3,1482,Tablet,Work,Bank Transfer,Entertainment,Yes,Yes,1
105,26,23805,14,307.29,56,5459,4,2163,Tablet,Work,Bank Transfer,Grocery,No,Yes,1
106,41,198536,7,446.25,32,27757,3,1069,Laptop,Public,Debit Card,Grocery,No,Yes,1
107,18,73545,8,39.41,9,51302,5,2805,Mobile,Home,Digital Wallet,Electronics,No,Yes,1
108,61,103992,4,165.52,63,27715,4,657,Tablet,Public,Bank Transfer,Food,No,Yes,1
109,25,2123,9,124.22,72,55546,5,147,Laptop,Work,Digital Wallet,Electronics,No,No,1
110,41,119754,19,494.01,78,34594,7,2347,Mobile,Home,Debit Card,Food,No,Yes,1
111,28,190968,5,194.76,33,39169,7,2932,Mobile,Public,Credit Card,Food,No,Yes,1
112,68,80173,15,366.33,87,36626,4,191,Mobile,Home,Digital Wallet,Entertainment,No,Yes,1
113,34,92297,23,342.39,21,79536,7,2777,Mobile,Unknown,Bank Transfer,Grocery,No,No,1
114,25,64529,2,106.12,55,17272,6,1706,Tablet,Home,Bank Transfer,Travel,No,Yes,1
115,52,104295,9,119.57,76,49086,2,196,Tablet,Public,Digital Wallet,Entertainment,No,No,1
116,52,192799,10,140.71,57,52443,0,329,Mobile,Work,Credit Card,Shopping,No,Yes,1
117,50,33948,10,205.62,2,69368,5,2105,Laptop,Home,Debit Card,Electronics,No,Yes,1
118,22,168976,16,117.24,13,50355,1,591,Laptop,Work,Credit Card,Shopping,No,Yes,1
119,59,146551,3,9.92,4,22718,1,2960,Mobile,Home,Bank Transfer,Food,No,Yes,1
120,56,190836,3,439.71,84,57705,2,2233,Mobile,Home,Digital Wallet,Entertainment,No,Yes,1
121,58,27866,16,482.81,50,5459,7,1377,Laptop,Home,Digital Wallet,Shopping,No,Yes,1
122,45,68199,8,170.85,48,45634,2,1174,Mobile,Home,Debit Card,Shopping,Yes,Yes,0
123,24,167232,18,169.32,78,26374,7,2729,Mobile,Home,Digital Wallet,Grocery,No,Yes,1
124,26,69222,4,3.65,30,1801,6,1581,Tablet,Work,Digital Wallet,Shopping,Yes,No,1
125,25,147259,21,340.16,29,58517,1,2898,Tablet,Work,Bank Transfer,Grocery,No,Yes,1
126,29,48968,23,412.74,8,43819,5,590,Mobile,Work,Credit Card,Grocery,Yes,Yes,1
127,51,119219,5,73.39,12,22955,1,1217,Mobile,Home,Bank Transfer,Food,No,Yes,1
128,50,154397,2,79.92,41,4612,0,1719,Tablet,Work,Digital Wallet,Grocery,No,Yes,1
129,65,95386,21,395.06,26,57533,4,341,Mobile,Work,Digital Wallet,Food,Yes,Yes,1
130,40,6743,0,308.18,50,58860,7,2453,Tablet,Home,Bank Transfer,Grocery,No,Yes,1
131,41,36827,19,22.53,2,32645,0,1399,Tablet,Public,Digital Wallet,Grocery,No,Yes,1
132,54,142177,21,311.31,55,33235,6,2227,Laptop,Work,Credit Card,Food,No,Yes,1
133,52,109179,15,154.53,56,73281,6,1941,Tablet,Work,Credit Card,Shopping,Yes,No,1
134,61,65797,22,184.43,14,68141,7,2662,Laptop,Home,Digital Wallet,Electronics,No,Yes,1
135,57,16129,10,384.89,6,22211,7,610,Laptop,Home,Credit Card,Entertainment,No,Yes,1
136,39,145398,12,405.49,95,6130,1,1006,Tablet,Public,Credit Card,Entertainment,No,Yes,1
137,44,194818,9,200.24,81,65988,4,206,Mobile,Unknown,Debit Card,Food,No,No,1
138,52,191775,2,473.58,89,3706,1,2431,Tablet,Home,Debit Card,Shopping,No,Yes,1
139,18,159903,8,203.29,61,56789,0,543,Laptop,Home,Bank Transfer,Electronics,No,Yes,1
140,52,109558,11,385.94,96,19453,0,2386,Tablet,Work,Credit Card,Travel,No,Yes,1
141,54,110484,22,241.99,12,10568,7,148,Tablet,Work,Digital Wallet,Food,Yes,Yes,1
142,64,69026,13,448.78,13,79430,5,1572,Laptop,Public,Digital Wallet,Travel,No,Yes,1
143,31,137169,0,453.89,19,56416,5,796,Tablet,Home,Debit Card,Entertainment,Yes,Yes,1
144,20,55606,17,43.8,44,1567,0,1002,Tablet,Home,Debit Card,Entertainment,No,No,1
145,18,78329,16,468.25,89,51158,4,945,Laptop,Home,Bank Transfer,Electronics,No,Yes,1
146,22,180987,8,412.78,95,52665,7,2555,Mobile,Home,Bank Transfer,Electronics,No,Yes,1
147,43,42192,8,395.68,59,10359,6,1467,Laptop,Home,Debit Card,Travel,Yes,Yes,1
148,31,62639,22,100.54,37,29664,5,616,Laptop,Public,Debit Card,Entertainment,No,No,1
149,56,197249,9,402.58,25,21273,5,380,Tablet,Work,Debit Card,Electronics,No,Yes,1
150,44,152989,18,425.08,16,57795,3,1559,Laptop,Unknown,Credit Card,Electronics,No,Yes,1
151,26,169033,14,144.65,38,34439,3,2272,Tablet,Home,Debit Card,Entertainment,No,Yes,1
152,32,13528,4,476.13,43,49099,5,1503,Tablet,Home,Bank Transfer,Entertainment,No,Yes,1
153,32,175106,14,25.03,87,6614,1,525,Tablet,Home,Bank Transfer,Shopping,No,No,1
154,43,141430,19,75.04,14,13318,4,2592,Laptop,Home,Digital Wallet,Grocery,No,No,1
155,59,57875,22,268.84,6,9835,2,2773,Laptop,Unknown,Debit Card,Electronics,No,Yes,1
156,30,5569,1,287.94,89,55508,5,1900,Tablet,Home,Digital Wallet,Travel,No,Yes,1
157,68,28954,12,322.61,23,72245,3,302,Mobile,Home,Credit Card,Food,No,No,1
158,49,137428,23,8.58,60,43648,4,2957,Mobile,Home,Debit Card,Food,No,Yes,1
159,56,76356,15,480.19,12,4077,4,2129,Laptop,Home,Digital Wallet,Entertainment,No,Yes,1
160,66,165109,14,22.39,13,74416,3,292,Tablet,Unknown,Bank Transfer,Grocery,No,Yes,1
161,69,99234,9,71.62,100,4576,7,2210,Tablet,Home,Debit Card,Travel,No,Yes,1
162,49,132823,13,7.11,98,33425,4,2387,Laptop,Work,Bank Transfer,Shopping,No,No,1
163,21,181460,9,283.47,6,52369,7,1626,Mobile,Work,Digital Wallet,Electronics,No,Yes,1
164,47,84830,13,466.14,63,59814,4,2093,Laptop,Home,Debit Card,Shopping,No,Yes,1
165,54,156223,22,333.01,38,41705,3,1794,Laptop,Home,Digital Wallet,Travel,No,Yes,1
166,40,27486,8,411.35,50,11595,0,224,Tablet,Unknown,Digital Wallet,Shopping,Yes,No,1
167,56,147356,13,6.74,52,57180,5,1816,Laptop,Work,Bank Transfer,Entertainment,No,Yes,1
168,62,33887,2,271.05,40,28900,1,1496,Mobile,Home,Debit Card,Food,No,Yes,1
169,32,21721,19,229.84,8,67846,7,2380,Laptop,Home,Credit Card,Entertainment,Yes,No,1
170,60,78084,15,249.53,61,29062,2,1101,Tablet,Home,Debit Card,Electronics,No,Yes,1
171,46,190964,1,36.2,8,41163,1,1800,Mobile,Home,Debit Card,Entertainment,No,Yes,1
172,53,176425,9,342.25,97,19010,0,1174,Tablet,Home,Digital Wallet,Travel,No,Yes,1
173,30,34151,2,251.66,34,62108,6,1552,Laptop,Home,Debit Card,Travel,Yes,Yes,1
174,49,49911,10,382.6,79,72989,0,861,Laptop,Home,Digital Wallet,Electronics,No,No,1
175,24,30547,10,242.7,100,52682,4,591,Laptop,Home,Credit Card,Electronics,No,Yes,1
176,68,128146,20,74.78,60,27383,1,70,Tablet,Home,Bank Transfer,Food,Yes,No,1
177,39,161426,20,324.16,57,71927,7,1509,Laptop,Public,Debit Card,Shopping,No,Yes,1
178,45,84145,21,86.28,99,36344,7,2611,Mobile,Work,Debit Card,Food,No,No,1
179,19,116959,12,436.21,46,19228,0,400,Mobile,Public,Digital Wallet,Entertainment,No,Yes,1
180,59,188590,6,306.6,22,11594,1,1235,Tablet,Home,Credit Card,Shopping,No,Yes,1
181,62,145644,22,78.69,87,2907,0,2594,Tablet,Work,Credit Card,Electronics,No,Yes,1
182,23,3571,16,481.17,40,55912,2,686,Tablet,Home,Debit Card,Travel,No,Yes,1
183,45,120412,1,259.23,45,13144,0,619,Laptop,Work,Debit Card,Entertainment,No,Yes,1
184,45,139501,11,36.54,55,61246,1,260,Mobile,Home,Digital Wallet,Food,No,Yes,1
185,61,166037,9,313.45,51,53248,4,838,Mobile,Home,Digital Wallet,Grocery,No,Yes,1
186,61,46950,17,126.67,86,59521,1,1401,Mobile,Public,Credit Card,Grocery,No,Yes,0
187,37,54320,21,401.87,5,63151,3,508,Tablet,Work,Debit Card,Electronics,No,Yes,1
188,47,93908,10,408.93,95,37307,1,1262,Tablet,Public,Bank Transfer,Shopping,Yes,Yes,1
189,28,137569,15,489.48,13,34572,2,2752,Laptop,Home,Digital Wallet,Grocery,No,No,1
190,45,166697,16,250.98,28,38898,5,2355,Tablet,Home,Digital Wallet,Shopping,No,Yes,1
191,42,53172,18,227.53,84,29169,2,1802,Mobile,Home,Bank Transfer,Travel,No,No,1
192,56,83920,17,376.76,97,30661,2,2130,Laptop,Work,Debit Card,Electronics,No,Yes,1
193,50,23384,2,66.32,80,7782,0,1914,Tablet,Work,Credit Card,Electronics,Yes,No,1
194,18,192502,20,273.5,62,27039,2,1063,Tablet,Public,Debit Card,Entertainment,No,Yes,1
195,44,83469,15,273.17,93,3807,1,1792,Mobile,Home,Debit Card,Entertainment,Yes,No,1
196,69,25222,5,44.83,87,18245,7,777,Laptop,Work,Bank Transfer,Shopping,No,Yes,1
197,30,130449,11,209.05,24,39933,5,493,Tablet,Home,Bank Transfer,Grocery,Yes,Yes,1
198,58,70653,10,426.66,98,35055,7,783,Tablet,Home,Bank Transfer,Grocery,No,No,1
199,20,94888,14,428.09,7,1573,6,1870,Laptop,Work,Debit Card,Food,No,Yes,1
200,56,62912,14,49.71,38,33183,4,612,Laptop,Work,Bank Transfer,Shopping,No,Yes,1
201,23,8099,15,45.45,37,26241,6,2235,Tablet,Home,Credit Card,Grocery,No,No,1
202,25,22536,9,131.42,68,22786,2,48,Tablet,Home,Credit Card,Entertainment,No,Yes,1
203,44,43063,11,437.4,98,4099,7,84,Mobile,Home,Credit Card,Entertainment,No,Yes,1
204,26,133268,12,64.54,42,27793,1,1780,Laptop,Home,Digital Wallet,Entertainment,No,Yes,1
205,54,156451,3,360.03,86,15889,0,750,Tablet,Home,Credit Card,Shopping,No,Yes,1
206,50,108999,6,50.67,5,12818,0,2838,Tablet,Home,Digital Wallet,Electronics,No,No,1
207,68,26301,21,311.61,64,49375,4,1593,Tablet,Home,Credit Card,Food,No,Yes,1
208,59,150887,1,178.1,50,3555,4,2885,Tablet,Public,Debit Card,Food,No,Yes,1
209,61,160481,14,394.48,87,6820,1,2800,Mobile,Public,Digital Wallet,Entertainment,No,Yes,1
210,41,146250,7,116.92,15,5142,4,2362,Laptop,Work,Debit Card,Travel,No,Yes,1
211,32,187786,6,319.64,95,9821,7,1585,Tablet,Public,Credit Card,Shopping,No,No,1
212,49,5205,14,117.92,73,60118,7,2588,Laptop,Work,Credit Card,Grocery,No,Yes,1
213,49,117766,22,356.86,53,26544,4,1449,Laptop,Home,Digital Wallet,Grocery,No,Yes,1
214,41,94948,13,436.85,25,22471,0,2197,Tablet,Home,Debit Card,Electronics,No,Yes,1
215,58,2939,7,63.49,89,26227,1,2174,Tablet,Public,Debit Card,Entertainment,No,No,1
216,69,69020,11,433.31,85,23059,5,2197,Tablet,Work,Debit Card,Travel,No,Yes,1
217,66,43719,12,296.83,9,74320,4,1590,Mobile,Unknown,Debit Card,Entertainment,No,Yes,1
218,66,42921,10,63.64,38,27976,1,1206,Tablet,Public,Credit Card,Travel,No,Yes,0
219,69,125836,16,213.83,22,63183,2,1298,Laptop,Home,Bank Transfer,Food,Yes,Yes,1
220,29,144665,16,80.51,87,11491,0,1825,Laptop,Home,Bank Transfer,Travel,No,Yes,0
221,56,17169,23,350.2,49,70547,5,2470,Mobile,Home,Credit Card,Food,No,Yes,1
222,19,7631,3,379.46,68,11296,7,1196,Tablet,Home,Digital Wallet,Food,No,No,1
223,20,168223,20,52.99,93,4381,0,2871,Tablet,Home,Digital Wallet,Shopping,No,No,1
224,66,138908,7,253.12,15,16168,0,1900,Mobile,Home,Digital Wallet,Travel,No,No,1
225,54,138882,4,407.33,65,34812,7,2297,Mobile,Home,Credit Card,Electronics,No,Yes,1
226,66,67255,15,468.09,54,28606,3,2916,Tablet,Home,Debit Card,Electronics,Yes,Yes,1
227,34,145147,3,256.81,30,16229,1,189,Tablet,Home,Digital Wallet,Travel,No,Yes,1
228,66,62524,21,475.14,93,70820,7,2688,Laptop,Home,Credit Card,Shopping,No,Yes,1
229,19,45703,14,267.89,20,55413,2,668,Tablet,Work,Credit Card,Electronics,Yes,Yes,1
230,19,154424,11,197.16,33,57526,4,1085,Tablet,Home,Digital Wallet,Entertainment,No,No,1
231,45,132603,4,424.12,100,59902,2,2854,Laptop,Work,Debit Card,Electronics,No,Yes,1
232,40,168653,22,246.54,86,37782,1,363,Laptop,Public,Debit Card,Shopping,No,No,1
233,54,92673,15,236.0,77,75138,7,921,Laptop,Home,Debit Card,Food,No,Yes,1
234,49,140729,13,245.21,7,38718,0,2046,Laptop,Home,Digital Wallet,Food,No,Yes,1
235,50,103402,9,423.41,8,18450,7,381,Mobile,Public,Debit Card,Food,No,Yes,1
236,18,131334,6,415.99,28,60239,3,1392,Laptop,Work,Digital Wallet,Shopping,Yes,No,1
237,36,165914,12,201.82,45,5007,1,955,Mobile,Unknown,Bank Transfer,Food,No,No,1
238,19,19775,19,166.72,73,46803,5,1453,Laptop,Home,Debit Card,Food,No,Yes,1
239,61,74097,4,246.01,89,79559,5,2473,Laptop,Unknown,Debit Card,Shopping,No,Yes,1
240,43,148187,2,286.43,80,25167,1,2607,Laptop,Public,Credit Card,Entertainment,No,No,1
241,49,181229,14,119.24,74,4492,4,2435,Tablet,Work,Bank Transfer,Electronics,No,Yes,1
242,23,163763,3,397.0,11,74063,2,1449,Mobile,Home,Debit Card,Shopping,Yes,Yes,1
243,49,141005,14,243.29,31,26030,2,2905,Laptop,Public,Digital Wallet,Shopping,No,Yes,1
244,21,7996,13,167.09,12,15805,4,89,Tablet,Unknown,Debit Card,Travel,No,Yes,1
245,28,164144,19,53.5,95,52629,3,2554,Mobile,Unknown,Debit Card,Food,No,Yes,1
246,34,49833,18,119.5,78,52544,0,2689,Mobile,Home,Debit Card,Grocery,No,No,0
247,55,41900,12,474.65,51,59317,6,30,Tablet,Unknown,Digital Wallet,Entertainment,No,Yes,1
248,41,96144,9,152.62,44,47166,6,1608,Mobile,Home,Debit Card,Grocery,No,Yes,1
249,22,5447,20,84.51,96,26673,0,340,Tablet,Home,Credit Card,Travel,No,Yes,1
250,69,190235,4,230.39,50,19409,5,2245,Laptop,Work,Digital Wallet,Entertainment,No,Yes,1
251,51,133815,22,153.61,17,64467,3,2269,Tablet,Home,Debit Card,Food,No,Yes,1
252,23,40885,19,17.68,35,31507,4,737,Mobile,Work,Debit Card,Grocery,No,Yes,1
253,39,18781,19,161.64,1,13485,6,1211,Mobile,Work,Bank Transfer,Food,No,Yes,1
254,28,181198,5,272.1,29,23025,1,1810,Laptop,Home,Bank Transfer,Food,No,Yes,1
255,65,103964,3,275.9,51,37903,7,1553,Tablet,Work,Debit Card,Electronics,No,Yes,1
256,33,147064,1,178.34,64,37693,2,2443,Laptop,Public,Credit Card,Entertainment,No,Yes,1
257,50,47399,21,223.71,4,4330,7,1393,Tablet,Home,Digital Wallet,Entertainment,No,Yes,1
258,26,17173,15,482.76,87,56644,1,887,Tablet,Work,Credit Card,Travel,No,Yes,1
259,23,102404,17,188.74,28,1033,2,2404,Tablet,Home,Bank Transfer,Shopping,No,Yes,1
260,33,30782,4,129.19,16,21446,1,2191,Laptop,Work,Credit Card,Food,No,Yes,1
261,46,124402,21,121.81,63,24004,4,2874,Laptop,Home,Debit Card,Food,No,Yes,1
262,20,145461,3,228.94,76,56215,4,948,Mobile,Home,Credit Card,Grocery,No,Yes,1
263,37,115459,12,379.78,53,28755,3,638,Laptop,Home,Debit Card,Travel,No,Yes,1
264,53,139099,18,103.07,85,56941,1,338,Tablet,Public,Bank Transfer,Entertainment,No,Yes,1
265,36,179502,22,354.68,17,37355,1,2478,Tablet,Work,Credit Card,Electronics,No,Yes,1
266,43,66807,1,10.67,40,42221,3,1373,Tablet,Work,Debit Card,Entertainment,No,No,1
267,20,65528,12,209.52,13,42350,3,241,Laptop,Home,Digital Wallet,Electronics,No,No,1
268,36,50701,10,387.95,52,35223,7,2394,Mobile,Work,Debit Card,Electronics,No,No,1
269,37,133711,21,169.43,58,36239,4,214,Laptop,Home,Digital Wallet,Entertainment,No,Yes,1
270,49,111587,3,281.91,96,6039,7,1258,Mobile,Home,Digital Wallet,Grocery,No,No,1
271,24,153841,21,102.57,37,73529,4,1417,Laptop,Work,Digital Wallet,Food,No,Yes,1
272,69,151816,19,371.02,79,65009,7,1269,Tablet,Home,Digital Wallet,Electronics,No,Yes,1
273,58,149917,19,26.23,76,21811,5,275,Mobile,Home,Debit Card,Grocery,No,Yes,1
274,50,28328,14,426.29,61,69680,1,268,Laptop,Work,Digital Wallet,Travel,No,No,1
275,57,165693,3,99.18,79,36434,7,1858,Tablet,Unknown,Digital Wallet,Travel,No,Yes,1
276,56,122888,8,437.21,34,10011,7,1444,Mobile,Home,Digital Wallet,Electronics,No,No,1
277,35,97339,6,176.33,70,683,4,549,Mobile,Home,Credit Card,Food,No,Yes,1
278,57,27028,18,361.37,17,9975,6,1643,Tablet,Home,Digital Wallet,Electronics,No,No,1
279,18,18422,18,159.68,20,63630,4,306,Tablet,Public,Digital Wallet,Travel,No,No,1
280,28,188886,5,452.97,73,60077,1,1035,Laptop,Unknown,Digital Wallet,Travel,No,No,1
281,45,87996,5,63.41,59,26508,3,2279,Laptop,Work,Credit Card,Entertainment,No,Yes,1
282,42,62392,19,89.34,69,77368,1,243,Tablet,Public,Credit Card,Food,No,No,1
283,67,29155,14,246.57,87,48441,6,635,Laptop,Home,Digital Wallet,Entertainment,Yes,No,1
284,40,42991,14,41.06,33,43256,0,507,Tablet,Public,Debit Card,Grocery,No,Yes,0
285,48,82012,19,98.07,78,70758,1,537,Tablet,Home,Debit Card,Grocery,No,Yes,1
286,47,137760,8,471.89,17,28412,0,1128,Laptop,Home,Digital Wallet,Grocery,No,Yes,1
287,59,90636,3,488.25,57,51159,7,2746,Laptop,Work,Credit Card,Shopping,No,Yes,1
288,52,6404,17,188.19,83,47340,1,2742,Mobile,Home,Debit Card,Grocery,No,No,0
289,24,7445,17,461.65,97,39123,6,2007,Mobile,Work,Debit Card,Electronics,No,Yes,1
290,33,160472,4,272.46,1,63803,0,171,Laptop,Home,Debit Card,Entertainment,No,Yes,1
291,43,155431,19,134.94,13,46562,0,2399,Laptop,Work,Debit Card,Grocery,No,Yes,1
292,65,91106,22,351.23,27,57190,6,1747,Laptop,Home,Credit Card,Food,No,Yes,1
293,69,146524,10,329.49,70,78082,1,490,Mobile,Home,Credit Card,Grocery,Yes,Yes,1
294,66,129450,4,494.56,59,24134,5,2784,Laptop,Public,Bank Transfer,Electronics,Yes,No,1
295,19,164537,21,132.6,6,4590,4,699,Mobile,Public,Digital Wallet,Electronics,No,Yes,1
296,18,19546,3,336.06,97,45766,2,2131,Mobile,Public,Debit Card,Electronics,No,No,1
297,65,2436,11,26.11,94,30508,4,2354,Mobile,Work,Credit Card,Electronics,No,No,1
298,29,62132,1,56.91,99,59204,0,1874,Mobile,Work,Credit Card,Electronics,No,Yes,1
299,22,97952,12,2.06,23,63366,7,1648,Tablet,Work,Digital Wallet,Food,No,Yes,1
300,54,138693,9,499.73,10,8882,1,429,Laptop,Home,Digital Wallet,Shopping,No,Yes,1
301,49,154653,8,401.16,51,48274,1,697,Laptop,Home,Debit Card,Travel,Yes,Yes,1
302,26,18574,9,393.38,19,75070,7,2593,Tablet,Home,Credit Card,Shopping,No,Yes,1
303,58,177932,6,254.91,51,74562,1,1552,Laptop,Public,Bank Transfer,Travel,No,Yes,0
304,52,55818,3,150.1,92,47198,1,1364,Mobile,Home,Digital Wallet,Entertainment,No,No,1
305,36,44729,18,75.72,87,1610,5,1324,Tablet,Public,Debit Card,Electronics,No,Yes,1
306,65,45332,9,142.41,68,886,2,2653,Mobile,Work,Bank Transfer,Entertainment,No,Yes,1
307,33,86644,2,188.05,84,59013,3,1502,Tablet,Work,Bank Transfer,Entertainment,No,No,1
308,20,198341,20,378.18,83,48301,0,2189,Mobile,Home,Digital Wallet,Travel,No,No,1
309,37,50769,18,269.88,42,72357,2,268,Laptop,Home,Credit Card,Food,No,No,1
310,41,69284,20,38.83,91,32066,4,1073,Laptop,Public,Digital Wallet,Electronics,No,No,0
311,50,179117,1,9.11,57,33021,3,1342,Laptop,Home,Debit Card,Grocery,No,Yes,1
312,41,13240,19,51.26,98,24298,3,1646,Tablet,Home,Bank Transfer,Entertainment,No,No,1
313,69,126568,9,205.31,68,14065,7,2274,Laptop,Home,Debit Card,Shopping,No,No,1
314,28,83557,1,466.6,38,23527,1,2459,Tablet,Home,Debit Card,Electronics,No,Yes,1
315,66,14457,1,318.74,62,6131,2,1751,Mobile,Home,Bank Transfer,Food,No,Yes,1
316,25,111772,23,400.93,7,57378,7,1770,Laptop,Work,Debit Card,Electronics,No,Yes,1
317,53,68773,16,233.24,71,45706,4,1545,Mobile,Work,Credit Card,Grocery,No,Yes,1
318,55,121773,15,180.9,50,59082,1,2241,Laptop,Work,Debit Card,Grocery,No,Yes,0
319,57,65733,15,54.29,52,58834,1,2683,Mobile,Home,Debit Card,Entertainment,No,Yes,1
320,37,96211,13,437.98,26,72823,6,1302,Tablet,Unknown,Credit Card,Shopping,Yes,Yes,1
321,52,78358,6,391.6,26,54119,6,2932,Laptop,Unknown,Digital Wallet,Entertainment,No,Yes,1
322,65,144096,20,84.14,19,27375,6,1074,Tablet,Home,Credit Card,Food,No,Yes,1
323,42,69386,10,256.18,9,25014,5,2908,Tablet,Home,Debit Card,Travel,No,No,1
324,52,93369,23,243.74,61,23080,7,1565,Mobile,Home,Credit Card,Grocery,Yes,Yes,1
325,42,74171,0,312.58,20,4788,0,2674,Laptop,Unknown,Debit Card,Shopping,No,Yes,1
326,46,188498,10,473.1,50,7234,3,565,Tablet,Work,Debit Card,Grocery,Yes,Yes,1
327,35,30751,22,289.93,80,39508,4,2188,Mobile,Public,Debit Card,Food,No,Yes,1
328,63,70302,20,270.15,81,49849,3,978,Mobile,Home,Credit Card,Food,No,Yes,1
329,35,48877,3,25.26,22,8314,2,892,Mobile,Work,Credit Card,Grocery,No,Yes,1
330,19,148166,6,31.55,13,43654,0,2672,Laptop,Home,Digital Wallet,Entertainment,No,No,1
331,52,67363,14,93.75,12,8351,1,1051,Laptop,Home,Bank Transfer,Grocery,No,Yes,1
332,33,190806,17,16.33,10,2100,0,2537,Mobile,Work,Debit Card,Entertainment,No,Yes,1
333,58,100258,11,371.7,65,57114,1,463,Laptop,Home,Credit Card,Grocery,No,Yes,1
334,53,10900,16,361.69,96,72902,7,1433,Mobile,Work,Digital Wallet,Entertainment,No,Yes,1
335,50,37923,0,68.11,30,4192,6,2965,Laptop,Work,Credit Card,Travel,No,No,1
336,21,63978,10,418.06,8,58527,0,812,Laptop,Unknown,Digital Wallet,Electronics,No,Yes,1
337,50,18808,0,77.48,21,20873,1,1017,Mobile,Home,Debit Card,Electronics,No,No,1
338,31,143991,14,150.66,22,63305,3,198,Mobile,Public,Debit Card,Entertainment,No,Yes,1
339,38,63970,20,124.56,18,15007,6,738,Laptop,Public,Bank Transfer,Entertainment,Yes,Yes,1
340,65,9383,9,186.22,66,63431,6,994,Mobile,Public,Digital Wallet,Travel,No,No,1
341,37,161745,6,127.41,48,75999,6,2804,Mobile,Unknown,Debit Card,Electronics,No,No,1
342,25,78807,1,244.53,44,72142,3,1632,Mobile,Unknown,Debit Card,Travel,No,No,1
343,24,162105,9,203.76,9,73369,3,258,Mobile,Work,Debit Card,Food,Yes,Yes,1
344,20,5874,23,493.29,67,39923,3,1214,Laptop,Home,Digital Wallet,Grocery,No,No,1
345,34,142155,3,28.06,54,67100,6,456,Tablet,Work,Bank Transfer,Electronics,No,Yes,1
346,50,96568,11,71.18,26,42348,0,151,Laptop,Work,Credit Card,Entertainment,Yes,No,1
347,65,96434,18,26.51,85,7320,1,2226,Mobile,Public,Credit Card,Shopping,No,Yes,1
348,29,18233,10,312.96,94,9012,3,2929,Mobile,Work,Credit Card,Food,No,Yes,1
349,68,146111,7,27.35,92,37225,0,2782,Laptop,Home,Credit Card,Grocery,Yes,No,1
350,39,881,17,418.24,100,52034,1,140,Mobile,Work,Credit Card,Shopping,No,Yes,1
351,39,114686,10,256.02,26,40276,6,1274,Laptop,Public,Bank Transfer,Travel,No,Yes,1
352,63,187872,10,263.55,34,61445,0,1957,Tablet,Home,Credit Card,Grocery,Yes,No,1
353,47,27724,12,280.84,8,47955,6,93,Mobile,Home,Debit Card,Travel,Yes,Yes,1
354,55,6923,2,85.49,10,52933,5,2715,Tablet,Work,Bank Transfer,Travel,No,Yes,1
355,55,18589,11,98.93,48,10211,3,1407,Tablet,Home,Credit Card,Entertainment,No,Yes,0
356,62,171133,2,159.48,55,59762,2,938,Mobile,Home,Credit Card,Travel,No,Yes,1
357,68,29218,9,296.79,54,10097,0,1801,Mobile,Home,Credit Card,Shopping,No,Yes,1
358,25,100517,16,105.14,78,60567,3,1538,Laptop,Public,Credit Card,Food,No,Yes,0
359,44,81916,21,58.25,40,48522,4,42,Laptop,Home,Digital Wallet,Entertainment,No,Yes,0
360,44,153435,1,485.06,15,19282,1,1206,Mobile,Home,Bank Transfer,Food,No,Yes,1
361,51,13665,16,11.09,81,52282,5,268,Laptop,Unknown,Credit Card,Travel,No,Yes,1
362,38,151526,15,401.37,18,72644,3,692,Tablet,Public,Debit Card,Electronics,No,Yes,1
363,47,174123,1,394.04,96,55513,4,1139,Tablet,Public,Credit Card,Grocery,No,Yes,1
364,50,91279,21,148.68,23,72536,0,723,Mobile,Home,Debit Card,Entertainment,No,No,1
365,45,23748,19,67.9,62,35842,0,1211,Laptop,Public,Debit Card,Travel,Yes,Yes,0
366,64,181901,5,72.9,46,21477,4,1534,Mobile,Home,Debit Card,Entertainment,Yes,Yes,1
367,50,42071,9,348.75,87,57896,5,1932,Tablet,Work,Debit Card,Electronics,Yes,Yes,1
368,22,18758,9,321.44,99,50521,4,105,Mobile,Work,Credit Card,Shopping,No,No,1
369,65,21353,7,391.39,39,69557,1,358,Mobile,Home,Bank Transfer,Shopping,Yes,Yes,1
370,36,195338,0,468.75,15,67336,0,1469,Mobile,Work,Digital Wallet,Grocery,No,No,1
371,21,179735,12,345.99,53,27575,4,1282,Mobile,Home,Digital Wallet,Shopping,No,Yes,1
372,52,157562,23,78.01,88,31302,2,2229,Tablet,Public,Credit Card,Electronics,Yes,Yes,1
373,66,88764,8,121.8,64,78261,2,101,Mobile,Home,Bank Transfer,Food,No,Yes,1
374,34,182750,21,421.11,63,77517,4,254,Mobile,Work,Bank Transfer,Electronics,Yes,No,1
375,61,103950,9,104.73,92,56322,1,2550,Laptop,Home,Digital Wallet,Electronics,Yes,Yes,1
376,45,163830,14,36.35,80,52103,0,2437,Mobile,Home,Credit Card,Travel,No,Yes,0
377,47,138024,4,351.67,16,36092,2,2617,Laptop,Public,Bank Transfer,Shopping,No,Yes,1
378,46,133723,21,201.32,70,56506,4,840,Mobile,Unknown,Credit Card,Entertainment,No,Yes,1
379,63,72047,15,460.03,66,26769,6,2686,Laptop,Public,Bank Transfer,Grocery,No,Yes,1
380,23,61101,12,325.16,13,50638,4,2078,Mobile,Home,Debit Card,Food,No,Yes,1
381,52,180331,21,45.3,47,62898,3,707,Laptop,Home,Digital Wallet,Entertainment,No,Yes,1
382,58,122875,19,473.93,9,20374,4,320,Mobile,Work,Digital Wallet,Travel,Yes,No,1
383,54,182879,17,129.35,63,57728,1,1511,Mobile,Work,Debit Card,Travel,No,Yes,1
384,41,33343,10,168.67,34,63170,2,2281,Laptop,Home,Debit Card,Food,Yes,No,1
385,46,152972,8,201.19,81,8425,3,1255,Mobile,Work,Credit Card,Entertainment,No,No,1
386,66,76039,15,25.71,91,3607,2,595,Mobile,Home,Debit Card,Food,Yes,No,1
387,63,57928,1,248.31,29,28117,2,2559,Mobile,Home,Debit Card,Food,No,No,1
388,48,138411,1,61.75,37,74758,1,1845,Mobile,Home,Credit Card,Shopping,No,No,1
389,52,6810,11,200.55,43,50575,4,540,Tablet,Work,Digital Wallet,Entertainment,Yes,Yes,1
390,50,152556,7,175.42,86,23131,1,953,Mobile,Work,Credit Card,Shopping,No,Yes,1
391,69,152210,8,386.44,64,62944,4,2355,Tablet,Work,Bank Transfer,Shopping,No,Yes,1
392,38,172018,11,401.6,24,8383,3,45,Tablet,Work,Digital Wallet,Grocery,Yes,Yes,1
393,49,198993,8,76.79,71,20208,1,2433,Mobile,Home,Digital Wallet,Shopping,No,Yes,1
394,40,38091,9,183.34,34,46721,1,385,Laptop,Public,Digital Wallet,Electronics,Yes,Yes,1
395,50,138143,1,186.74,48,17697,6,859,Laptop,Public,Credit Card,Travel,No,Yes,1
396,20,160311,15,75.79,12,21634,5,2676,Mobile,Work,Digital Wallet,Travel,No,No,1
397,35,85545,19,399.25,23,34050,0,1131,Tablet,Home,Credit Card,Electronics,No,Yes,1
398,42,80357,6,353.64,79,15142,1,1120,Laptop,Work,Digital Wallet,Food,No,Yes,1
399,59,37811,1,95.27,97,20939,5,2936,Mobile,Work,Bank Transfer,Entertainment,Yes,Yes,1
400,48,6630,0,183.42,13,25083,7,1776,Mobile,Public,Digital Wallet,Entertainment,No,Yes,1
401,20,11216,18,52.99,87,62514,0,243,Tablet,Public,Credit Card,Entertainment,No,No,0
402,57,65894,3,314.14,96,20023,6,1750,Laptop,Public,Debit Card,Shopping,No,Yes,1
403,63,131454,23,60.77,45,71043,4,478,Mobile,Home,Digital Wallet,Entertainment,Yes,Yes,1
404,41,133070,21,492.97,99,77330,7,1598,Laptop,Public,Digital Wallet,Entertainment,No,Yes,1
405,67,4235,1,390.36,65,46038,4,2864,Mobile,Work,Credit Card,Entertainment,No,Yes,1
406,49,137801,13,195.18,47,47810,4,2576,Mobile,Unknown,Digital Wallet,Travel,No,Yes,1
407,64,109572,1,289.32,58,11408,5,739,Mobile,Home,Credit Card,Electronics,No,Yes,1
408,39,125247,14,455.68,5,57790,5,409,Tablet,Home,Bank Transfer,Grocery,No,Yes,1
409,40,89187,11,277.09,77,54134,0,2817,Tablet,Work,Bank Transfer,Food,No,Yes,1
410,19,196203,4,87.33,5,13199,4,2709,Tablet,Home,Credit Card,Electronics,No,No,1
411,44,33480,19,189.41,60,67412,2,1918,Laptop,Home,Credit Card,Entertainment,Yes,Yes,1
412,59,130051,6,421.59,96,14755,7,1077,Tablet,Public,Digital Wallet,Food,No,Yes,1
413,19,17171,23,322.14,21,79683,1,568,Tablet,Home,Debit Card,Food,No,Yes,1
414,43,20174,20,325.4,24,60782,5,782,Laptop,Home,Credit Card,Electronics,No,Yes,1
415,34,67943,9,433.42,18,58749,5,564,Laptop,Home,Digital Wallet,Electronics,Yes,No,1
416,57,40001,13,447.0,21,38676,5,702,Laptop,Home,Digital Wallet,Electronics,No,Yes,1
417,50,11305,13,459.9,54,8663,0,1094,Laptop,Public,Debit Card,Grocery,Yes,No,1
418,26,186833,4,47.52,10,54710,4,597,Tablet,Home,Credit Card,Electronics,No,Yes,1
419,60,124761,17,272.11,24,72479,2,1466,Tablet,Home,Credit Card,Grocery,No,No,1
420,65,6006,23,370.28,85,79360,1,444,Laptop,Public,Bank Transfer,Shopping,No,Yes,1
421,56,133763,13,378.49,89,21643,1,478,Tablet,Public,Debit Card,Travel,Yes,Yes,1
422,46,125676,1,303.4,60,5420,4,639,Mobile,Home,Bank Transfer,Grocery,No,Yes,1
423,59,63087,11,83.48,57,38496,2,2735,Tablet,Unknown,Digital Wallet,Travel,No,Yes,0
424,43,194542,21,398.73,23,12248,0,2031,Mobile,Work,Debit Card,Entertainment,No,Yes,1
425,52,80785,23,360.08,22,47752,5,1827,Laptop,Unknown,Credit Card,Shopping,No,Yes,1
426,67,110554,5,43.16,68,63679,5,2513,Laptop,Work,Digital Wallet,Food,Yes,No,1
427,42,105587,3,231.96,34,6950,7,734,Tablet,Public,Debit Card,Electronics,No,Yes,1
428,41,54500,12,87.07,70,53256,7,2316,Laptop,Home,Bank Transfer,Entertainment,Yes,Yes,1
429,30,156322,3,168.8,28,50735,7,1095,Tablet,Home,Digital Wallet,Food,No,No,1
430,24,31952,21,9.14,95,520,6,763,Tablet,Home,Digital Wallet,Travel,No,Yes,1
431,53,174042,13,200.22,99,10164,4,829,Tablet,Home,Debit Card,Food,Yes,No,1
432,62,52856,15,274.98,39,67135,1,2087,Tablet,Public,Credit Card,Electronics,No,Yes,1
433,37,115457,3,309.83,42,23725,5,2824,Mobile,Work,Digital Wallet,Electronics,No,Yes,1
434,18,119152,23,331.78,23,68673,6,1890,Mobile,Home,Bank Transfer,Grocery,No,Yes,1
435,25,56581,0,418.16,70,40725,1,2216,Laptop,Home,Debit Card,Grocery,No,No,1
436,63,1383,12,107.81,80,11307,1,1920,Mobile,Home,Debit Card,Travel,No,No,0
437,33,33791,3,60.33,2,6902,4,760,Laptop,Public,Debit Card,Electronics,No,No,1
438,31,132297,19,425.78,24,5021,3,225,Laptop,Work,Digital Wallet,Shopping,No,Yes,1
439,29,198237,17,78.39,17,63665,7,1127,Tablet,Work,Debit Card,Entertainment,No,No,1
440,68,26270,5,487.38,65,8882,6,1668,Tablet,Work,Digital Wallet,Travel,No,Yes,1
441,40,8538,2,421.28,70,15565,3,1688,Tablet,Unknown,Digital Wallet,Travel,Yes,Yes,1
442,32,20195,22,250.49,69,14925,3,1155,Tablet,Work,Digital Wallet,Food,Yes,No,1
443,45,147326,12,490.71,60,13611,6,293,Tablet,Home,Bank Transfer,Travel,No,Yes,1
444,51,139176,15,48.78,50,41299,2,949,Tablet,Public,Digital Wallet,Entertainment,No,Yes,1
445,19,9852,4,151.6,93,53757,7,190,Mobile,Work,Debit Card,Shopping,No,Yes,1
446,49,55526,3,319.15,12,61677,4,1286,Laptop,Work,Credit Card,Food,No,No,1
447,40,26919,20,175.07,47,38351,6,2568,Laptop,Public,Digital Wallet,Entertainment,No,Yes,1
448,39,92151,7,464.19,67,9316,1,1840,Tablet,Unknown,Debit Card,Grocery,No,Yes,1
449,68,155389,18,32.91,65,78353,6,799,Mobile,Unknown,Credit Card,Travel,No,No,1
450,42,33094,13,274.75,27,2675,5,340,Tablet,Public,Credit Card,Electronics,No,Yes,1
451,39,146208,6,295.47,48,11841,6,256,Mobile,Home,Credit Card,Grocery,No,Yes,1
452,39,97856,13,326.4,88,64408,2,302,Mobile,Work,Digital Wallet,Electronics,No,Yes,1
453,66,180588,5,127.91,62,26154,7,346,Laptop,Work,Bank Transfer,Entertainment,Yes,No,1
454,69,140759,11,182.35,44,61395,7,1952,Laptop,Home,Credit Card,Shopping,Yes,Yes,1
455,59,95765,15,421.86,19,60196,3,2368,Mobile,Unknown,Digital Wallet,Electronics,Yes,Yes,1
456,23,131817,16,97.55,59,58389,0,1522,Laptop,Unknown,Credit Card,Entertainment,Yes,Yes,1
457,32,162102,12,413.45,8,30694,7,2806,Mobile,Work,Digital Wallet,Food,Yes,Yes,1
458,60,81935,22,281.37,55,35337,7,1924,Mobile,Public,Debit Card,Travel,No,Yes,1
459,54,122332,13,381.12,47,69394,2,1631,Mobile,Home,Bank Transfer,Shopping,No,Yes,1
460,50,161262,6,356.83,2,42076,2,1822,Laptop,Work,Debit Card,Shopping,No,Yes,1
461,25,183314,13,103.83,94,20227,4,1480,Tablet,Work,Debit Card,Food,No,No,1
462,61,157647,14,284.45,94,35079,5,2452,Laptop,Home,Digital Wallet,Shopping,No,Yes,1
463,61,150060,11,433.87,39,17055,2,1955,Tablet,Home,Credit Card,Entertainment,Yes,No,1
464,22,43832,16,216.11,45,53794,6,596,Laptop,Public,Digital Wallet,Shopping,No,Yes,1
465,56,46405,8,483.3,32,50277,5,2945,Laptop,Work,Bank Transfer,Shopping,No,Yes,1
466,21,177209,21,226.16,65,6406,4,2832,Tablet,Unknown,Debit Card,Shopping,No,Yes,1
467,23,9446,14,71.48,38,41251,6,281,Mobile,Work,Bank Transfer,Entertainment,No,No,1
468,62,687,11,194.78,77,70099,7,1586,Tablet,Home,Credit Card,Grocery,No,Yes,1
469,49,12863,1,475.86,11,74680,0,2384,Mobile,Home,Debit Card,Travel,No,No,1
470,69,190337,4,159.93,10,74178,1,704,Mobile,Home,Digital Wallet,Electronics,No,Yes,1
471,47,69715,12,434.06,59,32144,1,2945,Laptop,Public,Credit Card,Grocery,No,Yes,1
472,64,167288,19,440.64,90,34021,3,2341,Laptop,Home,Bank Transfer,Shopping,Yes,Yes,1
473,52,121087,22,175.16,55,12064,7,2145,Laptop,Public,Debit Card,Food,No,Yes,1
474,57,91453,7,41.72,20,71140,3,1632,Laptop,Public,Bank Transfer,Food,No,Yes,1
475,69,95748,13,362.31,81,27799,0,543,Laptop,Public,Credit Card,Entertainment,No,Yes,1
476,33,25656,14,155.82,17,48458,1,2846,Tablet,Work,Debit Card,Travel,No,Yes,1
477,30,59142,10,391.48,68,56578,3,471,Tablet,Public,Digital Wallet,Shopping,Yes,Yes,1
478,67,18199,0,221.38,5,13921,7,30,Tablet,Home,Credit Card,Entertainment,No,Yes,1
479,59,109189,20,242.68,60,11702,5,2435,Tablet,Home,Bank Transfer,Electronics,Yes,Yes,1
480,47,176268,2,388.98,23,42685,2,1168,Laptop,Home,Debit Card,Travel,No,Yes,1
481,36,144402,16,191.24,46,4185,4,932,Tablet,Public,Debit Card,Travel,No,Yes,1
482,34,160181,18,221.62,52,43137,6,1653,Tablet,Home,Bank Transfer,Entertainment,No,Yes,1
483,36,33966,13,188.16,10,18866,3,1250,Mobile,Work,Debit Card,Grocery,No,No,0
484,45,105500,21,183.73,46,24776,0,2351,Laptop,Home,Credit Card,Food,No,Yes,1
485,43,84346,22,263.02,28,48739,6,885,Tablet,Home,Digital Wallet,Grocery,No,No,1
486,54,77075,7,404.42,97,75714,1,1047,Tablet,Home,Digital Wallet,Travel,No,Yes,1
487,43,173027,12,180.95,43,25075,7,1213,Tablet,Public,Credit Card,Food,No,Yes,1
488,40,81657,19,262.17,26,41901,0,2250,Laptop,Work,Debit Card,Travel,No,Yes,1
489,26,137588,2,335.4,55,41730,4,614,Tablet,Public,Digital Wallet,Travel,No,Yes,1
490,29,72616,4,134.79,48,79924,4,2558,Mobile,Work,Digital Wallet,Travel,No,Yes,1
491,18,187087,8,138.83,29,69117,0,484,Laptop,Public,Digital Wallet,Electronics,No,Yes,1
492,18,149230,5,466.71,27,23521,3,225,Mobile,Work,Digital Wallet,Food,No,Yes,1
493,64,171890,21,361.79,18,9949,3,2873,Laptop,Work,Credit Card,Electronics,No,Yes,1
494,51,32702,1,288.64,60,16157,1,628,Tablet,Work,Digital Wallet,Food,No,No,1
495,49,189239,12,323.9,74,35559,5,1362,Laptop,Work,Digital Wallet,Electronics,No,Yes,1
496,65,158688,4,14.75,69,2032,1,1789,Laptop,Unknown,Debit Card,Electronics,No,Yes,1
497,42,129395,7,309.09,74,51305,2,585,Laptop,Work,Debit Card,Electronics,No,No,1
498,57,88069,22,254.8,21,38256,5,2925,Mobile,Unknown,Debit Card,Entertainment,No,Yes,1
499,62,132261,0,272.92,24,72380,7,1547,Laptop,Unknown,Bank Transfer,Electronics,Yes,Yes,1
500,18,168518,19,179.78,3,75142,6,468,Tablet,Home,Credit Card,Grocery,Yes,No,1
501,33,141659,11,40.83,95,34706,7,2727,Laptop,Work,Credit Card,Grocery,No,Yes,1
502,56,255,22,96.75,62,52668,2,388,Laptop,Home,Credit Card,Travel,No,Yes,1
503,22,124050,10,475.38,2,75688,1,1087,Tablet,Work,Debit Card,Shopping,Yes,Yes,1
504,39,67594,6,204.41,66,25050,5,1141,Tablet,Work,Credit Card,Electronics,Yes,Yes,1
505,46,76329,14,233.39,42,6889,5,2735,Mobile,Public,Digital Wallet,Shopping,No,Yes,1
506,20,104748,21,26.45,34,36347,2,2093,Tablet,Home,Credit Card,Shopping,No,Yes,1
507,29,38647,23,18.88,42,79739,7,2822,Tablet,Home,Digital Wallet,Travel,No,Yes,1
508,43,28895,10,358.62,20,19142,0,450,Tablet,Home,Digital Wallet,Shopping,No,Yes,1
509,33,186468,21,269.09,97,37009,3,582,Laptop,Home,Digital Wallet,Shopping,No,No,1
510,68,21547,15,254.4,68,79917,5,2844,Mobile,Unknown,Bank Transfer,Grocery,No,No,1
511,54,167770,2,121.64,45,49737,6,2870,Tablet,Unknown,Credit Card,Shopping,No,No,1
512,39,172986,19,372.4,75,15914,6,1179,Tablet,Work,Debit Card,Food,No,No,1
513,46,88060,13,84.2,42,63676,5,1061,Tablet,Public,Credit Card,Electronics,No,Yes,1
514,31,63378,2,95.05,47,62559,2,1521,Laptop,Home,Digital Wallet,Electronics,Yes,No,1
515,45,55177,0,230.41,5,49650,5,909,Laptop,Home,Debit Card,Shopping,No,Yes,1
516,22,112882,20,143.21,89,41591,7,1915,Mobile,Home,Debit Card,Travel,Yes,Yes,1
517,64,103032,14,123.81,49,73624,2,881,Mobile,Public,Digital Wallet,Food,No,Yes,1
518,66,140700,0,322.65,37,1403,0,539,Laptop,Work,Digital Wallet,Travel,Yes,Yes,1
519,47,181272,16,325.52,34,54735,6,1889,Tablet,Work,Digital Wallet,Travel,No,No,1
520,63,109969,1,412.28,73,59065,5,1793,Tablet,Home,Bank Transfer,Shopping,No,Yes,1
521,69,139351,19,208.91,70,55842,4,995,Mobile,Home,Debit Card,Entertainment,No,Yes,1
522,22,48881,5,36.64,18,43223,1,1888,Tablet,Public,Bank Transfer,Shopping,No,Yes,1
523,29,186439,7,136.91,78,36072,6,943,Laptop,Home,Credit Card,Grocery,No,Yes,1
524,33,155124,15,490.0,19,18110,0,1420,Mobile,Unknown,Digital Wallet,Entertainment,No,No,1
525,43,53898,18,298.17,78,34552,4,1541,Laptop,Home,Debit Card,Food,No,No,1
526,43,98796,0,354.9,40,38050,6,2095,Laptop,Home,Credit Card,Entertainment,No,Yes,1
527,65,51039,2,3.78,17,54533,0,2133,Tablet,Work,Digital Wallet,Shopping,Yes,Yes,1
528,38,29616,2,259.15,60,29511,3,2996,Laptop,Home,Debit Card,Shopping,No,Yes,1
529,56,187698,4,18.86,99,35264,0,1088,Laptop,Work,Digital Wallet,Travel,No,No,1
530,53,141621,11,284.66,93,54033,0,2979,Tablet,Work,Digital Wallet,Shopping,No,Yes,1
531,50,50390,11,460.39,42,24564,3,2707,Laptop,Work,Digital Wallet,Grocery,No,No,1
532,47,126788,19,484.21,81,50081,5,823,Tablet,Unknown,Credit Card,Shopping,No,Yes,1
533,54,86761,12,270.32,72,29202,1,1626,Laptop,Work,Credit Card,Electronics,No,No,1
534,40,73054,19,229.16,65,9131,7,1836,Tablet,Home,Digital Wallet,Electronics,No,Yes,1
535,27,22846,8,472.51,53,70543,4,376,Tablet,Work,Digital Wallet,Travel,No,Yes,1
536,22,68090,6,336.84,100,66563,6,1085,Mobile,Work,Debit Card,Entertainment,No,Yes,1
537,53,58910,3,32.54,7,29481,7,937,Laptop,Home,Debit Card,Entertainment,No,No,1
538,51,118462,18,232.92,5,36264,2,1053,Laptop,Public,Credit Card,Electronics,Yes,No,1
539,69,146395,21,120.2,24,51013,1,605,Mobile,Work,Digital Wallet,Grocery,No,Yes,1
540,48,133769,18,234.96,28,66698,7,228,Tablet,Public,Credit Card,Food,No,Yes,1
541,27,196849,5,227.79,62,25440,6,1395,Tablet,Public,Credit Card,Grocery,No,No,1
542,36,2759,12,291.11,17,72292,0,2028,Mobile,Home,Bank Transfer,Electronics,No,No,1
543,49,86616,10,178.45,20,28932,7,1284,Mobile,Work,Credit Card,Grocery,No,Yes,1
544,18,74667,12,82.22,3,8867,2,2378,Tablet,Home,Digital Wallet,Food,No,Yes,1
545,22,15137,12,251.91,37,26011,3,1046,Tablet,Home,Credit Card,Entertainment,No,Yes,1
546,62,126598,21,415.12,90,9073,7,55,Mobile,Public,Credit Card,Electronics,No,No,1
547,21,177910,19,332.04,15,16082,1,1588,Laptop,Unknown,Debit Card,Shopping,No,Yes,1
548,33,12209,14,169.25,51,5878,5,2527,Tablet,Home,Debit Card,Food,No,Yes,1
549,41,22110,20,467.77,48,65796,4,2397,Mobile,Work,Credit Card,Food,No,Yes,1
550,33,8887,12,456.11,8,14000,1,2233,Laptop,Public,Debit Card,Food,Yes,Yes,0
551,19,139644,21,104.75,13,66341,1,500,Laptop,Work,Debit Card,Entertainment,No,Yes,1
552,66,154555,10,19.8,48,22381,5,2497,Laptop,Unknown,Digital Wallet,Grocery,No,Yes,1
553,45,61809,18,370.68,3,70733,2,680,Laptop,Unknown,Credit Card,Travel,Yes,Yes,1
554,49,34618,7,413.82,65,52042,3,915,Mobile,Home,Digital Wallet,Shopping,No,No,1
555,44,54009,19,483.94,73,65785,5,959,Tablet,Home,Bank Transfer,Electronics,No,No,1
556,37,18451,7,444.93,31,60047,6,1774,Laptop,Work,Credit Card,Grocery,No,Yes,1
557,41,184502,9,300.31,26,62651,3,2912,Laptop,Work,Credit Card,Food,Yes,Yes,1
558,29,15382,15,265.07,81,7722,5,905,Mobile,Work,Debit Card,Entertainment,No,Yes,1
559,67,152950,18,14.02,56,8433,1,971,Laptop,Work,Credit Card,Food,No,No,1
560,52,155436,22,123.4,34,78937,3,1338,Mobile,Unknown,Debit Card,Grocery,No,No,1
561,50,190847,10,229.86,9,7440,2,601,Mobile,Home,Credit Card,Electronics,No,Yes,1
562,50,5175,12,314.29,62,59645,2,83,Tablet,Home,Bank Transfer,Shopping,No,No,1
563,68,179626,8,278.67,13,44110,4,634,Laptop,Home,Debit Card,Food,No,Yes,1
564,60,28465,19,371.34,69,58020,3,354,Tablet,Work,Credit Card,Entertainment,No,Yes,1
565,54,179372,23,139.96,41,5044,4,914,Mobile,Home,Debit Card,Entertainment,No,Yes,1
566,29,11102,18,282.52,77,55312,6,294,Laptop,Work,Digital Wallet,Travel,No,No,1
567,20,14047,15,44.16,1,72110,5,411,Mobile,Home,Credit Card,Entertainment,Yes,Yes,1
568,18,94940,6,206.89,89,52000,0,1266,Mobile,Work,Digital Wallet,Travel,No,No,1
569,50,116319,18,375.11,47,40118,6,2410,Mobile,Home,Debit Card,Shopping,No,No,1
570,57,78710,11,346.73,4,25944,2,1411,Laptop,Work,Digital Wallet,Electronics,No,Yes,1
571,27,52242,14,495.32,100,57086,1,2280,Mobile,Home,Credit Card,Travel,Yes,Yes,1
572,60,56407,22,139.02,63,25289,7,2135,Mobile,Home,Digital Wallet,Food,No,Yes,1
573,61,135665,13,249.14,52,2117,2,1547,Laptop,Public,Bank Transfer,Grocery,No,No,1
574,46,50185,10,164.83,10,3833,0,1563,Tablet,Home,Debit Card,Food,Yes,Yes,1
575,30,34328,9,220.36,28,40502,1,1821,Mobile,Work,Debit Card,Electronics,No,Yes,1
576,29,183047,10,428.49,6,64120,3,576,Tablet,Public,Credit Card,Entertainment,Yes,No,1
577,48,162827,5,342.14,27,1011,7,900,Tablet,Work,Digital Wallet,Grocery,No,No,1
578,63,43572,1,441.23,12,38350,3,2180,Tablet,Public,Bank Transfer,Food,No,Yes,1
579,19,49537,10,101.84,62,32286,6,1253,Tablet,Home,Credit Card,Grocery,No,No,1
580,68,180588,18,436.69,52,74856,7,894,Tablet,Work,Credit Card,Travel,No,Yes,1
581,67,59811,5,29.98,48,36744,2,1995,Tablet,Work,Credit Card,Electronics,No,Yes,0
582,52,137988,13,444.31,67,75214,1,427,Laptop,Home,Bank Transfer,Food,No,Yes,1
583,40,77275,19,164.6,46,67761,5,1791,Laptop,Home,Bank Transfer,Entertainment,No,No,1
584,34,64407,5,157.36,97,18977,7,421,Tablet,Home,Debit Card,Grocery,No,Yes,1
585,43,46833,16,256.09,74,47033,1,2183,Laptop,Work,Debit Card,Entertainment,No,Yes,1
586,25,128302,9,470.35,95,34969,4,1642,Laptop,Public,Debit Card,Grocery,No,Yes,1
587,46,95128,0,23.99,15,8996,0,1107,Tablet,Home,Debit Card,Food,No,No,1
588,43,142412,2,176.18,71,12770,6,1330,Tablet,Home,Credit Card,Electronics,No,Yes,1
589,27,92593,7,428.3,36,76508,3,2188,Mobile,Home,Credit Card,Shopping,No,Yes,1
590,43,125249,7,198.09,14,21224,2,2301,Laptop,Work,Credit Card,Food,Yes,Yes,1
591,51,163934,19,99.66,78,30916,1,2152,Tablet,Unknown,Digital Wallet,Entertainment,No,Yes,1
592,68,8359,21,212.45,3,36075,3,2583,Laptop,Home,Bank Transfer,Shopping,Yes,Yes,1
593,58,181311,14,192.84,67,77114,2,2847,Laptop,Home,Digital Wallet,Electronics,No,No,1
594,24,128875,23,457.72,86,73608,7,2559,Laptop,Work,Debit Card,Entertainment,No,Yes,1
595,21,14949,6,380.99,19,17908,3,393,Mobile,Public,Digital Wallet,Electronics,No,No,1
596,67,81868,10,252.61,99,19859,2,2316,Tablet,Work,Bank Transfer,Grocery,No,Yes,1
597,62,106208,6,494.19,76,9198,3,1454,Laptop,Work,Debit Card,Food,No,Yes,1
598,28,89809,3,232.69,54,70892,5,875,Tablet,Home,Credit Card,Electronics,No,Yes,1
599,46,54969,11,29.21,69,39992,4,1357,Laptop,Home,Bank Transfer,Entertainment,No,Yes,0
600,53,126988,5,131.21,10,75281,0,421,Tablet,Home,Digital Wallet,Food,No,No,1
601,42,63195,13,218.09,33,44134,3,1070,Tablet,Home,Credit Card,Entertainment,No,Yes,1
602,38,117986,11,78.54,13,43364,0,2089,Tablet,Public,Credit Card,Entertainment,No,Yes,1
603,53,71010,10,473.79,99,37855,3,2076,Laptop,Work,Bank Transfer,Shopping,Yes,Yes,1
604,27,23667,18,383.45,51,38190,6,175,Mobile,Home,Digital Wallet,Travel,No,Yes,1
605,54,35392,20,134.22,32,38314,1,1335,Tablet,Home,Bank Transfer,Electronics,No,Yes,1
606,26,74913,4,295.44,75,32145,4,1602,Mobile,Home,Credit Card,Electronics,No,Yes,1
607,41,97236,13,360.75,24,73239,6,2246,Tablet,Work,Debit Card,Shopping,No,No,1
608,52,51731,20,470.65,35,57130,5,2924,Mobile,Home,Debit Card,Grocery,Yes,Yes,1
609,66,9985,23,440.83,83,48671,4,2247,Tablet,Home,Digital Wallet,Electronics,No,Yes,1
610,52,190831,15,257.64,70,22158,0,2062,Mobile,Work,Digital Wallet,Shopping,No,Yes,1
611,65,185478,12,387.35,40,16297,1,794,Tablet,Home,Debit Card,Electronics,No,No,1
612,53,66414,21,281.12,54,59299,2,1399,Tablet,Home,Credit Card,Electronics,No,Yes,1
613,35,65187,21,276.4,44,52736,6,528,Mobile,Home,Digital Wallet,Entertainment,No,Yes,1
614,66,160337,19,57.46,62,6765,4,1996,Tablet,Home,Bank Transfer,Shopping,No,Yes,1
615,56,190101,21,63.16,99,72634,5,1195,Laptop,Home,Digital Wallet,Grocery,No,Yes,1
616,49,198200,3,264.81,68,53994,6,2974,Tablet,Home,Debit Card,Electronics,Yes,Yes,1
617,41,96098,10,134.5,33,52768,1,1790,Tablet,Unknown,Digital Wallet,Grocery,No,No,0
618,40,49912,16,10.62,77,27498,1,147,Laptop,Work,Digital Wallet,Travel,No,No,0
619,49,181672,6,361.45,56,61839,0,394,Laptop,Work,Debit Card,Shopping,No,Yes,1
620,54,58743,13,16.34,36,14806,5,2011,Laptop,Public,Digital Wallet,Shopping,No,Yes,1
621,29,45000,10,297.68,54,64506,1,165,Mobile,Home,Credit Card,Shopping,No,Yes,1
622,66,174118,21,269.64,19,47845,7,1130,Laptop,Public,Digital Wallet,Entertainment,Yes,No,1
623,30,139023,8,484.41,43,12385,1,1901,Mobile,Home,Digital Wallet,Shopping,Yes,Yes,1
624,40,16388,22,242.16,12,44326,2,2634,Laptop,Home,Debit Card,Entertainment,No,No,1
625,42,72792,12,31.89,11,56097,0,47,Mobile,Home,Bank Transfer,Travel,No,No,1
626,52,198752,22,275.89,70,7943,0,1920,Laptop,Home,Debit Card,Food,No,Yes,1
627,58,138540,17,420.56,12,17584,5,2480,Laptop,Public,Digital Wallet,Entertainment,No,Yes,1
628,47,85536,10,498.42,91,4883,1,234,Tablet,Home,Digital Wallet,Electronics,No,Yes,1
629,34,46503,14,215.23,41,34861,2,528,Laptop,Home,Bank Transfer,Shopping,No,Yes,1
630,66,91270,21,160.22,25,61831,3,2401,Tablet,Home,Digital Wallet,Food,No,Yes,1
631,37,9268,18,453.34,3,21029,4,624,Laptop,Home,Debit Card,Entertainment,No,Yes,1
632,65,49979,0,95.7,3,59074,7,591,Laptop,Home,Credit Card,Grocery,No,Yes,1
633,42,59971,3,307.75,84,31432,6,1334,Tablet,Home,Debit Card,Grocery,No,No,1
634,39,32274,13,202.92,28,2408,0,2556,Tablet,Home,Bank Transfer,Electronics,No,Yes,1
635,30,137753,13,20.64,23,30858,2,2241,Mobile,Public,Credit Card,Food,No,Yes,1
636,36,110255,2,173.71,48,30912,5,2401,Tablet,Home,Bank Transfer,Travel,Yes,No,1
637,66,71953,16,132.69,67,3428,2,2628,Mobile,Home,Debit Card,Entertainment,No,Yes,1
638,53,64146,2,343.08,42,65658,1,2908,Laptop,Work,Digital Wallet,Grocery,No,Yes,1
639,29,49778,15,474.4,88,31132,7,669,Tablet,Public,Credit Card,Grocery,No,Yes,1
640,58,26749,13,134.1,40,32809,4,1956,Tablet,Home,Bank Transfer,Entertainment,No,Yes,1
641,36,127895,19,405.75,6,9780,0,2711,Laptop,Home,Bank Transfer,Grocery,No,Yes,1
642,29,88768,12,27.77,20,40949,3,2836,Laptop,Public,Digital Wallet,Travel,No,No,1
643,26,145739,14,269.11,11,27457,1,2285,Laptop,Home,Bank Transfer,Grocery,Yes,No,1
644,24,90006,13,35.37,96,37395,0,344,Laptop,Work,Digital Wallet,Entertainment,No,Yes,0
645,45,96119,23,467.02,27,70999,6,2381,Tablet,Home,Digital Wallet,Shopping,No,No,1
646,31,193116,18,383.2,21,22195,5,930,Laptop,Public,Bank Transfer,Grocery,Yes,No,1
647,48,78102,5,329.01,13,75393,0,2316,Laptop,Public,Credit Card,Entertainment,No,Yes,1
648,69,28903,9,411.97,86,63623,2,1780,Tablet,Unknown,Digital Wallet,Shopping,No,Yes,1
649,36,149402,14,323.8,35,25676,6,833,Mobile,Home,Bank Transfer,Grocery,Yes,Yes,1
650,64,149034,20,484.48,47,18909,4,1590,Tablet,Home,Debit Card,Grocery,No,Yes,1
651,33,174527,21,357.01,86,57467,7,1482,Mobile,Home,Bank Transfer,Entertainment,No,Yes,1
652,22,162431,19,462.34,28,1487,3,1273,Laptop,Public,Digital Wallet,Electronics,No,Yes,1
653,52,30895,5,258.61,21,54962,4,2352,Tablet,Public,Digital Wallet,Electronics,No,Yes,1
654,29,8870,22,58.62,18,68001,2,1700,Laptop,Home,Digital Wallet,Food,No,Yes,1
655,42,11193,9,264.14,31,26515,3,2057,Tablet,Work,Debit Card,Electronics,No,Yes,1
656,69,177743,6,63.52,60,66904,3,1798,Mobile,Home,Debit Card,Travel,Yes,Yes,1
657,38,131365,21,296.29,37,50781,7,2030,Tablet,Home,Credit Card,Food,No,Yes,1
658,53,100411,16,241.3,21,37646,1,1119,Laptop,Work,Credit Card,Electronics,No,Yes,1
659,40,17669,17,311.33,14,48731,3,1476,Tablet,Home,Digital Wallet,Shopping,No,No,1
660,33,11290,16,5.12,89,29532,0,2332,Laptop,Home,Debit Card,Entertainment,Yes,Yes,0
661,56,62924,8,97.5,91,28805,4,2202,Tablet,Home,Bank Transfer,Electronics,No,Yes,1
662,62,173924,9,245.72,60,54806,5,1199,Mobile,Unknown,Bank Transfer,Shopping,No,Yes,1
663,59,163499,9,475.26,23,18818,5,644,Tablet,Public,Digital Wallet,Food,No,Yes,1
664,56,42170,6,191.87,95,13746,4,2462,Tablet,Public,Credit Card,Entertainment,No,Yes,1
665,31,40297,15,212.24,29,34344,1,2524,Tablet,Work,Debit Card,Electronics,No,Yes,0
666,48,2361,17,357.38,47,33102,3,416,Tablet,Work,Debit Card,Food,Yes,Yes,1
667,22,157684,5,301.94,30,22084,2,2460,Mobile,Home,Debit Card,Electronics,No,Yes,1
668,52,137888,19,149.53,90,15669,6,1435,Laptop,Public,Digital Wallet,Food,No,Yes,1
669,40,86895,0,205.47,84,26468,6,153,Tablet,Work,Digital Wallet,Electronics,No,Yes,1
670,46,29033,0,108.93,38,6885,0,1843,Tablet,Work,Debit Card,Shopping,No,Yes,1
671,60,135550,11,483.01,83,74258,1,1654,Tablet,Work,Digital Wallet,Travel,No,Yes,1
672,28,40683,20,65.4,27,25944,6,1211,Mobile,Unknown,Debit Card,Shopping,No,No,1
673,35,112182,1,185.98,89,62997,7,757,Laptop,Home,Digital Wallet,Entertainment,No,Yes,1
674,64,85471,3,13.02,87,5862,7,2973,Laptop,Home,Credit Card,Electronics,No,Yes,1
675,29,160205,16,110.97,93,8750,3,1171,Tablet,Work,Digital Wallet,Travel,No,Yes,1
676,26,155172,3,390.26,15,68854,5,2405,Tablet,Public,Debit Card,Travel,No,No,1
677,27,111132,10,100.67,59,36868,2,2771,Laptop,Work,Credit Card,Entertainment,Yes,Yes,1
678,61,42704,21,40.12,3,44609,3,388,Tablet,Home,Credit Card,Entertainment,No,Yes,0
679,34,199508,3,237.28,10,58145,1,2874,Tablet,Home,Debit Card,Travel,No,Yes,1
680,55,95174,0,5.08,79,57497,7,472,Tablet,Work,Bank Transfer,Entertainment,No,Yes,1
681,24,73969,6,42.47,80,27926,2,2241,Mobile,Work,Credit Card,Entertainment,No,Yes,1
682,63,5510,17,403.83,17,39523,6,1002,Mobile,Work,Bank Transfer,Electronics,No,No,1
683,30,83475,8,385.76,83,59767,2,390,Laptop,Home,Bank Transfer,Shopping,No,Yes,1
684,57,187216,2,457.58,11,25392,2,2662,Mobile,Public,Bank Transfer,Grocery,No,No,1
685,59,194487,7,427.27,48,59732,2,882,Mobile,Work,Digital Wallet,Food,No,Yes,1
686,26,96155,23,341.62,5,59725,7,1654,Laptop,Unknown,Credit Card,Travel,Yes,No,1
687,67,137968,18,26.26,69,16507,6,1641,Mobile,Home,Debit Card,Food,No,Yes,1
688,44,86816,3,391.45,64,45358,3,1786,Laptop,Home,Digital Wallet,Travel,No,Yes,1
689,19,54345,17,422.77,14,45573,2,1053,Tablet,Public,Bank Transfer,Travel,No,No,1
690,22,43156,19,399.56,50,20739,3,1937,Laptop,Home,Bank Transfer,Shopping,No,Yes,1
691,46,148881,10,254.29,26,63469,2,1960,Laptop,Work,Bank Transfer,Travel,No,No,1
692,54,58657,13,116.53,72,13565,7,270,Laptop,Work,Debit Card,Travel,No,Yes,1
693,55,17643,17,422.68,69,41791,2,695,Tablet,Unknown,Bank Transfer,Shopping,No,No,1
694,36,168590,15,363.61,7,39305,1,2642,Tablet,Home,Digital Wallet,Entertainment,No,Yes,1
695,25,96138,2,490.38,16,18943,3,1195,Tablet,Home,Credit Card,Grocery,Yes,No,1
696,65,147896,14,77.93,55,9790,5,2909,Laptop,Public,Digital Wallet,Food,No,Yes,1
697,62,3928,3,112.91,78,711,7,1005,Laptop,Work,Credit Card,Travel,Yes,Yes,1
698,18,116756,4,105.98,56,19572,3,2069,Laptop,Home,Debit Card,Shopping,No,Yes,1
699,39,17187,16,396.29,4,43790,7,2108,Laptop,Home,Digital Wallet,Travel,No,No,1
700,69,143777,6,93.53,100,15615,4,252,Laptop,Public,Digital Wallet,Shopping,No,Yes,1
701,34,31437,15,33.42,48,5649,6,1857,Laptop,Home,Digital Wallet,Food,No,Yes,1
702,24,136654,13,499.28,17,42492,5,2343,Laptop,Work,Digital Wallet,Electronics,Yes,Yes,1
703,42,65433,15,12.51,36,18216,1,1335,Mobile,Home,Debit Card,Entertainment,No,Yes,1
704,62,182124,6,417.64,70,14121,3,817,Tablet,Public,Bank Transfer,Electronics,No,Yes,1
705,21,136635,8,182.75,80,7320,1,2458,Mobile,Unknown,Debit Card,Shopping,No,No,1
706,53,70548,3,420.82,93,43300,5,585,Tablet,Work,Debit Card,Travel,No,Yes,1
707,23,4748,21,277.35,100,55543,1,2139,Laptop,Home,Debit Card,Entertainment,No,Yes,1
708,48,130676,10,450.83,38,30899,1,2790,Mobile,Public,Bank Transfer,Food,No,No,1
709,36,33723,1,463.1,62,14502,0,876,Laptop,Home,Debit Card,Grocery,No,Yes,1
710,61,190328,11,4.65,48,43598,3,2598,Mobile,Public,Digital Wallet,Entertainment,No,Yes,1
711,56,35734,11,37.8,10,46011,1,1124,Mobile,Work,Bank Transfer,Travel,No,Yes,0
712,44,175774,3,125.25,36,53743,0,2679,Laptop,Work,Credit Card,Electronics,No,No,1
713,27,114698,17,334.69,29,29250,0,1589,Mobile,Home,Bank Transfer,Shopping,Yes,Yes,1
714,43,49434,20,444.15,78,17810,7,169,Mobile,Work,Debit Card,Electronics,No,Yes,1
715,36,68748,6,230.02,4,55898,2,1393,Tablet,Home,Debit Card,Entertainment,No,Yes,1
716,56,22154,0,303.53,44,75707,2,619,Laptop,Home,Digital Wallet,Grocery,No,Yes,1
717,20,70128,22,94.33,56,44845,6,1779,Laptop,Home,Debit Card,Travel,No,No,1
718,62,22307,12,402.5,42,52343,5,2605,Mobile,Home,Digital Wallet,Shopping,No,Yes,1
719,30,81654,5,483.67,100,10722,3,570,Laptop,Home,Bank Transfer,Travel,No,Yes,1
720,67,152558,5,134.37,13,32009,2,2452,Tablet,Home,Debit Card,Travel,No,No,1
721,45,83376,11,247.46,46,886,5,320,Tablet,Public,Digital Wallet,Grocery,Yes,Yes,1
722,37,190690,7,43.15,82,64834,3,2120,Laptop,Home,Credit Card,Entertainment,No,Yes,1
723,45,52881,23,279.61,33,67670,5,1285,Laptop,Work,Credit Card,Electronics,No,No,1
724,25,183952,21,251.44,21,41378,6,1265,Tablet,Home,Credit Card,Travel,No,No,1
725,58,192612,18,72.3,80,70169,6,37,Laptop,Work,Debit Card,Travel,No,No,1
726,56,175371,4,221.09,79,38849,0,1687,Mobile,Work,Credit Card,Travel,No,No,1
727,18,61135,17,167.12,57,22452,0,512,Laptop,Public,Digital Wallet,Shopping,No,Yes,1
728,20,8310,4,260.96,69,22029,3,2119,Mobile,Unknown,Debit Card,Travel,No,No,1
729,30,44463,9,292.87,70,71803,5,362,Tablet,Work,Bank Transfer,Travel,No,Yes,1
730,45,78379,0,4.35,67,42021,5,1286,Laptop,Unknown,Credit Card,Entertainment,No,No,1
731,66,191520,9,380.53,48,18883,2,1069,Tablet,Home,Debit Card,Travel,No,No,1
732,42,186456,4,356.54,76,5401,2,2146,Laptop,Work,Debit Card,Grocery,No,Yes,1
733,50,153604,11,183.21,100,43389,3,2130,Mobile,Home,Bank Transfer,Grocery,No,Yes,1
734,55,195261,21,26.56,33,15133,4,714,Laptop,Home,Debit Card,Travel,No,Yes,1
735,23,186570,6,377.49,36,62744,2,1023,Tablet,Home,Debit Card,Grocery,No,No,1
736,61,134493,8,477.59,33,19663,1,1827,Mobile,Work,Debit Card,Entertainment,No,No,1
737,62,81448,21,120.15,31,59519,2,1854,Laptop,Work,Digital Wallet,Shopping,No,Yes,0
738,49,168555,20,161.83,21,11207,4,2604,Tablet,Unknown,Credit Card,Grocery,Yes,Yes,1
739,62,113916,11,91.99,27,45601,5,1835,Tablet,Work,Digital Wallet,Grocery,No,No,1
740,64,123153,22,288.51,91,45206,0,1732,Laptop,Home,Debit Card,Electronics,No,Yes,1
741,38,184065,0,77.51,72,77584,7,92,Tablet,Work,Bank Transfer,Entertainment,No,Yes,1
742,33,166992,10,178.16,62,15615,7,290,Mobile,Unknown,Debit Card,Grocery,No,Yes,1
743,38,66362,20,348.54,96,75879,0,887,Laptop,Public,Debit Card,Shopping,Yes,No,1
744,28,134932,14,280.1,26,40479,5,1293,Mobile,Work,Credit Card,Electronics,No,No,1
745,54,153362,1,193.29,66,41141,0,1518,Tablet,Unknown,Digital Wallet,Travel,No,Yes,1
746,53,67511,19,210.18,12,69877,2,1160,Tablet,Unknown,Debit Card,Entertainment,No,Yes,1
747,52,23477,6,281.1,22,6916,6,2060,Tablet,Home,Digital Wallet,Grocery,Yes,Yes,1
748,36,177909,20,3.03,17,11133,0,209,Mobile,Home,Debit Card,Travel,No,No,1
749,37,38311,11,39.35,7,1094,6,384,Tablet,Home,Credit Card,Entertainment,No,Yes,1
750,35,3844,21,440.64,68,14893,4,963,Laptop,Home,Debit Card,Electronics,No,Yes,1
751,64,25095,17,39.03,37,35880,6,2804,Laptop,Work,Credit Card,Grocery,No,Yes,1
752,58,148149,2,353.43,38,45556,4,618,Tablet,Public,Digital Wallet,Shopping,No,No,1
753,66,34642,6,460.03,96,5361,2,1790,Laptop,Home,Digital Wallet,Entertainment,No,Yes,1
754,31,10751,10,135.41,11,36626,5,634,Mobile,Work,Bank Transfer,Shopping,No,Yes,1
755,32,99339,17,185.31,1,34182,1,2258,Mobile,Work,Bank Transfer,Travel,No,No,1
756,48,79031,11,284.5,25,18728,2,203,Tablet,Home,Debit Card,Travel,No,No,1
757,18,102212,5,440.87,42,24509,0,2431,Laptop,Home,Digital Wallet,Electronics,No,Yes,1
758,20,16815,4,470.96,52,594,2,383,Laptop,Work,Credit Card,Electronics,No,Yes,1
759,33,175581,0,369.81,24,52721,7,1368,Tablet,Work,Digital Wallet,Food,No,Yes,1
760,40,155478,11,43.4,53,17930,7,463,Mobile,Public,Debit Card,Food,Yes,Yes,1
761,28,150258,10,334.61,56,36071,4,2982,Tablet,Home,Digital Wallet,Electronics,No,Yes,1
762,29,145548,3,205.21,63,54986,2,2359,Laptop,Public,Digital Wallet,Grocery,No,Yes,1
763,27,61450,17,235.4,81,62794,2,288,Laptop,Home,Digital Wallet,Travel,No,Yes,1
764,49,71525,3,24.67,8,21360,1,897,Tablet,Work,Debit Card,Shopping,Yes,No,1
765,33,167808,16,95.61,59,73312,4,2636,Mobile,Work,Credit Card,Electronics,No,Yes,1
766,25,86220,1,395.28,45,66587,3,2082,Mobile,Home,Debit Card,Grocery,No,Yes,1
767,55,114989,23,227.03,27,8986,3,2033,Tablet,Home,Bank Transfer,Shopping,No,Yes,1
768,29,182821,21,150.9,52,50107,4,625,Laptop,Home,Digital Wallet,Food,No,Yes,1
769,41,165782,1,192.07,18,10245,3,1698,Mobile,Home,Credit Card,Shopping,No,Yes,1
770,45,141230,11,427.21,91,79033,0,423,Tablet,Work,Debit Card,Electronics,Yes,No,1
771,25,74737,5,374.52,86,18830,3,365,Laptop,Home,Credit Card,Travel,No,Yes,1
772,45,70294,9,136.23,16,40578,7,2140,Mobile,Work,Digital Wallet,Electronics,Yes,Yes,1
773,53,77017,22,58.84,66,55832,0,73,Mobile,Home,Credit Card,Entertainment,Yes,Yes,1
774,43,64300,20,126.07,5,55032,4,2230,Tablet,Unknown,Bank Transfer,Grocery,No,Yes,1
775,25,105948,22,460.39,82,43836,3,883,Laptop,Unknown,Credit Card,Grocery,No,Yes,1
776,67,106122,15,290.84,3,8570,3,304,Mobile,Unknown,Debit Card,Grocery,No,Yes,1
777,45,177791,13,266.79,91,1820,5,455,Tablet,Work,Digital Wallet,Entertainment,No,No,1
778,45,148326,6,298.24,81,39421,6,512,Mobile,Home,Credit Card,Entertainment,Yes,No,1
779,54,150711,18,183.08,80,7089,0,243,Laptop,Unknown,Credit Card,Travel,No,Yes,1
780,58,60158,22,403.57,70,64909,0,2156,Mobile,Home,Credit Card,Grocery,No,Yes,1
781,53,62168,16,261.69,7,16089,2,168,Laptop,Home,Debit Card,Electronics,No,Yes,1
782,44,100032,8,58.46,50,36875,1,979,Mobile,Home,Bank Transfer,Entertainment,No,No,1
783,34,161545,12,64.62,14,43585,7,127,Mobile,Work,Debit Card,Electronics,No,Yes,1
784,26,164326,21,268.48,38,61340,3,693,Tablet,Work,Bank Transfer,Food,No,Yes,1
785,50,137203,4,468.29,79,43700,5,2275,Mobile,Work,Credit Card,Grocery,No,Yes,1
786,37,22885,22,154.25,47,27232,1,2862,Laptop,Home,Digital Wallet,Entertainment,Yes,Yes,1
787,30,159841,4,434.78,33,22926,6,2233,Tablet,Home,Digital Wallet,Entertainment,No,Yes,1
788,45,94575,9,382.07,43,31482,6,1103,Laptop,Public,Digital Wallet,Travel,No,Yes,1
789,65,2382,20,123.98,91,60220,7,508,Laptop,Work,Digital Wallet,Electronics,Yes,Yes,1
790,46,165796,9,18.27,29,17246,5,2305,Tablet,Home,Debit Card,Travel,No,Yes,1
791,30,179610,6,51.01,57,29014,1,2599,Laptop,Work,Debit Card,Travel,No,Yes,1
792,63,67634,14,364.27,5,65389,7,2226,Mobile,Home,Bank Transfer,Electronics,No,Yes,1
793,52,162877,6,99.91,93,4351,7,1111,Tablet,Home,Credit Card,Food,Yes,Yes,1
794,23,169416,14,185.7,96,20296,7,191,Mobile,Home,Debit Card,Electronics,No,Yes,1
795,35,75064,2,250.9,60,76534,7,2940,Mobile,Home,Credit Card,Food,No,Yes,1
796,68,168609,18,362.76,70,63298,3,1530,Laptop,Home,Debit Card,Travel,Yes,Yes,1
797,22,119106,9,56.7,2,63485,6,1480,Laptop,Public,Debit Card,Food,Yes,Yes,0
798,64,50683,14,203.24,70,35092,7,424,Mobile,Work,Credit Card,Grocery,No,Yes,1
799,42,38492,2,242.59,43,45345,5,830,Tablet,Work,Credit Card,Food,No,Yes,1
800,19,7561,5,270.46,4,16430,0,215,Mobile,Work,Bank Transfer,Food,No,Yes,1
801,27,100223,11,409.2,56,21659,2,587,Mobile,Public,Credit Card,Entertainment,No,Yes,1
802,47,10616,14,85.92,93,24503,5,2010,Laptop,Home,Digital Wallet,Entertainment,No,No,1
803,67,148686,5,403.93,59,35639,4,475,Laptop,Unknown,Credit Card,Travel,No,Yes,1
804,62,121351,12,346.47,89,52952,6,859,Mobile,Work,Bank Transfer,Electronics,No,No,1
805,22,167440,18,277.98,9,22705,7,2164,Mobile,Home,Debit Card,Food,Yes,No,1
806,50,167960,2,349.79,3,57455,6,1302,Laptop,Home,Credit Card,Grocery,No,Yes,1
807,18,192221,7,206.07,90,7964,7,1843,Mobile,Work,Debit Card,Entertainment,No,No,1
808,35,62593,7,69.28,48,73157,3,2515,Laptop,Work,Debit Card,Electronics,Yes,Yes,1
809,49,36127,22,332.92,43,10340,3,545,Mobile,Home,Digital Wallet,Grocery,No,Yes,1
810,64,93647,19,262.38,91,41268,4,1630,Tablet,Work,Bank Transfer,Food,No,Yes,1
811,66,174021,14,319.72,100,9961,6,976,Tablet,Work,Credit Card,Electronics,No,Yes,1
812,28,100227,3,169.07,96,21427,7,1255,Mobile,Home,Credit Card,Grocery,No,Yes,1
813,38,149030,18,453.44,1,15829,1,1628,Laptop,Public,Debit Card,Shopping,No,Yes,1
814,43,79103,20,293.73,57,16291,2,1708,Mobile,Public,Credit Card,Grocery,No,Yes,1
815,42,183567,2,42.79,53,53127,1,785,Mobile,Work,Debit Card,Grocery,No,Yes,1
816,39,39858,12,224.96,16,14872,4,2874,Laptop,Public,Digital Wallet,Food,No,Yes,1
817,44,54412,7,378.2,51,48969,4,2763,Mobile,Home,Debit Card,Electronics,Yes,Yes,1
818,66,68770,22,397.09,75,34870,2,354,Laptop,Home,Bank Transfer,Food,No,No,1
819,30,82379,15,247.35,90,51908,4,2700,Mobile,Home,Bank Transfer,Food,No,Yes,1
820,50,15534,12,447.38,55,24203,4,716,Laptop,Work,Digital Wallet,Shopping,No,Yes,1
821,51,195219,2,133.91,1,15734,6,1528,Mobile,Work,Credit Card,Grocery,No,Yes,1
822,58,178947,15,205.36,90,8032,5,1718,Tablet,Work,Digital Wallet,Electronics,No,No,1
823,52,75869,8,449.31,28,35916,7,2029,Laptop,Home,Digital Wallet,Travel,Yes,Yes,1
824,18,66777,13,448.14,53,72939,6,2477,Tablet,Home,Credit Card,Entertainment,No,No,1
825,38,83655,12,342.89,58,18742,2,897,Laptop,Public,Debit Card,Food,No,Yes,1
826,65,128479,20,429.5,73,50754,3,246,Laptop,Public,Digital Wallet,Food,No,Yes,1
827,23,176906,6,44.48,60,79824,1,2886,Laptop,Work,Digital Wallet,Food,Yes,No,1
828,45,101765,14,432.51,59,35749,3,1030,Laptop,Work,Credit Card,Food,No,No,1
829,34,171775,6,160.38,22,32794,3,2018,Mobile,Work,Debit Card,Entertainment,No,Yes,1
830,22,68903,5,89.25,8,60284,5,961,Mobile,Home,Debit Card,Travel,No,Yes,1
831,48,170504,1,119.76,49,4184,1,2042,Laptop,Home,Debit Card,Shopping,No,Yes,1
832,22,91803,8,209.04,42,24295,3,269,Mobile,Work,Debit Card,Travel,No,Yes,1
833,55,21412,21,125.67,27,60801,7,1239,Laptop,Work,Credit Card,Entertainment,No,Yes,1
834,20,175351,23,160.35,39,69687,2,77,Laptop,Home,Bank Transfer,Electronics,No,Yes,1
835,40,118061,16,67.58,83,10931,1,1278,Tablet,Public,Digital Wallet,Shopping,No,Yes,1
836,54,40479,4,148.16,25,76167,0,1197,Laptop,Unknown,Digital Wallet,Shopping,No,Yes,1
837,54,17397,11,286.18,38,55872,5,904,Laptop,Home,Credit Card,Electronics,Yes,Yes,1
838,27,2111,0,220.98,85,70866,7,1927,Mobile,Work,Digital Wallet,Grocery,No,No,1
839,27,120334,9,173.42,24,73370,3,2209,Laptop,Public,Credit Card,Food,No,Yes,1
840,36,44114,10,373.25,24,47887,7,654,Laptop,Home,Debit Card,Entertainment,Yes,Yes,1
841,34,142910,15,446.77,60,53427,7,1889,Tablet,Work,Digital Wallet,Electronics,No,Yes,1
842,38,94433,13,378.42,83,9804,4,2000,Mobile,Work,Debit Card,Travel,No,No,1
843,31,178670,7,166.07,50,17532,1,630,Mobile,Home,Credit Card,Travel,No,No,1
844,26,11220,23,372.25,66,59986,0,2750,Tablet,Unknown,Credit Card,Grocery,No,No,1
845,63,139939,16,76.07,14,66052,4,2411,Laptop,Home,Debit Card,Electronics,No,Yes,1
846,18,22952,17,65.25,53,74344,7,1973,Tablet,Home,Digital Wallet,Entertainment,No,No,0
847,68,79339,11,172.88,32,30154,0,1846,Mobile,Home,Digital Wallet,Grocery,No,No,1
848,62,132101,16,403.87,96,39744,7,2113,Tablet,Home,Digital Wallet,Grocery,No,Yes,1
849,30,91675,13,123.25,92,6442,3,2855,Mobile,Home,Digital Wallet,Grocery,No,Yes,1
850,21,95140,15,31.72,48,51197,7,1678,Tablet,Work,Bank Transfer,Shopping,No,Yes,1
851,18,148610,13,65.94,39,3193,4,1857,Laptop,Home,Digital Wallet,Shopping,Yes,Yes,1
852,66,179687,8,429.39,40,57251,3,252,Laptop,Work,Credit Card,Food,No,No,1
853,57,5844,3,316.93,42,6759,4,1776,Mobile,Work,Digital Wallet,Entertainment,No,Yes,1
854,49,173589,22,126.68,77,5442,1,559,Tablet,Home,Debit Card,Travel,Yes,Yes,1
855,51,138241,10,277.69,76,47919,7,2318,Mobile,Work,Digital Wallet,Travel,No,Yes,1
856,45,42459,5,263.84,8,56605,6,163,Laptop,Work,Credit Card,Food,No,Yes,1
857,48,150971,14,327.75,79,66407,2,420,Mobile,Work,Bank Transfer,Travel,Yes,No,1
858,25,98846,4,116.67,26,27883,6,131,Laptop,Home,Bank Transfer,Grocery,No,Yes,1
859,56,121006,10,432.22,12,23904,2,2070,Mobile,Work,Digital Wallet,Food,Yes,Yes,1
860,43,7697,17,154.75,43,73156,6,2758,Tablet,Public,Digital Wallet,Food,Yes,No,1
861,51,47193,12,347.1,51,6202,0,2575,Laptop,Home,Debit Card,Electronics,Yes,No,1
862,20,168398,10,8.16,91,74383,5,2588,Mobile,Home,Debit Card,Shopping,No,Yes,1
863,67,114750,13,186.39,82,56832,4,2780,Laptop,Work,Debit Card,Entertainment,No,Yes,1
864,29,157589,17,175.92,100,39919,3,2030,Tablet,Home,Credit Card,Entertainment,No,Yes,1
865,18,149865,18,271.79,63,74344,5,978,Laptop,Work,Credit Card,Shopping,No,No,1
866,61,121056,23,36.46,49,39742,1,1598,Tablet,Home,Credit Card,Grocery,No,No,1
867,22,115698,14,395.09,27,34642,1,870,Laptop,Home,Debit Card,Entertainment,Yes,Yes,1
868,47,184333,8,108.97,9,7893,1,2083,Tablet,Work,Digital Wallet,Travel,No,Yes,1
869,47,133341,7,338.55,39,70439,2,223,Laptop,Home,Digital Wallet,Travel,Yes,Yes,1
870,34,153224,19,401.63,65,69582,3,771,Tablet,Home,Credit Card,Entertainment,Yes,Yes,1
871,65,8136,0,280.98,71,29393,1,2989,Mobile,Home,Credit Card,Electronics,No,Yes,1
872,64,31878,3,370.47,90,9888,1,502,Mobile,Home,Credit Card,Entertainment,No,Yes,1
873,40,158906,13,330.96,71,63469,6,2293,Laptop,Unknown,Credit Card,Food,No,Yes,1
874,32,154345,1,177.83,7,37160,0,2953,Tablet,Public,Credit Card,Grocery,No,Yes,1
875,54,161575,15,404.45,72,25226,4,67,Mobile,Home,Debit Card,Food,No,Yes,1
876,38,197493,2,147.42,80,63496,4,1728,Laptop,Work,Debit Card,Shopping,No,No,1
877,31,137516,7,285.65,67,611,7,500,Mobile,Home,Debit Card,Grocery,No,Yes,1
878,19,18900,5,372.72,10,18045,4,2529,Tablet,Work,Debit Card,Grocery,No,Yes,1
879,28,25472,15,189.54,71,40668,5,1543,Laptop,Home,Debit Card,Travel,No,Yes,1
880,68,61616,23,151.45,85,2879,6,1042,Tablet,Home,Bank Transfer,Grocery,No,Yes,1
881,56,20638,15,229.73,53,41620,6,1813,Tablet,Work,Digital Wallet,Electronics,Yes,Yes,1
882,55,64018,6,409.0,95,18309,0,1996,Tablet,Home,Debit Card,Entertainment,No,Yes,1
883,51,146145,12,464.97,87,53313,2,132,Mobile,Home,Credit Card,Food,No,No,1
884,55,71255,12,272.59,57,74505,5,1764,Laptop,Unknown,Credit Card,Travel,No,Yes,1
885,67,59600,4,330.77,91,28467,0,1765,Tablet,Work,Credit Card,Travel,No,Yes,1
886,51,167747,19,451.65,86,10248,1,71,Mobile,Work,Debit Card,Electronics,Yes,Yes,1
887,35,173433,21,49.36,27,23924,3,2143,Tablet,Work,Credit Card,Electronics,No,No,1
888,47,110759,17,116.12,54,24414,5,222,Mobile,Work,Debit Card,Electronics,Yes,Yes,1
889,32,27816,14,354.48,4,78978,5,1091,Laptop,Home,Credit Card,Electronics,No,Yes,1
890,44,134408,17,411.89,88,19991,1,2579,Laptop,Home,Bank Transfer,Food,No,No,1
891,68,147020,1,428.53,23,49954,1,1706,Laptop,Work,Credit Card,Electronics,No,Yes,1
892,51,2452,9,207.61,48,70569,3,2741,Laptop,Work,Debit Card,Travel,Yes,Yes,1
893,69,133104,22,44.76,83,52425,4,2429,Tablet,Work,Credit Card,Travel,Yes,Yes,1
894,55,76549,12,218.95,42,37549,5,355,Mobile,Work,Credit Card,Grocery,No,Yes,1
895,50,8656,17,115.44,3,28321,0,1150,Laptop,Home,Digital Wallet,Entertainment,No,Yes,1
896,41,86936,14,145.67,91,30445,2,137,Tablet,Home,Bank Transfer,Travel,No,Yes,1
897,32,136670,11,386.16,3,17884,1,2708,Laptop,Home,Credit Card,Travel,Yes,No,1
898,47,50198,14,37.86,28,28910,1,2228,Laptop,Work,Bank Transfer,Food,No,No,1
899,59,195558,12,413.81,63,78234,2,1127,Laptop,Work,Bank Transfer,Grocery,Yes,No,1
900,68,112269,17,213.89,81,64266,0,2955,Mobile,Public,Debit Card,Travel,No,Yes,1
901,34,140741,14,298.07,31,7669,7,364,Mobile,Work,Debit Card,Shopping,No,Yes,1
902,22,126160,22,44.92,10,40629,1,1972,Mobile,Public,Digital Wallet,Travel,No,No,1
903,46,188054,10,168.75,49,4330,2,2069,Laptop,Work,Credit Card,Entertainment,No,Yes,1
904,21,130644,18,44.94,86,56806,6,833,Tablet,Public,Debit Card,Entertainment,No,No,1
905,27,440,2,480.78,94,65767,1,1878,Tablet,Work,Debit Card,Grocery,No,Yes,1
906,34,175121,6,403.65,21,28257,4,796,Tablet,Public,Digital Wallet,Grocery,No,No,1
907,27,82402,20,229.87,100,64367,4,1307,Laptop,Home,Digital Wallet,Electronics,No,No,1
908,34,193615,13,111.88,53,36150,1,1438,Mobile,Home,Digital Wallet,Food,No,Yes,1
909,37,238,13,466.73,87,34266,6,2336,Tablet,Work,Digital Wallet,Entertainment,No,Yes,1
910,41,131530,21,172.36,76,32919,1,2859,Laptop,Public,Digital Wallet,Shopping,Yes,Yes,1
911,22,119719,12,80.58,89,17168,7,1518,Laptop,Home,Bank Transfer,Shopping,Yes,Yes,1
912,51,85476,11,281.63,54,16746,7,63,Tablet,Home,Digital Wallet,Electronics,No,Yes,1
913,23,100031,23,471.89,57,25496,4,2403,Tablet,Work,Digital Wallet,Food,No,Yes,1
914,19,161826,8,2.01,20,51812,7,866,Laptop,Work,Credit Card,Food,No,Yes,1
915,30,157051,0,119.14,49,3565,6,2768,Tablet,Home,Bank Transfer,Grocery,No,Yes,1
916,60,81632,18,469.23,7,10967,7,2054,Laptop,Work,Bank Transfer,Travel,No,Yes,1
917,60,55878,10,85.63,29,51146,1,1669,Tablet,Public,Digital Wallet,Shopping,No,Yes,0
918,65,37872,22,56.71,48,21507,6,768,Mobile,Public,Digital Wallet,Shopping,No,Yes,1
919,28,58578,21,285.14,93,68579,0,1519,Laptop,Home,Digital Wallet,Shopping,No,Yes,1
920,68,195525,22,430.94,13,29202,0,2821,Mobile,Home,Digital Wallet,Shopping,No,No,1
921,64,26862,23,238.61,3,76069,3,1357,Tablet,Home,Debit Card,Entertainment,Yes,Yes,1
922,40,144455,21,497.28,2,54452,0,1915,Laptop,Home,Credit Card,Food,No,Yes,1
923,33,195094,18,339.62,16,58565,5,2924,Tablet,Home,Credit Card,Travel,No,No,1
924,48,170592,17,37.13,94,34669,6,146,Laptop,Unknown,Debit Card,Entertainment,No,Yes,1
925,28,55668,11,496.42,6,17329,5,1534,Tablet,Home,Debit Card,Food,No,Yes,1
926,33,85190,22,204.01,45,60635,5,2727,Mobile,Public,Debit Card,Electronics,No,Yes,1
927,25,20319,0,143.77,71,5022,1,2480,Mobile,Public,Debit Card,Shopping,No,Yes,1
928,21,57269,18,278.98,5,35819,1,2063,Tablet,Home,Digital Wallet,Travel,Yes,Yes,1
929,57,75065,19,152.22,56,27043,2,1729,Mobile,Public,Debit Card,Food,No,No,1
930,21,178012,16,43.32,71,30973,6,1953,Mobile,Work,Digital Wallet,Electronics,No,Yes,1
931,42,175867,4,0.81,98,8199,5,1640,Tablet,Work,Digital Wallet,Shopping,No,No,1
932,20,84854,2,224.85,32,68665,5,2310,Laptop,Home,Debit Card,Electronics,No,Yes,1
933,49,78088,1,418.45,49,40955,0,1337,Tablet,Work,Debit Card,Electronics,No,No,1
934,20,189514,2,286.2,13,76192,4,2557,Laptop,Home,Digital Wallet,Entertainment,No,Yes,1
935,44,150123,7,499.6,30,17941,6,1005,Mobile,Work,Bank Transfer,Electronics,Yes,Yes,1
936,46,132479,15,143.49,25,31216,4,2086,Mobile,Home,Debit Card,Entertainment,No,Yes,1
937,49,80488,5,140.3,85,62675,6,744,Mobile,Work,Credit Card,Grocery,No,No,1
938,67,90868,12,79.96,60,7334,6,1955,Mobile,Home,Credit Card,Entertainment,No,Yes,1
939,68,35528,22,82.12,59,18679,3,2456,Mobile,Home,Credit Card,Electronics,No,Yes,1
940,36,92121,21,142.66,85,26719,2,2458,Laptop,Work,Credit Card,Food,No,Yes,1
941,38,118518,21,396.44,28,16282,4,873,Laptop,Work,Credit Card,Electronics,No,No,1
942,22,170147,15,452.89,58,75467,3,389,Laptop,Home,Bank Transfer,Electronics,Yes,Yes,1
943,35,132312,15,487.55,20,9996,0,2253,Tablet,Home,Digital Wallet,Food,No,Yes,1
944,45,156014,2,116.22,34,39738,2,514,Mobile,Public,Bank Transfer,Shopping,No,Yes,1
945,59,26521,12,440.66,5,46525,2,1458,Mobile,Work,Digital Wallet,Travel,No,Yes,1
946,39,1808,13,164.19,82,60386,5,2110,Mobile,Home,Digital Wallet,Grocery,No,No,1
947,38,134802,7,56.51,60,24063,6,1518,Tablet,Work,Bank Transfer,Shopping,No,Yes,1
948,23,150767,11,435.03,43,4212,7,725,Tablet,Work,Debit Card,Electronics,No,Yes,1
949,18,76121,22,318.09,57,45989,6,2234,Tablet,Home,Debit Card,Shopping,No,Yes,1
950,22,159480,22,82.45,57,33164,1,594,Mobile,Work,Digital Wallet,Travel,No,Yes,1
951,58,44889,21,214.97,75,12920,6,1861,Laptop,Unknown,Digital Wallet,Shopping,Yes,Yes,1
952,29,186862,20,143.7,54,55110,6,231,Tablet,Work,Debit Card,Travel,No,Yes,1
953,43,26186,7,368.42,81,5815,6,1228,Tablet,Home,Credit Card,Shopping,No,No,1
954,63,16959,20,226.76,45,71417,5,1297,Laptop,Public,Digital Wallet,Entertainment,No,Yes,1
955,51,7784,8,494.64,86,75533,0,3000,Tablet,Home,Credit Card,Electronics,No,Yes,1
956,66,91188,0,27.47,37,79530,6,1499,Laptop,Public,Credit Card,Travel,No,No,1
957,31,132379,5,177.57,84,64410,7,103,Mobile,Home,Digital Wallet,Grocery,No,Yes,1
958,43,46199,22,241.0,48,61472,5,125,Laptop,Work,Debit Card,Electronics,No,Yes,1
959,62,198668,18,251.62,54,56419,7,1926,Laptop,Work,Bank Transfer,Entertainment,Yes,Yes,1
960,44,66193,22,158.04,48,4632,2,202,Mobile,Home,Digital Wallet,Shopping,No,Yes,1
961,26,160861,10,364.65,6,42098,5,1952,Tablet,Unknown,Debit Card,Electronics,No,Yes,1
962,43,48751,10,437.39,34,21051,6,2232,Mobile,Work,Debit Card,Shopping,No,Yes,1
963,64,13993,22,469.37,63,68706,3,2366,Tablet,Home,Credit Card,Shopping,No,Yes,1
964,39,66518,12,402.57,78,75400,5,287,Tablet,Work,Debit Card,Electronics,No,Yes,1
965,64,125174,10,425.31,48,26796,4,2251,Laptop,Work,Digital Wallet,Travel,No,Yes,1
966,47,103165,17,275.32,23,18566,0,359,Mobile,Home,Debit Card,Travel,No,Yes,1
967,60,130451,22,412.96,84,29392,0,1284,Laptop,Public,Credit Card,Electronics,No,Yes,1
968,65,191183,14,151.82,13,76077,2,2836,Mobile,Public,Credit Card,Travel,No,Yes,1
969,34,38735,0,199.3,47,75090,5,190,Mobile,Home,Debit Card,Food,No,No,1
970,43,187287,20,158.52,44,77673,7,215,Laptop,Work,Debit Card,Shopping,Yes,Yes,1
971,53,95171,6,233.75,32,76793,7,172,Tablet,Home,Bank Transfer,Electronics,No,Yes,1
972,18,78618,22,142.86,26,65271,2,2984,Tablet,Unknown,Debit Card,Grocery,Yes,No,1
973,25,106333,12,480.81,53,27984,2,669,Mobile,Public,Credit Card,Entertainment,No,Yes,1
974,66,103751,11,156.49,14,78365,3,2104,Tablet,Home,Debit Card,Electronics,No,No,1
975,52,72905,17,49.11,52,27615,1,231,Laptop,Unknown,Digital Wallet,Electronics,No,Yes,1
976,69,190126,23,263.46,36,26538,2,1644,Laptop,Work,Credit Card,Shopping,No,No,1
977,32,159236,18,28.64,8,37122,1,2747,Laptop,Home,Bank Transfer,Entertainment,No,Yes,1
978,64,122913,14,55.36,40,36386,7,501,Mobile,Public,Debit Card,Shopping,Yes,No,1
979,39,79163,7,109.77,86,51784,1,2336,Mobile,Work,Bank Transfer,Grocery,No,No,1
980,31,2554,18,232.23,22,10401,0,2132,Tablet,Work,Credit Card,Travel,No,Yes,1
981,43,20978,9,216.68,16,56877,7,940,Laptop,Work,Digital Wallet,Electronics,Yes,Yes,1
982,45,182270,6,399.87,91,50362,4,1601,Laptop,Home,Bank Transfer,Shopping,No,Yes,1
983,40,193326,17,369.76,60,33306,7,1059,Mobile,Home,Digital Wallet,Grocery,No,Yes,1
984,31,144163,15,213.22,60,18159,4,2631,Mobile,Public,Credit Card,Grocery,No,No,1
985,41,68444,19,166.92,10,23953,5,1103,Mobile,Work,Bank Transfer,Food,No,Yes,1
986,19,105046,5,158.3,25,30998,3,2189,Laptop,Unknown,Digital Wallet,Electronics,Yes,No,1
987,62,36693,8,387.02,31,70893,3,2223,Laptop,Home,Debit Card,Grocery,No,Yes,0
988,43,36404,20,26.13,21,16812,4,259,Tablet,Work,Debit Card,Travel,Yes,Yes,1
989,31,161558,12,6.51,91,1936,5,1776,Laptop,Public,Bank Transfer,Shopping,No,Yes,1
990,68,186392,20,397.79,81,28069,7,2574,Tablet,Home,Credit Card,Shopping,No,Yes,1
991,24,113713,7,238.63,33,59313,6,1359,Tablet,Home,Bank Transfer,Food,No,Yes,1
992,20,152255,15,65.53,31,73729,4,490,Laptop,Work,Credit Card,Travel,No,Yes,1
993,64,18454,12,117.86,90,46486,7,836,Tablet,Home,Credit Card,Grocery,No,Yes,1
994,40,22290,12,466.26,21,53677,5,1961,Tablet,Home,Bank Transfer,Food,No,No,1
995,63,6242,16,429.77,36,9805,5,2303,Mobile,Public,Credit Card,Grocery,No,Yes,1
996,60,159570,22,354.92,65,33146,5,88,Laptop,Public,Digital Wallet,Grocery,No,No,1
997,64,183143,19,241.16,4,76626,5,1129,Tablet,Work,Digital Wallet,Electronics,No,Yes,1
998,62,41962,4,260.21,68,40930,0,2505,Tablet,Unknown,Bank Transfer,Entertainment,No,Yes,1
999,35,184582,21,487.62,90,69159,7,757,Tablet,Public,Digital Wallet,Grocery,No,Yes,1
1000,55,150675,20,482.89,4,4658,0,1185,Laptop,Work,Digital Wallet,Shopping,No,Yes,1
1001,52,125538,16,107.71,9,74736,4,527,Mobile,Home,Credit Card,Grocery,Yes,Yes,1
1002,68,48556,8,405.57,30,76567,5,2893,Mobile,Home,Digital Wallet,Food,No,Yes,1
1003,32,100267,1,98.7,45,28238,2,939,Laptop,Home,Credit Card,Grocery,No,Yes,1
1004,42,82135,17,106.85,4,10379,5,1358,Laptop,Home,Debit Card,Shopping,No,Yes,1
1005,54,8116,8,338.08,69,6043,2,2144,Laptop,Home,Debit Card,Shopping,No,Yes,1
1006,45,2484,5,202.56,23,48424,0,259,Laptop,Home,Bank Transfer,Food,No,Yes,1
1007,27,193492,10,465.78,16,42848,5,362,Mobile,Home,Credit Card,Shopping,Yes,Yes,1
1008,56,146244,5,44.6,22,37179,1,2354,Tablet,Home,Credit Card,Travel,No,Yes,1
1009,34,102339,5,255.81,72,79618,4,1926,Tablet,Work,Bank Transfer,Travel,No,Yes,0
1010,56,111531,12,459.27,48,44388,5,1637,Laptop,Home,Debit Card,Entertainment,No,Yes,1
1011,39,80118,10,452.07,62,30776,3,750,Laptop,Unknown,Digital Wallet,Travel,No,Yes,1
1012,43,40610,13,78.35,97,5299,2,2221,Tablet,Home,Bank Transfer,Food,Yes,Yes,1
1013,61,180105,1,183.38,60,61058,6,1304,Mobile,Unknown,Credit Card,Grocery,No,Yes,1
1014,42,21926,7,309.6,80,37034,6,720,Laptop,Public,Credit Card,Travel,No,Yes,1
1015,34,68126,2,79.78,5,32168,5,86,Laptop,Work,Bank Transfer,Entertainment,No,Yes,1
1016,30,121768,22,484.01,80,4611,7,2385,Mobile,Work,Debit Card,Electronics,No,Yes,1
1017,37,156690,20,457.38,7,25186,1,2251,Mobile,Public,Credit Card,Electronics,No,Yes,1
1018,42,24145,2,83.56,51,73051,2,1515,Mobile,Home,Debit Card,Food,No,Yes,1
1019,21,182048,0,60.67,65,72892,1,779,Laptop,Public,Debit Card,Entertainment,No,Yes,0
1020,27,90202,23,42.8,9,16990,6,707,Mobile,Unknown,Credit Card,Travel,No,No,1
1021,20,52019,18,454.73,82,35694,4,589,Laptop,Work,Debit Card,Entertainment,No,No,1
1022,58,99541,17,96.89,45,14997,6,1692,Laptop,Home,Digital Wallet,Shopping,No,Yes,1
1023,62,158275,16,208.2,47,54016,4,1734,Mobile,Work,Debit Card,Entertainment,No,No,1
1024,35,167360,19,224.48,67,44604,4,2008,Tablet,Work,Digital Wallet,Travel,No,Yes,1
1025,64,137017,23,299.55,24,5816,0,378,Mobile,Work,Credit Card,Food,No,Yes,1
1026,53,167846,12,35.96,92,38630,6,1120,Tablet,Work,Debit Card,Shopping,No,Yes,1
1027,64,118425,2,113.46,10,70729,7,2407,Mobile,Home,Bank Transfer,Entertainment,No,Yes,1
1028,39,19437,0,465.75,73,30454,6,2271,Mobile,Home,Bank Transfer,Electronics,Yes,No,1
1029,51,153485,3,454.21,77,22152,1,1208,Laptop,Home,Bank Transfer,Travel,No,No,1
1030,64,158115,12,390.67,48,14678,5,1749,Laptop,Home,Bank Transfer,Food,Yes,Yes,1
1031,25,78049,16,9.8,35,51663,3,2343,Laptop,Home,Bank Transfer,Grocery,No,Yes,0
1032,57,376,10,163.57,54,15251,3,2245,Laptop,Home,Credit Card,Travel,No,Yes,1
1033,66,51251,1,314.02,87,66461,7,2222,Laptop,Home,Bank Transfer,Entertainment,No,No,1
1034,61,148783,15,137.67,81,3544,4,2263,Laptop,Work,Bank Transfer,Food,Yes,Yes,1
1035,36,143116,1,454.8,71,63665,7,915,Laptop,Home,Digital Wallet,Electronics,No,Yes,1
1036,59,52987,18,316.98,16,11980,3,894,Tablet,Public,Bank Transfer,Shopping,No,Yes,1
1037,58,81542,22,36.05,53,65939,7,2851,Tablet,Unknown,Bank Transfer,Entertainment,Yes,No,1
1038,54,49947,18,454.51,40,44374,2,815,Laptop,Work,Debit Card,Food,No,No,1
1039,23,58753,15,478.89,100,67275,1,486,Tablet,Home,Digital Wallet,Shopping,No,Yes,0
1040,69,56722,21,38.95,20,7066,1,374,Mobile,Work,Digital Wallet,Food,No,Yes,1
1041,43,27910,18,266.23,88,53649,7,2812,Tablet,Work,Digital Wallet,Grocery,No,No,1
1042,51,77942,8,151.75,69,3506,1,583,Laptop,Public,Bank Transfer,Entertainment,No,No,1
1043,62,122325,0,196.48,45,73061,2,1050,Tablet,Work,Credit Card,Food,No,Yes,1
1044,23,10603,9,89.91,6,19923,5,817,Mobile,Work,Bank Transfer,Electronics,Yes,Yes,1
1045,54,84861,18,289.08,92,34452,0,1849,Tablet,Public,Bank Transfer,Food,No,No,1
1046,50,168148,0,478.99,69,27826,2,734,Laptop,Home,Digital Wallet,Entertainment,No,No,1
1047,39,126539,1,251.59,49,31639,1,1157,Mobile,Home,Credit Card,Food,No,No,1
1048,38,11690,15,41.55,39,62603,1,2324,Mobile,Work,Bank Transfer,Shopping,Yes,Yes,0
1049,23,142058,11,310.04,2,61357,6,841,Tablet,Home,Credit Card,Shopping,No,Yes,1
1050,23,144038,7,170.18,39,74138,1,982,Mobile,Home,Digital Wallet,Grocery,No,Yes,1
1051,65,66724,22,427.98,21,73152,5,844,Mobile,Work,Credit Card,Travel,No,No,1
1052,21,163964,17,217.4,40,13437,3,1578,Mobile,Home,Bank Transfer,Grocery,No,Yes,1
1053,47,140936,1,96.5,82,30661,0,173,Laptop,Work,Credit Card,Travel,No,Yes,1
1054,28,120456,12,95.63,54,4883,2,2807,Mobile,Public,Credit Card,Electronics,No,Yes,1
1055,47,42827,5,384.41,12,70543,7,892,Tablet,Home,Bank Transfer,Shopping,No,No,1
1056,48,78571,20,132.87,81,15235,1,1246,Tablet,Home,Credit Card,Travel,No,Yes,1
1057,41,8168,5,383.64,37,60419,6,2542,Mobile,Home,Bank Transfer,Food,No,Yes,1
1058,26,117023,8,103.02,38,68061,6,1837,Tablet,Home,Digital Wallet,Electronics,No,Yes,1
1059,20,138467,15,160.91,15,38122,4,404,Mobile,Home,Digital Wallet,Entertainment,No,Yes,1
1060,68,172332,10,232.8,7,38635,0,706,Tablet,Home,Credit Card,Travel,No,Yes,1
1061,48,11490,6,471.6,78,36158,6,2769,Mobile,Home,Digital Wallet,Grocery,Yes,No,1
1062,57,106852,9,465.87,50,30196,4,2706,Mobile,Home,Debit Card,Travel,No,Yes,1
1063,54,151303,9,103.52,65,4273,0,1319,Mobile,Work,Digital Wallet,Grocery,No,Yes,1
1064,53,94854,19,179.17,67,25456,1,585,Laptop,Public,Digital Wallet,Grocery,No,Yes,1
1065,41,76069,17,74.78,44,16319,0,892,Tablet,Unknown,Credit Card,Shopping,No,No,1
1066,48,146210,23,255.04,31,2028,0,2151,Mobile,Work,Debit Card,Electronics,No,No,1
1067,23,183499,19,230.35,43,45088,7,2515,Laptop,Home,Debit Card,Grocery,No,Yes,1
1068,19,77164,8,450.39,77,71085,1,910,Laptop,Work,Digital Wallet,Shopping,No,No,1
1069,37,21381,14,465.01,48,21011,5,2303,Mobile,Home,Debit Card,Shopping,No,Yes,1
1070,45,54289,3,191.85,82,10619,6,1872,Mobile,Home,Bank Transfer,Grocery,No,Yes,1
1071,28,48611,7,245.92,81,76393,4,2385,Mobile,Unknown,Bank Transfer,Electronics,No,No,1
1072,21,122215,8,448.13,81,16667,7,995,Mobile,Home,Digital Wallet,Food,No,Yes,1
1073,32,8705,12,403.37,61,57003,7,2425,Mobile,Home,Digital Wallet,Travel,No,Yes,1
1074,23,100418,8,1.93,75,35389,5,505,Tablet,Public,Debit Card,Shopping,No,No,1
1075,66,132553,3,160.1,84,46178,4,1368,Mobile,Public,Bank Transfer,Travel,No,Yes,1
1076,47,197806,16,210.94,10,60762,3,554,Mobile,Home,Digital Wallet,Electronics,No,Yes,1
1077,55,19910,15,114.94,29,5181,6,1478,Tablet,Home,Digital Wallet,Food,No,Yes,1
1078,68,155494,14,99.87,48,66508,4,2601,Laptop,Work,Credit Card,Entertainment,No,Yes,1
1079,19,41969,2,18.99,98,14190,4,591,Tablet,Work,Debit Card,Food,Yes,No,1
1080,32,33055,19,321.72,81,26412,0,598,Laptop,Home,Debit Card,Electronics,No,Yes,1
1081,28,61488,4,131.33,62,6973,3,1235,Laptop,Work,Debit Card,Food,No,Yes,1
1082,25,10307,22,26.27,13,41798,1,135,Tablet,Public,Credit Card,Entertainment,No,No,1
1083,43,198800,4,115.57,44,19169,1,2268,Mobile,Home,Debit Card,Shopping,No,Yes,1
1084,68,159392,19,400.98,47,21443,2,1190,Laptop,Public,Bank Transfer,Food,No,Yes,1
1085,62,22131,14,425.76,64,39285,3,729,Mobile,Public,Debit Card,Grocery,No,No,1
1086,61,80907,17,241.58,91,63927,0,1173,Tablet,Home,Bank Transfer,Grocery,Yes,No,1
1087,22,71412,14,208.09,53,62501,2,2908,Laptop,Unknown,Credit Card,Electronics,No,No,1
1088,23,59866,1,488.93,90,62224,2,101,Mobile,Home,Digital Wallet,Food,No,Yes,1
1089,43,143621,12,100.36,92,11332,1,784,Laptop,Work,Digital Wallet,Entertainment,No,Yes,1
1090,21,89933,3,107.76,77,5885,4,2534,Laptop,Unknown,Bank Transfer,Electronics,No,Yes,1
1091,36,187871,9,146.0,76,15208,0,934,Tablet,Home,Digital Wallet,Food,Yes,Yes,1
1092,37,111141,12,86.46,44,59100,7,2556,Mobile,Work,Credit Card,Electronics,No,Yes,1
1093,50,116285,9,189.74,28,23938,7,81,Mobile,Unknown,Digital Wallet,Grocery,No,Yes,1
1094,37,177264,8,455.43,2,60562,3,1033,Laptop,Home,Credit Card,Entertainment,No,Yes,1
1095,66,194843,7,307.71,57,65928,2,2651,Mobile,Home,Debit Card,Shopping,No,Yes,1
1096,29,10450,2,206.03,57,11502,0,1317,Laptop,Home,Debit Card,Entertainment,No,Yes,1
1097,64,100959,15,467.21,34,36653,1,1292,Tablet,Work,Debit Card,Shopping,No,Yes,1
1098,18,68587,13,24.33,87,22940,2,2970,Tablet,Public,Debit Card,Travel,No,Yes,1
1099,43,148794,8,105.22,58,68001,2,2332,Mobile,Unknown,Bank Transfer,Grocery,No,Yes,1
1100,31,123953,20,282.99,52,33056,5,714,Tablet,Home,Debit Card,Grocery,No,Yes,1
1101,55,53217,10,307.81,29,68463,1,1802,Tablet,Work,Digital Wallet,Grocery,No,No,1
1102,54,189566,2,19.87,35,7063,7,1660,Mobile,Home,Bank Transfer,Entertainment,No,No,1
1103,28,101184,4,201.58,75,6340,5,2134,Laptop,Home,Credit Card,Shopping,No,Yes,1
1104,53,23882,9,324.61,48,15654,1,979,Tablet,Work,Debit Card,Travel,Yes,Yes,1
1105,30,28554,12,349.07,33,24694,1,2683,Mobile,Work,Digital Wallet,Travel,Yes,Yes,1
1106,60,68004,3,319.11,75,65520,5,1703,Mobile,Work,Debit Card,Travel,No,Yes,1
1107,20,130036,23,160.35,73,47361,7,2446,Mobile,Public,Debit Card,Electronics,No,No,1
1108,50,146764,12,46.85,78,22948,6,2309,Tablet,Work,Bank Transfer,Entertainment,No,Yes,1
1109,23,153345,11,213.61,9,24028,0,1455,Tablet,Work,Debit Card,Entertainment,No,Yes,1
1110,67,164376,4,64.46,48,29902,0,2985,Laptop,Home,Credit Card,Grocery,No,Yes,1
1111,27,166768,9,473.82,67,4852,6,1614,Laptop,Public,Debit Card,Entertainment,No,Yes,1
1112,22,165496,23,237.64,93,684,0,1076,Laptop,Unknown,Credit Card,Entertainment,No,No,1
1113,40,122358,8,158.7,83,10884,4,2651,Laptop,Public,Credit Card,Electronics,No,Yes,1
1114,27,111768,19,383.18,36,14819,2,1320,Laptop,Home,Credit Card,Entertainment,No,Yes,1
1115,61,192374,6,249.02,96,20949,0,2918,Laptop,Work,Debit Card,Shopping,No,Yes,1
1116,19,124284,1,155.09,71,56833,4,2195,Mobile,Work,Debit Card,Travel,No,Yes,1
1117,30,161922,21,406.0,92,41705,2,1653,Laptop,Home,Digital Wallet,Electronics,No,Yes,1
1118,57,16666,23,433.59,44,10926,0,1206,Tablet,Work,Debit Card,Electronics,No,Yes,1
1119,19,138362,22,336.54,82,8004,1,2345,Laptop,Public,Digital Wallet,Grocery,No,No,1
1120,37,38433,6,23.58,60,57078,6,2190,Tablet,Home,Credit Card,Entertainment,No,Yes,1
1121,18,122029,7,283.2,63,58709,3,2243,Laptop,Home,Credit Card,Travel,No,Yes,1
1122,54,89671,6,381.67,5,33868,0,2745,Mobile,Work,Digital Wallet,Shopping,No,Yes,1
1123,26,120363,20,68.34,87,52685,3,1061,Mobile,Home,Bank Transfer,Travel,No,No,0
1124,34,132761,22,114.41,86,9224,0,2791,Tablet,Work,Credit Card,Food,No,Yes,1
1125,26,25335,13,441.26,90,5584,1,460,Laptop,Work,Debit Card,Travel,No,Yes,1
1126,28,259,18,10.16,76,35310,6,1345,Mobile,Home,Debit Card,Shopping,No,Yes,1
1127,32,143317,4,376.39,40,79372,7,922,Mobile,Unknown,Digital Wallet,Shopping,No,Yes,1
1128,41,163093,22,236.94,19,21372,6,1103,Laptop,Work,Credit Card,Shopping,No,Yes,1
1129,55,104959,17,223.44,47,79450,3,136,Tablet,Public,Debit Card,Electronics,No,Yes,1
1130,52,147409,19,3.65,65,70833,4,774,Tablet,Unknown,Bank Transfer,Electronics,No,Yes,1
1131,47,107607,11,409.72,67,69343,1,2777,Tablet,Public,Digital Wallet,Food,No,No,1
1132,48,139416,22,179.98,91,3096,3,1509,Mobile,Home,Digital Wallet,Travel,No,Yes,1
1133,66,14843,16,270.43,18,17667,3,2400,Laptop,Home,Credit Card,Entertainment,No,No,1
1134,22,46201,12,338.68,50,77831,5,2386,Mobile,Home,Bank Transfer,Grocery,No,No,1
1135,61,121634,1,351.34,30,58826,5,2927,Mobile,Home,Digital Wallet,Food,No,No,1
1136,67,84327,12,477.99,66,78170,1,651,Mobile,Public,Bank Transfer,Entertainment,No,No,1
1137,31,187550,6,265.72,5,11282,1,1024,Mobile,Work,Digital Wallet,Entertainment,No,No,1
1138,28,71226,9,199.92,93,42502,1,174,Laptop,Unknown,Digital Wallet,Food,No,No,1
1139,26,56171,22,476.86,97,24522,2,2817,Mobile,Home,Credit Card,Travel,No,Yes,1
1140,51,74863,5,321.09,42,15118,4,850,Mobile,Home,Credit Card,Grocery,Yes,Yes,1
1141,29,143409,2,149.15,84,17745,0,441,Tablet,Public,Digital Wallet,Entertainment,Yes,No,1
1142,52,146821,2,63.32,94,10527,7,143,Mobile,Home,Credit Card,Electronics,No,Yes,1
1143,52,168885,17,421.29,5,14486,5,2652,Laptop,Unknown,Credit Card,Electronics,No,Yes,1
1144,18,176581,10,181.15,50,4026,6,2476,Mobile,Home,Debit Card,Food,No,No,1
1145,57,179938,21,330.27,85,44861,6,153,Laptop,Public,Digital Wallet,Grocery,No,Yes,1
1146,39,46254,19,235.46,58,67658,3,115,Laptop,Work,Credit Card,Grocery,No,No,1
1147,46,7116,4,99.54,79,38786,5,76,Laptop,Unknown,Bank Transfer,Entertainment,No,Yes,1
1148,25,179860,18,300.88,84,30033,0,1929,Tablet,Home,Credit Card,Food,No,Yes,1
1149,28,89778,21,30.44,8,18816,1,1602,Tablet,Work,Credit Card,Grocery,No,Yes,1
1150,58,112156,18,206.73,31,9199,6,1768,Mobile,Public,Debit Card,Grocery,No,No,1
1151,54,54338,14,273.35,12,79991,5,2035,Mobile,Public,Credit Card,Electronics,No,Yes,1
1152,31,58708,15,218.08,21,58965,4,833,Mobile,Home,Digital Wallet,Food,No,No,1
1153,47,89181,23,374.36,94,17173,4,2466,Laptop,Home,Digital Wallet,Entertainment,No,Yes,1
1154,52,163069,8,413.98,62,23895,7,2653,Laptop,Home,Digital Wallet,Entertainment,No,Yes,1
1155,38,51061,3,385.64,91,24207,2,2019,Laptop,Home,Credit Card,Electronics,No,Yes,1
1156,54,199875,14,19.5,90,76437,5,2709,Mobile,Work,Debit Card,Shopping,No,Yes,1
1157,22,175929,11,97.14,33,56916,1,2791,Mobile,Home,Credit Card,Shopping,No,Yes,1
1158,36,27017,22,268.35,26,9258,3,1099,Mobile,Home,Credit Card,Grocery,No,Yes,1
1159,31,153908,2,467.42,90,67509,7,1221,Mobile,Work,Debit Card,Travel,No,Yes,1
1160,43,28090,22,417.49,100,13781,7,2699,Tablet,Work,Bank Transfer,Electronics,No,Yes,1
1161,21,62651,13,421.28,40,33048,2,75,Tablet,Work,Credit Card,Travel,No,No,1
1162,42,189333,16,151.67,65,18871,1,2801,Tablet,Public,Credit Card,Grocery,No,Yes,1
1163,62,153612,18,214.78,59,78093,7,569,Mobile,Home,Digital Wallet,Electronics,No,Yes,1
1164,59,166377,5,235.41,15,20144,2,116,Tablet,Work,Debit Card,Entertainment,No,Yes,1
1165,42,80911,3,78.77,1,24374,5,2880,Tablet,Home,Digital Wallet,Electronics,No,No,1
1166,35,55203,6,15.63,11,14781,0,1438,Mobile,Home,Digital Wallet,Food,No,No,1
1167,57,172799,18,473.46,55,69287,7,294,Tablet,Home,Debit Card,Travel,No,No,1
1168,25,106222,16,120.43,2,22789,6,732,Mobile,Home,Credit Card,Electronics,No,Yes,1
1169,56,19108,15,120.05,65,5554,5,1503,Mobile,Home,Digital Wallet,Travel,No,No,1
1170,57,32502,14,41.78,95,67346,1,2309,Mobile,Home,Credit Card,Grocery,No,No,1
1171,31,184556,21,464.26,44,50269,3,215,Laptop,Public,Credit Card,Electronics,No,No,1
1172,49,136965,7,289.91,16,29812,3,355,Mobile,Work,Digital Wallet,Shopping,No,Yes,1
1173,68,136743,18,333.55,22,4757,1,1236,Tablet,Public,Debit Card,Travel,No,No,1
1174,55,147381,7,455.8,18,16346,2,426,Tablet,Work,Credit Card,Entertainment,No,Yes,1
1175,50,113650,17,172.88,47,22983,4,1534,Mobile,Home,Bank Transfer,Entertainment,Yes,Yes,1
1176,40,174320,15,310.79,81,27058,1,1456,Laptop,Home,Bank Transfer,Electronics,No,Yes,1
1177,32,91318,19,19.5,30,43688,6,1470,Laptop,Home,Credit Card,Entertainment,No,Yes,1
1178,50,133396,18,93.47,10,13512,7,1118,Laptop,Home,Credit Card,Entertainment,No,Yes,1
1179,42,179867,9,415.64,99,33736,5,985,Tablet,Work,Credit Card,Travel,No,Yes,1
1180,34,120879,16,383.41,58,45576,3,584,Laptop,Work,Debit Card,Electronics,No,No,1
1181,50,129814,12,175.39,62,48902,0,2810,Laptop,Home,Digital Wallet,Travel,No,Yes,1
1182,64,32541,12,188.47,85,32576,3,1070,Mobile,Home,Bank Transfer,Electronics,Yes,Yes,1
1183,19,170301,6,266.82,80,75664,4,2874,Laptop,Home,Bank Transfer,Entertainment,No,Yes,1
1184,31,62468,9,0.22,6,74764,7,2468,Laptop,Home,Credit Card,Electronics,No,No,1
1185,57,92222,1,120.7,67,17835,3,73,Laptop,Home,Credit Card,Grocery,No,Yes,1
1186,57,44860,3,104.2,41,44273,4,930,Mobile,Unknown,Credit Card,Electronics,No,Yes,1
1187,68,23578,5,125.32,43,52658,7,1753,Mobile,Home,Credit Card,Food,Yes,No,1
1188,56,127981,23,402.97,85,29070,6,511,Laptop,Work,Credit Card,Electronics,No,Yes,1
1189,68,71954,17,139.91,77,41158,7,2066,Tablet,Home,Debit Card,Food,No,Yes,1
1190,23,94330,22,95.84,18,59684,1,1316,Tablet,Home,Credit Card,Travel,No,Yes,0
1191,23,85816,5,252.18,58,73113,3,1227,Mobile,Unknown,Digital Wallet,Food,No,Yes,1
1192,20,143352,22,432.84,60,58694,2,1494,Laptop,Work,Digital Wallet,Travel,No,Yes,1
1193,24,98638,16,120.75,88,68007,5,595,Tablet,Home,Debit Card,Electronics,No,Yes,1
1194,68,15472,13,39.36,27,34459,2,2297,Laptop,Public,Credit Card,Travel,No,No,1
1195,25,29896,23,178.27,68,53572,5,801,Mobile,Home,Digital Wallet,Entertainment,No,Yes,1
1196,59,189444,10,373.85,22,46088,3,1248,Tablet,Home,Digital Wallet,Grocery,No,Yes,1
1197,69,98926,18,275.39,24,41033,6,2486,Mobile,Unknown,Credit Card,Electronics,No,No,1
1198,32,120692,1,408.42,40,69082,3,500,Laptop,Work,Bank Transfer,Food,No,Yes,1
1199,64,93735,2,479.8,74,62243,5,1400,Mobile,Home,Digital Wallet,Grocery,No,Yes,1
1200,46,111122,10,396.35,66,45018,6,2243,Mobile,Home,Debit Card,Shopping,Yes,Yes,1
1201,50,54140,5,301.94,40,13203,0,701,Mobile,Public,Debit Card,Grocery,No,Yes,1
1202,69,75457,13,246.72,6,49956,6,1204,Mobile,Home,Debit Card,Electronics,No,Yes,1
1203,47,78456,18,20.13,18,55991,3,140,Tablet,Home,Debit Card,Grocery,Yes,No,1
1204,56,16311,15,492.16,81,8543,0,2626,Laptop,Work,Debit Card,Grocery,No,Yes,1
1205,44,105526,20,191.8,87,68840,0,1056,Tablet,Public,Digital Wallet,Entertainment,No,Yes,0
1206,53,5942,21,76.2,30,10676,5,373,Laptop,Home,Bank Transfer,Travel,No,No,1
1207,46,194287,23,333.39,21,4436,0,1502,Laptop,Unknown,Credit Card,Grocery,Yes,No,1
1208,55,66952,6,142.22,62,31674,0,2409,Laptop,Work,Debit Card,Food,Yes,Yes,1
1209,50,125837,7,292.93,10,26409,1,2341,Laptop,Home,Bank Transfer,Food,No,No,1
1210,54,46068,18,293.43,13,44658,6,2160,Laptop,Work,Credit Card,Entertainment,No,Yes,1
1211,44,17608,19,222.92,76,8866,7,806,Tablet,Public,Debit Card,Grocery,No,Yes,1
1212,50,153177,15,418.08,9,54837,2,2411,Laptop,Home,Digital Wallet,Grocery,No,Yes,1
1213,21,54675,21,132.56,68,59831,0,1433,Mobile,Home,Debit Card,Entertainment,No,Yes,1
1214,39,150143,6,224.37,39,62697,7,687,Tablet,Public,Credit Card,Electronics,No,Yes,1
1215,19,156771,8,268.89,24,72542,2,1863,Tablet,Work,Credit Card,Shopping,No,Yes,1
1216,27,67014,12,331.85,34,51424,7,1862,Laptop,Home,Debit Card,Shopping,No,Yes,1
1217,22,67155,0,392.01,61,29342,0,483,Mobile,Work,Debit Card,Travel,No,Yes,1
1218,27,87797,7,197.46,41,17958,2,2750,Mobile,Work,Debit Card,Food,Yes,Yes,1
1219,50,106339,23,323.06,5,65882,3,770,Laptop,Unknown,Bank Transfer,Electronics,No,No,1
1220,55,123206,21,75.39,79,74819,3,1799,Laptop,Public,Credit Card,Food,Yes,Yes,1
1221,30,5455,3,466.33,50,11670,2,2410,Mobile,Home,Credit Card,Electronics,No,Yes,1
1222,48,54220,2,191.59,4,45442,6,2387,Tablet,Home,Debit Card,Entertainment,No,No,1
1223,64,38442,2,364.79,51,16708,0,2804,Tablet,Work,Credit Card,Travel,No,Yes,1
1224,53,2357,21,10.27,52,35678,1,1473,Laptop,Home,Digital Wallet,Entertainment,No,Yes,1
1225,62,27464,12,102.67,39,79672,7,1778,Tablet,Work,Credit Card,Food,No,Yes,0
1226,41,156144,7,243.59,8,9539,6,2431,Tablet,Home,Bank Transfer,Travel,No,Yes,1
1227,69,111815,6,439.14,45,15490,2,853,Mobile,Home,Debit Card,Grocery,No,No,1
1228,32,26754,0,263.67,88,6941,6,174,Tablet,Work,Debit Card,Electronics,Yes,No,1
1229,46,81523,15,464.94,28,74721,7,2036,Mobile,Work,Digital Wallet,Electronics,No,Yes,1
1230,25,29420,5,241.95,27,79814,4,1097,Laptop,Unknown,Debit Card,Travel,No,Yes,1
1231,22,20908,6,245.28,65,46459,1,1816,Laptop,Work,Bank Transfer,Entertainment,No,Yes,1
1232,46,52489,11,59.96,34,27362,7,1439,Mobile,Home,Debit Card,Travel,Yes,Yes,1
1233,64,118681,22,401.35,81,27773,4,1792,Mobile,Home,Debit Card,Entertainment,No,No,1
1234,21,128027,8,123.56,62,43000,7,939,Laptop,Unknown,Digital Wallet,Travel,No,Yes,1
1235,29,34873,10,449.82,62,4456,7,790,Mobile,Home,Bank Transfer,Entertainment,Yes,Yes,1
1236,62,182340,9,455.42,38,72589,2,2572,Laptop,Work,Bank Transfer,Shopping,No,No,1
1237,19,158919,20,471.66,26,2865,0,1546,Laptop,Work,Digital Wallet,Travel,No,Yes,1
1238,44,76496,0,260.16,24,72704,6,2719,Laptop,Home,Digital Wallet,Entertainment,No,No,1
1239,48,107792,17,338.58,39,5500,6,560,Laptop,Unknown,Debit Card,Grocery,No,Yes,1
1240,68,57605,3,389.28,21,57572,4,1389,Laptop,Home,Debit Card,Food,No,Yes,1
1241,68,85996,4,65.59,94,52999,6,2057,Laptop,Work,Credit Card,Food,No,Yes,1
1242,53,18235,8,300.52,47,69711,2,2590,Tablet,Home,Debit Card,Travel,Yes,Yes,1
1243,53,90987,16,17.25,48,13407,1,2207,Tablet,Home,Debit Card,Travel,No,No,1
1244,43,122218,2,248.83,13,17836,0,1037,Laptop,Work,Digital Wallet,Electronics,No,Yes,1
1245,60,47477,15,77.51,3,52831,4,1567,Tablet,Work,Debit Card,Entertainment,No,No,1
1246,44,154726,4,91.54,32,78255,6,1303,Mobile,Work,Bank Transfer,Travel,Yes,Yes,1
1247,22,62591,15,182.59,35,69283,2,2811,Mobile,Work,Credit Card,Food,No,No,1
1248,37,186793,2,216.28,19,70451,0,976,Laptop,Work,Debit Card,Food,No,No,1
1249,28,58383,19,311.62,14,53009,0,1191,Tablet,Home,Digital Wallet,Food,No,Yes,1
1250,27,17023,14,37.31,48,6972,3,1328,Mobile,Work,Credit Card,Entertainment,No,Yes,1
1251,57,47691,2,251.9,86,22880,0,1031,Mobile,Work,Credit Card,Shopping,Yes,No,1
1252,55,62361,19,91.39,81,27780,7,2541,Mobile,Home,Debit Card,Travel,No,Yes,1
1253,23,54436,13,287.03,68,22359,2,2218,Mobile,Work,Bank Transfer,Shopping,No,No,1
1254,25,74183,15,318.74,45,48902,1,1997,Tablet,Public,Debit Card,Entertainment,No,Yes,1
1255,40,61048,16,278.4,19,8762,5,911,Mobile,Home,Debit Card,Grocery,No,Yes,1
1256,64,164174,23,369.17,64,11566,3,1877,Mobile,Public,Bank Transfer,Travel,No,Yes,1
1257,43,26772,19,167.87,66,16054,2,2533,Mobile,Home,Credit Card,Electronics,No,No,1
1258,63,4313,22,382.58,79,7508,2,2005,Laptop,Home,Digital Wallet,Travel,No,Yes,1
1259,60,141465,17,216.44,66,16738,2,2511,Mobile,Home,Credit Card,Travel,No,No,1
1260,29,187032,17,242.14,75,17653,4,1660,Mobile,Work,Debit Card,Travel,No,Yes,1
1261,43,62607,21,324.09,45,59853,6,202,Tablet,Home,Bank Transfer,Travel,No,Yes,1
1262,30,57234,13,9.28,87,52592,4,502,Mobile,Public,Digital Wallet,Grocery,No,No,1
1263,57,133272,17,327.03,74,43652,7,1476,Mobile,Unknown,Digital Wallet,Travel,No,No,1
1264,35,193169,14,309.33,67,49604,1,2994,Mobile,Work,Bank Transfer,Entertainment,No,No,1
1265,42,28272,14,154.99,69,24783,7,2516,Laptop,Work,Debit Card,Travel,No,Yes,1
1266,50,20232,5,42.99,3,46929,2,527,Tablet,Public,Credit Card,Grocery,No,Yes,1
1267,64,18299,14,45.56,38,77723,6,2246,Tablet,Unknown,Credit Card,Entertainment,No,Yes,1
1268,57,36709,17,461.62,77,55457,7,1018,Laptop,Work,Digital Wallet,Travel,Yes,Yes,1
1269,60,174137,3,344.67,42,29387,4,1635,Laptop,Work,Digital Wallet,Travel,No,Yes,1
1270,29,139188,22,63.64,83,46672,4,2638,Tablet,Work,Digital Wallet,Entertainment,Yes,Yes,1
1271,61,170951,7,178.43,40,4855,4,2505,Mobile,Work,Credit Card,Travel,No,No,1
1272,53,31981,14,296.28,50,34201,1,448,Tablet,Home,Debit Card,Grocery,No,Yes,1
1273,65,24572,2,417.8,35,42034,1,1400,Laptop,Work,Bank Transfer,Food,No,No,1
1274,21,182985,14,21.93,24,71942,2,2532,Mobile,Home,Bank Transfer,Travel,No,Yes,1
1275,22,167193,12,118.39,88,61774,3,743,Tablet,Home,Bank Transfer,Electronics,No,No,1
1276,54,54231,8,444.89,17,78608,7,2279,Mobile,Work,Digital Wallet,Entertainment,No,Yes,1
1277,25,155259,1,4.68,40,12779,2,208,Mobile,Public,Debit Card,Grocery,No,No,1
1278,59,12928,23,100.78,74,43991,4,2134,Laptop,Public,Credit Card,Travel,No,Yes,1
1279,66,192782,7,479.52,66,76647,5,1959,Tablet,Work,Credit Card,Travel,No,No,1
1280,45,96764,19,306.74,44,8761,7,975,Laptop,Work,Credit Card,Entertainment,Yes,Yes,1
1281,48,132573,16,130.91,23,4974,6,2048,Tablet,Home,Debit Card,Shopping,Yes,Yes,1
1282,26,15293,12,33.59,6,28890,4,2578,Tablet,Work,Credit Card,Grocery,Yes,Yes,1
1283,68,176036,0,14.19,66,27425,0,768,Mobile,Home,Debit Card,Grocery,No,Yes,1
1284,46,151479,1,122.45,21,59551,5,1986,Mobile,Home,Bank Transfer,Food,No,No,1
1285,31,102618,14,440.75,35,5287,5,141,Mobile,Work,Digital Wallet,Food,No,Yes,1
1286,57,19711,11,208.02,29,73898,6,744,Laptop,Home,Digital Wallet,Travel,No,Yes,1
1287,58,174963,13,360.19,7,58677,2,1431,Mobile,Home,Credit Card,Entertainment,Yes,Yes,1
1288,39,143122,1,459.15,93,44224,4,2954,Laptop,Unknown,Credit Card,Electronics,No,No,1
1289,28,76340,17,204.08,53,11163,4,1968,Mobile,Home,Credit Card,Travel,No,No,1
1290,40,2845,21,95.72,37,16620,3,1411,Laptop,Home,Digital Wallet,Food,Yes,Yes,1
1291,18,55343,6,258.61,23,23240,0,842,Tablet,Home,Debit Card,Travel,No,Yes,1
1292,63,3966,22,454.05,97,2535,2,1238,Laptop,Home,Credit Card,Entertainment,No,Yes,0
1293,54,163417,5,402.21,8,57943,1,66,Laptop,Home,Digital Wallet,Grocery,No,Yes,1
1294,38,175896,13,33.01,76,67888,2,1858,Laptop,Unknown,Debit Card,Grocery,No,Yes,1
1295,43,128781,7,346.32,48,52835,7,2940,Tablet,Home,Digital Wallet,Grocery,No,Yes,1
1296,63,71454,21,285.99,10,43815,7,2809,Laptop,Unknown,Credit Card,Grocery,No,Yes,1
1297,53,51474,1,453.74,79,64665,5,1281,Tablet,Home,Debit Card,Electronics,Yes,Yes,1
1298,40,114497,16,61.33,24,47127,2,839,Mobile,Work,Debit Card,Shopping,Yes,Yes,1
1299,18,124677,4,267.06,90,8803,3,52,Mobile,Work,Digital Wallet,Electronics,No,Yes,1
1300,68,161288,13,439.74,47,49834,2,1556,Tablet,Work,Digital Wallet,Travel,No,Yes,1
1301,57,81129,23,205.07,53,56392,3,825,Laptop,Work,Debit Card,Food,Yes,Yes,1
1302,32,93674,19,241.05,39,61696,5,525,Mobile,Public,Credit Card,Entertainment,No,Yes,1
1303,38,151619,20,35.32,67,66200,3,929,Laptop,Home,Debit Card,Travel,No,Yes,1
1304,64,30531,20,139.14,66,40226,6,454,Laptop,Work,Digital Wallet,Shopping,No,No,1
1305,26,149080,21,162.32,6,76251,6,2777,Tablet,Public,Bank Transfer,Entertainment,No,Yes,1
1306,26,29436,2,472.57,21,50106,7,2095,Mobile,Home,Digital Wallet,Entertainment,No,No,1
1307,27,41092,4,141.41,73,31194,4,2012,Tablet,Home,Debit Card,Entertainment,Yes,Yes,1
1308,69,55450,15,230.49,74,31753,1,1498,Tablet,Home,Debit Card,Travel,No,Yes,0
1309,43,69661,17,335.69,36,24730,5,2704,Tablet,Work,Debit Card,Shopping,No,Yes,1
1310,58,52055,16,81.18,3,54474,7,1263,Tablet,Home,Bank Transfer,Travel,No,Yes,1
1311,52,61340,10,243.27,88,64045,3,1827,Laptop,Home,Digital Wallet,Entertainment,Yes,Yes,1
1312,69,151265,16,369.3,86,17425,0,2288,Mobile,Work,Debit Card,Entertainment,No,Yes,1
1313,42,137327,15,433.44,78,6533,5,594,Mobile,Work,Debit Card,Food,Yes,No,1
1314,43,46707,22,313.17,42,62961,0,1334,Mobile,Home,Debit Card,Electronics,No,Yes,1
1315,28,164659,1,334.56,45,3165,1,1886,Laptop,Home,Credit Card,Travel,No,Yes,1
1316,55,186840,3,63.23,44,27525,3,162,Laptop,Work,Digital Wallet,Shopping,No,Yes,1
1317,19,152135,20,472.89,91,24033,5,478,Tablet,Public,Debit Card,Entertainment,No,Yes,1
1318,24,181296,6,66.37,33,46397,5,2341,Tablet,Work,Digital Wallet,Travel,No,Yes,1
1319,35,52970,1,387.36,60,78161,1,1860,Tablet,Unknown,Bank Transfer,Electronics,No,Yes,1
1320,44,187719,5,132.48,86,21498,4,2188,Tablet,Home,Digital Wallet,Travel,No,No,1
1321,51,64210,16,466.8,93,61748,0,879,Mobile,Home,Digital Wallet,Electronics,Yes,Yes,1
1322,44,184726,6,360.01,83,23557,5,1291,Tablet,Work,Bank Transfer,Travel,No,Yes,1
1323,34,152108,4,376.93,83,79744,2,1510,Laptop,Unknown,Digital Wallet,Food,No,Yes,1
1324,60,116995,4,109.61,70,71131,0,930,Laptop,Work,Credit Card,Travel,No,Yes,1
1325,61,4526,19,221.58,83,67673,7,788,Laptop,Unknown,Bank Transfer,Grocery,Yes,Yes,1
1326,68,27706,15,308.94,77,39234,3,1569,Tablet,Public,Digital Wallet,Food,No,No,1
1327,41,179004,18,385.01,26,62572,1,1929,Mobile,Home,Credit Card,Electronics,No,Yes,1
1328,42,28251,8,52.07,86,64675,7,2938,Mobile,Home,Bank Transfer,Entertainment,No,No,1
1329,24,11408,4,481.19,21,64283,0,2974,Tablet,Home,Digital Wallet,Entertainment,No,No,1
1330,69,193694,7,445.12,100,71239,2,891,Tablet,Home,Digital Wallet,Travel,No,Yes,1
1331,23,176843,8,135.25,2,51542,6,1877,Laptop,Home,Debit Card,Shopping,No,Yes,1
1332,41,90406,4,411.4,47,52857,2,2270,Laptop,Public,Bank Transfer,Travel,Yes,Yes,1
1333,50,107084,9,259.21,30,9169,7,544,Mobile,Home,Debit Card,Food,No,Yes,1
1334,66,2304,1,230.96,27,68402,1,2867,Laptop,Home,Bank Transfer,Food,No,Yes,1
1335,46,92869,8,157.29,71,19410,7,997,Laptop,Home,Debit Card,Electronics,Yes,No,1
1336,60,87365,10,290.53,20,57459,1,1621,Tablet,Public,Debit Card,Travel,No,Yes,1
1337,39,31231,3,364.97,50,866,6,113,Mobile,Work,Debit Card,Electronics,No,No,1
1338,43,52528,21,205.53,95,48915,0,827,Tablet,Public,Credit Card,Shopping,No,No,1
1339,45,33970,21,314.65,23,10407,3,2157,Mobile,Public,Credit Card,Entertainment,No,No,1
1340,67,103647,21,349.69,13,33280,4,1631,Tablet,Work,Credit Card,Entertainment,No,Yes,1
1341,38,49167,1,355.59,81,58379,2,551,Mobile,Home,Bank Transfer,Travel,No,No,1
1342,66,189757,22,26.08,4,35585,1,1252,Laptop,Home,Digital Wallet,Electronics,No,Yes,1
1343,24,112317,5,429.89,14,65999,4,1624,Mobile,Home,Credit Card,Electronics,No,Yes,1
1344,34,152779,13,229.18,20,20926,7,263,Mobile,Work,Credit Card,Shopping,Yes,No,1
1345,37,156140,0,131.28,13,48697,4,1872,Tablet,Home,Debit Card,Electronics,No,No,1
1346,58,99034,17,120.96,3,7985,4,2321,Mobile,Home,Bank Transfer,Grocery,No,Yes,1
1347,66,143080,6,241.56,90,50027,3,1446,Mobile,Work,Credit Card,Grocery,No,No,1
1348,37,157595,0,443.43,90,65100,1,1619,Mobile,Work,Credit Card,Food,No,Yes,1
1349,39,74807,0,189.24,82,69248,7,1499,Tablet,Work,Credit Card,Grocery,Yes,Yes,1
1350,45,61315,0,374.89,96,59028,2,2926,Mobile,Home,Debit Card,Grocery,No,Yes,1
1351,57,187007,23,48.5,78,28299,1,422,Tablet,Unknown,Credit Card,Food,No,Yes,1
1352,66,49529,3,238.08,47,46839,0,38,Laptop,Work,Debit Card,Grocery,No,Yes,1
1353,24,82252,3,495.84,3,16587,7,642,Tablet,Home,Bank Transfer,Grocery,Yes,Yes,1
1354,18,108148,17,385.24,1,7946,2,1973,Mobile,Unknown,Bank Transfer,Food,Yes,Yes,1
1355,49,169630,10,105.34,90,50960,7,2884,Laptop,Public,Credit Card,Travel,No,Yes,1
1356,30,177341,0,250.77,24,58760,1,744,Mobile,Home,Bank Transfer,Food,Yes,Yes,1
1357,47,138831,9,116.89,35,15377,2,1957,Tablet,Home,Debit Card,Food,No,Yes,1
1358,40,191786,8,204.84,14,25223,0,139,Laptop,Work,Digital Wallet,Grocery,No,Yes,1
1359,68,77340,22,390.06,67,13443,5,863,Laptop,Home,Credit Card,Entertainment,No,Yes,1
1360,36,163965,3,385.64,13,10806,2,295,Laptop,Public,Bank Transfer,Grocery,Yes,Yes,1
1361,49,113788,5,114.13,47,37284,5,1426,Mobile,Home,Bank Transfer,Travel,No,Yes,1
1362,47,46573,15,461.12,50,20955,4,2061,Laptop,Unknown,Credit Card,Food,No,Yes,1
1363,46,96862,1,296.32,78,71948,6,1005,Laptop,Work,Digital Wallet,Shopping,Yes,Yes,1
1364,66,107056,22,190.02,85,30474,7,1648,Laptop,Work,Debit Card,Food,No,No,1
1365,62,118552,17,251.02,26,27871,3,984,Laptop,Home,Bank Transfer,Travel,No,Yes,1
1366,46,186923,9,302.58,3,4436,0,2984,Tablet,Home,Credit Card,Electronics,No,Yes,1
1367,47,126411,23,279.99,51,33666,2,1699,Mobile,Home,Credit Card,Grocery,No,Yes,1
1368,33,185426,23,243.25,40,26227,0,1379,Mobile,Home,Debit Card,Entertainment,No,Yes,1
1369,57,7106,16,252.52,68,64469,4,2749,Laptop,Home,Debit Card,Entertainment,No,Yes,1
1370,36,74318,12,88.29,36,28868,5,1604,Tablet,Unknown,Debit Card,Grocery,No,No,1
1371,35,196516,23,406.39,51,69031,3,2253,Laptop,Home,Debit Card,Grocery,No,Yes,1
1372,18,165012,17,270.93,1,39597,0,2602,Mobile,Unknown,Bank Transfer,Travel,No,Yes,1
1373,31,32530,21,65.63,33,35484,5,1088,Mobile,Home,Debit Card,Food,No,Yes,1
1374,68,23191,12,383.1,7,51359,4,1987,Mobile,Unknown,Credit Card,Shopping,No,Yes,1
1375,64,164155,16,466.23,52,44791,4,2582,Laptop,Public,Bank Transfer,Food,No,No,1
1376,67,24089,4,473.66,11,65728,4,878,Laptop,Home,Debit Card,Food,No,Yes,1
1377,19,75551,10,184.57,27,22650,7,992,Tablet,Public,Debit Card,Shopping,Yes,Yes,1
1378,45,19090,6,67.84,14,22561,6,1855,Tablet,Work,Credit Card,Entertainment,No,Yes,1
1379,66,90370,9,259.25,86,29678,7,2549,Mobile,Unknown,Credit Card,Food,Yes,Yes,1
1380,67,80460,16,56.39,80,57290,5,2600,Mobile,Work,Credit Card,Electronics,No,Yes,1
1381,47,36181,14,467.0,46,66196,2,2957,Tablet,Home,Digital Wallet,Electronics,No,Yes,1
1382,55,142205,17,91.87,76,16148,1,2351,Mobile,Home,Debit Card,Travel,No,Yes,1
1383,68,108372,22,126.46,10,62279,0,2131,Tablet,Home,Credit Card,Travel,Yes,Yes,1
1384,21,16341,21,203.38,24,37172,6,917,Laptop,Work,Credit Card,Shopping,No,Yes,1
1385,18,125032,18,191.64,61,69609,1,774,Mobile,Public,Credit Card,Shopping,No,No,1
1386,25,6039,1,397.35,18,61021,4,2354,Mobile,Work,Debit Card,Travel,No,Yes,1
1387,46,113100,3,228.21,86,35093,1,2960,Tablet,Home,Credit Card,Grocery,No,Yes,1
1388,56,178734,2,85.47,9,14286,5,1471,Laptop,Unknown,Debit Card,Food,No,Yes,1
1389,20,35163,6,133.68,17,10315,7,2709,Mobile,Unknown,Debit Card,Grocery,No,Yes,1
1390,49,158217,23,254.61,58,22466,4,1278,Mobile,Home,Digital Wallet,Entertainment,No,Yes,1
1391,27,175941,17,73.81,13,14294,7,2647,Tablet,Home,Debit Card,Electronics,No,Yes,1
1392,27,47218,9,305.87,50,31923,6,205,Laptop,Home,Debit Card,Shopping,No,Yes,1
1393,36,84803,6,282.92,6,21802,4,595,Tablet,Public,Bank Transfer,Travel,No,Yes,1
1394,63,152797,7,357.38,85,61564,3,2848,Laptop,Unknown,Debit Card,Electronics,No,Yes,1
1395,51,128657,5,468.86,51,28335,3,1717,Laptop,Home,Digital Wallet,Grocery,Yes,Yes,1
1396,50,27176,21,456.14,36,73856,6,1438,Tablet,Home,Bank Transfer,Shopping,No,Yes,1
1397,40,195977,0,473.04,71,49782,5,291,Tablet,Unknown,Debit Card,Shopping,No,Yes,1
1398,45,44705,3,122.43,100,53214,5,560,Laptop,Public,Debit Card,Food,No,No,1
1399,49,84665,13,65.87,25,67535,1,1907,Tablet,Unknown,Digital Wallet,Shopping,No,Yes,1
1400,67,39221,16,151.21,11,24314,6,1424,Mobile,Work,Bank Transfer,Entertainment,No,Yes,1
1401,24,196273,19,447.55,44,24589,7,1736,Mobile,Home,Digital Wallet,Shopping,No,Yes,1
1402,46,31533,17,486.03,14,73662,0,2968,Mobile,Work,Credit Card,Entertainment,No,Yes,1
1403,25,43409,10,429.68,29,56331,6,1250,Mobile,Home,Debit Card,Grocery,Yes,Yes,1
1404,18,67568,20,55.1,74,33246,1,977,Mobile,Unknown,Digital Wallet,Food,No,Yes,1
1405,20,175426,13,473.72,50,52440,5,614,Tablet,Home,Debit Card,Entertainment,No,Yes,1
1406,41,67393,8,211.74,5,36976,0,2892,Laptop,Unknown,Digital Wallet,Grocery,No,Yes,1
1407,40,96358,14,4.75,72,26783,6,1650,Tablet,Home,Credit Card,Electronics,No,No,1
1408,25,169025,11,221.25,69,2269,1,2379,Mobile,Unknown,Digital Wallet,Shopping,No,Yes,1
1409,64,38505,9,23.13,88,42778,2,1185,Mobile,Home,Debit Card,Travel,No,Yes,1
1410,54,197824,18,271.98,57,47494,7,1781,Tablet,Home,Credit Card,Travel,No,Yes,1
1411,20,43627,23,169.34,26,63398,2,2705,Tablet,Work,Digital Wallet,Entertainment,No,Yes,1
1412,68,77327,18,236.77,6,16134,7,2650,Laptop,Home,Credit Card,Food,No,Yes,1
1413,50,131664,5,306.62,16,11465,0,2606,Mobile,Public,Credit Card,Entertainment,No,Yes,1
1414,45,139983,19,434.41,60,28066,3,2111,Tablet,Work,Credit Card,Grocery,No,Yes,1
1415,64,93444,23,330.98,100,52696,7,561,Laptop,Work,Bank Transfer,Grocery,No,Yes,1
1416,25,155444,5,217.08,12,48785,0,1261,Mobile,Unknown,Digital Wallet,Entertainment,No,No,1
1417,51,47253,7,409.73,75,55999,1,2023,Mobile,Public,Credit Card,Entertainment,Yes,No,1
1418,52,108142,0,452.8,3,19920,4,1727,Mobile,Work,Debit Card,Electronics,No,Yes,1
1419,49,54210,21,59.97,63,25736,2,1575,Tablet,Public,Credit Card,Grocery,No,No,0
1420,41,145151,16,266.01,64,6718,4,1467,Mobile,Home,Bank Transfer,Electronics,Yes,No,1
1421,31,28428,16,142.33,62,50392,2,400,Mobile,Home,Credit Card,Entertainment,No,No,1
1422,49,113011,23,23.63,6,74531,1,438,Laptop,Work,Credit Card,Food,No,Yes,1
1423,63,12967,14,334.31,19,64557,2,1436,Tablet,Home,Credit Card,Shopping,No,No,1
1424,60,59334,6,431.4,18,79109,0,1931,Laptop,Work,Debit Card,Grocery,No,Yes,1
1425,33,25951,18,81.54,80,77407,4,1500,Tablet,Home,Digital Wallet,Travel,No,Yes,1
1426,21,31379,21,406.23,87,11726,5,646,Mobile,Home,Debit Card,Electronics,Yes,Yes,1
1427,69,73502,22,426.71,43,52771,4,100,Laptop,Unknown,Credit Card,Grocery,No,Yes,1
1428,54,15549,2,457.18,73,10546,1,113,Tablet,Work,Debit Card,Shopping,No,Yes,1
1429,38,76321,21,132.72,3,37617,5,2286,Tablet,Public,Digital Wallet,Electronics,Yes,No,1
1430,31,89180,10,451.99,72,5465,4,288,Mobile,Unknown,Credit Card,Grocery,No,Yes,1
1431,48,5551,19,160.4,38,59978,7,1355,Mobile,Home,Credit Card,Electronics,No,Yes,1
1432,65,87278,18,276.21,68,79372,6,961,Laptop,Home,Credit Card,Electronics,No,Yes,1
1433,35,172488,8,25.35,76,57777,7,2359,Laptop,Home,Bank Transfer,Entertainment,No,No,1
1434,24,194236,9,22.04,44,60113,1,423,Tablet,Unknown,Debit Card,Entertainment,No,No,1
1435,27,63861,1,360.21,95,17873,6,2495,Laptop,Home,Debit Card,Electronics,No,Yes,1
1436,24,38970,0,222.3,89,45952,3,1364,Mobile,Home,Credit Card,Electronics,No,Yes,1
1437,50,96666,15,128.22,80,50589,0,2936,Laptop,Public,Debit Card,Travel,No,Yes,1
1438,40,123849,17,95.29,63,7154,7,1959,Laptop,Work,Digital Wallet,Shopping,No,Yes,1
1439,38,123865,22,335.01,42,31780,2,1750,Tablet,Home,Credit Card,Shopping,No,Yes,1
1440,36,124981,16,0.3,64,56641,6,655,Mobile,Home,Digital Wallet,Food,Yes,Yes,1
1441,65,162045,5,402.96,54,68394,2,1922,Tablet,Public,Debit Card,Food,No,Yes,1
1442,36,128489,13,39.72,78,27083,2,1866,Mobile,Public,Credit Card,Food,No,Yes,1
1443,53,189799,22,95.83,77,6860,3,591,Mobile,Home,Debit Card,Entertainment,No,No,1
1444,46,197327,14,193.18,71,54468,0,2909,Tablet,Home,Digital Wallet,Entertainment,No,Yes,1
1445,35,25472,13,242.48,76,4243,4,1823,Laptop,Unknown,Debit Card,Travel,No,No,1
1446,19,3742,23,177.56,37,7659,6,970,Tablet,Unknown,Digital Wallet,Entertainment,No,Yes,1
1447,18,159173,21,160.42,4,32651,4,2139,Laptop,Unknown,Credit Card,Food,No,Yes,1
1448,64,34164,2,481.96,2,1018,7,1195,Tablet,Work,Debit Card,Grocery,No,Yes,1
1449,22,14222,23,320.83,99,17152,0,1895,Tablet,Public,Digital Wallet,Electronics,Yes,Yes,1
1450,37,155992,22,11.81,44,78961,5,2811,Laptop,Home,Digital Wallet,Food,No,Yes,1
1451,28,68531,18,215.14,67,71511,0,1921,Laptop,Home,Debit Card,Travel,No,Yes,1
1452,59,55845,11,437.52,68,42848,2,1669,Laptop,Work,Bank Transfer,Electronics,Yes,No,1
1453,19,50181,1,150.8,76,75922,4,1580,Tablet,Work,Credit Card,Entertainment,No,No,1
1454,20,139883,2,47.37,83,77501,0,811,Laptop,Public,Credit Card,Electronics,No,Yes,1
1455,40,149965,17,379.22,74,77257,4,1724,Laptop,Home,Credit Card,Grocery,No,Yes,1
1456,29,139371,0,303.05,62,24895,0,2616,Laptop,Unknown,Credit Card,Travel,No,No,1
1457,37,76353,19,285.2,1,2835,1,626,Mobile,Home,Credit Card,Entertainment,No,Yes,1
1458,22,36291,20,26.88,17,70612,7,2086,Laptop,Work,Debit Card,Shopping,No,Yes,1
1459,54,10311,5,70.34,16,1000,6,2353,Laptop,Home,Digital Wallet,Food,No,Yes,1
1460,55,111186,4,311.31,9,8583,2,2304,Laptop,Work,Bank Transfer,Grocery,No,Yes,1
1461,47,194241,0,103.99,53,6043,0,2263,Mobile,Work,Debit Card,Grocery,No,Yes,1
1462,26,187918,18,252.08,73,69312,3,2668,Mobile,Home,Digital Wallet,Food,No,Yes,1
1463,51,152714,0,272.49,59,52737,0,2510,Laptop,Home,Credit Card,Travel,No,Yes,1
1464,61,162484,20,141.83,9,7113,1,2646,Laptop,Work,Debit Card,Travel,No,Yes,1
1465,52,176414,20,474.22,12,67363,7,2733,Laptop,Unknown,Bank Transfer,Grocery,Yes,Yes,1
1466,69,102071,15,421.25,41,41040,3,385,Laptop,Home,Credit Card,Food,No,No,1
1467,39,93883,11,361.21,15,76702,3,2920,Mobile,Home,Bank Transfer,Electronics,No,Yes,1
1468,61,125781,21,39.09,66,26755,7,2070,Laptop,Home,Credit Card,Shopping,No,Yes,1
1469,41,87993,7,53.15,75,22568,0,421,Mobile,Public,Credit Card,Shopping,Yes,Yes,1
1470,34,186560,15,246.44,11,49557,1,608,Tablet,Home,Credit Card,Travel,No,Yes,1
1471,27,158863,0,80.44,8,19446,3,1670,Mobile,Home,Digital Wallet,Travel,Yes,Yes,1
1472,47,78060,3,489.13,55,21047,6,2497,Tablet,Unknown,Bank Transfer,Electronics,No,Yes,1
1473,63,84488,9,79.34,96,6269,2,2038,Mobile,Work,Bank Transfer,Travel,No,No,1
1474,40,22701,10,243.79,6,25383,5,1753,Mobile,Home,Debit Card,Shopping,No,Yes,1
1475,49,149192,16,182.12,53,61840,2,193,Mobile,Public,Credit Card,Food,No,Yes,1
1476,34,139327,22,319.73,20,79699,4,2856,Laptop,Work,Bank Transfer,Grocery,Yes,No,1
1477,67,167949,6,64.61,39,35662,4,667,Mobile,Work,Debit Card,Shopping,No,Yes,1
1478,68,19810,11,215.22,99,33934,1,2094,Laptop,Home,Credit Card,Electronics,No,Yes,1
1479,34,108814,20,137.43,72,22602,3,2523,Mobile,Public,Bank Transfer,Food,No,Yes,1
1480,31,155704,6,443.89,34,22036,2,199,Mobile,Home,Credit Card,Food,No,No,1
1481,26,128827,11,20.39,57,78391,2,369,Tablet,Home,Credit Card,Grocery,No,Yes,0
1482,57,149773,14,456.87,19,68270,5,755,Mobile,Home,Digital Wallet,Shopping,Yes,No,1
1483,19,63327,1,416.51,71,50888,1,1963,Laptop,Unknown,Bank Transfer,Food,No,Yes,1
1484,62,136139,13,148.86,31,51275,6,1064,Tablet,Work,Bank Transfer,Food,No,Yes,1
1485,42,84389,12,394.67,82,31647,3,1675,Tablet,Work,Debit Card,Travel,No,Yes,1
1486,56,151194,3,15.7,40,51026,1,162,Mobile,Home,Debit Card,Food,No,Yes,1
1487,26,174635,13,483.44,14,24159,0,2978,Mobile,Work,Bank Transfer,Electronics,No,Yes,1
1488,39,5822,13,263.34,100,23588,2,2717,Tablet,Unknown,Bank Transfer,Food,No,Yes,1
1489,60,158585,15,151.71,81,68964,1,852,Laptop,Home,Debit Card,Travel,No,Yes,1
1490,63,81150,6,181.36,37,60498,1,983,Mobile,Unknown,Digital Wallet,Entertainment,Yes,Yes,1
1491,21,83696,18,33.3,44,40882,5,2156,Tablet,Home,Digital Wallet,Entertainment,No,Yes,1
1492,43,66832,1,494.68,9,28684,6,375,Laptop,Unknown,Debit Card,Electronics,No,Yes,1
1493,46,143469,9,19.74,58,20599,0,638,Mobile,Home,Digital Wallet,Grocery,No,No,1
1494,62,68423,17,327.49,20,70310,4,668,Tablet,Work,Debit Card,Grocery,No,Yes,1
1495,51,23916,16,221.42,92,38239,2,1077,Tablet,Public,Debit Card,Electronics,No,Yes,1
1496,40,40795,4,474.46,50,8889,5,1524,Mobile,Public,Credit Card,Food,No,Yes,1
1497,54,150874,11,123.08,20,17852,6,1254,Laptop,Home,Debit Card,Food,No,No,1
1498,28,156414,5,266.09,36,21648,6,2208,Laptop,Home,Digital Wallet,Entertainment,No,Yes,1
1499,23,55941,21,241.23,27,32328,1,2433,Tablet,Home,Digital Wallet,Entertainment,No,Yes,1
1500,35,128598,8,351.46,72,68540,2,179,Laptop,Public,Digital Wallet,Shopping,No,Yes,1
1501,38,198884,19,34.1,32,57295,7,1579,Tablet,Work,Credit Card,Entertainment,No,Yes,1
1502,59,107196,0,96.98,1,59120,4,1357,Mobile,Home,Debit Card,Entertainment,No,No,1
1503,53,92864,21,107.36,17,57614,7,1594,Laptop,Home,Credit Card,Electronics,No,Yes,1
1504,58,184746,14,369.1,9,41211,7,79,Mobile,Public,Debit Card,Shopping,No,Yes,1
1505,55,85844,20,94.65,84,18248,7,2541,Tablet,Work,Debit Card,Grocery,No,No,1
1506,51,28582,5,286.79,45,34191,6,1535,Mobile,Home,Debit Card,Shopping,Yes,Yes,1
1507,34,9271,18,107.7,96,65782,1,2532,Laptop,Home,Debit Card,Food,No,No,0
1508,54,100855,17,430.83,66,60860,6,364,Mobile,Home,Debit Card,Food,No,No,1
1509,42,108225,5,471.1,32,10746,0,1405,Laptop,Work,Credit Card,Shopping,No,Yes,1
1510,55,130822,12,259.29,45,59895,6,697,Laptop,Public,Credit Card,Shopping,Yes,Yes,1
1511,29,106182,0,176.22,9,32986,2,1702,Laptop,Public,Digital Wallet,Food,No,Yes,1
1512,40,3796,22,117.11,30,30840,6,2404,Laptop,Work,Credit Card,Electronics,No,Yes,1
1513,59,126410,22,24.99,84,50800,6,1045,Laptop,Unknown,Credit Card,Electronics,No,No,1
1514,39,151230,12,134.32,38,3586,7,365,Tablet,Home,Digital Wallet,Electronics,No,Yes,1
1515,38,151485,6,327.15,60,15360,5,695,Mobile,Home,Digital Wallet,Electronics,No,Yes,1
1516,44,19249,14,266.86,1,17513,0,110,Tablet,Public,Bank Transfer,Food,No,Yes,1
1517,48,130164,11,472.03,5,7907,4,2164,Mobile,Home,Credit Card,Travel,No,Yes,1
1518,23,53621,0,198.2,63,34042,4,1829,Mobile,Home,Credit Card,Entertainment,No,No,1
1519,44,45840,14,346.96,99,25435,2,287,Mobile,Public,Digital Wallet,Entertainment,No,Yes,1
1520,57,106711,3,244.71,36,49579,4,1020,Tablet,Home,Digital Wallet,Entertainment,No,Yes,1
1521,51,136128,12,256.34,65,34611,3,214,Laptop,Unknown,Debit Card,Entertainment,No,Yes,1
1522,29,66741,22,133.96,78,57050,5,1745,Laptop,Public,Credit Card,Food,No,No,1
1523,62,63911,4,227.53,73,76197,2,2775,Tablet,Work,Credit Card,Travel,No,No,1
1524,24,183332,1,235.45,94,77455,6,152,Laptop,Home,Credit Card,Food,No,No,1
1525,27,182485,22,353.35,24,41065,3,634,Mobile,Home,Bank Transfer,Travel,No,Yes,1
1526,62,63332,0,470.33,4,19783,4,2592,Laptop,Home,Credit Card,Food,No,Yes,1
1527,34,15517,15,164.73,78,66970,6,933,Laptop,Home,Digital Wallet,Shopping,No,No,1
1528,43,155901,22,21.2,89,38733,2,1567,Laptop,Unknown,Credit Card,Travel,No,No,1
1529,38,112592,5,248.2,68,23195,7,2011,Mobile,Home,Bank Transfer,Entertainment,No,Yes,1
1530,45,30199,22,272.28,25,43234,3,1424,Laptop,Home,Credit Card,Travel,No,Yes,1
1531,63,161133,15,84.3,74,2005,4,2382,Laptop,Work,Debit Card,Grocery,No,No,1
1532,19,143774,13,380.26,99,5863,1,1338,Laptop,Work,Credit Card,Electronics,No,Yes,1
1533,60,118574,2,492.47,7,49208,1,2734,Tablet,Public,Digital Wallet,Travel,Yes,Yes,1
1534,18,9356,14,472.89,13,44114,0,1895,Tablet,Home,Debit Card,Grocery,No,Yes,0
1535,68,34781,2,98.63,68,1510,1,1971,Laptop,Unknown,Credit Card,Electronics,No,No,1
1536,53,91428,22,437.69,43,20361,7,2339,Tablet,Work,Digital Wallet,Grocery,Yes,Yes,1
1537,68,195961,1,352.28,57,24625,3,1627,Tablet,Home,Debit Card,Electronics,Yes,No,1
1538,43,43461,0,226.98,36,9869,7,520,Mobile,Home,Digital Wallet,Shopping,No,Yes,1
1539,46,195675,8,270.35,14,69893,5,2815,Tablet,Home,Digital Wallet,Travel,No,Yes,1
1540,38,34640,8,424.82,82,27171,1,1084,Tablet,Work,Digital Wallet,Grocery,Yes,Yes,1
1541,28,157708,22,240.12,72,75900,2,731,Laptop,Home,Credit Card,Shopping,Yes,No,1
1542,57,84800,6,186.67,96,65012,2,2964,Mobile,Public,Credit Card,Entertainment,No,Yes,1
1543,28,194215,2,246.67,27,76156,2,1321,Mobile,Work,Digital Wallet,Travel,No,Yes,1
1544,53,78632,17,289.61,37,44638,1,2089,Mobile,Public,Debit Card,Food,No,No,1
1545,66,187747,10,94.62,87,53920,6,1244,Tablet,Home,Credit Card,Food,No,Yes,1
1546,56,127726,6,450.46,71,68589,7,1453,Laptop,Home,Digital Wallet,Food,No,No,1
1547,57,134043,8,337.13,76,15989,1,1590,Mobile,Home,Credit Card,Grocery,No,Yes,1
1548,52,46102,0,316.67,25,60289,0,1971,Mobile,Home,Bank Transfer,Grocery,No,Yes,1
1549,51,49912,13,49.84,67,70425,5,2168,Tablet,Public,Digital Wallet,Electronics,Yes,Yes,1
1550,64,153798,19,302.13,90,50203,6,629,Mobile,Home,Digital Wallet,Food,No,No,1
1551,41,191151,5,60.57,4,77125,5,1839,Laptop,Home,Credit Card,Entertainment,No,Yes,1
1552,39,109046,6,39.44,100,58728,6,2378,Mobile,Home,Debit Card,Grocery,No,No,1
1553,22,66768,9,263.7,79,3551,6,1164,Laptop,Home,Debit Card,Travel,Yes,Yes,1
1554,50,99103,6,201.45,96,38590,4,109,Laptop,Unknown,Debit Card,Grocery,No,Yes,1
1555,53,43098,1,294.45,93,29305,0,865,Laptop,Work,Credit Card,Travel,No,Yes,1
1556,64,194986,3,44.7,74,45057,3,681,Tablet,Work,Debit Card,Grocery,No,No,1
1557,37,104701,20,215.55,85,3055,2,2510,Tablet,Home,Debit Card,Electronics,No,Yes,1
1558,36,176779,16,87.48,16,50741,1,446,Laptop,Public,Debit Card,Electronics,No,Yes,1
1559,52,7912,0,493.55,19,78803,4,1500,Laptop,Work,Digital Wallet,Electronics,No,No,1
1560,69,61944,9,280.62,29,66494,4,2095,Mobile,Home,Debit Card,Entertainment,No,Yes,1
1561,60,133351,18,343.75,51,16566,6,1107,Mobile,Home,Credit Card,Grocery,No,Yes,1
1562,34,174970,14,162.78,18,5221,1,1933,Mobile,Public,Bank Transfer,Travel,No,Yes,0
1563,62,74701,9,47.46,58,78482,0,775,Tablet,Work,Digital Wallet,Grocery,No,Yes,1
1564,60,139447,18,487.94,44,6804,4,2032,Mobile,Work,Debit Card,Shopping,No,Yes,1
1565,51,181746,11,143.2,16,43467,5,269,Laptop,Home,Bank Transfer,Electronics,No,No,1
1566,26,47957,23,211.96,65,79263,0,2923,Laptop,Home,Credit Card,Food,No,Yes,1
1567,43,125655,15,324.97,2,40962,1,1974,Tablet,Work,Debit Card,Shopping,No,Yes,1
1568,19,20800,8,12.45,56,72334,6,2495,Tablet,Work,Digital Wallet,Shopping,No,No,1
1569,26,170636,14,405.15,79,50655,0,885,Mobile,Work,Digital Wallet,Electronics,No,Yes,1
1570,26,173523,16,268.34,28,76342,6,2676,Tablet,Work,Debit Card,Food,No,No,1
1571,57,93430,13,139.18,65,3089,5,1826,Laptop,Home,Bank Transfer,Electronics,No,Yes,1
1572,34,145041,17,30.9,5,37578,2,1801,Laptop,Unknown,Digital Wallet,Electronics,No,Yes,1
1573,18,191487,1,81.33,22,55418,6,449,Tablet,Public,Digital Wallet,Food,No,Yes,1
1574,42,152126,3,447.53,100,14101,6,2293,Laptop,Public,Debit Card,Shopping,No,Yes,1
1575,60,162727,17,343.04,13,8211,7,738,Tablet,Home,Debit Card,Shopping,No,Yes,1
1576,57,63453,6,125.03,65,59930,1,2628,Laptop,Home,Debit Card,Grocery,No,Yes,0
1577,59,176198,12,32.89,16,63827,5,1697,Mobile,Unknown,Credit Card,Food,No,Yes,1
1578,42,100872,14,345.34,86,4470,1,1383,Tablet,Work,Debit Card,Shopping,Yes,Yes,1
1579,56,178148,22,286.25,64,70035,5,2065,Tablet,Work,Digital Wallet,Entertainment,No,Yes,1
1580,52,91602,21,202.32,32,36676,5,2910,Tablet,Public,Digital Wallet,Electronics,No,Yes,1
1581,20,114043,0,181.87,80,42230,4,709,Laptop,Work,Digital Wallet,Entertainment,No,Yes,1
1582,67,109950,10,108.49,51,13885,4,516,Mobile,Work,Credit Card,Entertainment,No,Yes,1
1583,54,45195,9,334.84,79,6450,4,652,Tablet,Home,Debit Card,Grocery,No,Yes,1
1584,61,145442,4,485.34,58,74011,2,1468,Laptop,Home,Credit Card,Grocery,No,Yes,1
1585,61,162080,15,87.94,46,53509,2,248,Tablet,Home,Credit Card,Grocery,No,Yes,1
1586,68,15623,10,298.6,52,23898,5,2798,Laptop,Public,Digital Wallet,Entertainment,No,Yes,1
1587,47,62533,20,212.15,63,25777,3,2458,Mobile,Home,Debit Card,Travel,No,Yes,1
1588,55,178240,5,223.4,76,27261,1,2164,Laptop,Work,Digital Wallet,Travel,No,Yes,1
1589,51,20091,8,127.15,60,64935,4,1514,Laptop,Unknown,Credit Card,Entertainment,No,No,1
1590,29,10875,12,412.58,65,64444,1,2892,Tablet,Work,Debit Card,Electronics,No,Yes,0
1591,36,85095,23,242.68,81,32033,6,2488,Laptop,Work,Bank Transfer,Entertainment,No,Yes,1
1592,54,192422,7,271.75,55,73002,5,720,Tablet,Home,Credit Card,Entertainment,No,Yes,1
1593,61,147845,13,152.45,57,72623,0,2059,Laptop,Unknown,Debit Card,Grocery,No,No,1
1594,66,122908,23,90.99,92,23380,5,1042,Mobile,Home,Credit Card,Grocery,No,Yes,1
1595,34,158228,0,43.05,71,71127,2,2602,Laptop,Home,Bank Transfer,Grocery,No,Yes,1
1596,27,137786,16,357.09,73,42253,3,476,Tablet,Home,Digital Wallet,Travel,No,Yes,1
1597,66,7515,23,98.2,86,2061,0,2377,Laptop,Home,Digital Wallet,Entertainment,No,No,1
1598,64,175056,4,345.07,26,53705,1,2485,Laptop,Home,Digital Wallet,Electronics,Yes,Yes,1
1599,29,148136,1,195.25,12,60310,2,404,Mobile,Work,Digital Wallet,Electronics,Yes,Yes,1
1600,33,168898,23,207.95,71,64982,4,2310,Tablet,Home,Digital Wallet,Grocery,No,Yes,1
1601,41,37144,8,234.64,46,69692,0,1952,Mobile,Work,Debit Card,Grocery,No,Yes,1
1602,36,188321,3,183.92,47,28830,2,667,Laptop,Home,Debit Card,Entertainment,No,Yes,1
1603,25,168716,16,50.4,79,16639,1,1800,Mobile,Home,Debit Card,Electronics,No,Yes,1
1604,48,50076,16,154.88,38,33477,5,2727,Laptop,Work,Digital Wallet,Entertainment,Yes,No,1
1605,38,163424,20,331.9,21,5483,1,2263,Laptop,Public,Credit Card,Travel,Yes,Yes,1
1606,34,3932,17,332.93,14,40409,0,2155,Mobile,Public,Credit Card,Entertainment,No,No,1
1607,40,34248,15,143.18,2,64980,7,1534,Mobile,Public,Digital Wallet,Grocery,No,Yes,1
1608,54,192412,7,230.11,72,49529,0,223,Laptop,Work,Credit Card,Shopping,No,No,1
1609,33,112330,10,96.8,70,21829,5,1429,Mobile,Work,Digital Wallet,Travel,No,No,1
1610,23,85176,20,105.27,33,37234,0,2364,Mobile,Work,Bank Transfer,Electronics,No,Yes,0
1611,25,184631,20,11.62,6,43337,3,1535,Laptop,Work,Debit Card,Electronics,Yes,Yes,1
1612,42,38502,17,448.38,90,74854,4,1776,Tablet,Home,Bank Transfer,Grocery,No,Yes,1
1613,35,188899,22,105.43,37,76954,2,279,Mobile,Work,Digital Wallet,Grocery,No,Yes,1
1614,42,38678,23,113.84,14,67286,5,1254,Mobile,Home,Credit Card,Travel,No,Yes,1
1615,29,90553,9,139.87,37,5258,1,565,Tablet,Home,Digital Wallet,Grocery,No,No,1
1616,32,153490,12,63.79,8,68199,1,2377,Mobile,Work,Digital Wallet,Shopping,No,Yes,1
1617,43,75815,16,319.67,77,22332,4,1136,Laptop,Home,Credit Card,Travel,No,Yes,1
1618,58,111535,17,37.66,13,2368,0,2886,Mobile,Home,Credit Card,Grocery,No,Yes,1
1619,62,151638,9,67.19,40,51165,0,487,Laptop,Home,Credit Card,Food,No,Yes,1
1620,43,95842,15,322.41,92,42362,1,2768,Tablet,Public,Credit Card,Shopping,No,Yes,1
1621,64,45575,19,169.9,58,20228,4,1417,Tablet,Home,Credit Card,Travel,Yes,No,1
1622,49,60242,4,354.0,18,40357,1,2795,Tablet,Home,Bank Transfer,Food,Yes,Yes,1
1623,27,157736,12,278.76,57,28683,0,69,Mobile,Public,Debit Card,Entertainment,No,No,1
1624,33,153584,17,128.08,83,19440,5,1569,Tablet,Work,Digital Wallet,Shopping,No,Yes,1
1625,24,93626,16,325.45,38,5780,2,2185,Mobile,Home,Credit Card,Entertainment,No,Yes,1
1626,34,51101,8,58.23,32,2664,0,290,Mobile,Home,Debit Card,Food,No,Yes,1
1627,40,57749,13,268.25,86,18905,5,1671,Mobile,Home,Bank Transfer,Electronics,No,Yes,1
1628,43,192129,16,218.63,66,3321,2,1277,Tablet,Home,Digital Wallet,Electronics,No,Yes,1
1629,38,166689,3,134.01,77,55590,6,2603,Tablet,Home,Debit Card,Grocery,No,Yes,1
1630,39,144328,17,302.04,87,23016,3,2787,Mobile,Home,Debit Card,Electronics,No,No,1
1631,24,154236,19,435.68,25,10973,4,155,Tablet,Unknown,Digital Wallet,Entertainment,No,Yes,1
1632,31,25811,23,499.45,92,46954,5,1259,Mobile,Work,Debit Card,Shopping,No,Yes,1
1633,32,30206,23,303.92,58,43030,3,1336,Tablet,Work,Credit Card,Entertainment,No,Yes,1
1634,24,65558,14,202.41,75,78214,0,2131,Laptop,Home,Debit Card,Entertainment,No,Yes,1
1635,26,147761,10,112.68,33,69581,6,2423,Tablet,Home,Digital Wallet,Electronics,Yes,Yes,1
1636,68,130529,11,128.62,88,25298,4,165,Tablet,Unknown,Credit Card,Entertainment,No,Yes,1
1637,65,101854,8,239.78,66,1363,5,2407,Tablet,Home,Debit Card,Food,No,No,1
1638,25,138386,12,183.7,30,16648,6,1489,Mobile,Public,Debit Card,Travel,No,Yes,1
1639,67,126579,14,456.92,81,54959,7,165,Mobile,Work,Digital Wallet,Travel,No,Yes,1
1640,40,158299,14,184.21,34,66689,0,842,Laptop,Unknown,Credit Card,Travel,No,Yes,0
1641,46,136313,4,186.78,86,8629,4,881,Laptop,Home,Credit Card,Grocery,Yes,Yes,1
1642,35,28984,22,191.83,69,23618,7,1774,Laptop,Home,Debit Card,Electronics,No,Yes,1
1643,48,2808,18,418.33,48,943,4,1968,Mobile,Unknown,Debit Card,Electronics,No,No,1
1644,47,18475,19,325.43,40,27541,0,900,Laptop,Unknown,Bank Transfer,Travel,Yes,Yes,1
1645,69,15188,13,307.12,51,21553,0,2969,Laptop,Home,Bank Transfer,Shopping,No,Yes,1
1646,56,57715,16,167.14,80,37704,6,1502,Tablet,Public,Digital Wallet,Grocery,No,No,1
1647,52,110238,17,408.97,13,42740,6,664,Laptop,Home,Digital Wallet,Travel,Yes,No,1
1648,35,176218,20,19.28,90,61602,5,1681,Tablet,Home,Digital Wallet,Entertainment,No,Yes,1
1649,59,10114,2,435.41,31,8791,4,698,Mobile,Work,Debit Card,Travel,No,Yes,1
1650,56,195597,1,256.42,39,16785,5,1323,Mobile,Work,Digital Wallet,Travel,Yes,No,1
1651,34,134445,0,199.19,63,62089,6,298,Tablet,Public,Credit Card,Shopping,No,Yes,1
1652,31,178307,9,248.63,48,14444,4,890,Laptop,Home,Bank Transfer,Electronics,No,Yes,1
1653,48,102942,18,333.74,87,54891,5,511,Mobile,Home,Debit Card,Electronics,No,Yes,1
1654,41,162053,16,6.48,48,2107,0,1291,Tablet,Work,Digital Wallet,Entertainment,No,Yes,1
1655,52,78177,11,435.79,61,3453,0,2362,Mobile,Home,Debit Card,Travel,No,Yes,1
1656,61,139884,0,223.43,12,45441,7,132,Mobile,Home,Digital Wallet,Food,No,Yes,1
1657,62,52974,11,171.55,78,71969,1,1483,Laptop,Work,Digital Wallet,Entertainment,No,Yes,0
1658,51,69187,16,69.21,56,77422,6,821,Mobile,Home,Bank Transfer,Electronics,No,No,1
1659,20,12397,23,219.79,18,62183,5,1707,Tablet,Work,Digital Wallet,Shopping,No,Yes,1
1660,54,27228,2,248.21,27,70718,1,268,Laptop,Home,Credit Card,Electronics,No,Yes,1
1661,60,68468,10,201.88,28,11654,1,2818,Tablet,Work,Credit Card,Electronics,No,Yes,1
1662,57,79058,16,339.36,82,9547,3,2722,Tablet,Work,Digital Wallet,Shopping,No,Yes,1
1663,43,33020,22,210.51,80,76374,4,1618,Tablet,Home,Bank Transfer,Travel,No,Yes,1
1664,40,142328,2,480.71,52,14823,2,911,Laptop,Home,Debit Card,Travel,No,Yes,1
1665,61,142280,7,299.68,16,38193,3,2684,Mobile,Home,Debit Card,Electronics,No,Yes,1
1666,56,163017,19,403.76,77,59230,6,2265,Tablet,Home,Credit Card,Entertainment,Yes,Yes,1
1667,32,133972,3,54.77,58,26792,7,917,Mobile,Work,Debit Card,Food,No,No,1
1668,66,173884,20,198.71,93,45611,4,1309,Mobile,Public,Debit Card,Entertainment,No,No,1
1669,21,133782,21,168.49,9,75953,2,953,Tablet,Work,Credit Card,Grocery,Yes,Yes,1
1670,46,77703,6,284.78,26,76181,1,823,Mobile,Work,Credit Card,Entertainment,No,Yes,1
1671,39,33972,13,430.57,28,39991,7,2607,Laptop,Home,Debit Card,Electronics,No,Yes,1
1672,42,10828,13,39.26,77,49836,2,705,Laptop,Home,Debit Card,Electronics,No,Yes,0
1673,30,95202,3,36.38,36,17405,0,2469,Mobile,Public,Credit Card,Food,No,Yes,0
1674,35,122149,15,425.17,9,30773,6,1711,Mobile,Public,Debit Card,Food,No,Yes,1
1675,50,20683,23,106.5,47,26734,7,1521,Laptop,Work,Digital Wallet,Food,No,No,1
1676,33,85874,21,334.41,78,79385,0,1879,Mobile,Home,Debit Card,Electronics,Yes,No,1
1677,62,138435,0,271.48,51,67038,5,1306,Mobile,Unknown,Digital Wallet,Electronics,No,Yes,1
1678,59,126474,16,416.46,76,33073,7,701,Mobile,Home,Digital Wallet,Entertainment,No,Yes,1
1679,61,198622,9,62.63,57,64820,7,2938,Mobile,Unknown,Credit Card,Electronics,No,No,1
1680,19,150628,21,64.98,32,11830,4,2543,Tablet,Unknown,Credit Card,Grocery,No,Yes,1
1681,52,91218,15,278.45,67,73053,3,868,Mobile,Home,Debit Card,Travel,No,Yes,1
1682,59,66042,15,473.19,57,41853,6,1342,Laptop,Public,Debit Card,Travel,No,Yes,1
1683,51,13789,7,207.56,54,16511,1,1103,Tablet,Public,Debit Card,Food,No,Yes,1
1684,47,164106,6,163.54,16,61485,6,33,Tablet,Public,Debit Card,Electronics,No,Yes,1
1685,30,33376,5,303.38,62,17544,4,1684,Laptop,Work,Bank Transfer,Grocery,No,No,1
1686,30,102068,15,465.23,84,38792,7,2929,Mobile,Home,Credit Card,Travel,Yes,Yes,1
1687,35,151045,19,418.48,96,5750,1,1938,Tablet,Work,Digital Wallet,Entertainment,No,Yes,1
1688,49,13150,15,497.74,56,23789,0,1923,Tablet,Home,Credit Card,Shopping,No,Yes,1
1689,49,66316,6,11.38,23,33587,6,1952,Mobile,Home,Digital Wallet,Entertainment,No,No,1
1690,52,84140,8,56.52,17,76452,3,1315,Mobile,Home,Credit Card,Shopping,No,No,1
1691,56,21744,13,304.77,80,36868,3,564,Laptop,Work,Credit Card,Grocery,No,Yes,1
1692,63,62121,10,410.31,38,71315,0,2980,Tablet,Home,Credit Card,Entertainment,No,No,1
1693,69,168297,13,142.69,72,61540,2,1114,Mobile,Home,Digital Wallet,Travel,No,Yes,1
1694,46,198071,6,119.68,83,59400,3,1409,Mobile,Home,Credit Card,Electronics,No,Yes,1
1695,66,42391,0,393.51,30,15994,2,675,Laptop,Work,Bank Transfer,Shopping,Yes,Yes,1
1696,46,166232,12,28.29,58,45666,1,53,Tablet,Work,Digital Wallet,Electronics,No,Yes,1
1697,61,132710,19,184.75,98,25833,3,1346,Mobile,Home,Bank Transfer,Grocery,No,Yes,1
1698,33,167348,2,252.95,78,33550,5,586,Laptop,Public,Debit Card,Electronics,No,Yes,1
1699,61,41620,19,280.22,22,48570,7,2768,Tablet,Home,Digital Wallet,Travel,No,Yes,1
1700,64,25775,3,364.33,17,5666,0,385,Tablet,Work,Digital Wallet,Grocery,No,Yes,1
1701,27,149459,10,177.49,15,7621,7,2037,Tablet,Unknown,Debit Card,Food,Yes,Yes,1
1702,47,274,1,306.38,48,15177,7,899,Tablet,Unknown,Debit Card,Food,Yes,Yes,1
1703,42,92368,13,292.73,32,57061,6,604,Laptop,Home,Digital Wallet,Shopping,No,Yes,1
1704,56,35098,11,273.85,77,38164,2,58,Mobile,Public,Digital Wallet,Travel,No,Yes,1
1705,37,184484,16,320.28,85,1793,5,2434,Tablet,Public,Debit Card,Electronics,No,No,1
1706,22,143284,11,129.8,40,22943,1,394,Tablet,Work,Digital Wallet,Entertainment,No,No,1
1707,18,105510,11,42.42,97,49712,1,2685,Mobile,Work,Debit Card,Entertainment,No,Yes,0
1708,47,75325,0,59.72,57,75776,3,438,Tablet,Home,Debit Card,Grocery,No,Yes,1
1709,66,44914,12,112.37,58,13059,3,1344,Tablet,Work,Credit Card,Shopping,No,Yes,1
1710,20,85191,13,250.15,91,65731,5,2644,Mobile,Home,Credit Card,Shopping,No,No,1
1711,62,50819,23,420.24,99,39544,4,1206,Mobile,Unknown,Bank Transfer,Shopping,Yes,Yes,1
1712,31,129987,1,350.68,16,22247,4,248,Tablet,Home,Debit Card,Travel,No,No,1
1713,47,34019,11,394.54,28,74009,3,2250,Mobile,Work,Credit Card,Entertainment,No,Yes,1
1714,67,73255,20,175.55,98,30629,4,637,Laptop,Home,Debit Card,Grocery,No,No,0
1715,21,71669,15,202.39,1,537,0,1065,Laptop,Home,Debit Card,Travel,No,Yes,1
1716,35,41428,3,196.9,41,49003,5,1569,Tablet,Home,Digital Wallet,Grocery,No,No,0
1717,54,24718,7,96.02,48,28707,0,887,Tablet,Home,Digital Wallet,Travel,No,Yes,0
1718,42,34775,1,30.7,31,33741,4,1632,Mobile,Work,Debit Card,Electronics,No,No,1
1719,65,19019,9,295.5,36,558,3,2734,Mobile,Unknown,Digital Wallet,Travel,No,Yes,1
1720,18,4273,8,494.61,33,68672,7,998,Tablet,Work,Debit Card,Travel,No,Yes,1
1721,63,109469,22,83.5,33,15334,7,1530,Tablet,Work,Bank Transfer,Electronics,No,No,1
1722,32,26500,14,23.44,82,27690,0,1135,Laptop,Work,Digital Wallet,Food,Yes,Yes,1
1723,26,181617,12,389.79,23,73332,1,1670,Mobile,Home,Debit Card,Electronics,No,Yes,1
1724,32,70405,22,126.37,60,21883,6,1746,Tablet,Home,Bank Transfer,Shopping,No,Yes,1
1725,66,168736,16,414.84,87,25160,7,2518,Tablet,Home,Credit Card,Food,No,No,1
1726,41,176986,15,352.0,79,3174,7,646,Mobile,Work,Credit Card,Entertainment,No,No,1
1727,21,88891,1,472.84,90,23320,3,255,Mobile,Home,Debit Card,Grocery,No,Yes,1
1728,29,159134,19,204.52,30,26166,5,2448,Tablet,Home,Digital Wallet,Travel,No,Yes,1
1729,54,70633,19,331.02,89,44294,2,57,Tablet,Work,Debit Card,Food,No,No,1
1730,54,187356,13,232.48,45,2576,2,1024,Tablet,Public,Digital Wallet,Entertainment,No,Yes,1
1731,60,103691,2,315.33,80,65354,3,45,Mobile,Work,Digital Wallet,Electronics,No,No,1
1732,23,141750,22,224.85,39,52842,4,362,Tablet,Unknown,Credit Card,Electronics,No,No,1
1733,56,131160,11,94.4,45,38055,7,512,Tablet,Work,Debit Card,Shopping,No,No,1
1734,63,149796,7,254.0,78,55708,7,595,Tablet,Work,Bank Transfer,Shopping,No,Yes,1
1735,41,39294,1,264.34,81,32906,0,2191,Laptop,Work,Debit Card,Food,No,No,1
1736,28,110003,3,405.32,12,62072,0,2115,Laptop,Unknown,Credit Card,Grocery,No,No,1
1737,30,131561,13,367.79,93,40762,3,483,Mobile,Home,Digital Wallet,Travel,No,No,1
1738,51,99403,15,331.93,32,23716,1,2819,Tablet,Home,Digital Wallet,Electronics,Yes,Yes,1
1739,42,114003,18,56.78,56,68617,5,195,Tablet,Home,Debit Card,Food,No,Yes,1
1740,24,67491,1,360.34,24,30784,4,2771,Mobile,Work,Bank Transfer,Food,No,Yes,1
1741,69,144966,11,250.2,13,20671,7,2282,Mobile,Public,Credit Card,Grocery,No,Yes,1
1742,21,58102,13,447.06,20,14833,1,907,Mobile,Home,Debit Card,Food,No,Yes,1
1743,25,35631,5,459.94,79,31035,3,274,Tablet,Home,Digital Wallet,Shopping,Yes,Yes,1
1744,37,183987,12,27.67,56,76440,3,1924,Laptop,Public,Digital Wallet,Grocery,Yes,Yes,1
1745,46,5086,3,410.34,53,34200,7,1386,Mobile,Work,Debit Card,Electronics,No,No,1
1746,68,32398,21,18.94,68,42016,1,972,Tablet,Work,Debit Card,Shopping,No,No,1
1747,62,1581,17,183.65,54,16077,2,2898,Mobile,Public,Bank Transfer,Shopping,No,No,0
1748,63,56508,11,271.2,34,15515,3,2584,Tablet,Work,Debit Card,Grocery,No,Yes,1
1749,27,122050,19,74.14,28,21736,5,1982,Mobile,Work,Credit Card,Grocery,No,Yes,1
1750,60,148007,21,373.18,50,67140,6,1312,Tablet,Home,Debit Card,Food,No,Yes,1
1751,51,125455,20,4.28,2,46204,4,1775,Mobile,Home,Bank Transfer,Entertainment,Yes,Yes,1
1752,43,27898,18,84.38,94,42869,1,439,Laptop,Home,Credit Card,Entertainment,No,Yes,0
1753,58,91749,7,290.44,26,4146,2,2387,Mobile,Work,Credit Card,Entertainment,No,Yes,1
1754,66,64987,6,357.22,51,26406,1,2145,Mobile,Public,Credit Card,Food,No,Yes,1
1755,20,19577,15,458.33,47,48228,2,2191,Laptop,Public,Debit Card,Travel,No,Yes,1
1756,23,148438,18,352.78,26,15378,2,2297,Mobile,Public,Debit Card,Electronics,No,Yes,1
1757,22,127915,5,335.92,84,9645,5,2297,Laptop,Home,Credit Card,Food,Yes,Yes,1
1758,22,174698,19,197.23,92,18726,4,1526,Tablet,Public,Credit Card,Food,No,Yes,1
1759,64,127526,20,0.74,84,3302,3,2807,Laptop,Work,Digital Wallet,Shopping,No,Yes,1
1760,40,143061,10,60.17,75,24619,2,2826,Laptop,Home,Credit Card,Entertainment,No,Yes,1
1761,66,24435,4,267.32,74,64060,3,415,Tablet,Work,Debit Card,Grocery,No,Yes,1
1762,26,142426,15,337.6,61,57853,4,959,Laptop,Home,Digital Wallet,Food,No,Yes,1
1763,52,86710,6,208.78,23,62626,3,434,Laptop,Home,Bank Transfer,Travel,No,No,1
1764,37,11542,4,365.37,37,72141,7,521,Tablet,Unknown,Bank Transfer,Electronics,No,Yes,1
1765,66,46389,10,260.98,41,52212,5,386,Mobile,Work,Debit Card,Travel,No,Yes,1
1766,59,53847,14,37.18,52,52689,5,244,Mobile,Home,Credit Card,Food,No,No,1
1767,52,37427,2,96.09,83,58284,0,1433,Laptop,Work,Bank Transfer,Food,Yes,Yes,1
1768,67,147371,4,420.02,82,68785,5,781,Mobile,Public,Bank Transfer,Shopping,No,Yes,1
1769,35,72927,22,362.48,49,43449,2,856,Mobile,Work,Credit Card,Travel,No,Yes,1
1770,34,106564,20,447.39,27,34629,4,1267,Laptop,Home,Debit Card,Shopping,No,Yes,1
1771,41,131284,4,58.87,6,25012,5,1151,Tablet,Home,Digital Wallet,Grocery,No,Yes,1
1772,20,87151,8,495.11,74,79531,1,2605,Mobile,Home,Credit Card,Travel,No,Yes,1
1773,49,150753,14,104.78,66,64054,4,2993,Laptop,Public,Debit Card,Entertainment,No,No,1
1774,52,59822,2,5.99,24,2564,2,695,Tablet,Home,Debit Card,Grocery,No,Yes,1
1775,55,92136,5,498.71,38,52067,4,2787,Mobile,Work,Digital Wallet,Entertainment,Yes,No,1
1776,30,147695,16,140.61,28,30511,5,2058,Tablet,Work,Digital Wallet,Travel,Yes,No,1
1777,64,67060,20,334.04,28,71652,1,2612,Laptop,Public,Digital Wallet,Shopping,No,No,1
1778,42,19652,7,88.42,66,74011,0,583,Tablet,Work,Debit Card,Entertainment,No,No,1
1779,26,141980,20,290.16,61,11460,2,1602,Tablet,Work,Credit Card,Food,No,Yes,1
1780,21,154792,10,452.03,46,59420,6,357,Laptop,Home,Debit Card,Electronics,No,Yes,1
1781,31,987,5,160.16,69,21887,7,2979,Mobile,Home,Bank Transfer,Shopping,Yes,Yes,1
1782,54,31902,7,335.16,75,15824,2,1218,Mobile,Public,Bank Transfer,Grocery,No,No,1
1783,51,85124,9,94.03,74,64460,4,179,Tablet,Public,Digital Wallet,Grocery,No,Yes,1
1784,28,118739,23,312.44,43,72279,6,1085,Tablet,Public,Debit Card,Travel,No,Yes,1
1785,58,118348,2,168.29,59,33128,6,686,Tablet,Public,Bank Transfer,Grocery,No,No,1
1786,20,82038,22,105.68,2,75596,3,2883,Tablet,Unknown,Debit Card,Electronics,No,Yes,1
1787,45,122846,13,156.66,15,47952,6,1966,Mobile,Work,Credit Card,Electronics,No,Yes,1
1788,46,26149,22,89.5,37,41598,3,322,Laptop,Unknown,Debit Card,Food,No,Yes,0
1789,26,77889,13,450.97,71,70959,7,2996,Laptop,Work,Debit Card,Grocery,No,Yes,1
1790,20,84626,9,198.65,20,39735,6,2766,Laptop,Home,Digital Wallet,Shopping,No,Yes,1
1791,42,139018,11,122.72,98,28449,1,986,Tablet,Home,Debit Card,Electronics,Yes,Yes,1
1792,51,46320,5,224.26,35,23321,0,1114,Tablet,Public,Digital Wallet,Shopping,No,No,1
1793,29,46263,11,160.34,34,72112,0,1642,Laptop,Home,Debit Card,Food,No,Yes,1
1794,59,134937,22,372.24,86,22532,6,445,Mobile,Public,Credit Card,Travel,No,Yes,1
1795,26,117226,13,485.61,31,74037,4,2675,Laptop,Home,Credit Card,Electronics,No,Yes,1
1796,32,81586,1,219.07,87,15803,4,2084,Mobile,Home,Credit Card,Electronics,No,Yes,1
1797,57,176442,8,430.53,19,12803,3,947,Tablet,Home,Debit Card,Electronics,No,Yes,1
1798,42,75377,9,282.97,68,51201,5,114,Laptop,Home,Credit Card,Grocery,No,Yes,1
1799,22,104345,16,78.7,24,51011,0,2851,Laptop,Home,Debit Card,Shopping,No,Yes,0
1800,28,122432,16,345.34,84,18780,5,986,Tablet,Home,Digital Wallet,Electronics,Yes,Yes,1
1801,51,23031,2,256.77,39,39927,0,1451,Mobile,Unknown,Bank Transfer,Shopping,No,Yes,1
1802,41,89216,18,325.34,92,7467,5,1965,Laptop,Home,Digital Wallet,Grocery,No,Yes,1
1803,32,55733,0,444.85,54,7161,5,1824,Laptop,Home,Credit Card,Entertainment,Yes,Yes,1
1804,55,52013,11,220.27,39,78452,0,1446,Mobile,Home,Debit Card,Entertainment,No,Yes,0
1805,25,94876,6,450.6,17,66546,7,1100,Laptop,Work,Credit Card,Shopping,No,No,1
1806,22,26091,3,375.36,19,35700,1,1551,Laptop,Work,Digital Wallet,Grocery,No,No,1
1807,65,186017,9,244.35,48,67942,1,2683,Tablet,Work,Credit Card,Entertainment,No,Yes,1
1808,43,104192,12,301.65,35,62171,4,1531,Mobile,Home,Debit Card,Food,No,Yes,1
1809,35,186484,1,162.86,32,58668,5,2503,Laptop,Home,Debit Card,Food,No,No,1
1810,23,141733,9,491.8,47,48822,5,2503,Laptop,Work,Debit Card,Entertainment,No,Yes,1
1811,54,148073,20,333.71,47,38196,7,765,Tablet,Unknown,Digital Wallet,Travel,No,No,1
1812,65,95656,21,22.02,64,70746,5,2868,Laptop,Home,Credit Card,Shopping,Yes,Yes,1
1813,30,62975,3,163.38,46,39392,7,2592,Tablet,Work,Debit Card,Entertainment,No,No,1
1814,45,157089,17,311.69,35,16083,5,1182,Laptop,Home,Digital Wallet,Shopping,No,Yes,1
1815,22,62220,4,28.26,94,55715,5,1302,Tablet,Home,Debit Card,Grocery,No,Yes,1
1816,30,133160,18,12.04,17,25353,7,770,Mobile,Work,Debit Card,Entertainment,No,No,1
1817,34,110141,1,225.07,42,6609,3,1892,Mobile,Work,Credit Card,Food,No,No,1
1818,67,128567,11,166.41,29,60257,2,160,Laptop,Home,Digital Wallet,Grocery,No,Yes,1
1819,57,145428,16,219.21,70,7159,5,1793,Laptop,Home,Digital Wallet,Travel,Yes,No,1
1820,62,118590,9,131.42,17,1738,3,1742,Tablet,Public,Bank Transfer,Shopping,No,Yes,1
1821,49,126255,1,82.44,81,15564,1,352,Tablet,Unknown,Digital Wallet,Travel,No,Yes,1
1822,46,28330,5,344.6,14,31615,5,852,Mobile,Public,Debit Card,Food,No,Yes,1
1823,68,59878,7,257.33,24,32452,1,572,Laptop,Work,Credit Card,Electronics,No,Yes,1
1824,20,45933,18,100.16,57,6120,4,2143,Tablet,Work,Credit Card,Electronics,No,No,1
1825,57,22725,10,159.86,50,44758,2,2795,Mobile,Home,Bank Transfer,Shopping,No,Yes,1
1826,51,32188,11,295.94,57,4970,0,1885,Mobile,Home,Debit Card,Grocery,No,Yes,1
1827,57,172339,8,36.21,61,22503,2,2108,Tablet,Home,Digital Wallet,Food,No,Yes,1
1828,44,104037,1,73.81,39,28071,5,914,Laptop,Work,Bank Transfer,Shopping,No,Yes,1
1829,30,196475,7,36.72,55,25168,5,220,Mobile,Home,Digital Wallet,Grocery,No,Yes,1
1830,62,76461,10,406.18,96,77759,7,444,Tablet,Unknown,Debit Card,Shopping,No,Yes,1
1831,50,88329,20,376.23,36,32546,2,1868,Mobile,Home,Debit Card,Shopping,No,No,1
1832,23,135289,3,376.68,37,71477,2,2824,Laptop,Home,Credit Card,Travel,No,Yes,1
1833,41,90365,9,358.19,14,77755,4,1843,Tablet,Home,Debit Card,Entertainment,No,Yes,1
1834,36,97818,20,334.73,27,5897,6,1790,Laptop,Home,Digital Wallet,Food,Yes,Yes,1
1835,33,60810,19,238.55,83,22733,1,1099,Laptop,Home,Credit Card,Travel,No,Yes,1
1836,57,94976,15,321.17,31,60808,7,1751,Mobile,Home,Digital Wallet,Grocery,No,Yes,1
1837,45,198226,7,19.28,73,70226,0,404,Laptop,Home,Digital Wallet,Entertainment,Yes,Yes,1
1838,50,31049,3,310.77,81,63719,7,587,Mobile,Work,Debit Card,Shopping,No,Yes,1
1839,65,153719,9,388.96,83,1630,6,1310,Tablet,Work,Debit Card,Electronics,No,No,1
1840,58,68236,11,250.23,44,14571,2,1974,Tablet,Home,Credit Card,Travel,No,Yes,1
1841,30,111641,13,178.82,68,2618,0,1626,Mobile,Work,Credit Card,Food,No,No,1
1842,60,195791,15,138.79,48,1163,2,1158,Mobile,Work,Credit Card,Food,No,Yes,1
1843,62,61942,21,321.44,57,62908,7,1390,Mobile,Home,Debit Card,Entertainment,Yes,Yes,1
1844,42,27090,17,346.43,75,52286,1,1354,Laptop,Unknown,Credit Card,Travel,No,Yes,1
1845,59,147365,20,435.5,22,19658,0,1130,Tablet,Work,Bank Transfer,Shopping,Yes,Yes,1
1846,53,30209,21,171.23,4,31587,6,1564,Tablet,Home,Debit Card,Entertainment,No,Yes,1
1847,44,130456,20,384.91,81,53621,3,1283,Laptop,Public,Credit Card,Grocery,No,No,1
1848,55,150405,11,280.72,72,20374,1,1732,Mobile,Unknown,Debit Card,Food,No,Yes,1
1849,24,128233,17,441.43,46,41321,6,2655,Tablet,Public,Digital Wallet,Grocery,No,Yes,1
1850,22,165682,6,263.95,59,61082,0,61,Laptop,Work,Bank Transfer,Travel,No,Yes,1
1851,60,1406,19,258.86,34,23287,2,1661,Mobile,Home,Debit Card,Electronics,No,Yes,1
1852,62,3949,23,288.98,11,65203,6,87,Tablet,Home,Digital Wallet,Grocery,No,Yes,1
1853,68,12460,22,374.68,31,22205,2,1157,Mobile,Work,Bank Transfer,Shopping,No,No,1
1854,48,111172,6,482.35,11,69881,1,341,Laptop,Public,Digital Wallet,Food,No,Yes,1
1855,40,94867,8,36.87,56,45153,1,1782,Tablet,Work,Credit Card,Travel,No,No,1
1856,59,176972,0,26.81,38,32752,6,2031,Mobile,Public,Digital Wallet,Electronics,No,Yes,1
1857,27,168135,5,468.78,21,73832,2,2767,Mobile,Home,Debit Card,Food,Yes,Yes,1
1858,49,54430,5,264.98,94,73299,0,1427,Mobile,Home,Digital Wallet,Electronics,No,Yes,1
1859,60,51807,21,307.49,10,62685,6,1812,Laptop,Public,Credit Card,Food,No,Yes,1
1860,47,18789,11,241.26,26,78813,3,2312,Mobile,Unknown,Digital Wallet,Entertainment,Yes,Yes,1
1861,56,29184,21,46.92,91,42038,7,2720,Tablet,Public,Digital Wallet,Entertainment,Yes,Yes,1
1862,48,40487,11,384.07,8,20843,4,1442,Tablet,Unknown,Credit Card,Entertainment,Yes,Yes,1
1863,35,74916,9,373.64,8,41732,1,1461,Mobile,Home,Digital Wallet,Travel,No,No,1
1864,53,2742,22,155.92,60,53606,2,831,Laptop,Work,Credit Card,Entertainment,No,Yes,1
1865,19,42237,5,153.19,72,53579,0,268,Tablet,Public,Credit Card,Travel,No,Yes,1
1866,31,186733,16,418.94,34,25528,1,1805,Tablet,Work,Debit Card,Shopping,No,Yes,1
1867,30,62360,18,36.27,16,42635,0,1348,Tablet,Home,Digital Wallet,Entertainment,No,No,1
1868,46,146610,17,440.56,13,31566,1,141,Mobile,Home,Debit Card,Travel,No,Yes,1
1869,29,48542,5,128.41,87,21410,2,2553,Tablet,Work,Debit Card,Food,No,Yes,0
1870,56,103161,23,296.53,76,7641,0,2381,Mobile,Home,Bank Transfer,Travel,No,No,1
1871,19,134166,18,468.0,91,46450,2,1358,Mobile,Work,Digital Wallet,Grocery,No,Yes,1
1872,49,125944,9,339.09,22,56223,0,319,Mobile,Home,Digital Wallet,Travel,No,Yes,1
1873,30,99675,23,207.27,96,16725,1,2285,Mobile,Home,Credit Card,Grocery,Yes,Yes,1
1874,63,1913,7,344.8,27,33459,4,2945,Mobile,Unknown,Debit Card,Food,Yes,Yes,1
1875,44,93127,20,172.06,64,49692,7,1839,Tablet,Work,Credit Card,Travel,No,No,1
1876,66,123589,23,138.7,2,10551,7,611,Mobile,Unknown,Bank Transfer,Food,No,No,1
1877,58,84481,5,498.34,97,71928,4,399,Mobile,Home,Credit Card,Grocery,No,No,1
1878,34,55376,20,375.42,26,3949,7,249,Mobile,Public,Credit Card,Electronics,No,No,1
1879,57,41343,6,322.4,92,41595,6,2879,Mobile,Home,Digital Wallet,Entertainment,No,Yes,1
1880,48,194084,23,177.71,83,78429,3,2896,Mobile,Home,Debit Card,Grocery,No,Yes,1
1881,51,60372,0,24.68,69,29690,3,1926,Mobile,Public,Debit Card,Shopping,No,No,1
1882,41,173223,17,15.63,97,26641,6,378,Tablet,Unknown,Debit Card,Travel,No,Yes,1
1883,62,65718,23,277.14,84,24408,6,2332,Mobile,Home,Credit Card,Food,No,Yes,1
1884,52,2020,19,381.04,30,32822,5,481,Mobile,Public,Debit Card,Entertainment,No,Yes,1
1885,65,106221,11,268.74,8,51210,2,2219,Tablet,Work,Debit Card,Travel,No,No,1
1886,23,76972,15,420.41,38,14512,0,118,Tablet,Public,Digital Wallet,Entertainment,No,Yes,1
1887,36,81232,9,16.81,61,35389,3,900,Laptop,Work,Debit Card,Electronics,Yes,No,1
1888,47,2193,9,183.44,81,17912,1,1189,Tablet,Work,Debit Card,Travel,No,Yes,0
1889,24,13005,13,118.61,65,25157,6,2072,Tablet,Home,Digital Wallet,Food,No,Yes,1
1890,27,121859,19,223.69,67,6156,7,1904,Mobile,Home,Digital Wallet,Electronics,No,No,1
1891,58,155523,9,36.28,46,9467,4,552,Laptop,Work,Digital Wallet,Travel,Yes,No,1
1892,49,31081,9,477.07,90,16264,0,2737,Mobile,Work,Digital Wallet,Entertainment,No,Yes,1
1893,51,74003,10,111.71,95,16373,5,939,Laptop,Home,Digital Wallet,Electronics,No,Yes,1
1894,45,70921,22,461.16,72,51530,4,471,Mobile,Home,Debit Card,Food,No,Yes,1
1895,32,109300,1,213.0,43,68307,7,67,Tablet,Home,Digital Wallet,Travel,No,No,1
1896,47,82389,19,492.76,59,2107,6,1910,Tablet,Public,Debit Card,Entertainment,No,Yes,1
1897,54,116606,7,277.07,46,20023,0,239,Laptop,Work,Credit Card,Entertainment,No,Yes,1
1898,46,78613,22,465.42,72,48947,6,2590,Mobile,Unknown,Debit Card,Grocery,No,Yes,1
1899,39,151046,6,2.77,35,50257,3,1630,Mobile,Public,Credit Card,Electronics,No,Yes,1
1900,21,182103,7,374.14,39,69701,3,1010,Tablet,Work,Credit Card,Travel,No,Yes,1
1901,37,138846,0,451.54,92,71888,2,410,Tablet,Public,Credit Card,Grocery,No,No,1
1902,49,50616,20,69.95,51,5962,7,2905,Laptop,Home,Credit Card,Entertainment,No,No,1
1903,53,191858,1,48.15,4,32295,5,1590,Tablet,Home,Digital Wallet,Electronics,No,No,1
1904,67,69312,17,212.34,80,70306,0,2936,Laptop,Home,Digital Wallet,Shopping,No,Yes,0
1905,21,133598,14,466.85,77,48965,5,423,Laptop,Work,Debit Card,Entertainment,No,No,1
1906,44,131070,0,271.24,84,61609,1,1103,Laptop,Public,Digital Wallet,Electronics,No,Yes,1
1907,34,90109,4,263.78,51,51028,5,425,Laptop,Work,Credit Card,Shopping,No,Yes,1
1908,29,199670,1,70.65,5,36730,6,1806,Tablet,Home,Digital Wallet,Electronics,No,Yes,1
1909,39,161115,19,0.49,55,48742,6,2109,Laptop,Work,Debit Card,Entertainment,No,Yes,1
1910,34,197567,2,405.09,20,66383,3,574,Tablet,Work,Credit Card,Shopping,No,Yes,1
1911,27,44916,18,43.88,24,2283,2,2789,Laptop,Home,Credit Card,Electronics,Yes,Yes,1
1912,18,4238,17,316.96,36,28890,7,1114,Tablet,Work,Debit Card,Travel,No,No,1
1913,39,91276,21,457.32,34,8917,6,582,Laptop,Public,Credit Card,Shopping,Yes,Yes,1
1914,43,76045,17,104.41,54,72602,3,1494,Tablet,Unknown,Debit Card,Electronics,No,Yes,1
1915,35,4117,13,332.67,34,17926,4,1183,Mobile,Work,Credit Card,Travel,Yes,Yes,1
1916,67,10551,23,39.44,83,31250,3,1407,Laptop,Home,Credit Card,Shopping,No,No,1
1917,31,194128,7,301.92,17,58688,0,2275,Laptop,Home,Credit Card,Electronics,No,Yes,1
1918,64,93963,11,82.05,5,11372,7,2876,Mobile,Work,Digital Wallet,Entertainment,No,Yes,1
1919,46,10378,20,368.0,89,48586,2,1716,Mobile,Unknown,Credit Card,Shopping,No,Yes,1
1920,29,43864,9,150.69,18,67270,6,1769,Laptop,Home,Credit Card,Shopping,No,Yes,1
1921,53,123130,22,231.75,55,35220,0,723,Tablet,Home,Bank Transfer,Travel,No,Yes,1
1922,52,132306,19,299.76,53,18579,1,2224,Laptop,Public,Digital Wallet,Grocery,No,Yes,1
1923,69,63043,16,85.72,50,17838,1,1769,Tablet,Unknown,Debit Card,Grocery,No,Yes,1
1924,29,95767,10,370.84,72,3791,3,527,Mobile,Work,Digital Wallet,Electronics,No,Yes,1
1925,24,54418,1,151.39,91,74584,2,2125,Tablet,Home,Debit Card,Entertainment,No,Yes,1
1926,46,103523,3,331.22,79,49893,5,2847,Laptop,Home,Credit Card,Travel,No,Yes,1
1927,28,104098,0,79.23,45,70270,2,2728,Mobile,Home,Debit Card,Shopping,No,No,1
1928,50,60228,14,344.09,13,27220,2,1225,Mobile,Work,Bank Transfer,Grocery,No,Yes,1
1929,23,21969,12,64.18,16,13868,2,642,Laptop,Home,Debit Card,Travel,No,Yes,1
1930,64,5139,7,212.74,86,54813,3,2776,Laptop,Unknown,Bank Transfer,Travel,No,No,1
1931,32,152453,3,123.68,84,48469,0,1368,Mobile,Public,Credit Card,Travel,No,Yes,1
1932,49,113035,9,374.21,13,49338,3,405,Tablet,Home,Bank Transfer,Shopping,No,Yes,1
1933,68,10542,18,131.09,20,9234,5,835,Tablet,Work,Debit Card,Food,No,Yes,1
1934,28,73888,17,440.87,66,12697,0,950,Tablet,Work,Debit Card,Travel,No,Yes,1
1935,40,119829,4,445.92,99,69395,5,904,Laptop,Public,Debit Card,Food,No,Yes,1
1936,43,27686,18,98.3,47,57331,4,2887,Mobile,Public,Bank Transfer,Grocery,No,Yes,1
1937,51,53153,22,306.96,19,58573,4,1473,Tablet,Home,Credit Card,Entertainment,No,No,1
1938,63,181661,21,43.95,45,73425,7,2982,Mobile,Home,Digital Wallet,Grocery,Yes,No,1
1939,51,86446,15,195.83,37,50802,6,1449,Tablet,Unknown,Bank Transfer,Entertainment,No,Yes,1
1940,46,67187,0,356.69,54,16124,6,1575,Mobile,Work,Credit Card,Entertainment,Yes,Yes,1
1941,21,143797,11,329.75,6,67771,0,1240,Laptop,Home,Digital Wallet,Grocery,No,No,1
1942,34,34497,23,312.39,14,24815,3,1035,Laptop,Work,Bank Transfer,Electronics,No,Yes,1
1943,52,58771,1,141.34,4,17922,5,2110,Laptop,Unknown,Debit Card,Shopping,No,Yes,1
1944,30,116314,20,189.07,86,39637,5,2146,Tablet,Home,Credit Card,Food,No,Yes,1
1945,58,66997,7,51.56,55,73163,6,621,Laptop,Public,Debit Card,Electronics,No,Yes,1
1946,56,157321,17,359.54,100,48732,6,1244,Laptop,Home,Credit Card,Food,No,Yes,1
1947,32,191202,15,251.99,34,78642,1,2178,Laptop,Unknown,Debit Card,Shopping,No,Yes,1
1948,46,136455,4,354.41,27,33243,5,1538,Mobile,Work,Debit Card,Travel,No,Yes,1
1949,46,138782,21,124.55,7,16136,3,1338,Mobile,Home,Bank Transfer,Grocery,No,No,1
1950,28,174498,12,162.29,3,10608,1,943,Mobile,Work,Credit Card,Electronics,No,Yes,1
1951,69,15024,18,167.17,47,74134,3,2810,Mobile,Unknown,Digital Wallet,Shopping,No,Yes,1
1952,49,113243,2,12.97,97,36680,2,419,Mobile,Public,Debit Card,Grocery,No,Yes,1
1953,19,110353,7,170.59,2,19383,5,189,Mobile,Home,Debit Card,Electronics,Yes,No,1
1954,64,100397,11,401.67,80,44900,2,921,Mobile,Work,Digital Wallet,Entertainment,Yes,Yes,1
1955,31,969,1,448.66,25,46499,4,1100,Laptop,Work,Bank Transfer,Electronics,No,Yes,1
1956,37,97188,10,259.16,60,48451,4,1499,Laptop,Work,Debit Card,Travel,No,No,1
1957,39,1114,11,227.81,79,7660,0,725,Tablet,Public,Debit Card,Travel,No,Yes,1
1958,28,10203,17,15.51,24,55762,5,787,Laptop,Home,Debit Card,Food,No,Yes,1
1959,44,110417,12,439.61,15,20429,6,2600,Mobile,Home,Debit Card,Electronics,No,No,1
1960,20,164630,4,6.6,95,11623,1,2809,Mobile,Work,Debit Card,Entertainment,No,Yes,1
1961,34,82509,21,472.38,14,28857,2,2232,Tablet,Home,Bank Transfer,Travel,No,Yes,1
1962,61,23348,11,244.66,54,70996,3,368,Laptop,Public,Debit Card,Food,No,Yes,1
1963,45,174688,1,171.03,78,34056,5,2006,Laptop,Work,Credit Card,Entertainment,No,No,1
1964,46,160233,4,462.12,6,62434,0,824,Tablet,Work,Debit Card,Entertainment,No,Yes,1
1965,38,155342,6,12.29,78,79386,3,1752,Mobile,Unknown,Credit Card,Entertainment,No,Yes,1
1966,64,8124,23,290.75,81,31381,2,1627,Mobile,Work,Debit Card,Shopping,No,No,1
1967,33,86047,11,274.51,18,18909,5,928,Mobile,Work,Debit Card,Travel,No,Yes,1
1968,54,174975,15,109.74,20,55916,6,1197,Mobile,Home,Debit Card,Shopping,No,No,1
1969,37,150468,22,214.5,62,68482,2,132,Tablet,Home,Digital Wallet,Shopping,No,Yes,1
1970,23,91929,7,326.17,81,31157,5,2889,Laptop,Home,Credit Card,Travel,Yes,Yes,1
1971,36,92808,8,363.59,80,49451,5,122,Mobile,Work,Digital Wallet,Electronics,No,Yes,1
1972,22,86764,14,0.46,40,9252,2,1004,Laptop,Work,Debit Card,Grocery,No,Yes,1
1973,20,149429,4,468.43,39,13940,2,1477,Laptop,Home,Debit Card,Food,No,Yes,1
1974,18,144027,12,82.35,52,45364,3,148,Mobile,Work,Bank Transfer,Grocery,No,Yes,1
1975,55,85278,4,116.87,32,50191,0,2062,Mobile,Home,Digital Wallet,Grocery,No,Yes,1
1976,32,101221,10,131.81,73,72535,2,2106,Mobile,Public,Debit Card,Grocery,No,Yes,1
1977,51,20125,9,19.01,27,22843,4,1564,Laptop,Home,Bank Transfer,Grocery,Yes,No,1
1978,52,135630,19,61.61,52,20173,7,2949,Tablet,Public,Digital Wallet,Travel,No,Yes,1
1979,66,63710,12,493.18,97,60454,0,1419,Mobile,Work,Digital Wallet,Grocery,No,No,1
1980,42,70943,8,157.68,63,55198,4,2877,Laptop,Work,Credit Card,Food,No,Yes,1
1981,41,107337,20,57.74,74,27020,3,504,Laptop,Home,Digital Wallet,Electronics,Yes,Yes,1
1982,29,181003,13,53.58,63,16284,2,2640,Mobile,Public,Digital Wallet,Travel,No,Yes,0
1983,35,174599,17,359.76,17,38579,0,464,Tablet,Home,Bank Transfer,Grocery,No,Yes,1
1984,32,130399,14,427.3,49,44720,6,2881,Mobile,Work,Digital Wallet,Entertainment,No,No,1
1985,61,169678,9,128.55,100,20991,2,1287,Mobile,Public,Digital Wallet,Travel,No,Yes,1
1986,33,5768,23,10.55,81,49220,5,84,Tablet,Public,Debit Card,Electronics,No,Yes,1
1987,44,178367,6,111.62,82,15218,2,960,Mobile,Work,Credit Card,Grocery,No,Yes,1
1988,25,73333,7,28.35,23,36097,6,1345,Mobile,Public,Debit Card,Shopping,No,Yes,1
1989,63,155589,2,51.79,98,61717,0,2829,Tablet,Work,Credit Card,Travel,No,Yes,1
1990,42,82082,14,215.81,72,27332,2,341,Laptop,Home,Credit Card,Entertainment,No,Yes,1
1991,34,106233,15,115.04,13,55318,2,1601,Laptop,Home,Debit Card,Travel,No,Yes,1
1992,46,10851,3,258.02,23,13364,1,986,Laptop,Home,Debit Card,Shopping,No,No,1
1993,25,46318,20,126.82,57,8677,1,2395,Laptop,Home,Bank Transfer,Travel,No,No,1
1994,32,126749,5,470.27,62,46615,0,1930,Laptop,Unknown,Digital Wallet,Entertainment,No,Yes,1
1995,44,7452,0,452.98,54,56710,0,786,Mobile,Work,Debit Card,Electronics,No,Yes,1
1996,63,88935,3,283.45,20,52454,5,2542,Tablet,Home,Digital Wallet,Entertainment,No,No,1
1997,67,97593,10,177.28,86,12344,5,1462,Laptop,Public,Credit Card,Electronics,No,Yes,1
1998,69,29027,11,190.64,52,74630,7,1293,Tablet,Home,Digital Wallet,Entertainment,No,Yes,1
1999,24,172266,4,205.98,23,13918,2,1885,Laptop,Public,Digital Wallet,Food,No,No,1
2000,20,102048,22,363.82,35,35354,4,2777,Mobile,Public,Debit Card,Travel,No,Yes,1
2001,46,185294,20,225.87,67,76455,0,2812,Laptop,Public,Credit Card,Travel,No,No,1
2002,61,29593,15,428.38,34,44450,6,1123,Laptop,Unknown,Debit Card,Shopping,No,Yes,1
2003,41,31807,12,472.05,33,65727,2,2816,Tablet,Home,Digital Wallet,Food,Yes,Yes,1
2004,20,199986,12,168.04,46,13335,4,2845,Tablet,Work,Digital Wallet,Shopping,No,Yes,1
2005,37,138468,16,280.39,81,18033,1,773,Mobile,Home,Debit Card,Travel,No,Yes,1
2006,63,156570,6,47.62,45,10723,5,2353,Tablet,Home,Debit Card,Shopping,No,Yes,1
2007,32,35942,7,100.31,19,10773,6,262,Tablet,Work,Credit Card,Electronics,No,Yes,1
2008,42,13361,12,206.79,94,34019,0,2131,Tablet,Home,Debit Card,Food,No,Yes,1
2009,47,76809,22,103.18,87,24660,2,286,Mobile,Public,Digital Wallet,Entertainment,No,Yes,1
2010,31,96085,15,438.29,15,74885,1,2058,Mobile,Public,Credit Card,Electronics,No,Yes,1
2011,24,106716,3,79.23,78,49488,7,2167,Mobile,Home,Digital Wallet,Grocery,No,No,1
2012,34,187876,7,227.88,66,10848,3,1791,Tablet,Work,Digital Wallet,Entertainment,No,Yes,1
2013,61,67273,15,302.89,39,68019,1,1959,Tablet,Work,Digital Wallet,Shopping,No,No,1
2014,37,31881,20,345.96,18,15129,2,1488,Mobile,Public,Credit Card,Travel,No,No,1
2015,53,13752,9,191.6,70,49556,7,1678,Tablet,Work,Credit Card,Electronics,Yes,Yes,1
2016,26,5203,11,434.56,59,11773,5,437,Tablet,Home,Credit Card,Food,No,Yes,1
2017,55,25600,11,284.2,32,40916,4,1722,Laptop,Home,Bank Transfer,Entertainment,No,No,1
2018,65,100436,4,219.81,21,8394,6,2007,Mobile,Home,Bank Transfer,Grocery,No,No,1
2019,39,166701,15,33.71,40,46573,6,2443,Mobile,Public,Credit Card,Electronics,No,Yes,1
2020,19,113599,0,232.4,92,46193,3,2428,Tablet,Home,Digital Wallet,Travel,No,Yes,1
2021,41,149624,8,410.39,27,51966,6,1352,Tablet,Home,Credit Card,Food,No,Yes,1
2022,25,49493,11,307.31,2,24843,3,1959,Laptop,Public,Credit Card,Food,No,Yes,1
2023,28,162346,4,416.1,97,43595,7,1212,Mobile,Public,Debit Card,Entertainment,No,Yes,1
2024,30,195622,21,247.06,80,31674,5,2564,Mobile,Public,Credit Card,Electronics,No,Yes,1
2025,34,166608,19,59.32,39,51301,3,871,Tablet,Work,Credit Card,Electronics,No,No,1
2026,25,47506,21,6.92,86,72936,0,1013,Mobile,Work,Debit Card,Food,No,No,1
2027,38,63159,23,151.68,56,69836,2,1790,Tablet,Work,Digital Wallet,Shopping,Yes,Yes,1
2028,35,147126,2,349.03,13,43426,7,1408,Laptop,Home,Digital Wallet,Food,No,Yes,1
2029,47,82822,4,395.15,56,73090,6,650,Tablet,Work,Debit Card,Travel,No,Yes,1
2030,35,12456,1,147.95,66,39327,3,959,Laptop,Home,Bank Transfer,Electronics,No,Yes,1
2031,63,128228,13,247.88,78,45275,1,2478,Tablet,Home,Debit Card,Entertainment,No,Yes,1
2032,64,2287,1,210.62,56,41701,4,1760,Laptop,Public,Debit Card,Electronics,No,Yes,1
2033,48,77343,12,205.32,28,29873,2,2647,Laptop,Home,Bank Transfer,Food,No,Yes,1
2034,55,35198,6,115.75,64,28025,5,1004,Mobile,Public,Bank Transfer,Travel,No,Yes,1
2035,49,152397,9,68.27,71,73151,6,421,Tablet,Home,Bank Transfer,Shopping,No,No,0
2036,28,134778,12,98.42,82,30986,1,381,Mobile,Home,Bank Transfer,Electronics,No,No,1
2037,62,57720,15,27.76,64,79104,0,2883,Mobile,Work,Bank Transfer,Food,No,Yes,0
2038,42,164000,13,99.15,56,19140,3,1719,Tablet,Unknown,Debit Card,Grocery,No,Yes,1
2039,50,126370,10,4.7,41,61955,1,605,Mobile,Work,Digital Wallet,Food,No,Yes,0
2040,55,157661,9,313.67,100,36636,2,1723,Mobile,Public,Credit Card,Food,No,Yes,1
2041,58,14487,5,158.26,41,62925,6,2854,Mobile,Home,Digital Wallet,Travel,No,No,1
2042,25,69563,3,486.58,100,57039,1,2710,Tablet,Public,Debit Card,Food,Yes,Yes,1
2043,28,133763,20,96.94,4,25442,0,1341,Mobile,Home,Credit Card,Food,No,Yes,1
2044,39,179688,0,172.98,57,68863,4,552,Mobile,Public,Bank Transfer,Food,No,Yes,1
2045,68,91783,6,178.98,30,59096,7,755,Mobile,Home,Debit Card,Electronics,No,No,1
2046,41,62161,23,4.32,88,35755,3,191,Tablet,Unknown,Digital Wallet,Food,No,Yes,1
2047,58,197908,8,419.62,84,62629,2,1967,Laptop,Work,Debit Card,Travel,No,Yes,1
2048,34,81357,7,16.09,46,62786,6,688,Laptop,Home,Bank Transfer,Grocery,No,No,1
2049,29,61853,4,470.1,56,16777,7,2927,Laptop,Public,Debit Card,Electronics,No,Yes,1
2050,63,84874,18,446.05,31,2143,3,1602,Laptop,Home,Credit Card,Grocery,No,Yes,1
2051,49,142259,9,267.81,88,24229,3,2159,Mobile,Home,Debit Card,Food,No,Yes,1
2052,32,161988,10,271.84,7,22318,5,553,Tablet,Unknown,Bank Transfer,Shopping,No,No,1
2053,33,23508,14,326.92,90,66055,3,33,Mobile,Home,Bank Transfer,Grocery,Yes,No,1
2054,39,124216,5,193.59,77,54129,1,2572,Tablet,Home,Debit Card,Travel,No,Yes,1
2055,45,131308,14,323.65,54,55938,1,1608,Mobile,Work,Digital Wallet,Shopping,No,Yes,1
2056,37,17513,4,22.48,8,9957,7,1104,Laptop,Unknown,Bank Transfer,Travel,No,Yes,1
2057,50,113750,18,27.12,55,60129,4,1314,Laptop,Home,Digital Wallet,Shopping,No,Yes,1
2058,27,59600,21,228.67,69,34422,0,1652,Tablet,Work,Credit Card,Food,No,Yes,1
2059,57,84614,18,274.86,44,10320,6,2645,Mobile,Work,Credit Card,Shopping,No,Yes,1
2060,49,56458,9,443.92,13,33250,7,907,Laptop,Public,Debit Card,Grocery,Yes,Yes,1
2061,67,66297,11,52.42,93,38290,6,1121,Tablet,Public,Credit Card,Shopping,No,No,1
2062,50,164026,21,411.34,20,34921,7,2941,Mobile,Unknown,Debit Card,Travel,No,Yes,1
2063,19,76340,3,105.1,78,68538,2,1196,Tablet,Work,Debit Card,Food,No,Yes,1
2064,50,16422,17,197.1,32,62825,1,1607,Mobile,Home,Debit Card,Travel,No,Yes,0
2065,50,113153,15,158.37,60,26100,3,1704,Mobile,Home,Bank Transfer,Food,No,Yes,0
2066,58,7068,7,200.14,50,29894,0,1638,Mobile,Work,Digital Wallet,Grocery,No,Yes,1
2067,30,27618,3,75.33,27,36671,7,2856,Tablet,Public,Digital Wallet,Entertainment,No,Yes,1
2068,47,52025,22,251.83,25,62026,2,1247,Tablet,Work,Credit Card,Electronics,No,No,1
2069,50,191020,11,400.84,52,13649,6,1720,Mobile,Home,Debit Card,Grocery,No,No,1
2070,30,112000,1,220.82,68,30894,2,343,Laptop,Work,Credit Card,Grocery,No,Yes,1
2071,69,93522,3,245.36,21,14896,2,759,Mobile,Work,Credit Card,Electronics,Yes,Yes,1
2072,43,1800,4,424.4,18,23824,6,413,Tablet,Work,Debit Card,Travel,No,Yes,1
2073,39,93882,2,353.06,39,47698,2,1818,Mobile,Work,Debit Card,Grocery,No,Yes,1
2074,56,23299,8,245.28,15,31516,4,1842,Tablet,Work,Credit Card,Food,No,Yes,1
2075,19,175761,20,128.92,53,3694,2,2354,Mobile,Home,Bank Transfer,Shopping,Yes,Yes,1
2076,55,163287,17,442.47,38,32898,0,1125,Mobile,Public,Bank Transfer,Grocery,No,No,1
2077,56,193106,10,288.55,48,5289,7,1182,Laptop,Work,Credit Card,Electronics,No,No,1
2078,43,185488,2,110.65,52,65467,1,2775,Laptop,Home,Debit Card,Grocery,No,No,1
2079,63,5620,22,134.63,88,61634,0,1578,Tablet,Home,Digital Wallet,Travel,No,No,0
2080,67,109914,1,401.59,72,71386,3,1894,Mobile,Public,Debit Card,Travel,No,Yes,1
2081,32,167627,8,22.17,28,25477,5,780,Tablet,Public,Debit Card,Travel,No,Yes,1
2082,51,123464,13,496.05,85,629,4,1012,Mobile,Home,Credit Card,Food,Yes,Yes,1
2083,59,172777,3,65.26,16,60183,4,2701,Mobile,Home,Credit Card,Grocery,No,No,1
2084,61,15055,8,398.05,16,45831,3,257,Mobile,Home,Credit Card,Travel,No,Yes,1
2085,66,175221,12,197.45,35,35126,6,2073,Laptop,Home,Digital Wallet,Entertainment,No,Yes,1
2086,57,145089,17,246.16,17,49003,0,2007,Tablet,Work,Credit Card,Shopping,No,Yes,1
2087,28,65025,14,440.34,73,28049,0,2094,Mobile,Work,Credit Card,Travel,No,Yes,1
2088,20,107316,9,206.51,99,12842,3,1638,Mobile,Work,Credit Card,Food,No,Yes,1
2089,23,70369,15,268.79,52,36917,6,41,Tablet,Work,Digital Wallet,Shopping,No,Yes,1
2090,26,162126,11,24.74,93,77014,5,1552,Tablet,Home,Credit Card,Shopping,Yes,Yes,1
2091,23,41558,19,1.27,82,52749,2,721,Mobile,Home,Debit Card,Electronics,No,Yes,0
2092,26,89137,4,122.48,12,53164,6,1769,Laptop,Home,Debit Card,Travel,No,Yes,1
2093,56,152285,1,340.32,83,9333,7,1555,Laptop,Home,Debit Card,Travel,No,Yes,1
2094,48,100077,9,60.72,48,61158,2,99,Mobile,Home,Credit Card,Grocery,No,Yes,1
2095,49,44039,0,56.97,22,29973,7,2185,Laptop,Work,Credit Card,Food,No,No,1
2096,58,29445,6,205.54,49,1237,1,2278,Tablet,Unknown,Digital Wallet,Entertainment,No,Yes,1
2097,67,177485,16,323.95,52,47147,0,1602,Laptop,Unknown,Digital Wallet,Grocery,Yes,Yes,1
2098,29,110207,15,356.06,79,64554,0,658,Tablet,Unknown,Debit Card,Entertainment,No,Yes,1
2099,25,121966,23,89.31,1,1799,3,1317,Tablet,Work,Credit Card,Electronics,No,No,1
2100,25,69266,2,39.89,66,63781,3,935,Tablet,Work,Credit Card,Entertainment,Yes,Yes,1
2101,67,179033,13,470.2,64,66375,2,2380,Tablet,Home,Digital Wallet,Food,Yes,Yes,1
2102,45,97506,9,130.41,8,33420,6,605,Laptop,Public,Debit Card,Electronics,No,No,1
2103,37,49398,21,426.69,86,55336,0,2632,Tablet,Home,Digital Wallet,Travel,No,No,1
2104,64,178393,6,431.76,25,42881,0,2202,Mobile,Home,Bank Transfer,Entertainment,No,No,1
2105,24,45042,16,386.28,66,56798,4,2050,Tablet,Home,Digital Wallet,Food,No,Yes,1
2106,28,3553,5,84.5,73,25009,7,888,Mobile,Public,Digital Wallet,Food,No,No,1
2107,37,102911,22,410.92,73,42595,1,774,Tablet,Public,Digital Wallet,Travel,No,Yes,1
2108,33,55035,21,384.65,77,52024,1,2557,Tablet,Unknown,Debit Card,Food,No,Yes,1
2109,21,122539,3,298.4,70,67409,7,2209,Laptop,Work,Debit Card,Electronics,No,No,1
2110,23,174542,16,168.67,94,73118,2,144,Tablet,Work,Debit Card,Electronics,No,No,1
2111,39,8428,8,131.33,79,26032,5,510,Tablet,Public,Debit Card,Grocery,No,Yes,1
2112,43,15634,3,61.03,51,60785,6,1010,Laptop,Work,Bank Transfer,Shopping,Yes,No,1
2113,20,85380,6,254.93,53,19366,0,1054,Laptop,Public,Credit Card,Travel,No,Yes,1
2114,58,36420,22,292.67,15,8093,4,2408,Mobile,Home,Bank Transfer,Food,No,Yes,1
2115,59,49270,1,179.73,50,9995,6,1630,Laptop,Home,Debit Card,Entertainment,No,Yes,1
2116,31,100646,16,237.73,71,8337,0,971,Mobile,Public,Bank Transfer,Grocery,Yes,Yes,1
2117,28,80301,23,181.82,75,77208,3,984,Tablet,Home,Credit Card,Electronics,Yes,Yes,1
2118,35,8740,7,320.54,38,19180,6,1690,Mobile,Public,Debit Card,Travel,Yes,Yes,1
2119,29,161221,22,450.64,40,55976,2,797,Laptop,Work,Credit Card,Travel,No,Yes,1
2120,40,136790,14,82.04,66,30846,6,2468,Tablet,Public,Digital Wallet,Electronics,No,Yes,1
2121,29,187225,14,190.77,39,23912,5,863,Mobile,Home,Debit Card,Shopping,No,No,1
2122,30,133092,7,70.52,74,31304,6,2220,Mobile,Work,Credit Card,Travel,No,Yes,1
2123,42,44037,15,312.51,17,65706,6,2405,Mobile,Work,Credit Card,Food,Yes,Yes,1
2124,62,143379,18,364.46,7,11434,6,1811,Tablet,Work,Bank Transfer,Entertainment,No,No,1
2125,68,196946,10,465.96,39,31223,1,657,Mobile,Work,Credit Card,Entertainment,Yes,Yes,1
2126,36,164144,1,139.51,68,20905,0,406,Mobile,Public,Digital Wallet,Electronics,No,No,1
2127,63,141971,22,475.11,35,19248,5,119,Laptop,Work,Debit Card,Travel,No,Yes,1
2128,53,160088,23,31.73,51,71266,7,2885,Mobile,Home,Credit Card,Entertainment,No,No,1
2129,62,70563,16,301.55,47,46913,2,1050,Tablet,Public,Bank Transfer,Travel,No,No,1
2130,25,93600,15,28.66,36,22854,7,1095,Laptop,Home,Credit Card,Electronics,Yes,Yes,1
2131,46,37258,14,446.9,64,74990,1,2000,Tablet,Home,Digital Wallet,Shopping,No,Yes,0
2132,49,84707,12,264.95,95,17888,0,1088,Laptop,Home,Debit Card,Entertainment,No,Yes,1
2133,68,119739,14,334.71,89,37023,4,1547,Laptop,Public,Digital Wallet,Food,No,Yes,1
2134,61,71796,3,415.8,13,58193,2,2630,Mobile,Home,Bank Transfer,Grocery,Yes,Yes,1
2135,35,61610,15,75.24,18,36232,0,153,Tablet,Home,Digital Wallet,Electronics,Yes,Yes,0
2136,23,120176,11,19.39,21,42146,1,2134,Mobile,Public,Credit Card,Grocery,No,Yes,1
2137,35,58792,3,439.45,65,21521,1,2883,Laptop,Unknown,Debit Card,Shopping,No,Yes,1
2138,36,130941,2,157.54,100,53276,4,1509,Mobile,Home,Bank Transfer,Food,No,No,1
2139,39,192916,21,64.58,8,19616,2,2312,Laptop,Unknown,Bank Transfer,Grocery,No,No,1
2140,54,15910,16,234.28,48,72509,2,2685,Laptop,Public,Credit Card,Food,Yes,Yes,1
2141,49,136298,21,299.19,85,77120,5,2469,Tablet,Home,Debit Card,Entertainment,No,Yes,1
2142,58,161181,17,15.58,43,45271,0,1545,Tablet,Unknown,Credit Card,Travel,No,Yes,1
2143,20,111818,17,137.52,53,29256,5,1884,Tablet,Work,Bank Transfer,Electronics,Yes,Yes,1
2144,45,91032,22,16.5,85,3419,1,1396,Tablet,Work,Debit Card,Food,No,Yes,1
2145,27,292,16,210.23,27,24050,7,81,Mobile,Work,Debit Card,Entertainment,No,No,1
2146,68,36513,11,447.56,19,37024,1,1603,Tablet,Work,Credit Card,Shopping,No,No,1
2147,52,143988,22,491.33,23,55106,6,1531,Tablet,Home,Debit Card,Food,No,Yes,1
2148,46,39182,20,318.56,50,69319,4,2566,Tablet,Unknown,Credit Card,Shopping,No,Yes,1
2149,32,65148,23,80.9,51,70727,4,2082,Laptop,Home,Digital Wallet,Electronics,No,Yes,1
2150,50,123230,3,452.93,43,23712,7,661,Laptop,Work,Credit Card,Entertainment,No,No,1
2151,24,51040,11,258.17,99,40618,7,1891,Tablet,Home,Digital Wallet,Shopping,Yes,No,1
2152,29,163302,22,76.96,51,29102,2,1262,Laptop,Unknown,Debit Card,Travel,No,Yes,1
2153,66,40242,21,460.87,69,18040,7,2294,Laptop,Home,Debit Card,Grocery,No,Yes,1
2154,47,36568,20,378.76,41,36329,5,2077,Mobile,Work,Credit Card,Shopping,Yes,Yes,1
2155,38,161870,19,365.88,72,56809,1,565,Laptop,Home,Bank Transfer,Shopping,No,Yes,1
2156,48,141827,14,354.62,11,65903,6,2815,Mobile,Unknown,Bank Transfer,Entertainment,No,Yes,1
2157,41,179069,22,100.25,80,71955,0,759,Laptop,Work,Debit Card,Entertainment,No,Yes,1
2158,37,161247,15,105.58,88,22777,6,1305,Tablet,Unknown,Credit Card,Food,No,No,1
2159,54,140531,4,344.18,85,60173,3,2080,Laptop,Home,Digital Wallet,Grocery,No,Yes,1
2160,21,129148,20,109.94,52,18176,0,1055,Laptop,Home,Digital Wallet,Shopping,No,No,1
2161,45,42156,14,219.39,23,43344,4,2227,Mobile,Work,Debit Card,Shopping,Yes,Yes,1
2162,61,51931,16,391.02,49,65208,0,2081,Tablet,Public,Bank Transfer,Entertainment,No,Yes,1
2163,37,59291,17,392.0,38,10252,7,1550,Mobile,Home,Debit Card,Travel,No,Yes,1
2164,41,122048,4,226.69,47,75211,1,1924,Tablet,Home,Debit Card,Entertainment,No,Yes,1
2165,67,164444,12,396.12,72,41170,5,497,Tablet,Home,Credit Card,Travel,No,No,1
2166,66,108217,18,419.33,7,68103,7,2147,Mobile,Work,Debit Card,Grocery,No,Yes,1
2167,68,14771,12,327.42,66,31978,7,230,Laptop,Home,Digital Wallet,Entertainment,No,Yes,1
2168,49,27148,17,114.29,94,26939,6,337,Tablet,Unknown,Credit Card,Grocery,No,Yes,1
2169,58,26063,13,137.08,77,35247,2,2075,Laptop,Home,Debit Card,Electronics,No,Yes,1
2170,53,44054,3,157.49,62,30310,5,951,Mobile,Home,Digital Wallet,Shopping,No,No,1
2171,51,95530,3,58.49,87,18802,3,2369,Mobile,Home,Credit Card,Grocery,No,No,1
2172,53,817,19,136.65,29,66736,2,912,Mobile,Work,Credit Card,Travel,No,Yes,1
2173,19,11776,19,104.84,38,64967,3,615,Mobile,Work,Digital Wallet,Electronics,No,No,1
2174,32,135606,18,227.72,84,35341,3,1750,Tablet,Home,Credit Card,Travel,No,Yes,1
2175,51,180982,12,454.23,33,45213,1,538,Mobile,Public,Credit Card,Food,No,Yes,1
2176,53,118796,11,52.33,29,50046,1,34,Laptop,Home,Debit Card,Food,No,No,1
2177,23,130930,6,360.16,79,3548,7,2370,Laptop,Work,Debit Card,Shopping,No,Yes,1
2178,56,5094,11,343.67,23,33790,4,389,Tablet,Work,Digital Wallet,Electronics,No,Yes,1
2179,59,4334,20,47.97,3,59406,4,243,Mobile,Home,Bank Transfer,Electronics,No,Yes,1
2180,68,69400,3,461.29,93,77137,3,1489,Tablet,Unknown,Debit Card,Food,No,Yes,1
2181,68,44049,1,284.28,45,30278,5,592,Tablet,Unknown,Debit Card,Shopping,No,Yes,1
2182,29,37505,1,181.93,8,27925,4,2842,Tablet,Home,Digital Wallet,Grocery,No,Yes,1
2183,20,34972,4,378.29,86,58676,1,74,Mobile,Work,Credit Card,Food,No,No,1
2184,62,42315,22,128.76,29,13174,4,2780,Laptop,Home,Credit Card,Electronics,No,Yes,1
2185,35,23285,9,346.79,2,62902,3,663,Laptop,Work,Digital Wallet,Travel,No,Yes,1
2186,57,174614,9,19.95,50,33553,6,1465,Tablet,Home,Digital Wallet,Electronics,Yes,No,1
2187,38,182931,8,419.72,65,12457,2,1240,Tablet,Unknown,Credit Card,Shopping,No,Yes,1
2188,32,41253,12,224.14,20,73144,5,1779,Laptop,Home,Credit Card,Electronics,No,Yes,1
2189,50,77635,6,318.38,52,54116,5,2738,Laptop,Home,Debit Card,Entertainment,No,No,1
2190,52,133753,4,110.7,85,18329,0,2798,Mobile,Home,Credit Card,Electronics,No,No,1
2191,43,51817,9,338.57,37,6337,7,623,Tablet,Home,Bank Transfer,Entertainment,Yes,Yes,1
2192,25,2863,9,386.14,72,64641,4,1454,Mobile,Work,Credit Card,Food,No,Yes,1
2193,53,93010,5,236.66,27,15532,7,2323,Laptop,Home,Credit Card,Grocery,No,Yes,1
2194,65,55580,18,308.9,47,26852,7,1956,Laptop,Unknown,Debit Card,Entertainment,No,Yes,1
2195,47,169931,20,228.22,99,30715,5,886,Laptop,Home,Digital Wallet,Electronics,No,Yes,1
2196,40,118194,7,447.06,6,56819,6,1922,Laptop,Work,Debit Card,Grocery,No,Yes,1
2197,59,156479,0,248.98,60,75142,6,581,Mobile,Work,Debit Card,Grocery,No,Yes,1
2198,61,11164,16,420.92,45,41747,1,72,Laptop,Public,Digital Wallet,Electronics,No,Yes,1
2199,31,76948,6,400.7,44,43548,2,2918,Tablet,Public,Debit Card,Electronics,Yes,Yes,1
2200,31,37648,13,205.31,83,76032,1,208,Laptop,Public,Debit Card,Shopping,No,No,1
2201,19,168117,20,115.12,18,67214,4,1510,Tablet,Unknown,Debit Card,Food,No,Yes,1
2202,54,179109,20,203.1,65,35819,3,2612,Laptop,Home,Credit Card,Entertainment,No,Yes,1
2203,22,6576,16,413.13,25,16525,6,636,Mobile,Unknown,Debit Card,Travel,Yes,Yes,1
2204,55,182928,8,113.89,27,10280,6,701,Tablet,Public,Debit Card,Entertainment,No,Yes,1
2205,62,90201,16,262.27,7,23206,0,956,Mobile,Home,Credit Card,Electronics,No,Yes,1
2206,58,2482,4,403.07,44,43416,0,46,Laptop,Work,Credit Card,Travel,No,Yes,1
2207,64,180855,19,176.8,29,76003,6,1165,Mobile,Home,Debit Card,Travel,No,Yes,1
2208,31,176448,7,321.14,95,31356,2,1668,Laptop,Work,Debit Card,Entertainment,No,No,1
2209,56,164574,5,122.89,44,9679,5,2903,Mobile,Work,Credit Card,Entertainment,No,Yes,1
2210,42,158118,10,54.73,36,39123,5,2624,Mobile,Work,Credit Card,Entertainment,No,Yes,1
2211,37,79798,18,397.21,19,18087,6,1083,Tablet,Work,Digital Wallet,Entertainment,No,Yes,1
2212,19,153507,3,49.57,6,24233,5,1245,Laptop,Public,Debit Card,Food,No,Yes,1
2213,56,45195,17,135.76,25,4475,0,2514,Mobile,Work,Credit Card,Shopping,No,Yes,1
2214,23,130074,0,427.57,31,78955,3,2256,Laptop,Unknown,Bank Transfer,Shopping,No,Yes,1
2215,34,27297,12,173.3,9,75638,5,645,Tablet,Home,Credit Card,Entertainment,Yes,No,1
2216,42,127719,13,486.53,84,45963,7,2754,Mobile,Home,Bank Transfer,Shopping,No,Yes,1
2217,45,22110,23,489.87,74,42654,1,2711,Laptop,Work,Bank Transfer,Entertainment,No,Yes,1
2218,19,155295,0,134.21,37,76176,6,2879,Mobile,Home,Bank Transfer,Entertainment,Yes,Yes,1
2219,52,88023,10,20.59,27,29330,5,341,Mobile,Home,Bank Transfer,Entertainment,No,No,1
2220,54,134062,16,352.56,13,72626,7,2102,Mobile,Work,Credit Card,Grocery,No,Yes,1
2221,22,130626,3,225.55,41,47245,3,2448,Mobile,Work,Bank Transfer,Food,No,Yes,1
2222,18,109262,11,50.47,66,31109,6,554,Tablet,Work,Credit Card,Electronics,No,No,1
2223,57,121027,9,353.79,85,17901,7,2307,Tablet,Home,Debit Card,Shopping,No,No,1
2224,29,8126,5,15.68,97,28229,2,1503,Laptop,Home,Digital Wallet,Shopping,No,Yes,1
2225,53,65025,0,435.11,24,45667,2,2455,Laptop,Work,Debit Card,Food,No,Yes,1
2226,62,68942,6,69.41,44,57891,7,917,Mobile,Home,Digital Wallet,Food,Yes,Yes,1
2227,40,33765,20,63.74,98,58671,0,1954,Mobile,Home,Credit Card,Entertainment,No,Yes,1
2228,64,9377,15,87.92,60,7147,3,2037,Mobile,Home,Debit Card,Entertainment,No,Yes,1
2229,48,173411,23,480.14,9,21606,7,491,Tablet,Home,Credit Card,Grocery,No,Yes,1
2230,28,178836,13,346.62,2,6515,1,2442,Mobile,Home,Bank Transfer,Grocery,No,No,1
2231,27,48108,22,400.71,56,22006,3,2181,Laptop,Home,Credit Card,Electronics,No,Yes,1
2232,20,14783,19,198.88,30,24567,1,457,Mobile,Home,Credit Card,Shopping,No,Yes,1
2233,31,131842,19,168.22,22,2556,1,498,Tablet,Work,Credit Card,Food,No,No,1
2234,33,149061,5,117.32,75,29828,3,1044,Mobile,Home,Bank Transfer,Electronics,No,No,1
2235,27,186784,21,240.38,81,78212,6,1634,Tablet,Home,Credit Card,Shopping,No,Yes,1
2236,46,175707,4,275.96,100,53332,4,899,Tablet,Public,Digital Wallet,Electronics,No,Yes,1
2237,27,78642,23,315.92,13,43271,3,2847,Tablet,Unknown,Credit Card,Electronics,No,Yes,1
2238,29,54419,20,128.63,71,47015,7,2757,Tablet,Home,Credit Card,Entertainment,No,Yes,1
2239,47,92167,17,474.33,16,65038,6,2882,Laptop,Public,Debit Card,Electronics,No,Yes,1
2240,58,152811,14,84.96,97,69150,1,915,Tablet,Home,Digital Wallet,Entertainment,No,Yes,0
2241,18,195884,5,482.83,45,79478,6,2638,Laptop,Home,Credit Card,Shopping,No,Yes,1
2242,22,147805,18,7.53,65,40651,6,1303,Laptop,Public,Credit Card,Grocery,No,Yes,1
2243,37,165832,0,240.61,11,2129,5,360,Mobile,Public,Digital Wallet,Shopping,No,Yes,1
2244,25,69075,0,166.75,70,28655,7,1985,Mobile,Work,Debit Card,Entertainment,No,Yes,1
2245,60,163344,12,224.62,20,18788,2,616,Tablet,Work,Bank Transfer,Grocery,No,Yes,1
2246,29,190369,2,285.38,99,51088,2,230,Mobile,Work,Credit Card,Travel,No,Yes,1
2247,18,101258,9,217.85,63,36585,7,483,Tablet,Home,Debit Card,Grocery,No,Yes,1
2248,37,190019,20,207.48,90,11751,7,855,Mobile,Home,Credit Card,Electronics,No,Yes,1
2249,45,11677,2,366.39,12,26074,0,140,Tablet,Work,Debit Card,Shopping,No,No,1
2250,60,77399,8,342.97,62,10123,2,2941,Mobile,Public,Digital Wallet,Electronics,No,Yes,1
2251,54,20276,7,416.65,94,55215,4,937,Mobile,Home,Digital Wallet,Grocery,Yes,Yes,1
2252,64,175558,2,125.05,92,6623,1,1802,Laptop,Unknown,Debit Card,Travel,No,Yes,1
2253,54,64072,12,304.8,91,3561,3,1597,Mobile,Home,Digital Wallet,Electronics,No,Yes,1
2254,29,120118,5,292.64,42,39595,3,1262,Mobile,Work,Credit Card,Travel,No,Yes,1
2255,54,172175,12,184.93,83,60118,4,2110,Tablet,Work,Credit Card,Food,Yes,Yes,1
2256,66,20096,22,243.08,69,28951,2,584,Laptop,Work,Bank Transfer,Travel,No,No,1
2257,66,101022,19,156.96,58,35314,1,1933,Tablet,Home,Bank Transfer,Shopping,Yes,No,1
2258,61,86698,19,71.01,5,77368,2,136,Mobile,Home,Credit Card,Grocery,No,Yes,1
2259,45,36031,11,106.98,27,38332,6,2303,Tablet,Work,Bank Transfer,Entertainment,No,Yes,1
2260,64,124268,12,52.85,28,9945,0,2564,Laptop,Home,Debit Card,Entertainment,Yes,Yes,1
2261,32,166882,1,341.57,26,33990,2,2256,Tablet,Home,Bank Transfer,Electronics,No,Yes,1
2262,23,123199,20,330.4,91,30267,0,1423,Mobile,Work,Digital Wallet,Grocery,No,No,1
2263,61,34793,23,475.31,49,46557,7,2714,Tablet,Work,Debit Card,Food,Yes,Yes,1
2264,37,166912,22,364.87,21,73600,7,2865,Mobile,Home,Credit Card,Electronics,No,Yes,1
2265,67,109044,15,26.12,1,41543,3,196,Laptop,Work,Bank Transfer,Travel,No,Yes,1
2266,31,17474,22,442.13,92,28446,1,2740,Laptop,Public,Bank Transfer,Entertainment,No,Yes,1
2267,19,81571,5,431.35,58,37087,5,2377,Tablet,Home,Credit Card,Travel,No,No,1
2268,26,46013,18,221.72,79,3864,6,1434,Laptop,Work,Debit Card,Entertainment,No,Yes,1
2269,54,123783,20,292.97,55,70354,0,2112,Tablet,Home,Digital Wallet,Entertainment,No,Yes,1
2270,37,197197,12,488.04,81,56588,2,2484,Mobile,Home,Credit Card,Entertainment,No,Yes,0
2271,43,44616,16,266.2,26,77515,7,1555,Tablet,Home,Credit Card,Grocery,Yes,Yes,1
2272,46,87896,22,452.67,84,7898,6,343,Mobile,Home,Credit Card,Shopping,No,Yes,1
2273,18,26169,8,41.61,25,2952,2,845,Laptop,Unknown,Debit Card,Grocery,No,Yes,1
2274,52,118433,16,95.61,77,33693,6,772,Mobile,Home,Digital Wallet,Travel,No,Yes,1
2275,23,187405,1,220.43,33,79901,3,2804,Mobile,Work,Bank Transfer,Grocery,No,Yes,1
2276,54,84911,18,292.42,89,25845,4,855,Mobile,Home,Debit Card,Electronics,No,Yes,1
2277,22,190221,18,408.13,72,74835,6,1154,Mobile,Home,Bank Transfer,Food,No,Yes,1
2278,50,118128,23,494.13,69,59696,7,598,Mobile,Work,Bank Transfer,Electronics,No,Yes,1
2279,66,39278,6,194.49,6,23553,5,1268,Tablet,Unknown,Debit Card,Grocery,No,Yes,1
2280,68,32921,21,23.8,23,5515,4,1988,Mobile,Unknown,Credit Card,Travel,No,No,1
2281,31,182899,9,400.61,30,9157,7,2653,Mobile,Unknown,Bank Transfer,Food,No,Yes,1
2282,29,192107,9,302.23,78,51616,2,2139,Mobile,Home,Debit Card,Electronics,No,Yes,1
2283,59,17099,19,99.35,54,22451,7,398,Mobile,Unknown,Credit Card,Food,No,No,1
2284,37,193694,8,247.46,87,27021,4,1421,Mobile,Home,Debit Card,Travel,No,Yes,1
2285,67,38812,16,371.18,11,54931,6,123,Mobile,Work,Digital Wallet,Entertainment,No,Yes,1
2286,41,195723,14,385.23,31,11231,5,1488,Laptop,Public,Debit Card,Travel,No,No,1
2287,60,171344,1,249.86,6,19244,5,2127,Tablet,Home,Digital Wallet,Shopping,No,Yes,1
2288,51,33822,3,152.68,11,63594,1,2960,Mobile,Home,Credit Card,Food,No,No,1
2289,42,10725,18,486.87,77,18923,7,793,Tablet,Work,Bank Transfer,Travel,No,Yes,1
2290,67,198337,16,331.71,12,18068,4,2113,Laptop,Work,Credit Card,Entertainment,No,Yes,1
2291,46,6959,4,204.18,66,47911,1,1463,Laptop,Home,Credit Card,Entertainment,No,No,1
2292,56,172781,6,140.3,53,4434,2,2177,Mobile,Public,Debit Card,Travel,No,Yes,1
2293,48,174479,17,365.58,99,77445,2,358,Tablet,Work,Debit Card,Electronics,No,Yes,1
2294,64,111086,20,121.17,36,8672,2,735,Mobile,Home,Digital Wallet,Travel,No,No,1
2295,60,21939,21,85.94,17,27858,3,250,Laptop,Home,Bank Transfer,Entertainment,No,No,1
2296,67,27316,6,264.96,28,66813,4,1844,Laptop,Unknown,Debit Card,Travel,Yes,Yes,1
2297,40,53053,16,145.06,92,20263,0,1891,Tablet,Home,Digital Wallet,Shopping,No,No,1
2298,61,191765,6,314.49,22,49173,5,2644,Mobile,Home,Debit Card,Electronics,No,Yes,1
2299,55,49622,3,59.06,7,68475,0,1025,Tablet,Work,Credit Card,Travel,No,Yes,1
2300,37,136058,7,327.51,15,8304,2,1051,Tablet,Work,Credit Card,Entertainment,Yes,Yes,1
2301,40,111349,12,141.72,96,48094,6,139,Laptop,Work,Debit Card,Travel,No,Yes,1
2302,62,7585,3,0.22,11,79248,7,178,Tablet,Home,Bank Transfer,Travel,No,Yes,1
2303,69,162627,5,63.56,24,68025,6,2483,Laptop,Unknown,Credit Card,Food,No,Yes,1
2304,33,147939,4,466.81,67,73904,4,728,Mobile,Public,Credit Card,Travel,No,Yes,1
2305,67,112801,11,433.69,30,25104,6,1463,Tablet,Home,Credit Card,Shopping,No,Yes,1
2306,59,159625,3,116.88,70,22635,1,137,Tablet,Work,Debit Card,Entertainment,No,No,1
2307,25,102738,23,389.21,66,38418,7,418,Mobile,Public,Credit Card,Grocery,No,Yes,1
2308,67,184614,8,304.32,61,51349,7,454,Tablet,Work,Credit Card,Food,Yes,Yes,1
2309,38,183049,3,485.46,78,31347,0,2524,Mobile,Work,Debit Card,Grocery,No,No,1
2310,18,12326,18,186.87,41,44274,6,2995,Laptop,Home,Digital Wallet,Travel,No,Yes,1
2311,25,93505,23,340.76,82,61209,2,1121,Laptop,Work,Debit Card,Electronics,No,No,1
2312,46,22688,13,31.86,51,11180,0,2733,Tablet,Work,Debit Card,Shopping,No,Yes,1
2313,49,162881,4,198.18,44,55537,0,2029,Laptop,Work,Credit Card,Shopping,No,Yes,1
2314,55,178960,17,481.91,95,59414,5,1693,Laptop,Public,Digital Wallet,Shopping,No,Yes,1
2315,22,37119,9,269.54,13,26809,0,1557,Mobile,Home,Debit Card,Food,No,Yes,1
2316,64,176120,18,144.01,90,10849,2,2056,Laptop,Home,Digital Wallet,Travel,No,Yes,1
2317,39,65233,11,60.22,12,75579,5,2398,Laptop,Home,Digital Wallet,Shopping,No,Yes,1
2318,64,114544,17,351.79,82,61320,7,2796,Laptop,Work,Digital Wallet,Travel,Yes,No,1
2319,51,197630,16,322.46,9,75496,2,1885,Mobile,Home,Credit Card,Electronics,Yes,Yes,1
2320,18,117703,23,187.03,85,35053,3,2805,Tablet,Work,Debit Card,Travel,No,Yes,1
2321,43,158698,10,475.48,48,29025,7,2657,Mobile,Home,Credit Card,Grocery,No,Yes,1
2322,60,128685,2,11.2,49,6448,7,476,Tablet,Work,Digital Wallet,Travel,Yes,Yes,1
2323,27,183370,22,151.93,53,14998,6,1627,Tablet,Home,Digital Wallet,Travel,No,No,1
2324,47,43495,16,460.54,56,19491,3,239,Laptop,Public,Digital Wallet,Entertainment,No,Yes,1
2325,67,155203,0,160.54,40,60290,6,878,Laptop,Work,Bank Transfer,Grocery,Yes,Yes,1
2326,35,125914,14,126.2,24,8160,3,1892,Mobile,Public,Debit Card,Food,Yes,Yes,1
2327,34,168873,8,267.16,98,26745,0,2447,Mobile,Work,Debit Card,Travel,Yes,Yes,1
2328,43,112699,14,411.92,72,738,4,1994,Mobile,Home,Debit Card,Shopping,No,Yes,1
2329,25,26039,23,51.66,33,20420,2,1617,Laptop,Home,Debit Card,Entertainment,No,No,1
2330,64,180317,2,471.52,23,47159,3,1681,Tablet,Public,Bank Transfer,Travel,No,Yes,1
2331,57,151496,21,397.56,77,75374,7,1946,Mobile,Work,Digital Wallet,Entertainment,Yes,Yes,1
2332,66,154039,18,90.71,54,43017,7,1948,Tablet,Home,Debit Card,Food,No,Yes,1
2333,29,303,12,356.03,53,76385,4,606,Laptop,Work,Digital Wallet,Entertainment,No,Yes,1
2334,44,147716,11,192.54,49,46850,3,1695,Laptop,Home,Digital Wallet,Shopping,No,Yes,1
2335,25,147071,19,201.21,78,77679,7,718,Laptop,Home,Debit Card,Travel,No,Yes,1
2336,42,29163,0,391.67,78,28774,6,819,Laptop,Home,Debit Card,Shopping,No,Yes,1
2337,63,90980,20,481.4,80,45513,3,1021,Tablet,Unknown,Bank Transfer,Electronics,Yes,Yes,1
2338,21,3848,16,63.42,49,40413,4,2240,Tablet,Home,Debit Card,Entertainment,No,No,1
2339,50,117369,12,210.37,60,46319,3,1006,Mobile,Home,Credit Card,Entertainment,No,Yes,1
2340,18,197801,0,240.52,90,78357,0,1385,Tablet,Home,Debit Card,Entertainment,No,Yes,1
2341,36,80864,9,188.22,90,65410,0,1717,Tablet,Home,Digital Wallet,Grocery,No,No,0
2342,48,152056,14,181.66,65,23985,5,379,Tablet,Work,Credit Card,Food,No,No,1
2343,33,156355,6,26.23,32,3360,0,1801,Mobile,Home,Bank Transfer,Grocery,No,Yes,0
2344,31,108136,21,342.8,79,50375,1,2747,Tablet,Home,Digital Wallet,Shopping,No,No,1
2345,65,150431,17,218.16,21,15419,5,455,Tablet,Public,Bank Transfer,Electronics,No,Yes,1
2346,22,167131,15,97.48,18,74447,3,356,Tablet,Home,Debit Card,Food,Yes,Yes,1
2347,58,116625,13,408.04,94,10086,1,1159,Laptop,Home,Bank Transfer,Food,No,No,1
2348,43,164629,17,401.3,60,52486,2,284,Tablet,Work,Debit Card,Travel,No,No,1
2349,45,85779,6,243.25,13,23555,4,2067,Mobile,Work,Credit Card,Electronics,No,Yes,1
2350,19,125929,16,149.3,24,35390,2,2435,Mobile,Unknown,Digital Wallet,Entertainment,Yes,Yes,1
2351,67,128316,17,319.08,30,63581,1,2020,Mobile,Home,Debit Card,Grocery,Yes,Yes,1
2352,23,133275,11,144.15,2,29307,7,473,Mobile,Public,Bank Transfer,Entertainment,No,Yes,1
2353,26,66001,7,118.08,83,47677,0,142,Laptop,Unknown,Debit Card,Travel,No,No,1
2354,50,175707,21,365.28,25,69125,6,1083,Mobile,Work,Credit Card,Grocery,No,Yes,1
2355,58,147275,1,20.26,50,14742,3,2601,Laptop,Home,Digital Wallet,Entertainment,No,Yes,1
2356,42,98146,6,47.47,14,56817,5,718,Laptop,Home,Digital Wallet,Shopping,No,Yes,1
2357,65,90112,3,3.49,6,40478,7,1020,Laptop,Work,Credit Card,Entertainment,Yes,No,1
2358,30,78378,17,76.56,76,16933,6,1903,Mobile,Public,Digital Wallet,Grocery,No,Yes,1
2359,26,12491,5,34.59,84,33782,7,75,Mobile,Work,Bank Transfer,Shopping,No,Yes,1
2360,30,102576,8,497.9,87,77019,6,1224,Laptop,Home,Debit Card,Travel,Yes,No,1
2361,48,160073,8,144.48,30,44078,3,786,Laptop,Home,Bank Transfer,Travel,No,Yes,1
2362,58,120821,13,74.72,30,70707,0,1406,Mobile,Work,Credit Card,Shopping,Yes,No,0
2363,28,97637,7,120.57,38,24633,3,1256,Tablet,Work,Debit Card,Grocery,No,Yes,0
2364,21,81259,18,468.07,58,50817,4,1279,Tablet,Home,Credit Card,Grocery,No,Yes,1
2365,51,199086,2,260.13,94,66450,6,593,Tablet,Home,Debit Card,Entertainment,Yes,Yes,1
2366,55,131140,17,182.47,41,60112,4,2238,Mobile,Home,Debit Card,Travel,No,Yes,1
2367,63,181529,4,436.71,94,65373,7,2917,Mobile,Work,Digital Wallet,Travel,No,Yes,1
2368,21,169609,13,197.56,57,62502,4,2615,Laptop,Work,Bank Transfer,Shopping,No,Yes,1
2369,55,35603,3,167.57,36,53008,2,2302,Mobile,Unknown,Credit Card,Travel,No,Yes,1
2370,36,75503,6,103.72,64,38879,7,1370,Mobile,Work,Digital Wallet,Entertainment,Yes,Yes,1
2371,23,172430,19,188.96,98,15731,0,1467,Mobile,Home,Debit Card,Travel,No,Yes,1
2372,51,164896,11,158.41,16,41663,4,124,Laptop,Work,Bank Transfer,Shopping,Yes,Yes,1
2373,35,64386,1,338.68,88,32176,1,1832,Laptop,Public,Credit Card,Entertainment,No,Yes,1
2374,30,74942,10,144.86,78,56035,4,978,Tablet,Public,Digital Wallet,Electronics,No,Yes,1
2375,58,105027,13,288.64,90,46610,5,582,Tablet,Public,Digital Wallet,Shopping,No,Yes,1
2376,40,15008,21,33.04,72,47478,2,2722,Mobile,Home,Digital Wallet,Electronics,No,Yes,0
2377,36,181798,22,95.73,14,72869,1,95,Mobile,Unknown,Digital Wallet,Travel,No,Yes,1
2378,62,37328,15,203.76,31,5252,6,1527,Laptop,Public,Debit Card,Entertainment,No,Yes,1
2379,28,23486,19,468.48,66,25007,0,694,Tablet,Work,Digital Wallet,Travel,No,Yes,1
2380,18,177926,5,188.69,68,41995,0,2761,Tablet,Home,Debit Card,Entertainment,No,Yes,1
2381,41,28402,22,332.07,65,61386,5,2987,Tablet,Public,Credit Card,Food,No,Yes,1
2382,24,60915,3,127.62,55,71059,6,2914,Mobile,Work,Bank Transfer,Travel,No,Yes,1
2383,42,63444,14,63.6,84,1482,4,2648,Mobile,Home,Bank Transfer,Travel,No,Yes,1
2384,38,166790,23,29.36,78,16646,1,2773,Mobile,Home,Credit Card,Travel,No,Yes,1
2385,32,111703,0,152.78,40,55343,5,209,Laptop,Work,Credit Card,Grocery,No,No,1
2386,18,61214,6,78.91,25,77237,1,2911,Tablet,Home,Credit Card,Shopping,Yes,Yes,0
2387,29,25625,11,87.09,25,24136,4,1512,Laptop,Home,Debit Card,Grocery,No,Yes,1
2388,24,79918,9,380.4,3,27832,6,231,Tablet,Work,Credit Card,Entertainment,No,No,1
2389,32,114689,4,8.02,69,51934,4,1528,Mobile,Unknown,Credit Card,Entertainment,No,Yes,1
2390,38,145506,11,278.95,26,61771,3,1571,Laptop,Work,Debit Card,Entertainment,Yes,Yes,1
2391,36,94815,17,189.79,40,63226,3,2620,Laptop,Home,Digital Wallet,Shopping,No,Yes,0
2392,46,193939,9,253.32,38,10608,4,2851,Mobile,Work,Digital Wallet,Entertainment,No,Yes,1
2393,42,6744,5,281.46,38,69396,2,1342,Tablet,Home,Debit Card,Grocery,No,Yes,1
2394,50,101254,11,156.75,68,43053,5,1978,Tablet,Home,Digital Wallet,Grocery,Yes,Yes,1
2395,66,164105,6,147.62,7,41380,3,723,Tablet,Home,Bank Transfer,Travel,Yes,Yes,1
2396,49,43569,17,366.73,94,52577,7,1749,Tablet,Unknown,Debit Card,Electronics,No,Yes,1
2397,66,164859,1,435.65,30,4125,4,1297,Mobile,Home,Debit Card,Food,No,No,1
2398,52,106709,9,96.37,19,38737,7,1821,Mobile,Home,Debit Card,Entertainment,Yes,Yes,1
2399,61,183828,14,48.9,35,1723,7,2689,Mobile,Home,Credit Card,Shopping,No,Yes,1
2400,55,148547,11,448.91,33,59803,1,1751,Mobile,Work,Debit Card,Shopping,No,Yes,1
2401,43,65306,16,175.01,33,65697,5,1651,Laptop,Public,Debit Card,Entertainment,No,Yes,1
2402,28,96562,3,275.7,78,75193,6,1227,Laptop,Public,Debit Card,Electronics,No,Yes,1
2403,52,167779,6,179.84,38,38260,3,1587,Laptop,Home,Digital Wallet,Grocery,Yes,Yes,1
2404,25,83278,8,62.99,10,79682,6,1562,Mobile,Home,Debit Card,Entertainment,No,Yes,1
2405,63,155165,18,294.71,57,58466,2,2321,Tablet,Home,Bank Transfer,Shopping,Yes,No,1
2406,31,175558,22,262.62,28,29524,5,2137,Laptop,Unknown,Debit Card,Food,Yes,Yes,1
2407,27,177459,6,101.58,78,70823,5,133,Laptop,Home,Digital Wallet,Electronics,Yes,Yes,1
2408,19,86824,22,225.99,100,23702,0,2728,Mobile,Home,Debit Card,Entertainment,No,No,1
2409,63,96493,1,398.49,38,52024,1,1724,Tablet,Work,Digital Wallet,Food,No,Yes,1
2410,26,127414,5,295.25,16,44408,2,1040,Tablet,Home,Digital Wallet,Entertainment,No,Yes,1
2411,20,76412,17,48.55,21,36567,7,1797,Tablet,Home,Bank Transfer,Electronics,No,Yes,1
2412,38,75424,5,274.06,92,9860,2,2154,Mobile,Home,Bank Transfer,Shopping,No,Yes,1
2413,43,71296,12,351.4,97,13441,6,1071,Tablet,Home,Credit Card,Grocery,No,Yes,1
2414,25,70114,18,396.37,6,16493,2,1587,Laptop,Work,Digital Wallet,Grocery,Yes,No,1
2415,65,139382,1,314.6,41,15120,1,1237,Laptop,Public,Credit Card,Electronics,No,Yes,1
2416,19,142094,11,76.41,15,20693,2,1710,Laptop,Home,Debit Card,Travel,Yes,Yes,1
2417,23,167461,14,355.12,3,52059,0,1708,Mobile,Home,Debit Card,Grocery,No,Yes,1
2418,45,33440,13,338.7,43,21748,3,2775,Tablet,Public,Debit Card,Entertainment,No,Yes,1
2419,46,39950,5,12.31,47,46352,1,2344,Mobile,Public,Bank Transfer,Food,No,Yes,1
2420,43,188156,17,205.93,99,5527,2,810,Tablet,Home,Digital Wallet,Food,No,Yes,1
2421,42,113811,4,166.54,14,63910,4,2686,Mobile,Work,Debit Card,Grocery,No,Yes,1
2422,29,11194,17,334.74,66,4760,3,975,Laptop,Home,Digital Wallet,Electronics,No,Yes,1
2423,22,88059,2,108.15,29,38096,6,1860,Mobile,Work,Debit Card,Electronics,No,Yes,1
2424,51,164590,2,295.48,4,9512,7,577,Mobile,Public,Credit Card,Electronics,No,No,1
2425,65,5841,21,456.61,26,26323,5,2237,Mobile,Work,Credit Card,Food,Yes,Yes,1
2426,54,111685,21,398.92,12,74351,1,2476,Laptop,Work,Bank Transfer,Shopping,No,Yes,1
2427,32,122664,9,460.74,2,47527,4,2620,Mobile,Home,Credit Card,Food,No,Yes,1
2428,61,68898,18,489.26,17,78667,5,2204,Mobile,Work,Debit Card,Shopping,No,Yes,0
2429,53,116126,2,5.43,35,25599,4,1827,Laptop,Work,Credit Card,Electronics,No,Yes,1
2430,32,110230,11,311.41,10,37492,2,1910,Tablet,Work,Debit Card,Travel,No,Yes,1
2431,60,22264,15,206.48,86,11477,7,977,Mobile,Home,Bank Transfer,Food,No,No,1
2432,65,166767,16,429.94,43,56734,1,2287,Laptop,Work,Debit Card,Electronics,Yes,Yes,1
2433,40,30357,6,125.98,21,47876,7,2227,Mobile,Work,Credit Card,Food,No,Yes,1
2434,23,145383,12,490.52,15,34478,7,60,Laptop,Home,Credit Card,Electronics,No,No,1
2435,63,96089,23,306.89,35,9718,6,641,Tablet,Home,Debit Card,Food,No,Yes,1
2436,67,136404,1,396.79,85,22288,2,1894,Tablet,Home,Credit Card,Entertainment,Yes,Yes,1
2437,61,198925,3,42.89,85,21001,5,331,Mobile,Work,Debit Card,Food,No,Yes,1
2438,60,52791,9,91.81,85,78489,6,2942,Laptop,Work,Bank Transfer,Entertainment,No,Yes,1
2439,62,79868,6,379.23,60,15710,7,2842,Tablet,Unknown,Credit Card,Shopping,Yes,Yes,1
2440,38,156785,23,11.09,44,74725,0,712,Tablet,Home,Debit Card,Food,No,Yes,1
2441,40,14126,16,408.46,96,45989,4,286,Laptop,Public,Debit Card,Shopping,Yes,Yes,1
2442,60,184707,19,7.07,5,64221,0,969,Mobile,Work,Debit Card,Travel,No,Yes,1
2443,33,31008,5,328.59,73,43153,5,2086,Tablet,Home,Debit Card,Grocery,No,Yes,1
2444,64,183285,18,182.61,18,41450,2,2924,Tablet,Home,Debit Card,Grocery,No,No,1
2445,32,19710,4,305.79,21,9416,6,806,Tablet,Home,Debit Card,Entertainment,No,Yes,1
2446,42,177818,9,348.05,72,66411,6,2762,Mobile,Public,Digital Wallet,Food,No,Yes,1
2447,53,63285,8,171.3,98,31949,6,761,Tablet,Home,Credit Card,Grocery,No,Yes,1
2448,28,72667,12,54.07,74,21282,3,1258,Laptop,Home,Bank Transfer,Shopping,No,Yes,1
2449,68,178746,18,34.92,51,20743,4,2101,Mobile,Home,Debit Card,Grocery,No,No,1
2450,32,36282,20,294.51,41,29879,3,2570,Tablet,Unknown,Debit Card,Grocery,No,Yes,1
2451,21,116236,23,260.38,24,38280,1,2072,Laptop,Home,Bank Transfer,Electronics,No,Yes,0
2452,38,131742,5,371.13,24,31240,4,999,Laptop,Home,Debit Card,Grocery,No,Yes,1
2453,30,19388,3,254.92,96,20484,0,132,Mobile,Home,Debit Card,Shopping,No,No,1
2454,39,78924,23,211.28,97,550,3,1113,Laptop,Home,Bank Transfer,Grocery,No,No,1
2455,36,161049,2,199.1,38,7090,5,1139,Mobile,Home,Digital Wallet,Food,No,No,1
2456,51,84525,2,13.32,44,40705,1,796,Mobile,Work,Digital Wallet,Grocery,No,Yes,1
2457,31,1017,3,167.85,57,15662,4,401,Mobile,Unknown,Bank Transfer,Travel,Yes,Yes,1
2458,21,75702,4,488.01,59,50246,6,708,Laptop,Unknown,Digital Wallet,Grocery,No,Yes,1
2459,65,64675,7,436.79,34,13605,5,2673,Mobile,Unknown,Credit Card,Entertainment,No,Yes,1
2460,69,72618,15,164.76,75,37999,7,2023,Mobile,Home,Debit Card,Electronics,Yes,Yes,1
2461,63,39204,21,293.94,95,37141,1,231,Laptop,Unknown,Credit Card,Shopping,No,Yes,1
2462,44,149234,2,423.66,82,12128,0,1655,Mobile,Home,Credit Card,Grocery,No,Yes,1
2463,46,17099,23,220.69,23,42532,6,118,Tablet,Home,Debit Card,Grocery,No,Yes,1
2464,64,193017,11,9.08,86,65529,5,2514,Laptop,Public,Bank Transfer,Food,Yes,No,1
2465,45,141113,7,37.35,43,39016,4,2197,Laptop,Unknown,Debit Card,Food,No,Yes,1
2466,52,61269,12,255.25,82,1976,1,2233,Laptop,Work,Bank Transfer,Entertainment,No,Yes,1
2467,25,154642,3,484.72,40,41300,2,2026,Tablet,Public,Debit Card,Electronics,No,Yes,1
2468,33,129844,13,346.64,47,36288,7,428,Mobile,Public,Debit Card,Shopping,No,Yes,1
2469,59,110784,13,35.55,41,26740,4,1753,Laptop,Work,Credit Card,Shopping,No,Yes,1
2470,53,59921,12,94.76,47,11422,4,217,Laptop,Work,Debit Card,Shopping,No,No,1
2471,47,175607,5,385.68,20,64698,6,1105,Laptop,Unknown,Debit Card,Entertainment,No,Yes,1
2472,35,135701,16,420.74,77,59239,4,681,Tablet,Home,Bank Transfer,Entertainment,No,No,1
2473,19,12292,3,308.89,65,74102,6,1584,Tablet,Home,Credit Card,Grocery,No,No,1
2474,66,74202,7,322.25,68,12589,4,1533,Tablet,Unknown,Credit Card,Electronics,No,Yes,1
2475,30,114994,16,14.27,24,33100,2,616,Mobile,Home,Bank Transfer,Shopping,No,No,1
2476,21,86895,2,414.28,100,46676,5,259,Mobile,Home,Debit Card,Shopping,No,No,1
2477,43,165259,16,394.16,36,8667,5,1183,Tablet,Home,Debit Card,Grocery,No,No,1
2478,42,66777,8,129.59,45,78852,5,84,Mobile,Home,Credit Card,Electronics,No,No,1
2479,47,135799,1,354.37,2,21664,0,300,Tablet,Public,Debit Card,Electronics,No,No,1
2480,28,187713,12,107.51,28,31915,2,1153,Mobile,Work,Digital Wallet,Electronics,No,Yes,0
2481,24,199398,19,20.26,26,74153,2,999,Mobile,Work,Digital Wallet,Food,No,Yes,1
2482,48,134427,1,100.65,23,72395,7,1582,Tablet,Public,Bank Transfer,Electronics,No,No,1
2483,61,188605,19,89.4,79,76329,1,1407,Laptop,Public,Credit Card,Travel,No,Yes,1
2484,27,136385,10,168.94,36,59150,3,1205,Laptop,Work,Bank Transfer,Entertainment,Yes,Yes,1
2485,56,102512,21,209.28,91,59481,5,2407,Mobile,Public,Credit Card,Electronics,Yes,Yes,1
2486,30,19504,14,254.32,6,75368,3,145,Mobile,Home,Debit Card,Food,Yes,Yes,1
2487,48,116645,10,238.43,35,1115,1,352,Mobile,Home,Credit Card,Travel,Yes,Yes,1
2488,24,156552,22,135.41,38,46112,2,2640,Mobile,Home,Digital Wallet,Food,Yes,Yes,1
2489,66,150345,2,14.68,35,78437,1,1625,Mobile,Work,Bank Transfer,Food,No,Yes,1
2490,59,184199,2,302.59,100,42436,4,2306,Mobile,Work,Bank Transfer,Grocery,No,Yes,1
2491,59,24089,11,197.93,74,29872,1,389,Tablet,Work,Bank Transfer,Food,No,Yes,1
2492,53,108206,23,149.41,94,68375,1,57,Laptop,Work,Credit Card,Food,No,Yes,1
2493,37,24619,4,433.48,53,62200,6,1284,Laptop,Home,Debit Card,Shopping,No,No,1
2494,21,22539,19,373.4,38,8609,4,1448,Tablet,Home,Bank Transfer,Entertainment,No,No,1
2495,24,118670,6,428.9,93,24258,6,2946,Tablet,Work,Bank Transfer,Grocery,No,Yes,1
2496,18,15095,6,247.54,59,13817,3,1765,Laptop,Home,Digital Wallet,Grocery,No,Yes,1
2497,61,23659,12,65.55,43,69501,7,1897,Laptop,Work,Credit Card,Shopping,No,Yes,1
2498,62,89149,8,348.14,4,51923,4,1324,Mobile,Work,Digital Wallet,Travel,No,Yes,1
2499,59,136193,20,103.12,5,26122,7,1904,Laptop,Work,Debit Card,Shopping,Yes,Yes,1
2500,64,98100,12,220.67,68,7300,0,2105,Mobile,Home,Bank Transfer,Grocery,No,Yes,1
2501,30,152291,11,32.59,100,36039,1,1572,Mobile,Work,Debit Card,Travel,No,No,1
2502,39,182711,12,412.67,45,3100,7,773,Laptop,Unknown,Digital Wallet,Grocery,No,No,1
2503,38,39450,23,63.06,80,71554,1,1141,Mobile,Public,Credit Card,Electronics,No,Yes,1
2504,39,177395,9,451.56,25,29869,6,1751,Mobile,Unknown,Bank Transfer,Travel,Yes,Yes,1
2505,45,25617,0,432.13,78,17189,3,1808,Tablet,Work,Debit Card,Grocery,No,Yes,1
2506,26,153422,7,232.34,11,38969,6,609,Laptop,Home,Credit Card,Shopping,Yes,Yes,1
2507,43,89232,21,372.21,29,1458,2,2528,Tablet,Work,Credit Card,Grocery,Yes,Yes,1
2508,26,197970,15,309.76,34,60512,4,462,Mobile,Public,Digital Wallet,Shopping,Yes,Yes,1
2509,32,185371,12,401.56,86,69574,2,403,Mobile,Home,Credit Card,Travel,No,Yes,1
2510,27,59646,2,215.96,14,60521,0,2512,Tablet,Home,Credit Card,Shopping,Yes,Yes,1
2511,41,105786,2,392.93,24,51282,4,1240,Tablet,Home,Digital Wallet,Travel,No,No,1
2512,59,88251,23,231.28,59,76019,0,1804,Tablet,Work,Bank Transfer,Food,No,Yes,1
2513,25,3427,4,470.49,39,59815,0,2071,Mobile,Home,Credit Card,Entertainment,No,Yes,1
2514,41,120418,10,243.24,26,25142,0,2295,Laptop,Home,Debit Card,Travel,No,No,1
2515,33,160940,6,231.36,43,79503,5,1161,Mobile,Public,Debit Card,Food,Yes,Yes,1
2516,66,195590,20,392.56,36,705,4,1872,Tablet,Work,Digital Wallet,Food,No,No,1
2517,43,173960,23,410.81,39,12942,7,1603,Laptop,Home,Bank Transfer,Food,No,Yes,1
2518,44,116045,9,277.29,61,6191,4,1960,Tablet,Home,Digital Wallet,Food,No,Yes,1
2519,54,46930,9,89.98,16,39409,5,977,Mobile,Home,Credit Card,Travel,No,Yes,1
2520,21,52546,19,233.93,59,20004,3,378,Laptop,Work,Bank Transfer,Shopping,Yes,Yes,1
2521,67,146332,1,484.04,96,64770,7,817,Laptop,Home,Credit Card,Food,No,Yes,1
2522,41,187755,2,376.52,6,58551,5,1575,Mobile,Work,Credit Card,Electronics,No,Yes,1
2523,36,165170,7,405.6,98,39298,7,55,Tablet,Unknown,Bank Transfer,Food,No,Yes,1
2524,53,158402,10,16.51,56,49830,1,1101,Tablet,Work,Credit Card,Shopping,No,Yes,1
2525,56,140248,12,233.98,8,79419,2,888,Tablet,Home,Debit Card,Shopping,No,Yes,1
2526,27,69441,6,323.35,94,42216,2,399,Mobile,Work,Digital Wallet,Entertainment,No,Yes,1
2527,42,31185,12,415.03,27,75124,0,1665,Tablet,Unknown,Debit Card,Entertainment,No,Yes,1
2528,35,55671,1,24.73,71,47482,4,1240,Laptop,Home,Credit Card,Food,No,No,1
2529,36,145887,5,426.23,27,27944,4,1577,Tablet,Home,Bank Transfer,Food,No,Yes,1
2530,53,128408,8,274.25,89,25234,0,913,Tablet,Work,Digital Wallet,Grocery,No,No,1
2531,27,5850,19,98.74,46,42245,1,1944,Laptop,Work,Bank Transfer,Grocery,No,Yes,0
2532,50,114031,1,158.7,41,35071,2,308,Laptop,Home,Debit Card,Entertainment,No,Yes,1
2533,67,78868,17,141.04,79,15889,5,2418,Tablet,Work,Credit Card,Food,No,Yes,1
2534,22,36003,15,265.48,25,45538,3,1381,Laptop,Work,Credit Card,Grocery,No,No,1
2535,64,163265,11,25.94,86,73295,7,1732,Mobile,Public,Bank Transfer,Electronics,No,No,1
2536,66,91136,6,79.35,18,45668,7,1687,Laptop,Home,Credit Card,Travel,Yes,No,1
2537,52,88054,6,406.37,12,78582,7,1958,Mobile,Unknown,Digital Wallet,Entertainment,No,Yes,1
2538,61,165486,16,66.39,87,68190,7,636,Laptop,Home,Debit Card,Entertainment,No,No,1
2539,51,179397,12,116.77,51,74802,6,1078,Mobile,Work,Debit Card,Shopping,Yes,Yes,1
2540,50,83114,10,226.74,39,11730,1,2606,Mobile,Work,Digital Wallet,Food,No,Yes,1
2541,38,166351,5,258.61,89,6402,7,2503,Tablet,Home,Digital Wallet,Entertainment,No,Yes,1
2542,34,117405,22,381.83,10,67258,4,58,Laptop,Unknown,Bank Transfer,Entertainment,Yes,Yes,1
2543,39,156510,13,223.72,94,27550,6,985,Laptop,Home,Digital Wallet,Grocery,No,Yes,1
2544,65,32201,5,394.95,74,75086,0,352,Laptop,Work,Digital Wallet,Electronics,No,Yes,1
2545,54,2875,5,309.21,98,69610,2,1906,Mobile,Home,Digital Wallet,Food,No,Yes,1
2546,32,111597,1,56.64,77,77193,6,2390,Tablet,Work,Digital Wallet,Travel,No,Yes,1
2547,52,45719,21,78.25,54,20075,0,613,Laptop,Home,Bank Transfer,Electronics,No,No,1
2548,45,177010,19,218.57,29,59440,4,1323,Tablet,Unknown,Bank Transfer,Travel,No,Yes,1
2549,24,150711,14,198.51,41,40744,7,2839,Tablet,Unknown,Credit Card,Shopping,No,Yes,1
2550,49,57224,16,371.8,9,15462,0,2372,Mobile,Unknown,Credit Card,Entertainment,No,Yes,1
2551,28,65249,7,290.41,63,77832,5,685,Laptop,Home,Credit Card,Grocery,No,No,1
2552,27,26716,4,194.13,77,24950,6,815,Tablet,Work,Credit Card,Electronics,Yes,No,1
2553,26,185739,16,85.46,37,53994,6,252,Laptop,Home,Debit Card,Travel,No,Yes,1
2554,31,168271,19,113.5,14,45537,7,2152,Laptop,Unknown,Credit Card,Food,Yes,Yes,1
2555,30,61899,0,287.79,73,30541,2,2179,Laptop,Work,Digital Wallet,Shopping,No,No,1
2556,42,90321,21,211.78,72,11215,0,2962,Tablet,Work,Digital Wallet,Shopping,No,No,1
2557,19,114979,17,257.51,39,22303,2,2250,Mobile,Work,Credit Card,Entertainment,No,Yes,1
2558,52,25579,14,85.42,40,69406,6,1057,Mobile,Home,Credit Card,Entertainment,No,Yes,1
2559,24,177344,4,331.49,54,62226,0,1713,Tablet,Work,Digital Wallet,Travel,No,No,1
2560,38,99265,6,426.28,3,2408,0,2472,Laptop,Home,Digital Wallet,Travel,Yes,Yes,1
2561,35,55963,17,129.04,55,37575,2,1679,Laptop,Public,Digital Wallet,Shopping,No,Yes,1
2562,20,173215,5,245.81,33,65087,5,862,Mobile,Public,Digital Wallet,Travel,No,Yes,1
2563,59,82669,21,487.77,96,54148,0,1033,Tablet,Work,Digital Wallet,Entertainment,No,Yes,0
2564,56,146580,20,166.69,71,21634,5,196,Tablet,Public,Debit Card,Shopping,No,Yes,1
2565,58,189152,4,297.56,19,56643,1,2377,Mobile,Home,Credit Card,Shopping,No,No,1
2566,66,16451,18,45.19,34,69623,3,2046,Tablet,Public,Digital Wallet,Food,No,Yes,1
2567,28,135303,9,303.05,78,45653,1,147,Tablet,Home,Credit Card,Food,No,No,1
2568,56,44925,14,44.91,50,2913,3,2589,Mobile,Work,Digital Wallet,Travel,Yes,No,1
2569,41,11449,9,479.62,47,23055,1,2689,Mobile,Work,Debit Card,Travel,No,Yes,1
2570,63,192103,15,357.86,46,11452,3,1839,Tablet,Home,Digital Wallet,Entertainment,No,No,1
2571,36,44354,11,394.1,56,69493,0,2236,Tablet,Home,Credit Card,Entertainment,Yes,Yes,1
2572,21,38325,17,352.08,57,74500,2,1437,Mobile,Home,Debit Card,Food,Yes,Yes,1
2573,43,12553,22,294.91,83,67186,2,1280,Mobile,Public,Debit Card,Shopping,No,Yes,1
2574,55,149986,0,225.01,51,32764,7,492,Laptop,Home,Digital Wallet,Electronics,No,Yes,1
2575,59,149435,15,429.2,54,48053,4,1763,Tablet,Work,Credit Card,Grocery,No,Yes,1
2576,49,77794,21,478.42,90,54859,7,1701,Tablet,Unknown,Digital Wallet,Grocery,No,Yes,1
2577,56,15835,5,249.57,81,10308,3,2181,Mobile,Home,Digital Wallet,Electronics,No,Yes,1
2578,62,147002,2,465.77,28,52830,4,1011,Mobile,Work,Bank Transfer,Travel,No,Yes,1
2579,63,47993,1,291.71,19,38845,5,2327,Laptop,Work,Digital Wallet,Grocery,Yes,No,1
2580,53,175845,1,269.24,27,70117,5,1066,Laptop,Home,Bank Transfer,Grocery,No,No,1
2581,57,127106,12,227.3,48,39722,4,2644,Mobile,Unknown,Credit Card,Electronics,No,Yes,1
2582,54,45166,8,104.72,19,58255,3,1909,Tablet,Home,Credit Card,Electronics,No,Yes,1
2583,50,134545,15,1.96,97,9433,2,626,Laptop,Home,Digital Wallet,Food,No,Yes,1
2584,53,141507,4,120.83,51,68707,3,650,Mobile,Work,Bank Transfer,Shopping,No,Yes,0
2585,20,154913,22,254.91,7,44239,5,2632,Mobile,Home,Credit Card,Entertainment,No,No,1
2586,26,10792,20,190.04,29,48238,0,1441,Mobile,Public,Bank Transfer,Food,No,No,1
2587,25,178467,6,224.3,43,22383,4,100,Tablet,Public,Debit Card,Grocery,No,Yes,1
2588,50,45641,12,490.33,69,43901,4,985,Mobile,Work,Credit Card,Entertainment,No,Yes,1
2589,23,165229,19,175.2,94,15880,5,1833,Mobile,Home,Debit Card,Food,No,Yes,1
2590,58,67083,23,226.15,58,18712,3,467,Tablet,Home,Credit Card,Food,Yes,Yes,1
2591,56,150755,12,66.84,8,28674,4,1097,Mobile,Home,Credit Card,Electronics,Yes,No,1
2592,21,153937,6,24.07,42,7361,2,1955,Mobile,Work,Debit Card,Entertainment,No,Yes,1
2593,30,190459,9,387.73,76,6594,4,1067,Laptop,Unknown,Debit Card,Food,No,No,1
2594,66,155078,14,285.38,42,51819,3,1432,Mobile,Home,Credit Card,Electronics,No,Yes,1
2595,19,120847,20,380.38,13,47228,5,2391,Tablet,Home,Debit Card,Travel,No,Yes,1
2596,22,85203,5,75.02,26,24863,2,1468,Laptop,Work,Credit Card,Entertainment,No,Yes,1
2597,61,177697,4,285.96,18,39800,2,514,Mobile,Home,Credit Card,Food,No,Yes,1
2598,44,169402,22,126.9,42,55308,4,198,Tablet,Work,Credit Card,Grocery,No,No,1
2599,49,150692,1,114.11,51,6443,3,2965,Mobile,Work,Credit Card,Travel,No,No,1
2600,38,183106,20,5.86,84,43116,4,832,Laptop,Work,Credit Card,Electronics,No,No,1
2601,25,25666,14,65.26,16,74829,6,275,Tablet,Home,Digital Wallet,Food,No,Yes,1
2602,55,73293,15,154.7,3,25787,0,2343,Laptop,Public,Debit Card,Grocery,No,No,1
2603,25,161306,18,58.53,91,34471,7,878,Tablet,Home,Credit Card,Electronics,Yes,Yes,1
2604,67,141517,8,492.93,79,56652,5,2320,Tablet,Public,Credit Card,Electronics,No,Yes,1
2605,20,121115,21,154.39,98,42851,6,2055,Mobile,Home,Credit Card,Grocery,No,Yes,1
2606,61,172357,18,65.25,45,60540,7,1723,Tablet,Public,Digital Wallet,Electronics,Yes,Yes,1
2607,20,131056,6,99.62,22,61116,0,1380,Tablet,Work,Debit Card,Entertainment,No,No,1
2608,39,70844,3,293.89,23,24397,2,559,Mobile,Home,Credit Card,Travel,No,Yes,1
2609,23,33555,2,32.12,59,23510,4,1648,Tablet,Unknown,Debit Card,Travel,No,Yes,1
2610,19,159190,23,431.23,62,40654,0,876,Tablet,Work,Debit Card,Shopping,No,Yes,1
2611,40,54319,19,480.75,68,20614,1,2419,Tablet,Home,Credit Card,Food,Yes,Yes,1
2612,61,46091,10,123.45,54,19550,0,1818,Tablet,Home,Bank Transfer,Electronics,Yes,Yes,1
2613,19,73716,0,225.1,57,21625,4,1732,Mobile,Work,Debit Card,Food,No,Yes,1
2614,55,87538,5,11.17,23,50896,7,789,Mobile,Work,Credit Card,Travel,Yes,Yes,1
2615,34,116941,10,320.39,60,45346,4,1433,Laptop,Work,Bank Transfer,Travel,No,Yes,1
2616,52,140658,0,207.02,73,20896,5,827,Tablet,Work,Bank Transfer,Electronics,No,No,1
2617,51,170034,20,135.1,88,39473,0,561,Mobile,Work,Bank Transfer,Entertainment,No,Yes,1
2618,40,58970,6,103.5,85,24074,4,1947,Tablet,Unknown,Debit Card,Grocery,No,Yes,1
2619,47,86794,5,327.05,55,14369,4,893,Mobile,Work,Debit Card,Electronics,No,Yes,1
2620,69,43956,13,208.17,80,66694,6,71,Laptop,Home,Debit Card,Electronics,No,Yes,1
2621,25,101507,1,89.91,63,62667,5,628,Tablet,Public,Bank Transfer,Shopping,No,Yes,1
2622,39,31479,3,344.59,56,56647,6,335,Laptop,Home,Debit Card,Grocery,No,Yes,1
2623,61,64829,10,282.58,55,12622,5,838,Laptop,Home,Credit Card,Entertainment,No,No,1
2624,53,159550,14,429.35,25,44327,5,2939,Laptop,Work,Bank Transfer,Food,No,Yes,1
2625,22,54453,17,58.83,26,13835,7,1293,Mobile,Home,Bank Transfer,Grocery,No,No,1
2626,30,181168,0,392.85,49,64076,6,708,Tablet,Home,Debit Card,Entertainment,Yes,Yes,1
2627,46,14131,2,336.79,63,22177,5,760,Mobile,Home,Digital Wallet,Electronics,Yes,No,1
2628,48,66082,2,57.59,45,28723,1,2518,Mobile,Work,Digital Wallet,Electronics,No,Yes,1
2629,64,36783,6,347.44,73,30314,7,2055,Tablet,Public,Credit Card,Electronics,No,Yes,1
2630,33,114191,0,220.83,79,43685,2,962,Tablet,Work,Digital Wallet,Electronics,No,Yes,1
2631,59,117897,10,472.5,39,77294,4,932,Tablet,Work,Debit Card,Electronics,No,Yes,1
2632,47,148790,5,70.89,97,76175,3,162,Tablet,Home,Bank Transfer,Grocery,No,No,1
2633,33,6687,19,321.45,65,42825,5,2796,Mobile,Home,Digital Wallet,Grocery,No,No,1
2634,29,62890,2,191.05,69,41003,2,2128,Tablet,Home,Debit Card,Grocery,No,Yes,1
2635,34,31580,18,478.41,56,20014,5,2695,Tablet,Home,Debit Card,Entertainment,No,Yes,1
2636,33,151699,1,165.05,9,56696,7,421,Tablet,Home,Digital Wallet,Electronics,No,Yes,1
2637,29,23669,17,481.1,70,21417,7,2773,Laptop,Home,Credit Card,Travel,No,Yes,1
2638,25,11251,11,450.75,28,55199,2,2600,Tablet,Home,Credit Card,Grocery,No,Yes,1
2639,37,190346,9,135.26,45,50619,3,537,Tablet,Work,Debit Card,Travel,No,Yes,1
2640,20,44839,4,401.79,26,25561,7,1715,Mobile,Public,Digital Wallet,Shopping,No,Yes,1
2641,33,33054,8,497.8,28,10447,0,2431,Laptop,Public,Digital Wallet,Food,No,Yes,1
2642,47,109473,1,126.41,40,33132,1,2944,Mobile,Work,Credit Card,Grocery,No,Yes,1
2643,62,166475,1,218.44,15,19852,4,1448,Laptop,Home,Digital Wallet,Travel,Yes,Yes,1
2644,40,34800,5,260.14,6,24153,0,985,Mobile,Work,Credit Card,Shopping,No,Yes,0
2645,45,123828,9,147.54,27,67615,6,125,Mobile,Home,Digital Wallet,Entertainment,No,Yes,1
2646,68,198740,17,7.73,38,44255,3,135,Tablet,Work,Debit Card,Food,No,No,1
2647,57,66888,11,110.14,68,72488,1,707,Tablet,Unknown,Credit Card,Electronics,No,Yes,1
2648,22,71145,3,141.04,75,38421,1,2590,Laptop,Work,Credit Card,Grocery,No,Yes,1
2649,37,169014,21,221.86,85,59503,1,885,Laptop,Public,Credit Card,Grocery,No,No,1
2650,57,145072,20,85.63,64,47168,3,1992,Laptop,Work,Credit Card,Electronics,No,Yes,1
2651,61,128092,16,436.64,30,55675,5,819,Tablet,Work,Digital Wallet,Entertainment,No,Yes,1
2652,18,80159,14,352.49,82,48238,5,544,Mobile,Home,Credit Card,Food,No,Yes,1
2653,47,1981,5,42.69,99,53952,7,2975,Laptop,Public,Digital Wallet,Grocery,Yes,Yes,1
2654,38,164209,15,325.08,3,68823,6,1114,Tablet,Home,Bank Transfer,Travel,No,Yes,1
2655,37,132802,16,326.86,62,46649,5,1037,Tablet,Public,Bank Transfer,Food,No,Yes,1
2656,23,20889,2,478.11,12,16339,7,1347,Mobile,Home,Credit Card,Shopping,No,Yes,1
2657,39,126183,9,1.61,91,2655,0,2814,Mobile,Home,Digital Wallet,Grocery,No,Yes,0
2658,35,88159,4,124.04,30,7519,7,2379,Tablet,Unknown,Bank Transfer,Entertainment,No,Yes,1
2659,25,46251,13,463.9,85,55012,4,2723,Mobile,Home,Digital Wallet,Travel,No,No,1
2660,56,180092,20,466.07,38,62190,7,2308,Mobile,Unknown,Digital Wallet,Food,No,Yes,1
2661,49,109488,12,360.32,85,26690,1,1462,Tablet,Home,Credit Card,Food,No,Yes,1
2662,50,198403,5,382.91,60,11428,6,2815,Laptop,Public,Credit Card,Travel,No,Yes,1
2663,33,3362,11,45.83,38,48925,6,326,Laptop,Work,Digital Wallet,Shopping,No,Yes,1
2664,29,67081,7,256.99,15,74634,1,484,Tablet,Work,Digital Wallet,Shopping,No,No,1
2665,55,121051,4,115.87,18,49474,0,971,Laptop,Home,Debit Card,Food,No,No,1
2666,69,123199,14,90.69,52,48296,7,269,Tablet,Home,Debit Card,Electronics,No,Yes,1
2667,51,82072,15,405.17,29,49243,5,1651,Tablet,Unknown,Bank Transfer,Travel,No,No,1
2668,31,75585,0,67.61,60,79955,7,2628,Mobile,Home,Debit Card,Grocery,No,Yes,1
2669,53,54822,15,234.38,21,70535,1,2215,Laptop,Home,Credit Card,Shopping,No,Yes,1
2670,50,89599,4,469.3,17,38177,1,483,Tablet,Work,Debit Card,Grocery,No,Yes,1
2671,40,181990,2,93.0,18,56821,3,1279,Laptop,Work,Credit Card,Shopping,No,Yes,1
2672,67,161104,19,489.0,57,59473,2,2520,Laptop,Home,Debit Card,Shopping,No,Yes,1
2673,62,7001,14,497.14,37,52914,6,2104,Laptop,Home,Digital Wallet,Entertainment,No,Yes,1
2674,19,117573,12,277.85,60,26102,0,2534,Tablet,Home,Digital Wallet,Grocery,No,Yes,1
2675,58,8697,23,85.15,38,30192,7,724,Mobile,Public,Digital Wallet,Electronics,No,No,1
2676,38,129731,15,158.12,12,49250,0,739,Laptop,Home,Digital Wallet,Shopping,No,Yes,1
2677,19,64009,22,212.3,75,22260,5,2044,Tablet,Public,Debit Card,Electronics,No,Yes,1
2678,44,72491,10,154.73,84,68956,0,878,Laptop,Home,Digital Wallet,Food,No,Yes,1
2679,26,139435,20,140.39,73,24585,5,978,Mobile,Home,Digital Wallet,Food,No,Yes,1
2680,18,63393,1,486.12,1,64464,7,136,Laptop,Work,Digital Wallet,Entertainment,No,No,1
2681,28,156977,21,76.77,58,23425,3,2521,Tablet,Home,Bank Transfer,Electronics,No,No,1
2682,20,11974,5,366.69,3,6115,7,1754,Laptop,Work,Credit Card,Travel,No,Yes,1
2683,69,86502,5,0.31,63,37583,3,2113,Laptop,Public,Credit Card,Entertainment,No,Yes,1
2684,40,14179,13,298.13,21,68819,4,626,Laptop,Home,Credit Card,Shopping,No,Yes,1
2685,43,181022,10,457.98,23,10105,5,184,Mobile,Unknown,Digital Wallet,Food,No,Yes,1
2686,21,72879,7,144.04,9,45108,6,825,Laptop,Home,Debit Card,Food,No,Yes,1
2687,35,95508,7,92.84,83,19692,3,301,Tablet,Home,Digital Wallet,Travel,No,Yes,1
2688,23,140190,0,325.87,55,3831,7,1600,Laptop,Home,Debit Card,Entertainment,No,Yes,1
2689,52,120706,20,356.33,19,51830,5,1473,Laptop,Public,Bank Transfer,Electronics,No,Yes,1
2690,39,180672,6,344.05,62,50449,6,1237,Laptop,Home,Credit Card,Food,Yes,Yes,1
2691,60,120162,5,159.73,87,68882,7,1664,Mobile,Public,Credit Card,Shopping,No,Yes,1
2692,32,12200,20,126.18,91,38086,6,1290,Tablet,Work,Debit Card,Travel,No,Yes,1
2693,39,57121,7,477.96,91,52743,7,1968,Laptop,Home,Bank Transfer,Travel,No,No,1
2694,54,150972,18,461.66,39,59118,0,1562,Tablet,Work,Credit Card,Grocery,Yes,Yes,1
2695,69,128226,21,228.71,100,78811,4,151,Tablet,Unknown,Digital Wallet,Travel,No,Yes,1
2696,59,194572,20,423.11,76,8049,2,1470,Mobile,Work,Debit Card,Shopping,No,Yes,1
2697,29,92546,23,226.22,27,52994,1,1428,Tablet,Work,Digital Wallet,Travel,No,No,1
2698,64,29537,19,212.25,46,24458,1,1533,Laptop,Public,Credit Card,Electronics,No,Yes,1
2699,66,177847,7,78.47,34,38038,4,179,Mobile,Home,Bank Transfer,Grocery,No,Yes,1
2700,59,151114,13,213.26,33,6333,5,736,Mobile,Public,Credit Card,Electronics,No,Yes,1
2701,55,20962,17,268.75,92,23886,5,1645,Tablet,Unknown,Digital Wallet,Entertainment,Yes,Yes,1
2702,35,11769,15,11.35,95,72278,5,1543,Mobile,Work,Debit Card,Entertainment,No,Yes,1
2703,62,121319,8,222.11,96,25332,2,2230,Tablet,Unknown,Bank Transfer,Electronics,No,No,1
2704,52,184944,14,390.7,50,78357,6,2628,Tablet,Work,Digital Wallet,Shopping,No,No,1
2705,47,16016,9,340.06,20,39430,1,874,Mobile,Work,Credit Card,Grocery,No,Yes,1
2706,41,10978,21,317.61,40,32907,4,2357,Laptop,Work,Credit Card,Entertainment,No,No,1
2707,59,3085,15,454.79,99,4573,5,2499,Tablet,Home,Digital Wallet,Travel,Yes,Yes,1
2708,47,41335,3,9.11,95,18167,3,2006,Mobile,Work,Bank Transfer,Electronics,No,Yes,1
2709,31,19031,19,278.57,58,16535,0,1865,Mobile,Home,Credit Card,Food,No,Yes,1
2710,23,92976,12,393.7,31,7232,2,833,Tablet,Home,Debit Card,Shopping,Yes,Yes,1
2711,20,436,21,270.71,38,55597,7,384,Tablet,Home,Credit Card,Shopping,Yes,No,1
2712,33,43033,4,162.02,86,3987,5,1635,Tablet,Home,Credit Card,Electronics,No,Yes,1
2713,24,45636,21,68.21,45,58202,1,407,Tablet,Home,Debit Card,Food,No,No,0
2714,69,69604,6,443.79,41,29575,0,2157,Laptop,Public,Digital Wallet,Shopping,No,No,1
2715,31,99314,22,235.43,9,71531,4,1610,Laptop,Home,Debit Card,Grocery,No,Yes,1
2716,26,182320,8,439.07,9,15281,5,1017,Laptop,Work,Debit Card,Entertainment,No,Yes,1
2717,32,114036,7,292.97,63,40365,1,262,Laptop,Home,Digital Wallet,Grocery,No,Yes,1
2718,38,16379,15,337.13,79,8969,0,183,Mobile,Home,Debit Card,Food,No,Yes,0
2719,52,199837,5,402.15,77,45667,3,936,Tablet,Home,Bank Transfer,Grocery,No,Yes,1
2720,19,103851,15,329.61,22,20428,2,1650,Mobile,Home,Digital Wallet,Travel,Yes,Yes,1
2721,44,104533,5,199.09,16,77021,4,2448,Mobile,Work,Credit Card,Entertainment,No,Yes,1
2722,19,71486,13,256.87,32,40099,7,352,Laptop,Work,Debit Card,Food,No,No,1
2723,52,86224,20,401.54,66,17275,1,361,Mobile,Home,Digital Wallet,Electronics,No,Yes,1
2724,35,105850,0,186.89,90,67004,6,272,Laptop,Work,Digital Wallet,Shopping,No,Yes,1
2725,31,77585,8,194.12,14,76418,3,459,Tablet,Public,Credit Card,Entertainment,Yes,No,1
2726,37,74155,23,47.94,38,71187,2,1235,Laptop,Home,Credit Card,Electronics,Yes,Yes,1
2727,35,92011,12,457.3,98,27304,2,2886,Tablet,Home,Credit Card,Food,No,Yes,1
2728,27,98718,18,45.61,8,32759,6,1526,Laptop,Work,Debit Card,Travel,No,No,1
2729,42,197842,16,324.14,100,44060,7,2453,Mobile,Home,Debit Card,Shopping,No,No,1
2730,19,185200,10,206.66,21,27756,3,110,Mobile,Public,Bank Transfer,Shopping,No,No,1
2731,42,113992,7,202.87,56,6625,1,1603,Laptop,Work,Digital Wallet,Entertainment,No,Yes,1
2732,50,71228,22,339.81,46,4870,2,449,Tablet,Work,Debit Card,Electronics,Yes,Yes,1
2733,53,149280,4,33.64,43,5338,4,496,Tablet,Home,Digital Wallet,Food,No,Yes,1
2734,48,52595,9,296.89,92,57929,0,1110,Laptop,Work,Credit Card,Food,No,No,1
2735,31,82906,6,386.04,46,3634,4,2030,Mobile,Home,Credit Card,Electronics,No,Yes,1
2736,18,93285,9,414.12,48,43699,7,1595,Tablet,Public,Debit Card,Shopping,No,Yes,1
2737,63,188002,3,85.35,70,77592,5,1548,Laptop,Work,Credit Card,Electronics,No,No,1
2738,33,183681,8,448.72,84,34322,7,2906,Tablet,Home,Debit Card,Grocery,Yes,No,1
2739,63,197578,13,328.11,31,20613,2,2065,Mobile,Work,Digital Wallet,Food,Yes,Yes,1
2740,69,170691,1,440.94,33,64094,0,833,Tablet,Home,Credit Card,Electronics,No,Yes,1
2741,20,49749,8,242.69,44,3169,3,1107,Laptop,Home,Bank Transfer,Shopping,Yes,Yes,1
2742,52,165696,20,271.06,71,49927,0,1662,Tablet,Work,Debit Card,Entertainment,No,No,1
2743,58,165057,0,459.53,8,13438,7,2014,Tablet,Work,Credit Card,Grocery,No,Yes,1
2744,23,175541,22,449.96,73,6217,0,33,Mobile,Work,Debit Card,Shopping,No,Yes,1
2745,42,95502,9,224.14,2,78318,6,1932,Mobile,Home,Digital Wallet,Travel,Yes,Yes,1
2746,30,30776,9,137.28,17,48159,0,632,Mobile,Work,Debit Card,Travel,No,No,1
2747,51,64193,19,196.65,52,65075,2,2397,Mobile,Home,Bank Transfer,Electronics,No,Yes,1
2748,25,178936,21,193.94,45,16789,6,1428,Laptop,Work,Digital Wallet,Shopping,No,Yes,1
2749,38,181971,2,143.5,37,24906,7,530,Tablet,Work,Digital Wallet,Shopping,No,Yes,1
2750,51,79514,5,134.36,42,13373,7,1715,Tablet,Work,Credit Card,Food,No,Yes,1
2751,21,93195,5,430.55,44,23961,7,2648,Tablet,Public,Bank Transfer,Entertainment,No,No,1
2752,42,72407,20,35.02,81,21210,6,214,Tablet,Public,Debit Card,Grocery,No,Yes,1
2753,32,95532,1,338.84,38,13948,5,2633,Laptop,Public,Bank Transfer,Shopping,No,Yes,1
2754,21,32023,17,86.49,99,15698,5,2970,Mobile,Public,Debit Card,Grocery,No,Yes,1
2755,62,117549,22,172.32,94,73658,6,1325,Tablet,Unknown,Credit Card,Electronics,No,Yes,1
2756,29,47674,1,30.87,6,68438,6,84,Tablet,Public,Debit Card,Food,No,No,1
2757,49,174563,11,135.06,68,51299,7,1754,Mobile,Public,Debit Card,Grocery,No,No,1
2758,49,121857,21,384.23,51,35461,7,2940,Mobile,Work,Debit Card,Grocery,No,Yes,1
2759,45,53764,4,442.52,35,43507,7,1900,Tablet,Home,Digital Wallet,Grocery,No,Yes,1
2760,30,67484,19,110.84,58,65970,1,106,Mobile,Home,Digital Wallet,Grocery,No,Yes,1
2761,48,31127,6,231.83,57,52756,5,2373,Tablet,Unknown,Debit Card,Grocery,No,No,1
2762,31,166636,23,235.21,73,21239,2,1631,Tablet,Work,Debit Card,Food,No,Yes,1
2763,37,34585,15,436.8,6,58686,1,1701,Tablet,Unknown,Debit Card,Electronics,No,No,1
2764,35,150628,19,381.42,13,27047,3,2823,Tablet,Home,Debit Card,Grocery,Yes,Yes,1
2765,46,35654,0,256.59,59,51931,3,1764,Tablet,Home,Digital Wallet,Grocery,No,No,1
2766,23,47022,0,335.41,86,25976,3,2977,Tablet,Work,Bank Transfer,Electronics,No,No,1
2767,49,13509,16,423.69,92,78911,3,2120,Mobile,Public,Credit Card,Shopping,No,Yes,1
2768,46,36739,0,4.87,30,11186,3,1414,Laptop,Home,Debit Card,Shopping,No,No,1
2769,60,194799,20,201.5,100,18036,4,1281,Laptop,Public,Bank Transfer,Food,No,Yes,1
2770,19,19792,19,453.63,2,34562,6,2304,Tablet,Unknown,Bank Transfer,Food,No,Yes,1
2771,40,89137,12,370.18,58,48716,2,1116,Mobile,Home,Debit Card,Entertainment,No,Yes,1
2772,36,185372,8,271.47,36,25541,1,200,Tablet,Home,Credit Card,Food,No,Yes,1
2773,48,188587,14,264.87,72,32153,3,2839,Mobile,Home,Credit Card,Electronics,No,Yes,1
2774,68,18174,2,173.95,45,22173,4,2927,Tablet,Home,Debit Card,Grocery,No,Yes,1
2775,22,146721,13,260.31,9,10867,7,2384,Tablet,Work,Debit Card,Electronics,No,Yes,1
2776,36,30063,22,327.73,65,20129,7,1803,Laptop,Home,Credit Card,Entertainment,No,Yes,1
2777,51,52365,10,209.24,77,72690,5,2645,Mobile,Home,Digital Wallet,Travel,No,Yes,1
2778,27,16161,23,357.11,50,25563,4,2111,Mobile,Unknown,Debit Card,Travel,No,Yes,1
2779,42,189398,21,430.63,79,19822,4,856,Laptop,Work,Digital Wallet,Electronics,No,Yes,1
2780,19,159982,11,77.43,32,13193,2,1695,Laptop,Work,Credit Card,Travel,No,Yes,1
2781,28,191178,12,225.83,98,9741,3,159,Laptop,Home,Credit Card,Travel,No,No,1
2782,67,113602,12,204.07,43,30278,4,1447,Laptop,Unknown,Debit Card,Entertainment,No,Yes,1
2783,48,22900,0,343.76,95,13151,6,1204,Mobile,Public,Credit Card,Grocery,No,Yes,1
2784,32,116292,23,125.01,78,26466,4,2732,Mobile,Work,Digital Wallet,Food,No,Yes,1
2785,26,107328,9,320.16,54,9775,3,2707,Laptop,Public,Credit Card,Food,No,Yes,1
2786,40,188939,2,438.76,47,46106,2,1437,Tablet,Unknown,Debit Card,Travel,No,Yes,1
2787,36,28154,23,209.12,14,2158,4,1070,Tablet,Work,Digital Wallet,Shopping,No,Yes,1
2788,26,176569,3,455.52,48,72968,1,623,Tablet,Work,Debit Card,Entertainment,Yes,Yes,1
2789,52,13333,15,496.58,55,14748,0,1067,Tablet,Home,Credit Card,Grocery,No,Yes,1
2790,38,156240,7,53.14,29,24937,7,2158,Mobile,Home,Debit Card,Grocery,No,Yes,1
2791,26,65827,15,116.6,47,40227,5,233,Mobile,Home,Debit Card,Travel,No,Yes,1
2792,45,90710,16,475.19,63,18701,0,1837,Mobile,Home,Credit Card,Shopping,No,Yes,1
2793,63,70553,18,479.17,19,41650,0,1597,Tablet,Home,Debit Card,Shopping,No,Yes,1
2794,68,104235,21,48.94,91,15499,2,52,Laptop,Public,Digital Wallet,Grocery,No,Yes,1
2795,24,157004,14,7.6,9,6876,7,2691,Tablet,Home,Digital Wallet,Entertainment,Yes,Yes,1
2796,33,108564,15,80.63,37,52173,4,1663,Mobile,Public,Credit Card,Food,No,Yes,1
2797,33,13782,14,498.01,92,3976,0,2221,Tablet,Work,Credit Card,Grocery,Yes,No,1
2798,50,154555,1,90.08,52,70402,0,133,Laptop,Home,Credit Card,Grocery,No,Yes,1
2799,21,58260,10,251.32,57,78494,7,1435,Laptop,Work,Debit Card,Electronics,No,Yes,1
2800,21,23766,0,424.22,88,63378,5,1508,Tablet,Home,Debit Card,Shopping,No,Yes,1
2801,56,58917,14,10.3,28,21115,3,2401,Mobile,Public,Digital Wallet,Electronics,No,Yes,1
2802,57,91298,18,302.28,36,11664,6,1224,Mobile,Unknown,Bank Transfer,Electronics,Yes,Yes,1
2803,34,165814,3,138.59,64,39816,6,605,Mobile,Home,Credit Card,Entertainment,No,Yes,1
2804,54,41930,10,431.18,18,69060,7,1636,Tablet,Public,Bank Transfer,Grocery,No,Yes,1
2805,56,10334,4,141.8,89,30059,4,303,Mobile,Work,Credit Card,Food,No,Yes,1
2806,69,57716,2,343.41,35,63468,4,481,Tablet,Home,Credit Card,Entertainment,No,Yes,1
2807,46,9321,12,337.14,68,67300,5,2958,Mobile,Work,Credit Card,Shopping,No,Yes,1
2808,69,142582,9,110.82,78,9547,3,154,Laptop,Work,Credit Card,Food,No,Yes,1
2809,53,192585,10,17.5,39,45485,7,2394,Laptop,Home,Bank Transfer,Grocery,No,No,1
2810,55,1151,17,204.68,90,72623,4,1896,Mobile,Unknown,Debit Card,Travel,No,Yes,1
2811,56,110629,1,144.67,8,7077,6,2184,Tablet,Home,Credit Card,Food,No,Yes,1
2812,67,77018,6,404.51,88,4370,6,1713,Mobile,Work,Digital Wallet,Entertainment,No,Yes,1
2813,54,78216,8,400.2,80,34594,1,936,Tablet,Home,Debit Card,Entertainment,No,Yes,1
2814,69,122326,9,228.57,84,55829,5,459,Laptop,Public,Credit Card,Electronics,No,Yes,1
2815,52,187735,17,303.3,15,9717,2,2781,Tablet,Unknown,Credit Card,Grocery,No,Yes,1
2816,24,44857,22,302.17,7,66641,3,391,Mobile,Home,Debit Card,Travel,No,Yes,1
2817,44,121108,6,413.6,17,22843,5,825,Laptop,Home,Digital Wallet,Grocery,No,No,1
2818,45,182429,6,212.56,86,51322,0,461,Tablet,Home,Debit Card,Food,No,Yes,1
2819,39,131479,2,137.8,86,13503,7,2752,Tablet,Unknown,Digital Wallet,Travel,No,Yes,1
2820,31,56989,11,132.59,64,60038,4,1573,Laptop,Home,Debit Card,Grocery,No,No,0
2821,24,36044,6,268.14,12,32589,1,888,Mobile,Unknown,Debit Card,Electronics,No,Yes,1
2822,54,99655,16,224.63,82,54095,6,1459,Laptop,Public,Debit Card,Travel,Yes,Yes,1
2823,39,38234,0,220.12,56,30529,1,1375,Mobile,Work,Bank Transfer,Travel,No,No,1
2824,22,158495,4,45.66,46,79523,2,1660,Mobile,Home,Debit Card,Food,No,Yes,1
2825,19,26054,15,359.33,47,51824,7,605,Tablet,Home,Digital Wallet,Travel,No,Yes,1
2826,44,186193,14,106.95,79,52462,5,1118,Mobile,Work,Credit Card,Electronics,No,No,1
2827,38,90059,1,98.56,16,39542,1,922,Mobile,Work,Debit Card,Shopping,Yes,No,1
2828,55,5092,8,206.44,69,76880,5,299,Laptop,Work,Debit Card,Shopping,No,Yes,1
2829,32,2061,6,113.97,2,46457,7,2049,Laptop,Work,Bank Transfer,Entertainment,No,Yes,1
2830,38,12597,3,291.97,92,44239,4,1153,Mobile,Home,Credit Card,Shopping,No,Yes,1
2831,27,163723,19,185.79,54,39233,4,467,Tablet,Public,Debit Card,Food,No,No,1
2832,40,186927,17,224.51,27,45889,6,1072,Laptop,Home,Debit Card,Entertainment,No,Yes,1
2833,56,13355,20,268.63,31,30215,1,2302,Tablet,Work,Bank Transfer,Shopping,No,No,1
2834,22,135739,3,101.85,41,39616,4,1671,Laptop,Unknown,Digital Wallet,Shopping,No,No,1
2835,18,48947,12,77.96,36,57422,7,2537,Laptop,Home,Bank Transfer,Entertainment,No,No,1
2836,30,179175,0,440.22,47,56751,5,2471,Mobile,Work,Debit Card,Food,No,Yes,1
2837,38,20489,23,216.92,43,62294,6,2989,Laptop,Unknown,Digital Wallet,Entertainment,No,Yes,1
2838,43,175695,2,206.11,65,18080,4,1413,Laptop,Work,Digital Wallet,Food,No,Yes,1
2839,67,123902,15,17.9,50,1323,7,1483,Tablet,Home,Credit Card,Food,No,Yes,1
2840,62,61676,21,249.04,93,7584,7,44,Laptop,Home,Credit Card,Grocery,No,Yes,1
2841,38,44019,3,277.13,1,78491,6,2637,Laptop,Home,Debit Card,Electronics,No,Yes,1
2842,35,3458,22,279.46,72,11107,0,1704,Tablet,Home,Debit Card,Shopping,No,Yes,1
2843,54,88635,15,353.54,57,76855,5,1033,Mobile,Public,Digital Wallet,Grocery,No,Yes,1
2844,62,106082,18,88.82,16,12469,7,2491,Mobile,Work,Digital Wallet,Shopping,No,No,1
2845,49,5798,0,126.19,28,63559,6,1408,Laptop,Home,Digital Wallet,Grocery,No,Yes,1
2846,53,66909,4,405.38,86,17833,3,1510,Laptop,Public,Credit Card,Travel,No,Yes,1
2847,34,93179,18,473.59,82,77736,7,1775,Tablet,Work,Debit Card,Entertainment,No,Yes,1
2848,52,55905,21,68.05,22,37168,4,1891,Mobile,Home,Credit Card,Grocery,No,No,1
2849,66,162521,23,248.88,41,12445,4,144,Mobile,Home,Credit Card,Electronics,No,No,1
2850,28,181420,10,107.17,76,47026,5,1405,Mobile,Home,Bank Transfer,Shopping,No,Yes,1
2851,38,75133,12,30.13,19,48217,7,1005,Tablet,Public,Credit Card,Travel,Yes,Yes,1
2852,69,98339,19,162.82,89,59926,2,1715,Tablet,Work,Bank Transfer,Electronics,No,No,1
2853,43,130507,4,71.93,50,78849,3,2113,Tablet,Public,Bank Transfer,Food,Yes,Yes,1
2854,21,44141,20,355.0,59,5101,6,2319,Laptop,Home,Digital Wallet,Shopping,No,Yes,1
2855,51,32054,3,266.91,69,13430,3,1716,Mobile,Public,Credit Card,Grocery,No,Yes,1
2856,69,8102,3,72.0,34,4833,6,92,Laptop,Home,Digital Wallet,Entertainment,No,Yes,1
2857,65,69883,3,4.72,39,71435,7,2743,Laptop,Public,Digital Wallet,Electronics,No,Yes,1
2858,35,107624,3,404.1,74,18339,3,538,Tablet,Public,Digital Wallet,Travel,Yes,Yes,1
2859,57,124957,19,88.18,7,51837,1,217,Mobile,Home,Digital Wallet,Entertainment,Yes,Yes,1
2860,52,19838,20,303.15,52,40704,0,2812,Laptop,Unknown,Bank Transfer,Food,No,Yes,1
2861,58,10803,17,168.53,60,20695,0,122,Mobile,Unknown,Debit Card,Entertainment,No,Yes,1
2862,46,113876,17,292.78,52,28348,2,34,Laptop,Public,Bank Transfer,Travel,No,Yes,1
2863,69,180594,15,157.9,79,41354,3,2102,Tablet,Home,Bank Transfer,Food,Yes,Yes,1
2864,46,193071,8,43.56,24,51498,3,2585,Laptop,Work,Bank Transfer,Travel,No,Yes,1
2865,55,143564,17,111.55,26,67890,4,127,Tablet,Public,Digital Wallet,Shopping,Yes,Yes,1
2866,59,44824,21,94.11,90,32058,6,1321,Mobile,Unknown,Debit Card,Travel,No,Yes,1
2867,38,32399,1,214.07,90,3485,5,2739,Laptop,Home,Credit Card,Entertainment,No,Yes,1
2868,59,15741,20,329.18,10,62294,1,1817,Laptop,Unknown,Debit Card,Shopping,No,Yes,1
2869,30,79634,3,131.98,17,44085,1,1338,Tablet,Home,Credit Card,Shopping,Yes,Yes,1
2870,66,6405,11,6.13,78,40764,7,713,Tablet,Unknown,Debit Card,Electronics,Yes,Yes,1
2871,58,18882,6,259.52,2,33826,2,1162,Mobile,Home,Credit Card,Entertainment,No,Yes,1
2872,34,78357,14,302.92,77,59761,0,56,Tablet,Home,Debit Card,Entertainment,No,Yes,1
2873,26,78063,6,481.44,27,34522,7,1811,Mobile,Work,Digital Wallet,Food,No,Yes,1
2874,58,122087,21,294.78,73,16167,3,2132,Laptop,Home,Debit Card,Travel,No,Yes,1
2875,18,151738,20,235.64,71,18565,5,810,Mobile,Work,Credit Card,Grocery,Yes,No,1
2876,19,124691,16,286.74,48,10506,2,2375,Mobile,Work,Debit Card,Travel,No,Yes,1
2877,65,67866,15,463.96,74,72319,6,1644,Mobile,Home,Credit Card,Entertainment,No,No,1
2878,46,6611,18,414.21,9,45576,1,1071,Laptop,Home,Debit Card,Travel,Yes,Yes,1
2879,50,114916,8,161.56,86,69361,1,2895,Laptop,Unknown,Debit Card,Entertainment,No,Yes,1
2880,27,157349,13,118.7,23,50893,1,1823,Tablet,Home,Digital Wallet,Shopping,No,No,1
2881,67,4865,16,131.39,71,3643,3,884,Mobile,Work,Credit Card,Travel,No,Yes,1
2882,57,151526,4,252.26,73,58005,3,1672,Laptop,Work,Bank Transfer,Travel,No,Yes,1
2883,38,24029,1,372.05,27,12917,3,1962,Mobile,Public,Digital Wallet,Entertainment,No,Yes,1
2884,45,159992,19,251.66,88,31800,4,2056,Mobile,Work,Digital Wallet,Entertainment,No,No,1
2885,28,111676,15,33.99,93,29396,0,2017,Mobile,Home,Credit Card,Food,No,Yes,1
2886,51,160695,13,361.82,81,51129,6,2636,Laptop,Unknown,Debit Card,Travel,No,Yes,1
2887,25,71188,13,403.0,84,28106,1,1299,Mobile,Public,Credit Card,Electronics,No,Yes,1
2888,39,197335,0,144.82,71,40416,1,2580,Mobile,Work,Debit Card,Entertainment,No,Yes,1
2889,25,77625,2,332.1,43,61830,7,1142,Tablet,Public,Credit Card,Electronics,No,No,1
2890,66,13880,6,213.35,7,8051,4,2280,Mobile,Work,Digital Wallet,Shopping,No,Yes,1
2891,32,6689,14,444.57,92,56922,1,269,Tablet,Work,Credit Card,Shopping,No,Yes,1
2892,34,165984,18,422.63,83,68282,6,519,Mobile,Home,Debit Card,Electronics,No,Yes,1
2893,40,93764,19,262.76,63,65891,1,1066,Tablet,Work,Debit Card,Grocery,Yes,No,1
2894,41,177111,1,345.78,84,63911,3,2726,Laptop,Home,Digital Wallet,Shopping,No,No,1
2895,62,182665,18,441.69,44,73685,3,1368,Laptop,Home,Bank Transfer,Electronics,No,No,1
2896,36,104288,8,247.91,39,1388,0,2066,Mobile,Home,Credit Card,Food,No,No,1
2897,22,93426,18,156.69,40,57635,6,714,Tablet,Home,Credit Card,Food,No,Yes,1
2898,49,41053,4,376.86,7,29924,6,2056,Laptop,Home,Credit Card,Shopping,No,No,1
2899,61,65885,17,110.11,70,42059,1,2320,Mobile,Work,Digital Wallet,Electronics,No,Yes,1
2900,18,19409,15,194.33,25,11575,2,2584,Mobile,Home,Bank Transfer,Electronics,No,No,1
2901,40,54295,3,432.88,59,23199,1,1644,Tablet,Public,Bank Transfer,Electronics,Yes,Yes,1
2902,54,26001,11,362.24,13,48472,1,1797,Tablet,Home,Credit Card,Grocery,No,Yes,0
2903,25,154748,6,201.97,86,10450,0,642,Mobile,Home,Digital Wallet,Shopping,No,Yes,1
2904,30,162680,13,107.45,81,5913,2,191,Tablet,Home,Bank Transfer,Grocery,No,Yes,1
2905,25,25564,22,178.05,86,39805,7,685,Tablet,Home,Digital Wallet,Electronics,No,Yes,1
2906,40,191453,11,142.12,98,4069,1,650,Laptop,Home,Debit Card,Entertainment,No,Yes,1
2907,60,16360,2,88.13,62,67278,5,1286,Tablet,Work,Debit Card,Electronics,No,Yes,1
2908,18,125097,4,371.69,8,30585,5,2188,Mobile,Unknown,Debit Card,Entertainment,No,No,1
2909,62,35540,16,126.11,45,76523,6,1981,Tablet,Home,Credit Card,Food,No,No,1
2910,68,95182,9,227.14,18,36663,6,1285,Mobile,Home,Bank Transfer,Entertainment,No,No,1
2911,41,105683,9,192.99,88,50092,2,2005,Mobile,Home,Bank Transfer,Food,No,No,1
2912,52,56783,10,491.04,60,57833,5,779,Tablet,Unknown,Credit Card,Shopping,Yes,Yes,1
2913,41,124306,16,195.61,60,8539,3,738,Tablet,Unknown,Credit Card,Grocery,Yes,Yes,1
2914,34,172602,4,40.08,2,8698,3,2350,Tablet,Home,Credit Card,Grocery,No,Yes,1
2915,22,133159,12,45.0,66,34854,2,1651,Laptop,Home,Digital Wallet,Food,No,No,1
2916,37,156277,9,295.42,91,4324,7,2884,Laptop,Public,Credit Card,Food,No,No,1
2917,38,78584,8,299.72,14,50920,1,70,Tablet,Home,Debit Card,Electronics,No,Yes,1
2918,57,144198,16,209.44,48,3936,6,589,Mobile,Work,Credit Card,Travel,No,No,1
2919,48,68409,0,215.98,56,41357,2,495,Tablet,Home,Debit Card,Food,No,Yes,1
2920,63,46027,3,27.06,12,16557,5,1130,Laptop,Work,Bank Transfer,Entertainment,No,Yes,1
2921,53,188707,3,258.32,96,1810,2,1743,Laptop,Public,Digital Wallet,Shopping,No,No,1
2922,28,43046,17,252.42,92,75855,5,519,Tablet,Public,Credit Card,Grocery,No,Yes,1
2923,69,126603,8,74.86,55,79493,6,146,Mobile,Unknown,Bank Transfer,Entertainment,No,Yes,1
2924,32,187733,17,52.01,28,66513,3,2511,Mobile,Home,Debit Card,Grocery,Yes,Yes,1
2925,36,141549,13,61.87,89,60522,2,1624,Laptop,Work,Digital Wallet,Shopping,No,Yes,1
2926,24,53692,14,50.6,4,9406,6,225,Laptop,Home,Credit Card,Entertainment,Yes,Yes,1
2927,68,138519,5,304.89,90,10368,6,648,Laptop,Public,Credit Card,Grocery,No,Yes,1
2928,45,33876,23,98.32,36,19046,4,1504,Mobile,Work,Debit Card,Food,No,Yes,1
2929,68,134955,9,125.79,50,73355,7,2502,Laptop,Home,Credit Card,Travel,No,Yes,1
2930,60,55898,14,86.87,3,33649,5,1337,Laptop,Home,Credit Card,Food,No,Yes,1
2931,22,135470,3,478.92,1,67881,4,63,Mobile,Work,Bank Transfer,Grocery,No,No,1
2932,22,70304,17,427.32,17,24184,3,2372,Laptop,Public,Bank Transfer,Electronics,No,Yes,1
2933,47,86307,17,115.32,71,30358,6,1304,Laptop,Work,Debit Card,Entertainment,No,Yes,1
2934,49,100456,16,163.85,62,45830,6,368,Tablet,Home,Bank Transfer,Travel,No,Yes,1
2935,25,186333,11,105.03,48,59704,1,2695,Laptop,Home,Debit Card,Entertainment,No,No,1
2936,27,60752,6,245.99,62,25793,5,209,Tablet,Home,Bank Transfer,Electronics,No,Yes,1
2937,55,165656,15,9.9,69,57369,7,651,Laptop,Public,Debit Card,Electronics,No,No,1
2938,64,129672,10,335.72,19,5129,7,1686,Laptop,Public,Bank Transfer,Electronics,No,Yes,1
2939,49,21022,13,261.63,34,6204,1,2696,Tablet,Public,Credit Card,Grocery,No,Yes,1
2940,65,165200,2,449.33,99,2276,3,672,Laptop,Work,Credit Card,Food,No,No,1
2941,45,151488,18,82.28,49,57755,1,2100,Tablet,Work,Debit Card,Grocery,No,Yes,1
2942,34,77096,17,402.07,80,48781,6,1710,Laptop,Work,Debit Card,Food,No,Yes,1
2943,48,148140,9,396.0,47,31736,5,1380,Tablet,Work,Digital Wallet,Travel,No,Yes,1
2944,25,30366,5,63.68,91,67280,0,1207,Tablet,Work,Debit Card,Electronics,Yes,Yes,1
2945,57,155172,12,199.34,50,1833,5,648,Laptop,Home,Credit Card,Food,No,Yes,1
2946,42,145183,9,85.16,89,69705,5,1199,Laptop,Work,Credit Card,Shopping,No,Yes,1
2947,26,2966,17,127.43,26,51446,4,281,Tablet,Home,Credit Card,Shopping,No,Yes,1
2948,19,112769,19,131.7,56,55833,0,331,Mobile,Home,Bank Transfer,Food,No,Yes,1
2949,32,5998,15,278.16,78,27777,0,1596,Laptop,Unknown,Debit Card,Travel,Yes,No,1
2950,67,18495,5,205.76,14,51106,0,2240,Laptop,Public,Bank Transfer,Entertainment,No,Yes,1
2951,20,170191,12,473.87,78,2433,5,641,Mobile,Work,Debit Card,Grocery,No,Yes,1
2952,66,4106,3,63.27,25,34014,3,1101,Mobile,Home,Digital Wallet,Electronics,No,Yes,0
2953,53,165565,22,486.85,100,63458,0,2522,Tablet,Public,Digital Wallet,Food,No,Yes,1
2954,21,11056,13,115.4,4,7327,2,1973,Laptop,Work,Bank Transfer,Travel,No,Yes,0
2955,31,181214,0,386.46,79,31344,1,103,Tablet,Home,Digital Wallet,Grocery,No,No,1
2956,58,137250,19,169.55,32,1292,3,2903,Laptop,Work,Debit Card,Entertainment,No,No,1
2957,58,160803,4,71.63,82,40195,2,1757,Mobile,Home,Digital Wallet,Travel,No,Yes,1
2958,42,95776,7,428.96,78,43010,5,571,Tablet,Work,Digital Wallet,Entertainment,No,Yes,1
2959,67,121824,11,154.5,65,39637,5,186,Laptop,Public,Digital Wallet,Shopping,No,Yes,1
2960,27,63001,1,329.46,61,73910,2,1319,Laptop,Home,Bank Transfer,Grocery,No,No,1
2961,38,107327,11,283.27,20,40132,4,285,Mobile,Home,Digital Wallet,Grocery,No,Yes,1
2962,53,117292,4,235.93,74,37290,4,1081,Mobile,Home,Debit Card,Entertainment,No,Yes,1
2963,29,172746,21,247.96,10,31385,2,966,Laptop,Home,Credit Card,Shopping,No,Yes,1
2964,44,31517,4,366.15,88,65714,7,2195,Mobile,Home,Debit Card,Electronics,No,Yes,1
2965,57,88120,12,43.98,34,77044,4,2447,Mobile,Home,Digital Wallet,Food,No,Yes,1
2966,19,83739,8,334.12,61,45370,1,2286,Tablet,Home,Credit Card,Shopping,Yes,No,1
2967,30,196178,9,447.92,92,48610,1,2664,Laptop,Home,Debit Card,Travel,No,Yes,1
2968,49,94981,0,28.99,27,5671,7,2926,Tablet,Home,Debit Card,Entertainment,No,Yes,1
2969,48,170626,2,70.41,40,10089,5,1921,Mobile,Home,Debit Card,Grocery,No,Yes,1
2970,33,132759,17,358.34,65,18577,4,1611,Laptop,Work,Digital Wallet,Travel,No,Yes,1
2971,49,121788,11,218.7,33,65374,7,345,Mobile,Work,Digital Wallet,Grocery,No,Yes,1
2972,49,115684,2,201.83,68,72746,0,2521,Mobile,Home,Debit Card,Shopping,No,Yes,1
2973,51,185882,8,68.57,71,38727,7,1805,Laptop,Work,Credit Card,Grocery,No,Yes,1
2974,28,86667,1,253.43,9,15437,2,2000,Mobile,Public,Debit Card,Grocery,No,Yes,1
2975,27,75986,2,63.36,16,10254,1,1251,Tablet,Public,Debit Card,Grocery,No,No,1
2976,32,149988,13,238.36,5,26188,7,1752,Laptop,Home,Debit Card,Grocery,No,Yes,1
2977,34,29532,3,381.83,98,7548,6,2705,Mobile,Unknown,Credit Card,Travel,No,Yes,1
2978,57,179789,18,129.21,23,23068,4,2522,Mobile,Home,Debit Card,Entertainment,No,Yes,0
2979,35,72473,12,240.45,43,75519,6,599,Mobile,Home,Debit Card,Food,No,Yes,1
2980,26,165389,6,496.01,89,18045,4,2659,Laptop,Home,Bank Transfer,Travel,No,Yes,1
2981,42,20984,11,343.36,57,45717,7,2682,Tablet,Home,Debit Card,Electronics,No,Yes,1
2982,57,5554,2,420.69,51,48622,7,2818,Mobile,Work,Debit Card,Entertainment,No,Yes,1
2983,31,75060,22,207.48,13,34246,1,937,Mobile,Work,Credit Card,Entertainment,No,Yes,1
2984,42,102521,22,383.95,24,9209,1,678,Mobile,Work,Digital Wallet,Electronics,No,Yes,1
2985,67,43718,8,20.35,11,25858,7,1670,Laptop,Home,Debit Card,Shopping,No,Yes,1
2986,39,193843,1,61.54,52,11523,0,2382,Mobile,Home,Credit Card,Electronics,Yes,No,1
2987,69,47211,21,101.61,17,29256,4,368,Mobile,Home,Debit Card,Shopping,No,Yes,1
2988,47,170785,8,201.04,37,63675,7,558,Mobile,Home,Digital Wallet,Food,No,Yes,1
2989,37,120692,11,422.89,13,54781,4,2131,Laptop,Public,Digital Wallet,Shopping,Yes,Yes,1
2990,38,60093,11,173.2,62,49789,3,1165,Tablet,Unknown,Bank Transfer,Food,Yes,Yes,1
2991,61,128752,14,327.35,91,58597,5,2761,Laptop,Public,Credit Card,Food,No,Yes,1
2992,49,140020,1,354.69,84,77181,0,1981,Tablet,Work,Bank Transfer,Grocery,No,Yes,1
2993,68,78772,17,293.13,97,47759,1,448,Tablet,Home,Digital Wallet,Grocery,No,Yes,1
2994,63,66225,12,178.69,96,19339,6,2382,Laptop,Home,Debit Card,Electronics,Yes,Yes,1
2995,66,117609,13,288.57,8,27910,1,1709,Mobile,Work,Digital Wallet,Food,No,No,1
2996,38,61702,4,171.2,56,11947,2,114,Tablet,Home,Credit Card,Shopping,No,No,1
2997,52,42322,9,42.03,93,76165,5,2329,Mobile,Unknown,Credit Card,Travel,Yes,No,1
2998,49,49323,11,496.4,83,14407,1,1781,Tablet,Work,Digital Wallet,Grocery,No,No,1
2999,47,65433,9,63.68,70,22137,4,155,Mobile,Home,Bank Transfer,Entertainment,Yes,Yes,1
3000,56,183904,23,36.27,44,38696,1,2687,Mobile,Unknown,Credit Card,Entertainment,No,Yes,1
