Customer_ID,Age,Gender,Annual_Income,Employment_Status,Marital_Status,Dependents,Policy_Type,Policy_Tenure_Years,Annual_Premium,Coverage_Amount,Previous_Claims,Previous_Claim_Amount,Vehicle_Age,Risk_Score,Payment_History,Claim
1,56,Female,73008,Employed,Married,0,Property,6.2,6872,235258,5,444003,6,57,Good,1
2,69,Female,39683,Employed,Single,3,Property,10.2,42488,1689586,1,239291,15,21,Average,1
3,46,Female,156742,Employed,Single,4,Property,7.3,6969,470301,4,76174,6,5,Poor,1
4,32,Male,173961,Employed,Divorced,5,Health,6.1,30460,695792,4,348496,7,75,Average,1
5,60,Male,103542,Employed,Married,1,Auto,2.2,17155,1259336,2,122155,12,9,Good,1
6,25,Female,79319,Employed,Single,0,Life,4.1,16870,1131306,0,282742,0,11,Good,1
7,38,Male,117067,Self-Employed,Single,2,Life,2.0,54470,1713316,4,42541,15,65,Good,1
8,56,Female,177711,Unemployed,Single,3,Property,12.2,33392,1138913,4,403868,11,63,Good,1
9,36,Male,172705,Employed,Divorced,2,Life,2.5,8717,1438990,0,410179,7,26,Good,1
10,40,Male,190732,Employed,Single,5,Life,9.1,59643,803671,0,114047,9,74,Good,1
11,28,Female,93975,Employed,Single,2,Life,5.5,6374,1669547,1,32223,11,19,Good,1
12,28,Female,188244,Self-Employed,Married,1,Life,3.8,26826,1451849,5,31024,13,16,Good,1
13,41,Female,126158,Self-Employed,Single,0,Health,9.8,13679,1908745,1,122538,13,56,Good,1
14,70,Female,36577,Employed,Single,4,Property,7.1,54602,1154963,0,3941,4,68,Good,1
15,53,Male,102299,Employed,Single,1,Life,6.3,18427,648682,3,336067,7,78,Good,1
16,57,Male,45176,Employed,Single,5,Health,9.1,28564,438971,0,336204,8,30,Good,1
17,41,Male,88972,Employed,Single,3,Health,7.6,39708,473254,1,363539,12,7,Good,1
18,20,Female,145018,Employed,Single,5,Property,4.9,40135,1047597,2,496238,1,12,Average,1
19,39,Male,197075,Self-Employed,Married,5,Auto,8.6,49196,1925100,2,41617,2,24,Average,1
20,70,Female,44996,Unemployed,Single,2,Auto,10.2,29271,1659492,5,90815,5,22,Good,1
21,19,Male,125922,Employed,Married,3,Auto,0.9,21631,287708,4,316848,8,47,Average,1
22,41,Female,111598,Self-Employed,Married,1,Life,7.3,24887,561362,2,26025,13,30,Good,1
23,61,Female,60931,Unemployed,Married,5,Property,1.3,30259,135241,1,83172,9,60,Good,1
24,47,Male,149168,Employed,Single,1,Auto,3.2,37396,1176913,2,369163,9,39,Good,1
25,55,Female,191782,Employed,Single,4,Life,8.6,54630,987424,3,305368,7,20,Average,1
26,19,Female,148099,Unemployed,Married,2,Property,13.1,24144,1677668,0,13277,13,26,Good,1
27,38,Male,59693,Employed,Married,1,Life,13.3,17655,1051562,0,441934,12,49,Good,1
28,50,Female,191812,Unemployed,Married,3,Auto,1.5,45736,568979,1,493942,5,69,Good,1
29,29,Female,133944,Unemployed,Single,5,Auto,6.6,54060,157450,4,303139,15,42,Poor,1
30,39,Female,42374,Self-Employed,Divorced,4,Health,9.0,25836,1069263,0,376859,4,6,Good,1
31,61,Male,106471,Self-Employed,Single,3,Health,2.6,52511,1208105,2,400755,13,53,Good,1
32,42,Male,70913,Self-Employed,Single,2,Property,11.6,6368,1795630,3,294997,12,34,Good,1
33,66,Female,148683,Self-Employed,Married,4,Life,11.3,39994,917766,4,157883,15,69,Average,1
34,44,Male,69516,Employed,Single,4,Life,13.6,49456,1605326,4,354608,2,10,Good,1
35,59,Female,112796,Employed,Married,4,Auto,0.6,41380,687740,4,6909,11,28,Average,1
36,45,Female,51069,Employed,Married,5,Auto,3.6,59714,871736,0,93605,3,3,Good,0
37,33,Female,143333,Self-Employed,Married,0,Property,12.5,17199,1548303,5,260175,12,77,Good,1
38,32,Female,109811,Employed,Divorced,4,Health,10.2,47802,1844901,4,184505,12,48,Good,1
39,64,Female,143028,Employed,Married,3,Auto,13.5,16569,993450,1,308228,6,66,Good,1
40,68,Male,64178,Employed,Married,3,Life,1.3,38827,1712304,2,234029,6,35,Average,1
41,61,Female,57821,Self-Employed,Single,2,Auto,9.2,36182,425262,5,204641,2,52,Average,1
42,69,Male,41999,Unemployed,Married,1,Health,8.8,55796,1233839,3,450032,15,62,Poor,1
43,20,Male,63712,Unemployed,Single,1,Life,1.0,18115,226775,2,141820,3,52,Average,1
44,54,Female,196244,Employed,Single,0,Health,7.9,26649,1197793,1,243301,2,47,Good,1
45,68,Female,58722,Unemployed,Single,5,Property,9.3,23195,1048643,1,332746,14,54,Average,1
46,24,Male,35625,Self-Employed,Married,5,Property,3.3,35596,840690,5,193537,14,28,Average,1
47,38,Male,31859,Employed,Married,4,Health,4.5,39961,1217093,2,114200,1,23,Good,1
48,26,Male,197681,Employed,Divorced,0,Life,9.8,32003,1292433,0,49408,5,87,Good,1
49,56,Female,199379,Employed,Single,2,Health,7.3,21551,1203316,1,11998,6,35,Good,1
50,35,Male,135986,Unemployed,Divorced,2,Auto,12.9,53896,725407,4,144836,3,32,Good,1
51,21,Female,46839,Employed,Married,1,Auto,5.5,28826,825992,3,361895,4,2,Good,1
52,42,Female,52216,Employed,Married,2,Health,4.4,41950,638238,3,176451,7,16,Poor,1
53,31,Female,77953,Self-Employed,Married,4,Auto,14.8,29729,557858,1,212466,8,16,Average,1
54,67,Male,74522,Employed,Single,3,Health,13.7,56696,1855105,4,497220,6,51,Good,1
55,26,Female,160958,Employed,Married,2,Auto,0.9,8868,1745073,2,190660,9,67,Good,1
56,43,Female,136249,Employed,Married,0,Health,11.7,46274,1215854,3,381431,13,92,Good,1
57,70,Female,32485,Employed,Divorced,4,Auto,2.1,43718,138488,4,363791,0,93,Good,1
58,19,Female,187527,Self-Employed,Married,2,Life,0.9,37353,398421,4,213685,10,54,Good,1
59,37,Female,172839,Employed,Married,5,Life,4.5,46682,1324689,0,193470,13,20,Average,1
60,45,Male,137701,Employed,Married,2,Auto,4.4,35653,876434,1,469009,2,100,Poor,1
61,64,Female,184525,Employed,Single,5,Health,12.4,19141,1938542,4,440426,10,33,Good,1
62,24,Female,127638,Employed,Single,4,Auto,10.8,16537,1753085,2,306704,4,86,Good,1
63,61,Male,37226,Employed,Married,2,Property,14.7,35401,301744,3,110716,2,8,Good,1
64,25,Female,118405,Self-Employed,Married,5,Property,10.8,32387,1219697,0,123362,14,24,Good,1
65,64,Male,47588,Self-Employed,Single,3,Health,6.6,21154,586110,2,69201,0,53,Good,1
66,52,Female,187781,Self-Employed,Divorced,1,Auto,10.6,40077,1671697,3,388099,1,64,Average,1
67,31,Male,62019,Unemployed,Married,4,Auto,15.0,11630,436234,1,494194,7,58,Poor,1
68,34,Male,90133,Employed,Divorced,5,Life,10.8,48461,209777,2,108894,6,37,Poor,1
69,53,Female,139444,Employed,Married,0,Health,11.5,19778,1073814,3,16734,12,84,Average,1
70,67,Female,142603,Unemployed,Married,2,Property,14.1,49293,1674498,0,467592,9,12,Poor,1
71,57,Female,183598,Employed,Divorced,5,Property,2.1,28070,1427628,3,208670,2,84,Poor,1
72,21,Male,153585,Employed,Married,5,Health,10.7,18416,514526,4,465796,3,84,Average,1
73,19,Male,68395,Employed,Divorced,5,Property,12.8,56175,442797,0,123107,13,4,Good,1
74,23,Male,180103,Employed,Single,1,Health,14.3,54501,953690,2,395279,12,94,Good,1
75,59,Female,150814,Employed,Single,0,Property,3.6,30399,1353795,5,22313,2,31,Good,1
76,21,Male,193773,Unemployed,Married,0,Property,7.8,13629,816932,1,385448,12,86,Good,1
77,46,Male,137599,Employed,Married,3,Health,10.4,13360,1400493,0,420303,3,79,Average,1
78,35,Female,50939,Employed,Married,1,Health,4.1,17011,955832,0,438995,7,38,Good,0
79,43,Male,176396,Unemployed,Married,5,Property,9.2,45721,1346251,0,433397,8,37,Good,1
80,61,Male,178939,Unemployed,Single,4,Property,4.2,41069,322584,3,149277,6,92,Good,1
81,51,Female,25203,Employed,Divorced,1,Life,5.3,58270,335814,4,250649,8,75,Good,1
82,27,Male,172616,Employed,Married,1,Auto,6.9,16227,216107,5,12464,13,14,Good,1
83,53,Female,171971,Self-Employed,Married,0,Health,8.2,44587,1015900,1,371230,8,75,Good,1
84,31,Female,54063,Self-Employed,Married,3,Health,7.0,49550,602845,1,27132,15,73,Good,1
85,48,Female,115880,Self-Employed,Married,3,Auto,7.7,7769,1881300,4,50737,6,24,Good,1
86,65,Female,28748,Unemployed,Divorced,1,Life,4.8,15492,736724,3,239246,6,10,Good,0
87,32,Female,142269,Self-Employed,Married,1,Property,2.8,58651,393275,3,496179,7,38,Good,1
88,25,Male,105764,Employed,Single,2,Property,1.2,56332,1562178,4,100584,11,43,Average,1
89,31,Male,176956,Self-Employed,Married,5,Life,3.3,8345,1591573,4,200357,9,37,Good,1
90,40,Female,181255,Employed,Married,0,Life,8.9,7665,423904,2,457765,15,42,Good,1
91,57,Female,133036,Self-Employed,Divorced,5,Auto,11.9,29807,604962,3,35306,11,32,Average,1
92,38,Male,175331,Employed,Single,4,Auto,3.0,48552,1478090,0,25592,11,84,Good,1
93,33,Female,192031,Employed,Divorced,4,Property,2.1,17366,491985,1,377275,2,14,Good,1
94,62,Female,141525,Employed,Married,3,Life,11.4,56694,154470,3,215059,7,4,Poor,1
95,35,Female,189529,Employed,Divorced,0,Life,4.9,14325,1006120,4,224866,0,24,Good,1
96,64,Male,110679,Employed,Single,5,Property,14.3,10440,415427,0,44758,12,96,Good,1
97,70,Male,150829,Employed,Divorced,3,Property,10.9,33222,1130934,2,257579,14,10,Average,1
98,41,Female,153216,Employed,Divorced,4,Property,5.2,31951,754551,5,254062,5,16,Poor,1
99,43,Female,158175,Self-Employed,Divorced,1,Property,4.7,44878,1663209,2,231910,1,39,Good,1
100,42,Male,90901,Employed,Single,0,Property,8.1,25264,233425,0,360536,6,96,Average,1
101,62,Male,172175,Self-Employed,Single,0,Auto,1.6,24121,376022,0,380222,12,18,Average,0
102,58,Female,123046,Self-Employed,Married,5,Property,2.2,23815,1528463,4,480373,2,25,Good,1
103,46,Female,115012,Self-Employed,Single,2,Life,3.0,55539,176668,5,6577,15,7,Average,1
104,32,Male,103278,Employed,Single,5,Health,11.7,49263,1681067,4,247701,10,56,Good,1
105,62,Male,37391,Unemployed,Single,1,Auto,8.0,35311,634610,1,85230,9,47,Good,1
106,18,Male,127476,Employed,Married,1,Life,0.7,47397,963263,5,139335,4,82,Average,1
107,42,Female,184973,Employed,Married,3,Health,10.3,24749,551991,5,344885,9,82,Good,1
108,24,Male,145721,Employed,Single,0,Auto,6.6,34218,1184501,1,270216,1,3,Poor,1
109,26,Female,122537,Employed,Single,3,Property,7.9,20533,1662562,2,60814,0,1,Average,0
110,41,Male,106159,Unemployed,Married,1,Auto,3.6,56591,1695111,0,246575,15,33,Poor,1
111,18,Male,156040,Employed,Married,2,Property,8.5,49133,1780794,2,254355,4,71,Good,1
112,61,Male,194509,Self-Employed,Single,0,Property,14.7,49867,1365426,4,378530,8,74,Good,1
113,25,Male,60503,Self-Employed,Single,1,Property,1.6,6316,481640,3,438522,14,59,Average,1
114,41,Female,100403,Employed,Divorced,2,Health,4.6,42972,253594,4,498882,8,72,Good,1
115,28,Female,197330,Employed,Divorced,5,Auto,4.0,26388,275666,3,370682,6,32,Good,1
116,68,Male,189796,Employed,Divorced,4,Property,4.1,18512,964063,0,136763,13,87,Average,1
117,34,Female,89286,Employed,Divorced,1,Life,6.0,5684,932767,0,480865,8,17,Good,0
118,25,Male,99842,Employed,Single,4,Auto,12.4,32164,878480,5,133025,3,78,Good,1
119,52,Male,129927,Unemployed,Married,3,Life,13.7,44208,599404,0,70499,2,17,Good,0
120,52,Male,39908,Unemployed,Married,4,Health,3.4,16735,1499681,1,497506,10,89,Good,1
121,50,Male,62228,Employed,Married,1,Health,8.4,40855,134723,1,499272,3,21,Good,1
122,22,Female,48386,Employed,Single,4,Auto,9.7,47635,1677855,3,93405,14,55,Good,1
123,59,Male,53302,Self-Employed,Married,0,Health,8.1,56265,1638954,2,257654,6,6,Good,1
124,56,Male,85815,Employed,Married,1,Health,6.8,55109,1054337,5,339125,7,84,Average,1
125,58,Female,88344,Unemployed,Single,2,Auto,3.3,43546,1295715,2,430975,1,49,Good,1
126,45,Male,191690,Employed,Married,4,Life,7.6,53797,113763,3,151257,4,84,Average,1
127,24,Male,136603,Employed,Single,0,Property,6.3,13079,545171,1,467199,4,26,Good,1
128,26,Male,86114,Self-Employed,Single,3,Auto,12.0,27412,669151,4,34699,12,32,Average,0
129,25,Female,50525,Employed,Single,3,Auto,11.6,59852,1428128,5,115799,8,72,Poor,1
130,29,Male,104818,Unemployed,Single,4,Property,2.4,40862,1829112,3,361320,12,44,Good,1
131,51,Female,139589,Unemployed,Single,3,Life,1.8,24191,266169,2,335634,12,59,Average,1
132,50,Male,170406,Employed,Divorced,2,Property,13.7,19821,282922,3,315883,14,29,Good,1
133,65,Male,119715,Employed,Married,1,Property,8.3,12582,284918,3,55631,12,17,Good,1
134,40,Female,31644,Unemployed,Married,0,Life,12.9,14012,1262753,0,411161,2,18,Average,0
135,41,Male,126154,Unemployed,Single,5,Life,1.3,38655,791154,1,169366,11,40,Average,1
136,54,Male,189005,Employed,Married,4,Property,8.1,49688,818684,5,12920,5,63,Good,1
137,52,Female,68469,Self-Employed,Married,3,Property,8.3,43783,451911,0,226592,14,82,Poor,1
138,61,Female,189759,Employed,Married,1,Auto,13.0,59576,1075990,1,184681,9,75,Good,1
139,57,Female,131609,Employed,Married,5,Life,1.9,19530,887443,3,333240,11,45,Average,1
140,39,Female,173447,Unemployed,Divorced,2,Health,4.0,25377,778787,1,211997,4,76,Good,1
141,44,Female,90206,Employed,Divorced,3,Life,6.4,57236,1711256,2,62358,1,79,Average,1
142,52,Male,121462,Unemployed,Married,3,Property,13.1,55027,1403631,5,417481,1,90,Good,1
143,18,Female,192679,Employed,Single,0,Property,14.1,50221,683278,0,238461,3,3,Poor,1
144,52,Male,108178,Employed,Married,2,Property,14.9,26653,1592644,5,466467,11,3,Average,1
145,54,Male,180065,Employed,Married,2,Property,14.4,45276,965212,3,215676,3,38,Good,1
146,64,Male,111724,Employed,Married,4,Health,0.6,25380,575354,2,140510,14,99,Average,1
147,31,Female,121393,Self-Employed,Married,5,Life,1.2,5556,1127588,1,115434,6,73,Average,1
148,20,Female,152314,Employed,Married,0,Health,2.6,59445,1369646,1,70779,13,40,Good,1
149,18,Male,101312,Employed,Married,4,Health,5.6,31790,1829238,2,421845,11,68,Good,1
150,22,Female,100324,Employed,Single,0,Property,12.5,13900,123536,1,236202,13,54,Good,0
151,43,Female,96196,Employed,Single,2,Health,13.4,38485,974178,0,455658,0,20,Good,1
152,31,Female,95014,Self-Employed,Single,0,Property,3.2,41433,1416305,4,397301,15,15,Good,1
153,56,Female,164282,Employed,Divorced,0,Property,9.5,18891,1066634,1,235493,10,93,Good,1
154,44,Male,166994,Employed,Married,0,Property,13.8,48104,343481,3,82926,15,5,Good,1
155,26,Male,192361,Employed,Married,1,Health,7.2,20014,555173,1,417729,5,39,Good,1
156,32,Female,58340,Employed,Married,1,Property,2.0,11547,681498,5,322228,10,40,Poor,1
157,32,Male,64850,Employed,Married,5,Health,7.1,42964,1362379,3,86230,12,7,Average,1
158,43,Female,138711,Employed,Divorced,5,Life,5.9,56171,311445,1,325749,8,72,Average,1
159,59,Female,36094,Employed,Married,2,Property,8.9,34932,343769,1,323810,1,96,Good,1
160,30,Male,112959,Self-Employed,Married,0,Auto,6.9,49739,498672,3,108987,11,100,Good,1
161,68,Male,189490,Self-Employed,Married,2,Auto,0.8,56335,1533085,0,80420,4,33,Good,1
162,49,Male,30741,Employed,Single,1,Auto,14.9,25263,874957,4,330556,9,37,Average,1
163,56,Female,136585,Employed,Married,0,Auto,8.4,24320,284933,4,484959,14,32,Good,1
164,66,Male,147564,Employed,Married,4,Auto,7.4,52984,1054793,0,257655,10,43,Good,1
165,69,Female,93798,Employed,Single,1,Health,14.3,48374,1682639,1,313322,9,63,Poor,1
166,49,Male,141026,Employed,Married,1,Life,2.8,44459,820241,4,71092,15,36,Good,1
167,21,Male,135130,Employed,Married,1,Health,3.2,12045,621626,0,479243,3,98,Poor,1
168,47,Female,47164,Employed,Divorced,0,Property,12.2,48255,900531,0,38009,3,49,Poor,1
169,54,Female,191667,Employed,Single,5,Life,4.3,56965,464485,4,376354,7,25,Good,1
170,40,Female,55257,Employed,Married,3,Life,12.1,6237,403986,3,63976,13,96,Poor,1
171,56,Female,170283,Employed,Married,4,Life,4.4,48077,867650,2,388346,5,66,Good,1
172,62,Female,120989,Employed,Single,4,Life,1.0,58993,943595,3,244290,6,9,Poor,1
173,32,Female,161304,Employed,Married,2,Auto,8.0,57195,1361999,1,163297,10,93,Good,1
174,60,Female,77691,Employed,Single,0,Property,3.4,44240,1357410,3,431653,11,18,Average,1
175,46,Female,104768,Employed,Single,5,Life,11.5,57239,1271439,5,70935,8,22,Average,1
176,53,Male,181685,Employed,Single,1,Life,9.8,41326,457752,2,369381,12,99,Good,1
177,30,Female,39026,Employed,Single,3,Auto,13.9,10293,1092179,2,144720,2,15,Average,1
178,49,Female,55908,Employed,Married,0,Health,11.9,30274,1113100,0,489639,10,7,Poor,1
179,24,Male,44610,Employed,Single,0,Health,3.1,24237,733766,5,248768,1,13,Poor,1
180,68,Female,88185,Employed,Married,5,Health,12.1,33384,155700,1,436152,2,36,Average,1
181,39,Male,97567,Employed,Married,3,Property,9.8,35993,626827,0,433479,14,16,Average,1
182,45,Male,61182,Self-Employed,Married,1,Health,10.2,17811,732897,3,48373,7,41,Good,1
183,19,Female,141136,Employed,Divorced,0,Life,12.6,23229,264230,3,446030,12,21,Average,1
184,59,Male,156642,Employed,Married,4,Auto,8.8,44130,820978,4,196209,8,28,Average,1
185,62,Female,44288,Unemployed,Married,4,Auto,7.3,18311,1067658,0,480556,9,74,Average,1
186,70,Male,103824,Employed,Single,3,Health,9.7,28040,1730688,5,388824,4,83,Average,1
187,23,Male,185949,Employed,Married,1,Auto,4.8,8182,338344,0,489671,15,17,Good,1
188,45,Male,109425,Unemployed,Married,3,Life,3.1,52066,1401732,0,309116,7,65,Good,1
189,45,Female,25917,Self-Employed,Single,0,Health,9.4,54615,898713,0,159219,13,13,Good,1
190,61,Female,100602,Employed,Single,4,Life,3.9,58012,508336,2,19295,10,36,Good,1
191,61,Male,89575,Employed,Single,2,Property,1.7,10760,634234,4,269041,6,58,Good,1
192,37,Male,97518,Employed,Married,3,Life,0.5,12260,1796992,1,207884,11,20,Average,1
193,47,Female,64104,Employed,Married,2,Life,9.3,38218,1534736,1,169325,13,52,Good,1
194,28,Female,174134,Employed,Married,2,Life,5.8,51475,1749291,1,267982,11,6,Good,1
195,45,Male,41999,Employed,Single,5,Life,11.4,6915,1102680,2,213765,12,23,Good,1
196,42,Male,166013,Employed,Married,4,Property,5.9,14115,1174687,4,198752,8,42,Good,0
197,56,Female,86169,Unemployed,Single,3,Health,7.5,57774,1856332,5,79942,3,24,Good,1
198,50,Female,179542,Unemployed,Single,2,Life,6.4,12076,1121815,4,288558,14,5,Average,1
199,18,Female,154744,Employed,Married,0,Health,9.9,19814,395434,2,431964,12,32,Good,1
200,44,Female,135684,Employed,Single,5,Auto,5.7,38083,851500,5,323301,9,46,Good,1
201,69,Female,84821,Employed,Single,1,Life,14.5,58918,789822,0,29483,2,17,Poor,1
202,30,Male,160601,Unemployed,Single,5,Life,14.1,9793,577388,3,404729,8,75,Good,1
203,58,Female,37192,Employed,Married,1,Auto,12.8,55528,1939845,0,186621,7,27,Average,1
204,20,Male,99102,Employed,Divorced,4,Health,13.8,56967,1160377,1,438018,14,68,Poor,1
205,56,Female,139894,Employed,Married,3,Property,7.0,6262,491486,0,257205,6,23,Good,1
206,23,Male,111795,Employed,Married,3,Life,8.3,14319,254782,2,157523,0,87,Good,1
207,25,Female,190159,Employed,Single,1,Auto,11.3,18194,1648565,1,303053,1,34,Good,1
208,44,Female,91677,Self-Employed,Married,0,Auto,10.6,24309,721445,3,310235,8,21,Good,1
209,26,Male,160699,Self-Employed,Married,1,Life,13.4,33760,345907,5,314533,4,22,Good,1
210,54,Male,159327,Employed,Single,1,Health,10.9,31998,665204,5,172035,0,65,Good,1
211,50,Female,161285,Employed,Single,3,Health,15.0,8468,1030569,1,447950,8,32,Good,1
212,68,Female,127412,Employed,Single,2,Life,5.6,51642,1735410,0,219280,0,62,Average,1
213,59,Female,44404,Unemployed,Married,0,Auto,12.6,17651,1980482,4,499876,7,28,Good,1
214,61,Female,141545,Unemployed,Single,3,Life,10.6,25405,1929401,4,340311,4,82,Average,1
215,41,Female,181452,Unemployed,Married,5,Property,10.5,19482,980198,5,65509,13,7,Average,1
216,32,Male,175245,Unemployed,Single,1,Property,5.2,9409,1184964,4,493417,10,54,Good,1
217,49,Male,48989,Employed,Single,2,Health,11.9,5547,1224743,1,128104,11,70,Good,1
218,49,Female,133106,Employed,Married,0,Property,13.6,42659,1506084,4,294435,5,14,Good,1
219,41,Male,49519,Employed,Married,4,Auto,3.7,24907,1223243,2,152889,0,94,Average,1
220,58,Male,47439,Unemployed,Single,0,Property,9.6,28426,365853,5,339112,1,55,Good,1
221,69,Male,143570,Employed,Single,0,Life,6.2,47489,673042,3,84487,6,58,Average,1
222,66,Female,39995,Employed,Single,1,Auto,14.8,59757,343291,4,466882,1,44,Average,1
223,66,Male,48559,Self-Employed,Single,1,Health,7.4,19436,972689,2,261021,4,46,Average,1
224,69,Female,114049,Employed,Single,4,Health,3.8,21490,328802,2,251477,10,14,Good,1
225,29,Male,161093,Employed,Divorced,4,Property,6.0,57136,891526,1,372147,8,44,Good,1
226,56,Female,123000,Self-Employed,Married,4,Health,10.0,33962,1813351,5,481888,4,41,Good,1
227,19,Male,177191,Employed,Married,3,Life,1.6,43236,1590638,1,133631,11,73,Good,1
228,20,Female,64350,Employed,Single,3,Auto,9.3,34288,869140,3,276888,2,95,Good,1
229,66,Female,50517,Self-Employed,Single,1,Life,14.0,27236,572282,3,424371,10,2,Average,1
230,54,Male,178322,Employed,Single,1,Life,12.8,19923,631760,0,238906,12,82,Poor,1
231,66,Female,114132,Unemployed,Married,4,Life,1.5,6250,1867666,3,283165,5,5,Good,1
232,34,Female,84546,Employed,Married,3,Life,14.9,18264,136131,5,344676,6,90,Good,1
233,66,Female,130686,Employed,Single,2,Auto,10.6,6611,709231,5,56898,9,87,Good,1
234,19,Female,113151,Self-Employed,Married,3,Auto,2.9,12928,1494457,1,78723,13,12,Average,1
235,19,Female,28327,Employed,Married,1,Life,0.7,39558,1569740,2,182108,10,78,Good,1
236,45,Female,145318,Employed,Single,3,Life,3.0,5867,1326556,0,315320,9,77,Good,1
237,40,Female,185840,Self-Employed,Single,1,Health,12.7,36689,805195,3,363582,10,99,Good,1
238,54,Female,198860,Employed,Married,4,Health,0.8,56921,351267,2,58399,7,47,Average,1
239,49,Male,140945,Employed,Married,4,Auto,3.9,50213,909547,1,149078,14,79,Good,1
240,50,Male,71830,Employed,Single,4,Health,11.5,38095,1141616,4,475127,2,35,Good,1
241,18,Female,77446,Employed,Single,2,Auto,9.0,8816,1438681,0,52434,10,19,Good,1
242,36,Female,171232,Employed,Married,2,Auto,11.8,37626,616712,5,488910,3,79,Good,1
243,19,Male,190070,Employed,Single,1,Property,11.3,40916,1195659,2,379442,9,63,Good,1
244,70,Male,183302,Self-Employed,Married,0,Auto,1.2,52838,545278,1,113214,3,8,Poor,1
245,61,Male,165148,Unemployed,Married,5,Health,13.4,16573,671470,1,326735,1,23,Average,1
246,43,Female,94341,Employed,Single,2,Property,3.8,48334,227987,0,134141,14,13,Good,1
247,49,Male,56085,Employed,Single,1,Health,8.5,23939,888449,0,6486,6,23,Average,0
248,23,Female,80571,Employed,Married,3,Auto,9.8,18157,1021727,3,476391,15,31,Good,1
249,49,Female,170787,Employed,Single,4,Auto,2.9,14322,1210428,3,196461,11,30,Poor,1
250,21,Male,153308,Self-Employed,Single,4,Life,14.7,58488,331560,5,428644,3,42,Poor,1
251,28,Female,30750,Self-Employed,Married,4,Auto,7.6,7482,936941,5,28800,3,2,Good,1
252,34,Female,138931,Self-Employed,Single,1,Property,1.3,40867,254147,0,353298,14,11,Good,1
253,55,Female,103768,Employed,Married,4,Auto,14.1,49280,106531,0,168292,14,25,Good,1
254,41,Female,60903,Employed,Single,2,Life,9.0,18675,1022170,2,124322,12,29,Average,1
255,22,Male,188165,Employed,Married,3,Auto,10.6,35420,1368965,3,187326,11,22,Poor,1
256,69,Male,116036,Employed,Single,4,Auto,8.1,47516,1454743,1,274013,7,19,Good,1
257,51,Female,112954,Employed,Divorced,1,Auto,12.6,16735,1314884,3,397392,5,73,Average,1
258,23,Female,190386,Unemployed,Married,3,Life,1.0,59938,402203,3,36454,5,41,Average,1
259,39,Male,108014,Employed,Single,4,Health,4.4,18850,1188599,0,485232,10,38,Good,1
260,28,Female,191251,Self-Employed,Married,0,Auto,7.3,11732,1644016,0,387737,8,29,Good,1
261,65,Male,142305,Employed,Single,4,Property,1.6,45753,1939244,3,490252,3,74,Good,1
262,33,Female,181410,Employed,Married,5,Life,10.7,50468,298547,4,332917,8,22,Average,1
263,50,Female,57101,Employed,Married,2,Property,6.2,43822,267696,4,419669,0,88,Average,1
264,26,Male,27775,Employed,Married,3,Auto,4.5,54720,788178,5,318957,10,8,Poor,1
265,23,Male,136497,Employed,Single,2,Life,0.5,39422,615034,3,66326,8,47,Poor,1
266,33,Male,70619,Employed,Married,0,Auto,10.9,37731,1110592,4,47595,15,6,Good,1
267,46,Male,175611,Unemployed,Single,0,Property,12.6,16428,785460,5,303328,14,7,Good,1
268,20,Female,82124,Employed,Married,5,Life,6.2,16311,297968,5,445402,0,84,Average,1
269,37,Male,90149,Employed,Married,2,Health,8.7,8733,467253,3,342434,14,81,Average,1
270,53,Female,51616,Unemployed,Single,3,Health,3.8,57381,1062200,5,471819,6,36,Average,1
271,36,Male,193171,Self-Employed,Single,0,Health,9.5,44579,1934946,0,258184,5,8,Good,1
272,43,Male,86799,Self-Employed,Married,0,Auto,0.7,13342,750970,0,147681,6,77,Average,1
273,20,Female,115221,Employed,Married,4,Life,7.6,15464,649229,0,486733,8,88,Good,1
274,36,Male,139879,Unemployed,Single,5,Property,9.8,53514,876078,1,120036,9,46,Good,1
275,37,Male,50479,Employed,Single,1,Property,13.8,50311,1774213,0,478315,15,64,Good,1
276,49,Male,124165,Employed,Married,0,Auto,6.0,15300,552563,0,74539,3,31,Average,1
277,24,Male,80863,Employed,Single,3,Auto,11.6,39563,176629,3,27068,15,23,Good,1
278,69,Female,198115,Employed,Single,3,Property,9.2,53960,1312673,4,46996,15,61,Poor,1
279,58,Female,107569,Employed,Single,4,Life,13.9,18708,1946659,4,454662,11,81,Average,1
280,50,Male,171480,Employed,Single,3,Auto,6.3,33090,591564,0,200831,8,50,Good,1
281,57,Male,41351,Employed,Married,4,Life,5.1,54151,314326,0,89440,2,46,Good,1
282,56,Male,160203,Employed,Divorced,0,Property,13.4,46308,936255,0,167906,9,88,Good,1
283,35,Female,69825,Employed,Married,0,Life,1.2,21328,768949,5,151818,10,43,Good,1
284,57,Female,36349,Unemployed,Single,0,Health,2.5,31654,1974776,3,359084,10,10,Good,1
285,18,Female,69254,Unemployed,Married,0,Property,1.7,11214,1344634,3,283551,8,95,Average,1
286,28,Female,63225,Employed,Married,1,Health,12.7,43913,971990,3,479445,12,20,Good,1
287,45,Male,37453,Self-Employed,Single,5,Property,0.7,32552,1261360,4,360694,0,16,Good,1
288,42,Male,174886,Self-Employed,Divorced,5,Health,13.0,40377,466533,1,349801,13,78,Good,1
289,67,Male,174335,Employed,Married,1,Life,7.0,30734,1542026,4,26403,4,3,Good,1
290,40,Female,102694,Employed,Divorced,0,Property,0.6,29721,958802,3,273781,14,30,Poor,1
291,48,Male,40735,Self-Employed,Married,3,Property,6.3,23610,508271,2,139684,9,18,Good,0
292,47,Female,171902,Unemployed,Married,4,Health,3.2,18622,1217319,1,161482,4,59,Average,1
293,59,Female,72893,Employed,Single,5,Life,9.6,33875,1662044,0,398376,0,70,Good,1
294,52,Male,152006,Employed,Married,2,Property,10.4,28226,1879081,5,60108,0,84,Good,1
295,24,Male,70066,Employed,Single,4,Auto,7.6,32677,1759873,4,230747,2,35,Good,1
296,33,Male,159445,Employed,Married,2,Health,1.1,15298,735154,5,400944,8,19,Average,1
297,43,Female,166407,Self-Employed,Married,2,Property,10.0,40848,189471,1,200846,6,26,Good,1
298,65,Female,179813,Self-Employed,Married,0,Life,12.7,38755,809517,2,223372,5,35,Good,1
299,69,Male,35692,Employed,Married,2,Life,10.9,22744,1893346,1,248372,8,76,Average,1
300,66,Male,70541,Unemployed,Married,0,Life,12.5,28434,1995606,4,325738,3,72,Good,1
301,19,Female,190129,Employed,Single,1,Life,3.4,45314,911447,3,280608,3,57,Good,1
302,18,Male,91983,Unemployed,Married,3,Health,13.4,53001,350942,0,425159,2,49,Good,1
303,65,Female,175655,Employed,Married,2,Property,5.2,6726,835080,3,292982,4,10,Good,1
304,29,Female,178837,Employed,Married,3,Health,0.7,53917,1916278,3,5919,4,85,Poor,1
305,22,Male,179978,Employed,Married,0,Health,12.7,19268,588295,4,430308,11,29,Good,1
306,54,Male,145747,Employed,Single,2,Life,14.2,51745,559402,3,269941,13,95,Good,1
307,49,Male,110103,Employed,Single,4,Auto,10.0,5907,164430,3,182959,9,71,Poor,1
308,26,Male,194302,Employed,Divorced,1,Life,3.9,30759,1901861,4,88003,6,98,Poor,1
309,58,Female,175592,Employed,Married,5,Auto,4.2,56976,1984193,4,351416,15,98,Good,1
310,52,Female,50566,Self-Employed,Single,1,Health,7.3,18764,1634656,2,467773,6,94,Average,1
311,36,Female,98193,Employed,Married,2,Life,13.5,29409,162306,3,396274,14,68,Good,1
312,65,Male,186206,Employed,Divorced,1,Life,2.7,13390,1954424,1,336721,5,94,Poor,1
313,33,Female,166417,Employed,Single,5,Health,12.5,35172,178655,0,103638,3,89,Good,1
314,20,Male,146015,Self-Employed,Married,4,Life,4.7,40223,1221756,5,387804,6,78,Good,1
315,37,Male,197257,Employed,Divorced,3,Property,12.2,42976,150262,0,459905,13,24,Good,1
316,41,Male,155956,Unemployed,Divorced,4,Auto,13.8,45542,1484909,4,234316,1,43,Poor,1
317,50,Male,95744,Self-Employed,Divorced,1,Auto,6.7,52324,442096,5,375055,12,95,Good,1
318,41,Male,58455,Employed,Married,5,Auto,5.8,53196,583649,4,77557,11,39,Good,1
319,69,Male,184090,Employed,Single,3,Life,12.1,8365,677950,2,289402,15,92,Average,1
320,28,Female,79219,Employed,Single,5,Property,8.2,30836,298482,3,494599,8,25,Average,1
321,66,Male,70991,Employed,Single,4,Life,10.4,33554,1725055,4,115090,6,83,Average,1
322,25,Female,98616,Unemployed,Married,0,Auto,9.5,26663,831325,4,150431,1,68,Average,1
323,53,Female,112438,Unemployed,Single,0,Life,2.7,10951,243285,0,91714,9,34,Average,1
324,55,Male,141841,Employed,Single,3,Auto,12.7,20175,804347,3,12914,1,96,Good,1
325,57,Male,165558,Employed,Single,3,Health,3.3,16027,815143,2,138608,12,89,Good,1
326,37,Male,194934,Self-Employed,Single,3,Auto,14.0,47273,161353,4,186143,5,86,Good,1
327,52,Female,83870,Employed,Married,0,Health,4.1,15094,463688,4,121448,10,53,Poor,1
328,65,Male,111694,Employed,Single,4,Health,11.1,28081,246874,4,33748,6,92,Good,1
329,42,Female,68856,Employed,Married,3,Health,4.6,17167,312730,0,301592,8,55,Good,0
330,52,Male,126407,Employed,Married,0,Auto,5.1,13769,612167,4,308276,14,53,Average,1
331,42,Male,56379,Self-Employed,Single,3,Property,5.0,28060,1340294,4,76022,3,18,Good,1
332,46,Female,89729,Employed,Divorced,3,Auto,11.3,6020,580405,0,395600,7,7,Good,1
333,35,Female,184450,Employed,Married,5,Life,8.6,16845,930103,4,437528,13,63,Average,1
334,63,Male,79353,Unemployed,Single,3,Life,13.3,41612,844997,3,369438,9,75,Good,1
335,35,Female,39031,Employed,Single,0,Property,5.0,41341,560161,3,76323,15,42,Average,1
336,19,Female,90982,Unemployed,Single,4,Property,10.5,15485,1454108,0,427350,14,11,Good,1
337,52,Female,61683,Employed,Single,0,Property,11.4,43210,1838536,3,101242,12,9,Good,1
338,33,Female,139091,Employed,Single,0,Health,2.7,12914,970376,5,476398,1,35,Poor,1
339,58,Female,142797,Unemployed,Married,3,Property,6.3,45719,684978,5,384491,5,87,Good,1
340,53,Male,173690,Employed,Divorced,5,Property,7.5,13802,1547528,5,60120,3,97,Good,1
341,50,Male,31587,Employed,Married,2,Property,5.7,46288,1088033,2,60592,7,65,Average,1
342,21,Female,87790,Employed,Single,2,Auto,5.2,38314,620027,4,464939,8,84,Good,1
343,50,Male,56480,Employed,Single,2,Life,10.5,53298,274943,2,205103,1,5,Good,1
344,31,Male,176599,Employed,Married,0,Life,3.6,24565,933597,3,9885,6,93,Good,1
345,38,Female,48569,Unemployed,Single,3,Property,10.8,32617,1860722,0,411916,6,26,Good,1
346,65,Male,36151,Unemployed,Single,2,Life,14.1,46766,1966255,5,408234,7,51,Good,1
347,37,Female,69739,Unemployed,Married,1,Auto,8.7,30609,743933,0,129006,12,38,Average,1
348,25,Female,57954,Employed,Single,1,Life,9.4,49233,1701685,2,95964,15,3,Good,1
349,24,Male,134373,Employed,Married,1,Health,1.5,25371,1545005,3,487823,4,85,Good,1
350,20,Female,191375,Employed,Single,4,Auto,13.0,53384,1257235,4,188133,10,59,Good,1
351,34,Female,59700,Unemployed,Divorced,3,Life,4.6,57485,784855,3,162394,12,13,Good,1
352,50,Female,148728,Employed,Married,0,Life,9.4,24124,1482464,5,50073,2,95,Good,1
353,65,Female,91788,Employed,Married,0,Auto,14.7,17717,502860,3,334794,0,81,Good,1
354,29,Female,96045,Self-Employed,Single,3,Life,9.1,53193,1790305,0,465326,3,35,Poor,1
355,68,Male,193914,Employed,Divorced,5,Life,11.0,42669,1880565,1,287140,2,87,Good,1
356,39,Male,169972,Employed,Married,5,Property,7.0,31272,998477,5,92290,1,3,Good,1
357,39,Female,152992,Unemployed,Married,4,Health,1.4,16842,373407,4,497049,5,53,Good,1
358,63,Female,105059,Unemployed,Married,3,Auto,12.1,43476,156480,5,462561,6,55,Average,1
359,47,Male,26881,Employed,Married,5,Property,1.0,7082,1013358,5,439520,9,45,Poor,1
360,55,Female,189109,Employed,Single,4,Life,10.7,58804,821201,4,345230,6,66,Poor,1
361,55,Male,157702,Unemployed,Married,2,Auto,0.8,31261,1641480,5,160321,11,67,Good,1
362,62,Female,45789,Employed,Married,2,Auto,13.0,25970,1049525,0,252028,7,84,Good,1
363,68,Female,151083,Employed,Single,4,Health,2.8,14795,1821894,3,496851,12,44,Good,1
364,25,Female,113059,Employed,Single,3,Health,8.0,50309,821768,0,218021,13,73,Good,1
365,44,Female,71151,Employed,Married,2,Auto,9.2,38028,1976136,3,126379,1,68,Average,1
366,44,Female,134388,Employed,Married,3,Health,7.1,25180,711786,1,201295,13,62,Good,1
367,51,Female,28262,Employed,Single,5,Health,5.4,51335,404707,5,234733,10,25,Average,1
368,38,Female,91981,Employed,Single,2,Life,7.3,32351,641702,1,414339,11,52,Poor,1
369,47,Male,145951,Employed,Single,5,Health,5.0,43750,484596,2,295239,9,50,Good,1
370,50,Male,148099,Unemployed,Married,3,Health,6.9,38268,437606,3,92971,12,1,Average,1
371,45,Male,106972,Self-Employed,Single,3,Property,5.7,6015,869155,0,349302,5,39,Good,1
372,64,Female,100485,Self-Employed,Married,1,Life,8.7,48293,286955,0,337965,12,52,Good,1
373,50,Female,79722,Employed,Single,4,Life,3.9,29489,991641,5,453401,5,76,Good,1
374,22,Female,114499,Employed,Married,0,Auto,14.8,41731,661498,0,90463,9,40,Good,0
375,65,Female,186004,Employed,Divorced,4,Health,7.8,59470,770650,2,184956,11,60,Good,1
376,36,Female,31901,Unemployed,Single,3,Property,3.3,16866,1938675,4,249668,0,88,Good,1
377,21,Female,142473,Employed,Single,3,Property,7.4,50015,1276286,0,5291,1,73,Average,0
378,52,Female,33597,Employed,Married,4,Life,13.1,40474,117660,5,434409,12,84,Good,1
379,66,Male,154631,Self-Employed,Single,3,Health,0.8,20272,968894,1,113844,8,69,Average,1
380,34,Female,88909,Employed,Single,5,Property,10.4,37161,498024,0,265266,7,20,Average,1
381,61,Male,97391,Employed,Married,2,Auto,8.4,59933,194148,0,4876,11,85,Average,1
382,45,Male,164335,Unemployed,Divorced,3,Health,3.0,7099,1320147,0,477864,12,2,Good,1
383,47,Female,88293,Unemployed,Married,4,Health,12.4,11386,521231,5,243082,3,85,Good,1
384,46,Female,181877,Employed,Single,4,Health,5.8,10338,133351,4,467876,5,88,Average,1
385,63,Male,36874,Unemployed,Single,4,Property,4.8,56717,542878,0,57147,1,9,Average,1
386,70,Male,111402,Self-Employed,Single,1,Life,12.5,13300,1532079,4,132895,11,39,Good,1
387,23,Female,39079,Self-Employed,Married,5,Life,9.8,26400,174674,4,314796,4,30,Average,1
388,52,Female,97779,Employed,Married,5,Auto,13.5,29641,1909935,2,102377,1,54,Good,1
389,58,Male,120408,Employed,Divorced,1,Property,9.6,57233,136241,1,388369,14,82,Average,1
390,54,Female,165090,Employed,Single,5,Health,11.2,9297,494414,0,189276,12,58,Good,1
391,41,Female,145606,Unemployed,Married,1,Auto,12.6,24332,455127,0,443598,4,44,Good,1
392,46,Female,145062,Employed,Single,5,Auto,1.3,46173,464443,0,403603,6,43,Good,1
393,66,Male,37100,Employed,Single,1,Life,11.8,52862,1111789,4,102699,6,10,Good,0
394,63,Male,82021,Employed,Married,1,Health,9.4,20201,464983,3,235427,8,48,Good,1
395,70,Male,175872,Self-Employed,Single,5,Health,1.5,50382,1711503,1,230852,2,85,Poor,1
396,48,Female,153126,Employed,Married,1,Property,7.9,51129,1999044,5,444391,11,86,Good,1
397,52,Female,117446,Employed,Married,5,Property,1.7,38808,1495943,0,18980,3,17,Good,0
398,50,Male,54437,Employed,Divorced,1,Property,11.2,17810,167983,3,417440,8,5,Average,1
399,69,Male,176014,Employed,Married,4,Auto,8.4,12988,226164,3,269265,15,70,Poor,1
400,38,Male,45862,Self-Employed,Married,0,Health,14.3,45327,961376,3,461182,13,74,Good,1
401,49,Female,36669,Self-Employed,Married,5,Life,3.2,55139,484571,1,204562,7,64,Poor,1
402,40,Male,146219,Employed,Single,1,Auto,9.3,24579,1646940,3,391090,11,66,Good,1
403,50,Male,40916,Employed,Married,4,Auto,3.6,26483,1428394,5,252703,6,71,Good,1
404,20,Female,35878,Self-Employed,Married,0,Life,9.4,5503,374557,0,405097,7,4,Average,0
405,35,Female,27985,Employed,Married,1,Life,11.0,10344,1727850,5,213525,8,83,Poor,1
406,42,Female,66235,Employed,Married,0,Property,11.0,13947,803297,0,83176,11,28,Good,1
407,59,Male,43931,Unemployed,Single,5,Life,12.3,14533,828445,2,50809,3,84,Good,1
408,48,Female,117876,Employed,Single,0,Life,12.9,52576,909503,4,124032,4,94,Good,1
409,20,Female,25336,Unemployed,Single,2,Life,1.6,45916,1222805,3,339765,8,38,Good,1
410,57,Male,67933,Employed,Married,3,Life,5.5,51923,1061335,5,116440,6,66,Poor,1
411,63,Female,70536,Employed,Married,2,Property,10.5,20193,796731,4,485011,13,67,Average,1
412,41,Male,94504,Employed,Married,5,Auto,7.7,6381,752633,4,285241,3,60,Average,1
413,67,Male,124214,Unemployed,Single,5,Health,3.3,59754,953974,4,2978,5,47,Good,1
414,49,Female,138936,Employed,Single,0,Health,8.5,12012,1940221,4,135404,10,25,Good,1
415,64,Female,41279,Employed,Married,4,Auto,6.4,20213,688103,4,347717,0,66,Good,1
416,39,Female,128751,Unemployed,Married,1,Health,6.2,32563,1855235,0,232389,0,79,Good,1
417,40,Female,129433,Employed,Married,3,Health,12.2,20212,791996,1,254652,8,67,Average,1
418,19,Female,96386,Employed,Married,1,Auto,6.4,35124,1736812,3,277233,14,69,Good,1
419,44,Female,111124,Employed,Single,4,Health,0.9,51576,1223642,3,389694,7,40,Good,1
420,59,Male,130750,Self-Employed,Married,5,Health,1.3,15711,1457848,0,318948,14,100,Poor,1
421,19,Male,102485,Employed,Married,3,Auto,12.9,35266,1138229,5,195824,12,50,Average,1
422,43,Female,99055,Employed,Married,2,Health,14.4,57878,1722368,0,416700,15,40,Good,1
423,34,Male,116911,Employed,Married,5,Life,10.5,52941,170500,4,453624,0,37,Poor,1
424,57,Female,123618,Employed,Married,5,Auto,5.8,56039,152340,1,472760,12,91,Good,1
425,50,Male,138892,Unemployed,Married,0,Property,14.1,14515,1277798,3,54018,14,69,Average,1
426,26,Male,96128,Unemployed,Married,4,Health,10.1,25193,1182646,5,411364,10,17,Good,1
427,60,Male,174180,Self-Employed,Married,0,Property,12.7,49707,1746149,2,127198,1,62,Good,1
428,65,Female,77495,Self-Employed,Married,0,Health,11.6,7131,1083886,0,246882,12,41,Average,1
429,56,Male,107806,Self-Employed,Single,1,Life,6.0,7424,1096430,2,265974,3,76,Good,1
430,46,Female,118185,Employed,Divorced,5,Auto,7.4,49344,1796269,3,383532,0,42,Good,1
431,59,Male,195591,Self-Employed,Married,4,Property,3.2,26823,508092,0,330638,15,31,Good,1
432,43,Male,74649,Employed,Single,0,Auto,4.7,59626,834863,3,387344,1,33,Good,1
433,52,Male,190596,Employed,Married,2,Property,11.8,14200,807036,0,288142,4,43,Average,0
434,67,Male,189957,Self-Employed,Single,3,Health,13.5,55469,118262,5,329220,15,93,Good,1
435,42,Male,120402,Employed,Single,4,Life,11.0,28031,1250985,3,161749,7,67,Good,1
436,41,Female,55676,Unemployed,Single,1,Property,7.2,8216,316622,2,29101,5,38,Poor,1
437,30,Female,89093,Employed,Married,4,Property,1.8,50594,1827990,1,240575,14,41,Good,1
438,24,Male,104414,Employed,Divorced,5,Life,1.3,5016,1637283,5,382299,5,63,Good,1
439,53,Male,118095,Employed,Married,1,Life,5.9,42438,1040555,5,7053,3,40,Good,1
440,62,Male,97307,Employed,Married,3,Life,7.2,31378,623049,0,136742,1,30,Good,1
441,37,Male,120432,Self-Employed,Married,2,Life,9.3,40391,521601,2,371138,2,47,Good,1
442,18,Female,56923,Employed,Single,0,Life,0.6,36734,1184163,3,112566,12,22,Average,1
443,25,Male,142449,Employed,Single,4,Auto,14.9,18350,1277171,2,113651,5,96,Average,1
444,63,Female,72574,Employed,Married,1,Health,5.8,54281,1727995,5,141353,5,55,Average,1
445,33,Male,199463,Employed,Divorced,3,Health,12.8,19450,1765883,0,214730,4,43,Average,0
446,31,Female,146757,Employed,Married,0,Property,8.3,6473,1569445,2,53341,5,61,Poor,1
447,29,Male,78664,Unemployed,Married,3,Life,2.4,30525,1648173,3,68069,10,74,Poor,1
448,68,Male,92384,Employed,Divorced,2,Auto,12.1,33572,1324438,4,403972,15,32,Average,1
449,40,Female,56027,Self-Employed,Single,0,Auto,10.8,47028,666306,5,458291,5,4,Average,1
450,32,Male,191536,Unemployed,Married,0,Property,8.1,42079,851790,1,185493,12,93,Average,1
451,45,Male,59485,Employed,Married,0,Life,8.0,57047,217177,1,453324,0,45,Good,1
452,51,Male,175528,Self-Employed,Married,1,Health,1.8,35110,292064,5,327467,5,72,Good,1
453,19,Female,60554,Self-Employed,Single,0,Life,10.0,40504,588594,4,352754,4,20,Good,1
454,49,Male,71922,Employed,Married,3,Auto,13.7,59250,447328,0,346482,7,71,Poor,1
455,40,Male,38409,Employed,Married,1,Life,1.9,31888,197292,2,234452,15,65,Average,1
456,39,Female,61639,Employed,Single,0,Health,4.3,6946,1629735,2,223930,8,60,Average,1
457,68,Female,44692,Unemployed,Married,3,Health,13.6,26943,144561,4,246244,13,89,Good,1
458,42,Female,114037,Unemployed,Single,3,Property,4.6,20740,1789845,4,410264,5,26,Good,1
459,39,Male,43074,Self-Employed,Divorced,4,Auto,10.0,31445,1100098,3,183678,12,73,Good,1
460,39,Male,171621,Employed,Married,3,Life,8.3,54452,765430,3,272020,11,23,Poor,1
461,66,Male,54963,Employed,Married,5,Life,9.1,14176,1318673,1,451291,11,40,Average,1
462,69,Female,77265,Employed,Single,2,Property,6.5,34866,1182355,0,102591,9,2,Average,0
463,59,Male,41061,Employed,Single,0,Property,4.8,49651,354745,0,243432,3,26,Good,1
464,23,Male,184882,Employed,Single,0,Property,1.2,42269,509832,4,15171,2,78,Good,1
465,32,Female,138502,Unemployed,Single,0,Auto,11.3,16618,1768773,1,304348,15,62,Good,1
466,60,Female,47800,Unemployed,Single,3,Life,11.3,29736,217715,1,398382,9,44,Good,1
467,54,Female,141192,Self-Employed,Married,3,Property,10.2,43682,1670113,3,469118,15,31,Average,1
468,50,Female,132228,Employed,Single,0,Auto,9.8,59823,873657,2,347938,11,26,Good,1
469,25,Female,53054,Employed,Married,5,Life,4.0,29601,200477,0,305878,0,83,Good,1
470,70,Male,38233,Employed,Single,1,Health,0.8,37850,1250264,1,257030,6,5,Good,1
471,61,Female,181140,Self-Employed,Married,1,Property,12.2,46132,1931422,3,471735,4,70,Good,1
472,61,Male,90727,Self-Employed,Married,2,Auto,7.6,55150,883843,3,353395,15,35,Good,1
473,22,Male,115610,Employed,Married,4,Life,4.9,10804,1003448,3,389683,3,16,Poor,1
474,56,Female,95453,Employed,Divorced,2,Life,2.0,24525,1804733,2,96621,8,31,Good,1
475,21,Female,129135,Employed,Single,0,Property,1.4,57034,1843825,1,257069,6,82,Average,1
476,23,Female,181904,Employed,Married,0,Property,5.6,50061,557606,4,256392,9,14,Good,1
477,62,Male,133464,Employed,Married,0,Life,12.2,32419,1555386,4,195513,12,25,Average,1
478,49,Female,38682,Employed,Married,4,Auto,13.8,28746,1720618,3,45078,7,79,Good,1
479,69,Female,179455,Employed,Married,3,Health,13.5,17812,873732,3,289922,3,90,Average,1
480,47,Female,83160,Unemployed,Married,4,Life,13.8,31686,1202215,2,207998,9,100,Good,1
481,64,Female,48666,Employed,Married,2,Auto,13.7,40852,1352874,3,151996,15,75,Good,1
482,52,Female,83817,Employed,Married,3,Property,8.1,7045,112669,5,45832,11,71,Good,1
483,57,Male,116198,Employed,Divorced,3,Life,3.7,30336,1015671,1,108540,9,18,Poor,1
484,69,Male,190714,Employed,Divorced,2,Property,12.1,54356,446653,3,236852,7,50,Good,1
485,33,Male,66830,Employed,Single,3,Health,3.6,50952,252157,3,66243,3,20,Average,1
486,30,Female,35234,Employed,Single,1,Property,4.4,35460,128787,1,418264,14,56,Average,1
487,67,Female,82616,Employed,Married,2,Health,3.9,52143,321692,0,245701,0,2,Good,1
488,59,Female,34221,Employed,Divorced,2,Property,8.0,26668,386195,5,32815,10,26,Good,1
489,47,Male,167482,Self-Employed,Single,1,Property,5.2,39320,1859502,5,296826,14,23,Good,1
490,36,Female,26051,Employed,Single,4,Health,2.7,45584,1199191,4,17489,7,32,Good,1
491,34,Female,135529,Self-Employed,Divorced,4,Property,7.1,37575,832450,3,380012,0,13,Good,1
492,36,Female,101918,Employed,Married,4,Auto,13.2,38592,807622,1,260358,12,13,Average,1
493,45,Male,103116,Employed,Single,3,Property,8.8,41516,1882826,4,452450,11,17,Average,1
494,43,Female,147226,Employed,Married,1,Life,13.2,10578,219123,2,375838,2,89,Average,1
495,54,Male,69757,Employed,Divorced,2,Property,3.3,42965,1566536,0,319845,6,58,Good,1
496,43,Female,146008,Unemployed,Married,2,Auto,2.9,46798,490958,3,410167,2,86,Average,1
497,70,Male,156379,Self-Employed,Married,2,Life,8.8,26079,117945,0,238047,12,27,Good,1
498,40,Male,81889,Unemployed,Married,3,Auto,7.2,57835,845139,3,181090,7,17,Good,1
499,26,Male,60944,Unemployed,Single,3,Life,10.1,56113,476279,3,142524,4,90,Average,1
500,29,Female,124555,Employed,Married,5,Property,12.0,5937,352565,3,290779,2,38,Average,1
501,70,Female,63134,Employed,Single,4,Auto,11.4,12595,859950,0,229355,4,14,Good,1
502,18,Male,183395,Employed,Divorced,5,Property,14.2,5424,255299,5,99332,4,14,Average,1
503,18,Male,50954,Unemployed,Single,5,Life,6.3,49270,848644,2,421149,7,12,Good,1
504,64,Female,114959,Self-Employed,Divorced,3,Auto,3.5,8051,1493214,5,427797,11,69,Average,1
505,51,Female,29992,Employed,Single,4,Health,8.5,40673,1587322,1,249488,8,68,Good,1
506,49,Male,26961,Self-Employed,Married,4,Auto,2.1,36342,1201744,1,431497,5,55,Good,1
507,65,Female,37497,Employed,Single,2,Property,4.7,17238,176086,5,380358,15,63,Average,1
508,42,Female,188623,Employed,Married,3,Health,3.5,32786,1082599,2,152259,9,29,Average,1
509,57,Female,38255,Employed,Married,4,Health,6.3,34668,1794779,2,285097,15,89,Good,1
510,62,Female,160639,Self-Employed,Married,5,Life,2.1,7694,1180348,3,427034,2,45,Average,1
511,70,Male,73847,Unemployed,Married,1,Health,1.0,8595,501938,3,417918,1,4,Poor,1
512,18,Female,45389,Employed,Single,1,Health,10.0,6267,281214,1,268422,10,16,Average,1
513,33,Female,148802,Employed,Divorced,3,Life,9.3,5421,691944,3,175638,2,66,Average,1
514,56,Male,86576,Employed,Married,2,Auto,10.8,24650,1506345,3,59722,8,23,Average,1
515,22,Male,68919,Self-Employed,Married,2,Property,10.1,12017,186884,2,280180,6,68,Average,1
516,39,Female,28358,Employed,Married,4,Auto,2.2,14849,1265705,0,113031,14,20,Good,0
517,46,Female,113535,Employed,Married,3,Health,4.7,56252,236949,5,155655,10,17,Average,1
518,20,Female,130982,Employed,Married,1,Property,2.4,28513,602240,4,332388,10,52,Good,0
519,29,Female,30698,Employed,Married,5,Auto,12.7,54117,905336,4,140548,8,6,Good,1
520,43,Male,91809,Employed,Married,4,Property,11.3,49899,448472,3,70854,12,82,Good,1
521,33,Male,118079,Self-Employed,Divorced,5,Health,3.4,46644,1633365,3,94805,14,84,Good,1
522,68,Male,80805,Employed,Married,4,Auto,5.4,7226,1362519,5,431843,5,39,Good,1
523,54,Female,187421,Self-Employed,Single,0,Property,14.5,9388,1753059,4,438657,7,34,Poor,1
524,39,Female,100033,Employed,Single,5,Property,9.1,7422,1309332,2,383447,9,54,Good,1
525,46,Female,123239,Employed,Single,3,Auto,12.1,44994,1707766,4,155826,10,88,Good,1
526,31,Female,155407,Employed,Single,5,Auto,4.3,14269,1988614,4,498113,8,82,Good,1
527,45,Male,69041,Self-Employed,Married,5,Health,3.5,17177,1796438,4,457967,2,94,Good,1
528,22,Male,56954,Unemployed,Divorced,4,Life,11.9,17032,331620,3,282123,6,65,Good,1
529,64,Female,33002,Unemployed,Single,1,Property,10.4,49276,135571,3,332590,8,87,Good,1
530,66,Male,94783,Employed,Married,0,Auto,10.4,12316,955879,5,192233,1,29,Average,1
531,47,Female,132524,Employed,Divorced,5,Auto,8.5,7843,176752,4,298166,11,41,Good,1
532,63,Female,149857,Self-Employed,Married,1,Auto,8.7,33015,560160,3,456473,6,63,Good,1
533,69,Male,44738,Self-Employed,Married,2,Property,11.2,9111,973589,5,4453,4,32,Good,1
534,22,Female,35703,Employed,Married,0,Health,4.4,50231,841873,4,313719,7,66,Good,1
535,29,Female,138776,Self-Employed,Married,0,Life,5.6,27043,309803,2,57260,15,100,Good,1
536,33,Male,168464,Employed,Single,4,Property,13.1,35101,1847874,3,217789,3,45,Good,1
537,43,Female,69724,Employed,Single,5,Health,5.0,51546,681491,0,219973,0,17,Good,1
538,43,Female,57299,Employed,Single,2,Property,8.4,56055,682093,5,91862,10,43,Average,1
539,65,Male,40641,Employed,Single,4,Property,10.7,41992,337039,3,171777,12,66,Good,1
540,38,Female,104534,Employed,Divorced,3,Auto,15.0,32870,339185,2,449049,14,68,Average,1
541,56,Male,31305,Employed,Married,1,Health,6.8,42747,172649,2,54029,9,34,Good,1
542,53,Female,43782,Employed,Married,1,Auto,6.7,59515,1016726,3,397393,7,1,Average,1
543,50,Male,103257,Employed,Married,4,Auto,12.7,54577,140910,1,331109,14,23,Good,1
544,47,Male,102963,Employed,Single,1,Health,12.2,40169,1564553,5,32952,5,6,Poor,1
545,54,Male,146987,Self-Employed,Married,5,Auto,11.1,46709,387136,4,232509,12,16,Good,1
546,40,Female,176638,Employed,Married,1,Auto,7.2,34415,1358962,4,201586,7,2,Poor,1
547,27,Male,149591,Employed,Single,5,Life,5.2,20685,973953,2,120825,2,76,Average,1
548,22,Male,92766,Employed,Single,3,Health,9.3,20963,1204024,3,210381,7,27,Good,1
549,53,Male,31511,Unemployed,Married,2,Health,13.2,34698,1742767,1,389149,7,19,Poor,1
550,51,Male,139816,Employed,Married,0,Auto,13.3,34150,1062951,5,444300,11,28,Good,1
551,69,Male,182249,Employed,Married,4,Auto,2.1,54195,372930,0,129959,0,35,Average,1
552,48,Female,29765,Employed,Married,4,Health,6.7,26426,1784180,4,333854,3,68,Poor,1
553,27,Female,176426,Self-Employed,Married,5,Health,7.2,55711,666994,5,21796,6,49,Good,1
554,36,Female,48929,Employed,Single,3,Property,14.7,11035,996429,5,181420,12,7,Good,1
555,49,Female,184892,Employed,Single,3,Health,10.3,12071,1670442,1,339557,13,37,Good,1
556,18,Female,136576,Employed,Married,0,Property,6.4,25578,589660,5,184405,10,25,Average,1
557,22,Female,185595,Employed,Divorced,2,Auto,0.9,33044,1381930,4,279866,0,41,Average,1
558,62,Female,96088,Self-Employed,Divorced,4,Life,8.7,58103,1426331,3,219163,2,81,Average,1
559,21,Male,102525,Unemployed,Divorced,5,Life,1.9,33842,1415210,4,112761,2,62,Good,1
560,33,Female,38780,Employed,Married,3,Property,12.6,21531,1669429,0,79098,5,41,Average,1
561,41,Male,31589,Self-Employed,Married,4,Auto,11.4,7170,1460724,3,248380,4,14,Poor,1
562,33,Male,190884,Employed,Married,5,Auto,7.2,29687,553850,2,334226,11,54,Good,1
563,19,Female,118664,Employed,Divorced,1,Auto,6.7,42886,196849,1,25258,10,2,Good,1
564,66,Male,129188,Self-Employed,Single,4,Health,13.5,12297,1277789,4,273850,14,88,Good,1
565,45,Male,118326,Employed,Married,2,Auto,4.7,9163,1810313,3,291087,6,79,Poor,1
566,49,Male,65953,Unemployed,Married,5,Health,4.1,45794,372047,5,326468,2,48,Good,1
567,44,Male,90785,Employed,Married,2,Property,14.1,46787,1294215,3,284459,10,51,Poor,1
568,37,Female,44309,Employed,Single,4,Life,12.2,47712,1368069,4,10352,0,97,Poor,1
569,41,Female,79195,Employed,Married,1,Property,12.4,40707,1929341,2,34497,10,55,Good,1
570,29,Female,50901,Employed,Married,2,Auto,3.3,43495,1926738,4,337289,14,12,Good,1
571,67,Female,179648,Self-Employed,Married,3,Auto,2.6,49688,913038,2,176046,2,83,Good,1
572,52,Female,187580,Employed,Married,5,Property,0.9,29448,747404,5,360466,7,69,Good,1
573,50,Female,50464,Self-Employed,Single,4,Health,3.9,8616,576192,4,382803,15,1,Good,1
574,50,Female,41260,Employed,Divorced,1,Health,11.7,43173,757620,3,27228,4,59,Average,1
575,68,Female,149997,Employed,Married,3,Health,4.0,36748,1309915,0,377296,14,73,Good,1
576,60,Female,60440,Unemployed,Married,4,Life,11.1,33299,813729,0,8882,2,34,Poor,1
577,54,Female,120082,Self-Employed,Single,1,Life,4.2,48237,1591852,5,254962,13,93,Good,1
578,29,Male,130583,Employed,Single,3,Auto,6.2,46119,116833,3,147340,7,46,Good,1
579,20,Female,81683,Self-Employed,Married,2,Property,14.8,16557,215256,0,332990,5,59,Average,1
580,18,Male,149206,Employed,Married,4,Property,4.0,43648,1152074,5,243180,14,66,Good,1
581,50,Male,197502,Employed,Married,4,Auto,6.0,19096,1536460,2,286607,2,19,Good,0
582,57,Male,158059,Employed,Single,2,Health,4.9,38781,296382,3,76789,13,28,Average,1
583,27,Male,181177,Unemployed,Married,0,Life,2.1,13743,1064233,2,85940,4,99,Average,1
584,60,Female,103484,Employed,Married,3,Property,7.6,12391,110518,3,442530,0,40,Good,1
585,61,Male,169098,Self-Employed,Single,2,Auto,6.0,55327,833397,2,271971,5,57,Good,1
586,46,Female,93309,Employed,Married,4,Health,10.6,14355,1170830,2,207546,14,51,Poor,1
587,30,Female,70927,Self-Employed,Married,3,Health,12.4,10247,330684,0,164134,13,22,Good,1
588,29,Male,67946,Employed,Married,3,Life,8.4,45286,705726,3,90690,11,68,Good,1
589,48,Female,151503,Self-Employed,Single,0,Life,1.0,11290,854381,4,400456,12,8,Average,1
590,63,Male,166449,Employed,Married,4,Auto,9.5,39076,518761,0,390887,13,60,Good,1
591,19,Male,78592,Self-Employed,Single,1,Auto,1.3,47452,496561,2,498364,8,65,Good,1
592,68,Female,163419,Unemployed,Single,0,Health,9.4,30817,1360554,2,1585,11,36,Good,1
593,67,Female,58776,Self-Employed,Single,0,Health,10.4,50491,885254,4,314676,6,71,Average,1
594,52,Male,159855,Employed,Married,1,Property,3.4,42595,549582,4,403757,14,89,Average,1
595,40,Female,80798,Unemployed,Single,1,Health,12.4,59416,353442,2,267571,10,29,Good,1
596,34,Female,160370,Employed,Divorced,0,Auto,13.7,55929,802081,4,354427,12,65,Good,1
597,43,Female,95204,Self-Employed,Single,3,Life,12.3,37827,946261,1,481948,7,56,Average,1
598,25,Male,111207,Unemployed,Single,2,Auto,4.9,31209,1659198,0,81156,5,82,Good,1
599,46,Male,125356,Employed,Married,2,Property,9.0,44754,1255975,3,245954,10,4,Good,1
600,43,Female,85652,Employed,Single,0,Property,13.8,37118,633930,4,9033,4,84,Good,1
601,27,Female,190556,Employed,Married,3,Life,5.1,48411,445519,4,162142,14,72,Good,1
602,43,Female,154572,Employed,Single,1,Auto,12.4,20216,1762081,1,112458,11,91,Good,1
603,51,Female,45922,Employed,Single,5,Property,0.6,12860,1606325,3,390911,5,50,Good,1
604,68,Female,190100,Employed,Single,0,Auto,0.6,18425,303643,1,180176,6,39,Good,1
605,58,Male,176388,Employed,Married,4,Property,11.5,18806,1857318,3,12199,15,35,Average,1
606,24,Female,101996,Employed,Single,3,Life,11.5,52718,790395,0,405992,8,25,Good,1
607,21,Male,173040,Employed,Married,4,Property,11.9,29911,1525740,4,153799,7,78,Average,1
608,70,Female,55266,Employed,Married,4,Auto,14.0,30406,219937,0,2931,4,44,Good,1
609,67,Male,180072,Unemployed,Married,0,Auto,2.2,39360,1303231,3,80379,14,47,Good,1
610,62,Female,170083,Employed,Married,3,Property,3.9,58532,1957113,4,187265,6,40,Good,1
611,28,Male,27866,Unemployed,Married,4,Health,13.6,19464,574882,1,267843,7,31,Good,1
612,46,Female,137669,Employed,Divorced,3,Life,3.1,35587,1686600,2,451005,0,69,Average,1
613,53,Male,30898,Employed,Single,2,Life,10.4,43865,1190857,1,254031,15,81,Average,1
614,42,Male,43395,Self-Employed,Single,5,Property,8.2,11458,1227927,2,479976,7,74,Good,1
615,38,Male,195091,Employed,Single,4,Property,1.7,14151,1238508,1,158393,10,43,Average,1
616,53,Male,29006,Employed,Single,4,Health,4.6,59869,517528,3,323176,6,55,Good,1
617,27,Male,190465,Employed,Single,3,Life,8.0,41934,1488500,0,7636,10,16,Average,1
618,54,Male,35956,Employed,Married,5,Health,12.9,11488,1846604,2,329540,11,68,Average,0
619,26,Female,162150,Employed,Married,2,Life,10.8,29541,679940,3,120249,11,69,Good,1
620,41,Male,185703,Employed,Divorced,4,Property,9.5,26803,493174,0,377762,1,42,Good,0
621,52,Female,120676,Employed,Single,0,Life,7.7,48183,1422438,0,277133,1,41,Average,0
622,66,Female,146724,Employed,Single,3,Life,4.8,49776,1099824,4,51086,11,50,Good,1
623,52,Female,87901,Employed,Divorced,3,Life,2.2,29718,196219,4,244613,5,84,Poor,1
624,65,Female,132227,Employed,Married,4,Health,6.4,16170,1389774,4,233743,15,6,Average,1
625,53,Female,142192,Employed,Married,2,Health,0.9,22430,1061501,2,493691,2,75,Average,1
626,35,Male,197646,Employed,Married,4,Life,3.6,52284,524644,2,298206,0,53,Good,1
627,66,Male,56417,Unemployed,Married,1,Auto,6.8,14260,1381943,0,210409,14,17,Good,1
628,56,Male,113020,Employed,Married,4,Health,6.6,12636,1338470,2,455341,7,57,Good,1
629,49,Female,108639,Employed,Single,5,Property,1.1,41955,1306138,0,30398,6,67,Good,1
630,41,Male,119881,Employed,Married,5,Property,9.0,41108,1910173,3,332427,3,16,Good,1
631,40,Male,195526,Unemployed,Married,1,Life,8.5,43945,409495,1,364840,15,52,Poor,1
632,49,Male,157659,Employed,Single,5,Property,1.6,58925,1189577,0,70774,13,100,Good,1
633,54,Male,146688,Unemployed,Married,5,Health,14.2,20941,1063360,0,264978,15,90,Average,1
634,29,Male,140584,Employed,Married,0,Auto,1.9,8435,487194,3,310347,0,88,Average,1
635,66,Female,111567,Employed,Divorced,3,Auto,12.9,33355,1951418,4,307820,1,34,Average,1
636,30,Male,100886,Unemployed,Single,5,Auto,0.5,12300,1725549,5,26230,8,84,Good,1
637,40,Female,174888,Employed,Divorced,3,Property,13.3,50437,1616690,4,334796,3,81,Good,1
638,42,Female,54432,Employed,Married,2,Life,0.8,27183,1122447,4,330608,2,20,Good,1
639,52,Female,97373,Self-Employed,Married,4,Property,11.5,38733,1668370,0,93715,7,80,Poor,1
640,58,Female,190289,Unemployed,Single,0,Life,5.7,12444,1007749,0,415350,3,56,Average,1
641,47,Female,45884,Employed,Married,1,Auto,11.2,30755,1762411,2,498014,6,51,Good,1
642,34,Male,30454,Employed,Divorced,2,Health,6.3,48394,1829222,2,231048,14,53,Good,1
643,66,Male,99960,Self-Employed,Single,0,Property,1.5,28062,242463,1,270334,12,49,Good,1
644,37,Male,127421,Self-Employed,Single,0,Health,11.6,19610,389143,1,89364,13,4,Good,1
645,65,Female,68618,Unemployed,Married,1,Auto,1.5,5500,637240,5,135422,13,18,Average,1
646,42,Male,72111,Self-Employed,Married,1,Life,13.9,9554,1361424,2,296199,13,36,Average,1
647,39,Male,195685,Employed,Single,3,Health,1.2,54201,1104302,0,174758,4,35,Average,1
648,30,Female,145592,Unemployed,Married,4,Property,7.5,30545,512498,3,343716,4,30,Average,1
649,36,Female,84993,Employed,Married,2,Health,11.0,55139,1773215,2,159772,10,63,Good,1
650,66,Female,153652,Employed,Single,4,Health,6.2,51059,809714,0,72146,5,82,Good,1
651,53,Female,164920,Employed,Married,2,Property,3.6,11771,1166518,2,107554,11,21,Average,1
652,29,Male,103672,Employed,Single,0,Life,11.5,22499,101722,4,422636,12,52,Average,1
653,58,Female,91125,Employed,Married,5,Property,11.9,8932,530036,2,259365,3,96,Good,1
654,36,Female,142509,Self-Employed,Married,5,Auto,13.9,31055,1933633,5,287321,1,69,Good,1
655,29,Male,86602,Employed,Married,1,Life,6.0,42202,1082534,4,355530,5,41,Good,1
656,26,Male,67222,Employed,Single,1,Health,7.8,32700,1540105,0,432867,12,54,Average,1
657,24,Female,74223,Self-Employed,Single,0,Property,5.8,8567,690507,4,207778,4,87,Good,1
658,45,Male,90333,Employed,Married,0,Auto,4.2,6658,880534,2,54339,2,30,Average,1
659,31,Female,147650,Employed,Married,2,Property,11.4,47836,511610,4,311426,3,91,Good,1
660,48,Female,74420,Employed,Married,0,Life,5.4,51929,1076063,5,237420,2,56,Average,1
661,69,Male,100504,Unemployed,Married,2,Auto,6.7,45712,519685,3,172142,2,79,Good,1
662,36,Male,27462,Employed,Married,4,Health,6.4,31627,960473,4,354827,3,41,Good,1
663,64,Female,34460,Employed,Single,1,Life,10.8,43568,1254323,5,191775,1,14,Good,1
664,33,Female,124319,Employed,Single,1,Auto,13.8,25760,947770,4,363182,3,21,Good,1
665,70,Female,165347,Employed,Single,5,Life,10.2,34985,105492,1,156478,9,98,Average,1
666,22,Male,169341,Employed,Married,5,Health,7.3,19408,510043,3,320153,10,90,Average,1
667,52,Female,154593,Employed,Single,1,Auto,11.8,34832,216359,0,1066,1,25,Good,1
668,29,Female,147672,Employed,Single,4,Property,9.8,45785,258564,5,201578,13,50,Good,1
669,42,Female,97920,Unemployed,Married,4,Property,1.4,40583,824162,4,315084,9,95,Good,1
670,69,Female,47553,Employed,Single,3,Health,1.9,38738,1139617,3,261803,7,53,Average,1
671,38,Female,180438,Employed,Married,2,Auto,1.0,29204,302517,0,50469,9,48,Good,0
672,53,Male,69036,Employed,Single,5,Health,7.1,18285,1816805,3,377116,15,70,Poor,1
673,70,Female,173441,Employed,Single,2,Health,12.5,59664,1843718,5,154422,4,48,Good,1
674,40,Female,167867,Self-Employed,Married,5,Life,5.0,37975,1039367,1,225843,12,4,Good,1
675,33,Female,95021,Employed,Single,3,Property,6.1,21643,1341635,5,499314,6,24,Good,1
676,56,Female,132205,Employed,Married,1,Health,13.7,10025,621323,5,397330,10,31,Good,1
677,62,Male,186215,Self-Employed,Married,2,Life,12.6,42126,1061559,0,486906,3,83,Good,1
678,70,Male,185497,Employed,Single,5,Health,10.1,21888,304427,0,373282,9,75,Good,1
679,59,Male,113209,Employed,Single,2,Health,4.4,50258,391280,4,180271,5,29,Good,1
680,56,Female,100139,Employed,Married,1,Health,2.2,39527,1006261,2,124648,12,5,Average,1
681,31,Female,30368,Employed,Single,0,Property,0.7,28898,901269,5,235514,11,82,Good,1
682,48,Male,160693,Employed,Single,5,Auto,2.1,52069,1655282,0,487642,13,67,Good,1
683,22,Male,83829,Employed,Married,0,Property,4.7,19387,175592,5,65133,9,75,Average,1
684,52,Male,154036,Employed,Married,3,Life,8.5,51435,493931,5,21245,3,85,Poor,1
685,40,Female,39719,Unemployed,Married,4,Auto,1.4,8794,1296923,0,108574,14,94,Good,1
686,46,Female,54227,Employed,Married,2,Life,2.5,8590,1168767,1,43266,15,83,Average,1
687,60,Male,134430,Employed,Divorced,5,Health,3.1,19698,1099924,1,351906,15,53,Average,1
688,28,Male,163638,Employed,Single,2,Auto,9.7,17332,946558,5,232791,5,89,Poor,1
689,35,Male,37306,Employed,Married,3,Life,9.4,44738,545008,1,405811,0,64,Good,1
690,64,Female,78822,Employed,Married,3,Health,8.5,14593,342070,5,93254,5,35,Poor,1
691,29,Female,49042,Unemployed,Single,2,Life,4.1,35107,1928169,4,39218,5,12,Good,1
692,26,Female,171158,Self-Employed,Divorced,5,Life,5.9,36490,1943902,0,418359,1,47,Good,1
693,27,Male,173459,Unemployed,Single,1,Property,1.9,41097,1756978,5,177250,15,90,Good,1
694,61,Male,183114,Unemployed,Single,1,Health,3.8,16036,1171897,1,202772,11,55,Good,1
695,34,Female,114424,Employed,Married,4,Property,13.5,33561,732793,1,491392,9,69,Average,1
696,55,Male,174395,Employed,Married,2,Auto,14.7,19372,649247,3,7787,9,83,Good,1
697,24,Female,43019,Employed,Single,2,Health,9.9,58164,503731,3,474676,8,91,Good,1
698,63,Male,100426,Employed,Single,5,Property,13.8,39860,1616405,1,457733,14,38,Good,1
699,30,Male,65863,Unemployed,Married,2,Property,9.8,24351,689484,4,45286,5,29,Good,1
700,57,Male,136023,Employed,Married,5,Auto,1.0,35327,776803,2,479201,11,12,Good,1
701,59,Male,166355,Unemployed,Married,2,Life,15.0,23059,1333198,5,262225,14,19,Good,1
702,26,Female,174351,Employed,Divorced,3,Life,1.9,32188,1093483,3,3005,10,9,Good,1
703,67,Male,71999,Unemployed,Single,0,Life,10.4,58548,268280,5,73944,12,82,Good,1
704,44,Female,87780,Unemployed,Single,2,Auto,4.2,38055,232855,3,131406,6,29,Good,1
705,19,Female,47908,Self-Employed,Married,0,Property,6.2,54937,1751513,0,123438,1,3,Average,1
706,22,Female,151278,Self-Employed,Married,1,Health,9.9,7316,1119925,0,76639,1,87,Good,1
707,46,Male,138002,Employed,Single,4,Auto,6.8,21259,1810918,1,58217,15,30,Good,1
708,54,Female,194024,Self-Employed,Single,1,Life,4.1,40606,1511607,0,107248,1,58,Good,1
709,55,Female,125706,Unemployed,Married,2,Life,5.3,16829,1387873,0,110257,9,88,Good,1
710,36,Female,193735,Self-Employed,Divorced,5,Health,5.5,13137,572159,2,25169,12,53,Good,1
711,25,Male,147019,Employed,Married,1,Auto,14.4,29502,377460,4,227102,10,4,Poor,1
712,65,Male,134708,Employed,Single,3,Life,12.1,32204,1107878,1,109247,8,57,Average,1
713,62,Female,34343,Self-Employed,Divorced,0,Auto,7.1,6265,1634535,2,154524,2,54,Average,1
714,18,Male,101173,Employed,Divorced,5,Property,3.4,40751,1524372,1,419470,12,28,Good,1
715,39,Female,125260,Self-Employed,Married,5,Auto,12.3,27285,587154,4,200505,3,16,Good,1
716,69,Female,195863,Employed,Married,2,Property,2.8,29315,1609758,1,319254,0,13,Good,1
717,34,Male,185206,Employed,Married,3,Health,3.6,52457,1793221,5,57253,0,72,Poor,1
718,24,Female,94443,Employed,Divorced,0,Property,5.8,51875,205364,5,463400,3,56,Average,1
719,42,Male,82530,Employed,Married,3,Property,13.3,45911,1140775,5,75210,13,53,Good,1
720,62,Male,160899,Employed,Married,1,Health,2.4,45798,1413656,0,344846,1,48,Good,1
721,21,Female,121143,Employed,Married,2,Life,2.3,50890,963832,4,92246,15,25,Good,1
722,53,Male,169771,Employed,Married,5,Health,7.7,48420,846011,2,151042,7,66,Good,0
723,23,Male,139527,Employed,Married,5,Auto,4.5,38379,1223419,2,397010,12,30,Average,1
724,48,Female,161385,Employed,Married,1,Health,8.7,41291,1417429,3,29184,3,3,Good,1
725,36,Female,169670,Self-Employed,Divorced,5,Auto,7.0,59664,1899326,2,222167,15,23,Good,1
726,61,Male,136362,Unemployed,Married,4,Life,6.8,57854,1124883,5,474096,2,29,Average,1
727,56,Male,53807,Self-Employed,Married,2,Auto,2.1,32152,1431427,5,373322,2,41,Good,1
728,44,Female,84550,Unemployed,Married,1,Health,2.5,10424,1712248,3,38365,5,94,Good,1
729,27,Male,28558,Self-Employed,Married,2,Health,12.4,14939,921619,0,31217,11,11,Good,1
730,43,Male,75113,Employed,Married,0,Life,13.3,35253,1191112,2,498570,12,21,Good,1
731,36,Male,77999,Self-Employed,Single,2,Health,3.9,39396,478916,4,5051,5,91,Good,1
732,56,Male,192415,Self-Employed,Married,2,Life,2.1,18176,1424965,3,82662,5,24,Good,1
733,20,Male,83219,Employed,Single,0,Life,1.3,12907,844267,2,463296,5,95,Average,1
734,62,Male,191258,Employed,Single,1,Health,9.3,8372,1661636,0,143947,7,94,Average,1
735,30,Male,193038,Self-Employed,Married,2,Property,10.9,32572,1523460,4,332035,7,65,Good,1
736,67,Female,189841,Employed,Single,3,Auto,5.9,29592,132286,4,413208,8,1,Average,1
737,45,Female,78218,Employed,Single,2,Property,10.4,18102,1104733,0,117959,0,54,Good,1
738,37,Female,44229,Employed,Single,1,Life,10.8,47557,265375,2,182734,9,72,Average,1
739,45,Female,100209,Employed,Single,5,Auto,14.1,30642,1890609,1,257962,7,34,Good,1
740,25,Female,52877,Employed,Married,0,Property,1.4,8139,272121,2,368733,4,80,Good,1
741,58,Male,122137,Employed,Married,5,Health,3.3,16643,443045,3,247135,2,91,Good,1
742,56,Male,63084,Employed,Divorced,1,Property,1.5,23643,1335848,3,58475,10,68,Good,1
743,18,Male,106780,Employed,Single,4,Auto,13.1,40018,1489706,2,293218,9,83,Poor,1
744,20,Male,172878,Self-Employed,Single,5,Auto,12.0,43889,169726,5,68052,2,29,Good,1
745,30,Female,62034,Unemployed,Single,2,Auto,8.8,33780,478486,3,22622,5,3,Good,1
746,45,Male,196389,Employed,Married,2,Auto,1.7,45949,1322509,1,242531,7,11,Good,0
747,66,Male,80468,Self-Employed,Married,0,Property,4.5,53071,798999,5,376922,9,8,Good,1
748,42,Female,175166,Employed,Divorced,2,Health,4.8,21667,1958945,1,113707,1,62,Average,1
749,50,Male,35589,Employed,Married,3,Health,8.6,35632,290586,4,198087,11,33,Poor,1
750,55,Male,82221,Employed,Married,3,Auto,4.2,43493,566204,3,213946,8,8,Good,1
751,70,Female,26657,Employed,Married,5,Health,1.6,53352,485389,5,92543,4,25,Good,1
752,23,Male,123300,Employed,Divorced,1,Property,11.1,34408,366104,2,40982,4,88,Good,1
753,61,Male,142229,Employed,Single,0,Health,4.8,29302,401746,5,190141,0,26,Good,1
754,62,Male,64531,Self-Employed,Single,4,Life,7.1,26621,1637513,4,176150,5,26,Good,1
755,49,Male,77227,Self-Employed,Married,5,Health,2.4,18219,1814500,1,117993,12,17,Good,1
756,62,Male,28164,Employed,Married,1,Auto,12.1,46562,933942,4,444089,10,91,Average,1
757,64,Female,118078,Employed,Divorced,0,Health,8.7,30939,1940099,0,325942,10,29,Good,1
758,38,Female,66247,Employed,Married,0,Health,13.6,51880,608422,3,189856,4,43,Good,1
759,33,Female,175673,Employed,Single,5,Health,7.7,49312,1735199,2,152908,6,73,Good,1
760,38,Female,75599,Self-Employed,Divorced,1,Health,14.2,41843,1572311,1,225854,6,78,Average,1
761,28,Female,160624,Employed,Married,1,Life,13.4,17778,1021214,4,68083,15,5,Good,1
762,54,Female,165489,Self-Employed,Single,2,Property,8.9,43930,163564,2,103227,3,50,Good,1
763,53,Male,93207,Unemployed,Divorced,4,Auto,14.0,34870,1277833,3,290274,4,94,Good,1
764,52,Female,97055,Employed,Single,3,Auto,5.2,45404,215517,2,245948,9,56,Good,1
765,36,Female,127266,Unemployed,Single,2,Health,5.8,27121,1208553,3,442191,13,63,Good,1
766,37,Male,103270,Employed,Divorced,0,Property,1.2,45770,1777795,3,328139,15,57,Poor,1
767,35,Male,136426,Employed,Married,4,Health,9.0,51221,1082479,3,329916,7,92,Average,1
768,64,Female,159794,Employed,Single,4,Life,11.0,35158,1599406,4,414046,1,45,Average,1
769,58,Male,95442,Employed,Single,1,Property,11.7,28456,894420,3,328260,0,37,Average,1
770,66,Female,120632,Employed,Married,4,Property,2.7,52401,1315402,2,145511,13,72,Average,1
771,31,Male,196103,Employed,Single,5,Property,6.9,55645,1931380,0,135787,5,79,Average,1
772,32,Female,46438,Self-Employed,Married,4,Property,3.1,17992,385218,2,157179,10,92,Good,1
773,48,Male,83819,Unemployed,Married,0,Health,10.1,49894,1956206,4,222552,13,36,Good,1
774,18,Male,68856,Self-Employed,Single,5,Life,2.8,30390,617103,3,490516,3,33,Good,1
775,70,Female,189648,Employed,Married,5,Property,13.6,50858,962477,0,43394,12,6,Good,1
776,20,Female,66938,Self-Employed,Divorced,2,Auto,3.8,21756,1829116,4,355247,9,76,Good,1
777,33,Female,84807,Employed,Married,4,Auto,4.7,26971,672356,1,300809,2,71,Average,1
778,40,Female,74877,Self-Employed,Single,1,Life,12.8,12071,735257,1,248662,15,45,Good,1
779,28,Female,68461,Self-Employed,Single,2,Auto,7.1,32574,1165136,1,163497,15,92,Average,1
780,29,Male,118474,Unemployed,Married,1,Health,0.8,51517,1126321,0,453090,6,7,Average,1
781,27,Female,196541,Employed,Divorced,4,Health,7.7,24275,1322322,2,434648,7,65,Good,1
782,49,Female,108136,Self-Employed,Single,2,Life,1.7,49751,1475872,0,130753,10,24,Good,1
783,33,Male,45435,Employed,Single,4,Property,14.8,11586,1796380,0,213850,11,45,Good,1
784,25,Male,170263,Unemployed,Married,0,Auto,9.0,24703,270010,0,437165,3,61,Good,1
785,55,Female,109726,Employed,Married,2,Auto,4.2,31765,1446111,1,346504,11,19,Good,0
786,29,Male,183458,Employed,Single,1,Life,8.7,15641,1439451,5,470650,11,32,Average,1
787,41,Male,187793,Employed,Married,0,Life,1.6,41735,971130,2,231088,14,30,Good,1
788,45,Female,79786,Self-Employed,Single,3,Auto,12.1,5822,1524600,5,498875,9,65,Average,1
789,70,Male,38704,Employed,Married,1,Property,13.9,37989,1267016,5,371033,11,32,Poor,1
790,25,Male,81635,Employed,Married,4,Life,13.2,44648,530349,0,214367,10,57,Good,0
791,45,Female,158195,Unemployed,Married,1,Health,5.5,17129,832275,2,350748,10,20,Average,1
792,53,Female,115710,Unemployed,Single,3,Auto,5.2,20543,628628,5,396885,14,85,Good,1
793,43,Male,87993,Employed,Married,1,Life,1.0,30963,1218867,3,79918,5,83,Average,1
794,25,Male,137752,Employed,Single,0,Life,9.9,41656,148731,0,408652,12,94,Good,1
795,67,Female,181488,Self-Employed,Single,5,Life,8.3,34665,812788,0,215382,10,92,Average,1
796,45,Male,157886,Unemployed,Married,1,Auto,7.2,18499,1987830,0,167102,10,96,Good,1
797,45,Male,103537,Employed,Married,2,Health,13.7,15352,1976874,3,4638,14,30,Poor,1
798,54,Male,75258,Employed,Single,3,Health,2.9,59452,1525015,3,199474,1,87,Good,1
799,58,Female,172580,Employed,Single,1,Auto,0.6,24654,840801,1,57000,7,91,Good,1
800,53,Male,110166,Self-Employed,Married,3,Life,1.6,15117,1887731,4,9251,5,59,Good,1
801,44,Male,138710,Employed,Married,5,Auto,3.7,26077,1250838,2,402164,10,90,Average,1
802,34,Female,60699,Employed,Single,0,Auto,1.0,50540,855800,4,314791,8,62,Average,1
803,26,Male,71335,Employed,Married,2,Life,7.8,8993,1913028,0,350558,10,67,Poor,1
804,50,Male,71806,Unemployed,Married,4,Auto,5.1,23982,1976821,5,458939,15,31,Average,1
805,70,Female,102853,Employed,Married,1,Property,3.1,39434,1114654,0,491022,12,66,Good,1
806,37,Female,60739,Employed,Divorced,0,Health,11.4,21312,1353783,5,239949,12,54,Good,1
807,30,Female,59785,Employed,Single,3,Property,3.5,49041,501931,1,479714,5,10,Good,1
808,45,Female,188052,Self-Employed,Married,5,Property,10.5,19338,1105037,4,226519,5,38,Poor,1
809,65,Male,110016,Employed,Married,3,Property,5.6,35173,549118,0,259229,11,83,Poor,1
810,46,Male,157681,Self-Employed,Married,5,Auto,7.9,42525,1249930,4,319389,1,31,Good,1
811,30,Female,91253,Employed,Married,5,Life,14.0,31690,1949791,1,412314,15,29,Average,1
812,63,Female,116128,Unemployed,Divorced,0,Auto,1.0,32328,1376446,4,400624,4,25,Average,1
813,52,Male,184213,Employed,Single,1,Health,7.8,16360,1499732,5,475431,8,32,Good,1
814,23,Female,186081,Employed,Single,4,Auto,12.9,55706,402824,2,331213,0,17,Average,0
815,35,Male,152581,Employed,Single,1,Auto,9.0,43883,1372659,1,69676,3,45,Good,1
816,68,Female,135966,Self-Employed,Divorced,2,Auto,4.5,43205,485351,4,326126,9,49,Poor,1
817,22,Male,162854,Employed,Married,1,Auto,6.3,27625,159179,0,364490,9,87,Good,1
818,64,Female,124352,Unemployed,Married,5,Property,10.4,47040,986045,3,354298,13,18,Good,1
819,42,Female,182005,Self-Employed,Single,5,Life,13.4,49894,402114,3,348334,2,75,Good,1
820,19,Male,102154,Employed,Divorced,2,Health,1.1,36850,104718,1,52203,0,52,Good,0
821,27,Female,164379,Unemployed,Married,3,Health,1.5,21471,520327,3,54617,0,20,Good,1
822,47,Male,133297,Employed,Married,5,Health,5.2,44883,1056222,2,358455,14,62,Average,1
823,67,Male,63346,Self-Employed,Single,2,Auto,3.9,32276,437913,1,368181,0,13,Good,1
824,62,Male,137138,Employed,Single,5,Health,4.3,7703,1752571,0,80212,0,88,Average,1
825,22,Male,75772,Employed,Married,4,Property,3.7,16151,241798,0,255752,14,43,Good,1
826,50,Male,65149,Self-Employed,Married,5,Life,3.3,56570,1503024,1,268149,12,84,Poor,1
827,18,Female,111700,Employed,Single,0,Auto,2.4,31998,885931,3,202478,1,92,Good,1
828,35,Female,183598,Employed,Married,2,Auto,14.0,9147,641427,3,462656,10,99,Good,1
829,49,Male,121758,Employed,Single,1,Property,2.6,39515,1410705,0,179307,4,21,Good,0
830,64,Female,153447,Employed,Married,2,Health,3.5,13232,1869617,2,274117,1,6,Good,1
831,66,Male,30695,Self-Employed,Married,3,Auto,4.1,20151,219804,5,309120,3,71,Good,1
832,28,Female,64169,Employed,Single,5,Auto,14.0,15330,669070,3,461013,8,93,Poor,1
833,38,Female,72947,Unemployed,Married,2,Property,11.5,54190,644246,2,452082,2,53,Good,1
834,43,Female,70865,Employed,Single,4,Property,12.0,16276,322811,3,17804,1,87,Good,1
835,42,Female,181625,Employed,Single,2,Health,2.0,23535,1825243,5,88613,15,52,Average,1
836,39,Male,129501,Self-Employed,Married,4,Life,12.6,41705,1775890,1,455152,3,69,Good,1
837,44,Male,85410,Employed,Single,5,Life,6.4,44654,1479854,4,309420,8,86,Average,1
838,66,Female,128754,Unemployed,Single,1,Health,4.3,48050,900015,0,24680,3,9,Average,0
839,30,Female,115895,Self-Employed,Single,5,Life,8.8,37976,1392821,1,323111,14,96,Average,1
840,50,Male,180888,Employed,Single,3,Property,12.4,5599,1952021,3,16862,11,74,Good,1
841,51,Female,75705,Employed,Single,0,Property,11.8,8709,934416,5,87438,4,46,Good,1
842,58,Male,140700,Employed,Single,1,Property,13.4,29110,340734,0,235953,3,92,Good,1
843,52,Male,98914,Employed,Married,1,Life,14.0,54365,1119326,4,170625,12,75,Good,1
844,18,Male,26881,Self-Employed,Single,0,Life,4.0,10723,745534,4,402100,7,71,Good,1
845,38,Female,195639,Employed,Married,2,Auto,6.6,51772,1120160,5,199646,13,30,Average,1
846,65,Male,72365,Employed,Single,5,Auto,0.7,47536,275946,5,60313,12,43,Good,1
847,23,Female,104211,Employed,Single,2,Auto,13.3,32394,1057701,3,164033,14,59,Good,1
848,45,Male,181078,Employed,Single,2,Life,2.7,15316,753398,0,293706,14,38,Good,0
849,34,Female,66198,Employed,Divorced,5,Auto,13.0,27622,633384,3,157137,3,34,Good,0
850,22,Female,178903,Unemployed,Married,3,Property,5.3,29844,1350739,4,163156,1,46,Good,1
851,48,Female,125649,Self-Employed,Married,1,Life,5.8,56560,591471,1,376890,11,92,Average,1
852,22,Male,172531,Self-Employed,Single,4,Health,1.1,45740,1746397,1,313182,3,32,Good,1
853,55,Male,188515,Self-Employed,Married,0,Life,5.2,26162,1880281,2,470553,1,16,Poor,1
854,20,Female,198388,Employed,Single,1,Auto,13.4,33833,1110405,4,414173,8,39,Average,1
855,70,Female,161949,Unemployed,Single,2,Life,0.9,22206,1436338,4,250982,10,1,Poor,1
856,40,Female,64553,Employed,Married,0,Auto,6.4,56747,322572,3,68116,13,98,Good,1
857,54,Male,160994,Employed,Single,4,Auto,1.0,29501,634156,2,92080,7,57,Good,0
858,70,Male,147778,Employed,Divorced,1,Health,5.9,53314,384026,5,62278,8,87,Good,1
859,54,Male,142018,Employed,Single,1,Health,3.0,58105,1562431,2,110549,3,20,Poor,1
860,27,Male,160758,Self-Employed,Divorced,3,Property,4.2,57983,792323,0,425670,0,82,Average,1
861,27,Female,57766,Employed,Married,1,Auto,13.2,15291,1517480,3,111937,2,82,Average,1
862,36,Female,57006,Self-Employed,Married,1,Life,6.8,58735,988557,5,315940,6,42,Good,1
863,34,Male,56422,Employed,Single,4,Health,4.5,49562,1536397,5,142349,0,85,Good,1
864,38,Male,141590,Employed,Single,4,Health,9.0,16659,870724,1,236999,10,72,Good,1
865,31,Female,37205,Self-Employed,Divorced,0,Auto,2.6,30226,260542,0,360668,7,34,Good,1
866,26,Male,179599,Employed,Single,2,Life,4.3,45751,996414,2,66411,8,50,Good,1
867,63,Male,174515,Employed,Married,4,Health,8.4,11500,1743578,1,208262,7,11,Good,1
868,18,Male,172596,Employed,Divorced,0,Health,3.9,6634,1343318,4,191141,4,43,Average,1
869,68,Male,141477,Employed,Single,1,Life,10.3,19059,831794,3,66732,11,10,Poor,0
870,62,Male,53202,Self-Employed,Married,0,Health,7.6,9814,1481822,2,182933,10,8,Average,1
871,30,Male,86692,Employed,Married,0,Life,11.7,55319,1824289,4,261200,13,72,Average,1
872,21,Female,45855,Unemployed,Single,0,Auto,14.2,9076,395519,5,442703,11,19,Poor,1
873,18,Male,50095,Unemployed,Single,5,Health,2.2,46158,433354,2,434400,12,65,Good,1
874,66,Male,194796,Self-Employed,Married,0,Auto,5.4,43210,1668097,1,285542,14,55,Good,1
875,57,Female,74241,Self-Employed,Single,4,Life,5.1,30931,777632,0,79906,8,52,Average,1
876,49,Female,128119,Employed,Married,5,Auto,2.7,37007,1039220,1,28517,3,3,Good,1
877,51,Female,77003,Self-Employed,Single,2,Auto,12.2,27744,1499996,3,356539,8,53,Good,1
878,45,Male,119837,Employed,Divorced,0,Auto,11.5,35396,975138,3,197855,0,44,Good,1
879,48,Female,119283,Employed,Single,3,Property,7.5,28083,266234,2,286708,11,96,Good,1
880,25,Male,172044,Unemployed,Married,1,Life,8.3,41273,1746470,1,387714,10,48,Good,1
881,56,Male,148805,Employed,Married,1,Life,1.4,54954,1571264,0,249717,2,54,Good,1
882,43,Male,118846,Employed,Single,5,Life,8.6,30276,1338152,5,373698,3,16,Good,1
883,51,Female,47927,Employed,Single,1,Life,12.0,5502,744125,3,7111,10,30,Good,1
884,20,Female,145589,Employed,Married,1,Life,8.8,17756,1335089,0,414189,9,92,Poor,1
885,67,Female,140657,Employed,Divorced,5,Health,4.3,19262,1519063,4,100190,0,28,Poor,1
886,29,Female,91630,Employed,Single,1,Health,10.2,59977,161401,2,131382,11,16,Average,1
887,18,Female,129428,Employed,Married,0,Health,5.7,53909,1469555,0,469512,5,51,Poor,1
888,61,Male,147035,Employed,Single,2,Auto,8.4,15605,419080,2,149060,12,33,Good,1
889,22,Male,151244,Employed,Single,5,Auto,7.6,45707,262590,4,153115,15,25,Average,1
890,47,Male,94518,Employed,Married,3,Life,6.0,27416,1364583,0,446350,14,18,Good,1
891,47,Male,106326,Self-Employed,Married,5,Property,10.9,42487,285534,0,352624,3,26,Average,0
892,34,Female,168277,Employed,Single,4,Life,13.3,45516,1013878,5,101850,3,6,Good,1
893,65,Female,145243,Self-Employed,Divorced,3,Health,0.6,32543,1831249,4,448542,0,38,Average,1
894,64,Male,37748,Unemployed,Single,4,Life,14.0,36280,1539064,1,393018,4,44,Good,1
895,40,Female,177169,Self-Employed,Married,5,Auto,7.9,7870,1951118,0,234727,8,67,Good,0
896,32,Female,159164,Unemployed,Married,4,Life,10.7,9758,947981,5,89937,5,43,Average,1
897,54,Male,78311,Unemployed,Married,3,Health,12.9,50806,1017266,0,148453,14,6,Average,1
898,38,Male,47692,Employed,Married,0,Life,7.3,43736,1963538,5,295408,7,78,Good,1
899,31,Female,149954,Self-Employed,Single,5,Auto,12.6,16659,1935901,3,153141,15,64,Average,1
900,19,Female,179934,Unemployed,Married,5,Property,3.1,55250,1015177,1,174036,10,82,Good,1
901,28,Male,155035,Employed,Married,1,Health,2.8,57321,748255,0,197806,3,80,Average,1
902,68,Male,104507,Employed,Single,5,Life,10.0,54534,604563,4,108841,8,88,Good,1
903,56,Male,105152,Unemployed,Married,5,Auto,13.1,45558,1504980,2,268054,15,13,Average,1
904,55,Female,29926,Self-Employed,Single,0,Health,13.4,58092,913317,4,71020,6,65,Good,1
905,51,Male,28969,Employed,Married,1,Health,9.8,14585,1193136,1,439381,13,38,Poor,1
906,55,Male,60733,Employed,Single,2,Auto,8.1,32903,1162189,3,197184,13,64,Good,1
907,67,Female,94855,Self-Employed,Single,4,Life,5.3,42039,1285735,3,248920,6,14,Good,1
908,51,Female,66743,Employed,Single,3,Life,14.7,9323,1577493,3,294965,7,17,Good,1
909,35,Female,155193,Employed,Married,2,Life,5.1,31970,1167241,5,376437,15,77,Good,1
910,47,Female,195948,Self-Employed,Married,1,Health,11.3,39806,730856,4,437608,1,13,Good,1
911,32,Female,132445,Employed,Single,0,Property,8.2,53745,1903620,2,441819,11,73,Average,1
912,44,Male,45323,Employed,Single,3,Health,9.3,10461,391766,2,131065,5,6,Good,1
913,68,Male,41428,Self-Employed,Single,4,Life,6.2,45831,1506554,5,295140,6,6,Good,1
914,51,Female,59578,Self-Employed,Married,5,Health,14.5,56137,1886339,0,353034,2,94,Good,1
915,69,Female,111486,Employed,Married,5,Property,8.8,39030,1190565,5,95765,7,37,Good,1
916,55,Female,89140,Employed,Single,2,Health,14.1,10731,1717605,2,262069,0,57,Good,1
917,50,Female,132325,Employed,Single,4,Auto,0.6,26500,1620492,2,208630,0,53,Average,1
918,41,Female,108829,Unemployed,Married,1,Life,8.8,14903,1693027,0,197592,9,46,Good,1
919,32,Male,31364,Employed,Single,4,Life,10.9,38117,171637,4,471412,2,78,Good,1
920,47,Male,153867,Employed,Single,0,Life,11.3,33602,1207751,4,25044,5,4,Good,1
921,59,Male,191421,Employed,Single,2,Health,13.6,36174,858618,1,477603,6,34,Poor,0
922,68,Male,156763,Self-Employed,Married,2,Health,0.6,38208,355972,4,304953,1,66,Average,1
923,34,Female,120598,Employed,Married,0,Health,0.5,24192,1646376,3,164371,13,63,Poor,1
924,22,Male,82062,Employed,Married,4,Life,7.3,18899,1968554,3,341391,5,61,Good,1
925,46,Female,169933,Employed,Single,0,Health,0.9,23946,1283123,1,207835,11,81,Poor,1
926,21,Female,113302,Self-Employed,Married,3,Life,14.6,8152,694547,2,193719,4,42,Average,1
927,27,Female,88928,Employed,Single,0,Health,3.7,30960,1425610,1,204636,14,78,Poor,1
928,34,Male,66347,Employed,Married,4,Life,7.4,15247,1302918,0,344625,5,64,Good,1
929,27,Female,28121,Employed,Married,0,Auto,1.4,35806,1941721,1,295001,0,17,Average,1
930,34,Male,108793,Unemployed,Married,1,Health,8.1,30573,1241965,1,38503,13,61,Good,0
931,37,Male,53164,Employed,Single,5,Life,6.0,56485,567353,5,196289,9,30,Good,1
932,41,Female,50491,Employed,Single,0,Auto,1.1,47382,427461,3,157054,6,43,Good,1
933,22,Female,84222,Employed,Married,5,Auto,5.4,54225,1869053,0,258416,7,93,Average,1
934,51,Female,179237,Unemployed,Married,0,Property,6.2,31038,445123,5,363593,13,7,Poor,1
935,23,Male,28748,Employed,Single,4,Health,14.9,32770,1531781,0,460044,6,73,Average,1
936,70,Female,51553,Unemployed,Divorced,3,Life,3.5,11949,353154,1,315406,15,46,Average,1
937,19,Male,141547,Self-Employed,Divorced,3,Property,8.4,7205,1017174,5,417096,15,23,Average,1
938,30,Female,85380,Employed,Married,5,Health,14.8,22855,1134501,5,360218,8,36,Average,1
939,60,Female,69331,Self-Employed,Divorced,4,Auto,12.0,57633,1342242,0,269703,0,14,Good,1
940,60,Male,145617,Employed,Single,4,Health,14.9,24564,838880,0,36549,9,20,Good,1
941,65,Male,64560,Employed,Single,4,Life,14.5,18133,883227,4,118755,8,56,Average,1
942,28,Male,78865,Employed,Single,1,Auto,7.6,23114,1109268,0,380337,10,81,Good,1
943,68,Male,100910,Employed,Married,2,Property,10.6,37803,811865,5,297303,10,32,Average,1
944,64,Male,160747,Unemployed,Single,0,Health,2.1,34785,1321905,2,181442,12,25,Average,1
945,40,Male,102986,Employed,Divorced,4,Health,6.9,55172,310582,0,59289,14,94,Good,1
946,33,Female,35068,Unemployed,Single,4,Property,12.2,43302,739327,3,218147,2,49,Poor,1
947,48,Female,79460,Employed,Single,4,Health,7.8,28545,1981500,4,78740,1,57,Good,1
948,28,Male,125766,Employed,Married,3,Health,10.7,45777,734006,3,264396,5,27,Good,1
949,33,Female,71418,Unemployed,Single,4,Health,11.3,15952,1093663,3,233267,10,27,Good,1
950,25,Male,51206,Employed,Single,0,Auto,4.2,57269,1557187,2,140938,4,46,Poor,1
951,21,Female,153180,Self-Employed,Married,4,Auto,13.2,7535,1220581,4,377607,14,95,Poor,1
952,57,Female,25287,Employed,Single,0,Life,7.2,58866,1173616,1,259128,3,45,Good,1
953,21,Male,47337,Employed,Single,1,Health,3.5,29721,209009,5,169069,3,26,Good,1
954,42,Male,176738,Self-Employed,Single,2,Life,13.0,9963,1741566,5,127661,7,14,Good,1
955,20,Male,157233,Employed,Married,3,Auto,6.6,17707,1170213,0,257519,9,48,Good,1
956,49,Female,125667,Employed,Divorced,0,Health,11.4,17860,167745,5,125645,12,85,Good,1
957,20,Male,115071,Unemployed,Married,5,Life,8.4,19247,1026251,2,483552,2,92,Average,1
958,44,Female,123064,Self-Employed,Single,1,Health,6.0,22410,1116107,5,7553,12,15,Average,1
959,46,Male,194823,Unemployed,Single,2,Health,12.2,57817,251322,2,163903,0,94,Average,1
960,49,Female,131511,Self-Employed,Married,2,Property,9.0,22670,976899,1,67323,4,89,Good,1
961,67,Female,170830,Self-Employed,Divorced,2,Life,6.2,24230,211855,2,252851,7,51,Good,1
962,68,Male,28178,Employed,Single,0,Auto,2.1,46280,1378515,1,381888,2,54,Average,1
963,36,Female,56831,Employed,Single,1,Life,13.5,29158,678328,1,44810,1,11,Average,1
964,38,Female,158248,Unemployed,Married,4,Life,1.0,18887,1256094,1,368517,0,75,Good,1
965,22,Male,128306,Employed,Divorced,5,Life,13.0,40061,1573097,2,58719,12,28,Good,0
966,35,Female,189726,Employed,Single,1,Property,5.7,55764,820678,1,404942,3,55,Average,1
967,45,Male,182699,Employed,Single,1,Health,9.8,54628,1868173,2,462667,15,69,Good,1
968,59,Male,137025,Employed,Single,1,Auto,13.9,28810,1755974,4,440639,10,92,Average,1
969,39,Male,115417,Unemployed,Single,0,Property,2.7,49124,982827,1,242020,1,72,Good,1
970,38,Male,191494,Unemployed,Married,5,Auto,8.7,47786,1332010,2,393308,13,26,Good,1
971,23,Female,36984,Employed,Married,0,Property,11.6,30358,503312,2,207542,7,70,Average,1
972,18,Female,114312,Employed,Married,5,Health,11.5,50588,352138,2,292139,10,32,Good,1
973,22,Female,108291,Self-Employed,Single,5,Auto,8.1,20933,175764,0,229077,12,48,Good,0
974,58,Male,32135,Employed,Single,0,Life,9.6,35034,764578,0,194029,14,96,Good,1
975,29,Female,25320,Unemployed,Single,5,Property,11.5,6947,1501087,1,132749,9,12,Average,1
976,43,Female,177756,Employed,Single,1,Auto,12.7,24715,1495058,5,355922,11,70,Average,1
977,63,Male,113774,Employed,Married,0,Health,11.5,35956,1589173,4,284036,8,77,Good,1
978,51,Male,177961,Employed,Single,5,Auto,5.6,26644,315555,5,415330,12,61,Average,1
979,66,Female,123071,Unemployed,Single,2,Property,15.0,20310,1298983,1,429848,9,34,Good,1
980,31,Male,166842,Self-Employed,Single,0,Health,6.8,27450,1850797,3,27057,0,87,Good,1
981,43,Male,195393,Self-Employed,Married,3,Life,0.9,21303,916339,3,193637,14,81,Good,1
982,62,Male,134863,Employed,Married,0,Property,5.8,52782,877431,4,250696,1,45,Average,1
983,44,Male,66777,Self-Employed,Married,0,Property,2.4,29031,1187963,4,116089,5,60,Good,1
984,26,Female,71250,Self-Employed,Single,0,Health,2.3,34250,580783,4,372596,12,65,Good,1
985,43,Male,98034,Employed,Married,5,Property,4.6,26853,1223231,0,60753,9,71,Good,1
986,64,Male,129940,Employed,Single,0,Auto,1.3,22977,1730271,0,175103,11,13,Good,1
987,39,Male,65130,Employed,Single,3,Life,10.5,47707,558478,3,443265,6,78,Poor,1
988,64,Male,158609,Employed,Divorced,4,Auto,1.6,19465,1546347,4,322419,1,81,Good,1
989,47,Male,40216,Employed,Single,0,Health,3.4,15225,1456815,2,178953,7,94,Good,1
990,60,Male,109149,Employed,Married,2,Property,1.8,45472,625330,5,496107,12,48,Good,1
991,65,Male,28009,Employed,Single,3,Life,1.4,21640,203748,3,183937,9,49,Good,1
992,34,Male,114904,Employed,Married,4,Health,4.4,36535,350763,4,117819,15,98,Average,1
993,43,Female,185399,Employed,Married,5,Auto,8.8,44280,1939196,2,228140,8,91,Good,1
994,53,Male,170281,Unemployed,Divorced,0,Property,14.5,7991,965028,4,181756,7,58,Good,1
995,18,Female,40029,Employed,Married,4,Property,13.2,22801,765593,1,448903,8,89,Average,1
996,25,Male,127171,Employed,Married,2,Health,13.2,29144,365232,2,75705,14,99,Good,1
997,66,Male,139456,Employed,Single,3,Auto,3.1,12965,363790,5,56438,5,73,Average,1
998,52,Male,87559,Self-Employed,Married,3,Property,4.3,18730,1292775,1,362246,10,70,Average,1
999,69,Male,89892,Employed,Married,5,Auto,1.6,34553,1836551,0,57314,6,61,Good,1
1000,32,Female,95409,Self-Employed,Single,5,Life,11.8,58266,1869959,3,443719,5,26,Good,1
1001,64,Male,164707,Employed,Married,5,Property,1.5,13301,901885,4,292884,6,39,Good,1
1002,39,Male,58065,Self-Employed,Married,4,Life,8.6,23936,938665,3,439392,2,58,Average,1
1003,31,Female,145544,Employed,Married,0,Property,4.1,47017,1576307,5,403246,3,27,Average,1
1004,43,Female,132340,Self-Employed,Single,1,Health,4.0,59559,1075596,4,207360,8,40,Good,1
1005,45,Male,58783,Employed,Divorced,3,Property,14.9,19155,1406365,1,400267,2,31,Good,1
1006,40,Female,59152,Employed,Single,1,Property,11.5,26117,1099951,2,56010,1,3,Average,1
1007,31,Female,83741,Employed,Single,3,Auto,12.6,53848,558216,2,125871,11,88,Good,1
1008,41,Female,132049,Employed,Married,5,Auto,8.8,7042,1493807,4,108159,12,15,Good,1
1009,19,Male,54092,Unemployed,Single,0,Life,13.1,23565,1997001,1,272733,10,54,Good,1
1010,62,Male,173725,Self-Employed,Married,0,Life,9.9,52602,284834,4,273539,6,70,Average,1
1011,43,Male,196541,Employed,Single,3,Life,14.2,42260,312886,4,143905,5,11,Good,1
1012,31,Female,111483,Employed,Single,4,Property,4.6,41326,357493,4,328278,2,30,Good,1
1013,68,Male,146585,Unemployed,Single,5,Property,9.1,47581,186392,2,210975,5,35,Average,1
1014,24,Female,84754,Employed,Divorced,0,Life,10.5,8658,1881403,5,149500,14,43,Good,1
1015,20,Male,186050,Self-Employed,Married,0,Health,6.2,21319,746637,4,409858,6,61,Good,1
1016,64,Male,112592,Unemployed,Single,2,Health,13.3,24078,1826124,2,86491,5,40,Average,1
1017,40,Female,119543,Unemployed,Single,0,Property,14.7,41652,166019,0,433987,0,93,Good,1
1018,63,Male,68169,Employed,Single,2,Health,7.7,42548,1673315,1,121656,11,87,Average,1
1019,60,Female,79745,Employed,Married,0,Health,6.2,24668,1021573,0,403313,13,42,Good,1
1020,64,Female,135168,Employed,Single,0,Life,7.3,43720,1999282,4,256971,0,42,Good,1
1021,62,Male,138985,Self-Employed,Married,4,Health,12.9,45285,1293034,2,471959,8,3,Good,1
1022,35,Female,30543,Employed,Married,4,Health,9.9,27546,793799,1,350240,5,90,Average,1
1023,55,Male,46067,Employed,Married,5,Property,1.1,42874,1856221,3,285570,11,78,Average,1
1024,52,Male,76033,Employed,Married,0,Property,8.4,56318,380301,1,385411,1,83,Good,1
1025,68,Female,70256,Employed,Married,5,Property,0.8,42165,174726,1,255813,14,85,Good,1
1026,32,Male,178263,Self-Employed,Single,5,Health,11.8,33898,730004,4,110128,10,21,Good,1
1027,42,Female,111803,Employed,Married,5,Life,5.3,34907,1148203,0,197405,0,73,Poor,1
1028,54,Male,143843,Employed,Married,5,Auto,7.3,50411,1374862,0,305607,10,77,Poor,1
1029,45,Male,53992,Employed,Single,3,Property,12.1,34372,246001,3,333393,11,53,Good,1
1030,27,Male,73803,Unemployed,Divorced,3,Property,1.2,19822,1777500,4,40079,1,44,Good,1
1031,56,Male,134975,Employed,Single,0,Property,2.8,24776,1328395,1,151476,7,46,Good,1
1032,34,Male,169282,Self-Employed,Single,3,Life,6.3,37406,370057,5,124805,4,37,Poor,1
1033,56,Female,51270,Unemployed,Single,0,Auto,3.8,15462,568747,0,333591,6,38,Good,1
1034,39,Female,161269,Employed,Divorced,4,Auto,5.4,41479,1699591,0,135026,6,88,Good,1
1035,43,Female,32452,Employed,Married,1,Property,15.0,39354,233018,2,370267,1,38,Good,1
1036,61,Female,66486,Unemployed,Married,2,Health,12.5,47174,1733925,1,391391,15,11,Good,1
1037,42,Female,39859,Employed,Single,3,Property,13.3,44906,332791,4,463064,3,93,Good,1
1038,34,Female,183308,Employed,Married,3,Property,14.1,12662,1346578,0,96411,1,45,Good,0
1039,30,Male,187971,Employed,Single,4,Health,5.4,12404,1078976,4,238356,6,64,Good,1
1040,37,Male,57083,Employed,Married,3,Health,4.8,51101,213388,1,251399,4,44,Good,1
1041,42,Female,92708,Self-Employed,Single,0,Property,3.9,47605,167957,1,317475,0,81,Good,1
1042,21,Female,136462,Unemployed,Single,0,Life,12.5,14542,447983,0,449147,1,62,Good,1
1043,27,Male,172735,Self-Employed,Single,1,Life,10.4,20904,1516369,3,18440,5,90,Average,1
1044,20,Male,118076,Employed,Divorced,1,Health,3.9,32774,512683,4,58407,13,61,Average,1
1045,58,Male,44053,Employed,Married,1,Property,6.0,13556,337406,4,212436,3,90,Average,1
1046,62,Female,167157,Employed,Married,0,Life,7.8,58091,779864,2,293042,6,12,Good,1
1047,35,Female,186636,Employed,Married,5,Property,8.2,51123,307588,1,177792,14,82,Average,1
1048,64,Female,114745,Self-Employed,Divorced,5,Property,13.4,17806,888276,1,236478,1,9,Good,0
1049,53,Male,94517,Employed,Divorced,1,Property,6.0,57351,1183148,0,383476,12,67,Good,1
1050,64,Male,177225,Self-Employed,Married,1,Life,13.7,47586,1387033,0,45428,11,74,Good,1
1051,39,Female,161319,Employed,Single,0,Auto,6.9,19864,839783,0,277571,1,2,Good,1
1052,51,Female,166625,Employed,Single,4,Property,11.3,35016,839173,2,488393,11,8,Good,1
1053,64,Male,176883,Employed,Divorced,3,Life,14.0,38749,1644440,3,153241,5,43,Good,1
1054,25,Male,162207,Employed,Married,2,Auto,13.7,47996,1040479,0,361895,7,18,Good,1
1055,57,Male,161645,Employed,Single,5,Health,1.3,41320,643737,0,45419,12,52,Good,1
1056,66,Male,104267,Self-Employed,Married,5,Life,3.5,22305,1923699,5,444281,0,39,Average,1
1057,61,Female,163261,Self-Employed,Divorced,0,Auto,7.4,16938,734425,0,244488,4,31,Good,1
1058,36,Male,105077,Self-Employed,Single,0,Life,6.8,21318,1954467,2,198559,0,14,Average,0
1059,59,Male,199718,Unemployed,Married,2,Auto,9.8,57810,1870731,4,349634,14,64,Good,1
1060,58,Male,101623,Employed,Married,2,Auto,14.2,25379,1036108,3,341507,10,97,Good,1
1061,54,Female,156004,Employed,Married,1,Life,2.1,42820,1399777,4,336645,15,93,Poor,1
1062,23,Female,78687,Employed,Single,2,Health,7.1,10406,749586,5,98632,5,44,Good,1
1063,69,Male,93312,Self-Employed,Divorced,3,Property,3.3,25661,1883331,1,271129,6,60,Average,1
1064,43,Male,132615,Employed,Divorced,3,Auto,13.5,22858,995766,1,163713,5,97,Good,1
1065,51,Male,155976,Self-Employed,Married,5,Property,14.5,35816,946572,0,153969,15,99,Good,1
1066,62,Female,52564,Employed,Married,3,Health,7.4,17850,387506,5,176724,13,2,Good,1
1067,23,Female,53835,Unemployed,Single,3,Property,2.0,17601,783303,4,137045,12,99,Average,1
1068,54,Female,32697,Unemployed,Divorced,3,Property,11.9,44866,1694183,2,476546,8,32,Good,1
1069,50,Male,105165,Employed,Single,1,Life,10.6,31644,462895,3,466466,2,36,Good,1
1070,70,Female,173118,Employed,Married,5,Life,5.6,57919,332505,4,328817,7,55,Average,1
1071,39,Male,82823,Employed,Divorced,0,Health,13.4,32428,544266,5,447525,2,87,Good,1
1072,38,Male,34615,Employed,Married,5,Life,14.6,44487,1811633,5,102776,10,63,Poor,1
1073,23,Male,161132,Employed,Married,5,Auto,8.6,53624,319683,4,56718,14,69,Good,1
1074,23,Female,155499,Self-Employed,Married,5,Health,8.7,46362,1857591,3,101578,11,80,Average,1
1075,65,Male,101436,Employed,Single,2,Life,4.8,38380,1769760,4,68809,12,40,Good,1
1076,21,Female,145562,Employed,Married,0,Life,9.0,12286,1897632,4,284771,12,24,Good,1
1077,47,Female,96117,Self-Employed,Single,2,Health,6.9,15068,1439455,3,52621,6,58,Average,1
1078,28,Male,59782,Employed,Married,1,Auto,4.9,14805,1704157,2,359873,13,28,Good,1
1079,47,Male,103533,Employed,Single,1,Health,1.5,8017,1086989,5,186156,12,62,Good,1
1080,48,Female,97684,Employed,Married,4,Life,4.2,26172,1355843,3,15151,4,25,Poor,1
1081,41,Male,104558,Self-Employed,Married,4,Life,3.4,14926,239082,0,75691,11,7,Good,1
1082,26,Female,106422,Employed,Divorced,1,Health,8.4,49508,978737,0,419957,12,38,Average,1
1083,20,Male,181328,Unemployed,Single,1,Auto,9.2,28486,189359,0,350628,0,71,Average,1
1084,68,Female,186077,Employed,Married,2,Auto,9.3,35397,1623728,0,431346,14,86,Average,1
1085,48,Female,31638,Employed,Married,1,Property,6.1,34511,927159,1,70172,10,86,Poor,1
1086,57,Female,62419,Employed,Divorced,0,Auto,6.6,48340,728833,2,234722,11,91,Good,1
1087,54,Female,58377,Employed,Married,2,Health,12.6,54005,114787,1,454132,3,97,Average,1
1088,53,Male,131244,Employed,Married,1,Auto,7.4,15002,1090946,4,190291,13,45,Good,1
1089,41,Male,199188,Employed,Divorced,2,Auto,14.8,53586,479854,4,246996,12,32,Average,1
1090,48,Female,192706,Employed,Single,2,Property,6.9,8201,1260065,3,97185,10,32,Good,1
1091,23,Female,48382,Employed,Divorced,3,Auto,9.9,38520,244375,0,109242,14,1,Average,1
1092,19,Male,178466,Employed,Divorced,4,Property,1.2,32048,297874,3,495728,8,74,Poor,1
1093,37,Male,92789,Self-Employed,Divorced,2,Property,10.0,35130,198782,4,37236,15,45,Good,1
1094,45,Male,135634,Employed,Single,5,Auto,12.8,45324,415592,0,198954,14,64,Good,1
1095,28,Male,156936,Employed,Married,2,Life,14.2,6341,1218089,5,407200,7,68,Average,1
1096,21,Male,124572,Self-Employed,Divorced,5,Health,15.0,18981,892500,2,263186,2,93,Good,1
1097,32,Male,196294,Employed,Single,3,Health,4.6,13696,734328,4,406279,14,7,Good,1
1098,23,Female,169738,Self-Employed,Married,1,Auto,8.8,19525,218962,5,184990,1,38,Good,1
1099,66,Male,148664,Employed,Single,2,Health,7.0,57634,1310875,3,151562,10,70,Good,1
1100,47,Male,177027,Employed,Single,3,Health,8.7,31545,637028,5,434183,8,53,Good,1
1101,55,Female,135674,Unemployed,Married,0,Property,2.8,33625,1499053,3,449688,0,75,Good,1
1102,68,Male,128533,Employed,Married,3,Life,12.9,10565,951177,4,257648,8,73,Good,1
1103,19,Male,106845,Self-Employed,Single,4,Health,13.7,19947,763151,1,364179,11,30,Good,1
1104,32,Male,94590,Employed,Married,4,Life,7.0,35077,1542277,2,370213,6,22,Good,1
1105,28,Male,152775,Employed,Married,1,Health,4.6,45698,800408,5,334982,11,58,Good,1
1106,25,Male,91471,Unemployed,Married,5,Life,2.5,11517,523911,5,415092,1,73,Good,1
1107,43,Female,68298,Employed,Married,1,Life,10.4,19287,1411057,4,115148,10,55,Good,1
1108,68,Male,73924,Self-Employed,Married,5,Health,5.0,16829,584188,4,212902,4,46,Good,1
1109,62,Female,172781,Employed,Married,5,Property,13.7,7422,755284,3,322794,13,97,Poor,1
1110,61,Female,34726,Employed,Single,5,Life,10.2,34060,680340,0,133374,1,26,Good,1
1111,22,Male,65542,Employed,Married,5,Life,9.9,51728,855667,0,412233,14,64,Good,1
1112,23,Female,176317,Unemployed,Married,4,Health,8.6,46633,625759,0,42311,4,80,Good,1
1113,43,Male,59753,Employed,Married,4,Life,1.2,10985,1663207,3,393577,15,9,Average,1
1114,21,Female,104788,Employed,Single,2,Life,14.0,44715,675482,0,300405,6,87,Good,1
1115,36,Female,46316,Unemployed,Married,4,Property,9.6,18790,1061892,4,121834,4,15,Poor,1
1116,37,Male,109698,Self-Employed,Single,1,Life,14.9,52507,1110736,1,17171,1,19,Good,1
1117,50,Male,40960,Employed,Divorced,4,Property,8.3,30168,871567,1,303370,10,16,Good,1
1118,37,Male,55791,Employed,Single,1,Life,10.8,29019,565241,1,291471,13,25,Poor,1
1119,66,Male,50216,Employed,Divorced,0,Life,1.3,48739,1337693,0,332772,4,99,Good,1
1120,29,Male,188539,Employed,Married,4,Property,9.7,8668,219076,1,82473,11,51,Poor,1
1121,64,Female,89427,Employed,Married,1,Property,11.6,15744,1746256,5,64223,11,77,Poor,1
1122,18,Female,137470,Self-Employed,Single,5,Auto,11.8,33754,1635939,0,237401,9,46,Poor,1
1123,43,Female,98290,Employed,Single,3,Life,11.7,24522,1996096,5,210425,13,7,Average,1
1124,31,Female,72014,Self-Employed,Single,5,Property,3.8,9509,568117,4,75315,5,34,Good,1
1125,55,Female,160150,Self-Employed,Single,2,Life,14.6,7500,724197,5,463268,14,58,Good,1
1126,54,Female,75519,Employed,Married,1,Life,14.9,56945,367808,4,104755,4,78,Good,1
1127,28,Female,29042,Employed,Single,5,Life,1.6,58445,188859,3,325768,1,23,Poor,1
1128,53,Male,74052,Employed,Married,4,Health,14.1,14904,716279,3,357794,5,23,Good,1
1129,30,Male,39389,Employed,Single,4,Auto,4.7,31921,1268381,5,407746,5,17,Good,1
1130,60,Female,120961,Self-Employed,Divorced,0,Health,10.5,59551,498595,2,402526,11,13,Average,1
1131,20,Female,93111,Employed,Married,3,Auto,5.4,21683,1127393,4,34281,1,27,Good,1
1132,50,Male,130058,Employed,Single,1,Life,14.5,17416,655824,0,321414,12,66,Average,1
1133,23,Male,118715,Employed,Married,5,Life,2.0,19833,236063,2,351489,15,30,Poor,1
1134,67,Male,75733,Employed,Single,3,Property,7.7,23290,1614122,4,177176,12,4,Good,1
1135,27,Male,59754,Employed,Single,0,Auto,6.7,40253,1767618,0,21735,3,94,Average,1
1136,22,Female,174696,Employed,Married,2,Auto,5.2,19003,1769513,4,372043,15,67,Average,1
1137,40,Male,110886,Employed,Married,3,Health,9.9,45227,1512330,4,465501,6,14,Average,1
1138,27,Female,182753,Employed,Divorced,0,Auto,2.4,11120,717801,0,93173,15,11,Good,1
1139,61,Female,114524,Unemployed,Married,1,Life,10.9,46253,390503,4,138077,15,40,Good,1
1140,19,Female,106006,Self-Employed,Divorced,2,Property,14.7,19251,217060,4,319708,0,87,Good,1
1141,30,Male,49704,Employed,Divorced,4,Health,12.2,56025,1591094,4,313640,0,96,Average,1
1142,57,Male,119913,Employed,Divorced,0,Property,13.0,27486,1690907,3,292042,13,3,Good,1
1143,19,Female,119108,Employed,Married,4,Auto,5.7,33334,188059,1,482290,10,1,Good,1
1144,37,Female,32493,Employed,Single,2,Auto,5.2,11172,1157646,4,378803,11,9,Good,1
1145,18,Female,94639,Employed,Single,0,Health,8.0,27706,1352383,0,102742,10,73,Good,1
1146,54,Male,79383,Employed,Married,0,Auto,1.2,23472,839599,5,111184,5,76,Good,1
1147,26,Female,159066,Employed,Married,2,Property,14.2,26695,1102307,4,414924,6,1,Good,1
1148,34,Male,72234,Employed,Single,1,Life,2.6,44255,507349,3,307168,11,16,Average,1
1149,26,Female,153674,Employed,Married,0,Health,13.6,47732,681243,3,239552,4,94,Average,1
1150,28,Female,30594,Employed,Single,2,Auto,1.7,16055,1963579,5,484219,14,72,Good,1
1151,32,Female,32371,Self-Employed,Married,3,Property,12.4,37716,1920139,4,245735,11,46,Average,1
1152,41,Male,72315,Employed,Single,4,Life,2.7,11880,701403,2,145484,9,10,Good,1
1153,55,Male,152251,Employed,Married,0,Auto,1.1,58873,1329389,5,448037,7,33,Average,1
1154,52,Female,104526,Employed,Married,3,Health,10.9,33949,1509611,1,291522,10,41,Good,1
1155,47,Male,172698,Unemployed,Single,0,Auto,4.6,24810,315611,0,374735,3,51,Poor,1
1156,48,Female,111005,Unemployed,Married,1,Auto,10.9,5528,754932,0,119849,15,22,Good,1
1157,66,Male,130573,Self-Employed,Married,2,Auto,8.5,48093,1694735,0,93638,2,16,Good,1
1158,22,Male,163202,Employed,Single,0,Life,2.1,23308,1023727,0,340724,6,83,Average,1
1159,61,Male,162900,Employed,Single,2,Life,14.0,27844,1949205,3,255170,13,75,Good,1
1160,67,Female,82514,Self-Employed,Single,5,Auto,7.1,27360,174923,1,162381,3,62,Average,1
1161,31,Male,173955,Employed,Married,0,Auto,11.1,27405,726945,4,476991,0,53,Good,1
1162,70,Male,199131,Employed,Married,1,Health,7.8,22246,716726,4,133507,10,75,Good,1
1163,28,Female,199004,Unemployed,Single,1,Auto,9.3,32792,1342844,2,109470,7,14,Average,1
1164,26,Female,100986,Employed,Married,3,Property,4.9,48322,463053,4,481916,4,59,Good,1
1165,51,Female,110959,Employed,Single,1,Property,3.4,25704,462986,1,260236,12,26,Good,1
1166,29,Female,27035,Employed,Married,2,Health,8.4,57646,441576,4,232474,7,44,Average,1
1167,52,Male,134767,Employed,Single,5,Life,6.9,53181,1976533,3,134458,7,20,Poor,1
1168,52,Male,196817,Employed,Married,1,Auto,6.2,35589,1951206,5,202048,11,84,Average,1
1169,18,Male,42241,Self-Employed,Married,0,Health,10.3,27436,789884,4,45503,4,5,Average,1
1170,57,Male,77975,Self-Employed,Married,1,Life,10.5,51895,1767051,0,108312,7,65,Poor,0
1171,39,Male,179226,Employed,Married,5,Health,1.2,29643,1771036,0,465188,6,11,Average,1
1172,46,Female,181697,Unemployed,Married,2,Life,5.4,23026,1641456,5,116465,12,47,Poor,1
1173,25,Male,81396,Employed,Single,0,Auto,6.5,20693,1634472,0,72939,2,10,Good,1
1174,28,Male,143920,Employed,Married,3,Health,1.9,14212,577509,0,481994,14,61,Average,1
1175,58,Male,169403,Self-Employed,Married,3,Auto,3.9,42964,723787,3,174536,3,92,Good,1
1176,54,Female,111226,Self-Employed,Married,3,Health,1.2,18850,511731,3,330619,10,45,Average,1
1177,31,Female,109719,Employed,Married,0,Life,14.9,44767,1517033,3,82758,11,47,Average,1
1178,47,Male,88014,Unemployed,Married,3,Health,11.2,12322,1405416,4,158349,12,34,Good,1
1179,52,Female,64346,Self-Employed,Married,1,Property,1.8,40911,908459,5,382557,6,13,Average,1
1180,38,Female,95411,Unemployed,Single,0,Property,0.8,51580,1948800,0,348823,3,89,Average,1
1181,54,Female,168326,Employed,Married,0,Health,10.9,55622,355519,2,54012,5,23,Poor,1
1182,22,Female,184693,Self-Employed,Married,0,Property,6.9,35387,443457,5,134210,11,36,Good,1
1183,36,Female,101441,Unemployed,Divorced,4,Auto,11.9,10678,709618,2,442543,1,63,Average,1
1184,31,Female,71121,Self-Employed,Married,2,Property,13.9,6382,1967552,0,479741,11,76,Good,1
1185,43,Female,85197,Employed,Married,4,Property,9.2,26780,315359,1,257638,1,47,Average,1
1186,21,Male,109577,Employed,Single,4,Auto,3.2,32506,589775,5,199770,2,66,Good,1
1187,42,Male,119634,Employed,Married,4,Auto,11.8,47296,709551,4,2752,9,84,Good,1
1188,62,Female,198503,Employed,Married,2,Life,14.4,36848,779025,2,25765,6,80,Good,1
1189,59,Male,125211,Unemployed,Divorced,4,Auto,8.9,44882,393270,5,111193,2,14,Good,1
1190,42,Male,160909,Employed,Single,3,Health,10.4,47202,774841,5,837,11,53,Average,1
1191,35,Female,168687,Employed,Single,0,Property,5.4,6705,846732,3,94010,2,66,Good,1
1192,57,Male,26466,Unemployed,Single,0,Life,6.0,10997,461781,1,127977,12,49,Average,1
1193,25,Female,55771,Employed,Married,1,Auto,11.2,27447,885067,3,470795,13,16,Poor,1
1194,56,Female,108886,Employed,Divorced,5,Property,14.0,45730,227208,1,243762,3,68,Average,1
1195,57,Female,90911,Employed,Single,3,Health,9.6,49159,1172125,1,56997,14,43,Good,1
1196,31,Male,176818,Employed,Married,2,Health,12.0,19535,1128644,4,166573,9,77,Good,1
1197,49,Male,113422,Employed,Married,5,Life,3.0,29480,1348520,5,437986,5,65,Good,1
1198,68,Male,98369,Unemployed,Married,0,Health,3.6,36051,1856172,3,243977,0,9,Good,1
1199,55,Male,26893,Employed,Single,4,Property,8.2,56746,1343631,3,351752,5,21,Poor,1
1200,50,Female,55573,Employed,Married,1,Auto,3.1,17129,1184731,2,103510,7,82,Good,1
1201,40,Female,121907,Employed,Single,1,Health,9.7,55467,1186057,5,199261,11,96,Poor,1
1202,32,Male,196946,Employed,Married,0,Auto,4.7,35785,1664285,0,481276,14,98,Good,1
1203,50,Female,124956,Employed,Single,3,Property,12.0,34402,1114607,0,121907,14,84,Good,1
1204,42,Female,143580,Employed,Married,5,Property,12.2,46527,1383053,2,60594,7,43,Good,1
1205,34,Male,189439,Employed,Married,1,Auto,7.2,7704,1216543,1,85269,5,66,Average,1
1206,50,Female,177271,Self-Employed,Single,0,Property,3.1,32027,985752,2,363758,5,4,Good,1
1207,64,Male,116404,Employed,Single,3,Life,9.9,10725,444705,2,37448,12,7,Good,1
1208,19,Female,82724,Employed,Married,0,Health,14.9,58843,906878,3,215378,2,86,Average,1
1209,31,Male,111133,Self-Employed,Married,0,Life,9.5,30223,1943515,2,169031,13,84,Poor,1
1210,70,Female,192477,Employed,Married,3,Life,1.0,31769,225183,1,442741,1,58,Good,1
1211,57,Female,40989,Employed,Single,3,Life,0.8,32384,1181784,0,365123,6,99,Good,1
1212,57,Male,53931,Employed,Single,3,Auto,5.1,37145,117522,4,78340,7,4,Good,0
1213,68,Male,34290,Employed,Married,0,Auto,3.3,37892,933834,5,343890,9,20,Average,1
1214,56,Male,194439,Employed,Single,1,Property,12.3,47497,518706,2,427245,12,35,Average,1
1215,68,Male,146136,Employed,Divorced,2,Auto,12.7,35027,793371,5,204241,13,97,Poor,1
1216,23,Female,104878,Employed,Single,2,Property,4.2,17767,540970,2,139384,5,59,Good,1
1217,23,Female,115477,Employed,Married,0,Auto,5.2,26481,851309,5,431516,4,85,Good,1
1218,20,Male,151299,Employed,Single,0,Property,3.9,42575,669390,3,317138,3,45,Good,1
1219,24,Female,186205,Employed,Single,1,Health,13.7,23354,114040,3,85765,0,14,Average,1
1220,68,Male,130686,Self-Employed,Married,3,Property,7.8,53777,1024550,5,265028,8,95,Good,1
1221,25,Male,183124,Unemployed,Married,0,Health,10.0,24146,532590,2,371257,10,22,Poor,1
1222,59,Female,132286,Unemployed,Single,4,Property,6.5,26901,1971197,2,20522,9,48,Good,1
1223,69,Female,65475,Employed,Single,3,Auto,9.6,54966,1784602,1,5623,3,30,Good,1
1224,32,Male,107666,Employed,Single,0,Auto,6.1,8101,446142,0,273604,1,29,Good,1
1225,64,Male,121622,Employed,Married,4,Health,5.4,33727,1384055,0,10234,3,36,Good,1
1226,46,Male,160705,Employed,Married,5,Life,9.7,39422,186070,4,477255,12,42,Average,1
1227,50,Female,173376,Employed,Single,1,Life,9.1,21515,790328,0,194650,10,29,Good,0
1228,69,Female,132573,Self-Employed,Married,4,Property,4.8,29806,1300583,4,220708,4,7,Good,1
1229,47,Female,71546,Employed,Married,0,Auto,2.7,38162,942013,3,475626,1,32,Good,1
1230,56,Female,32008,Employed,Divorced,2,Life,5.8,45087,468675,4,309049,6,13,Average,1
1231,44,Male,73291,Unemployed,Divorced,0,Auto,6.5,8573,1944017,4,160492,2,13,Average,1
1232,53,Male,183477,Employed,Single,2,Auto,9.6,46941,298554,0,166885,13,54,Good,1
1233,46,Male,61386,Employed,Single,1,Auto,13.8,44874,1783711,2,393598,15,14,Average,1
1234,55,Male,115909,Employed,Single,1,Property,1.0,30508,151377,3,115492,14,6,Good,1
1235,50,Male,176899,Employed,Married,3,Health,4.0,59777,1741725,1,38353,7,16,Average,1
1236,54,Male,58040,Employed,Divorced,3,Property,3.3,30985,1812635,4,402585,3,41,Average,1
1237,44,Female,85354,Employed,Married,2,Life,7.8,48915,1545537,4,34985,11,52,Good,1
1238,50,Female,103543,Employed,Single,2,Health,6.7,58780,734900,5,304399,10,85,Average,1
1239,21,Male,43157,Self-Employed,Married,1,Life,11.1,10060,1455557,4,451477,4,16,Good,1
1240,39,Male,60315,Self-Employed,Single,4,Health,4.0,54094,1048298,2,351341,2,5,Good,1
1241,19,Female,60932,Unemployed,Single,2,Health,9.1,50610,583296,1,61590,12,24,Good,1
1242,27,Female,177236,Self-Employed,Married,2,Property,13.3,15933,776558,5,438702,10,43,Good,1
1243,22,Female,170486,Employed,Single,4,Auto,13.7,11632,1861739,0,121282,4,65,Average,1
1244,27,Female,170399,Employed,Single,3,Auto,14.4,44523,1030993,3,310027,8,10,Good,1
1245,50,Male,138880,Employed,Married,3,Health,11.7,48898,150557,2,186390,10,59,Average,1
1246,55,Male,157018,Employed,Single,2,Property,13.6,27973,604868,1,51566,15,35,Good,1
1247,30,Male,39693,Self-Employed,Single,3,Life,3.9,10589,384618,3,650,15,31,Good,1
1248,48,Male,52241,Self-Employed,Single,3,Life,3.4,16612,1729303,0,172009,12,79,Good,1
1249,64,Male,140194,Employed,Divorced,5,Auto,0.6,52611,839316,3,21299,13,11,Good,1
1250,53,Female,120790,Employed,Married,3,Auto,10.7,23888,1334834,5,26862,1,9,Poor,1
1251,62,Male,171612,Employed,Single,1,Life,14.1,24417,1741077,4,489905,6,66,Good,1
1252,41,Female,97255,Unemployed,Married,0,Life,3.2,17015,1466016,4,278456,14,44,Good,1
1253,69,Male,197275,Employed,Single,2,Property,9.7,50440,789872,2,273087,14,94,Poor,1
1254,32,Male,181153,Self-Employed,Married,2,Life,11.3,40744,602070,3,330878,9,16,Good,1
1255,46,Male,36350,Self-Employed,Married,1,Property,14.0,22855,1518447,4,410541,7,48,Good,1
1256,25,Male,81809,Unemployed,Divorced,0,Auto,9.9,16891,101177,2,467484,2,53,Good,1
1257,22,Male,126894,Self-Employed,Married,0,Life,14.6,32762,1673625,2,125560,10,65,Poor,1
1258,46,Female,122557,Self-Employed,Divorced,1,Auto,5.5,11595,1382730,5,464557,3,48,Average,1
1259,64,Female,198904,Employed,Divorced,4,Health,5.6,55294,1417178,2,52879,12,70,Average,1
1260,21,Female,184441,Employed,Divorced,4,Health,8.4,51172,552914,0,477665,10,46,Average,1
1261,29,Male,56728,Employed,Married,0,Health,6.1,33557,416919,4,197810,9,75,Average,1
1262,62,Male,42576,Employed,Single,4,Life,0.5,56720,809226,4,119652,1,33,Average,1
1263,19,Female,185073,Unemployed,Single,4,Auto,11.1,55760,1299758,1,195082,14,52,Good,1
1264,44,Male,108384,Employed,Single,4,Life,11.4,50593,1242365,0,475786,9,81,Good,1
1265,48,Male,25390,Unemployed,Single,0,Auto,11.3,26936,1625645,4,396222,15,55,Good,1
1266,68,Female,70436,Employed,Married,4,Property,5.5,23281,488192,5,324020,12,51,Average,1
1267,68,Male,36569,Employed,Married,2,Life,8.1,7192,742537,4,456444,8,98,Average,1
1268,53,Female,169101,Unemployed,Divorced,5,Health,5.7,50032,1963441,1,445272,2,40,Good,1
1269,53,Male,47490,Employed,Single,0,Property,0.7,38859,1221291,3,270649,14,25,Good,1
1270,43,Female,70875,Employed,Single,1,Auto,8.7,54851,1949857,3,282642,8,63,Good,1
1271,60,Male,30867,Employed,Married,4,Life,2.3,58244,1406545,0,107679,12,22,Average,1
1272,44,Male,105820,Self-Employed,Single,3,Auto,1.7,47861,956412,2,147577,6,90,Good,1
1273,22,Female,124515,Employed,Single,0,Auto,11.5,39946,1479220,1,260167,5,91,Average,1
1274,37,Male,34121,Employed,Divorced,1,Life,0.6,54884,1583782,1,193590,10,38,Good,1
1275,28,Male,26539,Employed,Married,5,Life,14.4,51360,946323,4,399819,11,9,Average,1
1276,27,Female,173099,Self-Employed,Married,2,Auto,8.0,37309,422010,5,286888,10,37,Average,1
1277,57,Male,152402,Self-Employed,Married,1,Auto,14.8,46472,1620139,4,462434,2,5,Average,1
1278,55,Female,99229,Employed,Married,4,Property,1.3,40455,795352,5,406676,10,82,Good,1
1279,23,Male,164993,Employed,Married,3,Health,9.0,33672,1534189,1,315417,6,22,Average,1
1280,25,Male,75435,Self-Employed,Married,4,Auto,5.6,8756,1869033,2,341239,14,12,Good,1
1281,40,Male,166382,Employed,Single,1,Health,12.7,43829,700296,3,28544,10,60,Poor,1
1282,64,Male,88965,Employed,Married,0,Property,5.7,46391,1360310,0,6864,13,44,Good,1
1283,43,Female,136048,Employed,Single,3,Health,4.3,27918,365245,5,351458,2,22,Good,1
1284,63,Male,121444,Unemployed,Single,3,Health,12.9,59537,913422,3,341914,12,6,Average,1
1285,60,Female,94922,Employed,Divorced,1,Property,5.9,9494,595417,0,28593,10,100,Good,1
1286,29,Male,122799,Employed,Married,5,Auto,0.7,39047,1217790,2,437873,5,27,Average,1
1287,43,Male,118948,Self-Employed,Married,5,Health,6.2,11538,1445331,1,263873,7,55,Good,1
1288,30,Male,168314,Employed,Married,4,Auto,10.0,7221,1078999,2,44515,4,15,Good,1
1289,57,Male,33947,Employed,Divorced,1,Auto,4.2,10164,196265,5,481088,10,64,Poor,1
1290,35,Female,73785,Employed,Divorced,3,Life,6.8,38622,356146,1,447497,10,17,Poor,1
1291,42,Female,144963,Self-Employed,Married,1,Auto,1.3,40980,1112075,4,297080,12,3,Good,1
1292,50,Female,25507,Unemployed,Single,3,Auto,9.0,56738,1164534,0,12413,2,10,Good,1
1293,64,Female,183223,Employed,Single,4,Health,11.5,58992,827979,4,309796,5,63,Good,1
1294,57,Male,36618,Employed,Married,0,Auto,6.5,24152,1344904,1,29764,14,63,Good,1
1295,60,Female,99286,Employed,Single,0,Auto,6.6,19385,842652,0,63784,7,89,Good,1
1296,29,Female,41122,Unemployed,Married,1,Life,1.8,28612,691290,0,176813,9,62,Good,1
1297,61,Male,163426,Self-Employed,Married,3,Life,3.4,17530,1198463,4,204276,2,85,Average,1
1298,53,Male,134598,Employed,Divorced,0,Health,2.7,8340,1411059,0,340940,11,9,Good,1
1299,65,Male,187051,Employed,Married,3,Health,7.5,59411,210083,1,76844,12,24,Average,1
1300,21,Male,111436,Self-Employed,Married,4,Life,8.2,28124,936960,5,127610,13,32,Average,1
1301,22,Female,161109,Employed,Single,1,Life,14.3,47579,182624,5,190845,10,3,Average,1
1302,54,Female,53633,Employed,Single,3,Property,1.6,38043,1517213,1,124887,10,33,Good,0
1303,25,Male,49495,Employed,Single,1,Auto,9.2,17295,1726434,4,74432,4,43,Average,1
1304,59,Male,89550,Employed,Married,3,Health,8.1,25247,121643,2,367088,8,12,Average,1
1305,66,Male,61483,Employed,Single,5,Health,8.0,5714,1208828,1,150355,13,93,Average,1
1306,45,Female,138181,Self-Employed,Married,5,Auto,13.2,43822,453724,5,216199,13,85,Good,1
1307,48,Female,59069,Employed,Married,3,Auto,3.5,5809,241406,1,25282,9,98,Good,1
1308,26,Male,163442,Employed,Single,4,Health,1.1,57878,198856,0,457776,14,97,Average,1
1309,68,Male,144873,Employed,Single,1,Life,10.2,35144,988227,0,472671,14,32,Good,0
1310,46,Female,141843,Employed,Married,2,Life,5.5,50983,1211553,1,335354,9,20,Poor,1
1311,31,Male,96947,Employed,Married,3,Auto,0.8,25362,1935797,4,489451,2,67,Good,1
1312,57,Male,195205,Employed,Married,3,Health,4.1,46821,920373,2,227448,12,68,Good,1
1313,58,Female,120761,Self-Employed,Married,5,Auto,5.0,5036,1673416,0,315128,11,17,Good,1
1314,39,Male,138753,Employed,Married,0,Life,9.4,37402,1430526,5,411608,10,81,Good,1
1315,28,Female,156764,Employed,Married,5,Property,3.0,29498,661267,0,359640,1,19,Good,0
1316,40,Male,53926,Employed,Married,1,Property,6.5,33387,1812759,5,266865,10,4,Average,1
1317,18,Male,124782,Employed,Divorced,5,Life,7.5,15273,1704844,2,291341,12,93,Average,1
1318,63,Female,129700,Unemployed,Single,2,Auto,7.2,30030,608173,0,157245,13,17,Good,1
1319,54,Female,98984,Employed,Married,4,Property,14.6,57460,625148,4,263210,7,64,Average,1
1320,38,Male,199462,Unemployed,Single,2,Life,1.2,50267,100290,5,370586,13,22,Good,1
1321,43,Female,74593,Employed,Single,4,Health,14.3,16403,928849,0,486127,13,66,Good,1
1322,63,Male,100609,Self-Employed,Single,2,Auto,8.9,20037,704168,0,254047,13,42,Average,1
1323,53,Male,30209,Employed,Married,5,Auto,12.0,24039,499086,1,59418,6,76,Good,1
1324,40,Female,151700,Self-Employed,Single,2,Property,6.7,19017,133397,4,258883,11,45,Good,1
1325,18,Male,162605,Employed,Single,5,Auto,7.1,22365,205311,4,67454,8,11,Average,1
1326,68,Male,111597,Employed,Divorced,5,Property,13.3,52464,902618,1,468209,14,53,Average,1
1327,57,Female,32211,Self-Employed,Married,1,Property,13.5,44215,1383895,5,338406,3,60,Good,1
1328,32,Female,34927,Self-Employed,Married,5,Life,4.0,17583,739450,3,145354,15,29,Good,1
1329,38,Male,142333,Employed,Married,0,Property,3.4,37919,1824952,2,155887,2,20,Good,0
1330,64,Female,180666,Employed,Divorced,2,Health,7.7,52025,178508,4,247087,9,5,Good,1
1331,26,Female,101382,Employed,Married,3,Auto,13.6,49254,167296,3,415810,15,25,Average,1
1332,70,Female,164005,Self-Employed,Single,3,Property,5.2,51275,1815210,5,204056,4,34,Good,1
1333,26,Female,128780,Employed,Divorced,3,Auto,10.0,14514,1120516,2,187583,10,12,Good,1
1334,27,Male,65696,Employed,Married,0,Property,10.8,43416,1696168,4,328822,15,28,Good,1
1335,69,Male,92616,Self-Employed,Married,5,Life,11.8,6511,1357350,0,117911,0,98,Good,1
1336,70,Male,162161,Unemployed,Married,2,Health,8.7,23642,824294,4,85768,4,6,Average,1
1337,43,Female,182195,Employed,Married,4,Auto,6.3,21615,1851634,2,329095,12,19,Good,1
1338,58,Female,163869,Self-Employed,Divorced,4,Life,14.5,36589,1355699,3,6374,12,12,Good,1
1339,52,Female,75013,Self-Employed,Single,1,Auto,9.4,56894,1425425,0,26974,2,25,Poor,1
1340,69,Female,164418,Employed,Divorced,0,Life,11.1,29225,1840265,2,230136,0,13,Good,1
1341,42,Female,189744,Employed,Divorced,2,Health,5.5,25846,1863672,5,200250,2,81,Good,1
1342,43,Female,173725,Self-Employed,Married,5,Property,10.2,34152,939428,2,214544,4,76,Average,1
1343,28,Female,74556,Employed,Married,3,Life,4.2,45517,897039,4,31914,4,3,Good,1
1344,55,Male,148723,Unemployed,Single,0,Auto,4.1,5571,1856892,5,50014,14,24,Poor,1
1345,19,Male,51140,Employed,Single,0,Auto,10.9,55354,392150,1,454595,9,8,Average,1
1346,24,Female,26184,Employed,Single,2,Life,8.1,31188,440698,1,9347,11,100,Poor,1
1347,35,Female,190565,Unemployed,Married,5,Health,10.4,50000,1879288,0,352612,7,90,Good,1
1348,44,Female,180918,Employed,Married,1,Health,4.4,47530,1002628,2,190087,10,45,Good,1
1349,51,Male,136361,Employed,Single,5,Property,9.2,18217,1037998,3,351273,0,72,Average,1
1350,44,Male,178267,Self-Employed,Single,1,Property,6.9,46999,1825173,0,197936,6,96,Poor,1
1351,34,Female,30606,Self-Employed,Divorced,1,Auto,9.2,11609,303439,5,443397,4,96,Poor,1
1352,60,Female,160028,Employed,Single,3,Auto,4.7,52397,1975971,0,149832,2,1,Average,1
1353,61,Male,41555,Employed,Divorced,3,Property,10.9,50041,627735,4,216233,3,3,Average,1
1354,68,Male,115385,Self-Employed,Single,2,Property,12.2,54322,826480,5,92103,2,65,Good,1
1355,41,Male,174762,Unemployed,Married,5,Property,4.3,10151,651444,3,77599,15,15,Good,1
1356,42,Male,83502,Employed,Single,1,Life,4.9,11406,791919,2,228238,7,50,Good,1
1357,24,Female,182419,Unemployed,Married,2,Property,10.1,52062,1825401,5,485713,3,20,Good,1
1358,69,Male,128844,Unemployed,Married,1,Life,10.6,19893,1714984,2,392918,2,3,Good,1
1359,23,Male,116321,Employed,Single,0,Life,10.7,37956,444897,2,396356,1,61,Good,1
1360,70,Female,74056,Self-Employed,Married,4,Property,10.4,50841,1654794,0,213873,2,15,Good,1
1361,41,Male,123234,Employed,Married,4,Health,6.2,58830,1683054,4,74266,6,59,Poor,1
1362,50,Male,66850,Employed,Married,1,Health,6.2,12145,163394,0,455392,5,54,Good,1
1363,66,Male,52843,Self-Employed,Married,2,Auto,4.2,43695,1940343,1,124737,9,60,Good,1
1364,46,Female,87320,Unemployed,Single,3,Property,2.8,38367,1858575,1,259578,11,37,Average,1
1365,60,Male,54793,Self-Employed,Married,5,Auto,10.5,18133,1613588,2,276201,12,21,Average,1
1366,39,Female,195588,Employed,Divorced,1,Property,1.9,17209,781138,4,462309,4,23,Good,1
1367,43,Female,173929,Employed,Divorced,1,Auto,14.1,49292,1360789,5,291258,7,99,Good,1
1368,45,Male,44627,Employed,Divorced,5,Life,12.5,52085,511775,2,471963,10,18,Good,1
1369,67,Male,86822,Employed,Single,3,Property,12.9,59453,382701,5,187287,0,17,Good,1
1370,38,Male,80798,Employed,Married,1,Health,13.6,57728,1926084,2,243762,2,31,Good,1
1371,66,Male,100318,Employed,Married,0,Property,6.4,31965,536997,0,18580,1,64,Average,1
1372,24,Female,129186,Employed,Single,3,Auto,12.8,14145,866033,2,214942,1,48,Average,1
1373,34,Male,112902,Self-Employed,Married,0,Auto,2.8,52125,321525,2,9802,11,26,Average,1
1374,37,Male,184629,Employed,Married,4,Auto,0.8,59345,1633265,4,350001,10,22,Good,1
1375,58,Male,96334,Employed,Single,5,Auto,11.9,47585,983506,4,101467,11,45,Good,1
1376,66,Female,131719,Employed,Single,3,Auto,1.6,39638,1089761,5,364911,0,36,Good,1
1377,37,Male,148099,Employed,Married,3,Auto,14.8,25645,644863,4,462759,4,64,Good,1
1378,39,Male,198686,Employed,Single,2,Health,10.3,23408,959280,2,135747,4,35,Average,1
1379,45,Female,37720,Employed,Single,2,Auto,11.4,17521,353947,4,145130,2,75,Poor,1
1380,57,Female,82608,Unemployed,Married,5,Health,4.1,26878,999648,4,180073,11,91,Good,1
1381,66,Male,132449,Employed,Single,3,Property,10.3,43221,104616,3,168591,11,98,Poor,1
1382,24,Male,127828,Self-Employed,Divorced,4,Life,1.1,39595,1344556,3,202827,8,82,Poor,1
1383,18,Male,151613,Unemployed,Married,1,Health,12.6,26086,789123,1,146517,11,27,Good,1
1384,49,Male,97095,Self-Employed,Married,5,Property,3.0,21923,1443844,0,467170,5,68,Good,0
1385,30,Male,130924,Employed,Divorced,5,Life,10.6,21225,583513,0,351594,13,17,Good,1
1386,47,Female,121452,Unemployed,Married,2,Health,3.8,12202,1609021,4,226238,9,70,Good,1
1387,40,Female,112593,Employed,Single,4,Health,1.5,35139,757950,1,106039,13,11,Good,1
1388,68,Male,191964,Employed,Married,5,Property,7.5,36974,786230,1,238159,15,5,Good,1
1389,36,Male,131975,Unemployed,Married,4,Auto,3.0,31941,633822,5,290839,5,58,Poor,1
1390,49,Female,102242,Employed,Single,5,Health,11.1,42206,370065,3,358114,9,82,Good,1
1391,47,Male,141041,Employed,Married,2,Health,3.9,24885,1543483,1,182299,5,57,Good,1
1392,46,Male,151202,Employed,Married,1,Property,5.5,49907,1452762,2,211064,13,89,Average,1
1393,66,Male,102606,Employed,Married,2,Auto,8.7,16218,1724073,5,292329,1,74,Poor,1
1394,62,Male,148769,Employed,Divorced,5,Life,4.6,50692,1872376,4,351836,10,80,Good,1
1395,46,Male,143542,Employed,Married,4,Auto,6.0,57689,340763,2,308052,14,74,Good,1
1396,47,Female,131438,Unemployed,Married,0,Auto,12.3,33750,1464323,0,174703,9,74,Average,1
1397,33,Male,25924,Unemployed,Divorced,2,Property,3.1,36612,144377,3,441209,9,100,Average,1
1398,57,Male,76322,Unemployed,Single,4,Auto,1.7,11716,1188281,2,378854,7,85,Poor,1
1399,36,Male,182550,Employed,Single,2,Property,5.3,21088,1245068,4,2078,5,14,Good,1
1400,35,Female,96042,Self-Employed,Married,5,Life,6.7,36001,1298412,2,358030,12,72,Average,1
1401,18,Female,71418,Unemployed,Married,4,Health,8.4,44586,1615536,2,241518,14,1,Good,1
1402,31,Female,125699,Unemployed,Single,1,Health,5.9,27584,1426503,1,470825,13,16,Poor,1
1403,68,Female,115140,Employed,Single,4,Property,12.0,9286,1419235,3,154850,2,26,Good,1
1404,64,Male,36781,Employed,Single,3,Property,1.1,9739,1806006,0,154469,9,49,Good,0
1405,67,Female,161587,Employed,Married,0,Auto,6.8,35158,1914986,4,462073,8,42,Good,1
1406,19,Male,142358,Employed,Married,5,Auto,6.0,39857,1817707,5,143409,1,70,Good,1
1407,45,Male,61133,Employed,Divorced,4,Health,9.9,10605,1507496,5,244437,6,66,Good,1
1408,66,Female,122628,Self-Employed,Married,5,Health,14.5,44590,1212782,4,268155,2,53,Good,1
1409,67,Female,101946,Employed,Married,2,Health,7.9,8321,1390796,0,379268,14,9,Good,1
1410,47,Female,110058,Employed,Married,2,Property,14.8,49541,445508,4,170927,11,69,Good,0
1411,55,Female,165167,Employed,Single,4,Life,4.9,56701,210532,1,337676,14,40,Average,1
1412,68,Female,176542,Employed,Single,3,Life,0.9,38984,321586,5,231106,5,56,Good,1
1413,21,Male,68129,Employed,Married,4,Property,2.9,42653,1266666,5,46845,4,5,Average,1
1414,18,Female,33531,Self-Employed,Single,1,Auto,6.2,17170,1693800,2,151118,12,56,Average,1
1415,25,Female,62038,Employed,Married,3,Life,5.1,13933,1559697,1,349174,5,72,Good,1
1416,46,Female,112939,Self-Employed,Married,5,Auto,1.9,27692,496314,5,6618,7,5,Good,1
1417,56,Male,67674,Employed,Married,4,Health,6.8,36474,1175596,1,334579,13,69,Average,1
1418,20,Female,152572,Employed,Divorced,5,Health,5.4,14906,550488,1,424538,2,52,Good,1
1419,49,Male,54831,Employed,Married,0,Auto,2.3,59234,222043,0,427013,15,81,Good,1
1420,27,Female,82174,Unemployed,Single,3,Health,4.8,50004,544555,5,408344,1,73,Good,1
1421,27,Female,36279,Employed,Married,4,Property,13.4,28814,1101992,3,164251,7,98,Good,1
1422,36,Male,194292,Self-Employed,Married,0,Auto,4.9,40565,373129,0,198589,0,33,Good,0
1423,63,Female,85610,Employed,Single,4,Auto,10.9,5818,239355,0,254613,1,22,Poor,0
1424,51,Male,78051,Unemployed,Single,1,Auto,9.4,13434,753388,1,238915,9,85,Poor,1
1425,50,Male,81652,Self-Employed,Married,2,Life,6.7,35571,219635,3,118158,0,15,Average,1
1426,40,Male,90524,Employed,Divorced,5,Auto,4.0,45694,1981331,0,427289,15,65,Good,1
1427,45,Female,31470,Self-Employed,Married,4,Auto,5.9,33890,1710572,3,78014,4,71,Poor,1
1428,49,Female,197870,Employed,Divorced,3,Auto,9.1,58256,956730,5,387857,7,23,Average,1
1429,67,Female,78473,Unemployed,Married,4,Life,5.6,50485,1510777,1,111550,1,6,Average,0
1430,24,Male,175952,Employed,Single,4,Health,3.6,17069,1677918,0,354109,3,84,Good,1
1431,46,Female,69439,Employed,Married,4,Life,2.2,37780,309884,3,168435,3,58,Good,1
1432,25,Male,39308,Self-Employed,Married,4,Property,13.3,43662,1530300,4,258627,10,26,Poor,1
1433,18,Female,116563,Self-Employed,Single,3,Auto,6.9,28434,1744181,0,115503,10,12,Good,1
1434,20,Male,60081,Employed,Married,3,Property,9.6,57169,1998312,0,142769,6,77,Poor,1
1435,41,Male,34837,Self-Employed,Married,4,Life,7.6,12392,1427191,0,146494,0,77,Good,1
1436,40,Male,143128,Employed,Single,2,Health,13.2,21102,1363209,3,300524,8,2,Poor,1
1437,25,Female,192896,Employed,Divorced,4,Health,8.4,38457,1249842,2,358021,2,32,Good,1
1438,64,Male,189145,Self-Employed,Married,5,Auto,7.5,27262,1874885,5,60857,5,50,Good,1
1439,54,Male,137651,Employed,Divorced,5,Health,13.9,57290,1876892,0,198645,9,95,Good,1
1440,20,Male,122624,Employed,Single,3,Life,10.9,16932,1648838,4,206130,13,61,Average,1
1441,68,Male,182371,Self-Employed,Divorced,5,Life,2.1,16766,1650734,4,283403,4,11,Average,1
1442,50,Male,55063,Employed,Single,5,Health,3.1,27711,1843614,1,470750,3,68,Good,1
1443,45,Male,94453,Self-Employed,Single,1,Auto,11.9,18292,1858261,2,72622,8,34,Good,1
1444,64,Female,127166,Employed,Married,4,Auto,12.6,25687,1961535,2,394365,10,80,Good,1
1445,25,Female,39506,Employed,Married,4,Life,8.4,52631,1453970,3,22792,11,95,Good,1
1446,51,Male,138604,Employed,Married,4,Health,8.5,30899,1268493,1,147462,13,89,Average,1
1447,52,Female,51026,Employed,Married,4,Life,9.7,55154,898461,3,165276,8,8,Good,1
1448,49,Female,183744,Self-Employed,Single,0,Life,6.9,12408,141583,1,429234,0,8,Good,1
1449,41,Male,194489,Employed,Married,4,Property,10.4,15694,465244,5,355795,6,98,Poor,1
1450,31,Male,77413,Employed,Married,3,Life,2.1,45910,1643388,2,351727,9,15,Good,1
1451,49,Male,90066,Unemployed,Married,3,Auto,14.4,39533,562584,5,344758,8,5,Average,1
1452,63,Female,75971,Employed,Married,0,Health,11.4,20237,1216723,3,152543,4,19,Good,1
1453,60,Male,183353,Unemployed,Divorced,4,Health,9.7,10778,1812289,1,259514,15,74,Good,1
1454,33,Female,138978,Employed,Married,2,Property,5.1,40059,552552,2,276407,0,9,Average,1
1455,21,Male,184163,Self-Employed,Married,4,Property,2.8,31561,1191618,2,322453,7,57,Good,1
1456,69,Female,75494,Employed,Divorced,3,Auto,6.4,9866,455269,0,314595,4,54,Good,1
1457,54,Male,128864,Unemployed,Married,1,Property,10.1,13429,1844932,3,332523,5,29,Average,1
1458,38,Male,174682,Self-Employed,Single,5,Life,9.7,48352,1894893,0,77969,6,19,Average,1
1459,31,Female,157151,Employed,Single,1,Life,6.0,49515,1225180,2,384569,9,77,Poor,1
1460,48,Female,120386,Employed,Married,2,Auto,9.4,27837,155918,3,142631,6,46,Average,1
1461,65,Female,111126,Self-Employed,Single,4,Health,12.3,55736,484369,3,325872,12,80,Good,1
1462,35,Female,187023,Employed,Married,0,Auto,0.9,39075,875344,5,4952,13,62,Good,1
1463,24,Female,105863,Employed,Single,4,Property,7.0,39853,1147048,4,323870,11,94,Average,1
1464,27,Female,103291,Employed,Single,2,Health,11.5,31395,693170,1,381879,6,60,Good,1
1465,24,Male,150659,Self-Employed,Married,2,Health,8.4,21415,661110,4,302754,14,5,Good,1
1466,50,Female,32235,Employed,Divorced,5,Health,9.9,36986,1983768,4,229401,0,33,Good,1
1467,40,Male,107733,Employed,Married,2,Property,8.0,29104,1152776,2,86467,6,83,Good,1
1468,38,Male,87712,Employed,Divorced,1,Life,14.9,5291,147259,5,133225,10,55,Good,1
1469,36,Female,177545,Unemployed,Divorced,5,Life,1.3,8686,1681391,1,94447,2,19,Good,0
1470,65,Male,150849,Unemployed,Single,4,Property,7.6,50347,1667769,4,401235,4,17,Average,1
1471,36,Female,104823,Unemployed,Single,4,Property,1.8,6642,605765,4,478625,9,88,Good,1
1472,53,Female,129215,Employed,Married,0,Auto,2.8,36477,1945543,3,368971,4,92,Average,1
1473,46,Male,57230,Unemployed,Divorced,2,Auto,6.1,29150,1035448,2,97167,7,42,Average,1
1474,35,Male,109573,Employed,Married,2,Life,2.8,13769,1582082,4,391034,6,22,Good,1
1475,19,Female,65644,Employed,Divorced,3,Property,14.5,34833,735765,1,300073,6,39,Good,0
1476,18,Female,70203,Employed,Single,5,Auto,14.2,8909,300772,0,410244,5,80,Good,1
1477,64,Male,91677,Employed,Single,3,Property,5.4,55375,588774,0,296764,6,99,Good,1
1478,22,Male,181497,Unemployed,Married,5,Property,9.8,37078,374582,2,237099,13,27,Average,1
1479,37,Male,148246,Employed,Married,1,Life,8.2,17268,426488,0,118818,6,76,Good,1
1480,28,Male,109817,Self-Employed,Single,5,Life,12.3,15844,319712,3,125803,14,46,Good,1
1481,59,Female,94806,Self-Employed,Single,4,Property,9.6,13638,1075509,3,441690,4,28,Good,1
1482,19,Female,67814,Self-Employed,Single,0,Health,0.5,42141,1268703,1,10623,4,52,Average,1
1483,20,Female,95219,Employed,Married,5,Health,11.6,16233,170388,5,85504,3,65,Good,1
1484,40,Female,195956,Employed,Divorced,5,Property,11.3,56731,1400931,2,3809,13,39,Average,0
1485,29,Male,120345,Self-Employed,Divorced,5,Life,7.9,35496,958681,2,123690,3,18,Average,1
1486,37,Male,125088,Employed,Married,0,Health,13.6,22806,423227,0,492831,4,87,Good,1
1487,22,Female,94322,Employed,Married,2,Life,13.7,45326,1872655,4,92907,9,22,Good,1
1488,54,Female,46650,Employed,Married,0,Health,8.1,18271,917786,4,182118,8,68,Good,1
1489,55,Female,119242,Employed,Single,2,Property,9.3,44513,1797229,5,109502,13,11,Good,1
1490,47,Female,165262,Unemployed,Single,4,Auto,14.9,56761,1091072,4,324640,10,82,Good,1
1491,26,Female,63196,Employed,Single,0,Auto,4.8,24465,1359459,5,235614,11,64,Good,1
1492,51,Female,195521,Employed,Married,2,Life,5.2,44502,249865,1,162811,15,71,Good,1
1493,70,Female,195733,Employed,Divorced,4,Life,3.2,18860,1578858,2,446668,5,85,Average,1
1494,61,Female,54709,Employed,Married,4,Health,13.5,13250,1364102,0,204396,7,57,Poor,1
1495,52,Female,105428,Employed,Married,2,Property,11.3,46418,171135,1,400193,8,35,Average,1
1496,69,Male,34943,Employed,Single,2,Health,2.0,54255,1050275,3,251933,11,37,Good,1
1497,39,Female,199312,Employed,Married,1,Property,14.7,26310,1817376,3,235785,13,50,Poor,1
1498,61,Male,46042,Employed,Married,4,Property,11.1,54893,1946297,3,165910,3,30,Good,1
1499,41,Male,68894,Employed,Married,2,Life,12.8,32982,1520064,5,461408,11,17,Good,1
1500,34,Female,162941,Employed,Single,4,Auto,1.2,37206,1784432,5,135206,12,33,Good,1
1501,27,Female,81759,Employed,Divorced,0,Auto,7.8,14764,1459898,2,184492,6,16,Good,1
1502,47,Male,130973,Employed,Married,3,Life,10.6,48661,301769,3,291575,4,15,Good,1
1503,63,Male,69306,Unemployed,Divorced,3,Auto,8.4,17842,1215076,5,251770,3,13,Average,1
1504,40,Female,133369,Employed,Married,5,Life,10.2,42491,574694,5,200092,11,3,Good,1
1505,49,Male,176990,Employed,Divorced,2,Health,12.4,49372,479928,4,49565,6,24,Good,0
1506,34,Female,53379,Employed,Single,2,Property,5.9,29043,935655,5,450209,2,23,Good,1
1507,67,Female,145667,Unemployed,Single,4,Auto,12.8,42971,1580161,3,451251,0,59,Average,1
1508,68,Female,159034,Employed,Single,5,Auto,2.9,7976,769544,1,309456,6,55,Poor,1
1509,34,Male,169923,Self-Employed,Single,2,Health,4.4,12426,692771,3,110613,8,65,Average,1
1510,31,Male,142626,Employed,Married,4,Health,1.1,27887,1388459,4,301060,1,32,Good,1
1511,26,Female,150180,Unemployed,Married,2,Auto,5.8,31710,1127897,3,486026,15,97,Average,1
1512,57,Male,77349,Unemployed,Married,4,Auto,6.0,46387,1613566,0,151765,6,60,Good,0
1513,19,Male,170817,Employed,Single,2,Life,12.2,52470,481322,4,169631,9,30,Poor,1
1514,62,Male,30730,Employed,Divorced,1,Life,10.0,11486,1817092,2,344983,1,66,Average,1
1515,42,Male,169993,Employed,Single,4,Auto,6.8,44258,495627,3,312202,12,18,Good,1
1516,56,Male,44023,Employed,Single,1,Life,10.0,51882,377818,5,216202,12,59,Average,1
1517,26,Male,151796,Employed,Married,1,Health,1.3,56096,1025812,1,215711,2,53,Good,1
1518,39,Male,106533,Employed,Married,1,Property,3.1,27623,1781571,3,405074,12,64,Good,1
1519,60,Female,108286,Employed,Married,1,Life,9.6,28806,1217036,1,473754,9,30,Average,1
1520,63,Male,66979,Employed,Single,0,Property,9.8,10973,1118645,0,463647,13,18,Good,1
1521,21,Male,47837,Employed,Married,5,Life,11.7,51215,624864,2,43324,11,5,Poor,1
1522,43,Male,171069,Employed,Single,3,Auto,6.3,53626,245713,5,443160,9,69,Good,1
1523,46,Male,129975,Employed,Single,0,Life,11.0,50939,1092003,4,90687,2,8,Average,1
1524,62,Male,45923,Unemployed,Married,2,Property,10.4,54085,1369475,4,468671,11,9,Average,1
1525,51,Male,33876,Employed,Single,2,Property,14.5,34157,1124199,2,175259,12,32,Average,1
1526,40,Male,85973,Self-Employed,Single,5,Auto,3.6,10521,413051,0,480679,3,14,Good,0
1527,54,Male,158959,Employed,Married,3,Property,8.5,17891,534355,0,28147,5,13,Good,0
1528,28,Female,67422,Employed,Divorced,3,Auto,9.2,21795,1757189,3,77914,2,18,Average,1
1529,23,Male,76413,Employed,Divorced,3,Auto,15.0,27474,926083,0,495245,12,68,Average,1
1530,35,Male,127484,Employed,Married,1,Property,3.4,31507,812675,3,385023,8,22,Good,1
1531,38,Male,158913,Self-Employed,Single,0,Health,8.1,15687,193435,1,480297,1,20,Good,1
1532,59,Male,53756,Self-Employed,Single,2,Property,5.5,38014,1557450,2,258808,6,15,Poor,1
1533,53,Female,96576,Employed,Single,0,Property,8.1,16009,663195,1,340737,5,7,Average,1
1534,58,Female,143248,Unemployed,Married,0,Life,3.9,28226,1359368,1,394576,13,77,Average,1
1535,55,Female,35304,Employed,Married,0,Property,1.2,27948,1736781,1,2048,14,98,Average,1
1536,51,Female,55341,Unemployed,Married,3,Life,8.8,39939,524963,1,432236,1,30,Good,0
1537,34,Female,160830,Unemployed,Married,5,Life,5.4,49291,1407276,4,43935,10,5,Poor,1
1538,54,Female,173082,Employed,Single,5,Property,3.1,53296,1096005,0,153554,2,1,Good,1
1539,42,Female,152039,Employed,Married,3,Auto,5.2,53044,1879965,2,117884,5,60,Good,1
1540,55,Female,187730,Employed,Single,2,Health,1.2,45225,1593932,2,353343,9,31,Good,1
1541,29,Female,157447,Self-Employed,Married,2,Property,14.3,27102,679224,5,164045,3,20,Good,1
1542,40,Female,124485,Employed,Married,2,Property,8.9,39828,1174754,1,109982,0,83,Good,1
1543,70,Female,47092,Unemployed,Married,5,Auto,12.3,41102,492758,2,408401,0,64,Average,1
1544,59,Female,156562,Self-Employed,Married,5,Life,6.6,50855,1247999,3,412915,2,64,Average,1
1545,39,Female,28729,Employed,Married,0,Auto,13.6,38712,1871686,2,55885,7,29,Poor,1
1546,38,Female,162046,Employed,Single,3,Auto,7.5,31823,108000,1,434798,10,10,Good,1
1547,44,Female,143222,Self-Employed,Single,1,Life,8.8,10361,1147882,2,280205,3,29,Average,1
1548,48,Female,110216,Employed,Married,0,Property,7.6,30838,1025569,0,77015,10,31,Average,1
1549,23,Male,108860,Self-Employed,Single,4,Auto,11.1,19638,1079908,1,109508,0,75,Good,1
1550,44,Female,121870,Employed,Married,5,Auto,8.7,43052,208407,4,117700,7,87,Good,1
1551,57,Male,46398,Employed,Married,0,Property,4.4,28265,1135093,0,175669,9,30,Good,1
1552,51,Female,59650,Employed,Divorced,3,Property,2.6,29751,232157,2,141964,5,25,Good,1
1553,29,Female,177364,Self-Employed,Divorced,4,Health,9.3,47012,1722189,4,286075,0,80,Good,1
1554,62,Male,128889,Employed,Single,0,Auto,7.6,15916,1603855,5,100175,11,58,Average,1
1555,70,Female,28159,Self-Employed,Divorced,3,Health,1.9,14509,772982,0,286798,9,57,Average,1
1556,24,Male,123162,Employed,Married,3,Life,6.2,50532,1274766,5,88478,9,87,Average,1
1557,27,Male,127834,Self-Employed,Married,5,Property,8.0,36102,1474622,3,189892,5,63,Average,1
1558,62,Male,173137,Employed,Single,1,Property,12.5,52659,1415554,0,259220,0,97,Good,1
1559,34,Female,46638,Employed,Divorced,0,Health,1.6,29324,1496453,4,53886,14,37,Good,1
1560,43,Female,26073,Self-Employed,Single,3,Auto,5.6,19003,636296,5,382621,9,58,Good,1
1561,38,Female,54320,Employed,Married,2,Life,12.4,32943,1720093,3,334614,9,28,Good,1
1562,45,Male,59924,Employed,Single,3,Auto,9.9,47634,352844,5,488485,2,27,Poor,1
1563,63,Male,196806,Employed,Married,1,Auto,4.7,38101,212892,2,216220,1,70,Average,1
1564,19,Female,93116,Self-Employed,Married,3,Health,12.8,34943,763372,1,493855,3,37,Good,1
1565,60,Female,196097,Unemployed,Single,5,Auto,7.7,14456,413269,5,490607,1,6,Good,1
1566,18,Female,27159,Employed,Single,0,Health,7.7,16369,1234278,2,362173,10,89,Average,1
1567,68,Female,73940,Employed,Married,5,Property,14.7,24329,970596,1,205914,12,77,Average,1
1568,70,Female,104436,Self-Employed,Single,0,Property,14.2,18218,1289497,1,235361,4,62,Average,1
1569,53,Male,39678,Employed,Married,4,Property,5.7,26164,272444,4,327468,3,97,Good,1
1570,68,Male,168093,Unemployed,Married,0,Life,2.5,42424,1162343,3,367664,5,33,Good,1
1571,43,Male,162844,Employed,Married,4,Life,5.2,17410,573863,3,475296,13,89,Good,1
1572,46,Female,92163,Unemployed,Married,5,Auto,0.9,34730,1581781,0,65027,14,78,Average,1
1573,38,Male,179536,Self-Employed,Single,2,Health,0.8,7665,1586162,2,1425,6,40,Good,1
1574,28,Male,76137,Self-Employed,Single,1,Auto,6.2,44899,669340,4,132805,11,41,Good,1
1575,57,Male,186304,Self-Employed,Single,2,Property,14.1,42703,871430,5,176447,15,42,Average,1
1576,28,Male,86497,Employed,Divorced,4,Auto,13.1,5415,1917750,2,64411,1,9,Good,0
1577,53,Male,125485,Employed,Divorced,3,Auto,7.9,38475,1772291,5,272747,1,18,Average,1
1578,66,Female,130468,Employed,Single,3,Auto,8.7,29172,1324937,5,274296,7,15,Good,1
1579,56,Male,25901,Employed,Single,2,Property,0.6,7684,754879,5,409017,12,4,Good,1
1580,57,Female,112980,Employed,Divorced,3,Health,3.6,12494,1039069,0,477658,12,34,Average,1
1581,52,Female,132594,Unemployed,Divorced,4,Auto,0.9,24750,1332812,0,318462,8,62,Good,1
1582,51,Female,27881,Employed,Divorced,5,Property,11.4,24887,462691,4,488189,4,38,Good,1
1583,64,Female,54863,Employed,Married,1,Life,2.6,25826,168125,0,410201,15,81,Good,1
1584,41,Female,161694,Employed,Married,0,Health,13.1,11180,601490,4,223543,6,71,Poor,1
1585,39,Male,157450,Self-Employed,Single,4,Property,9.8,51779,1985289,0,108051,12,96,Average,1
1586,22,Male,70201,Employed,Married,4,Auto,3.8,7559,1075492,3,283212,11,23,Poor,1
1587,50,Female,84251,Employed,Married,0,Property,2.8,45905,865378,4,275675,8,20,Average,1
1588,53,Female,97572,Self-Employed,Married,0,Health,9.6,8971,1486005,3,374433,13,56,Average,1
1589,64,Female,64255,Employed,Married,1,Auto,13.6,40725,1630011,3,296432,0,53,Good,1
1590,37,Male,88212,Employed,Single,1,Life,10.9,23113,1349685,4,100694,7,2,Average,1
1591,36,Female,75210,Employed,Single,1,Life,5.6,47861,1171999,2,222089,9,21,Good,1
1592,52,Male,150629,Self-Employed,Married,3,Life,9.0,17951,184693,1,353906,9,76,Average,1
1593,69,Female,47499,Employed,Single,4,Property,5.0,30617,315777,0,459869,8,42,Average,1
1594,60,Male,127552,Self-Employed,Married,5,Health,15.0,37794,1674570,5,98197,8,57,Average,1
1595,34,Female,86360,Employed,Married,0,Life,11.4,7583,938185,0,433284,9,49,Good,1
1596,62,Male,160675,Unemployed,Married,4,Auto,9.4,30628,1504475,5,239092,6,91,Average,1
1597,60,Female,152466,Employed,Married,4,Auto,6.6,31250,1976342,2,143531,15,10,Good,1
1598,51,Male,110473,Employed,Married,1,Auto,9.5,8055,1740012,1,217713,11,72,Good,0
1599,26,Male,168704,Employed,Single,1,Property,5.5,11801,1362022,2,104445,11,61,Poor,1
1600,43,Male,186679,Employed,Married,4,Health,0.9,39426,726889,1,478216,11,21,Good,1
1601,19,Male,116873,Employed,Married,1,Health,6.2,41719,851323,4,425770,11,60,Good,1
1602,70,Male,90756,Self-Employed,Married,3,Life,14.0,45067,937059,4,106243,9,86,Average,1
1603,26,Male,81344,Employed,Divorced,0,Health,9.6,28840,1688410,5,70313,15,13,Average,1
1604,26,Male,163421,Unemployed,Married,4,Auto,1.7,14933,1852671,3,259392,14,48,Poor,1
1605,57,Female,96154,Self-Employed,Single,0,Auto,13.3,36979,436725,3,253025,2,40,Average,1
1606,34,Female,52464,Employed,Single,3,Property,4.4,50047,1829235,5,208040,12,63,Good,1
1607,18,Female,198696,Self-Employed,Married,1,Auto,4.0,9137,1608719,4,407487,12,76,Good,1
1608,42,Female,146897,Employed,Married,2,Health,4.8,16423,143347,5,389430,4,81,Good,1
1609,60,Female,62344,Employed,Divorced,3,Auto,8.9,29315,1714085,3,265945,12,9,Good,1
1610,57,Male,108791,Unemployed,Married,2,Life,8.4,39482,1844712,5,334737,1,57,Average,1
1611,59,Male,180371,Self-Employed,Married,0,Property,7.6,49156,460347,4,419727,10,51,Good,1
1612,42,Male,157534,Employed,Married,4,Property,10.9,57483,640236,2,204118,9,40,Good,1
1613,56,Male,145209,Employed,Married,1,Health,5.1,41115,125118,0,335779,2,76,Average,1
1614,52,Male,106441,Employed,Married,3,Auto,11.8,39754,878790,4,80729,9,73,Good,1
1615,20,Female,115456,Unemployed,Married,1,Auto,3.0,41312,1097197,5,317377,6,64,Good,1
1616,67,Female,106788,Employed,Married,2,Health,11.8,28363,226677,4,282155,0,94,Good,1
1617,54,Female,196653,Employed,Single,2,Health,10.1,22085,1165597,4,194035,2,70,Good,1
1618,61,Female,39175,Employed,Divorced,5,Life,10.4,47414,1615684,3,311044,4,64,Good,1
1619,61,Male,162263,Employed,Single,4,Health,7.5,41554,1118613,5,413980,10,25,Average,1
1620,68,Male,108434,Employed,Single,2,Auto,10.2,19415,1599756,3,251139,13,28,Poor,1
1621,47,Male,109518,Employed,Single,4,Life,1.7,56623,148215,5,182766,3,10,Good,1
1622,55,Female,91537,Employed,Single,5,Property,12.8,52052,363367,3,463202,2,28,Good,1
1623,51,Male,140721,Employed,Married,3,Auto,1.3,26398,1315758,3,80085,5,93,Average,1
1624,29,Female,72645,Unemployed,Single,5,Property,2.7,37691,190162,2,400176,11,36,Good,1
1625,36,Male,48283,Employed,Single,4,Property,8.9,11659,1769317,4,16583,5,11,Good,1
1626,54,Male,111971,Self-Employed,Married,2,Property,11.2,25644,907958,2,130283,3,21,Good,1
1627,61,Female,117759,Self-Employed,Married,0,Auto,1.6,59697,1354040,3,334676,8,26,Average,1
1628,66,Male,127780,Self-Employed,Single,4,Property,13.9,8044,1133438,2,215175,10,18,Poor,1
1629,34,Male,186096,Unemployed,Married,1,Auto,14.6,8883,1187405,4,276345,5,68,Poor,1
1630,27,Female,55734,Employed,Married,0,Property,9.3,36712,1096572,4,201651,14,41,Average,1
1631,66,Male,25515,Employed,Divorced,4,Health,7.5,24324,1200438,3,322163,8,15,Good,1
1632,64,Female,135782,Employed,Married,1,Health,11.3,53119,751336,4,282564,12,23,Average,1
1633,29,Male,91727,Employed,Single,5,Auto,5.3,26545,513552,2,40602,10,41,Good,1
1634,33,Male,134164,Self-Employed,Married,0,Property,7.7,23204,130796,1,445861,9,6,Poor,1
1635,41,Male,71216,Employed,Married,4,Property,13.8,28268,1568959,4,184196,9,71,Poor,1
1636,36,Male,96833,Unemployed,Single,3,Property,14.4,20762,1083920,2,100156,1,60,Poor,1
1637,25,Male,83755,Employed,Divorced,5,Health,13.9,56954,1689682,2,311175,14,79,Average,1
1638,48,Male,52856,Unemployed,Married,1,Property,4.3,33371,1580684,2,274773,5,52,Good,1
1639,38,Male,98870,Employed,Divorced,3,Property,3.9,23847,910920,4,450947,13,9,Average,1
1640,34,Male,180234,Employed,Married,2,Auto,4.8,41139,1841888,1,28675,3,30,Poor,1
1641,40,Female,162080,Employed,Married,5,Property,6.9,46295,1112068,3,389796,1,44,Good,1
1642,54,Female,32987,Self-Employed,Married,5,Health,5.1,15116,554673,3,132734,4,62,Average,1
1643,33,Male,121502,Employed,Married,4,Property,5.9,59128,196931,4,342414,13,43,Poor,1
1644,23,Male,159404,Unemployed,Married,4,Health,9.5,35125,785621,4,7589,14,28,Good,1
1645,25,Female,91323,Unemployed,Divorced,1,Health,11.6,59219,1224096,0,371098,2,94,Good,1
1646,42,Male,195062,Unemployed,Married,5,Life,11.2,36404,1741198,5,442580,5,8,Good,1
1647,35,Male,34873,Employed,Divorced,4,Health,12.3,33436,1549395,1,4655,10,99,Good,1
1648,42,Female,192516,Unemployed,Divorced,2,Life,1.0,7788,998019,2,336429,14,51,Good,1
1649,29,Male,191412,Self-Employed,Divorced,4,Life,1.2,37149,1750104,5,141869,13,99,Good,1
1650,32,Male,130219,Employed,Married,5,Property,11.9,9125,1915560,2,228538,7,90,Average,1
1651,43,Female,30033,Employed,Married,0,Life,8.2,8606,658549,5,6645,3,30,Good,1
1652,58,Male,98324,Employed,Single,3,Auto,8.9,55692,741655,3,470647,11,99,Poor,1
1653,62,Male,40689,Employed,Married,5,Health,1.3,46534,377851,5,379523,3,11,Good,1
1654,43,Female,134756,Employed,Single,2,Auto,4.2,37988,380153,4,427978,4,20,Average,1
1655,64,Male,25066,Unemployed,Single,5,Life,9.8,26306,1863699,1,309778,5,31,Good,1
1656,49,Female,139159,Employed,Single,2,Property,13.0,47973,1987177,3,152504,10,34,Average,1
1657,27,Male,32533,Employed,Divorced,5,Health,13.8,15833,642519,5,441106,6,12,Average,1
1658,33,Male,140828,Unemployed,Divorced,3,Auto,7.8,26997,1676110,1,475610,5,48,Average,1
1659,24,Female,84658,Employed,Married,3,Property,8.4,38521,1862818,4,452327,6,28,Good,1
1660,34,Female,63498,Unemployed,Married,2,Life,12.6,34948,391969,2,466985,8,67,Good,1
1661,40,Male,134028,Employed,Married,5,Property,8.3,51643,509141,0,174683,3,63,Good,1
1662,43,Female,36772,Employed,Married,3,Auto,8.0,12488,625604,1,490756,9,48,Good,1
1663,38,Female,114385,Employed,Married,1,Property,13.6,44974,1076567,2,419887,14,42,Good,1
1664,39,Male,37940,Employed,Single,5,Auto,12.0,47448,708158,1,36760,0,52,Good,1
1665,24,Male,143027,Employed,Single,3,Property,13.7,12938,1245184,1,225049,14,5,Average,1
1666,31,Male,41932,Self-Employed,Married,0,Health,3.7,56113,1787775,1,28233,8,77,Average,1
1667,32,Female,49648,Employed,Married,0,Property,8.1,43726,495242,4,430807,6,12,Poor,1
1668,70,Female,57966,Unemployed,Married,1,Health,12.7,20770,1346731,3,232893,3,59,Good,1
1669,24,Female,183849,Employed,Divorced,3,Auto,2.1,57635,377433,1,198876,9,65,Good,1
1670,26,Female,188639,Employed,Single,0,Health,12.0,11635,1512802,4,484972,7,52,Average,1
1671,68,Male,173246,Self-Employed,Single,5,Property,3.2,13629,1721750,0,245382,11,43,Good,1
1672,65,Female,67598,Employed,Married,4,Health,12.2,54934,1213596,3,312235,6,83,Good,1
1673,25,Male,169870,Self-Employed,Single,3,Auto,9.4,36668,925711,4,135510,11,93,Good,1
1674,67,Female,173630,Unemployed,Single,1,Property,3.3,26487,468205,0,240877,1,63,Average,1
1675,40,Male,86084,Self-Employed,Single,3,Health,7.4,58319,185643,3,366746,0,50,Poor,1
1676,46,Male,156250,Employed,Married,2,Health,10.4,17869,1510547,4,347049,8,39,Poor,1
1677,35,Male,42118,Employed,Single,2,Life,9.7,54371,490233,0,176968,6,42,Poor,1
1678,48,Female,47616,Self-Employed,Married,0,Health,6.7,14219,1569071,4,354283,13,89,Average,1
1679,47,Male,156870,Self-Employed,Married,2,Life,13.5,45797,1035860,0,11319,9,80,Poor,1
1680,69,Male,32601,Employed,Single,1,Auto,8.0,54040,1342183,1,342402,0,17,Good,1
1681,56,Female,50363,Employed,Married,0,Life,7.8,21673,1652816,1,365437,12,92,Average,1
1682,52,Male,27795,Employed,Single,1,Auto,1.4,21763,689488,3,399244,3,43,Good,1
1683,35,Female,122462,Employed,Married,5,Health,13.9,49933,1047547,0,111930,14,49,Average,1
1684,59,Female,127892,Employed,Divorced,1,Health,3.1,16043,342950,1,110629,4,5,Good,1
1685,56,Male,97833,Employed,Single,2,Life,8.2,14570,1136796,3,25940,4,1,Good,1
1686,34,Male,28084,Self-Employed,Divorced,5,Auto,12.2,11886,1292443,2,254802,13,67,Good,1
1687,31,Female,120865,Unemployed,Married,2,Health,3.6,6958,706824,1,228056,13,24,Good,1
1688,48,Male,25731,Employed,Divorced,1,Life,8.1,48087,317507,1,401638,13,29,Good,0
1689,41,Female,157201,Employed,Married,2,Life,4.0,29641,318183,5,313795,4,15,Good,1
1690,52,Female,184094,Employed,Single,2,Life,11.5,7183,1865449,4,253380,10,4,Average,1
1691,61,Female,26605,Unemployed,Divorced,2,Health,8.7,34070,1852566,2,452864,15,44,Average,1
1692,62,Male,102506,Unemployed,Single,3,Auto,12.9,8774,643293,0,174513,2,65,Average,1
1693,51,Female,69130,Unemployed,Single,5,Health,13.5,34018,210737,3,20688,4,79,Average,1
1694,20,Male,185337,Self-Employed,Single,5,Property,9.9,25303,970445,2,439496,3,88,Average,1
1695,54,Male,188402,Employed,Single,5,Property,11.0,19272,880004,0,14472,14,31,Poor,1
1696,60,Male,93469,Self-Employed,Married,1,Health,8.5,27586,1889032,1,80436,4,20,Good,1
1697,57,Male,171259,Employed,Married,4,Auto,6.1,38545,322316,5,35671,6,10,Good,1
1698,43,Female,181863,Employed,Divorced,1,Life,9.9,7566,1844188,3,191881,4,11,Average,1
1699,40,Male,115436,Self-Employed,Single,5,Property,13.7,47863,1718040,3,335443,13,82,Good,1
1700,61,Female,137341,Employed,Divorced,0,Property,6.5,15953,578706,2,273104,14,98,Good,1
1701,56,Female,195939,Employed,Divorced,2,Health,5.1,36696,740042,4,207692,13,28,Average,1
1702,32,Male,156965,Employed,Single,2,Property,6.1,12404,327243,0,384796,13,38,Good,1
1703,66,Female,124694,Employed,Single,4,Property,6.8,37846,231777,5,124118,7,80,Good,1
1704,21,Female,44773,Unemployed,Married,0,Life,1.6,6581,413654,5,395290,7,24,Good,1
1705,46,Male,29239,Employed,Married,3,Life,7.7,19066,932725,2,204433,2,39,Average,1
1706,39,Female,45863,Employed,Married,1,Auto,7.7,45735,1119620,4,296977,4,51,Poor,1
1707,42,Female,76415,Employed,Married,3,Property,9.0,12839,1634374,4,221813,11,76,Good,1
1708,30,Female,93968,Employed,Married,0,Auto,5.8,39930,930852,4,35976,3,50,Good,1
1709,35,Female,85430,Employed,Single,4,Auto,9.4,55637,513368,3,201282,13,7,Good,1
1710,50,Male,26515,Self-Employed,Married,0,Life,13.2,27129,1770255,0,238470,13,100,Average,1
1711,33,Female,122206,Employed,Single,4,Life,14.4,35845,1207854,0,107549,4,81,Good,1
1712,62,Female,170677,Self-Employed,Married,3,Health,9.0,18913,1072634,2,130120,7,68,Good,1
1713,59,Female,81240,Unemployed,Married,3,Life,1.1,56772,1085359,1,65658,3,53,Good,1
1714,61,Female,30586,Self-Employed,Married,0,Auto,14.6,5964,160216,2,50108,4,37,Good,1
1715,19,Male,145419,Employed,Divorced,0,Property,10.7,15739,697987,0,152552,15,97,Good,1
1716,52,Female,147374,Employed,Married,2,Auto,5.4,7673,1628933,3,312282,6,83,Average,1
1717,59,Male,56186,Unemployed,Married,4,Auto,2.6,43061,1410929,2,9443,2,54,Good,1
1718,51,Female,51928,Employed,Married,2,Auto,2.6,36171,498050,1,332113,12,90,Average,1
1719,47,Male,147990,Self-Employed,Divorced,1,Life,2.9,28643,524728,5,132062,5,55,Good,1
1720,30,Male,112029,Unemployed,Married,1,Auto,1.2,39486,1735349,2,253685,8,75,Good,0
1721,30,Male,45711,Unemployed,Single,0,Health,13.6,15624,1619774,4,464308,10,31,Good,1
1722,35,Male,79962,Unemployed,Divorced,3,Property,8.3,6228,431642,1,385925,3,65,Average,1
1723,49,Male,45039,Employed,Married,1,Life,10.6,48370,506244,4,354342,3,100,Good,1
1724,49,Female,61561,Employed,Single,1,Auto,12.5,57930,1404481,3,323480,5,93,Average,1
1725,52,Female,26577,Unemployed,Married,2,Health,12.0,39608,1462262,0,252585,5,89,Good,1
1726,56,Female,132792,Employed,Divorced,2,Property,13.3,54649,1301551,2,291241,2,59,Good,1
1727,63,Male,184422,Employed,Married,1,Auto,14.5,21920,504933,2,201317,13,47,Good,1
1728,69,Female,189870,Employed,Single,0,Property,6.9,24689,1120602,4,483109,0,49,Good,1
1729,46,Male,35785,Employed,Married,2,Life,14.3,12124,1703409,4,495100,2,18,Good,1
1730,66,Male,97227,Unemployed,Married,1,Life,11.0,47124,869893,0,412402,7,3,Good,1
1731,46,Female,143680,Self-Employed,Married,3,Health,1.5,56123,921644,2,313500,7,18,Good,0
1732,70,Female,86957,Employed,Single,2,Life,10.4,36339,1519799,0,492391,15,58,Average,1
1733,61,Male,90431,Unemployed,Single,1,Health,10.5,12587,403244,4,346888,5,71,Average,1
1734,33,Male,173369,Self-Employed,Married,4,Auto,13.6,8527,1933920,5,243968,6,92,Good,1
1735,61,Female,96894,Employed,Married,2,Property,5.9,38067,751503,4,88015,1,81,Good,1
1736,64,Female,175653,Employed,Single,4,Life,9.0,56538,676304,1,259941,8,25,Average,1
1737,27,Female,80192,Employed,Single,2,Property,0.7,50358,1398513,4,224086,2,18,Good,1
1738,47,Female,26462,Self-Employed,Single,2,Property,5.3,8963,1577167,4,406138,1,52,Average,1
1739,42,Male,153848,Employed,Married,5,Auto,1.4,42455,1299968,5,223687,15,43,Poor,1
1740,56,Female,171583,Employed,Single,5,Auto,8.1,41939,1167877,0,161838,15,67,Poor,1
1741,37,Female,101106,Self-Employed,Single,4,Life,12.4,25243,1855306,1,150859,4,89,Good,1
1742,22,Female,73665,Employed,Single,0,Auto,3.5,37693,970149,1,415753,0,7,Good,1
1743,18,Male,106010,Employed,Married,1,Property,8.1,50835,1944176,2,338063,4,74,Average,1
1744,47,Male,97573,Employed,Married,0,Health,3.5,8695,354531,5,365998,15,44,Good,1
1745,66,Male,132803,Employed,Single,0,Health,2.2,14112,692397,3,53034,9,44,Average,1
1746,20,Male,144682,Self-Employed,Divorced,5,Health,7.9,37059,1429693,2,97431,3,51,Good,1
1747,62,Female,38386,Employed,Single,1,Life,1.6,12242,1933069,2,438758,15,83,Average,1
1748,31,Male,149069,Employed,Single,5,Auto,9.0,14941,798119,2,396423,11,79,Good,1
1749,47,Female,79460,Self-Employed,Divorced,5,Auto,1.0,25001,609365,1,290378,5,85,Good,1
1750,67,Female,162293,Unemployed,Married,5,Auto,2.0,7700,1365985,0,30568,11,21,Average,1
1751,21,Female,179546,Employed,Married,3,Auto,8.5,55157,1111684,4,68633,4,37,Good,1
1752,35,Female,140375,Employed,Single,0,Property,9.1,23085,979491,1,379910,8,28,Good,1
1753,54,Male,137660,Employed,Married,0,Health,0.9,57454,199017,4,477774,4,32,Good,1
1754,42,Male,177117,Unemployed,Married,0,Property,8.8,18339,1101847,4,109582,12,57,Good,1
1755,65,Male,116319,Employed,Married,3,Life,12.7,20834,352980,3,316847,7,41,Average,1
1756,18,Female,141582,Employed,Single,2,Health,11.0,57518,560642,2,117634,15,54,Good,1
1757,70,Female,160994,Employed,Married,4,Health,2.4,16084,775311,3,445839,11,27,Good,1
1758,63,Female,178778,Employed,Married,4,Property,9.1,34543,1310953,2,184526,12,87,Good,1
1759,32,Female,67771,Self-Employed,Divorced,3,Life,10.2,40930,1491835,1,362072,1,74,Good,1
1760,26,Female,77335,Self-Employed,Single,0,Life,1.0,46074,1223982,4,212576,2,40,Average,1
1761,32,Male,77949,Self-Employed,Married,4,Health,12.9,36902,1888003,3,469901,2,41,Good,1
1762,66,Female,120558,Employed,Single,3,Auto,13.6,34044,884512,5,191703,2,70,Average,1
1763,41,Male,171312,Employed,Married,5,Life,12.8,18137,1944117,1,337397,5,24,Good,1
1764,21,Female,127272,Employed,Single,1,Property,12.5,39905,651130,1,116170,15,18,Good,1
1765,29,Female,27716,Employed,Married,4,Life,11.3,59004,1028220,5,16642,6,74,Average,1
1766,54,Male,172646,Employed,Single,1,Health,9.7,54182,1363374,2,79176,6,56,Good,1
1767,54,Male,176285,Employed,Single,0,Auto,10.3,10948,1644147,4,82373,11,15,Good,1
1768,60,Female,96916,Employed,Single,4,Life,12.2,52461,1932981,2,271134,6,98,Good,1
1769,23,Female,75906,Unemployed,Single,3,Health,10.1,37567,1770833,2,446838,11,72,Good,1
1770,56,Female,25463,Self-Employed,Divorced,2,Life,5.3,36189,469199,1,182735,2,35,Good,1
1771,63,Female,188045,Unemployed,Divorced,4,Auto,6.0,53867,583956,2,4170,15,27,Average,1
1772,41,Male,99694,Employed,Married,4,Property,13.5,53978,146408,0,155889,0,89,Good,1
1773,28,Female,176723,Unemployed,Single,4,Health,0.7,36871,732695,5,398352,5,3,Good,1
1774,30,Male,93694,Employed,Married,4,Health,10.6,23189,1185106,5,132784,2,21,Poor,1
1775,51,Female,45008,Employed,Married,3,Auto,14.3,27797,210047,4,253186,15,39,Poor,1
1776,42,Male,95474,Self-Employed,Divorced,3,Health,10.7,8569,1109424,5,487546,12,32,Good,1
1777,24,Male,63185,Employed,Married,2,Auto,14.9,31012,946162,2,493522,15,50,Good,1
1778,69,Female,112924,Employed,Married,3,Health,10.5,17977,699911,2,335831,14,85,Good,1
1779,21,Male,59980,Employed,Divorced,3,Auto,1.0,37049,701946,3,497774,2,9,Good,1
1780,25,Female,47504,Employed,Divorced,0,Life,12.5,26694,1965906,4,183551,14,50,Good,1
1781,37,Male,79970,Employed,Single,0,Life,4.6,49388,950340,4,403689,2,1,Good,1
1782,46,Female,41766,Self-Employed,Single,1,Life,7.0,38224,1492097,5,211911,14,4,Good,1
1783,70,Male,141944,Self-Employed,Married,2,Health,5.0,21832,977550,2,385520,8,4,Good,1
1784,68,Female,118922,Employed,Married,0,Auto,4.4,37835,943824,0,253795,11,90,Good,1
1785,62,Female,167767,Employed,Single,2,Auto,6.8,58241,1486298,3,347175,15,34,Good,1
1786,63,Male,173868,Employed,Single,2,Property,6.0,6862,126505,0,21625,14,27,Good,1
1787,27,Male,198615,Employed,Married,4,Life,9.7,23186,188830,2,144833,3,15,Good,1
1788,60,Male,170631,Unemployed,Married,5,Property,12.3,34545,1810109,4,336598,4,32,Average,1
1789,51,Male,189211,Employed,Single,5,Life,4.8,50522,1232628,4,493351,2,41,Poor,1
1790,43,Female,145494,Self-Employed,Married,5,Property,3.6,49391,1417652,0,263965,9,71,Poor,1
1791,58,Male,33802,Employed,Married,2,Life,10.2,45322,969877,1,100120,12,61,Good,1
1792,66,Female,196277,Self-Employed,Married,4,Auto,10.2,13319,785601,2,179718,14,63,Average,1
1793,20,Male,59159,Self-Employed,Single,1,Life,13.6,43663,1296360,4,245851,11,61,Good,1
1794,23,Female,36516,Employed,Married,1,Health,0.7,50788,1609985,5,36200,0,14,Good,1
1795,22,Female,75492,Employed,Married,5,Life,12.9,33401,129105,1,346033,14,23,Average,0
1796,22,Female,54086,Self-Employed,Single,1,Life,8.1,37228,1255659,4,179322,11,65,Good,1
1797,64,Female,138758,Employed,Married,4,Auto,9.5,17202,130382,5,346448,3,32,Good,1
1798,40,Male,55480,Employed,Single,5,Health,1.8,43283,450036,4,298591,14,41,Good,1
1799,66,Male,153023,Self-Employed,Single,4,Auto,6.8,25122,1858456,1,160256,0,26,Good,1
1800,26,Female,135195,Employed,Married,1,Property,3.8,38135,613875,0,442970,10,48,Average,1
1801,52,Male,63737,Unemployed,Single,5,Property,4.2,27585,119589,2,410027,10,73,Poor,1
1802,37,Male,34265,Employed,Single,4,Health,7.8,53408,794961,1,157667,6,16,Good,1
1803,66,Female,139165,Employed,Married,3,Property,12.3,53229,482973,1,91568,6,31,Poor,1
1804,59,Male,144501,Self-Employed,Single,3,Health,11.3,19897,1762316,4,368646,14,66,Good,1
1805,52,Male,95990,Employed,Divorced,4,Life,9.1,56792,533891,5,104567,3,32,Poor,1
1806,67,Male,40386,Employed,Married,4,Property,8.3,26291,265438,1,279901,14,10,Average,1
1807,35,Female,129718,Employed,Single,0,Life,6.7,37826,497067,2,107136,4,25,Good,0
1808,34,Male,62425,Employed,Single,0,Auto,14.6,58408,1372232,0,405170,9,82,Good,1
1809,41,Female,146635,Employed,Married,2,Property,8.6,13294,1811518,5,226401,6,98,Good,1
1810,20,Male,199326,Employed,Married,5,Auto,4.2,59093,340385,0,192421,12,93,Poor,1
1811,49,Male,78634,Employed,Single,2,Auto,3.8,9507,1844527,0,169002,5,45,Good,0
1812,52,Male,111988,Employed,Single,2,Health,9.4,54937,1087647,2,92342,12,24,Average,1
1813,55,Female,131337,Self-Employed,Married,1,Auto,8.1,33854,879648,4,88760,3,3,Good,1
1814,30,Female,166215,Self-Employed,Single,3,Health,0.6,52520,1547299,5,487988,3,62,Poor,1
1815,64,Male,171653,Employed,Divorced,1,Health,12.5,20475,1809870,5,134883,1,79,Good,1
1816,42,Female,92443,Self-Employed,Married,5,Health,10.7,49905,141971,2,161440,9,67,Good,1
1817,26,Male,54424,Self-Employed,Married,4,Health,10.1,19334,580704,5,494826,1,55,Good,1
1818,21,Female,113844,Employed,Single,0,Health,1.5,23830,891091,1,425935,11,95,Good,1
1819,31,Female,66984,Employed,Single,5,Life,5.7,52882,1415118,3,401853,3,10,Good,1
1820,54,Male,66505,Employed,Married,4,Health,14.1,53803,1679106,3,274277,4,55,Good,1
1821,51,Male,127478,Unemployed,Single,5,Property,13.0,32278,1046124,3,46986,3,22,Good,1
1822,28,Male,87699,Employed,Single,4,Health,4.6,23749,1371089,0,422087,13,14,Good,1
1823,58,Male,183029,Employed,Married,0,Life,2.8,35511,1028300,5,224179,2,73,Good,1
1824,20,Female,181536,Self-Employed,Single,4,Property,7.0,42469,1851081,2,434688,10,82,Good,1
1825,45,Female,139012,Employed,Married,2,Property,5.7,45185,1802878,5,451549,1,8,Good,1
1826,46,Female,179721,Employed,Married,5,Life,10.4,59718,1908851,2,55508,3,15,Average,1
1827,26,Male,198137,Employed,Married,0,Property,14.5,30072,1327191,5,263545,13,15,Good,1
1828,20,Male,59758,Employed,Divorced,4,Life,5.8,47326,294886,0,141076,15,52,Good,0
1829,42,Female,161668,Self-Employed,Married,2,Auto,1.4,36146,1384664,1,229921,10,70,Average,1
1830,51,Male,41374,Self-Employed,Single,2,Auto,13.5,16057,675463,3,166373,4,54,Good,1
1831,29,Female,143686,Employed,Single,3,Health,1.1,31427,1662656,3,362457,15,76,Good,1
1832,59,Female,28775,Employed,Married,2,Health,14.3,46982,1841211,5,486760,0,42,Good,1
1833,26,Female,52388,Self-Employed,Married,1,Health,10.1,49090,638225,0,136973,14,19,Good,1
1834,32,Female,148800,Employed,Single,0,Health,14.2,53654,1114571,3,331765,12,40,Average,1
1835,57,Female,46029,Employed,Divorced,0,Life,3.4,16036,1299217,5,460967,0,69,Good,1
1836,42,Male,108981,Employed,Married,0,Auto,1.1,19060,1341595,4,381817,5,27,Good,1
1837,22,Male,78639,Employed,Single,4,Life,7.6,55641,374487,5,258978,4,74,Average,1
1838,28,Male,139010,Employed,Married,5,Property,7.0,18607,1467595,2,179881,10,43,Good,1
1839,51,Female,170717,Employed,Single,4,Property,5.3,40102,1195379,3,126545,3,52,Good,1
1840,41,Female,56105,Employed,Married,1,Property,14.4,29074,1606632,3,343443,0,46,Poor,1
1841,32,Female,169740,Employed,Married,5,Property,12.4,53864,1470657,4,58171,11,14,Good,1
1842,55,Female,172032,Employed,Single,2,Property,10.1,24773,177069,1,460936,13,64,Good,1
1843,25,Male,151519,Employed,Single,4,Auto,2.9,37970,1591139,5,457960,6,61,Good,1
1844,22,Male,167429,Employed,Divorced,5,Life,11.1,37998,1048636,1,272498,14,98,Good,1
1845,65,Female,127739,Employed,Married,2,Property,11.0,33210,524572,5,230651,3,58,Good,1
1846,43,Female,76796,Employed,Divorced,5,Health,6.7,49088,1164014,4,58860,2,49,Average,1
1847,35,Female,40804,Employed,Single,2,Auto,13.9,16683,257438,1,271648,13,79,Good,1
1848,23,Male,152732,Employed,Single,5,Health,2.9,7962,965936,0,185392,15,29,Good,0
1849,54,Male,170698,Self-Employed,Single,4,Auto,4.4,40095,903922,4,134595,6,26,Good,1
1850,65,Male,184204,Unemployed,Married,4,Auto,1.4,35000,774533,5,336387,1,27,Poor,1
1851,30,Female,32951,Employed,Single,1,Health,12.0,34137,1290024,2,391034,9,67,Good,0
1852,45,Female,162521,Employed,Single,3,Health,9.5,40552,1108154,2,348847,0,67,Good,1
1853,22,Male,44065,Employed,Married,0,Property,5.1,51253,1890640,2,427003,10,35,Good,1
1854,30,Female,126503,Employed,Married,4,Health,2.9,38571,428398,5,353551,3,60,Good,1
1855,34,Male,130072,Employed,Single,4,Life,1.1,50321,1516100,3,23982,12,61,Good,1
1856,67,Female,165202,Employed,Married,2,Auto,2.9,52350,1709627,4,263193,7,99,Poor,1
1857,57,Male,114360,Self-Employed,Married,3,Auto,7.1,59918,427985,4,275525,12,70,Good,1
1858,62,Female,87287,Employed,Single,4,Property,4.1,57875,580566,1,461092,5,78,Good,1
1859,49,Male,193065,Employed,Single,5,Auto,4.3,48861,1452067,4,238825,8,90,Good,1
1860,46,Male,187947,Employed,Single,3,Health,13.2,44164,665972,4,248038,0,3,Average,1
1861,68,Male,162126,Self-Employed,Married,0,Auto,8.0,52578,654999,1,48390,0,33,Good,1
1862,20,Male,132357,Employed,Married,5,Auto,11.1,21559,1949185,4,232361,10,42,Average,1
1863,57,Male,54670,Unemployed,Single,2,Health,1.0,47404,1325618,4,274205,4,13,Poor,1
1864,51,Male,74112,Self-Employed,Single,1,Health,5.8,53074,1304218,0,71241,5,29,Good,1
1865,57,Female,113388,Employed,Divorced,5,Auto,7.4,49963,528580,5,312440,7,9,Poor,1
1866,44,Female,114156,Employed,Divorced,0,Life,3.2,10691,802969,1,417230,2,32,Good,1
1867,30,Female,184379,Employed,Married,5,Health,2.2,8532,1036323,0,258565,5,22,Good,1
1868,62,Male,72922,Self-Employed,Divorced,3,Life,13.1,53991,1535940,3,64535,2,86,Average,1
1869,50,Male,118348,Self-Employed,Married,3,Life,14.1,25733,1599314,1,361153,15,58,Average,1
1870,23,Female,104335,Employed,Married,0,Property,1.6,22927,1704255,5,327335,7,57,Average,1
1871,41,Male,51312,Unemployed,Single,3,Life,5.6,48114,640076,4,51576,11,98,Good,1
1872,36,Male,91985,Employed,Married,5,Property,14.4,18482,675343,4,28147,10,10,Poor,1
1873,33,Male,155744,Employed,Single,1,Life,1.7,31681,1787051,0,116622,10,25,Average,1
1874,57,Male,125963,Unemployed,Married,5,Property,9.8,10456,568648,0,330164,15,62,Good,1
1875,45,Male,196349,Self-Employed,Divorced,1,Health,14.6,8413,1528791,3,449364,3,63,Poor,1
1876,50,Female,56551,Employed,Married,3,Auto,14.7,12085,1802965,3,394961,1,76,Poor,1
1877,65,Female,114813,Self-Employed,Single,5,Auto,7.3,32937,972894,5,415364,11,3,Good,1
1878,58,Female,126025,Unemployed,Single,3,Property,2.9,25563,1866141,4,409432,8,83,Average,1
1879,30,Female,149342,Self-Employed,Single,1,Health,3.4,14332,1161952,2,229155,14,97,Average,1
1880,60,Female,34637,Self-Employed,Single,3,Property,13.4,42575,1301523,3,41929,9,47,Average,1
1881,62,Male,68258,Self-Employed,Married,4,Property,13.7,12386,934038,4,62637,14,55,Good,1
1882,42,Male,191765,Employed,Divorced,2,Health,9.3,31337,964825,3,453207,15,26,Average,1
1883,70,Male,165896,Self-Employed,Single,5,Life,11.6,39708,1926911,1,393004,12,13,Poor,1
1884,59,Male,154553,Employed,Single,4,Life,11.2,34572,1473716,0,153084,7,7,Good,1
1885,53,Female,51950,Unemployed,Married,3,Health,10.1,38424,887715,4,328457,14,34,Average,1
1886,44,Female,179560,Employed,Single,3,Property,12.5,40271,180456,3,9525,5,22,Good,1
1887,55,Female,152870,Self-Employed,Divorced,2,Auto,10.4,54810,165783,0,129228,2,84,Good,1
1888,24,Male,25215,Employed,Single,3,Property,8.2,16030,1482898,2,43348,1,23,Good,1
1889,22,Female,130603,Employed,Single,2,Life,3.9,18138,379509,3,60447,12,48,Average,1
1890,60,Male,36523,Employed,Single,5,Health,11.3,52369,1120171,4,461866,3,14,Good,1
1891,62,Female,93689,Unemployed,Single,1,Health,7.4,20646,1522975,1,110709,3,94,Good,1
1892,68,Female,48834,Unemployed,Married,2,Health,4.8,33812,1297597,0,232312,0,87,Good,1
1893,48,Male,59474,Employed,Single,2,Life,12.1,28422,1003261,0,86030,14,52,Good,1
1894,40,Male,68066,Unemployed,Married,4,Property,10.6,15645,788863,1,197953,8,83,Good,1
1895,59,Female,35400,Self-Employed,Married,3,Health,14.1,19628,438531,4,395257,15,39,Average,1
1896,27,Female,150211,Employed,Single,5,Auto,2.9,29486,179942,5,79866,9,41,Average,1
1897,49,Male,35345,Employed,Single,1,Health,9.9,27409,1818864,2,471950,7,36,Good,1
1898,60,Female,58896,Unemployed,Married,0,Property,4.0,44266,1820768,5,51826,6,6,Good,1
1899,70,Female,53899,Employed,Married,2,Life,13.6,27732,1019339,1,367952,5,23,Average,1
1900,47,Male,53229,Unemployed,Divorced,0,Auto,1.9,51557,1480971,2,206355,2,10,Good,1
1901,56,Female,30583,Self-Employed,Single,3,Auto,10.0,24425,1837317,4,410289,3,99,Poor,1
1902,48,Male,160969,Self-Employed,Single,2,Health,12.0,17195,355385,3,389893,15,85,Good,1
1903,35,Female,96537,Self-Employed,Single,0,Property,5.6,23722,1629946,3,95822,1,96,Good,1
1904,53,Male,160639,Employed,Married,4,Health,14.3,21494,1203356,5,290172,6,60,Good,1
1905,19,Female,99807,Employed,Married,0,Auto,12.8,26571,1214988,4,484862,1,30,Good,1
1906,31,Male,154648,Employed,Married,4,Health,4.8,39486,1388719,2,416656,13,97,Good,1
1907,30,Female,137652,Employed,Married,1,Property,0.6,27900,1813261,5,32887,14,70,Good,1
1908,46,Male,169401,Employed,Single,3,Life,4.8,5125,1046950,1,432153,9,5,Good,1
1909,29,Female,96792,Self-Employed,Married,5,Auto,4.6,53814,198975,5,65045,0,79,Good,1
1910,56,Female,156300,Unemployed,Divorced,0,Property,13.4,24318,1278364,4,104136,5,57,Good,1
1911,19,Female,62052,Employed,Single,2,Health,14.5,43685,1409784,4,454719,3,43,Poor,1
1912,49,Female,71032,Employed,Married,3,Auto,1.5,48162,1084670,3,258507,14,52,Good,1
1913,30,Female,58686,Employed,Divorced,0,Health,7.3,55756,1401775,1,259797,7,89,Average,1
1914,63,Female,101981,Employed,Married,2,Health,8.5,12590,947094,3,470998,0,77,Average,1
1915,44,Female,123802,Employed,Married,2,Life,1.8,39850,1146527,2,27428,8,6,Good,1
1916,66,Female,158881,Self-Employed,Single,5,Health,6.0,17134,180249,2,132685,5,2,Average,1
1917,58,Female,197857,Employed,Married,5,Health,5.1,30230,680813,0,310487,15,17,Good,1
1918,34,Male,192619,Self-Employed,Single,2,Property,8.3,20058,1920407,4,73159,13,88,Good,1
1919,57,Male,67818,Employed,Married,5,Health,10.1,19301,213094,1,101337,1,12,Good,1
1920,48,Female,125422,Unemployed,Single,2,Life,10.7,42861,1466923,1,453343,7,44,Average,1
1921,51,Male,96927,Self-Employed,Married,0,Health,2.5,32039,1361634,3,314232,4,54,Good,1
1922,41,Female,104465,Unemployed,Married,1,Health,12.3,5284,1110650,5,202267,4,78,Good,1
1923,62,Female,138221,Unemployed,Married,5,Health,10.3,43334,1236173,5,176095,4,7,Good,1
1924,52,Male,62333,Unemployed,Single,4,Auto,13.4,48525,1622642,3,29653,6,90,Good,1
1925,65,Female,151457,Unemployed,Single,4,Life,7.0,45986,364234,5,470832,6,32,Good,1
1926,23,Female,41576,Self-Employed,Married,4,Auto,13.5,23658,1044356,1,77512,9,29,Poor,1
1927,36,Male,144875,Employed,Married,1,Life,13.1,33443,1957462,3,109122,10,46,Good,0
1928,47,Male,64405,Employed,Married,2,Life,6.9,8972,1727948,5,257496,6,73,Good,1
1929,24,Female,119000,Employed,Single,2,Property,6.0,31167,570459,0,15718,11,78,Good,1
1930,27,Male,56601,Employed,Married,3,Auto,14.0,18679,878473,4,74877,9,53,Good,1
1931,58,Male,92946,Employed,Married,4,Life,10.9,49341,813926,0,54219,1,81,Good,1
1932,49,Female,77116,Unemployed,Married,4,Life,14.0,34519,553104,5,375644,7,25,Poor,1
1933,51,Male,129186,Unemployed,Married,2,Property,12.1,30704,1769967,2,185026,0,53,Average,1
1934,45,Male,87894,Employed,Married,4,Auto,9.3,41881,264895,1,409512,15,94,Poor,1
1935,32,Female,190707,Employed,Single,2,Health,2.2,36948,1049511,0,26285,12,29,Average,1
1936,47,Male,32465,Unemployed,Single,2,Property,4.7,19378,990992,0,314454,13,93,Average,1
1937,54,Male,81754,Employed,Married,5,Life,14.5,15328,1031645,3,386390,1,82,Poor,1
1938,46,Female,117850,Self-Employed,Single,2,Auto,5.1,29732,112746,3,407350,10,95,Poor,1
1939,39,Female,134765,Employed,Married,0,Life,1.9,22673,889779,3,110545,6,83,Average,1
1940,21,Female,117691,Self-Employed,Married,0,Property,10.8,15373,1026865,5,446858,3,81,Average,1
1941,37,Male,63871,Employed,Divorced,0,Property,11.1,56663,736260,2,258531,10,6,Average,1
1942,49,Female,54511,Unemployed,Married,0,Auto,4.6,10720,1414821,0,357017,9,76,Good,1
1943,53,Female,105960,Employed,Single,1,Property,4.8,55307,1720959,4,131527,9,38,Good,1
1944,67,Male,90776,Employed,Single,3,Property,7.3,56940,1058957,3,73179,8,3,Average,1
1945,21,Female,69462,Employed,Married,3,Health,0.8,10153,201483,2,127185,10,35,Good,1
1946,44,Female,57574,Employed,Single,2,Life,11.9,11226,525884,5,201228,8,55,Average,1
1947,34,Female,127072,Unemployed,Married,4,Health,5.1,7976,341411,2,271011,13,47,Average,1
1948,29,Female,197982,Self-Employed,Married,0,Health,12.9,43019,1793766,3,287721,2,33,Good,1
1949,39,Male,181258,Employed,Single,3,Auto,12.1,41267,326218,1,159719,12,93,Good,1
1950,34,Female,178885,Employed,Single,3,Property,10.1,24297,1428467,0,442110,13,3,Good,1
1951,27,Female,103282,Employed,Married,0,Life,5.2,21587,1294657,3,91007,12,69,Good,1
1952,18,Male,134779,Self-Employed,Divorced,1,Life,8.0,23206,1651686,4,201707,2,59,Good,1
1953,39,Female,43557,Self-Employed,Single,1,Life,7.0,30935,1542848,0,144959,8,78,Average,1
1954,43,Male,184132,Employed,Divorced,3,Property,5.4,34633,1050414,2,43314,12,100,Good,1
1955,35,Male,97104,Self-Employed,Married,1,Life,12.8,15736,1880979,4,179275,9,92,Good,1
1956,67,Male,162152,Self-Employed,Divorced,5,Life,7.5,46401,776575,0,486421,14,96,Good,1
1957,31,Female,169926,Unemployed,Single,0,Property,12.6,11971,1896821,4,59,11,18,Average,1
1958,64,Male,147013,Unemployed,Single,3,Auto,2.0,14507,1074455,2,405889,7,77,Good,1
1959,46,Male,183097,Self-Employed,Married,0,Life,2.5,30724,1703239,3,448567,0,66,Average,1
1960,29,Male,66081,Self-Employed,Divorced,1,Property,14.7,27166,1027580,4,88231,5,25,Good,1
1961,53,Female,160440,Employed,Married,0,Health,9.0,18158,1920888,3,464283,6,20,Good,1
1962,52,Female,144181,Self-Employed,Married,1,Property,7.9,30774,1003044,2,199372,13,71,Good,1
1963,69,Female,52094,Employed,Divorced,1,Health,8.1,16108,1521261,2,383840,10,75,Poor,1
1964,29,Female,91766,Employed,Single,0,Property,3.6,17077,266321,4,263938,13,69,Good,1
1965,24,Female,108053,Employed,Married,1,Life,10.9,9175,306690,4,262141,7,29,Average,1
1966,46,Female,180063,Self-Employed,Divorced,5,Auto,1.7,40627,664952,2,388286,11,18,Average,1
1967,28,Female,26301,Employed,Single,2,Auto,8.8,7962,551501,4,272865,11,72,Average,1
1968,50,Male,184682,Employed,Single,0,Life,8.8,18616,565802,4,190358,1,27,Good,1
1969,23,Male,106463,Employed,Married,2,Health,13.8,37253,663067,4,267830,13,42,Average,1
1970,64,Male,190750,Employed,Single,0,Property,8.1,22751,421456,5,440659,0,66,Poor,1
1971,32,Male,49466,Employed,Single,1,Life,2.5,50625,279170,4,357147,3,99,Average,1
1972,49,Female,196947,Self-Employed,Divorced,1,Property,8.8,10210,635702,0,234363,0,26,Average,1
1973,68,Male,51081,Self-Employed,Married,3,Life,1.8,37390,1316566,2,195335,1,23,Good,1
1974,28,Male,49354,Employed,Married,5,Life,3.5,40677,1557668,2,62722,2,5,Good,1
1975,40,Male,118297,Unemployed,Married,3,Property,1.0,48176,879711,1,183645,3,80,Average,1
1976,43,Male,43300,Self-Employed,Single,2,Auto,7.9,41173,1796802,3,143960,15,11,Good,1
1977,51,Female,89384,Employed,Single,1,Auto,1.7,20993,1876476,1,301492,15,19,Poor,1
1978,63,Female,120027,Self-Employed,Single,3,Health,7.3,31859,895630,4,275677,11,80,Poor,1
1979,51,Female,146684,Unemployed,Single,1,Property,14.0,25878,1766166,4,152988,11,96,Average,1
1980,46,Male,85892,Employed,Married,0,Health,10.9,19923,723812,0,61422,5,12,Poor,1
1981,21,Female,60525,Employed,Married,3,Life,1.6,38588,268501,0,443741,15,2,Good,1
1982,34,Male,182604,Unemployed,Married,2,Health,3.8,32100,1513890,0,396769,7,43,Poor,1
1983,52,Female,31464,Employed,Single,3,Life,10.3,29086,1346981,0,380504,8,22,Good,0
1984,30,Female,41562,Employed,Single,1,Property,13.5,45023,834061,0,270288,14,26,Good,1
1985,58,Female,132392,Employed,Married,4,Property,1.0,56814,1364439,0,369722,3,33,Average,1
1986,56,Female,80514,Employed,Married,4,Property,12.3,52709,485537,0,241815,0,24,Good,1
1987,32,Female,138428,Unemployed,Single,5,Property,8.6,37571,1527025,0,91045,13,69,Poor,1
1988,46,Male,137564,Employed,Married,1,Health,8.4,16017,860669,5,453147,4,21,Good,1
1989,46,Female,133047,Employed,Single,0,Life,14.4,59524,358469,0,194784,15,46,Poor,1
1990,28,Male,57634,Self-Employed,Single,3,Auto,11.3,42221,745047,2,398653,4,18,Good,1
1991,69,Male,25060,Employed,Married,4,Property,12.8,24513,694436,0,352227,8,5,Average,0
1992,49,Male,34269,Employed,Single,0,Property,5.6,49974,1070413,3,260658,5,8,Average,1
1993,19,Male,48065,Employed,Married,1,Life,8.5,51478,1592976,0,163590,4,85,Average,1
1994,64,Male,27895,Self-Employed,Single,0,Auto,9.4,58768,1108320,5,23830,9,57,Good,1
1995,31,Female,105859,Employed,Single,1,Property,5.2,19860,732457,4,372725,9,5,Average,1
1996,37,Female,168424,Employed,Single,5,Auto,8.8,13086,131528,5,336429,4,13,Good,0
1997,39,Female,129127,Employed,Divorced,3,Property,3.9,53544,603411,5,308697,7,83,Average,1
1998,28,Female,121426,Employed,Married,0,Health,2.6,23050,498169,4,218957,10,93,Good,1
1999,44,Male,188088,Employed,Divorced,3,Health,5.9,45157,750016,0,488041,0,66,Good,1
2000,20,Female,36962,Employed,Married,0,Auto,11.2,24784,710522,0,399131,4,37,Good,0
2001,34,Female,58302,Self-Employed,Married,1,Life,13.8,16774,284887,4,290839,0,90,Good,1
2002,61,Male,110382,Employed,Single,1,Life,7.1,39968,1469841,3,468486,14,29,Poor,1
2003,45,Male,29011,Self-Employed,Single,0,Health,9.8,17142,1843755,1,276847,6,69,Good,1
2004,46,Female,154716,Employed,Single,5,Life,2.0,55135,1390497,2,481251,13,32,Average,1
2005,38,Female,44782,Unemployed,Single,1,Life,13.6,28007,1432736,4,152550,14,48,Good,1
2006,64,Male,145654,Employed,Married,2,Life,8.7,30158,506464,0,67918,6,2,Poor,0
2007,33,Female,195797,Self-Employed,Single,2,Auto,11.8,11051,1793048,2,292272,12,69,Good,1
2008,54,Female,34196,Employed,Single,3,Auto,12.0,36576,510492,0,53250,9,97,Good,1
2009,37,Female,68459,Employed,Single,2,Life,4.2,9115,720832,1,222191,7,51,Average,1
2010,23,Female,112245,Employed,Married,2,Health,8.2,24024,1901685,1,107777,13,35,Average,0
2011,36,Male,103863,Unemployed,Married,5,Life,14.4,11371,1297003,4,299270,6,83,Good,1
2012,22,Male,148206,Employed,Divorced,5,Property,1.8,57569,1623814,2,106616,10,15,Good,1
2013,20,Male,126010,Employed,Single,4,Health,10.4,33690,1098179,5,46799,8,99,Good,1
2014,18,Female,57769,Self-Employed,Single,4,Auto,14.5,44355,1852212,2,225300,7,72,Good,1
2015,55,Female,132529,Employed,Single,5,Property,4.9,37420,1993459,5,451464,15,65,Average,1
2016,32,Female,49700,Self-Employed,Divorced,4,Life,13.0,48375,1662531,1,295051,7,38,Good,1
2017,51,Female,30269,Self-Employed,Single,5,Life,14.0,53002,645817,0,7644,2,86,Good,1
2018,52,Female,146631,Self-Employed,Married,4,Health,11.3,51698,267086,5,296727,14,17,Good,1
2019,66,Male,68880,Employed,Married,1,Health,3.9,14080,744830,5,54560,9,80,Good,1
2020,42,Female,139003,Employed,Single,5,Life,5.3,6883,1430816,4,495821,14,45,Average,1
2021,41,Female,164392,Employed,Single,3,Life,1.0,9821,719941,3,372778,15,1,Average,1
2022,29,Male,74589,Self-Employed,Single,3,Health,12.6,41590,1676281,1,408401,3,3,Good,1
2023,35,Female,60897,Employed,Divorced,5,Property,12.8,13338,1744845,5,105589,3,70,Good,1
2024,32,Male,187002,Employed,Married,2,Auto,9.7,55868,695241,1,304132,0,52,Good,1
2025,61,Male,39380,Unemployed,Married,3,Health,5.6,27007,1688358,4,403662,5,53,Poor,1
2026,33,Male,95934,Employed,Married,2,Property,1.6,7477,480983,0,285306,1,3,Good,0
2027,44,Male,80830,Unemployed,Married,3,Life,11.4,18135,1555094,2,145222,14,94,Good,1
2028,25,Male,30529,Unemployed,Married,0,Auto,11.0,47423,1728533,1,434520,8,47,Good,1
2029,63,Female,119598,Unemployed,Single,0,Property,13.7,15437,555486,4,95373,13,75,Poor,1
2030,42,Male,107987,Self-Employed,Single,5,Auto,11.1,53100,1468983,4,36003,0,91,Average,1
2031,34,Male,74178,Employed,Single,3,Auto,12.5,14502,1975282,4,51746,0,86,Good,1
2032,46,Female,163009,Employed,Married,1,Auto,11.3,34236,1005672,2,66923,10,6,Good,1
2033,70,Female,146952,Self-Employed,Single,2,Property,9.6,5368,1639426,1,470961,12,46,Average,1
2034,25,Male,64886,Employed,Married,3,Property,6.7,30839,1570595,5,132055,9,95,Good,1
2035,32,Female,74699,Employed,Single,5,Life,13.6,57001,784524,4,389454,10,61,Good,1
2036,44,Female,101396,Self-Employed,Divorced,2,Auto,9.9,51366,138441,2,47114,5,43,Poor,1
2037,63,Male,115678,Employed,Single,4,Health,6.3,40515,1211903,0,97687,12,56,Poor,1
2038,67,Male,50279,Unemployed,Single,5,Health,1.7,12562,462605,3,51274,0,70,Poor,1
2039,69,Female,194178,Self-Employed,Divorced,3,Health,4.7,12139,870629,1,218411,11,20,Good,1
2040,24,Male,135776,Self-Employed,Married,1,Property,8.4,32141,199099,2,281522,14,47,Good,1
2041,20,Male,126444,Self-Employed,Divorced,4,Life,4.5,47778,1225501,3,252816,2,54,Good,1
2042,46,Female,131300,Unemployed,Single,5,Property,3.7,11704,413179,3,269692,15,41,Average,1
2043,61,Male,138793,Self-Employed,Single,3,Auto,8.1,6887,472007,2,39621,9,75,Average,1
2044,70,Male,141278,Employed,Married,0,Health,3.0,16975,375634,5,248660,1,66,Average,1
2045,41,Male,196616,Employed,Divorced,3,Property,12.1,54211,630332,5,197383,12,31,Poor,1
2046,20,Male,128247,Unemployed,Single,0,Health,7.5,5544,913941,2,257870,10,64,Average,1
2047,37,Male,33997,Self-Employed,Divorced,0,Property,8.8,24448,652132,2,86901,8,90,Good,1
2048,63,Female,131102,Employed,Married,5,Health,2.6,27830,1997220,4,227315,15,91,Good,1
2049,32,Female,110711,Employed,Married,3,Auto,5.2,51323,1563396,0,115423,4,58,Good,1
2050,42,Male,141045,Employed,Single,3,Health,6.4,59955,1569352,5,252537,5,55,Good,1
2051,47,Female,65860,Employed,Single,0,Auto,12.2,55382,1607900,4,89673,1,46,Good,1
2052,31,Male,28225,Unemployed,Divorced,2,Auto,11.7,28926,232278,3,414747,7,95,Average,1
2053,24,Male,135114,Unemployed,Divorced,4,Property,3.7,36002,440776,3,280014,5,24,Good,1
2054,34,Male,138218,Employed,Married,1,Property,9.4,52581,1309198,3,442763,15,77,Average,1
2055,61,Male,125764,Self-Employed,Single,3,Property,4.0,18333,1725096,2,45738,10,89,Average,1
2056,37,Male,132041,Employed,Single,4,Auto,14.8,21942,1970236,1,67537,11,37,Good,1
2057,53,Female,137224,Self-Employed,Married,4,Life,14.3,19684,1404269,4,241015,7,41,Good,1
2058,26,Female,88656,Employed,Single,2,Life,8.7,31088,1758789,1,407972,7,25,Good,1
2059,55,Male,101290,Self-Employed,Single,4,Auto,10.6,27447,924125,0,319851,13,29,Good,1
2060,65,Female,81633,Employed,Single,3,Auto,12.1,13861,184533,0,434046,14,31,Good,1
2061,39,Male,51655,Employed,Married,5,Property,11.0,29833,462163,4,224471,0,2,Average,1
2062,70,Female,146118,Employed,Single,5,Property,10.6,22454,343815,3,141118,6,12,Average,1
2063,70,Male,199673,Employed,Married,4,Property,14.4,6050,187165,5,154724,1,5,Good,1
2064,19,Female,28114,Employed,Married,3,Life,9.1,25422,1182913,0,317173,14,61,Good,0
2065,41,Male,51502,Employed,Married,3,Life,9.7,26530,1165636,1,299100,10,91,Average,1
2066,25,Male,74768,Employed,Married,0,Auto,12.8,52060,866896,1,276030,7,56,Good,1
2067,28,Female,73128,Unemployed,Single,2,Life,10.2,20756,1060297,5,348425,11,98,Good,1
2068,30,Female,176100,Self-Employed,Married,1,Property,11.1,9022,311213,2,366797,1,78,Poor,1
2069,34,Male,108123,Unemployed,Married,0,Property,3.9,46104,1839217,3,425039,3,71,Good,1
2070,25,Female,133255,Unemployed,Married,1,Property,5.9,7634,1845696,2,170020,1,37,Average,1
2071,38,Male,191405,Employed,Divorced,3,Property,2.6,32145,568085,4,406538,12,36,Good,1
2072,35,Female,28174,Employed,Married,5,Property,7.8,12288,148993,0,204402,6,74,Good,1
2073,47,Female,142769,Employed,Married,0,Health,7.1,13992,1637115,5,111705,4,29,Good,1
2074,35,Male,60398,Unemployed,Single,4,Auto,15.0,39253,703747,5,115431,12,80,Poor,1
2075,63,Female,192001,Unemployed,Married,4,Auto,9.4,32005,610956,5,268306,10,38,Average,1
2076,64,Female,160393,Employed,Married,1,Life,11.9,56975,1052303,2,376371,15,85,Good,1
2077,48,Male,148549,Employed,Single,3,Property,5.3,54824,1592452,2,82293,12,41,Poor,1
2078,55,Female,97635,Employed,Married,5,Health,12.6,17166,469750,4,136977,10,33,Good,1
2079,49,Male,48760,Self-Employed,Single,1,Property,9.4,33065,1087369,1,487517,8,93,Good,1
2080,28,Male,167432,Employed,Married,5,Property,10.6,58574,1526320,1,380959,4,81,Good,1
2081,62,Male,166385,Employed,Married,2,Life,4.8,22798,613147,4,126614,10,13,Good,1
2082,42,Male,155674,Employed,Married,5,Health,8.5,34301,891754,5,110580,7,6,Good,1
2083,50,Male,161873,Self-Employed,Divorced,4,Health,9.7,8894,854719,1,319627,1,66,Good,1
2084,55,Female,39130,Self-Employed,Single,0,Auto,9.0,8846,1401966,4,38457,2,8,Poor,1
2085,58,Male,170343,Employed,Single,0,Property,13.8,19481,270947,1,84940,5,64,Average,1
2086,25,Male,172147,Unemployed,Single,0,Health,13.5,47154,1711302,4,408596,10,96,Average,1
2087,28,Female,132215,Employed,Divorced,5,Auto,14.6,56176,276221,1,408724,6,100,Good,1
2088,39,Female,175056,Self-Employed,Married,4,Health,10.2,55509,1227945,5,19676,13,9,Average,1
2089,68,Female,113095,Self-Employed,Married,5,Property,14.6,35221,904566,2,350940,9,23,Good,1
2090,41,Male,85942,Employed,Single,3,Auto,12.6,52764,1418295,2,72433,7,71,Average,1
2091,58,Male,168933,Employed,Married,4,Health,4.4,13048,1749763,5,382170,14,95,Poor,1
2092,34,Male,123970,Self-Employed,Single,4,Life,6.7,32386,1499027,1,394780,2,21,Average,1
2093,29,Female,107203,Employed,Married,5,Health,4.0,38336,1242841,5,144942,6,1,Good,1
2094,63,Male,177049,Self-Employed,Married,5,Property,0.6,44258,1315428,4,276363,7,46,Good,1
2095,49,Female,113177,Self-Employed,Married,0,Life,3.2,28853,906244,2,213049,9,62,Poor,1
2096,32,Male,97902,Self-Employed,Married,4,Health,0.6,39713,668810,0,413096,14,2,Good,0
2097,33,Female,117172,Employed,Married,0,Health,10.9,21791,1236959,1,120082,5,75,Average,1
2098,39,Male,171702,Employed,Married,3,Auto,6.7,9228,1612466,0,403595,3,82,Good,1
2099,45,Male,45056,Self-Employed,Married,2,Property,5.0,16945,1435652,0,185366,12,44,Good,1
2100,37,Male,163454,Employed,Married,0,Health,11.5,46573,352020,3,2948,5,88,Average,1
2101,50,Female,80739,Self-Employed,Single,5,Health,12.6,44899,318247,0,488345,15,83,Good,1
2102,27,Female,106685,Self-Employed,Single,1,Health,14.6,29681,1197542,0,35902,8,5,Good,1
2103,57,Male,73639,Employed,Married,2,Property,9.8,39986,595911,5,214579,2,93,Good,1
2104,49,Male,25992,Self-Employed,Married,3,Life,7.2,19975,1194156,3,8969,14,39,Average,1
2105,67,Male,97394,Employed,Single,5,Property,4.9,53377,1391364,3,62805,1,66,Good,1
2106,50,Female,92657,Employed,Married,2,Auto,3.7,12711,1860635,3,282790,4,81,Good,1
2107,19,Male,52160,Unemployed,Single,5,Auto,3.6,49759,271162,4,191638,15,45,Average,1
2108,50,Male,70156,Unemployed,Single,0,Property,6.4,58509,1518833,3,55818,6,75,Good,1
2109,50,Male,111442,Employed,Married,5,Health,14.9,17105,388343,5,456667,2,13,Good,1
2110,58,Male,175644,Unemployed,Married,3,Health,0.5,54645,1776392,4,3678,4,93,Good,1
2111,30,Female,142925,Employed,Married,1,Life,3.4,35146,1633569,1,240116,3,32,Good,1
2112,47,Female,29136,Employed,Married,0,Property,3.2,20238,769197,4,93055,10,43,Good,1
2113,50,Male,86868,Employed,Divorced,0,Property,10.9,8868,275231,1,115686,6,8,Poor,1
2114,30,Male,107263,Unemployed,Married,3,Health,5.6,58537,636976,3,123439,1,74,Average,1
2115,69,Female,57167,Employed,Single,3,Auto,7.1,49294,1052261,3,392539,11,89,Good,1
2116,43,Female,135957,Employed,Single,2,Auto,2.7,15060,356738,1,462095,10,59,Good,1
2117,39,Male,40479,Employed,Single,1,Life,6.4,10433,1239216,2,118189,12,11,Good,1
2118,56,Female,144392,Self-Employed,Divorced,5,Life,2.0,27612,1872076,5,266158,6,28,Good,1
2119,19,Female,187448,Employed,Single,2,Auto,8.2,22822,590021,4,136179,11,97,Poor,1
2120,55,Male,160895,Employed,Single,5,Property,1.9,39120,684827,5,364776,1,39,Good,1
2121,56,Female,44585,Employed,Single,5,Life,12.0,46004,872455,5,37423,2,26,Poor,1
2122,43,Female,173344,Employed,Married,5,Health,8.7,26294,755423,0,120015,4,72,Good,1
2123,63,Male,51619,Self-Employed,Single,2,Property,11.0,23764,1233308,3,122308,6,26,Good,1
2124,67,Male,100069,Employed,Divorced,0,Health,6.6,9560,1061285,4,497378,12,32,Good,1
2125,32,Female,64895,Self-Employed,Single,3,Life,6.0,21583,1381979,5,366068,15,46,Good,1
2126,51,Male,28720,Employed,Single,0,Auto,1.9,20560,1294607,4,107416,5,28,Average,1
2127,59,Female,44267,Unemployed,Single,1,Life,8.1,9424,853765,5,294476,11,7,Good,1
2128,61,Male,171768,Employed,Married,2,Auto,8.0,45615,1310928,3,367452,6,35,Good,1
2129,66,Female,186040,Employed,Divorced,1,Property,7.3,31863,586676,5,427226,10,66,Average,1
2130,57,Male,78364,Employed,Single,3,Life,11.2,51963,537474,1,351079,5,22,Average,1
2131,28,Female,179417,Self-Employed,Single,3,Life,12.6,34469,1405622,3,257572,12,22,Poor,1
2132,20,Female,76567,Unemployed,Married,4,Life,11.4,42565,258539,4,264805,11,3,Good,1
2133,23,Female,116229,Employed,Single,1,Property,2.6,28184,1557848,2,135870,0,46,Average,1
2134,26,Male,175457,Self-Employed,Single,0,Health,9.5,28910,1675999,5,197148,14,50,Good,1
2135,23,Male,103518,Employed,Single,1,Health,1.7,52077,903996,1,415545,4,8,Average,1
2136,26,Female,107844,Employed,Single,2,Auto,10.6,27404,425402,3,187132,11,4,Average,1
2137,56,Female,188991,Employed,Single,3,Life,6.0,56920,203813,0,287994,0,15,Good,1
2138,48,Male,115697,Self-Employed,Single,3,Health,2.4,40175,1082164,3,215777,6,44,Good,1
2139,49,Male,82196,Self-Employed,Single,1,Property,13.0,59649,1962470,4,249246,3,39,Poor,1
2140,58,Male,140600,Employed,Married,1,Life,9.4,8791,156682,4,134229,4,76,Good,1
2141,67,Male,125625,Employed,Single,5,Auto,5.6,37208,627016,0,299629,0,29,Average,1
2142,29,Male,156567,Employed,Married,1,Health,0.9,57445,1811567,1,398552,7,73,Good,1
2143,25,Male,69755,Employed,Single,5,Property,8.3,56998,1552676,4,465917,14,62,Average,1
2144,25,Female,58324,Employed,Married,2,Property,13.9,44276,1959982,1,379075,3,84,Average,1
2145,67,Male,103929,Employed,Single,2,Auto,9.1,52175,1525812,1,486370,2,34,Good,1
2146,45,Female,157624,Employed,Married,0,Health,14.6,57463,1511897,3,42280,0,26,Good,1
2147,37,Male,76272,Employed,Single,1,Life,2.5,14629,529252,1,183217,3,85,Good,1
2148,64,Male,191925,Employed,Divorced,0,Property,8.7,37894,1233190,5,378923,2,87,Good,1
2149,24,Female,188996,Employed,Single,4,Auto,12.1,26990,765634,4,113032,7,18,Good,1
2150,28,Female,99462,Employed,Single,2,Property,8.1,47580,1996824,4,341434,8,63,Average,1
2151,37,Male,179961,Self-Employed,Divorced,3,Property,1.8,12694,1721390,2,5209,11,52,Poor,1
2152,33,Female,79675,Employed,Married,5,Health,9.0,41087,677755,1,61402,4,54,Average,1
2153,21,Female,98591,Employed,Single,4,Health,9.4,13673,1003041,2,211098,8,88,Average,1
2154,23,Female,178706,Employed,Divorced,3,Life,11.1,43199,1368408,3,486353,0,42,Average,1
2155,39,Female,57363,Employed,Single,4,Property,11.5,37187,486564,2,7645,6,93,Average,1
2156,43,Male,102004,Employed,Single,0,Auto,11.7,9378,441574,1,300652,10,54,Average,0
2157,20,Female,65718,Employed,Divorced,0,Property,10.1,28553,126965,4,102458,13,52,Good,1
2158,58,Male,138627,Employed,Single,5,Auto,3.6,56273,596368,3,319966,6,13,Good,1
2159,59,Male,51870,Unemployed,Divorced,2,Property,6.4,57287,785918,1,363113,5,32,Good,1
2160,31,Male,62394,Employed,Single,5,Auto,11.8,48780,684095,3,137090,3,83,Average,1
2161,28,Male,77057,Employed,Married,3,Property,14.3,44258,1926247,0,444124,12,81,Good,1
2162,35,Female,104795,Self-Employed,Married,4,Property,1.6,27524,938952,1,157446,10,66,Good,1
2163,29,Female,105409,Employed,Divorced,5,Life,8.3,48331,1585737,0,398929,8,82,Good,1
2164,40,Male,38016,Self-Employed,Married,1,Health,5.0,21622,1860960,2,111375,13,58,Poor,1
2165,29,Male,67137,Employed,Single,1,Health,3.8,6420,1802894,1,248880,2,39,Average,0
2166,30,Male,156225,Unemployed,Married,2,Auto,7.8,52440,1771847,0,357752,10,27,Good,1
2167,42,Male,163925,Employed,Single,5,Property,9.3,5340,1270770,5,480287,14,78,Average,1
2168,62,Female,37379,Employed,Married,3,Property,0.6,49310,1755531,4,251365,10,54,Poor,1
2169,68,Male,171864,Unemployed,Divorced,1,Health,11.8,45288,1110469,2,96856,0,79,Good,1
2170,36,Female,146169,Employed,Married,2,Auto,12.4,48953,1035209,1,486315,14,72,Good,1
2171,63,Male,194439,Employed,Married,5,Life,14.5,9987,288151,1,375775,1,73,Good,1
2172,53,Male,174172,Self-Employed,Single,2,Life,3.1,31062,1070404,4,215570,2,85,Good,1
2173,62,Male,151082,Employed,Married,3,Life,9.1,50517,1277911,4,263170,1,43,Poor,1
2174,25,Male,138089,Employed,Single,1,Property,6.7,37456,1590502,0,70009,5,99,Average,1
2175,46,Female,36049,Self-Employed,Married,1,Auto,5.4,58227,1105286,0,201275,12,52,Average,1
2176,70,Female,156858,Employed,Single,1,Health,8.7,43180,669398,0,182178,14,14,Good,1
2177,49,Female,186771,Self-Employed,Married,0,Property,11.8,30308,1939797,3,224497,13,91,Poor,1
2178,68,Male,147784,Unemployed,Single,1,Property,0.8,24862,362677,2,91676,6,8,Good,0
2179,61,Male,72691,Employed,Married,4,Life,14.6,12670,1461690,1,344650,4,35,Good,1
2180,35,Female,193112,Employed,Single,0,Auto,12.2,56647,1701640,2,212549,4,18,Good,1
2181,23,Female,82986,Employed,Married,5,Auto,11.4,29246,1065806,4,259666,6,55,Average,1
2182,35,Male,194834,Employed,Single,0,Life,11.5,18766,1429445,5,94564,5,78,Average,1
2183,36,Male,179672,Unemployed,Married,0,Life,6.1,34681,1212943,2,295596,11,52,Good,0
2184,39,Female,119774,Employed,Single,0,Life,11.4,13323,1482950,2,481178,7,72,Average,1
2185,54,Male,175882,Employed,Married,2,Property,6.1,6857,694830,0,265412,8,49,Good,1
2186,49,Male,130315,Self-Employed,Single,4,Property,13.5,52223,192534,4,80729,1,8,Good,1
2187,58,Female,82204,Unemployed,Married,3,Property,3.1,35587,464993,2,93602,11,37,Good,1
2188,20,Male,45085,Employed,Single,1,Health,4.7,30818,535644,1,393874,1,66,Good,1
2189,45,Female,195851,Employed,Married,0,Health,8.5,30247,877275,0,34064,14,81,Average,1
2190,27,Male,58980,Self-Employed,Single,3,Auto,5.1,38272,1768487,2,165365,0,77,Average,1
2191,68,Female,81117,Unemployed,Single,2,Life,6.7,45235,727499,4,43042,6,78,Good,1
2192,52,Male,170213,Employed,Married,3,Life,7.6,23540,1893834,5,367598,10,41,Good,1
2193,46,Female,165416,Employed,Single,0,Property,12.9,30837,1939493,1,138864,14,73,Average,1
2194,32,Female,40896,Employed,Single,5,Health,8.1,13484,1215347,5,399820,13,27,Good,1
2195,50,Female,114353,Employed,Divorced,4,Life,5.8,35682,274746,4,178893,3,20,Good,1
2196,24,Female,54813,Employed,Divorced,3,Auto,4.1,36707,1387852,4,38557,14,38,Good,1
2197,29,Male,90679,Unemployed,Married,0,Life,6.4,49610,197519,4,7420,8,12,Good,1
2198,66,Male,166753,Unemployed,Single,0,Property,8.0,9923,582791,5,169593,5,42,Good,1
2199,47,Female,28228,Unemployed,Single,1,Property,11.3,47019,1375600,3,455167,11,86,Good,1
2200,38,Male,160654,Employed,Married,5,Health,2.3,20920,953113,1,255023,6,50,Good,1
2201,48,Male,36397,Self-Employed,Single,1,Auto,3.7,48263,1041308,4,244920,12,31,Good,1
2202,41,Male,194871,Self-Employed,Divorced,5,Auto,6.0,26938,1851180,3,285162,6,77,Good,1
2203,37,Male,62011,Employed,Single,4,Life,5.7,59890,1412195,0,125200,7,65,Average,1
2204,54,Male,104183,Employed,Divorced,1,Auto,6.2,18319,1799667,3,63076,3,53,Average,1
2205,21,Female,118254,Employed,Married,4,Life,12.0,56947,1724937,0,5108,2,40,Good,1
2206,45,Female,67317,Unemployed,Married,2,Life,5.2,47161,1682911,5,92686,2,73,Good,1
2207,61,Female,127489,Employed,Single,2,Health,7.8,11900,1012536,3,332927,9,39,Good,1
2208,37,Female,65096,Unemployed,Divorced,5,Auto,9.5,7160,570908,5,73937,7,10,Good,1
2209,41,Male,78785,Employed,Single,5,Property,3.9,21236,1506677,4,410223,11,29,Average,1
2210,67,Male,77344,Self-Employed,Married,1,Life,10.9,11221,979923,3,141069,14,40,Good,1
2211,66,Female,145382,Employed,Married,2,Life,8.4,30294,1236175,3,267405,12,30,Good,1
2212,68,Male,184484,Self-Employed,Single,3,Life,7.0,15038,1197020,4,200876,14,2,Good,1
2213,49,Male,135489,Employed,Married,3,Auto,12.2,24651,287920,0,333664,2,82,Good,1
2214,58,Female,36549,Unemployed,Married,3,Auto,4.0,58649,1825735,4,20926,7,28,Good,1
2215,53,Male,50739,Employed,Single,2,Auto,13.3,28360,1497578,1,490614,1,47,Poor,1
2216,70,Female,46209,Employed,Married,3,Life,8.6,13255,1344504,3,229066,14,32,Average,1
2217,51,Female,132051,Employed,Single,4,Property,9.3,7699,311540,1,196618,4,88,Good,1
2218,53,Male,40116,Employed,Single,0,Property,13.2,48893,1522617,4,410360,4,78,Poor,1
2219,19,Male,45045,Employed,Married,5,Auto,12.4,26928,537455,5,419119,6,89,Good,1
2220,32,Female,182399,Employed,Married,1,Property,9.2,53169,682183,4,259831,4,89,Good,1
2221,51,Female,60709,Unemployed,Single,4,Life,11.4,5372,1582735,2,132249,8,32,Poor,1
2222,53,Male,68617,Employed,Divorced,3,Auto,6.8,58179,162559,1,485698,2,27,Good,1
2223,23,Female,182977,Self-Employed,Divorced,0,Auto,8.4,52312,1041507,2,60952,8,54,Poor,1
2224,56,Female,144779,Employed,Married,1,Life,1.4,23898,777861,1,402384,0,96,Average,1
2225,59,Female,67919,Employed,Married,4,Auto,1.8,55083,393236,5,379324,2,56,Poor,1
2226,68,Male,108521,Unemployed,Single,1,Life,12.5,28855,1360167,2,395605,3,31,Average,1
2227,68,Female,31447,Employed,Married,5,Auto,1.4,39758,1964776,2,268508,5,24,Good,1
2228,29,Male,30499,Unemployed,Married,2,Property,3.0,57808,921036,1,129133,9,35,Average,1
2229,20,Female,64041,Employed,Single,3,Auto,12.0,14607,449968,4,27033,7,30,Good,0
2230,62,Male,56315,Employed,Married,4,Auto,0.5,44558,408904,0,48545,6,97,Average,1
2231,35,Female,157371,Unemployed,Single,4,Auto,4.6,13553,106476,4,11865,7,55,Good,1
2232,57,Male,145506,Self-Employed,Single,0,Health,9.0,10383,1015848,0,18936,5,64,Average,0
2233,38,Male,161066,Employed,Married,0,Property,9.1,53343,1918309,1,259848,5,33,Average,1
2234,32,Male,163561,Employed,Married,0,Life,11.8,5715,198138,3,77863,13,46,Average,1
2235,50,Female,116647,Self-Employed,Married,1,Health,7.8,14837,1401609,4,359932,5,91,Average,1
2236,52,Female,57355,Employed,Married,3,Property,7.9,55699,1256196,2,100614,2,97,Average,1
2237,43,Female,98805,Self-Employed,Divorced,1,Auto,11.0,18950,1264646,4,396957,13,33,Good,1
2238,25,Male,93367,Employed,Married,3,Auto,7.7,12992,1224074,1,367733,9,68,Poor,1
2239,53,Female,134906,Employed,Married,4,Life,9.3,31817,128439,3,351681,14,64,Average,1
2240,65,Male,142409,Unemployed,Single,1,Life,13.5,54803,103400,3,134911,3,30,Average,0
2241,47,Female,102355,Employed,Single,1,Property,6.3,38818,1238552,4,368029,10,79,Poor,1
2242,40,Male,141220,Employed,Single,1,Property,6.1,18357,343305,4,281283,5,29,Good,1
2243,59,Male,112173,Self-Employed,Married,2,Life,0.6,9742,1015850,5,440121,12,62,Good,1
2244,61,Male,26996,Employed,Married,5,Property,9.4,18369,1173186,4,222006,6,92,Average,1
2245,31,Female,69387,Employed,Single,3,Life,0.9,10044,675644,1,314893,2,96,Good,1
2246,31,Female,28089,Employed,Single,3,Auto,7.8,59208,1833511,0,287180,3,100,Good,1
2247,19,Female,123827,Employed,Single,1,Life,12.2,15288,1430448,5,365685,5,30,Average,1
2248,54,Male,45659,Employed,Single,2,Health,8.5,30378,1790566,0,176344,0,12,Good,1
2249,22,Male,70178,Employed,Divorced,1,Life,4.4,12261,1964075,2,394956,10,67,Poor,1
2250,55,Female,120965,Employed,Married,3,Life,11.9,48614,583055,1,215116,14,15,Poor,1
2251,62,Female,106268,Employed,Single,5,Health,4.4,23064,931694,5,58788,6,10,Good,1
2252,58,Female,110042,Self-Employed,Married,5,Health,11.1,14799,1650068,3,31611,12,86,Average,1
2253,64,Male,131471,Employed,Married,4,Health,9.3,8522,1412348,5,201899,14,61,Good,1
2254,31,Male,95111,Employed,Married,2,Health,3.0,18690,1515788,2,162181,10,23,Average,1
2255,56,Male,190637,Unemployed,Single,5,Life,13.6,7057,699345,3,19481,0,11,Good,1
2256,42,Male,125435,Employed,Married,2,Property,3.4,40489,728337,5,267391,10,16,Average,1
2257,37,Male,114242,Self-Employed,Single,1,Health,14.8,42589,1567172,3,184693,12,49,Good,1
2258,19,Female,138204,Employed,Married,4,Auto,0.6,40331,684141,4,414599,11,80,Average,1
2259,56,Male,178956,Unemployed,Married,3,Life,4.3,19559,1570715,3,457751,12,14,Average,1
2260,23,Male,42199,Unemployed,Married,5,Property,3.4,18692,1444778,5,287463,11,6,Good,1
2261,34,Male,85038,Employed,Single,5,Auto,0.7,53429,1991170,3,170406,12,42,Average,1
2262,42,Male,82786,Employed,Single,0,Life,11.1,5202,980848,1,23728,9,17,Poor,1
2263,45,Male,134636,Employed,Single,3,Life,10.6,38709,1079898,4,361300,10,95,Average,1
2264,19,Female,74294,Employed,Divorced,5,Auto,12.0,21972,1344726,4,423658,15,42,Average,1
2265,52,Male,190250,Employed,Single,5,Health,4.2,46530,1298618,2,86846,14,10,Good,1
2266,54,Male,168737,Self-Employed,Single,3,Health,6.9,14537,1449611,4,304665,10,46,Good,1
2267,22,Male,25534,Employed,Divorced,4,Auto,10.1,6642,1808866,0,326921,8,84,Good,1
2268,18,Female,116828,Employed,Married,2,Property,6.9,6365,1577110,1,480204,9,49,Good,1
2269,57,Female,61132,Self-Employed,Married,3,Health,10.6,45324,936539,2,143209,8,9,Good,1
2270,29,Female,140720,Employed,Single,2,Life,9.7,5008,948385,0,174708,10,79,Average,1
2271,53,Male,61110,Unemployed,Married,4,Life,2.2,54683,862435,3,408121,8,39,Good,1
2272,62,Female,88580,Self-Employed,Single,4,Property,11.8,33820,1519153,0,87309,3,2,Good,1
2273,40,Male,178541,Employed,Married,1,Life,10.9,38803,1112883,2,292168,1,68,Average,0
2274,64,Male,89016,Employed,Single,0,Health,10.0,50531,149108,4,458182,6,52,Good,1
2275,48,Female,71233,Employed,Married,4,Property,2.7,23001,1705438,1,279846,12,88,Good,1
2276,28,Male,154863,Self-Employed,Married,4,Health,4.4,11722,872045,2,147577,3,82,Good,1
2277,27,Male,131311,Employed,Married,2,Property,6.2,25100,729575,0,200862,13,11,Good,1
2278,20,Male,59409,Self-Employed,Married,4,Auto,4.6,22460,1551649,0,130225,4,37,Poor,1
2279,31,Female,175396,Self-Employed,Single,3,Life,3.8,28987,1565305,2,323215,0,90,Average,1
2280,33,Male,164810,Employed,Single,1,Property,12.2,9015,1773298,5,261447,10,72,Good,1
2281,27,Male,49054,Unemployed,Married,1,Auto,9.8,44897,647881,5,245615,11,22,Good,1
2282,46,Female,54709,Employed,Married,3,Health,8.7,7962,1498939,2,139570,9,52,Poor,1
2283,27,Male,134321,Unemployed,Divorced,5,Auto,3.8,9840,1512764,5,77710,12,5,Poor,1
2284,29,Male,25363,Employed,Married,4,Health,13.8,55064,1036388,2,58456,5,2,Good,1
2285,47,Female,35358,Employed,Married,0,Property,3.3,25533,421130,4,226030,11,5,Average,1
2286,58,Male,159312,Employed,Divorced,4,Property,12.0,25454,877499,2,160805,14,99,Good,1
2287,18,Male,70689,Self-Employed,Single,1,Life,14.5,53105,760667,3,460648,6,32,Good,1
2288,22,Male,26936,Employed,Married,0,Life,11.0,10699,1947912,1,242254,2,19,Good,1
2289,37,Male,137272,Employed,Single,5,Property,14.9,10922,991503,1,104280,9,4,Poor,1
2290,25,Male,116074,Employed,Single,2,Health,9.9,29919,456858,3,319302,1,87,Average,1
2291,60,Female,25882,Employed,Married,2,Health,3.7,31508,553764,0,385369,12,46,Good,1
2292,29,Female,176296,Self-Employed,Married,4,Property,3.5,26664,506798,0,392443,11,83,Average,1
2293,18,Female,130227,Unemployed,Married,4,Health,5.2,37270,420109,0,3911,11,26,Good,0
2294,37,Female,150865,Employed,Married,0,Property,0.6,30278,863807,0,180177,15,50,Good,1
2295,45,Male,148745,Employed,Married,0,Life,10.4,19862,339027,4,73876,9,26,Good,1
2296,60,Male,186897,Employed,Single,5,Health,4.4,18598,763385,3,214031,6,71,Average,1
2297,54,Male,53885,Employed,Married,4,Life,12.3,6898,1853380,1,457538,15,32,Good,1
2298,64,Male,196128,Employed,Married,1,Auto,5.7,27939,1845550,3,167744,0,97,Good,1
2299,54,Male,159275,Employed,Married,2,Life,7.5,36288,537160,1,332556,1,44,Good,1
2300,29,Female,158316,Employed,Single,5,Auto,14.5,29774,292259,0,499829,2,26,Average,1
2301,54,Female,123322,Employed,Single,0,Life,4.0,57384,1233300,4,197311,3,61,Good,1
2302,66,Male,93619,Unemployed,Married,1,Life,11.0,7822,1680468,2,325948,14,88,Good,1
2303,66,Male,46584,Employed,Married,4,Health,11.4,42252,336515,2,61727,4,51,Good,1
2304,61,Male,33521,Employed,Married,3,Life,3.7,30049,1656307,5,496990,15,59,Good,1
2305,45,Female,58541,Self-Employed,Married,0,Property,7.8,26884,520506,0,268584,3,87,Average,1
2306,64,Male,54063,Self-Employed,Divorced,5,Health,5.6,18052,599348,0,228545,14,38,Poor,1
2307,32,Male,95268,Employed,Divorced,3,Health,11.7,23038,302811,3,460776,9,26,Good,1
2308,23,Male,151218,Employed,Married,1,Health,9.5,21975,1854709,4,408967,2,45,Average,1
2309,61,Female,143206,Unemployed,Married,2,Life,7.4,39616,894303,4,143802,0,31,Good,1
2310,37,Male,195635,Employed,Single,1,Health,11.8,59343,835558,3,64792,14,70,Good,1
2311,67,Female,195824,Employed,Married,2,Auto,3.9,18269,202318,4,152452,6,45,Good,1
2312,31,Female,158639,Employed,Married,1,Auto,11.4,8041,701269,4,291116,11,31,Average,1
2313,19,Female,172193,Employed,Divorced,0,Life,13.0,21551,211376,2,326529,9,61,Average,1
2314,26,Female,157746,Employed,Single,0,Health,13.2,9379,473502,4,121257,5,48,Average,1
2315,54,Female,101411,Self-Employed,Married,5,Property,11.9,12661,234577,0,168185,1,45,Good,0
2316,37,Female,134876,Employed,Married,3,Property,6.4,11967,534694,2,141221,1,60,Average,1
2317,43,Male,185212,Employed,Married,1,Auto,14.7,34870,1757469,0,55014,2,61,Average,1
2318,46,Male,165399,Employed,Single,1,Life,6.0,49967,1951419,0,38402,7,52,Good,1
2319,18,Male,48331,Employed,Married,3,Life,9.8,20674,1509289,3,258733,7,52,Poor,1
2320,52,Female,48004,Self-Employed,Married,4,Life,2.8,25394,1420218,5,387823,9,76,Good,1
2321,23,Male,144243,Employed,Married,5,Life,14.7,18531,868396,4,82917,14,81,Average,1
2322,54,Female,166564,Unemployed,Single,1,Life,10.7,26370,1466977,4,442773,9,62,Good,1
2323,70,Female,169821,Employed,Married,5,Health,11.4,58000,287130,4,360039,9,26,Average,1
2324,22,Female,88217,Employed,Single,1,Health,1.5,23565,1235571,4,240416,15,67,Average,1
2325,50,Male,114044,Self-Employed,Single,1,Health,11.6,5832,717854,2,131315,11,79,Good,1
2326,66,Female,34045,Employed,Married,4,Property,11.7,51978,1264074,1,122655,9,49,Poor,1
2327,68,Female,45116,Employed,Married,0,Health,10.2,22405,710884,0,133486,10,88,Good,1
2328,31,Male,43667,Self-Employed,Married,5,Life,4.7,15185,316382,5,134928,13,94,Good,1
2329,29,Male,100057,Employed,Married,3,Life,7.6,8492,409061,5,71799,11,44,Poor,1
2330,59,Female,99205,Unemployed,Single,5,Property,2.1,49630,592130,1,244561,7,36,Good,1
2331,37,Female,52302,Unemployed,Married,4,Property,7.3,5288,1914720,1,474551,6,53,Good,1
2332,70,Male,167355,Employed,Single,2,Auto,4.0,45584,225154,1,122626,13,44,Average,1
2333,67,Male,187007,Employed,Divorced,2,Property,5.6,6076,1431650,2,130551,1,91,Average,1
2334,41,Male,97534,Employed,Married,4,Auto,2.9,53332,703317,1,58949,0,22,Poor,1
2335,60,Female,187696,Employed,Married,4,Health,3.8,39139,596547,2,41392,5,2,Average,1
2336,51,Male,38440,Self-Employed,Married,0,Life,1.6,6074,1424358,3,143542,10,7,Average,1
2337,42,Male,136001,Self-Employed,Married,5,Auto,13.8,42702,1416444,3,144844,7,16,Poor,1
2338,67,Male,71501,Employed,Married,5,Auto,8.2,32535,1147182,5,158454,0,88,Good,1
2339,46,Female,157341,Employed,Single,2,Auto,6.3,37807,165738,3,492661,2,94,Good,1
2340,56,Male,32868,Employed,Single,3,Property,8.3,9274,1247281,2,462878,14,44,Average,1
2341,48,Male,186323,Employed,Married,5,Property,9.6,33198,233099,2,347088,0,65,Good,1
2342,64,Male,102909,Self-Employed,Divorced,1,Property,13.9,54334,1294455,0,124052,9,91,Good,1
2343,60,Male,109523,Employed,Single,1,Auto,3.1,34859,1242538,1,473615,8,73,Average,1
2344,67,Male,194801,Self-Employed,Single,0,Health,4.8,43264,163109,4,144656,6,71,Poor,1
2345,40,Female,40734,Self-Employed,Married,0,Life,14.6,50760,1714713,4,154463,13,69,Good,1
2346,61,Female,198501,Self-Employed,Married,2,Property,5.9,40276,362322,1,347520,7,61,Good,1
2347,55,Female,197409,Employed,Single,3,Health,0.8,17018,1154393,4,430181,8,30,Good,1
2348,37,Male,196397,Self-Employed,Single,3,Property,2.6,13072,593499,4,484423,2,42,Good,1
2349,40,Female,108600,Employed,Married,4,Property,0.9,18348,697009,4,366272,9,91,Good,1
2350,62,Female,33433,Self-Employed,Married,0,Auto,14.9,51678,1929326,5,12097,10,74,Average,1
2351,69,Female,165183,Employed,Single,5,Auto,4.5,18952,750050,2,379684,1,25,Good,1
2352,33,Male,128986,Employed,Single,1,Property,13.9,53833,628272,2,149911,5,82,Good,1
2353,67,Male,88753,Employed,Married,5,Life,14.9,5318,1474816,2,122202,4,71,Average,1
2354,59,Female,138783,Employed,Married,1,Property,9.2,16818,973373,1,214382,3,57,Average,1
2355,25,Female,46751,Employed,Divorced,2,Life,1.0,31011,1662002,3,299837,5,95,Good,1
2356,67,Male,172525,Unemployed,Married,1,Health,1.7,23787,1093276,5,314132,14,32,Good,1
2357,38,Male,195040,Employed,Single,5,Property,7.5,51750,332359,5,49769,5,50,Good,1
2358,18,Female,186149,Employed,Married,5,Life,6.4,48624,829438,4,125476,11,75,Poor,1
2359,25,Male,190847,Employed,Married,3,Health,9.3,17516,1120090,0,127266,2,10,Good,1
2360,46,Female,73570,Employed,Single,3,Health,6.9,38496,734202,2,133541,13,22,Poor,1
2361,49,Male,49503,Employed,Divorced,0,Auto,14.0,39055,524558,5,405684,1,95,Average,1
2362,55,Female,158851,Employed,Married,5,Health,8.3,41769,1989688,5,494222,8,41,Good,1
2363,22,Female,111840,Employed,Single,2,Auto,10.6,59758,1783190,0,170097,7,47,Good,1
2364,64,Male,156827,Employed,Single,1,Health,13.5,13752,1539814,4,128237,13,14,Average,1
2365,39,Female,64263,Self-Employed,Single,0,Health,2.6,6375,1156564,5,499625,3,3,Good,1
2366,64,Female,133491,Employed,Single,4,Life,3.8,19970,1142351,5,396381,5,88,Good,1
2367,51,Female,80087,Unemployed,Married,4,Life,2.1,49846,1180646,3,319747,2,78,Good,1
2368,18,Male,198353,Employed,Married,1,Auto,2.5,37792,1246067,0,207978,15,53,Good,1
2369,43,Male,76482,Employed,Divorced,1,Property,7.9,22538,123659,4,43251,10,16,Good,0
2370,60,Male,147989,Employed,Single,1,Life,5.2,17657,700240,4,309670,7,61,Poor,1
2371,27,Female,173472,Employed,Married,3,Health,6.6,22843,1407050,2,102734,2,28,Good,1
2372,47,Male,65115,Unemployed,Divorced,1,Auto,14.7,20583,940210,3,369686,1,35,Average,1
2373,67,Female,39249,Unemployed,Married,4,Auto,2.8,26491,198113,4,235368,14,2,Good,1
2374,35,Female,135361,Employed,Single,1,Auto,8.3,42474,548929,3,28942,6,61,Good,1
2375,34,Male,49600,Employed,Single,5,Health,1.9,51431,1914775,2,45017,13,56,Good,1
2376,43,Male,62706,Employed,Single,2,Life,5.1,53612,1171312,0,60555,15,98,Poor,1
2377,25,Female,44222,Employed,Divorced,4,Property,8.1,47180,1128311,5,163281,2,55,Good,1
2378,64,Female,124041,Employed,Divorced,2,Auto,14.2,23540,825704,5,301509,12,18,Average,1
2379,57,Male,129504,Unemployed,Divorced,4,Health,6.2,10979,1992789,1,394623,8,71,Good,1
2380,66,Male,66139,Unemployed,Married,0,Life,1.4,12943,990624,1,457297,14,49,Average,1
2381,29,Male,139919,Unemployed,Single,5,Life,6.1,13911,1350921,1,25976,2,42,Good,0
2382,44,Female,66302,Self-Employed,Divorced,4,Property,2.6,45254,1345147,5,41969,14,7,Good,1
2383,25,Female,112838,Self-Employed,Divorced,5,Auto,3.8,38873,1445846,3,431541,7,4,Average,1
2384,42,Female,164718,Employed,Single,4,Health,9.5,8769,751022,1,252759,1,43,Good,0
2385,63,Female,169615,Employed,Single,2,Life,1.5,7479,1402910,0,449957,8,80,Good,1
2386,21,Female,178857,Employed,Married,2,Health,7.2,15112,916084,4,15515,0,59,Good,1
2387,50,Male,103353,Self-Employed,Single,4,Life,9.3,49039,629678,3,429390,11,49,Average,1
2388,18,Male,187478,Self-Employed,Single,4,Auto,6.6,9731,1738806,5,470546,2,60,Good,1
2389,36,Female,113992,Self-Employed,Divorced,3,Auto,0.8,16361,677780,0,398916,10,6,Good,1
2390,48,Female,76428,Unemployed,Divorced,5,Property,14.8,53855,542433,5,73663,13,20,Average,1
2391,33,Male,48777,Unemployed,Single,5,Life,5.8,40940,1339981,3,315523,1,31,Good,1
2392,31,Male,82939,Unemployed,Married,5,Health,11.8,51809,1522193,3,289535,12,83,Good,1
2393,70,Male,111450,Employed,Married,5,Life,5.2,37205,1232680,3,207348,13,22,Average,1
2394,65,Male,185625,Self-Employed,Married,0,Health,7.4,29569,1748833,2,329225,12,85,Poor,1
2395,22,Female,48548,Employed,Single,0,Property,6.1,12068,1898849,4,220299,11,82,Good,1
2396,58,Male,193337,Employed,Married,1,Life,5.5,11557,1014065,1,319428,14,32,Average,1
2397,43,Female,150549,Unemployed,Divorced,4,Auto,0.8,41098,1106224,2,82054,6,47,Good,1
2398,45,Male,196773,Unemployed,Divorced,4,Health,5.7,43790,1076360,4,193278,4,34,Good,1
2399,19,Male,162799,Employed,Single,4,Auto,13.4,50411,1533159,5,363307,14,27,Good,1
2400,67,Male,188499,Employed,Single,4,Property,10.5,39826,1721345,1,355734,7,44,Good,1
2401,23,Female,172764,Self-Employed,Divorced,5,Property,2.6,27074,1354305,2,78593,1,30,Good,1
2402,26,Female,56625,Employed,Single,5,Health,9.1,27155,1701476,2,59485,7,33,Average,1
2403,50,Male,49918,Unemployed,Married,0,Life,13.4,56022,187743,0,464755,6,27,Good,1
2404,58,Female,197208,Employed,Single,2,Auto,10.7,41389,379708,2,296176,11,56,Good,1
2405,42,Female,139826,Employed,Single,3,Auto,2.7,47105,1407581,3,18156,10,23,Good,1
2406,65,Male,139881,Employed,Married,5,Health,13.1,41759,1721467,5,49316,4,43,Good,1
2407,30,Male,40577,Employed,Single,5,Health,4.9,35784,1608429,2,373060,1,83,Good,1
2408,26,Female,110155,Employed,Divorced,5,Health,7.1,37401,1804449,3,179859,9,54,Good,1
2409,70,Female,136776,Unemployed,Single,2,Property,8.1,16565,820375,4,376025,10,95,Good,1
2410,30,Female,124246,Employed,Divorced,2,Property,12.8,29700,1931655,4,93099,6,68,Average,1
2411,48,Male,183761,Employed,Divorced,0,Auto,14.0,46271,373468,3,172651,9,53,Good,1
2412,58,Male,167226,Employed,Single,5,Life,14.0,54926,1688355,0,188646,3,83,Average,1
2413,28,Female,119948,Employed,Married,3,Health,0.6,20337,441373,0,203333,3,40,Poor,1
2414,21,Male,46341,Self-Employed,Single,4,Property,13.9,16112,1361107,4,122441,7,60,Good,1
2415,51,Male,122554,Employed,Married,5,Life,1.3,18761,1183176,5,218290,5,86,Good,1
2416,55,Female,132798,Self-Employed,Married,0,Health,4.4,47791,1737043,2,355407,8,9,Good,1
2417,63,Female,71330,Employed,Single,0,Life,8.0,13885,358590,4,255329,10,95,Good,1
2418,21,Male,112759,Employed,Married,3,Health,7.5,59430,1142841,4,367262,14,10,Average,1
2419,55,Male,111807,Employed,Married,1,Life,9.3,6376,1666874,3,59235,1,10,Good,1
2420,36,Female,58313,Employed,Divorced,0,Auto,7.5,10939,1322706,0,315048,4,30,Good,1
2421,23,Male,71900,Self-Employed,Single,2,Health,14.0,46949,230047,5,343865,5,10,Good,1
2422,51,Male,103840,Employed,Married,2,Health,4.0,7846,1090177,3,429956,7,58,Good,1
2423,35,Female,190767,Self-Employed,Single,4,Auto,4.5,11817,635646,4,380064,3,36,Good,1
2424,30,Female,186297,Employed,Married,0,Health,13.9,12430,1219919,1,73130,10,82,Good,1
2425,58,Male,111072,Self-Employed,Single,4,Health,1.6,31328,345258,2,180626,6,44,Good,1
2426,40,Male,121367,Unemployed,Married,0,Property,9.3,16151,1699367,4,138271,10,57,Good,1
2427,36,Male,74156,Employed,Single,3,Auto,10.4,32619,1097899,3,432248,6,43,Good,1
2428,62,Female,112453,Employed,Married,5,Property,7.8,39484,1200844,1,486102,3,83,Average,1
2429,28,Male,183901,Unemployed,Married,0,Auto,10.6,32664,934337,1,474626,15,23,Good,1
2430,18,Male,50938,Employed,Married,1,Life,3.0,11780,949100,4,397696,0,4,Good,1
2431,41,Female,84164,Employed,Married,2,Auto,12.9,8331,253306,5,161507,2,12,Good,1
2432,24,Female,85282,Employed,Married,3,Auto,2.5,33604,307687,0,161192,1,49,Average,1
2433,42,Male,72801,Self-Employed,Divorced,5,Property,6.3,46849,563095,1,203227,12,24,Good,0
2434,38,Female,165537,Self-Employed,Married,5,Health,1.6,22762,563380,2,2607,12,13,Good,1
2435,32,Female,28326,Employed,Divorced,2,Auto,8.4,58736,188104,3,468134,11,68,Good,1
2436,18,Male,159731,Employed,Married,5,Health,10.2,28765,1438826,3,336260,2,91,Poor,1
2437,29,Female,183666,Unemployed,Married,4,Auto,14.1,42043,829877,3,216396,4,72,Average,1
2438,24,Female,140819,Employed,Single,3,Property,11.2,26922,1117108,4,415242,10,90,Good,1
2439,32,Male,29763,Employed,Married,1,Auto,8.3,28694,593467,3,255725,11,34,Good,1
2440,38,Female,166900,Employed,Single,2,Life,14.0,15556,1871714,3,279317,0,9,Good,1
2441,36,Male,72588,Self-Employed,Divorced,0,Auto,7.4,18555,1731302,2,482032,4,10,Good,1
2442,46,Male,36221,Employed,Married,0,Auto,8.6,54383,410541,0,34262,1,65,Average,1
2443,42,Female,167283,Self-Employed,Divorced,0,Health,9.1,15004,805870,5,445119,15,72,Average,1
2444,50,Female,38569,Employed,Single,3,Health,6.4,43190,1578216,4,47156,13,74,Good,1
2445,66,Female,62860,Self-Employed,Single,1,Life,12.7,25810,1066963,4,203318,3,54,Average,1
2446,49,Male,70337,Self-Employed,Divorced,5,Auto,3.2,16188,1117258,3,99124,5,43,Good,1
2447,66,Female,169587,Employed,Single,1,Health,8.5,5247,413419,2,119828,15,59,Good,1
2448,52,Male,96695,Employed,Married,1,Auto,11.0,25762,1726898,1,250898,15,89,Good,1
2449,61,Female,131749,Employed,Divorced,2,Property,13.6,51366,1872314,3,77764,8,95,Good,1
2450,55,Female,180976,Employed,Married,3,Property,13.3,50995,771377,3,390999,9,59,Good,1
2451,43,Female,68790,Self-Employed,Single,0,Life,7.9,18811,179372,4,455517,5,67,Good,1
2452,28,Male,93580,Employed,Divorced,2,Property,9.8,8741,1228298,4,484807,9,61,Good,1
2453,52,Female,30636,Self-Employed,Single,5,Health,6.2,34052,1707296,3,379201,12,38,Good,1
2454,25,Female,102129,Employed,Divorced,1,Health,7.3,54214,1564549,4,64314,10,99,Poor,1
2455,63,Male,158964,Employed,Single,0,Life,13.6,58375,1457908,2,489904,11,8,Poor,1
2456,31,Male,46672,Employed,Married,3,Auto,14.0,39319,655404,1,413665,1,65,Good,0
2457,27,Female,30812,Employed,Single,4,Health,13.5,11306,1578508,1,355386,7,5,Average,1
2458,19,Female,25654,Employed,Married,1,Property,2.5,8005,420882,1,261270,4,91,Average,1
2459,63,Female,79633,Self-Employed,Single,1,Health,12.8,8322,906888,3,30466,15,90,Average,1
2460,26,Male,42143,Employed,Married,1,Life,14.3,21008,234706,5,116151,8,43,Good,1
2461,20,Male,80934,Employed,Married,1,Property,5.7,45765,1722230,3,378739,14,60,Good,1
2462,38,Male,92334,Self-Employed,Single,0,Property,8.0,29870,489078,3,350265,9,26,Good,1
2463,43,Male,128463,Self-Employed,Married,3,Property,11.8,17466,1169432,2,24279,8,11,Good,1
2464,25,Female,150851,Employed,Married,2,Life,8.7,50284,823355,1,273981,3,34,Good,1
2465,65,Male,54087,Employed,Single,0,Life,14.9,55034,857370,4,24209,12,2,Average,1
2466,19,Male,167690,Employed,Single,3,Auto,7.1,38161,1638847,4,12220,0,21,Good,1
2467,23,Male,33446,Self-Employed,Married,2,Auto,10.9,7739,1733479,0,135037,10,26,Good,1
2468,45,Female,127127,Unemployed,Single,1,Auto,12.0,41935,445270,0,242414,13,76,Good,1
2469,70,Female,73867,Unemployed,Single,3,Life,7.7,58565,1222713,5,173348,8,73,Good,1
2470,46,Male,85101,Self-Employed,Single,1,Property,12.9,58842,955437,4,245941,8,87,Average,1
2471,43,Male,183272,Employed,Married,3,Property,8.4,58626,1042295,1,104304,7,5,Average,1
2472,42,Female,113074,Self-Employed,Married,5,Health,6.5,18194,1972623,3,158302,4,9,Average,1
2473,29,Female,143422,Employed,Single,4,Auto,2.1,9231,624636,4,220237,4,50,Good,1
2474,22,Female,112892,Employed,Divorced,1,Property,6.2,56929,1709283,5,41920,9,10,Good,1
2475,51,Female,145044,Employed,Divorced,1,Property,11.1,33268,1544670,5,196237,5,58,Average,1
2476,65,Female,64148,Unemployed,Single,1,Property,13.9,6401,898289,4,323688,15,10,Good,1
2477,54,Female,107928,Unemployed,Single,5,Property,4.1,13086,203053,0,128260,0,78,Good,1
2478,32,Female,176770,Employed,Divorced,0,Life,5.7,38673,275101,1,387678,8,36,Good,1
2479,61,Female,198542,Self-Employed,Married,2,Auto,2.7,5529,579130,4,93406,4,74,Poor,1
2480,53,Male,76660,Self-Employed,Single,1,Property,10.5,45779,1867150,3,345053,6,56,Poor,1
2481,32,Male,60450,Employed,Married,1,Property,14.4,28462,1345186,3,356835,10,62,Good,1
2482,60,Male,58757,Employed,Married,0,Property,9.8,52769,346877,2,375102,15,37,Good,1
2483,65,Male,103012,Self-Employed,Single,0,Property,9.4,42386,1436378,3,361154,14,41,Average,1
2484,40,Male,131750,Employed,Married,4,Health,8.5,57873,1958275,4,23036,7,48,Good,1
2485,23,Male,152043,Employed,Married,3,Property,1.8,56773,473142,4,126995,4,22,Good,1
2486,63,Female,187462,Self-Employed,Married,1,Property,11.1,21956,442033,3,327466,2,87,Good,1
2487,67,Female,81116,Unemployed,Divorced,3,Property,9.2,22027,1870989,0,4847,5,80,Good,1
2488,61,Male,169233,Self-Employed,Single,0,Health,10.1,52676,285070,1,479466,6,61,Good,1
2489,60,Male,57152,Self-Employed,Married,0,Life,13.5,25455,1388039,5,50772,12,75,Good,1
2490,62,Female,131379,Employed,Married,4,Health,11.9,44781,225513,4,275037,13,99,Poor,1
2491,38,Female,45836,Employed,Married,2,Property,11.8,47252,1620503,3,397865,3,48,Good,1
2492,40,Female,182403,Employed,Single,5,Life,13.9,49555,544747,5,423787,8,64,Good,1
2493,60,Male,166835,Employed,Single,5,Property,14.9,50602,748180,3,11613,13,84,Good,1
2494,33,Female,94444,Unemployed,Single,5,Life,8.9,10605,415560,4,498116,10,37,Good,1
2495,64,Male,118109,Employed,Single,0,Property,2.1,15677,1397159,2,53833,3,41,Poor,1
2496,70,Male,175259,Employed,Single,1,Property,7.2,59834,1047871,1,62423,10,5,Good,1
2497,32,Female,168029,Employed,Married,4,Life,11.9,21938,248304,4,352108,9,100,Poor,1
2498,42,Female,160451,Unemployed,Single,2,Life,0.9,51819,683336,5,118268,1,77,Good,1
2499,53,Male,184031,Employed,Married,5,Property,1.3,57545,1120844,3,374386,8,52,Average,1
2500,28,Female,107018,Employed,Single,4,Health,1.5,48534,1865373,2,172454,3,17,Average,1
2501,68,Female,148076,Employed,Single,0,Health,11.1,48184,1722221,4,183420,3,90,Poor,1
2502,32,Male,183177,Self-Employed,Single,5,Health,7.8,20009,1830404,1,88069,9,62,Average,1
2503,21,Female,156949,Employed,Single,2,Health,5.8,35246,297128,2,184777,0,52,Good,1
2504,38,Male,108788,Employed,Married,3,Life,2.0,33185,349336,5,75642,13,20,Average,1
2505,30,Male,121870,Employed,Single,2,Life,11.1,34295,645785,3,491065,1,97,Average,1
2506,39,Female,108308,Self-Employed,Divorced,1,Health,5.2,30519,1000441,0,217002,11,94,Poor,1
2507,36,Male,82913,Employed,Divorced,5,Auto,4.3,25952,585679,1,471029,2,16,Good,0
2508,51,Male,27637,Employed,Married,5,Auto,10.0,51642,1154834,2,186889,6,7,Good,1
2509,31,Female,67025,Employed,Married,3,Auto,8.6,14185,418103,4,343128,11,94,Good,1
2510,21,Female,124508,Employed,Single,3,Property,5.8,24843,659190,4,340813,8,66,Good,1
2511,65,Female,107464,Self-Employed,Married,5,Health,9.8,22505,1688318,2,437358,11,12,Average,1
2512,70,Male,53742,Employed,Married,1,Property,4.4,59682,137606,4,201254,4,43,Good,1
2513,69,Male,36831,Unemployed,Single,3,Life,12.0,33022,1593419,2,144780,3,40,Good,1
2514,63,Female,138768,Unemployed,Single,0,Life,3.8,59261,1465689,1,137162,12,1,Average,1
2515,44,Male,110092,Employed,Single,5,Auto,2.8,21439,186465,4,183974,1,58,Average,1
2516,46,Female,115879,Self-Employed,Married,2,Auto,11.8,19660,582929,1,92170,13,3,Good,1
2517,64,Female,113370,Self-Employed,Married,2,Life,10.8,13849,1018289,3,91757,12,8,Good,1
2518,45,Male,151537,Unemployed,Single,1,Auto,3.1,34628,1484399,3,373232,11,90,Poor,1
2519,52,Female,129824,Employed,Married,0,Auto,2.2,29835,1238204,3,80928,13,75,Good,1
2520,25,Male,113741,Employed,Married,3,Life,12.7,9736,480929,3,436968,15,61,Average,1
2521,33,Male,43830,Employed,Married,5,Property,11.8,40377,1923821,4,362984,6,85,Good,1
2522,59,Female,80044,Unemployed,Single,2,Auto,5.2,52443,113635,2,412859,5,5,Good,1
2523,53,Male,98948,Employed,Married,2,Property,10.0,8909,1749382,4,170719,11,26,Poor,1
2524,47,Female,94202,Employed,Married,2,Auto,2.3,54555,1161985,5,196154,11,85,Average,1
2525,35,Male,62045,Employed,Married,2,Health,7.9,19867,1328404,4,211401,6,73,Good,1
2526,19,Male,132509,Employed,Married,4,Property,0.8,5794,118541,1,228402,7,17,Average,0
2527,66,Male,182699,Employed,Married,1,Property,6.2,22945,1206598,2,204046,8,66,Good,1
2528,30,Female,40198,Employed,Single,3,Auto,1.6,20369,169064,0,84431,9,51,Good,1
2529,21,Male,94521,Employed,Married,5,Property,7.4,48601,267399,0,411690,4,47,Average,1
2530,43,Female,131471,Unemployed,Divorced,5,Health,6.6,28807,1369702,2,168474,10,40,Average,1
2531,42,Male,54475,Employed,Married,5,Life,6.9,15856,1173522,0,213559,4,92,Poor,1
2532,47,Male,44403,Self-Employed,Single,3,Health,1.2,11795,1770480,2,409720,3,27,Good,1
2533,28,Female,28681,Employed,Single,1,Life,5.7,34385,1278198,1,268912,10,40,Average,1
2534,24,Female,116555,Employed,Divorced,0,Health,11.5,36063,1042060,1,467259,2,1,Good,1
2535,48,Female,143884,Self-Employed,Single,1,Health,5.8,43260,599658,4,375805,12,46,Good,1
2536,61,Female,118122,Self-Employed,Single,2,Property,10.9,53562,465589,0,488562,6,11,Good,0
2537,27,Female,140260,Employed,Single,2,Health,5.9,15149,1001841,2,393836,12,39,Poor,1
2538,56,Male,198364,Unemployed,Divorced,1,Auto,6.6,31669,1800144,1,151519,12,18,Good,1
2539,30,Male,130386,Unemployed,Single,1,Auto,8.7,31328,477755,4,491973,4,91,Good,1
2540,48,Female,161701,Unemployed,Married,3,Auto,14.3,42767,646063,0,19118,6,47,Average,1
2541,24,Male,118246,Employed,Married,3,Auto,2.1,42965,1369225,0,387695,14,74,Good,1
2542,66,Male,120864,Employed,Single,4,Property,1.0,8562,1018339,0,193123,1,100,Poor,1
2543,59,Male,33417,Employed,Divorced,5,Auto,9.3,55846,1593437,1,439815,8,21,Good,1
2544,59,Female,143888,Self-Employed,Married,4,Health,14.3,38623,528963,1,197566,8,28,Average,1
2545,53,Male,190837,Employed,Married,5,Auto,14.9,47255,798645,0,10200,12,1,Good,1
2546,37,Male,99499,Self-Employed,Divorced,2,Property,7.5,58907,1062388,1,225926,8,14,Good,1
2547,21,Male,155908,Employed,Divorced,4,Life,7.3,41389,1654663,0,99066,12,20,Average,0
2548,24,Female,52675,Employed,Married,4,Health,9.9,9206,1557896,3,58704,12,73,Average,1
2549,18,Male,196635,Employed,Single,0,Health,8.6,38806,114927,1,315631,4,45,Good,0
2550,61,Male,36332,Self-Employed,Married,1,Property,9.7,42364,1284169,2,375517,13,61,Good,1
2551,62,Female,44177,Employed,Married,3,Life,13.2,25897,406230,1,177537,9,27,Good,1
2552,59,Female,155560,Self-Employed,Divorced,4,Auto,11.3,19151,1293928,0,291984,11,56,Good,1
2553,64,Male,82104,Employed,Divorced,3,Life,7.7,9370,163266,2,481656,8,52,Good,1
2554,30,Male,109335,Self-Employed,Single,5,Health,7.2,29045,1130584,4,18435,0,68,Good,1
2555,39,Female,139938,Unemployed,Divorced,4,Health,9.8,26700,1310401,2,47897,1,37,Good,1
2556,38,Female,105730,Self-Employed,Single,5,Health,7.1,41215,282600,2,121677,9,82,Good,1
2557,39,Female,161023,Unemployed,Married,4,Life,7.1,27234,1655276,1,490823,4,31,Good,1
2558,45,Female,53333,Employed,Single,2,Auto,0.7,57584,1591397,5,237764,4,49,Good,1
2559,26,Female,46673,Employed,Divorced,0,Health,3.0,53671,1086499,2,457092,5,53,Average,1
2560,43,Female,139421,Employed,Married,5,Property,7.6,20326,719259,2,220799,13,39,Average,1
2561,26,Female,65870,Employed,Married,1,Auto,12.4,51824,1307725,0,180484,7,10,Good,1
2562,32,Male,152536,Self-Employed,Divorced,1,Health,4.5,42997,349307,1,465498,11,9,Good,1
2563,27,Female,96101,Employed,Married,2,Auto,8.1,7241,822044,0,290628,0,92,Good,1
2564,41,Female,47821,Employed,Married,2,Property,5.5,35639,1579137,1,431874,9,92,Good,1
2565,59,Male,50494,Employed,Divorced,1,Life,2.0,45586,1853209,4,399269,11,13,Good,1
2566,25,Female,124477,Employed,Married,5,Health,14.4,44766,513218,5,389213,8,18,Good,1
2567,41,Female,151083,Employed,Divorced,1,Property,12.9,26278,1079524,2,492800,3,12,Poor,1
2568,33,Male,137698,Self-Employed,Divorced,0,Health,1.6,47923,410584,1,475271,7,72,Good,1
2569,66,Female,136560,Employed,Single,4,Health,10.9,11444,1056902,2,391692,11,87,Average,1
2570,43,Male,156907,Employed,Married,0,Life,5.5,8015,1905962,2,448467,14,5,Good,1
2571,44,Male,43646,Employed,Single,1,Life,14.9,19903,1339164,3,433861,12,7,Good,1
2572,54,Male,148777,Self-Employed,Married,4,Auto,4.9,44583,695754,0,133617,11,15,Good,1
2573,21,Male,102360,Employed,Single,1,Property,4.0,33143,1143090,5,259249,4,67,Good,1
2574,67,Female,62335,Unemployed,Married,0,Property,8.7,9864,965356,1,211055,0,18,Good,1
2575,41,Male,94351,Employed,Single,0,Life,12.6,14676,221411,4,95495,13,38,Average,1
2576,36,Male,139934,Employed,Single,5,Health,3.3,9234,1726829,5,77213,8,26,Average,1
2577,53,Female,158501,Employed,Single,5,Auto,10.8,26340,643979,3,270704,7,38,Good,1
2578,56,Male,66950,Employed,Single,0,Life,1.4,51915,643489,0,193447,4,59,Average,0
2579,27,Male,85654,Self-Employed,Married,4,Auto,13.8,23723,1418141,4,134734,13,52,Good,1
2580,42,Male,132422,Employed,Single,5,Auto,1.7,13526,729639,4,376185,14,33,Good,1
2581,35,Male,134934,Employed,Single,5,Property,13.8,11842,1031058,2,209663,10,21,Average,1
2582,36,Female,144975,Self-Employed,Single,3,Auto,7.6,39626,552044,0,301641,13,17,Average,1
2583,53,Male,116186,Employed,Married,3,Property,7.0,6207,550836,3,52606,3,62,Good,1
2584,27,Female,129234,Employed,Married,5,Health,14.6,22308,433268,1,324256,15,59,Good,1
2585,50,Female,127326,Self-Employed,Single,1,Health,14.9,57097,713595,1,340478,7,2,Good,1
2586,67,Male,102527,Employed,Married,4,Life,9.9,59533,977792,3,332488,8,64,Good,1
2587,22,Male,111704,Unemployed,Married,2,Health,2.3,10429,344636,2,270192,6,25,Poor,1
2588,64,Male,187171,Employed,Single,5,Property,7.8,58591,1747716,2,340787,3,41,Good,1
2589,66,Male,195457,Self-Employed,Married,3,Auto,8.2,12591,946677,4,137592,6,19,Poor,1
2590,52,Female,191991,Employed,Single,4,Auto,8.0,50712,994585,0,410144,5,38,Poor,1
2591,61,Female,121952,Unemployed,Married,4,Health,8.8,43660,1387897,4,448584,10,25,Good,1
2592,51,Female,85782,Employed,Single,3,Property,0.8,16777,145562,1,416717,11,39,Good,1
2593,50,Male,96116,Self-Employed,Divorced,4,Auto,10.8,43713,259306,3,446967,2,4,Average,1
2594,38,Female,114626,Employed,Single,4,Health,10.8,45459,1496042,0,429407,9,3,Good,1
2595,34,Male,196459,Employed,Married,3,Property,2.2,17548,333708,3,291620,2,34,Good,1
2596,39,Male,171895,Employed,Divorced,0,Property,8.8,51441,1557121,0,250565,0,10,Good,1
2597,65,Male,71015,Self-Employed,Single,5,Auto,8.7,41795,508914,5,420164,13,27,Good,1
2598,54,Male,127877,Unemployed,Married,1,Life,10.4,50224,1370511,1,135555,12,90,Good,1
2599,32,Male,40339,Employed,Single,2,Life,1.7,42063,1851545,1,318267,4,91,Good,1
2600,52,Female,159563,Employed,Married,1,Property,9.6,37055,1427268,5,372975,7,1,Average,1
2601,45,Female,156778,Self-Employed,Single,0,Property,4.6,17869,355644,0,39887,11,44,Poor,1
2602,24,Male,122493,Employed,Single,0,Health,7.9,28863,689522,2,214089,5,84,Good,1
2603,49,Female,171800,Unemployed,Married,4,Property,11.7,9661,1166916,0,256030,7,52,Good,1
2604,28,Male,163069,Employed,Married,1,Health,10.7,52498,693684,1,207326,6,25,Good,1
2605,27,Male,154526,Self-Employed,Married,0,Health,2.2,49802,1307513,3,474125,1,74,Good,1
2606,26,Male,194595,Employed,Single,1,Health,9.1,23782,331144,4,350924,7,65,Average,1
2607,31,Female,146648,Employed,Single,0,Property,14.6,54179,815127,3,365883,3,80,Average,1
2608,30,Male,50163,Self-Employed,Married,2,Property,2.8,49910,1817679,1,241731,10,11,Good,1
2609,42,Male,173790,Unemployed,Married,0,Health,12.9,6898,302834,3,61055,4,68,Average,1
2610,19,Female,112508,Unemployed,Single,1,Auto,10.7,17919,702542,2,224237,10,99,Average,1
2611,52,Female,64619,Employed,Single,4,Property,11.7,45068,734480,2,424473,12,77,Good,1
2612,24,Female,37126,Employed,Single,1,Life,4.6,7427,860285,0,18327,7,85,Average,1
2613,38,Male,89926,Employed,Single,3,Auto,4.7,39393,1067438,3,362167,4,15,Good,1
2614,35,Male,65633,Unemployed,Single,1,Life,13.6,15767,1275234,3,464520,4,57,Average,1
2615,20,Female,28317,Employed,Single,2,Property,5.7,23420,1409040,1,155938,15,74,Good,1
2616,59,Male,69980,Employed,Married,5,Auto,1.4,41123,288044,0,175721,5,64,Good,0
2617,56,Female,69115,Employed,Married,2,Property,9.2,51821,1436250,0,402382,14,11,Average,1
2618,58,Female,68158,Employed,Single,2,Property,2.3,57872,1338984,3,96279,15,96,Good,1
2619,66,Male,130364,Unemployed,Single,0,Auto,12.1,9902,683291,4,213406,14,97,Average,1
2620,28,Male,40504,Employed,Single,2,Property,9.8,31850,1967916,3,271186,6,20,Good,1
2621,56,Female,182732,Employed,Married,1,Auto,13.2,53554,1001839,3,143041,8,100,Average,1
2622,41,Female,62196,Employed,Divorced,5,Property,11.9,48034,1215762,3,182952,15,30,Good,1
2623,63,Female,90938,Employed,Married,4,Health,2.1,26620,1189229,2,72739,13,10,Average,1
2624,36,Female,164677,Employed,Married,2,Life,6.0,13280,492647,5,325732,10,54,Good,1
2625,21,Male,82388,Employed,Married,1,Health,11.7,19954,873621,0,397857,6,58,Good,1
2626,43,Female,80501,Self-Employed,Single,0,Property,6.6,49764,1406002,5,28536,5,79,Good,1
2627,55,Female,52043,Employed,Single,0,Property,14.6,51814,1326680,2,473126,14,29,Average,1
2628,59,Female,58635,Employed,Married,4,Property,11.2,51973,1968791,4,276690,11,1,Good,1
2629,49,Male,105691,Employed,Single,4,Health,0.7,42729,677823,1,377573,9,58,Poor,1
2630,56,Male,58132,Self-Employed,Married,1,Property,13.3,37800,1916930,4,407318,3,21,Good,1
2631,62,Female,40366,Employed,Married,4,Auto,2.0,42466,993270,0,361039,13,15,Average,1
2632,63,Male,118944,Self-Employed,Married,4,Life,2.5,13887,1498993,1,492269,10,67,Average,1
2633,53,Male,140267,Employed,Single,0,Property,11.2,36607,1864463,5,362667,9,33,Average,1
2634,57,Male,64236,Self-Employed,Married,1,Property,13.0,57993,356653,4,271173,11,38,Average,1
2635,54,Female,29150,Employed,Married,5,Life,8.3,37141,1960559,0,178617,1,19,Good,0
2636,50,Female,136369,Unemployed,Married,4,Life,4.7,46484,1978551,4,404538,10,4,Good,1
2637,53,Male,44423,Employed,Married,1,Life,5.6,18335,1561296,1,241049,12,76,Good,1
2638,20,Female,29137,Employed,Divorced,2,Health,5.5,59596,1723839,1,369173,10,89,Good,1
2639,26,Female,54992,Self-Employed,Single,0,Health,5.2,11177,317418,4,381292,14,98,Good,1
2640,25,Male,135540,Employed,Married,5,Property,4.0,46206,915468,2,274798,8,81,Good,1
2641,50,Male,140140,Unemployed,Single,0,Life,9.3,8926,1656490,4,56663,9,58,Good,1
2642,23,Female,146225,Employed,Single,0,Property,13.6,53146,1491803,5,468717,10,70,Good,1
2643,58,Male,91917,Unemployed,Divorced,3,Property,5.0,48056,678044,4,190759,4,12,Average,1
2644,56,Female,98690,Self-Employed,Divorced,1,Property,3.2,15154,717027,4,138580,15,79,Good,1
2645,21,Female,59235,Unemployed,Single,2,Health,12.7,7959,1010780,2,248413,4,17,Good,1
2646,30,Male,44122,Unemployed,Single,4,Life,11.3,23611,371449,3,178931,10,1,Average,0
2647,66,Female,48956,Unemployed,Single,2,Property,14.0,39161,567565,1,231946,11,14,Good,1
2648,19,Female,88879,Self-Employed,Married,1,Health,2.9,23407,428580,5,22132,2,2,Good,1
2649,22,Male,83560,Employed,Single,0,Auto,2.6,18025,365891,0,327944,12,4,Good,1
2650,61,Male,135310,Employed,Single,3,Auto,8.4,11064,276096,1,409241,15,66,Average,1
2651,44,Male,180732,Self-Employed,Single,1,Property,9.4,11639,805983,1,373797,2,90,Good,1
2652,49,Female,26168,Unemployed,Married,5,Property,7.5,7478,1433965,3,116722,0,46,Good,1
2653,38,Male,70124,Self-Employed,Divorced,5,Life,9.2,12929,600038,1,380034,11,50,Good,1
2654,25,Male,191969,Unemployed,Single,1,Life,3.1,37326,558825,1,237949,10,60,Good,1
2655,55,Male,171104,Self-Employed,Married,4,Property,7.5,58611,214938,2,208096,4,52,Average,1
2656,25,Male,77797,Employed,Single,2,Health,10.0,27837,1347681,2,238734,2,97,Average,1
2657,67,Female,60294,Employed,Married,2,Property,6.8,46941,1571369,2,459140,14,48,Average,1
2658,20,Female,199899,Employed,Married,4,Life,10.4,34974,552962,2,383029,10,39,Good,0
2659,61,Male,28516,Employed,Single,3,Life,7.0,49183,1628340,2,329751,1,70,Average,1
2660,20,Female,175823,Employed,Single,0,Health,5.3,13418,239559,5,156042,10,60,Good,1
2661,39,Male,55373,Unemployed,Married,0,Property,4.9,22650,1066953,0,309880,15,30,Good,1
2662,23,Male,147026,Self-Employed,Single,5,Life,6.5,39825,981991,3,211062,8,86,Good,1
2663,19,Female,55270,Employed,Married,3,Property,0.8,51471,845773,4,269984,12,27,Average,1
2664,40,Female,166458,Employed,Single,4,Life,10.2,19383,669855,5,291798,13,83,Poor,1
2665,61,Male,90184,Employed,Single,1,Auto,12.8,51703,1344497,2,339529,9,74,Good,1
2666,19,Male,62879,Employed,Married,2,Auto,5.6,48211,1403112,3,445624,5,55,Average,1
2667,55,Female,74597,Employed,Married,1,Auto,1.2,36708,303125,4,217011,2,70,Average,1
2668,34,Male,195204,Employed,Married,2,Life,14.8,40709,865480,1,207039,6,26,Good,1
2669,52,Female,28626,Employed,Single,1,Health,4.3,37924,1408803,5,153514,11,42,Average,1
2670,51,Male,110936,Employed,Married,4,Auto,2.3,28382,1264898,1,196315,8,67,Good,1
2671,40,Male,106515,Unemployed,Married,4,Life,5.9,31649,1923629,3,137702,8,67,Average,1
2672,47,Female,80390,Employed,Married,3,Property,11.2,36140,1269293,0,440952,14,52,Average,1
2673,69,Female,172717,Employed,Married,1,Auto,4.8,50023,1124052,0,13008,0,6,Good,1
2674,25,Female,79144,Employed,Single,1,Health,8.8,37563,760975,3,178559,14,10,Average,0
2675,39,Female,169454,Employed,Married,3,Health,6.5,35373,1748868,0,330539,1,38,Good,1
2676,61,Female,29025,Self-Employed,Married,3,Health,2.2,22144,897311,0,133465,14,77,Average,1
2677,53,Female,199298,Self-Employed,Single,4,Property,5.3,13965,983923,1,487896,7,12,Good,1
2678,22,Female,104380,Employed,Married,4,Property,11.0,27791,283068,0,449187,14,46,Average,1
2679,30,Male,143910,Self-Employed,Single,5,Health,9.4,28115,506294,0,79627,10,49,Good,1
2680,46,Male,121055,Employed,Single,1,Health,2.2,22341,1858711,3,219063,0,91,Average,1
2681,48,Male,151189,Self-Employed,Divorced,4,Health,2.9,52573,628878,0,362498,10,72,Good,1
2682,64,Female,159515,Employed,Single,4,Property,9.8,21637,809460,5,68657,11,63,Average,1
2683,33,Female,46395,Employed,Single,1,Property,12.3,29269,1421630,2,336796,14,69,Good,1
2684,59,Female,35725,Self-Employed,Married,3,Life,5.6,22953,1127935,2,332651,10,100,Good,1
2685,47,Male,58461,Self-Employed,Divorced,1,Auto,9.1,32794,1311624,3,392151,13,43,Good,1
2686,33,Female,66115,Self-Employed,Divorced,0,Property,3.0,28877,1432294,2,126162,2,94,Average,1
2687,29,Female,135084,Employed,Married,1,Health,5.0,45273,1844588,1,291788,10,60,Good,1
2688,34,Male,108732,Employed,Single,0,Auto,0.8,17405,581468,5,482831,6,29,Good,1
2689,33,Female,104557,Unemployed,Divorced,1,Property,11.6,32812,133430,5,487079,7,86,Average,1
2690,29,Male,96260,Employed,Married,0,Auto,6.3,50605,1990635,3,36122,4,78,Average,1
2691,25,Male,184762,Employed,Single,0,Life,12.3,59158,1930499,0,495994,13,74,Good,1
2692,37,Female,26407,Employed,Married,1,Property,10.8,46767,1200815,2,396613,1,11,Good,1
2693,20,Female,98568,Employed,Single,5,Health,12.5,59920,940345,1,185641,14,35,Good,0
2694,33,Female,83560,Employed,Single,4,Health,4.6,59068,985404,3,380600,2,23,Average,1
2695,47,Male,173866,Employed,Married,2,Life,3.2,14973,455420,3,235657,8,72,Average,1
2696,62,Male,175953,Employed,Married,4,Life,14.6,28925,502693,0,77948,14,21,Average,1
2697,40,Male,116288,Unemployed,Single,0,Life,10.9,49623,1725636,4,52133,15,37,Average,1
2698,45,Female,144020,Employed,Single,1,Life,12.6,28091,1214272,2,48519,12,28,Good,1
2699,68,Female,124301,Employed,Married,1,Life,0.7,24584,1847294,1,71057,10,95,Good,1
2700,57,Female,39390,Employed,Single,1,Property,5.6,44325,275277,3,29151,12,58,Good,1
2701,22,Female,52307,Employed,Single,1,Property,11.3,14071,1604168,2,396688,9,53,Good,1
2702,37,Male,49502,Employed,Married,5,Auto,1.6,10088,313009,1,313913,6,28,Poor,1
2703,57,Male,47486,Self-Employed,Divorced,2,Life,8.7,54152,1511557,5,136553,12,42,Good,1
2704,61,Male,136813,Employed,Married,3,Health,6.7,21550,1564686,5,432193,0,91,Poor,1
2705,18,Male,194330,Self-Employed,Married,0,Health,0.8,7063,290991,1,413099,2,85,Average,1
2706,47,Female,128920,Employed,Married,2,Life,3.9,32280,604679,5,219987,8,73,Average,1
2707,38,Female,107768,Employed,Married,4,Life,4.6,13303,1645650,3,24265,6,93,Good,1
2708,37,Female,166820,Unemployed,Single,3,Life,2.1,16631,1000004,2,314888,14,61,Good,1
2709,23,Male,87785,Employed,Divorced,3,Life,9.7,6125,864173,1,369071,15,79,Good,1
2710,39,Male,101050,Employed,Married,1,Life,4.0,40409,1937926,3,382886,11,33,Average,1
2711,35,Female,47738,Employed,Single,2,Health,4.5,55581,1260259,2,285800,12,55,Good,1
2712,25,Female,99231,Employed,Single,4,Auto,13.5,27485,1436349,2,9304,12,37,Good,0
2713,56,Male,98606,Employed,Married,1,Life,7.3,48003,1689563,3,348760,12,47,Average,1
2714,49,Female,66662,Employed,Single,1,Life,6.2,17794,998868,2,45911,13,36,Poor,1
2715,50,Male,143313,Employed,Single,5,Life,11.0,23018,1988992,4,43013,14,28,Average,1
2716,70,Male,40123,Employed,Married,0,Property,13.7,13862,937795,1,77981,14,10,Good,1
2717,33,Male,181688,Self-Employed,Divorced,3,Health,0.9,40879,893501,1,40314,1,23,Poor,1
2718,29,Female,36182,Self-Employed,Married,4,Health,7.0,6690,1779679,2,285001,5,92,Average,1
2719,55,Female,115369,Self-Employed,Single,3,Auto,9.4,20740,1071789,3,159966,8,98,Average,1
2720,69,Male,187403,Employed,Single,2,Property,5.1,52862,204726,0,248209,14,5,Good,0
2721,51,Female,51128,Unemployed,Married,0,Property,11.7,53643,956495,5,431786,3,82,Average,1
2722,31,Male,56556,Self-Employed,Single,1,Property,14.6,28024,381243,2,197152,15,6,Average,1
2723,53,Male,177948,Unemployed,Married,0,Auto,14.2,25341,1688486,0,39420,9,42,Good,0
2724,50,Male,165021,Employed,Single,1,Auto,4.4,14156,1568073,2,474804,1,47,Good,1
2725,40,Male,76962,Employed,Divorced,0,Auto,3.8,54432,401577,0,121015,2,87,Average,1
2726,67,Female,115054,Self-Employed,Married,1,Property,14.4,42214,139875,2,449426,6,28,Poor,0
2727,62,Male,49099,Employed,Single,3,Health,7.2,36053,1360715,3,27734,3,13,Average,1
2728,19,Male,168788,Employed,Divorced,3,Property,3.5,15158,1015813,5,232004,6,25,Good,1
2729,58,Female,194957,Self-Employed,Single,3,Auto,10.8,7808,760492,0,36219,4,7,Good,1
2730,38,Male,78144,Self-Employed,Single,3,Property,4.6,10402,719220,4,238105,13,66,Good,1
2731,19,Male,32837,Unemployed,Married,0,Life,4.4,6964,1993024,3,66972,7,80,Average,1
2732,44,Female,175231,Self-Employed,Single,1,Property,13.2,22206,274311,5,122775,7,58,Average,0
2733,26,Female,150212,Employed,Married,3,Property,2.9,14629,685179,2,317957,4,66,Good,1
2734,18,Female,141680,Employed,Single,0,Health,1.4,37337,469110,0,404223,6,36,Poor,1
2735,28,Male,131802,Employed,Single,1,Health,4.4,39829,455487,5,159413,10,2,Average,1
2736,20,Female,127413,Employed,Single,0,Health,9.3,26559,1712414,1,227622,5,38,Good,1
2737,69,Female,76012,Employed,Married,5,Life,2.3,8865,1790159,3,494582,12,74,Good,1
2738,40,Male,155193,Employed,Married,3,Health,7.3,9294,873380,0,442627,7,14,Good,1
2739,43,Male,173178,Employed,Single,2,Life,9.6,51939,1437916,3,204159,8,27,Good,1
2740,21,Male,83123,Self-Employed,Single,0,Auto,12.8,17965,312601,0,340793,15,15,Good,1
2741,35,Male,136825,Unemployed,Divorced,3,Health,3.8,17228,940281,1,179503,4,85,Average,1
2742,23,Male,33720,Self-Employed,Divorced,4,Property,12.4,53419,1371142,4,102715,6,12,Average,1
2743,52,Female,193733,Self-Employed,Married,1,Property,3.9,36377,1982366,1,266985,15,43,Good,1
2744,39,Female,177192,Employed,Married,5,Life,10.3,54229,1188089,2,433945,13,97,Good,1
2745,60,Female,175862,Unemployed,Married,3,Health,6.7,39927,335010,3,213710,0,57,Average,1
2746,32,Male,83655,Employed,Single,4,Property,2.2,17822,341943,4,496716,10,86,Good,1
2747,39,Male,118448,Unemployed,Single,0,Auto,10.9,35070,270100,3,346791,7,48,Poor,1
2748,54,Male,198979,Unemployed,Single,0,Health,3.7,8187,442625,5,338773,2,61,Good,1
2749,69,Female,145507,Unemployed,Married,4,Auto,3.1,12135,1100609,0,335226,0,82,Good,1
2750,59,Female,59812,Employed,Married,5,Property,5.7,18508,188915,2,57804,5,44,Average,1
2751,29,Male,74570,Employed,Married,4,Health,10.0,38557,1011222,2,228407,13,52,Average,1
2752,64,Female,75901,Employed,Single,1,Life,3.9,55715,138877,3,52006,12,62,Good,1
2753,66,Male,85186,Employed,Married,0,Property,3.2,39090,1826761,2,414800,7,2,Good,1
2754,59,Female,147066,Employed,Married,4,Auto,0.6,51155,1739315,3,386726,10,93,Average,1
2755,55,Female,153364,Employed,Divorced,2,Health,7.3,44441,648136,0,453807,2,71,Good,1
2756,35,Female,61160,Employed,Single,2,Auto,6.7,55654,1133809,0,260888,15,31,Good,1
2757,62,Male,44156,Employed,Married,4,Auto,3.9,44884,506885,3,412577,0,82,Average,1
2758,52,Female,101208,Self-Employed,Single,1,Life,1.3,31067,1420595,1,342164,2,73,Average,1
2759,47,Female,174001,Employed,Married,0,Life,6.7,23043,442533,1,178943,14,72,Average,1
2760,41,Male,120377,Self-Employed,Married,2,Property,11.9,35572,954393,0,130328,4,33,Good,0
2761,59,Female,67863,Self-Employed,Single,4,Life,10.9,14507,722264,4,244056,10,5,Good,1
2762,47,Male,90439,Employed,Married,4,Life,13.0,8062,200091,1,14101,15,78,Good,1
2763,31,Male,163266,Unemployed,Single,3,Property,0.6,29700,1118392,3,435990,7,58,Average,1
2764,23,Male,146361,Employed,Married,4,Property,14.5,57214,1906888,0,232856,8,77,Average,1
2765,20,Male,121176,Employed,Single,1,Property,5.5,23454,1165128,2,435917,12,11,Good,0
2766,33,Male,54777,Employed,Married,2,Property,14.9,58409,1312930,2,13261,11,84,Good,1
2767,24,Female,182255,Employed,Divorced,3,Auto,4.2,15868,1315851,1,144281,8,23,Average,1
2768,69,Male,183517,Employed,Single,2,Auto,7.3,7553,1539402,4,28647,15,45,Good,1
2769,31,Male,112201,Employed,Married,2,Property,5.6,34553,1382477,5,139293,3,27,Good,1
2770,26,Male,172270,Employed,Married,1,Property,5.7,33511,839896,1,441049,7,79,Good,1
2771,32,Male,177483,Employed,Single,4,Health,12.7,22428,1769202,4,347557,10,94,Average,1
2772,38,Female,40867,Employed,Married,1,Health,11.3,47747,176105,1,25557,4,56,Poor,1
2773,52,Male,87501,Employed,Married,4,Health,14.9,10957,977234,2,229606,2,59,Good,1
2774,19,Female,170338,Employed,Divorced,3,Life,9.4,49495,173301,4,400742,4,80,Good,1
2775,44,Male,64422,Employed,Divorced,1,Auto,7.2,9578,518144,2,103585,1,40,Good,1
2776,19,Female,191280,Employed,Married,1,Auto,1.8,43389,542126,3,132323,10,18,Good,1
2777,52,Male,146544,Employed,Married,5,Health,15.0,39734,1163255,3,32588,10,51,Good,1
2778,35,Male,187285,Employed,Married,0,Health,8.5,15548,1247997,0,185564,10,61,Good,1
2779,31,Female,163439,Unemployed,Married,1,Auto,10.7,26353,1182749,2,6889,5,23,Average,1
2780,37,Male,60362,Employed,Single,5,Life,6.4,51632,1979907,2,373832,0,36,Good,1
2781,35,Female,76588,Self-Employed,Married,0,Health,8.4,23634,1458585,0,373134,5,38,Average,1
2782,27,Male,194357,Unemployed,Married,4,Property,14.2,16679,138182,3,487518,12,72,Average,1
2783,42,Female,151683,Employed,Married,4,Health,2.9,52743,663397,3,247723,4,56,Good,1
2784,19,Male,61307,Employed,Married,4,Auto,4.7,29717,1808110,4,291290,12,39,Good,1
2785,42,Male,105280,Unemployed,Single,5,Auto,2.7,51935,510277,4,52318,8,93,Poor,1
2786,50,Female,175939,Self-Employed,Divorced,5,Health,12.0,30579,731334,5,493298,12,76,Average,1
2787,53,Male,81523,Employed,Married,0,Health,1.4,31730,1894867,3,466804,13,82,Good,1
2788,48,Male,162450,Self-Employed,Married,4,Property,1.7,39782,1607541,5,491300,6,83,Good,1
2789,31,Male,132669,Self-Employed,Single,2,Property,4.8,9624,1379618,1,37638,5,100,Poor,1
2790,18,Male,183998,Employed,Single,1,Life,8.0,57760,689812,2,1147,14,97,Good,1
2791,63,Male,128215,Unemployed,Married,5,Life,6.4,28103,293180,4,396063,10,69,Good,1
2792,33,Male,123707,Employed,Divorced,5,Property,1.1,30544,965244,1,85770,11,28,Poor,1
2793,63,Female,169252,Employed,Single,5,Life,14.4,58077,1878557,4,322479,6,90,Average,1
2794,69,Female,117837,Unemployed,Single,0,Life,14.3,33534,1529662,0,478206,9,21,Average,1
2795,20,Female,143070,Self-Employed,Single,4,Health,4.6,43636,997004,2,426604,15,62,Good,1
2796,52,Male,193003,Employed,Single,2,Property,11.1,52394,1724802,5,64347,4,23,Good,1
2797,58,Female,180086,Employed,Single,1,Health,8.9,38572,786636,5,492483,0,21,Average,1
2798,23,Male,104872,Employed,Married,1,Health,3.9,55486,618344,4,433199,14,75,Average,1
2799,42,Male,112736,Self-Employed,Divorced,4,Life,4.3,33560,1631925,3,437036,8,16,Good,1
2800,30,Male,30470,Self-Employed,Single,2,Health,7.6,38435,426994,5,378974,4,62,Poor,1
2801,70,Male,171025,Unemployed,Married,0,Auto,6.6,38152,1536913,0,419292,3,97,Good,1
2802,51,Female,194579,Unemployed,Single,5,Life,4.7,49084,1105284,0,423968,5,91,Good,1
2803,25,Male,117969,Employed,Single,5,Auto,12.2,24638,523817,3,453749,4,65,Good,1
2804,38,Female,116493,Employed,Single,4,Life,7.5,41208,1117069,0,278147,0,80,Average,1
2805,51,Male,31523,Employed,Married,1,Health,10.0,56900,150324,2,204026,1,5,Average,1
2806,21,Female,56169,Self-Employed,Single,5,Life,3.2,21396,1825200,4,279854,3,46,Average,1
2807,42,Female,70641,Employed,Married,1,Auto,8.2,45494,965858,0,327801,7,64,Good,1
2808,32,Female,179062,Employed,Single,1,Life,5.1,48967,609958,2,430297,4,82,Poor,1
2809,21,Female,54661,Employed,Single,4,Auto,8.1,31783,1588104,3,443444,6,41,Good,1
2810,62,Female,169491,Employed,Single,3,Property,11.8,10403,667140,4,224381,1,98,Good,1
2811,29,Female,39457,Employed,Divorced,3,Health,11.6,28838,1065411,3,214174,7,44,Average,1
2812,49,Male,92600,Employed,Married,3,Auto,5.6,43919,1790367,4,112286,4,89,Good,1
2813,49,Female,128619,Employed,Divorced,2,Property,10.6,17359,252130,0,492314,3,98,Good,1
2814,45,Male,101102,Employed,Single,4,Health,14.1,52995,989932,0,239192,8,15,Good,1
2815,30,Female,58085,Employed,Single,1,Property,9.6,27614,1448072,4,20655,5,68,Good,1
2816,48,Male,122064,Employed,Single,5,Auto,2.7,15057,1415741,2,401699,14,51,Good,1
2817,31,Female,162202,Employed,Single,2,Health,10.4,5100,909046,2,491440,13,54,Good,1
2818,37,Female,130723,Self-Employed,Married,3,Property,2.0,33655,1469851,2,40094,3,68,Good,1
2819,35,Male,158114,Employed,Single,0,Auto,13.1,9978,274022,1,172522,7,89,Good,1
2820,46,Female,95134,Self-Employed,Single,2,Property,8.0,47272,1783677,5,248568,15,77,Average,1
2821,23,Female,67982,Self-Employed,Married,2,Health,6.1,15988,274492,5,118116,2,42,Good,0
2822,49,Female,90185,Employed,Married,4,Health,1.3,19531,626919,5,156281,13,46,Average,1
2823,46,Male,58477,Employed,Divorced,5,Health,6.0,44302,1810281,2,46316,12,25,Average,1
2824,60,Female,139161,Unemployed,Single,2,Auto,13.6,58856,468544,0,249259,9,67,Average,1
2825,19,Male,77709,Self-Employed,Married,5,Property,0.8,54601,147674,1,18556,1,35,Average,0
2826,40,Female,184788,Unemployed,Single,4,Property,7.4,16631,1541043,2,159034,6,73,Good,1
2827,36,Female,103137,Self-Employed,Divorced,0,Auto,14.0,16693,1175420,0,408854,13,78,Good,1
2828,48,Male,61018,Employed,Married,1,Health,6.2,40935,1220412,1,300898,11,22,Average,1
2829,68,Female,164133,Employed,Married,1,Life,6.7,43148,1139540,0,102211,14,9,Average,1
2830,22,Female,164681,Employed,Single,3,Health,8.9,18823,1625888,4,217691,3,24,Good,1
2831,36,Male,60371,Employed,Married,3,Life,7.2,29696,891794,0,465833,3,23,Good,1
2832,51,Female,108021,Employed,Single,0,Health,2.9,16629,1418817,1,54376,9,61,Average,1
2833,27,Male,176877,Self-Employed,Married,1,Auto,0.8,8856,1669963,2,406569,8,37,Average,1
2834,42,Male,32857,Employed,Divorced,3,Life,9.3,36051,1670294,5,347532,1,45,Average,1
2835,19,Male,167692,Employed,Divorced,5,Auto,13.9,6075,760959,1,464512,0,15,Good,1
2836,28,Female,33177,Self-Employed,Married,2,Life,2.0,53523,846348,2,275915,14,57,Good,1
2837,67,Male,186183,Self-Employed,Married,4,Property,3.6,25797,802733,2,328170,6,100,Good,1
2838,48,Male,113578,Employed,Single,3,Life,5.9,48682,1143876,3,389684,14,14,Good,1
2839,32,Female,114941,Self-Employed,Married,0,Life,12.2,38469,104258,4,397479,11,52,Poor,1
2840,26,Male,36826,Unemployed,Married,1,Life,4.4,41116,1763930,3,400985,7,84,Good,1
2841,40,Female,169962,Employed,Married,0,Property,13.3,13185,284343,5,156406,2,36,Good,1
2842,36,Female,107428,Employed,Divorced,4,Auto,1.3,32841,1482896,1,476333,1,27,Good,1
2843,26,Female,151044,Employed,Married,4,Property,14.1,11836,1709920,3,425965,15,17,Average,1
2844,52,Female,100020,Employed,Single,0,Life,8.6,51072,379405,5,404851,3,90,Good,1
2845,38,Male,30495,Employed,Married,3,Health,10.1,29596,481317,2,327254,1,41,Average,1
2846,26,Male,53481,Unemployed,Single,3,Property,5.8,48406,675984,1,132976,11,4,Poor,1
2847,45,Male,167339,Self-Employed,Married,1,Health,11.8,27218,1317475,3,70805,1,3,Good,1
2848,63,Male,142897,Self-Employed,Married,5,Property,2.9,40017,901573,0,30968,4,19,Good,1
2849,68,Male,162815,Unemployed,Single,1,Property,1.2,15705,1044256,5,1650,9,41,Average,1
2850,24,Female,128475,Unemployed,Married,2,Life,6.2,24606,1237660,5,274611,4,40,Average,1
2851,33,Male,82042,Employed,Married,5,Auto,12.9,26375,1773768,4,101495,7,58,Good,1
2852,33,Male,74476,Employed,Married,2,Auto,11.4,47142,193219,0,98331,8,39,Good,1
2853,50,Male,53552,Self-Employed,Single,1,Life,8.0,31933,676968,1,177972,1,7,Average,1
2854,21,Female,199802,Employed,Single,5,Property,8.8,13118,643080,3,219252,0,36,Good,0
2855,21,Female,185020,Employed,Married,5,Auto,2.4,40319,1519189,2,297662,2,83,Good,1
2856,56,Male,94093,Employed,Single,2,Auto,12.7,31649,415244,3,486032,5,76,Average,1
2857,57,Female,94123,Unemployed,Married,0,Auto,11.9,50318,224118,1,461631,13,20,Good,1
2858,34,Male,41535,Employed,Married,3,Life,10.0,7214,1347518,1,266501,4,76,Average,1
2859,54,Male,91490,Self-Employed,Single,5,Health,7.3,13534,493983,1,355981,7,29,Good,1
2860,56,Female,71562,Employed,Married,5,Health,14.5,54869,1114684,1,273009,7,94,Good,1
2861,69,Female,144042,Self-Employed,Married,2,Health,13.2,40228,913424,5,114559,1,84,Average,1
2862,46,Male,114080,Employed,Married,5,Health,9.8,49696,1539188,3,330512,13,68,Good,1
2863,69,Male,66269,Unemployed,Single,2,Health,5.9,8255,129570,0,363557,8,66,Average,1
2864,53,Female,105674,Employed,Married,0,Auto,9.5,59942,1344345,2,487620,13,47,Good,1
2865,55,Male,67462,Self-Employed,Single,5,Auto,8.8,32841,308345,2,257548,13,94,Good,1
2866,56,Female,159199,Employed,Married,4,Property,6.2,10334,1620700,4,61039,3,23,Good,1
2867,67,Male,48147,Employed,Single,1,Auto,4.9,17281,1109925,5,239028,13,6,Average,1
2868,54,Female,102095,Employed,Divorced,0,Life,6.4,44598,743859,1,359083,0,18,Good,1
2869,69,Male,115925,Employed,Married,4,Property,8.8,45522,186126,1,464510,13,53,Good,1
2870,52,Male,91381,Employed,Divorced,0,Auto,6.7,44708,613852,1,396137,1,22,Good,1
2871,24,Female,124468,Employed,Married,3,Property,4.3,35697,467533,5,361881,13,68,Average,1
2872,44,Male,88749,Self-Employed,Single,0,Property,11.5,15722,1996588,0,4428,10,75,Good,1
2873,45,Male,194744,Self-Employed,Divorced,0,Health,8.2,41400,887176,1,499218,5,35,Poor,1
2874,39,Female,38731,Employed,Single,3,Property,1.5,21029,323766,4,466863,4,75,Poor,1
2875,31,Male,149647,Self-Employed,Single,5,Auto,5.8,5014,775918,4,249296,15,98,Good,1
2876,24,Male,76024,Employed,Single,1,Health,13.3,49349,289933,0,88783,11,9,Good,0
2877,54,Male,141712,Employed,Divorced,4,Auto,11.5,51925,1663678,5,246941,6,31,Average,1
2878,39,Female,126121,Employed,Married,2,Health,5.2,16506,1442979,1,113823,8,96,Good,1
2879,22,Female,28832,Employed,Married,1,Auto,14.1,13208,872604,3,314701,15,43,Average,1
2880,19,Female,57332,Employed,Married,0,Health,1.6,32157,514666,3,358127,15,99,Good,1
2881,44,Male,37467,Unemployed,Married,2,Health,14.4,14971,1991957,2,114039,5,75,Good,1
2882,38,Male,66025,Employed,Married,3,Life,4.1,56101,792289,0,405582,5,17,Poor,1
2883,55,Male,169179,Employed,Single,1,Auto,0.6,46040,1719453,3,309067,1,51,Good,1
2884,32,Male,102994,Employed,Married,5,Property,6.8,28183,882223,2,161636,6,100,Good,1
2885,38,Female,119202,Unemployed,Single,4,Health,5.7,27963,1485842,4,380746,1,66,Average,1
2886,27,Male,68481,Employed,Single,1,Auto,8.3,40847,1017790,2,241860,12,24,Poor,1
2887,40,Male,158653,Self-Employed,Married,1,Health,12.1,13127,590726,1,337655,6,15,Good,0
2888,56,Male,100118,Unemployed,Married,5,Life,12.7,46978,798922,1,118410,7,28,Poor,1
2889,22,Female,149010,Unemployed,Married,2,Life,6.3,52782,1350283,4,241889,11,3,Average,1
2890,18,Male,148714,Self-Employed,Single,3,Life,6.7,20646,378531,0,133714,0,29,Poor,1
2891,30,Male,164490,Employed,Single,5,Life,2.6,30355,1000797,5,368025,8,52,Average,1
2892,38,Male,185185,Self-Employed,Married,3,Property,1.2,23208,122319,1,144921,7,54,Average,1
2893,43,Male,109363,Employed,Married,5,Property,9.8,27713,755771,1,364159,8,58,Average,1
2894,67,Male,148607,Self-Employed,Single,1,Health,1.4,37267,1955737,2,412560,4,45,Good,1
2895,62,Female,88044,Self-Employed,Married,3,Auto,11.1,8864,1758511,2,283358,12,77,Poor,1
2896,38,Male,36814,Self-Employed,Single,2,Life,8.3,15661,998534,2,169298,13,50,Good,1
2897,70,Male,124340,Employed,Single,2,Life,3.4,37559,902136,3,222763,3,22,Good,1
2898,35,Male,35024,Employed,Single,4,Property,8.3,56665,1027613,4,153594,0,52,Average,1
2899,54,Male,134236,Unemployed,Divorced,3,Property,3.2,15322,560108,0,256918,8,53,Good,1
2900,62,Male,82836,Employed,Married,4,Life,6.9,11710,1572964,2,6680,13,31,Average,1
2901,49,Male,32435,Employed,Single,5,Auto,12.1,36362,1353533,0,405723,3,71,Average,1
2902,53,Male,95601,Employed,Married,0,Health,7.2,37380,511200,2,117028,14,48,Good,1
2903,34,Male,145871,Unemployed,Married,2,Health,2.7,46284,1307108,1,74955,3,90,Good,1
2904,52,Male,159479,Employed,Married,1,Health,11.0,57642,746133,0,180079,3,31,Good,1
2905,66,Male,123943,Employed,Married,2,Health,3.2,19386,754605,3,116416,15,4,Poor,1
2906,28,Female,57940,Employed,Single,0,Auto,11.2,18338,1580266,2,380417,1,35,Average,1
2907,38,Female,30666,Employed,Married,1,Auto,7.5,20316,1717313,5,49353,11,97,Good,1
2908,69,Female,62122,Unemployed,Married,3,Auto,7.1,29463,1268823,4,104289,10,67,Poor,1
2909,70,Female,143647,Self-Employed,Single,3,Property,12.8,15203,762556,1,219167,12,64,Good,1
2910,43,Male,181164,Self-Employed,Married,2,Life,10.8,9888,1628785,2,461912,3,83,Good,1
2911,21,Female,154753,Employed,Divorced,1,Auto,1.0,33192,937966,0,44233,1,9,Good,0
2912,51,Female,148402,Self-Employed,Married,5,Health,4.8,16325,1162125,2,262070,7,46,Good,1
2913,69,Male,126190,Employed,Married,1,Auto,13.1,24088,1132344,1,181937,15,83,Average,1
2914,65,Female,125468,Employed,Single,4,Life,0.8,14386,109821,4,138944,6,56,Good,1
2915,35,Female,154207,Employed,Married,0,Property,8.4,53413,1184140,4,7839,10,56,Average,1
2916,57,Male,51505,Employed,Single,3,Health,11.1,44028,1946081,4,146724,9,83,Average,1
2917,52,Male,61713,Employed,Single,2,Property,9.5,16267,1155858,5,400075,1,26,Good,1
2918,58,Male,68169,Employed,Married,1,Auto,11.5,36809,1909191,1,164592,13,60,Good,1
2919,46,Female,102511,Employed,Divorced,3,Health,11.0,20419,816506,5,340984,1,77,Good,1
2920,69,Female,65522,Employed,Married,2,Health,10.5,30480,1560981,5,180338,1,86,Good,1
2921,46,Male,124397,Self-Employed,Single,3,Auto,12.4,58749,1520686,2,244433,0,72,Good,1
2922,55,Male,28880,Employed,Married,2,Auto,9.9,50854,305855,1,382173,12,88,Good,1
2923,59,Female,199526,Unemployed,Divorced,3,Life,6.3,7904,110771,1,331660,5,90,Good,1
2924,38,Male,68539,Employed,Married,5,Auto,7.3,49260,423636,2,170165,5,48,Poor,0
2925,59,Female,39799,Self-Employed,Married,4,Auto,10.9,38891,1061229,3,183042,0,58,Good,1
2926,30,Male,129843,Unemployed,Divorced,0,Auto,13.2,18430,1826170,5,49620,10,63,Poor,1
2927,66,Male,73784,Unemployed,Married,3,Health,4.4,19999,320354,4,262569,0,58,Good,1
2928,58,Female,138034,Unemployed,Single,0,Life,5.5,28319,1706960,0,335821,5,3,Poor,1
2929,34,Male,199405,Employed,Single,3,Health,14.0,25700,112236,5,50727,10,7,Good,1
2930,26,Male,196900,Employed,Divorced,1,Auto,8.9,32633,1724408,0,206665,5,52,Average,1
2931,58,Male,79362,Employed,Married,4,Life,3.1,56422,398065,2,181057,3,62,Good,1
2932,18,Female,78997,Employed,Single,5,Auto,10.1,24108,386720,0,228411,2,2,Good,0
2933,19,Male,175145,Employed,Married,4,Health,14.9,45889,231238,3,178156,13,33,Average,1
2934,65,Male,127399,Unemployed,Married,0,Health,12.4,29055,245724,1,331786,8,12,Average,1
2935,46,Male,39549,Employed,Divorced,1,Auto,11.3,23642,1561430,4,85623,5,48,Average,1
2936,50,Male,81920,Employed,Single,2,Life,3.5,58014,1104484,0,263552,0,76,Good,1
2937,27,Male,176388,Unemployed,Married,4,Health,13.2,8646,639521,0,216473,2,53,Average,1
2938,67,Male,182255,Self-Employed,Divorced,5,Auto,8.1,18173,364029,2,55337,0,74,Good,1
2939,57,Female,118860,Self-Employed,Single,1,Property,13.4,12025,1726384,2,235197,2,41,Good,1
2940,38,Female,49624,Self-Employed,Single,1,Auto,5.3,17549,326972,1,239738,1,91,Average,1
2941,45,Male,71705,Employed,Divorced,0,Auto,1.4,19853,311316,4,39612,4,82,Good,1
2942,28,Female,114326,Employed,Married,5,Life,7.4,55423,1247779,0,170235,14,58,Poor,1
2943,51,Female,182828,Unemployed,Married,1,Auto,4.4,46757,734047,1,127948,2,68,Good,1
2944,25,Male,85390,Unemployed,Married,1,Property,10.9,34952,1348596,4,277987,6,23,Poor,1
2945,39,Female,93369,Unemployed,Single,2,Auto,14.4,16326,1606602,1,180436,7,85,Average,1
2946,25,Female,34589,Employed,Divorced,0,Property,10.5,8463,242841,0,290621,6,36,Good,0
2947,66,Female,138012,Unemployed,Single,0,Health,13.4,32163,1623275,2,229065,1,94,Good,1
2948,32,Female,170188,Employed,Single,5,Auto,7.1,37600,536363,2,383243,9,85,Average,1
2949,34,Female,98181,Employed,Single,1,Life,11.7,52156,1810385,2,192154,9,87,Average,1
2950,40,Female,148711,Employed,Single,2,Auto,12.7,19075,1583971,3,158402,6,21,Good,0
2951,41,Female,101425,Employed,Married,3,Property,10.8,33709,1905372,1,94747,9,72,Average,1
2952,62,Female,186358,Employed,Married,4,Property,7.9,48315,730747,0,430785,2,55,Good,1
2953,36,Male,40994,Employed,Divorced,0,Life,9.6,42709,370280,1,491419,6,56,Average,1
2954,22,Male,136915,Employed,Married,2,Property,10.7,21010,1902599,2,48114,14,13,Poor,1
2955,49,Female,147961,Employed,Married,5,Auto,4.2,5897,958418,5,329438,15,22,Good,1
2956,61,Female,129672,Self-Employed,Married,2,Property,12.2,46012,929431,5,195178,0,7,Average,1
2957,18,Male,51639,Self-Employed,Married,1,Auto,14.3,5605,189567,1,300692,1,24,Good,0
2958,40,Female,42205,Employed,Married,4,Auto,7.2,41445,1966060,4,324742,11,61,Good,1
2959,54,Female,81677,Employed,Single,0,Property,10.7,42315,554497,5,356849,9,5,Average,1
2960,25,Male,57930,Self-Employed,Single,3,Life,11.2,13652,1553138,5,142332,15,50,Good,1
2961,30,Male,98313,Employed,Single,1,Health,10.1,54926,1861613,1,294494,0,62,Good,1
2962,25,Male,138153,Employed,Married,0,Life,8.4,37229,1949860,3,172813,8,55,Average,1
2963,40,Female,43316,Employed,Divorced,5,Health,13.3,35530,959035,3,98214,12,26,Good,1
2964,60,Female,183376,Unemployed,Single,0,Life,7.0,43024,1573277,2,128885,12,10,Good,1
2965,18,Male,121058,Employed,Single,2,Auto,1.4,54101,830585,0,307325,14,11,Good,1
2966,62,Male,112876,Employed,Single,4,Auto,12.7,59643,992503,4,388454,1,40,Good,1
2967,68,Female,110366,Employed,Married,3,Property,10.3,25414,124272,0,83446,1,11,Good,0
2968,41,Male,38403,Employed,Single,4,Health,12.8,32903,496979,0,131912,5,94,Average,1
2969,52,Female,105052,Employed,Single,2,Health,2.5,19730,1731951,4,455638,6,4,Good,1
2970,41,Female,98495,Employed,Single,3,Property,0.9,42924,1647024,3,410941,13,2,Good,1
2971,34,Male,188004,Employed,Married,3,Life,14.0,43541,941280,5,274443,12,77,Good,1
2972,22,Male,121090,Unemployed,Married,1,Property,2.6,32898,1178651,2,312796,1,39,Good,1
2973,37,Female,61701,Self-Employed,Married,3,Life,12.2,48654,1963700,1,488741,13,81,Good,1
2974,38,Male,159457,Self-Employed,Single,0,Property,12.4,20930,1240661,3,221113,3,23,Average,1
2975,57,Male,82241,Self-Employed,Married,4,Health,10.8,8518,784208,2,333239,2,45,Good,1
2976,48,Male,166439,Employed,Single,5,Health,2.4,35982,482314,5,235302,12,74,Poor,1
2977,63,Male,90030,Unemployed,Single,5,Life,10.2,11775,327349,3,425813,4,77,Good,1
2978,53,Female,189404,Employed,Married,4,Health,13.4,28990,1167844,4,139779,8,42,Good,1
2979,28,Female,191340,Employed,Single,1,Health,6.7,10378,488031,0,311087,1,42,Good,1
2980,69,Female,181635,Self-Employed,Married,3,Health,6.5,51402,1487043,4,109958,12,29,Good,1
2981,32,Female,130185,Self-Employed,Single,2,Health,6.9,44441,741273,5,457019,4,16,Average,1
2982,36,Male,61404,Self-Employed,Single,0,Auto,1.7,11444,272692,1,371719,7,67,Average,1
2983,24,Male,80182,Employed,Divorced,1,Property,13.4,19176,1638999,4,237051,5,100,Good,1
2984,68,Female,57991,Unemployed,Married,3,Property,13.1,30060,701160,5,107643,3,60,Average,1
2985,45,Female,129601,Unemployed,Married,5,Auto,15.0,14379,1096527,0,355699,14,4,Average,1
2986,68,Male,90886,Employed,Married,2,Health,9.0,41495,1668893,3,88377,9,100,Poor,1
2987,60,Female,147002,Employed,Married,3,Property,11.4,58148,1450859,2,347320,7,16,Good,1
2988,22,Female,108848,Employed,Married,1,Property,3.4,51993,1594929,5,100898,2,41,Good,1
2989,22,Male,180199,Unemployed,Married,2,Property,10.2,32568,396181,5,233032,3,6,Good,1
2990,47,Female,82692,Employed,Single,2,Life,9.9,27765,178434,1,229234,10,42,Good,1
2991,49,Male,62500,Employed,Single,2,Auto,13.6,35802,1297326,3,75276,8,57,Average,1
2992,25,Male,58785,Employed,Married,2,Life,12.5,28196,1133201,5,116774,4,28,Poor,1
2993,27,Female,109146,Employed,Single,3,Life,14.1,56141,1060555,5,396371,5,100,Good,1
2994,55,Male,72997,Self-Employed,Single,2,Auto,13.1,20468,1166717,2,285716,11,23,Average,1
2995,64,Female,32170,Employed,Single,3,Property,13.1,33849,1617484,0,452910,15,76,Poor,1
2996,49,Male,169375,Unemployed,Single,2,Life,1.4,42113,1959168,4,328658,10,42,Poor,1
2997,65,Female,96743,Self-Employed,Single,2,Property,12.8,13174,1554627,3,207105,1,95,Average,1
2998,45,Female,60187,Self-Employed,Single,1,Life,9.3,50820,1682247,2,175915,8,12,Average,1
2999,34,Female,157965,Employed,Single,3,Property,6.0,24098,204882,2,347111,7,96,Good,1
3000,48,Male,169825,Employed,Single,5,Health,1.3,12046,1304212,4,35357,6,89,Poor,1
