Article_ID,Title,Category,Author,Source,Published_Date,Description,Article_Text,Keywords,Views,Likes,Shares,Reading_Time_Minutes,Article_Rating,Sentiment,Popularity_Score
1,Movie and Movie: Latest Updates and Analysis,Entertainment,Mina Shrestha,Insight News,2025-01-01 00:00:00.000000,"Latest developments in Film, Music and Movie with important updates, analysis and current information.","This article discusses Music, Film, and Film. It also covers recent developments in Actor and Celebrity. The report provides background information, current trends, key points and analysis related to entertainment news. Readers can learn about recent changes, important events, major developments and future possibilities.","Celebrity, Movie, Series, Actor",172292,49703,1665,4.0,2.8,Positive,48.82
2,Parliament and Parliament: Latest Updates and Analysis,Politics,Anil Gurung,TechDaily,2025-01-01 14:34:57.297297,"Latest developments in Parliament, Parliament and Policy with important updates, analysis and current information.","This article discusses Law, Minister, and Parliament. It also covers recent developments in Parliament and Law. The report provides background information, current trends, key points and analysis related to politics news. Readers can learn about recent changes, important events, major developments and future possibilities.","Policy, Law, Minister, Election",280053,21950,12811,19.8,4.4,Neutral,54.06
3,Hospital and Patient: Latest Updates and Analysis,Health,Sita Rai,TechDaily,2025-01-02 05:09:54.594594,"Latest developments in Disease, Patient and Medicine with important updates, analysis and current information.","This article discusses Hospital, Disease, and Treatment. It also covers recent developments in Disease and Treatment. The report provides background information, current trends, key points and analysis related to health news. Readers can learn about recent changes, important events, major developments and future possibilities.","Disease, Patient, Treatment, Medicine",446129,11089,8951,7.0,4.4,Neutral,60.29
4,Music and Film: Latest Updates and Analysis,Entertainment,Anil Gurung,TechDaily,2025-01-02 19:44:51.891891,"Latest developments in Movie, Celebrity and Music with important updates, analysis and current information.","This article discusses Actor, Series, and Actor. It also covers recent developments in Actor and Music. The report provides background information, current trends, key points and analysis related to entertainment news. Readers can learn about recent changes, important events, major developments and future possibilities.","Film, Music, Movie, Actor",467321,41999,10349,19.6,4.9,Positive,82.41
5,Cricket and League: Latest Updates and Analysis,Sports,Aarav Thapa,News Hub,2025-01-03 10:19:49.189189,"Latest developments in Match, Tournament and Player with important updates, analysis and current information.","This article discusses Match, Match, and Match. It also covers recent developments in Football and Player. The report provides background information, current trends, key points and analysis related to sports news. Readers can learn about recent changes, important events, major developments and future possibilities.","Cricket, Football, Player, League",290211,3051,9543,5.3,4.4,Negative,40.44
6,Student and Education: Latest Updates and Analysis,Education,Ramesh Sharma,World Today,2025-01-04 00:54:46.486486,"Latest developments in Learning, Student and Education with important updates, analysis and current information.","This article discusses Learning, Education, and School. It also covers recent developments in College and Learning. The report provides background information, current trends, key points and analysis related to education news. Readers can learn about recent changes, important events, major developments and future possibilities.","University, Student, School, College",403064,38090,9460,8.5,3.1,Neutral,72.74
7,Disease and Patient: Latest Updates and Analysis,Health,Sita Rai,News Hub,2025-01-04 15:29:43.783783,"Latest developments in Healthcare, Healthcare and Healthcare with important updates, analysis and current information.","This article discusses Treatment, Healthcare, and Disease. It also covers recent developments in Patient and Medicine. The report provides background information, current trends, key points and analysis related to health news. Readers can learn about recent changes, important events, major developments and future possibilities.","Hospital, Treatment, Disease, Healthcare",23524,28805,1785,15.6,2.6,Positive,21.47
8,Hospital and Treatment: Latest Updates and Analysis,Health,Mina Shrestha,World Today,2025-01-05 06:04:41.081081,"Latest developments in Disease, Treatment and Healthcare with important updates, analysis and current information.","This article discusses Treatment, Disease, and Patient. It also covers recent developments in Patient and Medicine. The report provides background information, current trends, key points and analysis related to health news. Readers can learn about recent changes, important events, major developments and future possibilities.","Hospital, Patient, Treatment, Medicine",479828,29442,5948,13.8,5.0,Negative,71.7
9,Film and Music: Latest Updates and Analysis,Entertainment,Mina Shrestha,News Hub,2025-01-05 20:39:38.378378,"Latest developments in Series, Actor and Celebrity with important updates, analysis and current information.","This article discusses Film, Celebrity, and Film. It also covers recent developments in Celebrity and Music. The report provides background information, current trends, key points and analysis related to entertainment news. Readers can learn about recent changes, important events, major developments and future possibilities.","Celebrity, Series, Movie, Film",417230,44557,14498,12.5,3.4,Neutral,83.08
10,Investment and Market: Latest Updates and Analysis,Business,Aarav Thapa,News Hub,2025-01-06 11:14:35.675675,"Latest developments in Economy, Company and Startup with important updates, analysis and current information.","This article discusses Market, Finance, and Finance. It also covers recent developments in Market and Market. The report provides background information, current trends, key points and analysis related to business news. Readers can learn about recent changes, important events, major developments and future possibilities.","Investment, Company, Startup, Market",226775,2555,18991,11.5,3.3,Negative,43.24
11,Cricket and League: Latest Updates and Analysis,Sports,Aarav Thapa,Insight News,2025-01-07 01:49:32.972972,"Latest developments in Player, Tournament and Player with important updates, analysis and current information.","This article discusses Player, League, and Player. It also covers recent developments in Football and Tournament. The report provides background information, current trends, key points and analysis related to sports news. Readers can learn about recent changes, important events, major developments and future possibilities.","Football, Cricket, Player, Match",370655,12767,2630,17.2,4.8,Neutral,47.42
12,Music and Series: Latest Updates and Analysis,Entertainment,Raj Joshi,Daily Report,2025-01-07 16:24:30.270270,"Latest developments in Actor, Music and Movie with important updates, analysis and current information.","This article discusses Film, Music, and Series. It also covers recent developments in Music and Music. The report provides background information, current trends, key points and analysis related to entertainment news. Readers can learn about recent changes, important events, major developments and future possibilities.","Movie, Celebrity, Actor, Music",209650,458,7660,6.2,4.0,Neutral,28.93
13,Player and League: Latest Updates and Analysis,Sports,Sita Rai,News Hub,2025-01-08 06:59:27.567567,"Latest developments in Tournament, Tournament and Tournament with important updates, analysis and current information.","This article discusses Match, League, and Football. It also covers recent developments in Tournament and Cricket. The report provides background information, current trends, key points and analysis related to sports news. Readers can learn about recent changes, important events, major developments and future possibilities.","Player, Match, League, Tournament",412807,48469,238,10.0,3.0,Negative,70.73
14,Cricket and League: Latest Updates and Analysis,Sports,Anil Gurung,Insight News,2025-01-08 21:34:24.864864,"Latest developments in Cricket, League and Player with important updates, analysis and current information.","This article discusses Match, Player, and Cricket. It also covers recent developments in Tournament and Football. The report provides background information, current trends, key points and analysis related to sports news. Readers can learn about recent changes, important events, major developments and future possibilities.","Cricket, Tournament, Football, Match",180626,16066,19920,4.8,4.7,Positive,47.67
15,Education and Education: Latest Updates and Analysis,Education,Bikash Adhikari,Global News,2025-01-09 12:09:22.162162,"Latest developments in School, Learning and Education with important updates, analysis and current information.","This article discusses College, College, and Education. It also covers recent developments in Learning and Student. The report provides background information, current trends, key points and analysis related to education news. Readers can learn about recent changes, important events, major developments and future possibilities.","Education, College, University, School",332313,4721,13891,12.7,5.0,Neutral,50.0
16,Disease and Hospital: Latest Updates and Analysis,Health,Mina Shrestha,Daily Report,2025-01-10 02:44:19.459459,"Latest developments in Disease, Medicine and Disease with important updates, analysis and current information.","This article discusses Disease, Healthcare, and Hospital. It also covers recent developments in Healthcare and Medicine. The report provides background information, current trends, key points and analysis related to health news. Readers can learn about recent changes, important events, major developments and future possibilities.","Disease, Patient, Medicine, Treatment",183097,12446,9338,6.5,2.7,Neutral,35.16
17,Law and Government: Latest Updates and Analysis,Politics,Mina Shrestha,News Hub,2025-01-10 17:19:16.756756,"Latest developments in Parliament, Election and Policy with important updates, analysis and current information.","This article discusses Election, Parliament, and Policy. It also covers recent developments in Minister and Policy. The report provides background information, current trends, key points and analysis related to politics news. Readers can learn about recent changes, important events, major developments and future possibilities.","Parliament, Government, Law, Election",351363,6304,9749,8.0,4.7,Positive,48.72
18,Learning and Student: Latest Updates and Analysis,Education,Aarav Thapa,TechDaily,2025-01-11 07:54:14.054054,"Latest developments in University, School and School with important updates, analysis and current information.","This article discusses College, Learning, and University. It also covers recent developments in University and Learning. The report provides background information, current trends, key points and analysis related to education news. Readers can learn about recent changes, important events, major developments and future possibilities.","Learning, Education, Student, College",37149,46333,10349,10.5,3.5,Neutral,41.95
19,College and Student: Latest Updates and Analysis,Education,Nisha Karki,Global News,2025-01-11 22:29:11.351351,"Latest developments in University, Education and Learning with important updates, analysis and current information.","This article discusses College, University, and Learning. It also covers recent developments in Education and Education. The report provides background information, current trends, key points and analysis related to education news. Readers can learn about recent changes, important events, major developments and future possibilities.","University, College, Education, Learning",290065,42967,13582,2.5,3.8,Positive,68.48
20,Cricket and Player: Latest Updates and Analysis,Sports,Aarav Thapa,Global News,2025-01-12 13:04:08.648648,"Latest developments in Player, Match and Player with important updates, analysis and current information.","This article discusses Cricket, Match, and League. It also covers recent developments in Match and Tournament. The report provides background information, current trends, key points and analysis related to sports news. Readers can learn about recent changes, important events, major developments and future possibilities.","League, Tournament, Match, Player",358041,34688,11643,3.7,4.8,Neutral,68.36
21,Space and Experiment: Latest Updates and Analysis,Science,Bikash Adhikari,Insight News,2025-01-13 03:39:05.945945,"Latest developments in Biology, Research and Experiment with important updates, analysis and current information.","This article discusses Space, Experiment, and Biology. It also covers recent developments in Research and Research. The report provides background information, current trends, key points and analysis related to science news. Readers can learn about recent changes, important events, major developments and future possibilities.","Research, Discovery, Biology, Physics",496388,13227,12245,14.3,4.9,Neutral,69.9
22,Hospital and Medicine: Latest Updates and Analysis,Health,Anil Gurung,Global News,2025-01-13 18:14:03.243243,"Latest developments in Healthcare, Treatment and Healthcare with important updates, analysis and current information.","This article discusses Medicine, Patient, and Patient. It also covers recent developments in Patient and Treatment. The report provides background information, current trends, key points and analysis related to health news. Readers can learn about recent changes, important events, major developments and future possibilities.","Hospital, Treatment, Healthcare, Medicine",161117,40462,7899,9.7,3.2,Negative,48.38
23,Finance and Market: Latest Updates and Analysis,Business,Anil Gurung,Daily Report,2025-01-14 08:49:00.540540,"Latest developments in Investment, Company and Economy with important updates, analysis and current information.","This article discusses Investment, Company, and Investment. It also covers recent developments in Finance and Company. The report provides background information, current trends, key points and analysis related to business news. Readers can learn about recent changes, important events, major developments and future possibilities.","Company, Economy, Finance, Market",410700,6298,7145,17.6,3.0,Positive,52.05
24,College and School: Latest Updates and Analysis,Education,Nisha Karki,News Hub,2025-01-14 23:23:57.837837,"Latest developments in Education, Student and School with important updates, analysis and current information.","This article discusses College, Education, and School. It also covers recent developments in Student and College. The report provides background information, current trends, key points and analysis related to education news. Readers can learn about recent changes, important events, major developments and future possibilities.","College, Student, School, Learning",421726,39397,5861,14.5,2.7,Neutral,71.79
25,Minister and Law: Latest Updates and Analysis,Politics,Mina Shrestha,News Hub,2025-01-15 13:58:55.135135,"Latest developments in Law, Election and Government with important updates, analysis and current information.","This article discusses Law, Parliament, and Election. It also covers recent developments in Minister and Law. The report provides background information, current trends, key points and analysis related to politics news. Readers can learn about recent changes, important events, major developments and future possibilities.","Law, Government, Minister, Election",77834,45487,13051,2.1,3.9,Positive,48.22
26,Research and Biology: Latest Updates and Analysis,Science,Aarav Thapa,TechDaily,2025-01-16 04:33:52.432432,"Latest developments in Physics, Experiment and Discovery with important updates, analysis and current information.","This article discusses Discovery, Research, and Experiment. It also covers recent developments in Research and Physics. The report provides background information, current trends, key points and analysis related to science news. Readers can learn about recent changes, important events, major developments and future possibilities.","Space, Research, Biology, Discovery",457082,37914,16632,13.1,2.5,Neutral,85.21
27,Experiment and Research: Latest Updates and Analysis,Science,Raj Joshi,Insight News,2025-01-16 19:08:49.729729,"Latest developments in Physics, Space and Experiment with important updates, analysis and current information.","This article discusses Space, Biology, and Research. It also covers recent developments in Biology and Biology. The report provides background information, current trends, key points and analysis related to science news. Readers can learn about recent changes, important events, major developments and future possibilities.","Discovery, Research, Experiment, Space",226062,10306,12321,3.7,3.5,Neutral,41.16
28,Company and Company: Latest Updates and Analysis,Business,Anil Gurung,TechDaily,2025-01-17 09:43:47.027027,"Latest developments in Investment, Market and Economy with important updates, analysis and current information.","This article discusses Finance, Startup, and Finance. It also covers recent developments in Company and Market. The report provides background information, current trends, key points and analysis related to business news. Readers can learn about recent changes, important events, major developments and future possibilities.","Startup, Market, Investment, Finance",400485,2589,4323,16.1,2.7,Neutral,45.98
29,Education and Learning: Latest Updates and Analysis,Education,Bikash Adhikari,Global News,2025-01-18 00:18:44.324324,"Latest developments in University, Education and Education with important updates, analysis and current information.","This article discusses University, College, and College. It also covers recent developments in College and School. The report provides background information, current trends, key points and analysis related to education news. Readers can learn about recent changes, important events, major developments and future possibilities.","Student, School, University, College",433445,37078,2860,19.8,3.5,Negative,68.57
30,Policy and Parliament: Latest Updates and Analysis,Politics,Sita Rai,TechDaily,2025-01-18 14:53:41.621621,"Latest developments in Parliament, Law and Minister with important updates, analysis and current information.","This article discusses Parliament, Election, and Government. It also covers recent developments in Policy and Law. The report provides background information, current trends, key points and analysis related to politics news. Readers can learn about recent changes, important events, major developments and future possibilities.","Law, Government, Parliament, Election",359689,35009,17107,11.6,2.6,Negative,74.19
31,Disease and Healthcare: Latest Updates and Analysis,Health,Ramesh Sharma,Daily Report,2025-01-19 05:28:38.918918,"Latest developments in Hospital, Treatment and Medicine with important updates, analysis and current information.","This article discusses Treatment, Healthcare, and Treatment. It also covers recent developments in Medicine and Medicine. The report provides background information, current trends, key points and analysis related to health news. Readers can learn about recent changes, important events, major developments and future possibilities.","Hospital, Healthcare, Patient, Disease",3930,13601,14919,14.3,4.6,Positive,23.5
32,Robotics and AI: Latest Updates and Analysis,Technology,Ramesh Sharma,News Hub,2025-01-19 20:03:36.216216,"Latest developments in Machine Learning, AI and AI with important updates, analysis and current information.","This article discusses AI, Cloud, and Machine Learning. It also covers recent developments in Cybersecurity and Software. The report provides background information, current trends, key points and analysis related to technology news. Readers can learn about recent changes, important events, major developments and future possibilities.","Machine Learning, Robotics, Cloud, Software",449622,7711,569,6.3,3.0,Neutral,50.22
33,Minister and Minister: Latest Updates and Analysis,Politics,Ramesh Sharma,Global News,2025-01-20 10:38:33.513513,"Latest developments in Election, Law and Minister with important updates, analysis and current information.","This article discusses Parliament, Election, and Minister. It also covers recent developments in Law and Election. The report provides background information, current trends, key points and analysis related to politics news. Readers can learn about recent changes, important events, major developments and future possibilities.","Government, Minister, Law, Election",349184,21364,8411,9.9,3.3,Neutral,56.23
34,Finance and Economy: Latest Updates and Analysis,Business,Raj Joshi,TechDaily,2025-01-21 01:13:30.810810,"Latest developments in Finance, Market and Finance with important updates, analysis and current information.","This article discusses Company, Company, and Economy. It also covers recent developments in Company and Investment. The report provides background information, current trends, key points and analysis related to business news. Readers can learn about recent changes, important events, major developments and future possibilities.","Investment, Finance, Economy, Company",196439,33706,9586,17.4,4.7,Neutral,49.54
35,Space and Biology: Latest Updates and Analysis,Science,Mina Shrestha,Insight News,2025-01-21 15:48:28.108108,"Latest developments in Experiment, Space and Discovery with important updates, analysis and current information.","This article discusses Discovery, Space, and Biology. It also covers recent developments in Research and Physics. The report provides background information, current trends, key points and analysis related to science news. Readers can learn about recent changes, important events, major developments and future possibilities.","Physics, Research, Space, Discovery",158929,29610,19218,5.0,4.4,Positive,52.95
36,Healthcare and Hospital: Latest Updates and Analysis,Health,Aarav Thapa,Daily Report,2025-01-22 06:23:25.405405,"Latest developments in Hospital, Patient and Healthcare with important updates, analysis and current information.","This article discusses Medicine, Medicine, and Medicine. It also covers recent developments in Hospital and Healthcare. The report provides background information, current trends, key points and analysis related to health news. Readers can learn about recent changes, important events, major developments and future possibilities.","Hospital, Healthcare, Treatment, Medicine",63967,37069,2122,6.8,3.0,Neutral,30.83
37,Minister and Policy: Latest Updates and Analysis,Politics,Nisha Karki,Daily Report,2025-01-22 20:58:22.702702,"Latest developments in Minister, Election and Election with important updates, analysis and current information.","This article discusses Minister, Government, and Policy. It also covers recent developments in Election and Parliament. The report provides background information, current trends, key points and analysis related to politics news. Readers can learn about recent changes, important events, major developments and future possibilities.","Election, Parliament, Government, Policy",428966,3970,14409,10.0,2.7,Neutral,59.75
38,Cybersecurity and Cybersecurity: Latest Updates and Analysis,Technology,Raj Joshi,TechDaily,2025-01-23 11:33:20.000000,"Latest developments in Cybersecurity, AI and AI with important updates, analysis and current information.","This article discusses Machine Learning, Cloud, and Robotics. It also covers recent developments in Software and Machine Learning. The report provides background information, current trends, key points and analysis related to technology news. Readers can learn about recent changes, important events, major developments and future possibilities.","Cloud, Machine Learning, Cybersecurity, AI",164938,3999,3089,14.8,4.3,Neutral,22.01
39,Cloud and Robotics: Latest Updates and Analysis,Technology,Raj Joshi,News Hub,2025-01-24 02:08:17.297297,"Latest developments in Software, AI and Cybersecurity with important updates, analysis and current information.","This article discusses Software, Robotics, and AI. It also covers recent developments in Cybersecurity and Machine Learning. The report provides background information, current trends, key points and analysis related to technology news. Readers can learn about recent changes, important events, major developments and future possibilities.","Machine Learning, AI, Robotics, Software",474794,21034,14242,8.8,3.5,Negative,74.44
40,Tournament and Cricket: Latest Updates and Analysis,Sports,Anil Gurung,TechDaily,2025-01-24 16:43:14.594594,"Latest developments in Player, Player and Cricket with important updates, analysis and current information.","This article discusses Match, Football, and Cricket. It also covers recent developments in Football and Match. The report provides background information, current trends, key points and analysis related to sports news. Readers can learn about recent changes, important events, major developments and future possibilities.","Cricket, Match, League, Football",294663,36176,7210,18.7,4.4,Neutral,58.48
41,Match and Tournament: Latest Updates and Analysis,Sports,Sita Rai,Global News,2025-01-25 07:18:11.891891,"Latest developments in Cricket, Football and Player with important updates, analysis and current information.","This article discusses Cricket, League, and League. It also covers recent developments in Match and Player. The report provides background information, current trends, key points and analysis related to sports news. Readers can learn about recent changes, important events, major developments and future possibilities.","Player, League, Match, Cricket",278912,46575,16433,3.7,3.6,Positive,72.39
42,Celebrity and Series: Latest Updates and Analysis,Entertainment,Raj Joshi,TechDaily,2025-01-25 21:53:09.189189,"Latest developments in Music, Film and Music with important updates, analysis and current information.","This article discusses Series, Actor, and Music. It also covers recent developments in Actor and Music. The report provides background information, current trends, key points and analysis related to entertainment news. Readers can learn about recent changes, important events, major developments and future possibilities.","Series, Actor, Film, Music",409562,41730,514,8.7,3.4,Positive,66.63
43,Startup and Company: Latest Updates and Analysis,Business,Bikash Adhikari,Daily Report,2025-01-26 12:28:06.486486,"Latest developments in Company, Company and Finance with important updates, analysis and current information.","This article discusses Finance, Investment, and Finance. It also covers recent developments in Startup and Investment. The report provides background information, current trends, key points and analysis related to business news. Readers can learn about recent changes, important events, major developments and future possibilities.","Startup, Economy, Finance, Investment",25096,16632,10983,14.8,3.6,Negative,23.51
44,College and University: Latest Updates and Analysis,Education,Sita Rai,TechDaily,2025-01-27 03:03:03.783783,"Latest developments in Student, Student and Learning with important updates, analysis and current information.","This article discusses University, College, and Learning. It also covers recent developments in Learning and Education. The report provides background information, current trends, key points and analysis related to education news. Readers can learn about recent changes, important events, major developments and future possibilities.","College, University, Education, Learning",313556,13385,10970,6.1,4.4,Negative,50.42
45,Parliament and Parliament: Latest Updates and Analysis,Politics,Bikash Adhikari,News Hub,2025-01-27 17:38:01.081081,"Latest developments in Law, Policy and Parliament with important updates, analysis and current information.","This article discusses Policy, Election, and Minister. It also covers recent developments in Election and Election. The report provides background information, current trends, key points and analysis related to politics news. Readers can learn about recent changes, important events, major developments and future possibilities.","Policy, Minister, Law, Parliament",134237,5950,10810,13.8,4.8,Neutral,27.83
46,Minister and Parliament: Latest Updates and Analysis,Politics,Mina Shrestha,Insight News,2025-01-28 08:12:58.378378,"Latest developments in Government, Law and Policy with important updates, analysis and current information.","This article discusses Policy, Law, and Policy. It also covers recent developments in Government and Minister. The report provides background information, current trends, key points and analysis related to politics news. Readers can learn about recent changes, important events, major developments and future possibilities.","Policy, Election, Government, Parliament",272711,35694,10029,5.0,2.6,Neutral,58.81
47,College and College: Latest Updates and Analysis,Education,Aarav Thapa,World Today,2025-01-28 22:47:55.675675,"Latest developments in University, Student and University with important updates, analysis and current information.","This article discusses Learning, Learning, and Student. It also covers recent developments in College and University. The report provides background information, current trends, key points and analysis related to education news. Readers can learn about recent changes, important events, major developments and future possibilities.","Learning, University, College, School",443962,7975,4671,3.0,3.8,Negative,53.92
48,Movie and Music: Latest Updates and Analysis,Entertainment,Ramesh Sharma,TechDaily,2025-01-29 13:22:52.972972,"Latest developments in Actor, Music and Celebrity with important updates, analysis and current information.","This article discusses Series, Movie, and Series. It also covers recent developments in Celebrity and Music. The report provides background information, current trends, key points and analysis related to entertainment news. Readers can learn about recent changes, important events, major developments and future possibilities.","Film, Movie, Series, Music",241552,21314,17549,4.2,2.6,Neutral,54.56
49,Experiment and Physics: Latest Updates and Analysis,Science,Raj Joshi,News Hub,2025-01-30 03:57:50.270270,"Latest developments in Discovery, Space and Experiment with important updates, analysis and current information.","This article discusses Space, Biology, and Physics. It also covers recent developments in Biology and Discovery. The report provides background information, current trends, key points and analysis related to science news. Readers can learn about recent changes, important events, major developments and future possibilities.","Physics, Discovery, Research, Experiment",152179,23398,10441,18.7,3.7,Negative,39.76
50,Space and Discovery: Latest Updates and Analysis,Science,Aarav Thapa,News Hub,2025-01-30 18:32:47.567567,"Latest developments in Physics, Experiment and Physics with important updates, analysis and current information.","This article discusses Experiment, Research, and Biology. It also covers recent developments in Physics and Biology. The report provides background information, current trends, key points and analysis related to science news. Readers can learn about recent changes, important events, major developments and future possibilities.","Research, Experiment, Biology, Space",199251,25277,414,11.9,4.7,Neutral,35.57
51,Movie and Actor: Latest Updates and Analysis,Entertainment,Mina Shrestha,Insight News,2025-01-31 09:07:44.864864,"Latest developments in Music, Movie and Movie with important updates, analysis and current information.","This article discusses Music, Series, and Series. It also covers recent developments in Series and Series. The report provides background information, current trends, key points and analysis related to entertainment news. Readers can learn about recent changes, important events, major developments and future possibilities.","Series, Film, Actor, Celebrity",290946,26761,15093,16.3,3.4,Neutral,60.33
52,Research and Physics: Latest Updates and Analysis,Science,Nisha Karki,Daily Report,2025-01-31 23:42:42.162162,"Latest developments in Experiment, Research and Physics with important updates, analysis and current information.","This article discusses Discovery, Discovery, and Research. It also covers recent developments in Physics and Discovery. The report provides background information, current trends, key points and analysis related to science news. Readers can learn about recent changes, important events, major developments and future possibilities.","Physics, Space, Biology, Research",94469,31533,17488,8.0,4.8,Neutral,45.92
53,Match and Football: Latest Updates and Analysis,Sports,Nisha Karki,News Hub,2025-02-01 14:17:39.459459,"Latest developments in Tournament, Player and Tournament with important updates, analysis and current information.","This article discusses Player, League, and Match. It also covers recent developments in Tournament and Match. The report provides background information, current trends, key points and analysis related to sports news. Readers can learn about recent changes, important events, major developments and future possibilities.","Cricket, League, Football, Player",75669,6966,19740,12.7,4.1,Positive,31.51
54,Policy and Law: Latest Updates and Analysis,Politics,Mina Shrestha,News Hub,2025-02-02 04:52:36.756756,"Latest developments in Election, Minister and Policy with important updates, analysis and current information.","This article discusses Election, Government, and Policy. It also covers recent developments in Policy and Election. The report provides background information, current trends, key points and analysis related to politics news. Readers can learn about recent changes, important events, major developments and future possibilities.","Law, Parliament, Policy, Election",316196,41901,2416,10.9,4.8,Positive,59.29
55,Celebrity and Actor: Latest Updates and Analysis,Entertainment,Bikash Adhikari,News Hub,2025-02-02 19:27:34.054054,"Latest developments in Movie, Actor and Music with important updates, analysis and current information.","This article discusses Series, Movie, and Film. It also covers recent developments in Movie and Film. The report provides background information, current trends, key points and analysis related to entertainment news. Readers can learn about recent changes, important events, major developments and future possibilities.","Actor, Music, Series, Movie",451381,6587,5611,19.0,4.4,Neutral,54.77
56,Policy and Government: Latest Updates and Analysis,Politics,Anil Gurung,News Hub,2025-02-03 10:02:31.351351,"Latest developments in Government, Election and Minister with important updates, analysis and current information.","This article discusses Minister, Law, and Policy. It also covers recent developments in Law and Policy. The report provides background information, current trends, key points and analysis related to politics news. Readers can learn about recent changes, important events, major developments and future possibilities.","Policy, Government, Parliament, Election",34269,22880,15231,15.5,2.8,Negative,32.43
57,University and University: Latest Updates and Analysis,Education,Anil Gurung,Global News,2025-02-04 00:37:28.648648,"Latest developments in Student, Education and Student with important updates, analysis and current information.","This article discusses Student, Learning, and College. It also covers recent developments in Education and College. The report provides background information, current trends, key points and analysis related to education news. Readers can learn about recent changes, important events, major developments and future possibilities.","Learning, Student, School, Education",16929,5091,8395,15.1,3.1,Neutral,13.15
58,AI and Cloud: Latest Updates and Analysis,Technology,Bikash Adhikari,Global News,2025-02-04 15:12:25.945945,"Latest developments in Cloud, Software and Robotics with important updates, analysis and current information.","This article discusses Cloud, Machine Learning, and Cloud. It also covers recent developments in Machine Learning and Robotics. The report provides background information, current trends, key points and analysis related to technology news. Readers can learn about recent changes, important events, major developments and future possibilities.","Machine Learning, Cloud, Cybersecurity, Software",453451,41753,8260,2.8,3.5,Neutral,78.78
59,Tournament and Tournament: Latest Updates and Analysis,Sports,Nisha Karki,Daily Report,2025-02-05 05:47:23.243243,"Latest developments in Tournament, Cricket and League with important updates, analysis and current information.","This article discusses Player, Cricket, and League. It also covers recent developments in Tournament and Match. The report provides background information, current trends, key points and analysis related to sports news. Readers can learn about recent changes, important events, major developments and future possibilities.","Tournament, Player, Football, Match",4622,31130,19947,11.9,2.9,Positive,39.15
60,Treatment and Hospital: Latest Updates and Analysis,Health,Nisha Karki,TechDaily,2025-02-05 20:22:20.540540,"Latest developments in Healthcare, Treatment and Hospital with important updates, analysis and current information.","This article discusses Healthcare, Healthcare, and Treatment. It also covers recent developments in Disease and Medicine. The report provides background information, current trends, key points and analysis related to health news. Readers can learn about recent changes, important events, major developments and future possibilities.","Patient, Medicine, Hospital, Healthcare",347931,17061,12648,10.4,3.7,Positive,57.75
61,Tournament and Tournament: Latest Updates and Analysis,Sports,Raj Joshi,News Hub,2025-02-06 10:57:17.837837,"Latest developments in Football, Football and Match with important updates, analysis and current information.","This article discusses Player, Football, and League. It also covers recent developments in Match and Match. The report provides background information, current trends, key points and analysis related to sports news. Readers can learn about recent changes, important events, major developments and future possibilities.","Cricket, Player, Tournament, Football",428635,22293,13342,18.7,3.7,Neutral,69.67
62,Celebrity and Music: Latest Updates and Analysis,Entertainment,Nisha Karki,Insight News,2025-02-07 01:32:15.135135,"Latest developments in Film, Movie and Movie with important updates, analysis and current information.","This article discusses Actor, Celebrity, and Actor. It also covers recent developments in Music and Film. The report provides background information, current trends, key points and analysis related to entertainment news. Readers can learn about recent changes, important events, major developments and future possibilities.","Movie, Celebrity, Series, Film",382578,1561,14210,6.6,4.9,Neutral,53.45
63,Treatment and Hospital: Latest Updates and Analysis,Health,Aarav Thapa,TechDaily,2025-02-07 16:07:12.432432,"Latest developments in Hospital, Disease and Healthcare with important updates, analysis and current information.","This article discusses Patient, Hospital, and Medicine. It also covers recent developments in Hospital and Healthcare. The report provides background information, current trends, key points and analysis related to health news. Readers can learn about recent changes, important events, major developments and future possibilities.","Medicine, Disease, Healthcare, Patient",419859,41412,6833,6.9,3.6,Neutral,73.79
64,Robotics and Cloud: Latest Updates and Analysis,Technology,Nisha Karki,Insight News,2025-02-08 06:42:09.729729,"Latest developments in Machine Learning, Cybersecurity and AI with important updates, analysis and current information.","This article discusses Cybersecurity, Machine Learning, and Cybersecurity. It also covers recent developments in Cloud and Software. The report provides background information, current trends, key points and analysis related to technology news. Readers can learn about recent changes, important events, major developments and future possibilities.","Robotics, AI, Cybersecurity, Software",118676,47553,4752,9.4,4.5,Positive,45.25
65,Actor and Actor: Latest Updates and Analysis,Entertainment,Sita Rai,TechDaily,2025-02-08 21:17:07.027027,"Latest developments in Series, Celebrity and Music with important updates, analysis and current information.","This article discusses Movie, Series, and Series. It also covers recent developments in Music and Actor. The report provides background information, current trends, key points and analysis related to entertainment news. Readers can learn about recent changes, important events, major developments and future possibilities.","Celebrity, Movie, Music, Film",496436,3656,11978,6.4,4.9,Negative,63.88
66,Investment and Company: Latest Updates and Analysis,Business,Raj Joshi,Daily Report,2025-02-09 11:52:04.324324,"Latest developments in Company, Company and Market with important updates, analysis and current information.","This article discusses Startup, Company, and Market. It also covers recent developments in Finance and Market. The report provides background information, current trends, key points and analysis related to business news. Readers can learn about recent changes, important events, major developments and future possibilities.","Market, Investment, Startup, Finance",379663,21618,8727,4.3,4.7,Neutral,59.75
67,Law and Minister: Latest Updates and Analysis,Politics,Ramesh Sharma,News Hub,2025-02-10 02:27:01.621621,"Latest developments in Election, Election and Parliament with important updates, analysis and current information.","This article discusses Law, Policy, and Minister. It also covers recent developments in Government and Minister. The report provides background information, current trends, key points and analysis related to politics news. Readers can learn about recent changes, important events, major developments and future possibilities.","Law, Policy, Minister, Parliament",161645,20530,5023,17.4,3.0,Negative,33.56
68,Cloud and Robotics: Latest Updates and Analysis,Technology,Nisha Karki,News Hub,2025-02-10 17:01:58.918918,"Latest developments in Robotics, Machine Learning and Software with important updates, analysis and current information.","This article discusses Machine Learning, Cybersecurity, and Machine Learning. It also covers recent developments in Cybersecurity and Cybersecurity. The report provides background information, current trends, key points and analysis related to technology news. Readers can learn about recent changes, important events, major developments and future possibilities.","Machine Learning, Robotics, Cybersecurity, Software",269943,21872,982,12.0,3.7,Neutral,41.17
69,Minister and Law: Latest Updates and Analysis,Politics,Bikash Adhikari,World Today,2025-02-11 07:36:56.216216,"Latest developments in Policy, Parliament and Minister with important updates, analysis and current information.","This article discusses Minister, Election, and Election. It also covers recent developments in Government and Election. The report provides background information, current trends, key points and analysis related to politics news. Readers can learn about recent changes, important events, major developments and future possibilities.","Election, Policy, Minister, Law",68265,28330,14305,17.5,3.4,Positive,38.19
70,Space and Experiment: Latest Updates and Analysis,Science,Ramesh Sharma,Insight News,2025-02-11 22:11:53.513513,"Latest developments in Research, Biology and Biology with important updates, analysis and current information.","This article discusses Research, Physics, and Physics. It also covers recent developments in Physics and Experiment. The report provides background information, current trends, key points and analysis related to science news. Readers can learn about recent changes, important events, major developments and future possibilities.","Biology, Discovery, Experiment, Physics",433771,16139,16146,17.0,3.5,Neutral,69.29
71,Startup and Economy: Latest Updates and Analysis,Business,Aarav Thapa,TechDaily,2025-02-12 12:46:50.810810,"Latest developments in Economy, Startup and Market with important updates, analysis and current information.","This article discusses Finance, Company, and Finance. It also covers recent developments in Market and Company. The report provides background information, current trends, key points and analysis related to business news. Readers can learn about recent changes, important events, major developments and future possibilities.","Market, Startup, Finance, Company",75792,32977,17729,7.1,3.4,Neutral,45.16
72,Company and Company: Latest Updates and Analysis,Business,Bikash Adhikari,TechDaily,2025-02-13 03:21:48.108108,"Latest developments in Startup, Finance and Startup with important updates, analysis and current information.","This article discusses Company, Company, and Investment. It also covers recent developments in Market and Startup. The report provides background information, current trends, key points and analysis related to business news. Readers can learn about recent changes, important events, major developments and future possibilities.","Economy, Startup, Finance, Company",17541,4983,11201,11.9,4.6,Neutral,15.96
73,Cloud and Machine Learning: Latest Updates and Analysis,Technology,Ramesh Sharma,Global News,2025-02-13 17:56:45.405405,"Latest developments in Cybersecurity, AI and Software with important updates, analysis and current information.","This article discusses AI, Cybersecurity, and Machine Learning. It also covers recent developments in AI and Robotics. The report provides background information, current trends, key points and analysis related to technology news. Readers can learn about recent changes, important events, major developments and future possibilities.","AI, Cloud, Robotics, Machine Learning",30816,39909,16910,3.5,3.6,Neutral,44.01
74,Finance and Economy: Latest Updates and Analysis,Business,Bikash Adhikari,World Today,2025-02-14 08:31:42.702702,"Latest developments in Market, Market and Finance with important updates, analysis and current information.","This article discusses Startup, Startup, and Finance. It also covers recent developments in Market and Investment. The report provides background information, current trends, key points and analysis related to business news. Readers can learn about recent changes, important events, major developments and future possibilities.","Finance, Market, Startup, Company",62275,42886,17314,18.5,3.8,Positive,49.36
75,Healthcare and Treatment: Latest Updates and Analysis,Health,Aarav Thapa,Global News,2025-02-14 23:06:40.000000,"Latest developments in Medicine, Hospital and Treatment with important updates, analysis and current information.","This article discusses Medicine, Healthcare, and Treatment. It also covers recent developments in Disease and Hospital. The report provides background information, current trends, key points and analysis related to health news. Readers can learn about recent changes, important events, major developments and future possibilities.","Hospital, Patient, Healthcare, Medicine",6934,49029,18666,9.3,5.0,Neutral,48.87
76,Economy and Finance: Latest Updates and Analysis,Business,Raj Joshi,Global News,2025-02-15 13:41:37.297297,"Latest developments in Market, Economy and Investment with important updates, analysis and current information.","This article discusses Company, Investment, and Company. It also covers recent developments in Investment and Startup. The report provides background information, current trends, key points and analysis related to business news. Readers can learn about recent changes, important events, major developments and future possibilities.","Market, Economy, Startup, Investment",261709,21329,18330,9.1,2.6,Negative,57.37
77,Election and Minister: Latest Updates and Analysis,Politics,Sita Rai,Global News,2025-02-16 04:16:34.594594,"Latest developments in Government, Government and Law with important updates, analysis and current information.","This article discusses Law, Government, and Law. It also covers recent developments in Election and Government. The report provides background information, current trends, key points and analysis related to politics news. Readers can learn about recent changes, important events, major developments and future possibilities.","Election, Law, Government, Minister",18279,36734,15365,7.4,3.7,Positive,39.3
78,Minister and Minister: Latest Updates and Analysis,Politics,Aarav Thapa,Insight News,2025-02-16 18:51:31.891891,"Latest developments in Minister, Parliament and Election with important updates, analysis and current information.","This article discusses Election, Policy, and Government. It also covers recent developments in Policy and Minister. The report provides background information, current trends, key points and analysis related to politics news. Readers can learn about recent changes, important events, major developments and future possibilities.","Election, Law, Government, Parliament",288463,42837,10733,10.3,4.4,Positive,65.39
79,Music and Series: Latest Updates and Analysis,Entertainment,Aarav Thapa,Insight News,2025-02-17 09:26:29.189189,"Latest developments in Actor, Series and Music with important updates, analysis and current information.","This article discusses Film, Film, and Music. It also covers recent developments in Celebrity and Series. The report provides background information, current trends, key points and analysis related to entertainment news. Readers can learn about recent changes, important events, major developments and future possibilities.","Music, Celebrity, Series, Actor",103253,8818,10108,6.5,2.9,Negative,25.75
80,Minister and Policy: Latest Updates and Analysis,Politics,Bikash Adhikari,Daily Report,2025-02-18 00:01:26.486486,"Latest developments in Parliament, Law and Election with important updates, analysis and current information.","This article discusses Policy, Policy, and Minister. It also covers recent developments in Minister and Government. The report provides background information, current trends, key points and analysis related to politics news. Readers can learn about recent changes, important events, major developments and future possibilities.","Law, Parliament, Government, Policy",146954,10918,3360,8.7,4.0,Positive,24.64
81,Movie and Actor: Latest Updates and Analysis,Entertainment,Raj Joshi,Daily Report,2025-02-18 14:36:23.783783,"Latest developments in Movie, Actor and Music with important updates, analysis and current information.","This article discusses Music, Series, and Series. It also covers recent developments in Actor and Celebrity. The report provides background information, current trends, key points and analysis related to entertainment news. Readers can learn about recent changes, important events, major developments and future possibilities.","Celebrity, Music, Series, Film",474679,42418,9785,16.4,3.1,Neutral,82.84
82,Government and Policy: Latest Updates and Analysis,Politics,Mina Shrestha,Global News,2025-02-19 05:11:21.081081,"Latest developments in Law, Election and Election with important updates, analysis and current information.","This article discusses Minister, Election, and Law. It also covers recent developments in Law and Policy. The report provides background information, current trends, key points and analysis related to politics news. Readers can learn about recent changes, important events, major developments and future possibilities.","Government, Minister, Election, Parliament",254075,1250,8112,17.0,4.7,Neutral,34.3
83,Disease and Treatment: Latest Updates and Analysis,Health,Anil Gurung,World Today,2025-02-19 19:46:18.378378,"Latest developments in Patient, Disease and Hospital with important updates, analysis and current information.","This article discusses Hospital, Hospital, and Hospital. It also covers recent developments in Disease and Treatment. The report provides background information, current trends, key points and analysis related to health news. Readers can learn about recent changes, important events, major developments and future possibilities.","Patient, Hospital, Treatment, Healthcare",75067,4758,16016,7.5,3.3,Neutral,26.4
84,University and Learning: Latest Updates and Analysis,Education,Nisha Karki,TechDaily,2025-02-20 10:21:15.675675,"Latest developments in Student, Learning and Education with important updates, analysis and current information.","This article discusses University, School, and University. It also covers recent developments in Learning and University. The report provides background information, current trends, key points and analysis related to education news. Readers can learn about recent changes, important events, major developments and future possibilities.","Education, Student, School, University",364698,37131,19309,10.4,3.3,Neutral,78.17
85,Music and Celebrity: Latest Updates and Analysis,Entertainment,Nisha Karki,Insight News,2025-02-21 00:56:12.972972,"Latest developments in Actor, Music and Celebrity with important updates, analysis and current information.","This article discusses Actor, Music, and Music. It also covers recent developments in Series and Music. The report provides background information, current trends, key points and analysis related to entertainment news. Readers can learn about recent changes, important events, major developments and future possibilities.","Actor, Movie, Series, Music",9596,2163,3625,17.7,4.0,Positive,5.89
86,Tournament and Cricket: Latest Updates and Analysis,Sports,Sita Rai,World Today,2025-02-21 15:31:10.270270,"Latest developments in Football, Player and League with important updates, analysis and current information.","This article discusses Cricket, Football, and Match. It also covers recent developments in Match and Cricket. The report provides background information, current trends, key points and analysis related to sports news. Readers can learn about recent changes, important events, major developments and future possibilities.","Cricket, Match, League, Tournament",220039,42583,5469,2.9,3.0,Positive,53.12
87,Biology and Biology: Latest Updates and Analysis,Science,Sita Rai,News Hub,2025-02-22 06:06:07.567567,"Latest developments in Physics, Experiment and Space with important updates, analysis and current information.","This article discusses Space, Space, and Experiment. It also covers recent developments in Physics and Biology. The report provides background information, current trends, key points and analysis related to science news. Readers can learn about recent changes, important events, major developments and future possibilities.","Discovery, Physics, Biology, Experiment",170410,34621,1223,18.0,3.2,Neutral,39.12
88,Machine Learning and Software: Latest Updates and Analysis,Technology,Nisha Karki,Insight News,2025-02-22 20:41:04.864864,"Latest developments in AI, AI and Cloud with important updates, analysis and current information.","This article discusses Software, Cloud, and AI. It also covers recent developments in Cybersecurity and AI. The report provides background information, current trends, key points and analysis related to technology news. Readers can learn about recent changes, important events, major developments and future possibilities.","AI, Machine Learning, Cloud, Cybersecurity",46125,17137,7110,5.9,3.5,Neutral,22.04
89,Government and Minister: Latest Updates and Analysis,Politics,Anil Gurung,Insight News,2025-02-23 11:16:02.162162,"Latest developments in Law, Parliament and Government with important updates, analysis and current information.","This article discusses Law, Minister, and Law. It also covers recent developments in Minister and Government. The report provides background information, current trends, key points and analysis related to politics news. Readers can learn about recent changes, important events, major developments and future possibilities.","Election, Law, Government, Parliament",260381,32103,9157,14.2,3.4,Neutral,54.55
90,Investment and Economy: Latest Updates and Analysis,Business,Nisha Karki,Daily Report,2025-02-24 01:50:59.459459,"Latest developments in Market, Investment and Investment with important updates, analysis and current information.","This article discusses Market, Market, and Economy. It also covers recent developments in Finance and Market. The report provides background information, current trends, key points and analysis related to business news. Readers can learn about recent changes, important events, major developments and future possibilities.","Finance, Company, Investment, Market",322130,21832,13251,12.5,3.8,Neutral,58.64
91,Education and College: Latest Updates and Analysis,Education,Mina Shrestha,TechDaily,2025-02-24 16:25:56.756756,"Latest developments in School, Education and Learning with important updates, analysis and current information.","This article discusses Education, University, and Learning. It also covers recent developments in Education and Student. The report provides background information, current trends, key points and analysis related to education news. Readers can learn about recent changes, important events, major developments and future possibilities.","Learning, College, University, Student",416879,1868,4992,12.0,4.0,Positive,47.85
92,Minister and Election: Latest Updates and Analysis,Politics,Anil Gurung,TechDaily,2025-02-25 07:00:54.054054,"Latest developments in Government, Election and Parliament with important updates, analysis and current information.","This article discusses Parliament, Policy, and Election. It also covers recent developments in Government and Minister. The report provides background information, current trends, key points and analysis related to politics news. Readers can learn about recent changes, important events, major developments and future possibilities.","Government, Policy, Law, Parliament",265956,49333,13646,17.5,3.9,Positive,69.96
93,Economy and Market: Latest Updates and Analysis,Business,Sita Rai,News Hub,2025-02-25 21:35:51.351351,"Latest developments in Economy, Finance and Economy with important updates, analysis and current information.","This article discusses Company, Market, and Company. It also covers recent developments in Economy and Startup. The report provides background information, current trends, key points and analysis related to business news. Readers can learn about recent changes, important events, major developments and future possibilities.","Startup, Economy, Finance, Company",356311,48336,11870,3.8,4.1,Negative,76.63
94,Research and Research: Latest Updates and Analysis,Science,Ramesh Sharma,News Hub,2025-02-26 12:10:48.648648,"Latest developments in Space, Physics and Physics with important updates, analysis and current information.","This article discusses Research, Biology, and Space. It also covers recent developments in Biology and Space. The report provides background information, current trends, key points and analysis related to science news. Readers can learn about recent changes, important events, major developments and future possibilities.","Experiment, Space, Discovery, Biology",307733,41862,4787,8.2,3.3,Neutral,60.79
95,Research and Research: Latest Updates and Analysis,Science,Bikash Adhikari,Insight News,2025-02-27 02:45:45.945945,"Latest developments in Biology, Experiment and Space with important updates, analysis and current information.","This article discusses Experiment, Research, and Research. It also covers recent developments in Space and Physics. The report provides background information, current trends, key points and analysis related to science news. Readers can learn about recent changes, important events, major developments and future possibilities.","Space, Discovery, Experiment, Physics",32764,19728,18756,11.7,2.8,Neutral,33.91
96,Research and Space: Latest Updates and Analysis,Science,Mina Shrestha,Global News,2025-02-27 17:20:43.243243,"Latest developments in Biology, Space and Biology with important updates, analysis and current information.","This article discusses Discovery, Biology, and Experiment. It also covers recent developments in Biology and Biology. The report provides background information, current trends, key points and analysis related to science news. Readers can learn about recent changes, important events, major developments and future possibilities.","Physics, Experiment, Biology, Space",241971,38006,11140,16.6,4.4,Positive,58.24
97,Investment and Economy: Latest Updates and Analysis,Business,Mina Shrestha,Daily Report,2025-02-28 07:55:40.540540,"Latest developments in Startup, Economy and Investment with important updates, analysis and current information.","This article discusses Company, Company, and Market. It also covers recent developments in Investment and Economy. The report provides background information, current trends, key points and analysis related to business news. Readers can learn about recent changes, important events, major developments and future possibilities.","Economy, Market, Startup, Finance",143592,28029,3299,5.9,4.6,Positive,34.54
98,Government and Election: Latest Updates and Analysis,Politics,Raj Joshi,Daily Report,2025-02-28 22:30:37.837837,"Latest developments in Election, Election and Law with important updates, analysis and current information.","This article discusses Minister, Election, and Law. It also covers recent developments in Government and Minister. The report provides background information, current trends, key points and analysis related to politics news. Readers can learn about recent changes, important events, major developments and future possibilities.","Parliament, Election, Policy, Government",447926,39857,9360,16.5,3.1,Neutral,78.19
99,Space and Space: Latest Updates and Analysis,Science,Sita Rai,Insight News,2025-03-01 13:05:35.135135,"Latest developments in Physics, Space and Research with important updates, analysis and current information.","This article discusses Physics, Research, and Research. It also covers recent developments in Discovery and Physics. The report provides background information, current trends, key points and analysis related to science news. Readers can learn about recent changes, important events, major developments and future possibilities.","Space, Discovery, Experiment, Research",267559,28183,6451,9.2,3.5,Negative,50.2
100,Hospital and Treatment: Latest Updates and Analysis,Health,Sita Rai,World Today,2025-03-02 03:40:32.432432,"Latest developments in Treatment, Hospital and Patient with important updates, analysis and current information.","This article discusses Medicine, Treatment, and Disease. It also covers recent developments in Healthcare and Disease. The report provides background information, current trends, key points and analysis related to health news. Readers can learn about recent changes, important events, major developments and future possibilities.","Healthcare, Disease, Patient, Treatment",464233,22785,12941,5.4,3.7,Negative,73.13
101,Film and Actor: Latest Updates and Analysis,Entertainment,Aarav Thapa,Global News,2025-03-02 18:15:29.729729,"Latest developments in Series, Actor and Celebrity with important updates, analysis and current information.","This article discusses Movie, Series, and Celebrity. It also covers recent developments in Series and Film. The report provides background information, current trends, key points and analysis related to entertainment news. Readers can learn about recent changes, important events, major developments and future possibilities.","Actor, Celebrity, Music, Film",337277,18940,15993,15.7,3.8,Negative,61.16
102,Finance and Startup: Latest Updates and Analysis,Business,Mina Shrestha,Insight News,2025-03-03 08:50:27.027027,"Latest developments in Investment, Investment and Market with important updates, analysis and current information.","This article discusses Investment, Investment, and Economy. It also covers recent developments in Finance and Economy. The report provides background information, current trends, key points and analysis related to business news. Readers can learn about recent changes, important events, major developments and future possibilities.","Investment, Company, Market, Economy",225748,5280,14620,3.6,4.1,Negative,40.4
103,Company and Market: Latest Updates and Analysis,Business,Aarav Thapa,Global News,2025-03-03 23:25:24.324324,"Latest developments in Startup, Company and Company with important updates, analysis and current information.","This article discusses Company, Startup, and Economy. It also covers recent developments in Economy and Market. The report provides background information, current trends, key points and analysis related to business news. Readers can learn about recent changes, important events, major developments and future possibilities.","Investment, Market, Startup, Finance",117962,37012,18791,11.3,2.6,Negative,52.88
104,Government and Policy: Latest Updates and Analysis,Politics,Aarav Thapa,Global News,2025-03-04 14:00:21.621621,"Latest developments in Election, Government and Government with important updates, analysis and current information.","This article discusses Government, Government, and Minister. It also covers recent developments in Election and Parliament. The report provides background information, current trends, key points and analysis related to politics news. Readers can learn about recent changes, important events, major developments and future possibilities.","Policy, Government, Minister, Election",491227,2164,13084,3.1,4.3,Neutral,63.57
105,Economy and Startup: Latest Updates and Analysis,Business,Bikash Adhikari,Global News,2025-03-05 04:35:18.918918,"Latest developments in Company, Company and Economy with important updates, analysis and current information.","This article discusses Startup, Company, and Finance. It also covers recent developments in Finance and Startup. The report provides background information, current trends, key points and analysis related to business news. Readers can learn about recent changes, important events, major developments and future possibilities.","Investment, Economy, Market, Company",79130,27188,5027,8.4,2.7,Positive,29.31
106,Economy and Investment: Latest Updates and Analysis,Business,Aarav Thapa,Insight News,2025-03-05 19:10:16.216216,"Latest developments in Economy, Economy and Market with important updates, analysis and current information.","This article discusses Investment, Market, and Market. It also covers recent developments in Startup and Finance. The report provides background information, current trends, key points and analysis related to business news. Readers can learn about recent changes, important events, major developments and future possibilities.","Finance, Startup, Company, Market",64010,47917,4260,12.8,3.7,Neutral,39.5
107,Research and Discovery: Latest Updates and Analysis,Science,Anil Gurung,Daily Report,2025-03-06 09:45:13.513513,"Latest developments in Space, Biology and Discovery with important updates, analysis and current information.","This article discusses Experiment, Biology, and Physics. It also covers recent developments in Research and Discovery. The report provides background information, current trends, key points and analysis related to science news. Readers can learn about recent changes, important events, major developments and future possibilities.","Physics, Discovery, Experiment, Biology",228460,14088,4828,12.0,4.6,Positive,36.18
108,Minister and Government: Latest Updates and Analysis,Politics,Nisha Karki,Daily Report,2025-03-07 00:20:10.810810,"Latest developments in Election, Parliament and Minister with important updates, analysis and current information.","This article discusses Election, Minister, and Law. It also covers recent developments in Parliament and Government. The report provides background information, current trends, key points and analysis related to politics news. Readers can learn about recent changes, important events, major developments and future possibilities.","Minister, Parliament, Law, Election",454288,18405,8772,9.3,3.6,Positive,65.33
109,Physics and Research: Latest Updates and Analysis,Science,Ramesh Sharma,Global News,2025-03-07 14:55:08.108108,"Latest developments in Biology, Physics and Physics with important updates, analysis and current information.","This article discusses Biology, Discovery, and Biology. It also covers recent developments in Experiment and Research. The report provides background information, current trends, key points and analysis related to science news. Readers can learn about recent changes, important events, major developments and future possibilities.","Research, Discovery, Experiment, Space",383319,2821,9012,9.7,2.9,Positive,49.09
110,Series and Actor: Latest Updates and Analysis,Entertainment,Sita Rai,World Today,2025-03-08 05:30:05.405405,"Latest developments in Film, Series and Movie with important updates, analysis and current information.","This article discusses Series, Celebrity, and Film. It also covers recent developments in Film and Series. The report provides background information, current trends, key points and analysis related to entertainment news. Readers can learn about recent changes, important events, major developments and future possibilities.","Film, Celebrity, Actor, Series",222065,22516,8315,6.1,5.0,Neutral,44.1
111,Student and School: Latest Updates and Analysis,Education,Anil Gurung,TechDaily,2025-03-08 20:05:02.702702,"Latest developments in University, University and University with important updates, analysis and current information.","This article discusses School, University, and Student. It also covers recent developments in Education and Learning. The report provides background information, current trends, key points and analysis related to education news. Readers can learn about recent changes, important events, major developments and future possibilities.","University, School, Student, Education",318163,10473,14259,10.2,4.7,Neutral,52.42
112,Series and Film: Latest Updates and Analysis,Entertainment,Ramesh Sharma,Insight News,2025-03-09 10:40:00.000000,"Latest developments in Actor, Music and Movie with important updates, analysis and current information.","This article discusses Music, Music, and Movie. It also covers recent developments in Actor and Film. The report provides background information, current trends, key points and analysis related to entertainment news. Readers can learn about recent changes, important events, major developments and future possibilities.","Film, Music, Movie, Series",475802,46454,12631,19.2,4.4,Positive,88.22
113,Learning and College: Latest Updates and Analysis,Education,Mina Shrestha,TechDaily,2025-03-10 01:14:57.297297,"Latest developments in Learning, Learning and College with important updates, analysis and current information.","This article discusses College, School, and Education. It also covers recent developments in Student and Student. The report provides background information, current trends, key points and analysis related to education news. Readers can learn about recent changes, important events, major developments and future possibilities.","University, School, Learning, Education",212460,42530,18258,17.3,3.5,Neutral,65.13
114,Experiment and Biology: Latest Updates and Analysis,Science,Mina Shrestha,World Today,2025-03-10 15:49:54.594594,"Latest developments in Biology, Research and Discovery with important updates, analysis and current information.","This article discusses Research, Research, and Biology. It also covers recent developments in Research and Biology. The report provides background information, current trends, key points and analysis related to science news. Readers can learn about recent changes, important events, major developments and future possibilities.","Research, Discovery, Experiment, Biology",496242,38737,3123,4.6,3.0,Negative,76.12
115,Actor and Film: Latest Updates and Analysis,Entertainment,Mina Shrestha,Insight News,2025-03-11 06:24:51.891891,"Latest developments in Celebrity, Series and Film with important updates, analysis and current information.","This article discusses Film, Series, and Actor. It also covers recent developments in Celebrity and Actor. The report provides background information, current trends, key points and analysis related to entertainment news. Readers can learn about recent changes, important events, major developments and future possibilities.","Series, Movie, Celebrity, Actor",397448,12178,4224,2.5,4.9,Neutral,51.34
116,Parliament and Parliament: Latest Updates and Analysis,Politics,Anil Gurung,Global News,2025-03-11 20:59:49.189189,"Latest developments in Law, Election and Government with important updates, analysis and current information.","This article discusses Parliament, Minister, and Policy. It also covers recent developments in Policy and Government. The report provides background information, current trends, key points and analysis related to politics news. Readers can learn about recent changes, important events, major developments and future possibilities.","Minister, Law, Government, Policy",389397,38936,19582,18.8,3.8,Negative,82.0
117,Cybersecurity and Software: Latest Updates and Analysis,Technology,Anil Gurung,Daily Report,2025-03-12 11:34:46.486486,"Latest developments in Machine Learning, Machine Learning and AI with important updates, analysis and current information.","This article discusses Cloud, AI, and Cloud. It also covers recent developments in AI and Machine Learning. The report provides background information, current trends, key points and analysis related to technology news. Readers can learn about recent changes, important events, major developments and future possibilities.","Machine Learning, Cybersecurity, AI, Robotics",41698,27018,10977,11.5,4.6,Positive,31.41
118,Physics and Space: Latest Updates and Analysis,Science,Sita Rai,TechDaily,2025-03-13 02:09:43.783783,"Latest developments in Research, Discovery and Discovery with important updates, analysis and current information.","This article discusses Physics, Physics, and Experiment. It also covers recent developments in Biology and Experiment. The report provides background information, current trends, key points and analysis related to science news. Readers can learn about recent changes, important events, major developments and future possibilities.","Space, Research, Discovery, Biology",487128,17097,14608,11.7,3.4,Positive,73.67
119,Learning and Learning: Latest Updates and Analysis,Education,Nisha Karki,News Hub,2025-03-13 16:44:41.081081,"Latest developments in School, Education and Student with important updates, analysis and current information.","This article discusses College, Education, and Student. It also covers recent developments in University and College. The report provides background information, current trends, key points and analysis related to education news. Readers can learn about recent changes, important events, major developments and future possibilities.","School, Learning, Student, University",498615,14096,1210,16.1,3.3,Neutral,59.61
120,Patient and Patient: Latest Updates and Analysis,Health,Raj Joshi,News Hub,2025-03-14 07:19:38.378378,"Latest developments in Treatment, Disease and Patient with important updates, analysis and current information.","This article discusses Disease, Healthcare, and Treatment. It also covers recent developments in Medicine and Hospital. The report provides background information, current trends, key points and analysis related to health news. Readers can learn about recent changes, important events, major developments and future possibilities.","Hospital, Healthcare, Medicine, Disease",413867,39971,9218,7.7,5.0,Neutral,74.71
121,College and Education: Latest Updates and Analysis,Education,Aarav Thapa,World Today,2025-03-14 21:54:35.675675,"Latest developments in School, Education and Learning with important updates, analysis and current information.","This article discusses Education, Education, and College. It also covers recent developments in University and College. The report provides background information, current trends, key points and analysis related to education news. Readers can learn about recent changes, important events, major developments and future possibilities.","Student, Learning, School, Education",485827,3545,12453,10.7,3.8,Neutral,63.23
122,Hospital and Healthcare: Latest Updates and Analysis,Health,Mina Shrestha,Global News,2025-03-15 12:29:32.972972,"Latest developments in Medicine, Healthcare and Hospital with important updates, analysis and current information.","This article discusses Hospital, Patient, and Disease. It also covers recent developments in Healthcare and Disease. The report provides background information, current trends, key points and analysis related to health news. Readers can learn about recent changes, important events, major developments and future possibilities.","Healthcare, Treatment, Patient, Hospital",330450,24798,5429,19.4,2.9,Neutral,53.44
123,Market and Market: Latest Updates and Analysis,Business,Bikash Adhikari,TechDaily,2025-03-16 03:04:30.270270,"Latest developments in Startup, Company and Market with important updates, analysis and current information.","This article discusses Market, Company, and Startup. It also covers recent developments in Startup and Finance. The report provides background information, current trends, key points and analysis related to business news. Readers can learn about recent changes, important events, major developments and future possibilities.","Company, Economy, Investment, Startup",337144,863,15210,14.1,3.0,Neutral,49.48
124,Music and Music: Latest Updates and Analysis,Entertainment,Nisha Karki,Global News,2025-03-16 17:39:27.567567,"Latest developments in Celebrity, Movie and Series with important updates, analysis and current information.","This article discusses Series, Celebrity, and Film. It also covers recent developments in Celebrity and Film. The report provides background information, current trends, key points and analysis related to entertainment news. Readers can learn about recent changes, important events, major developments and future possibilities.","Series, Music, Movie, Actor",26396,16148,8689,4.8,3.7,Negative,21.05
125,Disease and Healthcare: Latest Updates and Analysis,Health,Bikash Adhikari,TechDaily,2025-03-17 08:14:24.864864,"Latest developments in Treatment, Treatment and Patient with important updates, analysis and current information.","This article discusses Hospital, Healthcare, and Hospital. It also covers recent developments in Hospital and Medicine. The report provides background information, current trends, key points and analysis related to health news. Readers can learn about recent changes, important events, major developments and future possibilities.","Disease, Patient, Hospital, Treatment",483532,21009,12721,4.4,2.6,Neutral,73.77
126,University and Education: Latest Updates and Analysis,Education,Sita Rai,World Today,2025-03-17 22:49:22.162162,"Latest developments in University, Learning and School with important updates, analysis and current information.","This article discusses Student, Education, and Education. It also covers recent developments in University and Learning. The report provides background information, current trends, key points and analysis related to education news. Readers can learn about recent changes, important events, major developments and future possibilities.","College, Student, Learning, Education",149238,17809,9885,5.7,3.7,Positive,35.54
127,Investment and Company: Latest Updates and Analysis,Business,Sita Rai,World Today,2025-03-18 13:24:19.459459,"Latest developments in Economy, Finance and Economy with important updates, analysis and current information.","This article discusses Company, Investment, and Market. It also covers recent developments in Market and Market. The report provides background information, current trends, key points and analysis related to business news. Readers can learn about recent changes, important events, major developments and future possibilities.","Economy, Finance, Market, Investment",160064,18688,8182,15.8,3.5,Neutral,35.45
128,AI and AI: Latest Updates and Analysis,Technology,Sita Rai,News Hub,2025-03-19 03:59:16.756756,"Latest developments in Robotics, Cybersecurity and Machine Learning with important updates, analysis and current information.","This article discusses Cybersecurity, Machine Learning, and Cloud. It also covers recent developments in Cybersecurity and Machine Learning. The report provides background information, current trends, key points and analysis related to technology news. Readers can learn about recent changes, important events, major developments and future possibilities.","AI, Software, Cloud, Machine Learning",75677,653,8916,7.3,4.4,Positive,16.89
129,Government and Election: Latest Updates and Analysis,Politics,Ramesh Sharma,Global News,2025-03-19 18:34:14.054054,"Latest developments in Law, Law and Law with important updates, analysis and current information.","This article discusses Election, Law, and Policy. It also covers recent developments in Policy and Election. The report provides background information, current trends, key points and analysis related to politics news. Readers can learn about recent changes, important events, major developments and future possibilities.","Government, Policy, Law, Election",205762,8129,375,2.4,3.4,Positive,25.87
130,Law and Election: Latest Updates and Analysis,Politics,Bikash Adhikari,Insight News,2025-03-20 09:09:11.351351,"Latest developments in Government, Law and Government with important updates, analysis and current information.","This article discusses Election, Election, and Law. It also covers recent developments in Policy and Election. The report provides background information, current trends, key points and analysis related to politics news. Readers can learn about recent changes, important events, major developments and future possibilities.","Parliament, Election, Minister, Law",77273,26418,18070,19.0,5.0,Positive,41.71
131,Election and Minister: Latest Updates and Analysis,Politics,Nisha Karki,News Hub,2025-03-20 23:44:08.648648,"Latest developments in Law, Parliament and Election with important updates, analysis and current information.","This article discusses Government, Policy, and Law. It also covers recent developments in Government and Parliament. The report provides background information, current trends, key points and analysis related to politics news. Readers can learn about recent changes, important events, major developments and future possibilities.","Parliament, Election, Minister, Law",469609,23118,5012,5.1,3.0,Neutral,65.94
132,Hospital and Hospital: Latest Updates and Analysis,Health,Raj Joshi,Global News,2025-03-21 14:19:05.945945,"Latest developments in Disease, Patient and Medicine with important updates, analysis and current information.","This article discusses Hospital, Disease, and Medicine. It also covers recent developments in Patient and Medicine. The report provides background information, current trends, key points and analysis related to health news. Readers can learn about recent changes, important events, major developments and future possibilities.","Patient, Treatment, Disease, Medicine",64871,443,16640,2.2,4.0,Positive,23.4
133,Software and Machine Learning: Latest Updates and Analysis,Technology,Nisha Karki,News Hub,2025-03-22 04:54:03.243243,"Latest developments in Machine Learning, Cybersecurity and Software with important updates, analysis and current information.","This article discusses Robotics, Cloud, and Machine Learning. It also covers recent developments in Software and Robotics. The report provides background information, current trends, key points and analysis related to technology news. Readers can learn about recent changes, important events, major developments and future possibilities.","Robotics, Software, Machine Learning, Cloud",420800,27041,19984,6.3,2.7,Positive,78.39
134,Patient and Treatment: Latest Updates and Analysis,Health,Anil Gurung,Insight News,2025-03-22 19:29:00.540540,"Latest developments in Hospital, Medicine and Healthcare with important updates, analysis and current information.","This article discusses Medicine, Hospital, and Patient. It also covers recent developments in Patient and Medicine. The report provides background information, current trends, key points and analysis related to health news. Readers can learn about recent changes, important events, major developments and future possibilities.","Healthcare, Hospital, Medicine, Patient",340109,23843,50,6.2,4.3,Neutral,48.45
135,Series and Film: Latest Updates and Analysis,Entertainment,Anil Gurung,Daily Report,2025-03-23 10:03:57.837837,"Latest developments in Music, Film and Actor with important updates, analysis and current information.","This article discusses Series, Music, and Actor. It also covers recent developments in Actor and Celebrity. The report provides background information, current trends, key points and analysis related to entertainment news. Readers can learn about recent changes, important events, major developments and future possibilities.","Series, Celebrity, Music, Actor",99174,21053,6590,9.6,5.0,Neutral,29.19
136,Medicine and Disease: Latest Updates and Analysis,Health,Mina Shrestha,Daily Report,2025-03-24 00:38:55.135135,"Latest developments in Patient, Patient and Disease with important updates, analysis and current information.","This article discusses Patient, Medicine, and Disease. It also covers recent developments in Disease and Treatment. The report provides background information, current trends, key points and analysis related to health news. Readers can learn about recent changes, important events, major developments and future possibilities.","Patient, Hospital, Treatment, Disease",420431,30848,7437,18.6,4.5,Neutral,68.09
137,Machine Learning and AI: Latest Updates and Analysis,Technology,Raj Joshi,Daily Report,2025-03-24 15:13:52.432432,"Latest developments in Robotics, Robotics and Cybersecurity with important updates, analysis and current information.","This article discusses Cybersecurity, Cloud, and AI. It also covers recent developments in Cloud and Machine Learning. The report provides background information, current trends, key points and analysis related to technology news. Readers can learn about recent changes, important events, major developments and future possibilities.","AI, Robotics, Machine Learning, Cloud",157210,37874,15162,17.8,3.9,Neutral,53.7
138,Machine Learning and AI: Latest Updates and Analysis,Technology,Anil Gurung,Daily Report,2025-03-25 05:48:49.729729,"Latest developments in Software, Cloud and AI with important updates, analysis and current information.","This article discusses Cybersecurity, Machine Learning, and AI. It also covers recent developments in Cybersecurity and Robotics. The report provides background information, current trends, key points and analysis related to technology news. Readers can learn about recent changes, important events, major developments and future possibilities.","Cybersecurity, Robotics, AI, Software",36722,37204,16978,10.2,3.7,Positive,43.05
139,Movie and Actor: Latest Updates and Analysis,Entertainment,Sita Rai,TechDaily,2025-03-25 20:23:47.027027,"Latest developments in Movie, Celebrity and Movie with important updates, analysis and current information.","This article discusses Actor, Series, and Music. It also covers recent developments in Movie and Actor. The report provides background information, current trends, key points and analysis related to entertainment news. Readers can learn about recent changes, important events, major developments and future possibilities.","Music, Celebrity, Series, Movie",298130,42240,13105,9.4,4.6,Positive,68.37
140,Robotics and Cybersecurity: Latest Updates and Analysis,Technology,Nisha Karki,Daily Report,2025-03-26 10:58:44.324324,"Latest developments in Software, Software and Machine Learning with important updates, analysis and current information.","This article discusses Cloud, Software, and Cloud. It also covers recent developments in Robotics and Cybersecurity. The report provides background information, current trends, key points and analysis related to technology news. Readers can learn about recent changes, important events, major developments and future possibilities.","Robotics, Cloud, AI, Cybersecurity",444600,35807,4731,12.0,4.8,Positive,70.79
141,College and School: Latest Updates and Analysis,Education,Bikash Adhikari,Insight News,2025-03-27 01:33:41.621621,"Latest developments in College, School and Learning with important updates, analysis and current information.","This article discusses Student, Student, and Student. It also covers recent developments in University and School. The report provides background information, current trends, key points and analysis related to education news. Readers can learn about recent changes, important events, major developments and future possibilities.","Learning, University, Student, College",141073,28213,3873,6.4,5.0,Negative,34.98
142,Machine Learning and Robotics: Latest Updates and Analysis,Technology,Sita Rai,World Today,2025-03-27 16:08:38.918918,"Latest developments in Machine Learning, Machine Learning and Software with important updates, analysis and current information.","This article discusses Cloud, Robotics, and Software. It also covers recent developments in Cybersecurity and AI. The report provides background information, current trends, key points and analysis related to technology news. Readers can learn about recent changes, important events, major developments and future possibilities.","AI, Cloud, Robotics, Cybersecurity",318621,8291,11628,2.9,3.5,Neutral,48.52
143,Policy and Law: Latest Updates and Analysis,Politics,Ramesh Sharma,World Today,2025-03-28 06:43:36.216216,"Latest developments in Minister, Law and Government with important updates, analysis and current information.","This article discusses Minister, Policy, and Law. It also covers recent developments in Law and Minister. The report provides background information, current trends, key points and analysis related to politics news. Readers can learn about recent changes, important events, major developments and future possibilities.","Policy, Law, Parliament, Election",83010,43046,9264,18.9,5.0,Positive,43.48
144,University and Learning: Latest Updates and Analysis,Education,Anil Gurung,TechDaily,2025-03-28 21:18:33.513513,"Latest developments in College, Learning and Learning with important updates, analysis and current information.","This article discusses Student, Education, and School. It also covers recent developments in University and School. The report provides background information, current trends, key points and analysis related to education news. Readers can learn about recent changes, important events, major developments and future possibilities.","Education, School, Learning, Student",181034,16285,5748,5.4,2.9,Neutral,33.67
145,University and Student: Latest Updates and Analysis,Education,Sita Rai,Daily Report,2025-03-29 11:53:30.810810,"Latest developments in School, Learning and Learning with important updates, analysis and current information.","This article discusses Student, School, and School. It also covers recent developments in College and School. The report provides background information, current trends, key points and analysis related to education news. Readers can learn about recent changes, important events, major developments and future possibilities.","Student, College, University, Education",381236,26886,1476,5.6,3.1,Negative,55.82
146,Celebrity and Movie: Latest Updates and Analysis,Entertainment,Sita Rai,Daily Report,2025-03-30 02:28:28.108108,"Latest developments in Series, Music and Movie with important updates, analysis and current information.","This article discusses Series, Film, and Music. It also covers recent developments in Film and Film. The report provides background information, current trends, key points and analysis related to entertainment news. Readers can learn about recent changes, important events, major developments and future possibilities.","Music, Film, Series, Actor",163978,13944,8032,10.5,2.7,Neutral,32.84
147,Match and Player: Latest Updates and Analysis,Sports,Ramesh Sharma,Daily Report,2025-03-30 17:03:25.405405,"Latest developments in Match, Match and Cricket with important updates, analysis and current information.","This article discusses Player, Player, and Cricket. It also covers recent developments in League and Player. The report provides background information, current trends, key points and analysis related to sports news. Readers can learn about recent changes, important events, major developments and future possibilities.","Football, Cricket, League, Match",148831,35505,3020,10.8,3.2,Negative,39.29
148,Cricket and League: Latest Updates and Analysis,Sports,Aarav Thapa,News Hub,2025-03-31 07:38:22.702702,"Latest developments in Football, Player and Cricket with important updates, analysis and current information.","This article discusses Player, Player, and Tournament. It also covers recent developments in Cricket and Tournament. The report provides background information, current trends, key points and analysis related to sports news. Readers can learn about recent changes, important events, major developments and future possibilities.","Player, League, Tournament, Football",154625,23340,12684,2.3,4.4,Positive,42.21
149,AI and Cybersecurity: Latest Updates and Analysis,Technology,Nisha Karki,Global News,2025-03-31 22:13:20.000000,"Latest developments in AI, Cloud and AI with important updates, analysis and current information.","This article discusses Cloud, Cybersecurity, and Cloud. It also covers recent developments in AI and AI. The report provides background information, current trends, key points and analysis related to technology news. Readers can learn about recent changes, important events, major developments and future possibilities.","AI, Cloud, Machine Learning, Software",423814,30025,10922,4.7,4.6,Positive,71.42
150,School and College: Latest Updates and Analysis,Education,Bikash Adhikari,News Hub,2025-04-01 12:48:17.297297,"Latest developments in School, Education and School with important updates, analysis and current information.","This article discusses Learning, Learning, and University. It also covers recent developments in Learning and College. The report provides background information, current trends, key points and analysis related to education news. Readers can learn about recent changes, important events, major developments and future possibilities.","Learning, Student, School, College",463709,1607,15386,8.8,4.4,Neutral,62.78
151,Match and Match: Latest Updates and Analysis,Sports,Mina Shrestha,Global News,2025-04-02 03:23:14.594594,"Latest developments in Player, Football and Player with important updates, analysis and current information.","This article discusses Football, Football, and League. It also covers recent developments in Match and Player. The report provides background information, current trends, key points and analysis related to sports news. Readers can learn about recent changes, important events, major developments and future possibilities.","Cricket, Football, Tournament, League",278556,2953,8066,14.3,4.1,Neutral,37.73
152,League and Match: Latest Updates and Analysis,Sports,Aarav Thapa,Daily Report,2025-04-02 17:58:11.891891,"Latest developments in Match, Player and Match with important updates, analysis and current information.","This article discusses Player, Match, and Cricket. It also covers recent developments in Player and League. The report provides background information, current trends, key points and analysis related to sports news. Readers can learn about recent changes, important events, major developments and future possibilities.","League, Tournament, Football, Match",263680,44941,12089,6.1,3.8,Neutral,65.53
153,Robotics and Robotics: Latest Updates and Analysis,Technology,Anil Gurung,Daily Report,2025-04-03 08:33:09.189189,"Latest developments in Cloud, Software and Machine Learning with important updates, analysis and current information.","This article discusses Cloud, Machine Learning, and Machine Learning. It also covers recent developments in Cybersecurity and Machine Learning. The report provides background information, current trends, key points and analysis related to technology news. Readers can learn about recent changes, important events, major developments and future possibilities.","Software, Robotics, AI, Cybersecurity",289813,5933,13408,9.6,4.3,Neutral,46.0
154,League and Tournament: Latest Updates and Analysis,Sports,Sita Rai,News Hub,2025-04-03 23:08:06.486486,"Latest developments in Tournament, Football and League with important updates, analysis and current information.","This article discusses Player, Player, and Match. It also covers recent developments in Match and Cricket. The report provides background information, current trends, key points and analysis related to sports news. Readers can learn about recent changes, important events, major developments and future possibilities.","Football, Player, Match, Tournament",452129,11386,8167,12.0,3.5,Neutral,60.29
155,Disease and Patient: Latest Updates and Analysis,Health,Raj Joshi,News Hub,2025-04-04 13:43:03.783783,"Latest developments in Hospital, Healthcare and Healthcare with important updates, analysis and current information.","This article discusses Patient, Healthcare, and Hospital. It also covers recent developments in Healthcare and Medicine. The report provides background information, current trends, key points and analysis related to health news. Readers can learn about recent changes, important events, major developments and future possibilities.","Hospital, Disease, Treatment, Patient",116887,47989,12816,18.0,4.6,Neutral,53.4
156,Company and Startup: Latest Updates and Analysis,Business,Ramesh Sharma,Global News,2025-04-05 04:18:01.081081,"Latest developments in Economy, Market and Company with important updates, analysis and current information.","This article discusses Finance, Market, and Investment. It also covers recent developments in Market and Economy. The report provides background information, current trends, key points and analysis related to business news. Readers can learn about recent changes, important events, major developments and future possibilities.","Market, Company, Finance, Economy",90585,4682,2233,7.9,4.2,Positive,14.12
157,Movie and Celebrity: Latest Updates and Analysis,Entertainment,Ramesh Sharma,World Today,2025-04-05 18:52:58.378378,"Latest developments in Movie, Actor and Film with important updates, analysis and current information.","This article discusses Actor, Celebrity, and Series. It also covers recent developments in Actor and Celebrity. The report provides background information, current trends, key points and analysis related to entertainment news. Readers can learn about recent changes, important events, major developments and future possibilities.","Actor, Movie, Series, Celebrity",466545,47621,8117,4.4,4.2,Neutral,83.48
158,Investment and Economy: Latest Updates and Analysis,Business,Raj Joshi,Global News,2025-04-06 09:27:55.675675,"Latest developments in Startup, Company and Market with important updates, analysis and current information.","This article discusses Company, Company, and Finance. It also covers recent developments in Company and Investment. The report provides background information, current trends, key points and analysis related to business news. Readers can learn about recent changes, important events, major developments and future possibilities.","Economy, Startup, Company, Investment",177158,44052,14550,10.8,3.8,Negative,58.8
159,Cloud and Machine Learning: Latest Updates and Analysis,Technology,Nisha Karki,News Hub,2025-04-07 00:02:52.972972,"Latest developments in Robotics, Cloud and Software with important updates, analysis and current information.","This article discusses AI, Cybersecurity, and AI. It also covers recent developments in Cloud and Cloud. The report provides background information, current trends, key points and analysis related to technology news. Readers can learn about recent changes, important events, major developments and future possibilities.","Robotics, Machine Learning, Cloud, AI",364799,11154,6359,15.4,4.7,Neutral,49.59
160,Election and Minister: Latest Updates and Analysis,Politics,Aarav Thapa,Insight News,2025-04-07 14:37:50.270270,"Latest developments in Parliament, Election and Government with important updates, analysis and current information.","This article discusses Government, Policy, and Government. It also covers recent developments in Law and Election. The report provides background information, current trends, key points and analysis related to politics news. Readers can learn about recent changes, important events, major developments and future possibilities.","Government, Election, Law, Parliament",184349,9047,14364,4.0,3.1,Neutral,38.27
161,Series and Film: Latest Updates and Analysis,Entertainment,Mina Shrestha,News Hub,2025-04-08 05:12:47.567567,"Latest developments in Series, Actor and Actor with important updates, analysis and current information.","This article discusses Series, Music, and Celebrity. It also covers recent developments in Celebrity and Series. The report provides background information, current trends, key points and analysis related to entertainment news. Readers can learn about recent changes, important events, major developments and future possibilities.","Movie, Celebrity, Music, Film",402621,22993,4197,9.6,3.5,Neutral,58.34
162,Software and Machine Learning: Latest Updates and Analysis,Technology,Nisha Karki,Insight News,2025-04-08 19:47:44.864864,"Latest developments in Cloud, Robotics and Robotics with important updates, analysis and current information.","This article discusses Cloud, Robotics, and Software. It also covers recent developments in Machine Learning and Machine Learning. The report provides background information, current trends, key points and analysis related to technology news. Readers can learn about recent changes, important events, major developments and future possibilities.","AI, Cloud, Software, Cybersecurity",32746,10338,10293,2.3,4.4,Negative,19.79
163,Student and University: Latest Updates and Analysis,Education,Raj Joshi,TechDaily,2025-04-09 10:22:42.162162,"Latest developments in School, College and Student with important updates, analysis and current information.","This article discusses Student, University, and College. It also covers recent developments in School and Education. The report provides background information, current trends, key points and analysis related to education news. Readers can learn about recent changes, important events, major developments and future possibilities.","University, Student, School, College",486154,14323,9332,2.6,3.7,Neutral,66.62
164,Minister and Law: Latest Updates and Analysis,Politics,Sita Rai,News Hub,2025-04-10 00:57:39.459459,"Latest developments in Election, Law and Law with important updates, analysis and current information.","This article discusses Law, Parliament, and Election. It also covers recent developments in Policy and Election. The report provides background information, current trends, key points and analysis related to politics news. Readers can learn about recent changes, important events, major developments and future possibilities.","Government, Election, Law, Minister",76226,37693,615,10.7,4.7,Neutral,30.93
165,Startup and Economy: Latest Updates and Analysis,Business,Raj Joshi,TechDaily,2025-04-10 15:32:36.756756,"Latest developments in Investment, Market and Investment with important updates, analysis and current information.","This article discusses Company, Economy, and Market. It also covers recent developments in Startup and Economy. The report provides background information, current trends, key points and analysis related to business news. Readers can learn about recent changes, important events, major developments and future possibilities.","Economy, Investment, Market, Startup",118022,23634,12844,7.4,3.4,Negative,38.88
166,Cloud and AI: Latest Updates and Analysis,Technology,Nisha Karki,World Today,2025-04-11 06:07:34.054054,"Latest developments in Cybersecurity, Cybersecurity and AI with important updates, analysis and current information.","This article discusses Cybersecurity, Cloud, and Cloud. It also covers recent developments in Cybersecurity and Cloud. The report provides background information, current trends, key points and analysis related to technology news. Readers can learn about recent changes, important events, major developments and future possibilities.","Software, AI, Machine Learning, Cybersecurity",255317,26292,12401,17.2,3.4,Negative,53.79
167,Student and Education: Latest Updates and Analysis,Education,Bikash Adhikari,Global News,2025-04-11 20:42:31.351351,"Latest developments in School, Learning and College with important updates, analysis and current information.","This article discusses Student, Education, and College. It also covers recent developments in Learning and Student. The report provides background information, current trends, key points and analysis related to education news. Readers can learn about recent changes, important events, major developments and future possibilities.","Student, College, Learning, University",302674,38551,17950,12.8,4.7,Neutral,71.45
168,Actor and Series: Latest Updates and Analysis,Entertainment,Ramesh Sharma,Insight News,2025-04-12 11:17:28.648648,"Latest developments in Music, Series and Series with important updates, analysis and current information.","This article discusses Music, Music, and Series. It also covers recent developments in Actor and Celebrity. The report provides background information, current trends, key points and analysis related to entertainment news. Readers can learn about recent changes, important events, major developments and future possibilities.","Celebrity, Actor, Music, Movie",384482,45111,9168,10.2,3.7,Neutral,74.81
169,Celebrity and Film: Latest Updates and Analysis,Entertainment,Ramesh Sharma,Global News,2025-04-13 01:52:25.945945,"Latest developments in Celebrity, Film and Series with important updates, analysis and current information.","This article discusses Series, Film, and Music. It also covers recent developments in Series and Music. The report provides background information, current trends, key points and analysis related to entertainment news. Readers can learn about recent changes, important events, major developments and future possibilities.","Celebrity, Series, Actor, Movie",68759,9917,9508,9.3,3.8,Neutral,22.36
170,Research and Discovery: Latest Updates and Analysis,Science,Anil Gurung,TechDaily,2025-04-13 16:27:23.243243,"Latest developments in Physics, Space and Discovery with important updates, analysis and current information.","This article discusses Physics, Research, and Discovery. It also covers recent developments in Experiment and Discovery. The report provides background information, current trends, key points and analysis related to science news. Readers can learn about recent changes, important events, major developments and future possibilities.","Physics, Experiment, Discovery, Biology",115441,10145,15554,11.0,3.3,Neutral,33.22
171,College and College: Latest Updates and Analysis,Education,Anil Gurung,Insight News,2025-04-14 07:02:20.540540,"Latest developments in Student, Student and Student with important updates, analysis and current information.","This article discusses College, Student, and University. It also covers recent developments in Education and Student. The report provides background information, current trends, key points and analysis related to education news. Readers can learn about recent changes, important events, major developments and future possibilities.","University, Student, Education, College",4258,29717,2339,2.7,3.2,Negative,20.65
172,Healthcare and Hospital: Latest Updates and Analysis,Health,Raj Joshi,Global News,2025-04-14 21:37:17.837837,"Latest developments in Patient, Patient and Disease with important updates, analysis and current information.","This article discusses Treatment, Hospital, and Disease. It also covers recent developments in Healthcare and Patient. The report provides background information, current trends, key points and analysis related to health news. Readers can learn about recent changes, important events, major developments and future possibilities.","Treatment, Disease, Medicine, Hospital",74336,39491,16246,18.1,4.1,Negative,47.46
173,Match and Player: Latest Updates and Analysis,Sports,Mina Shrestha,News Hub,2025-04-15 12:12:15.135135,"Latest developments in League, Tournament and Player with important updates, analysis and current information.","This article discusses Cricket, Player, and Player. It also covers recent developments in Football and Match. The report provides background information, current trends, key points and analysis related to sports news. Readers can learn about recent changes, important events, major developments and future possibilities.","Tournament, Football, Cricket, League",76167,49336,8109,20.0,2.8,Positive,45.43
174,Government and Policy: Latest Updates and Analysis,Politics,Sita Rai,Daily Report,2025-04-16 02:47:12.432432,"Latest developments in Policy, Policy and Parliament with important updates, analysis and current information.","This article discusses Law, Law, and Election. It also covers recent developments in Parliament and Policy. The report provides background information, current trends, key points and analysis related to politics news. Readers can learn about recent changes, important events, major developments and future possibilities.","Government, Minister, Policy, Election",158910,16905,10288,5.3,4.7,Neutral,36.37
175,Student and College: Latest Updates and Analysis,Education,Bikash Adhikari,TechDaily,2025-04-16 17:22:09.729729,"Latest developments in College, Student and Student with important updates, analysis and current information.","This article discusses Student, College, and Student. It also covers recent developments in School and Student. The report provides background information, current trends, key points and analysis related to education news. Readers can learn about recent changes, important events, major developments and future possibilities.","School, Learning, Student, College",9979,30273,13317,4.2,4.4,Neutral,32.54
176,Space and Physics: Latest Updates and Analysis,Science,Aarav Thapa,Global News,2025-04-17 07:57:07.027027,"Latest developments in Experiment, Physics and Space with important updates, analysis and current information.","This article discusses Physics, Biology, and Research. It also covers recent developments in Research and Physics. The report provides background information, current trends, key points and analysis related to science news. Readers can learn about recent changes, important events, major developments and future possibilities.","Space, Experiment, Research, Biology",136715,26234,16762,4.6,3.0,Negative,46.24
177,Football and Cricket: Latest Updates and Analysis,Sports,Nisha Karki,TechDaily,2025-04-17 22:32:04.324324,"Latest developments in League, Football and Football with important updates, analysis and current information.","This article discusses League, Tournament, and Player. It also covers recent developments in Player and Cricket. The report provides background information, current trends, key points and analysis related to sports news. Readers can learn about recent changes, important events, major developments and future possibilities.","Tournament, League, Football, Match",112384,13349,3465,13.9,4.2,Neutral,22.75
178,Match and League: Latest Updates and Analysis,Sports,Mina Shrestha,TechDaily,2025-04-18 13:07:01.621621,"Latest developments in Tournament, Tournament and Cricket with important updates, analysis and current information.","This article discusses Cricket, League, and Tournament. It also covers recent developments in Match and Cricket. The report provides background information, current trends, key points and analysis related to sports news. Readers can learn about recent changes, important events, major developments and future possibilities.","Football, League, Tournament, Player",179096,1002,18655,13.9,4.0,Neutral,37.19
179,Software and Software: Latest Updates and Analysis,Technology,Sita Rai,Insight News,2025-04-19 03:41:58.918918,"Latest developments in Cloud, AI and Cybersecurity with important updates, analysis and current information.","This article discusses Cloud, AI, and Machine Learning. It also covers recent developments in Machine Learning and Cybersecurity. The report provides background information, current trends, key points and analysis related to technology news. Readers can learn about recent changes, important events, major developments and future possibilities.","AI, Machine Learning, Cybersecurity, Cloud",435664,39034,17391,17.3,3.0,Positive,84.5
180,Cricket and Football: Latest Updates and Analysis,Sports,Anil Gurung,Insight News,2025-04-19 18:16:56.216216,"Latest developments in Football, Cricket and Cricket with important updates, analysis and current information.","This article discusses League, Match, and Cricket. It also covers recent developments in Cricket and Tournament. The report provides background information, current trends, key points and analysis related to sports news. Readers can learn about recent changes, important events, major developments and future possibilities.","Player, Tournament, Cricket, League",346361,32573,6800,15.5,3.2,Neutral,61.08
181,Treatment and Healthcare: Latest Updates and Analysis,Health,Raj Joshi,Daily Report,2025-04-20 08:51:53.513513,"Latest developments in Treatment, Treatment and Patient with important updates, analysis and current information.","This article discusses Hospital, Patient, and Treatment. It also covers recent developments in Healthcare and Patient. The report provides background information, current trends, key points and analysis related to health news. Readers can learn about recent changes, important events, major developments and future possibilities.","Treatment, Hospital, Disease, Medicine",429995,27803,16493,10.1,3.5,Positive,76.28
182,Film and Film: Latest Updates and Analysis,Entertainment,Nisha Karki,News Hub,2025-04-20 23:26:50.810810,"Latest developments in Music, Film and Movie with important updates, analysis and current information.","This article discusses Movie, Actor, and Music. It also covers recent developments in Series and Celebrity. The report provides background information, current trends, key points and analysis related to entertainment news. Readers can learn about recent changes, important events, major developments and future possibilities.","Movie, Actor, Series, Celebrity",210290,11330,2771,13.0,4.2,Negative,30.64
183,Experiment and Space: Latest Updates and Analysis,Science,Anil Gurung,TechDaily,2025-04-21 14:01:48.108108,"Latest developments in Physics, Discovery and Physics with important updates, analysis and current information.","This article discusses Space, Discovery, and Discovery. It also covers recent developments in Discovery and Space. The report provides background information, current trends, key points and analysis related to science news. Readers can learn about recent changes, important events, major developments and future possibilities.","Discovery, Experiment, Space, Physics",43988,26504,3883,14.4,4.1,Neutral,24.24
184,Cricket and Cricket: Latest Updates and Analysis,Sports,Raj Joshi,Global News,2025-04-22 04:36:45.405405,"Latest developments in Tournament, Match and Player with important updates, analysis and current information.","This article discusses League, Tournament, and Cricket. It also covers recent developments in Match and League. The report provides background information, current trends, key points and analysis related to sports news. Readers can learn about recent changes, important events, major developments and future possibilities.","Cricket, Match, Football, League",292520,14980,2600,11.2,3.8,Neutral,40.9
185,Robotics and Cybersecurity: Latest Updates and Analysis,Technology,Nisha Karki,World Today,2025-04-22 19:11:42.702702,"Latest developments in Cybersecurity, AI and Cybersecurity with important updates, analysis and current information.","This article discusses Software, AI, and Cloud. It also covers recent developments in Software and Cybersecurity. The report provides background information, current trends, key points and analysis related to technology news. Readers can learn about recent changes, important events, major developments and future possibilities.","Machine Learning, Cybersecurity, Cloud, Software",496855,7017,5518,10.6,4.4,Neutral,59.48
186,Healthcare and Patient: Latest Updates and Analysis,Health,Aarav Thapa,TechDaily,2025-04-23 09:46:40.000000,"Latest developments in Patient, Treatment and Medicine with important updates, analysis and current information.","This article discusses Treatment, Disease, and Treatment. It also covers recent developments in Medicine and Patient. The report provides background information, current trends, key points and analysis related to health news. Readers can learn about recent changes, important events, major developments and future possibilities.","Disease, Patient, Treatment, Medicine",4899,41353,19627,13.6,4.4,Negative,45.01
187,Company and Market: Latest Updates and Analysis,Business,Sita Rai,TechDaily,2025-04-24 00:21:37.297297,"Latest developments in Market, Startup and Economy with important updates, analysis and current information.","This article discusses Startup, Company, and Finance. It also covers recent developments in Finance and Company. The report provides background information, current trends, key points and analysis related to business news. Readers can learn about recent changes, important events, major developments and future possibilities.","Company, Market, Finance, Economy",483943,16011,17389,12.0,4.0,Positive,75.48
188,Music and Series: Latest Updates and Analysis,Entertainment,Nisha Karki,Daily Report,2025-04-24 14:56:34.594594,"Latest developments in Music, Film and Music with important updates, analysis and current information.","This article discusses Actor, Celebrity, and Celebrity. It also covers recent developments in Movie and Actor. The report provides background information, current trends, key points and analysis related to entertainment news. Readers can learn about recent changes, important events, major developments and future possibilities.","Celebrity, Music, Movie, Film",224942,18001,16689,13.6,4.5,Positive,50.04
189,Movie and Film: Latest Updates and Analysis,Entertainment,Bikash Adhikari,News Hub,2025-04-25 05:31:31.891891,"Latest developments in Series, Series and Celebrity with important updates, analysis and current information.","This article discusses Movie, Series, and Celebrity. It also covers recent developments in Series and Actor. The report provides background information, current trends, key points and analysis related to entertainment news. Readers can learn about recent changes, important events, major developments and future possibilities.","Movie, Film, Actor, Series",374773,17044,15923,13.0,3.3,Negative,63.7
190,Physics and Physics: Latest Updates and Analysis,Science,Mina Shrestha,World Today,2025-04-25 20:06:29.189189,"Latest developments in Experiment, Space and Biology with important updates, analysis and current information.","This article discusses Experiment, Discovery, and Biology. It also covers recent developments in Space and Experiment. The report provides background information, current trends, key points and analysis related to science news. Readers can learn about recent changes, important events, major developments and future possibilities.","Physics, Research, Discovery, Biology",386957,38292,5701,14.9,4.7,Negative,67.49
191,Celebrity and Actor: Latest Updates and Analysis,Entertainment,Ramesh Sharma,Insight News,2025-04-26 10:41:26.486486,"Latest developments in Music, Series and Series with important updates, analysis and current information.","This article discusses Music, Movie, and Series. It also covers recent developments in Movie and Celebrity. The report provides background information, current trends, key points and analysis related to entertainment news. Readers can learn about recent changes, important events, major developments and future possibilities.","Music, Actor, Film, Series",90241,5250,958,13.6,4.0,Negative,13.15
192,Match and Cricket: Latest Updates and Analysis,Sports,Bikash Adhikari,Insight News,2025-04-27 01:16:23.783783,"Latest developments in Player, League and Player with important updates, analysis and current information.","This article discusses Cricket, Cricket, and Match. It also covers recent developments in League and Tournament. The report provides background information, current trends, key points and analysis related to sports news. Readers can learn about recent changes, important events, major developments and future possibilities.","Cricket, League, Football, Match",453874,40280,7595,11.4,4.6,Positive,77.28
193,Cybersecurity and Cloud: Latest Updates and Analysis,Technology,Bikash Adhikari,Global News,2025-04-27 15:51:21.081081,"Latest developments in AI, Cloud and Software with important updates, analysis and current information.","This article discusses Cybersecurity, Cloud, and Robotics. It also covers recent developments in Cloud and Robotics. The report provides background information, current trends, key points and analysis related to technology news. Readers can learn about recent changes, important events, major developments and future possibilities.","Robotics, Machine Learning, Cybersecurity, AI",377257,23289,3538,14.3,3.9,Positive,55.32
194,Film and Film: Latest Updates and Analysis,Entertainment,Mina Shrestha,World Today,2025-04-28 06:26:18.378378,"Latest developments in Music, Celebrity and Celebrity with important updates, analysis and current information.","This article discusses Movie, Series, and Celebrity. It also covers recent developments in Film and Celebrity. The report provides background information, current trends, key points and analysis related to entertainment news. Readers can learn about recent changes, important events, major developments and future possibilities.","Series, Film, Celebrity, Music",429850,33087,18014,10.1,3.0,Positive,80.96
195,Music and Celebrity: Latest Updates and Analysis,Entertainment,Ramesh Sharma,Insight News,2025-04-28 21:01:15.675675,"Latest developments in Film, Music and Film with important updates, analysis and current information.","This article discusses Celebrity, Series, and Movie. It also covers recent developments in Movie and Movie. The report provides background information, current trends, key points and analysis related to entertainment news. Readers can learn about recent changes, important events, major developments and future possibilities.","Series, Film, Music, Actor",293912,10416,9983,6.4,3.9,Positive,45.68
196,Startup and Finance: Latest Updates and Analysis,Business,Bikash Adhikari,Global News,2025-04-29 11:36:12.972972,"Latest developments in Startup, Market and Finance with important updates, analysis and current information.","This article discusses Market, Startup, and Economy. It also covers recent developments in Finance and Economy. The report provides background information, current trends, key points and analysis related to business news. Readers can learn about recent changes, important events, major developments and future possibilities.","Economy, Finance, Company, Market",135283,25159,2603,2.0,3.4,Neutral,31.29
197,Economy and Company: Latest Updates and Analysis,Business,Nisha Karki,News Hub,2025-04-30 02:11:10.270270,"Latest developments in Finance, Finance and Investment with important updates, analysis and current information.","This article discusses Startup, Market, and Startup. It also covers recent developments in Investment and Investment. The report provides background information, current trends, key points and analysis related to business news. Readers can learn about recent changes, important events, major developments and future possibilities.","Startup, Investment, Market, Economy",418002,36368,13467,12.1,4.2,Positive,77.2
198,Minister and Law: Latest Updates and Analysis,Politics,Nisha Karki,Global News,2025-04-30 16:46:07.567567,"Latest developments in Parliament, Election and Election with important updates, analysis and current information.","This article discusses Minister, Minister, and Election. It also covers recent developments in Election and Policy. The report provides background information, current trends, key points and analysis related to politics news. Readers can learn about recent changes, important events, major developments and future possibilities.","Law, Minister, Parliament, Policy",203723,5279,205,12.6,3.7,Neutral,23.78
199,Treatment and Medicine: Latest Updates and Analysis,Health,Nisha Karki,Insight News,2025-05-01 07:21:04.864864,"Latest developments in Patient, Healthcare and Patient with important updates, analysis and current information.","This article discusses Healthcare, Disease, and Medicine. It also covers recent developments in Patient and Medicine. The report provides background information, current trends, key points and analysis related to health news. Readers can learn about recent changes, important events, major developments and future possibilities.","Treatment, Patient, Medicine, Disease",334636,25157,12442,19.5,4.6,Positive,61.09
200,League and League: Latest Updates and Analysis,Sports,Ramesh Sharma,Daily Report,2025-05-01 21:56:02.162162,"Latest developments in League, Football and Player with important updates, analysis and current information.","This article discusses Football, Football, and Match. It also covers recent developments in Player and Football. The report provides background information, current trends, key points and analysis related to sports news. Readers can learn about recent changes, important events, major developments and future possibilities.","Tournament, League, Football, Cricket",16590,15494,5691,8.5,4.2,Neutral,16.68
201,Film and Film: Latest Updates and Analysis,Entertainment,Bikash Adhikari,Daily Report,2025-05-02 12:30:59.459459,"Latest developments in Celebrity, Actor and Celebrity with important updates, analysis and current information.","This article discusses Music, Music, and Film. It also covers recent developments in Movie and Celebrity. The report provides background information, current trends, key points and analysis related to entertainment news. Readers can learn about recent changes, important events, major developments and future possibilities.","Actor, Celebrity, Movie, Music",428510,45166,6141,9.1,4.2,Negative,76.22
202,School and Learning: Latest Updates and Analysis,Education,Raj Joshi,Daily Report,2025-05-03 03:05:56.756756,"Latest developments in Learning, School and Education with important updates, analysis and current information.","This article discusses Learning, Student, and Education. It also covers recent developments in Learning and College. The report provides background information, current trends, key points and analysis related to education news. Readers can learn about recent changes, important events, major developments and future possibilities.","University, School, College, Student",407813,25574,19529,5.6,3.0,Positive,75.75
203,Film and Movie: Latest Updates and Analysis,Entertainment,Ramesh Sharma,Insight News,2025-05-03 17:40:54.054054,"Latest developments in Series, Film and Series with important updates, analysis and current information.","This article discusses Celebrity, Series, and Music. It also covers recent developments in Music and Music. The report provides background information, current trends, key points and analysis related to entertainment news. Readers can learn about recent changes, important events, major developments and future possibilities.","Film, Actor, Music, Movie",250238,25333,19504,3.3,5.0,Neutral,59.8
204,Cybersecurity and Cloud: Latest Updates and Analysis,Technology,Nisha Karki,Daily Report,2025-05-04 08:15:51.351351,"Latest developments in Machine Learning, Robotics and Cloud with important updates, analysis and current information.","This article discusses Machine Learning, Machine Learning, and Cybersecurity. It also covers recent developments in Robotics and Cloud. The report provides background information, current trends, key points and analysis related to technology news. Readers can learn about recent changes, important events, major developments and future possibilities.","AI, Software, Machine Learning, Cybersecurity",446832,33050,6728,15.9,4.6,Neutral,71.35
205,Law and Parliament: Latest Updates and Analysis,Politics,Mina Shrestha,World Today,2025-05-04 22:50:48.648648,"Latest developments in Parliament, Policy and Law with important updates, analysis and current information.","This article discusses Policy, Policy, and Government. It also covers recent developments in Government and Government. The report provides background information, current trends, key points and analysis related to politics news. Readers can learn about recent changes, important events, major developments and future possibilities.","Election, Government, Minister, Parliament",117319,32263,6030,6.5,4.5,Positive,37.19
206,Treatment and Medicine: Latest Updates and Analysis,Health,Bikash Adhikari,News Hub,2025-05-05 13:25:45.945945,"Latest developments in Medicine, Treatment and Hospital with important updates, analysis and current information.","This article discusses Disease, Healthcare, and Treatment. It also covers recent developments in Hospital and Treatment. The report provides background information, current trends, key points and analysis related to health news. Readers can learn about recent changes, important events, major developments and future possibilities.","Hospital, Treatment, Patient, Medicine",482046,32539,16562,13.0,3.3,Neutral,84.41
207,University and University: Latest Updates and Analysis,Education,Bikash Adhikari,Global News,2025-05-06 04:00:43.243243,"Latest developments in Education, University and College with important updates, analysis and current information.","This article discusses Education, School, and Student. It also covers recent developments in Education and Student. The report provides background information, current trends, key points and analysis related to education news. Readers can learn about recent changes, important events, major developments and future possibilities.","College, Student, University, Education",44204,14030,13383,14.4,3.8,Neutral,26.25
208,Law and Election: Latest Updates and Analysis,Politics,Anil Gurung,Global News,2025-05-06 18:35:40.540540,"Latest developments in Minister, Policy and Policy with important updates, analysis and current information.","This article discusses Law, Policy, and Minister. It also covers recent developments in Election and Minister. The report provides background information, current trends, key points and analysis related to politics news. Readers can learn about recent changes, important events, major developments and future possibilities.","Policy, Election, Government, Minister",5416,22721,16496,10.5,2.8,Neutral,30.71
209,Experiment and Space: Latest Updates and Analysis,Science,Anil Gurung,Insight News,2025-05-07 09:10:37.837837,"Latest developments in Research, Biology and Research with important updates, analysis and current information.","This article discusses Research, Space, and Physics. It also covers recent developments in Biology and Biology. The report provides background information, current trends, key points and analysis related to science news. Readers can learn about recent changes, important events, major developments and future possibilities.","Physics, Experiment, Biology, Space",38230,48070,8948,17.8,3.8,Negative,41.7
210,Disease and Hospital: Latest Updates and Analysis,Health,Aarav Thapa,Daily Report,2025-05-07 23:45:35.135135,"Latest developments in Treatment, Patient and Patient with important updates, analysis and current information.","This article discusses Disease, Healthcare, and Disease. It also covers recent developments in Patient and Healthcare. The report provides background information, current trends, key points and analysis related to health news. Readers can learn about recent changes, important events, major developments and future possibilities.","Disease, Patient, Medicine, Treatment",463545,5166,9088,10.0,2.9,Neutral,58.61
211,Film and Actor: Latest Updates and Analysis,Entertainment,Raj Joshi,Daily Report,2025-05-08 14:20:32.432432,"Latest developments in Series, Series and Actor with important updates, analysis and current information.","This article discusses Music, Actor, and Movie. It also covers recent developments in Music and Actor. The report provides background information, current trends, key points and analysis related to entertainment news. Readers can learn about recent changes, important events, major developments and future possibilities.","Music, Celebrity, Movie, Actor",369538,7121,14214,7.1,3.9,Positive,55.5
212,Movie and Celebrity: Latest Updates and Analysis,Entertainment,Raj Joshi,TechDaily,2025-05-09 04:55:29.729729,"Latest developments in Series, Film and Celebrity with important updates, analysis and current information.","This article discusses Film, Actor, and Series. It also covers recent developments in Actor and Series. The report provides background information, current trends, key points and analysis related to entertainment news. Readers can learn about recent changes, important events, major developments and future possibilities.","Movie, Celebrity, Film, Series",292198,14677,8977,18.1,4.1,Neutral,47.06
213,Disease and Patient: Latest Updates and Analysis,Health,Sita Rai,News Hub,2025-05-09 19:30:27.027027,"Latest developments in Medicine, Patient and Healthcare with important updates, analysis and current information.","This article discusses Medicine, Disease, and Medicine. It also covers recent developments in Medicine and Healthcare. The report provides background information, current trends, key points and analysis related to health news. Readers can learn about recent changes, important events, major developments and future possibilities.","Patient, Healthcare, Medicine, Treatment",375681,31241,1803,17.5,3.5,Positive,58.21
214,Series and Film: Latest Updates and Analysis,Entertainment,Raj Joshi,World Today,2025-05-10 10:05:24.324324,"Latest developments in Celebrity, Actor and Series with important updates, analysis and current information.","This article discusses Music, Music, and Actor. It also covers recent developments in Actor and Film. The report provides background information, current trends, key points and analysis related to entertainment news. Readers can learn about recent changes, important events, major developments and future possibilities.","Music, Series, Film, Celebrity",414968,16373,15389,5.0,3.7,Neutral,66.79
215,League and Cricket: Latest Updates and Analysis,Sports,Anil Gurung,Global News,2025-05-11 00:40:21.621621,"Latest developments in Match, League and Cricket with important updates, analysis and current information.","This article discusses Football, Cricket, and Football. It also covers recent developments in Match and Cricket. The report provides background information, current trends, key points and analysis related to sports news. Readers can learn about recent changes, important events, major developments and future possibilities.","Football, Cricket, League, Player",145350,21873,18682,2.5,4.7,Neutral,46.4
216,Patient and Treatment: Latest Updates and Analysis,Health,Ramesh Sharma,TechDaily,2025-05-11 15:15:18.918918,"Latest developments in Medicine, Disease and Healthcare with important updates, analysis and current information.","This article discusses Healthcare, Hospital, and Hospital. It also covers recent developments in Medicine and Treatment. The report provides background information, current trends, key points and analysis related to health news. Readers can learn about recent changes, important events, major developments and future possibilities.","Disease, Medicine, Hospital, Healthcare",182335,37664,12270,3.6,2.8,Positive,53.19
217,Policy and Parliament: Latest Updates and Analysis,Politics,Raj Joshi,TechDaily,2025-05-12 05:50:16.216216,"Latest developments in Law, Minister and Law with important updates, analysis and current information.","This article discusses Policy, Policy, and Minister. It also covers recent developments in Government and Policy. The report provides background information, current trends, key points and analysis related to politics news. Readers can learn about recent changes, important events, major developments and future possibilities.","Parliament, Law, Government, Election",408067,49282,1542,7.2,4.5,Negative,72.05
218,Treatment and Hospital: Latest Updates and Analysis,Health,Anil Gurung,Insight News,2025-05-12 20:25:13.513513,"Latest developments in Disease, Hospital and Hospital with important updates, analysis and current information.","This article discusses Disease, Patient, and Patient. It also covers recent developments in Hospital and Healthcare. The report provides background information, current trends, key points and analysis related to health news. Readers can learn about recent changes, important events, major developments and future possibilities.","Medicine, Disease, Patient, Healthcare",459277,1293,7259,19.5,2.9,Negative,54.02
219,Education and School: Latest Updates and Analysis,Education,Aarav Thapa,Global News,2025-05-13 11:00:10.810810,"Latest developments in Student, Learning and Student with important updates, analysis and current information.","This article discusses School, College, and Student. It also covers recent developments in School and Learning. The report provides background information, current trends, key points and analysis related to education news. Readers can learn about recent changes, important events, major developments and future possibilities.","Education, Student, Learning, University",396360,22443,12400,12.1,2.6,Negative,65.59
220,Movie and Music: Latest Updates and Analysis,Entertainment,Bikash Adhikari,Insight News,2025-05-14 01:35:08.108108,"Latest developments in Series, Music and Actor with important updates, analysis and current information.","This article discusses Actor, Celebrity, and Actor. It also covers recent developments in Series and Film. The report provides background information, current trends, key points and analysis related to entertainment news. Readers can learn about recent changes, important events, major developments and future possibilities.","Music, Celebrity, Series, Actor",63265,39725,12546,8.7,3.0,Neutral,42.79
221,Tournament and Football: Latest Updates and Analysis,Sports,Raj Joshi,World Today,2025-05-14 16:10:05.405405,"Latest developments in Match, Player and Player with important updates, analysis and current information.","This article discusses Match, Match, and Tournament. It also covers recent developments in Tournament and Tournament. The report provides background information, current trends, key points and analysis related to sports news. Readers can learn about recent changes, important events, major developments and future possibilities.","Cricket, Tournament, Player, Match",404796,49212,2154,18.0,4.4,Neutral,72.3
222,Player and Tournament: Latest Updates and Analysis,Sports,Aarav Thapa,TechDaily,2025-05-15 06:45:02.702702,"Latest developments in Match, Match and Football with important updates, analysis and current information.","This article discusses Tournament, Tournament, and Match. It also covers recent developments in Cricket and Cricket. The report provides background information, current trends, key points and analysis related to sports news. Readers can learn about recent changes, important events, major developments and future possibilities.","League, Tournament, Player, Cricket",196611,18595,8766,10.2,3.5,Negative,39.64
223,Physics and Physics: Latest Updates and Analysis,Science,Bikash Adhikari,TechDaily,2025-05-15 21:20:00.000000,"Latest developments in Physics, Biology and Physics with important updates, analysis and current information.","This article discusses Research, Space, and Experiment. It also covers recent developments in Space and Discovery. The report provides background information, current trends, key points and analysis related to science news. Readers can learn about recent changes, important events, major developments and future possibilities.","Experiment, Discovery, Biology, Space",437190,9740,15749,7.7,4.7,Neutral,65.38
224,Government and Policy: Latest Updates and Analysis,Politics,Mina Shrestha,News Hub,2025-05-16 11:54:57.297297,"Latest developments in Parliament, Minister and Parliament with important updates, analysis and current information.","This article discusses Policy, Policy, and Minister. It also covers recent developments in Law and Election. The report provides background information, current trends, key points and analysis related to politics news. Readers can learn about recent changes, important events, major developments and future possibilities.","Government, Law, Policy, Minister",235705,12559,11230,18.9,3.8,Negative,42.39
225,Company and Economy: Latest Updates and Analysis,Business,Mina Shrestha,World Today,2025-05-17 02:29:54.594594,"Latest developments in Company, Startup and Company with important updates, analysis and current information.","This article discusses Economy, Market, and Investment. It also covers recent developments in Startup and Market. The report provides background information, current trends, key points and analysis related to business news. Readers can learn about recent changes, important events, major developments and future possibilities.","Economy, Market, Finance, Startup",66875,42741,17765,17.3,2.6,Positive,50.18
226,Market and Market: Latest Updates and Analysis,Business,Bikash Adhikari,TechDaily,2025-05-17 17:04:51.891891,"Latest developments in Investment, Economy and Startup with important updates, analysis and current information.","This article discusses Company, Market, and Economy. It also covers recent developments in Finance and Investment. The report provides background information, current trends, key points and analysis related to business news. Readers can learn about recent changes, important events, major developments and future possibilities.","Company, Startup, Economy, Investment",399882,39044,5902,17.2,4.3,Positive,69.43
227,Patient and Hospital: Latest Updates and Analysis,Health,Raj Joshi,World Today,2025-05-18 07:39:49.189189,"Latest developments in Patient, Patient and Patient with important updates, analysis and current information.","This article discusses Patient, Patient, and Disease. It also covers recent developments in Healthcare and Disease. The report provides background information, current trends, key points and analysis related to health news. Readers can learn about recent changes, important events, major developments and future possibilities.","Healthcare, Disease, Patient, Hospital",347555,21747,1222,11.2,2.8,Neutral,49.1
228,Biology and Physics: Latest Updates and Analysis,Science,Sita Rai,Global News,2025-05-18 22:14:46.486486,"Latest developments in Space, Research and Biology with important updates, analysis and current information.","This article discusses Space, Space, and Physics. It also covers recent developments in Biology and Space. The report provides background information, current trends, key points and analysis related to science news. Readers can learn about recent changes, important events, major developments and future possibilities.","Discovery, Space, Biology, Research",495833,40920,1501,16.2,4.5,Neutral,75.77
229,Robotics and Robotics: Latest Updates and Analysis,Technology,Anil Gurung,Daily Report,2025-05-19 12:49:43.783783,"Latest developments in Software, Machine Learning and Software with important updates, analysis and current information.","This article discusses Software, AI, and Software. It also covers recent developments in Software and Cloud. The report provides background information, current trends, key points and analysis related to technology news. Readers can learn about recent changes, important events, major developments and future possibilities.","Software, AI, Cybersecurity, Robotics",53249,7973,9050,5.2,2.9,Neutral,19.18
230,Hospital and Disease: Latest Updates and Analysis,Health,Ramesh Sharma,TechDaily,2025-05-20 03:24:41.081081,"Latest developments in Disease, Treatment and Treatment with important updates, analysis and current information.","This article discusses Medicine, Hospital, and Hospital. It also covers recent developments in Treatment and Patient. The report provides background information, current trends, key points and analysis related to health news. Readers can learn about recent changes, important events, major developments and future possibilities.","Disease, Healthcare, Medicine, Hospital",396322,15333,16208,12.3,3.4,Negative,65.12
231,Research and Space: Latest Updates and Analysis,Science,Ramesh Sharma,News Hub,2025-05-20 17:59:38.378378,"Latest developments in Discovery, Space and Physics with important updates, analysis and current information.","This article discusses Biology, Physics, and Discovery. It also covers recent developments in Research and Space. The report provides background information, current trends, key points and analysis related to science news. Readers can learn about recent changes, important events, major developments and future possibilities.","Research, Physics, Biology, Space",334805,30129,3574,19.7,4.4,Positive,55.22
232,Minister and Government: Latest Updates and Analysis,Politics,Nisha Karki,Global News,2025-05-21 08:34:35.675675,"Latest developments in Government, Policy and Minister with important updates, analysis and current information.","This article discusses Election, Election, and Parliament. It also covers recent developments in Government and Minister. The report provides background information, current trends, key points and analysis related to politics news. Readers can learn about recent changes, important events, major developments and future possibilities.","Minister, Law, Election, Parliament",412739,37,3729,7.2,4.9,Positive,45.07
233,Policy and Minister: Latest Updates and Analysis,Politics,Bikash Adhikari,World Today,2025-05-21 23:09:32.972972,"Latest developments in Minister, Parliament and Parliament with important updates, analysis and current information.","This article discusses Minister, Election, and Government. It also covers recent developments in Government and Government. The report provides background information, current trends, key points and analysis related to politics news. Readers can learn about recent changes, important events, major developments and future possibilities.","Government, Parliament, Election, Law",498178,38758,11157,16.3,3.4,Negative,84.36
234,Election and Election: Latest Updates and Analysis,Politics,Ramesh Sharma,Insight News,2025-05-22 13:44:30.270270,"Latest developments in Election, Election and Minister with important updates, analysis and current information.","This article discusses Policy, Policy, and Election. It also covers recent developments in Government and Law. The report provides background information, current trends, key points and analysis related to politics news. Readers can learn about recent changes, important events, major developments and future possibilities.","Government, Minister, Policy, Law",90810,32311,19575,10.8,4.6,Positive,48.11
235,Parliament and Minister: Latest Updates and Analysis,Politics,Raj Joshi,Global News,2025-05-23 04:19:27.567567,"Latest developments in Parliament, Government and Policy with important updates, analysis and current information.","This article discusses Government, Minister, and Minister. It also covers recent developments in Election and Law. The report provides background information, current trends, key points and analysis related to politics news. Readers can learn about recent changes, important events, major developments and future possibilities.","Parliament, Law, Policy, Election",92299,38206,7476,2.7,3.0,Neutral,39.71
236,Parliament and Government: Latest Updates and Analysis,Politics,Sita Rai,TechDaily,2025-05-23 18:54:24.864864,"Latest developments in Parliament, Parliament and Law with important updates, analysis and current information.","This article discusses Government, Law, and Election. It also covers recent developments in Minister and Minister. The report provides background information, current trends, key points and analysis related to politics news. Readers can learn about recent changes, important events, major developments and future possibilities.","Election, Government, Policy, Minister",165124,48503,17945,15.7,4.5,Neutral,63.67
237,Experiment and Experiment: Latest Updates and Analysis,Science,Bikash Adhikari,World Today,2025-05-24 09:29:22.162162,"Latest developments in Space, Biology and Discovery with important updates, analysis and current information.","This article discusses Biology, Space, and Space. It also covers recent developments in Research and Research. The report provides background information, current trends, key points and analysis related to science news. Readers can learn about recent changes, important events, major developments and future possibilities.","Physics, Experiment, Research, Discovery",27426,28207,14962,5.0,4.1,Positive,34.68
238,Experiment and Discovery: Latest Updates and Analysis,Science,Sita Rai,Daily Report,2025-05-25 00:04:19.459459,"Latest developments in Physics, Discovery and Physics with important updates, analysis and current information.","This article discusses Biology, Physics, and Experiment. It also covers recent developments in Physics and Physics. The report provides background information, current trends, key points and analysis related to science news. Readers can learn about recent changes, important events, major developments and future possibilities.","Biology, Discovery, Space, Experiment",379516,43624,2522,13.4,3.0,Positive,66.77
239,League and Football: Latest Updates and Analysis,Sports,Raj Joshi,Global News,2025-05-25 14:39:16.756756,"Latest developments in Match, Tournament and Cricket with important updates, analysis and current information.","This article discusses Cricket, League, and Cricket. It also covers recent developments in League and Match. The report provides background information, current trends, key points and analysis related to sports news. Readers can learn about recent changes, important events, major developments and future possibilities.","Tournament, Cricket, League, Football",31239,33241,2391,3.5,3.3,Neutral,25.52
240,Student and Learning: Latest Updates and Analysis,Education,Ramesh Sharma,TechDaily,2025-05-26 05:14:14.054054,"Latest developments in University, Education and School with important updates, analysis and current information.","This article discusses College, College, and College. It also covers recent developments in University and College. The report provides background information, current trends, key points and analysis related to education news. Readers can learn about recent changes, important events, major developments and future possibilities.","Learning, School, Education, University",193275,58,19059,19.0,2.8,Negative,38.45
241,Startup and Economy: Latest Updates and Analysis,Business,Ramesh Sharma,News Hub,2025-05-26 19:49:11.351351,"Latest developments in Finance, Investment and Company with important updates, analysis and current information.","This article discusses Market, Market, and Company. It also covers recent developments in Economy and Investment. The report provides background information, current trends, key points and analysis related to business news. Readers can learn about recent changes, important events, major developments and future possibilities.","Investment, Finance, Startup, Economy",192029,2636,18567,7.3,3.5,Neutral,39.38
242,Actor and Music: Latest Updates and Analysis,Entertainment,Nisha Karki,Insight News,2025-05-27 10:24:08.648648,"Latest developments in Movie, Celebrity and Actor with important updates, analysis and current information.","This article discusses Celebrity, Movie, and Film. It also covers recent developments in Film and Series. The report provides background information, current trends, key points and analysis related to entertainment news. Readers can learn about recent changes, important events, major developments and future possibilities.","Celebrity, Film, Movie, Actor",335882,30635,12074,6.1,3.0,Neutral,64.14
243,Parliament and Law: Latest Updates and Analysis,Politics,Ramesh Sharma,World Today,2025-05-28 00:59:05.945945,"Latest developments in Parliament, Minister and Election with important updates, analysis and current information.","This article discusses Policy, Election, and Policy. It also covers recent developments in Minister and Law. The report provides background information, current trends, key points and analysis related to politics news. Readers can learn about recent changes, important events, major developments and future possibilities.","Law, Parliament, Policy, Government",334896,14834,11796,4.3,4.1,Neutral,54.25
244,Machine Learning and Software: Latest Updates and Analysis,Technology,Bikash Adhikari,Global News,2025-05-28 15:34:03.243243,"Latest developments in Software, Robotics and Machine Learning with important updates, analysis and current information.","This article discusses Cloud, Cloud, and AI. It also covers recent developments in Machine Learning and AI. The report provides background information, current trends, key points and analysis related to technology news. Readers can learn about recent changes, important events, major developments and future possibilities.","Machine Learning, AI, Software, Cybersecurity",13037,15577,2078,19.0,5.0,Positive,12.76
245,Series and Series: Latest Updates and Analysis,Entertainment,Raj Joshi,Global News,2025-05-29 06:09:00.540540,"Latest developments in Actor, Series and Film with important updates, analysis and current information.","This article discusses Celebrity, Actor, and Celebrity. It also covers recent developments in Music and Film. The report provides background information, current trends, key points and analysis related to entertainment news. Readers can learn about recent changes, important events, major developments and future possibilities.","Celebrity, Actor, Series, Movie",258106,27190,12269,14.8,2.5,Positive,54.47
246,Discovery and Biology: Latest Updates and Analysis,Science,Mina Shrestha,Daily Report,2025-05-29 20:43:57.837837,"Latest developments in Discovery, Research and Physics with important updates, analysis and current information.","This article discusses Discovery, Physics, and Space. It also covers recent developments in Research and Discovery. The report provides background information, current trends, key points and analysis related to science news. Readers can learn about recent changes, important events, major developments and future possibilities.","Space, Physics, Experiment, Biology",292405,7296,14362,15.3,3.9,Neutral,48.03
247,AI and Cloud: Latest Updates and Analysis,Technology,Raj Joshi,Daily Report,2025-05-30 11:18:55.135135,"Latest developments in AI, AI and Robotics with important updates, analysis and current information.","This article discusses Robotics, AI, and Machine Learning. It also covers recent developments in Machine Learning and Robotics. The report provides background information, current trends, key points and analysis related to technology news. Readers can learn about recent changes, important events, major developments and future possibilities.","AI, Software, Cloud, Machine Learning",397699,21383,17504,11.0,3.9,Positive,70.19
248,Machine Learning and Cloud: Latest Updates and Analysis,Technology,Bikash Adhikari,News Hub,2025-05-31 01:53:52.432432,"Latest developments in Machine Learning, Robotics and Software with important updates, analysis and current information.","This article discusses Software, Robotics, and Cybersecurity. It also covers recent developments in AI and Software. The report provides background information, current trends, key points and analysis related to technology news. Readers can learn about recent changes, important events, major developments and future possibilities.","AI, Cybersecurity, Cloud, Robotics",348100,45438,12960,10.5,4.8,Positive,75.16
249,Cybersecurity and Robotics: Latest Updates and Analysis,Technology,Bikash Adhikari,Insight News,2025-05-31 16:28:49.729729,"Latest developments in AI, Cybersecurity and AI with important updates, analysis and current information.","This article discusses Cloud, Cybersecurity, and Software. It also covers recent developments in AI and Machine Learning. The report provides background information, current trends, key points and analysis related to technology news. Readers can learn about recent changes, important events, major developments and future possibilities.","Software, Robotics, Cybersecurity, Cloud",332287,24660,10715,4.0,3.8,Neutral,58.82
250,Cricket and Tournament: Latest Updates and Analysis,Sports,Nisha Karki,News Hub,2025-06-01 07:03:47.027027,"Latest developments in Tournament, League and League with important updates, analysis and current information.","This article discusses Match, League, and Football. It also covers recent developments in Tournament and Tournament. The report provides background information, current trends, key points and analysis related to sports news. Readers can learn about recent changes, important events, major developments and future possibilities.","Tournament, Cricket, Player, League",145907,42493,3370,12.1,3.9,Neutral,43.55
251,Experiment and Space: Latest Updates and Analysis,Science,Nisha Karki,TechDaily,2025-06-01 21:38:44.324324,"Latest developments in Space, Research and Discovery with important updates, analysis and current information.","This article discusses Space, Space, and Discovery. It also covers recent developments in Experiment and Discovery. The report provides background information, current trends, key points and analysis related to science news. Readers can learn about recent changes, important events, major developments and future possibilities.","Space, Research, Experiment, Physics",60019,2674,1908,6.4,3.7,Positive,9.53
252,Software and AI: Latest Updates and Analysis,Technology,Ramesh Sharma,TechDaily,2025-06-02 12:13:41.621621,"Latest developments in Robotics, Robotics and Machine Learning with important updates, analysis and current information.","This article discusses Machine Learning, Machine Learning, and Cybersecurity. It also covers recent developments in Machine Learning and Software. The report provides background information, current trends, key points and analysis related to technology news. Readers can learn about recent changes, important events, major developments and future possibilities.","Robotics, Cloud, Machine Learning, Cybersecurity",488565,48564,19904,19.6,3.2,Neutral,98.04
253,Government and Policy: Latest Updates and Analysis,Politics,Aarav Thapa,News Hub,2025-06-03 02:48:38.918918,"Latest developments in Policy, Election and Government with important updates, analysis and current information.","This article discusses Government, Election, and Minister. It also covers recent developments in Law and Law. The report provides background information, current trends, key points and analysis related to politics news. Readers can learn about recent changes, important events, major developments and future possibilities.","Government, Election, Minister, Policy",344299,43833,4307,16.3,2.6,Neutral,65.16
254,Patient and Healthcare: Latest Updates and Analysis,Health,Raj Joshi,Insight News,2025-06-03 17:23:36.216216,"Latest developments in Disease, Disease and Hospital with important updates, analysis and current information.","This article discusses Patient, Disease, and Treatment. It also covers recent developments in Disease and Medicine. The report provides background information, current trends, key points and analysis related to health news. Readers can learn about recent changes, important events, major developments and future possibilities.","Disease, Healthcare, Hospital, Patient",460877,22820,11297,9.4,3.5,Positive,71.17
255,Robotics and Robotics: Latest Updates and Analysis,Technology,Raj Joshi,News Hub,2025-06-04 07:58:33.513513,"Latest developments in Robotics, Cybersecurity and Robotics with important updates, analysis and current information.","This article discusses AI, Robotics, and Cloud. It also covers recent developments in Robotics and Software. The report provides background information, current trends, key points and analysis related to technology news. Readers can learn about recent changes, important events, major developments and future possibilities.","Cybersecurity, Software, Robotics, Machine Learning",347699,19504,16881,4.7,2.6,Negative,63.43
256,Tournament and Tournament: Latest Updates and Analysis,Sports,Aarav Thapa,Insight News,2025-06-04 22:33:30.810810,"Latest developments in League, Player and Tournament with important updates, analysis and current information.","This article discusses Tournament, Cricket, and Football. It also covers recent developments in Cricket and Tournament. The report provides background information, current trends, key points and analysis related to sports news. Readers can learn about recent changes, important events, major developments and future possibilities.","Football, Tournament, Match, League",430938,25666,3587,16.1,3.9,Positive,62.18
257,Film and Movie: Latest Updates and Analysis,Entertainment,Nisha Karki,Insight News,2025-06-05 13:08:28.108108,"Latest developments in Music, Celebrity and Series with important updates, analysis and current information.","This article discusses Movie, Film, and Music. It also covers recent developments in Actor and Music. The report provides background information, current trends, key points and analysis related to entertainment news. Readers can learn about recent changes, important events, major developments and future possibilities.","Actor, Music, Series, Film",300379,43794,12385,4.2,3.3,Negative,68.81
258,Biology and Research: Latest Updates and Analysis,Science,Ramesh Sharma,World Today,2025-06-06 03:43:25.405405,"Latest developments in Discovery, Space and Discovery with important updates, analysis and current information.","This article discusses Space, Space, and Discovery. It also covers recent developments in Biology and Biology. The report provides background information, current trends, key points and analysis related to science news. Readers can learn about recent changes, important events, major developments and future possibilities.","Research, Physics, Discovery, Space",166830,2076,2413,5.4,3.8,Positive,20.36
259,University and Learning: Latest Updates and Analysis,Education,Aarav Thapa,Insight News,2025-06-06 18:18:22.702702,"Latest developments in School, Education and College with important updates, analysis and current information.","This article discusses Education, University, and Education. It also covers recent developments in Learning and Student. The report provides background information, current trends, key points and analysis related to education news. Readers can learn about recent changes, important events, major developments and future possibilities.","Education, University, Learning, College",346921,37555,10952,5.8,2.8,Negative,68.29
260,League and Tournament: Latest Updates and Analysis,Sports,Ramesh Sharma,Daily Report,2025-06-07 08:53:20.000000,"Latest developments in Tournament, League and Cricket with important updates, analysis and current information.","This article discusses League, Cricket, and Player. It also covers recent developments in Match and Tournament. The report provides background information, current trends, key points and analysis related to sports news. Readers can learn about recent changes, important events, major developments and future possibilities.","Football, League, Tournament, Cricket",291940,32406,3457,12.0,4.8,Positive,52.19
261,Machine Learning and Robotics: Latest Updates and Analysis,Technology,Ramesh Sharma,Insight News,2025-06-07 23:28:17.297297,"Latest developments in Software, Cybersecurity and Software with important updates, analysis and current information.","This article discusses Robotics, Machine Learning, and AI. It also covers recent developments in AI and Software. The report provides background information, current trends, key points and analysis related to technology news. Readers can learn about recent changes, important events, major developments and future possibilities.","Software, AI, Cybersecurity, Robotics",134945,40262,8464,16.2,4.7,Neutral,46.2
262,Experiment and Biology: Latest Updates and Analysis,Science,Ramesh Sharma,Insight News,2025-06-08 14:03:14.594594,"Latest developments in Experiment, Biology and Discovery with important updates, analysis and current information.","This article discusses Biology, Research, and Physics. It also covers recent developments in Discovery and Physics. The report provides background information, current trends, key points and analysis related to science news. Readers can learn about recent changes, important events, major developments and future possibilities.","Research, Space, Discovery, Biology",25056,25784,1150,7.7,3.0,Neutral,19.17
263,Disease and Hospital: Latest Updates and Analysis,Health,Anil Gurung,Insight News,2025-06-09 04:38:11.891891,"Latest developments in Medicine, Patient and Healthcare with important updates, analysis and current information.","This article discusses Disease, Disease, and Medicine. It also covers recent developments in Disease and Patient. The report provides background information, current trends, key points and analysis related to health news. Readers can learn about recent changes, important events, major developments and future possibilities.","Hospital, Disease, Medicine, Patient",278063,21125,14537,3.5,3.4,Neutral,55.09
264,Robotics and Machine Learning: Latest Updates and Analysis,Technology,Bikash Adhikari,TechDaily,2025-06-09 19:13:09.189189,"Latest developments in Cybersecurity, Cybersecurity and Robotics with important updates, analysis and current information.","This article discusses Software, Machine Learning, and Machine Learning. It also covers recent developments in Cloud and Cybersecurity. The report provides background information, current trends, key points and analysis related to technology news. Readers can learn about recent changes, important events, major developments and future possibilities.","Robotics, Software, Cloud, Cybersecurity",263772,23216,7454,10.4,4.0,Neutral,47.83
265,League and Cricket: Latest Updates and Analysis,Sports,Ramesh Sharma,Daily Report,2025-06-10 09:48:06.486486,"Latest developments in League, Player and Match with important updates, analysis and current information.","This article discusses Football, Football, and Player. It also covers recent developments in Match and Player. The report provides background information, current trends, key points and analysis related to sports news. Readers can learn about recent changes, important events, major developments and future possibilities.","Player, Cricket, Match, League",390025,2581,14785,15.5,2.7,Positive,55.39
266,Market and Economy: Latest Updates and Analysis,Business,Anil Gurung,Daily Report,2025-06-11 00:23:03.783783,"Latest developments in Startup, Startup and Economy with important updates, analysis and current information.","This article discusses Market, Finance, and Investment. It also covers recent developments in Economy and Finance. The report provides background information, current trends, key points and analysis related to business news. Readers can learn about recent changes, important events, major developments and future possibilities.","Investment, Market, Company, Finance",86591,15600,11581,6.0,3.4,Neutral,29.64
267,Law and Policy: Latest Updates and Analysis,Politics,Nisha Karki,News Hub,2025-06-11 14:58:01.081081,"Latest developments in Government, Parliament and Parliament with important updates, analysis and current information.","This article discusses Policy, Minister, and Minister. It also covers recent developments in Government and Election. The report provides background information, current trends, key points and analysis related to politics news. Readers can learn about recent changes, important events, major developments and future possibilities.","Parliament, Election, Minister, Policy",44688,30284,18,6.0,3.1,Positive,22.72
268,School and Learning: Latest Updates and Analysis,Education,Aarav Thapa,World Today,2025-06-12 05:32:58.378378,"Latest developments in University, Learning and College with important updates, analysis and current information.","This article discusses Learning, Education, and Learning. It also covers recent developments in University and School. The report provides background information, current trends, key points and analysis related to education news. Readers can learn about recent changes, important events, major developments and future possibilities.","Education, University, Student, Learning",201757,20171,9808,19.1,4.8,Negative,42.15
269,Film and Actor: Latest Updates and Analysis,Entertainment,Bikash Adhikari,Insight News,2025-06-12 20:07:55.675675,"Latest developments in Movie, Movie and Series with important updates, analysis and current information.","This article discusses Actor, Movie, and Actor. It also covers recent developments in Music and Music. The report provides background information, current trends, key points and analysis related to entertainment news. Readers can learn about recent changes, important events, major developments and future possibilities.","Series, Music, Celebrity, Actor",99252,25091,19562,19.2,4.6,Positive,44.6
270,Tournament and Cricket: Latest Updates and Analysis,Sports,Mina Shrestha,Global News,2025-06-13 10:42:52.972972,"Latest developments in League, League and Tournament with important updates, analysis and current information.","This article discusses Match, League, and Cricket. It also covers recent developments in Match and Football. The report provides background information, current trends, key points and analysis related to sports news. Readers can learn about recent changes, important events, major developments and future possibilities.","Cricket, Tournament, League, Match",127972,14333,16368,19.8,3.9,Neutral,37.81
271,Space and Physics: Latest Updates and Analysis,Science,Aarav Thapa,World Today,2025-06-14 01:17:50.270270,"Latest developments in Biology, Discovery and Biology with important updates, analysis and current information.","This article discusses Space, Research, and Research. It also covers recent developments in Experiment and Space. The report provides background information, current trends, key points and analysis related to science news. Readers can learn about recent changes, important events, major developments and future possibilities.","Experiment, Research, Space, Physics",413827,30535,5577,16.5,3.8,Neutral,65.38
272,School and Learning: Latest Updates and Analysis,Education,Bikash Adhikari,World Today,2025-06-14 15:52:47.567567,"Latest developments in School, School and College with important updates, analysis and current information.","This article discusses School, Education, and Education. It also covers recent developments in College and Education. The report provides background information, current trends, key points and analysis related to education news. Readers can learn about recent changes, important events, major developments and future possibilities.","Learning, College, Education, School",272363,23487,4081,5.4,4.8,Neutral,45.48
273,University and College: Latest Updates and Analysis,Education,Mina Shrestha,Daily Report,2025-06-15 06:27:44.864864,"Latest developments in Education, Learning and Student with important updates, analysis and current information.","This article discusses College, College, and Student. It also covers recent developments in School and University. The report provides background information, current trends, key points and analysis related to education news. Readers can learn about recent changes, important events, major developments and future possibilities.","University, School, Education, College",338137,10404,6454,5.8,4.8,Positive,46.57
274,School and Student: Latest Updates and Analysis,Education,Aarav Thapa,World Today,2025-06-15 21:02:42.162162,"Latest developments in Education, Student and College with important updates, analysis and current information.","This article discusses College, School, and Education. It also covers recent developments in Learning and College. The report provides background information, current trends, key points and analysis related to education news. Readers can learn about recent changes, important events, major developments and future possibilities.","College, Education, University, School",16267,43934,8933,8.1,4.9,Neutral,37.0
275,Robotics and Machine Learning: Latest Updates and Analysis,Technology,Bikash Adhikari,Insight News,2025-06-16 11:37:39.459459,"Latest developments in Machine Learning, Cybersecurity and Machine Learning with important updates, analysis and current information.","This article discusses Robotics, Robotics, and Robotics. It also covers recent developments in Robotics and Robotics. The report provides background information, current trends, key points and analysis related to technology news. Readers can learn about recent changes, important events, major developments and future possibilities.","Software, Cybersecurity, Cloud, Robotics",187675,33700,2671,7.7,2.8,Neutral,41.74
276,Parliament and Policy: Latest Updates and Analysis,Politics,Aarav Thapa,Insight News,2025-06-17 02:12:36.756756,"Latest developments in Election, Parliament and Policy with important updates, analysis and current information.","This article discusses Election, Policy, and Parliament. It also covers recent developments in Law and Law. The report provides background information, current trends, key points and analysis related to politics news. Readers can learn about recent changes, important events, major developments and future possibilities.","Election, Minister, Policy, Government",110882,18047,10971,19.2,2.9,Negative,32.93
277,Cloud and Machine Learning: Latest Updates and Analysis,Technology,Aarav Thapa,TechDaily,2025-06-17 16:47:34.054054,"Latest developments in Machine Learning, Robotics and Machine Learning with important updates, analysis and current information.","This article discusses Software, Machine Learning, and AI. It also covers recent developments in Cloud and Cloud. The report provides background information, current trends, key points and analysis related to technology news. Readers can learn about recent changes, important events, major developments and future possibilities.","Cybersecurity, Machine Learning, Software, Robotics",481105,41516,14970,16.2,4.2,Neutral,88.12
278,Space and Biology: Latest Updates and Analysis,Science,Mina Shrestha,Insight News,2025-06-18 07:22:31.351351,"Latest developments in Biology, Discovery and Biology with important updates, analysis and current information.","This article discusses Research, Space, and Discovery. It also covers recent developments in Physics and Research. The report provides background information, current trends, key points and analysis related to science news. Readers can learn about recent changes, important events, major developments and future possibilities.","Physics, Discovery, Research, Space",130875,15577,6387,15.0,3.9,Neutral,28.86
279,Robotics and AI: Latest Updates and Analysis,Technology,Aarav Thapa,Insight News,2025-06-18 21:57:28.648648,"Latest developments in Software, Cloud and Robotics with important updates, analysis and current information.","This article discusses Cybersecurity, Machine Learning, and AI. It also covers recent developments in Cloud and Machine Learning. The report provides background information, current trends, key points and analysis related to technology news. Readers can learn about recent changes, important events, major developments and future possibilities.","AI, Cloud, Machine Learning, Cybersecurity",34989,24298,6833,5.3,2.5,Neutral,24.96
280,Economy and Finance: Latest Updates and Analysis,Business,Aarav Thapa,Daily Report,2025-06-19 12:32:25.945945,"Latest developments in Market, Investment and Startup with important updates, analysis and current information.","This article discusses Startup, Finance, and Finance. It also covers recent developments in Startup and Company. The report provides background information, current trends, key points and analysis related to business news. Readers can learn about recent changes, important events, major developments and future possibilities.","Investment, Economy, Company, Finance",307922,15015,19008,18.4,2.7,Positive,58.87
281,Minister and Election: Latest Updates and Analysis,Politics,Mina Shrestha,Insight News,2025-06-20 03:07:23.243243,"Latest developments in Law, Minister and Law with important updates, analysis and current information.","This article discusses Parliament, Election, and Parliament. It also covers recent developments in Law and Government. The report provides background information, current trends, key points and analysis related to politics news. Readers can learn about recent changes, important events, major developments and future possibilities.","Minister, Election, Law, Government",226506,25568,514,16.9,4.7,Neutral,38.58
282,Minister and Parliament: Latest Updates and Analysis,Politics,Nisha Karki,TechDaily,2025-06-20 17:42:20.540540,"Latest developments in Policy, Election and Policy with important updates, analysis and current information.","This article discusses Parliament, Parliament, and Election. It also covers recent developments in Government and Policy. The report provides background information, current trends, key points and analysis related to politics news. Readers can learn about recent changes, important events, major developments and future possibilities.","Minister, Government, Policy, Law",60362,48876,206,4.9,4.7,Neutral,35.66
283,Space and Discovery: Latest Updates and Analysis,Science,Ramesh Sharma,Global News,2025-06-21 08:17:17.837837,"Latest developments in Research, Biology and Discovery with important updates, analysis and current information.","This article discusses Biology, Discovery, and Physics. It also covers recent developments in Physics and Research. The report provides background information, current trends, key points and analysis related to science news. Readers can learn about recent changes, important events, major developments and future possibilities.","Experiment, Discovery, Research, Space",135853,26204,947,17.7,3.4,Neutral,30.32
284,Movie and Actor: Latest Updates and Analysis,Entertainment,Raj Joshi,Daily Report,2025-06-21 22:52:15.135135,"Latest developments in Series, Film and Series with important updates, analysis and current information.","This article discusses Celebrity, Film, and Series. It also covers recent developments in Movie and Actor. The report provides background information, current trends, key points and analysis related to entertainment news. Readers can learn about recent changes, important events, major developments and future possibilities.","Music, Film, Actor, Series",80391,31748,10633,6.9,4.7,Neutral,37.79
285,Startup and Market: Latest Updates and Analysis,Business,Sita Rai,Global News,2025-06-22 13:27:12.432432,"Latest developments in Finance, Company and Investment with important updates, analysis and current information.","This article discusses Investment, Economy, and Finance. It also covers recent developments in Investment and Economy. The report provides background information, current trends, key points and analysis related to business news. Readers can learn about recent changes, important events, major developments and future possibilities.","Market, Investment, Finance, Economy",66108,26267,15380,3.5,4.0,Neutral,37.81
286,Match and Tournament: Latest Updates and Analysis,Sports,Anil Gurung,Daily Report,2025-06-23 04:02:09.729729,"Latest developments in Cricket, League and League with important updates, analysis and current information.","This article discusses Football, Cricket, and Match. It also covers recent developments in Match and Player. The report provides background information, current trends, key points and analysis related to sports news. Readers can learn about recent changes, important events, major developments and future possibilities.","Football, Player, Cricket, Tournament",247647,21236,18212,13.8,4.5,Negative,55.79
287,AI and Cloud: Latest Updates and Analysis,Technology,Sita Rai,News Hub,2025-06-23 18:37:07.027027,"Latest developments in Machine Learning, Software and Cybersecurity with important updates, analysis and current information.","This article discusses Robotics, Cybersecurity, and Software. It also covers recent developments in Machine Learning and Robotics. The report provides background information, current trends, key points and analysis related to technology news. Readers can learn about recent changes, important events, major developments and future possibilities.","Robotics, Machine Learning, Cloud, AI",229589,32615,6861,13.8,3.6,Neutral,49.47
288,Healthcare and Healthcare: Latest Updates and Analysis,Health,Sita Rai,World Today,2025-06-24 09:12:04.324324,"Latest developments in Patient, Patient and Treatment with important updates, analysis and current information.","This article discusses Treatment, Disease, and Patient. It also covers recent developments in Hospital and Medicine. The report provides background information, current trends, key points and analysis related to health news. Readers can learn about recent changes, important events, major developments and future possibilities.","Healthcare, Medicine, Patient, Treatment",407006,1104,6094,3.7,2.8,Neutral,47.51
289,Machine Learning and Cloud: Latest Updates and Analysis,Technology,Bikash Adhikari,News Hub,2025-06-24 23:47:01.621621,"Latest developments in Robotics, Machine Learning and Robotics with important updates, analysis and current information.","This article discusses AI, Software, and Machine Learning. It also covers recent developments in AI and Software. The report provides background information, current trends, key points and analysis related to technology news. Readers can learn about recent changes, important events, major developments and future possibilities.","Machine Learning, Cloud, AI, Robotics",288156,17654,6345,7.7,3.6,Neutral,45.82
290,University and College: Latest Updates and Analysis,Education,Ramesh Sharma,Insight News,2025-06-25 14:21:58.918918,"Latest developments in Student, University and University with important updates, analysis and current information.","This article discusses College, College, and Education. It also covers recent developments in Student and College. The report provides background information, current trends, key points and analysis related to education news. Readers can learn about recent changes, important events, major developments and future possibilities.","School, Education, University, Learning",268717,45704,18551,19.9,3.6,Neutral,72.96
291,AI and Robotics: Latest Updates and Analysis,Technology,Bikash Adhikari,Global News,2025-06-26 04:56:56.216216,"Latest developments in Robotics, AI and AI with important updates, analysis and current information.","This article discusses Cloud, Software, and Machine Learning. It also covers recent developments in Robotics and AI. The report provides background information, current trends, key points and analysis related to technology news. Readers can learn about recent changes, important events, major developments and future possibilities.","AI, Cloud, Robotics, Cybersecurity",172470,42369,13960,14.2,3.9,Positive,56.73
292,Football and Football: Latest Updates and Analysis,Sports,Ramesh Sharma,Insight News,2025-06-26 19:31:53.513513,"Latest developments in Cricket, Football and Cricket with important updates, analysis and current information.","This article discusses Football, Match, and Player. It also covers recent developments in League and Cricket. The report provides background information, current trends, key points and analysis related to sports news. Readers can learn about recent changes, important events, major developments and future possibilities.","Cricket, Football, Match, Player",411985,3646,6532,15.1,2.8,Positive,49.97
293,Cloud and Cloud: Latest Updates and Analysis,Technology,Mina Shrestha,World Today,2025-06-27 10:06:50.810810,"Latest developments in Cloud, Machine Learning and AI with important updates, analysis and current information.","This article discusses Machine Learning, AI, and Robotics. It also covers recent developments in Cloud and AI. The report provides background information, current trends, key points and analysis related to technology news. Readers can learn about recent changes, important events, major developments and future possibilities.","Software, Robotics, Cloud, AI",361744,21471,5943,5.8,5.0,Positive,55.08
294,Finance and Investment: Latest Updates and Analysis,Business,Mina Shrestha,Daily Report,2025-06-28 00:41:48.108108,"Latest developments in Company, Economy and Market with important updates, analysis and current information.","This article discusses Market, Economy, and Startup. It also covers recent developments in Finance and Startup. The report provides background information, current trends, key points and analysis related to business news. Readers can learn about recent changes, important events, major developments and future possibilities.","Economy, Startup, Finance, Market",475314,25906,14569,3.4,3.1,Neutral,77.75
295,Finance and Startup: Latest Updates and Analysis,Business,Raj Joshi,World Today,2025-06-28 15:16:45.405405,"Latest developments in Finance, Startup and Investment with important updates, analysis and current information.","This article discusses Company, Investment, and Investment. It also covers recent developments in Investment and Economy. The report provides background information, current trends, key points and analysis related to business news. Readers can learn about recent changes, important events, major developments and future possibilities.","Company, Startup, Market, Finance",414259,21107,9848,7.0,3.0,Negative,64.02
296,Government and Law: Latest Updates and Analysis,Politics,Ramesh Sharma,TechDaily,2025-06-29 05:51:42.702702,"Latest developments in Government, Election and Minister with important updates, analysis and current information.","This article discusses Government, Parliament, and Election. It also covers recent developments in Policy and Parliament. The report provides background information, current trends, key points and analysis related to politics news. Readers can learn about recent changes, important events, major developments and future possibilities.","Election, Minister, Policy, Parliament",301029,47728,8793,6.5,3.8,Neutral,67.65
297,Research and Research: Latest Updates and Analysis,Science,Aarav Thapa,World Today,2025-06-29 20:26:40.000000,"Latest developments in Research, Research and Biology with important updates, analysis and current information.","This article discusses Biology, Biology, and Space. It also covers recent developments in Experiment and Experiment. The report provides background information, current trends, key points and analysis related to science news. Readers can learn about recent changes, important events, major developments and future possibilities.","Experiment, Research, Space, Physics",101056,14878,5439,6.2,3.8,Neutral,24.51
298,Music and Celebrity: Latest Updates and Analysis,Entertainment,Nisha Karki,TechDaily,2025-06-30 11:01:37.297297,"Latest developments in Music, Actor and Series with important updates, analysis and current information.","This article discusses Celebrity, Series, and Movie. It also covers recent developments in Series and Actor. The report provides background information, current trends, key points and analysis related to entertainment news. Readers can learn about recent changes, important events, major developments and future possibilities.","Series, Movie, Actor, Celebrity",194599,9145,1203,5.5,3.6,Negative,26.19
299,Patient and Patient: Latest Updates and Analysis,Health,Raj Joshi,World Today,2025-07-01 01:36:34.594594,"Latest developments in Medicine, Treatment and Healthcare with important updates, analysis and current information.","This article discusses Treatment, Disease, and Disease. It also covers recent developments in Healthcare and Medicine. The report provides background information, current trends, key points and analysis related to health news. Readers can learn about recent changes, important events, major developments and future possibilities.","Medicine, Treatment, Patient, Disease",193173,23042,9583,12.3,4.4,Negative,42.79
300,College and School: Latest Updates and Analysis,Education,Raj Joshi,TechDaily,2025-07-01 16:11:31.891891,"Latest developments in University, University and Education with important updates, analysis and current information.","This article discusses School, Education, and Education. It also covers recent developments in Learning and Student. The report provides background information, current trends, key points and analysis related to education news. Readers can learn about recent changes, important events, major developments and future possibilities.","School, University, Learning, College",192896,18226,14411,7.9,3.8,Neutral,44.69
301,Machine Learning and Cloud: Latest Updates and Analysis,Technology,Aarav Thapa,Global News,2025-07-02 06:46:29.189189,"Latest developments in Software, Cybersecurity and AI with important updates, analysis and current information.","This article discusses Cybersecurity, Cybersecurity, and Software. It also covers recent developments in AI and Machine Learning. The report provides background information, current trends, key points and analysis related to technology news. Readers can learn about recent changes, important events, major developments and future possibilities.","Machine Learning, Cybersecurity, Robotics, Cloud",381250,2802,13117,16.8,4.0,Positive,52.97
302,Cloud and Machine Learning: Latest Updates and Analysis,Technology,Nisha Karki,Insight News,2025-07-02 21:21:26.486486,"Latest developments in Software, Machine Learning and Cybersecurity with important updates, analysis and current information.","This article discusses AI, Software, and Software. It also covers recent developments in Machine Learning and Cloud. The report provides background information, current trends, key points and analysis related to technology news. Readers can learn about recent changes, important events, major developments and future possibilities.","Cybersecurity, Software, AI, Cloud",273076,24119,7386,5.3,4.3,Positive,49.24
303,League and Football: Latest Updates and Analysis,Sports,Bikash Adhikari,Insight News,2025-07-03 11:56:23.783783,"Latest developments in Player, Football and League with important updates, analysis and current information.","This article discusses Match, Cricket, and Match. It also covers recent developments in Tournament and Match. The report provides background information, current trends, key points and analysis related to sports news. Readers can learn about recent changes, important events, major developments and future possibilities.","Player, Cricket, Football, Tournament",398701,49133,3131,10.4,2.6,Positive,72.61
304,Space and Space: Latest Updates and Analysis,Science,Nisha Karki,News Hub,2025-07-04 02:31:21.081081,"Latest developments in Discovery, Discovery and Research with important updates, analysis and current information.","This article discusses Discovery, Discovery, and Biology. It also covers recent developments in Discovery and Experiment. The report provides background information, current trends, key points and analysis related to science news. Readers can learn about recent changes, important events, major developments and future possibilities.","Discovery, Experiment, Space, Physics",489214,27185,19050,2.2,3.9,Positive,84.39
305,Finance and Startup: Latest Updates and Analysis,Business,Bikash Adhikari,Insight News,2025-07-04 17:06:18.378378,"Latest developments in Market, Economy and Company with important updates, analysis and current information.","This article discusses Investment, Finance, and Market. It also covers recent developments in Finance and Market. The report provides background information, current trends, key points and analysis related to business news. Readers can learn about recent changes, important events, major developments and future possibilities.","Startup, Company, Market, Finance",145880,6105,16933,10.7,4.7,Positive,35.21
306,Treatment and Patient: Latest Updates and Analysis,Health,Mina Shrestha,Daily Report,2025-07-05 07:41:15.675675,"Latest developments in Disease, Treatment and Healthcare with important updates, analysis and current information.","This article discusses Medicine, Patient, and Healthcare. It also covers recent developments in Healthcare and Disease. The report provides background information, current trends, key points and analysis related to health news. Readers can learn about recent changes, important events, major developments and future possibilities.","Disease, Treatment, Medicine, Hospital",451916,2749,17628,3.0,2.5,Neutral,64.53
307,Policy and Law: Latest Updates and Analysis,Politics,Sita Rai,World Today,2025-07-05 22:16:12.972972,"Latest developments in Policy, Election and Law with important updates, analysis and current information.","This article discusses Government, Government, and Parliament. It also covers recent developments in Minister and Minister. The report provides background information, current trends, key points and analysis related to politics news. Readers can learn about recent changes, important events, major developments and future possibilities.","Parliament, Government, Law, Election",416754,49742,12078,19.6,3.5,Positive,83.74
308,Investment and Startup: Latest Updates and Analysis,Business,Mina Shrestha,News Hub,2025-07-06 12:51:10.270270,"Latest developments in Company, Investment and Investment with important updates, analysis and current information.","This article discusses Startup, Investment, and Market. It also covers recent developments in Market and Startup. The report provides background information, current trends, key points and analysis related to business news. Readers can learn about recent changes, important events, major developments and future possibilities.","Startup, Economy, Company, Market",344991,42949,6205,16.2,4.8,Positive,66.59
309,College and Student: Latest Updates and Analysis,Education,Mina Shrestha,Daily Report,2025-07-07 03:26:07.567567,"Latest developments in School, Learning and Student with important updates, analysis and current information.","This article discusses Student, University, and Education. It also covers recent developments in Learning and College. The report provides background information, current trends, key points and analysis related to education news. Readers can learn about recent changes, important events, major developments and future possibilities.","University, Education, Student, Learning",342351,34129,13869,10.8,3.4,Positive,68.68
310,Physics and Research: Latest Updates and Analysis,Science,Sita Rai,Daily Report,2025-07-07 18:01:04.864864,"Latest developments in Experiment, Experiment and Biology with important updates, analysis and current information.","This article discusses Experiment, Discovery, and Research. It also covers recent developments in Experiment and Physics. The report provides background information, current trends, key points and analysis related to science news. Readers can learn about recent changes, important events, major developments and future possibilities.","Biology, Physics, Space, Experiment",191234,24512,658,3.6,3.6,Neutral,34.55
311,Learning and University: Latest Updates and Analysis,Education,Nisha Karki,TechDaily,2025-07-08 08:36:02.162162,"Latest developments in Learning, Education and Student with important updates, analysis and current information.","This article discusses University, Learning, and University. It also covers recent developments in Learning and Education. The report provides background information, current trends, key points and analysis related to education news. Readers can learn about recent changes, important events, major developments and future possibilities.","Education, College, School, Learning",327672,36541,14382,12.7,5.0,Neutral,69.18
312,Music and Film: Latest Updates and Analysis,Entertainment,Raj Joshi,Insight News,2025-07-08 23:10:59.459459,"Latest developments in Film, Actor and Series with important updates, analysis and current information.","This article discusses Movie, Music, and Film. It also covers recent developments in Film and Music. The report provides background information, current trends, key points and analysis related to entertainment news. Readers can learn about recent changes, important events, major developments and future possibilities.","Celebrity, Music, Film, Actor",349087,13495,12122,15.7,3.0,Neutral,55.19
313,Law and Policy: Latest Updates and Analysis,Politics,Nisha Karki,Global News,2025-07-09 13:45:56.756756,"Latest developments in Law, Election and Law with important updates, analysis and current information.","This article discusses Policy, Policy, and Minister. It also covers recent developments in Minister and Election. The report provides background information, current trends, key points and analysis related to politics news. Readers can learn about recent changes, important events, major developments and future possibilities.","Parliament, Government, Policy, Law",11102,2064,11059,5.4,2.7,Positive,13.41
314,Celebrity and Series: Latest Updates and Analysis,Entertainment,Bikash Adhikari,Global News,2025-07-10 04:20:54.054054,"Latest developments in Series, Celebrity and Celebrity with important updates, analysis and current information.","This article discusses Movie, Celebrity, and Celebrity. It also covers recent developments in Film and Movie. The report provides background information, current trends, key points and analysis related to entertainment news. Readers can learn about recent changes, important events, major developments and future possibilities.","Celebrity, Music, Movie, Series",429469,30078,13335,12.2,4.6,Neutral,74.43
315,League and Tournament: Latest Updates and Analysis,Sports,Aarav Thapa,News Hub,2025-07-10 18:55:51.351351,"Latest developments in Football, League and League with important updates, analysis and current information.","This article discusses Cricket, Cricket, and Match. It also covers recent developments in Tournament and Player. The report provides background information, current trends, key points and analysis related to sports news. Readers can learn about recent changes, important events, major developments and future possibilities.","Tournament, League, Cricket, Match",415756,30011,18075,16.7,4.7,Positive,77.76
316,University and Education: Latest Updates and Analysis,Education,Bikash Adhikari,Global News,2025-07-11 09:30:48.648648,"Latest developments in Student, College and Student with important updates, analysis and current information.","This article discusses College, University, and School. It also covers recent developments in Learning and Education. The report provides background information, current trends, key points and analysis related to education news. Readers can learn about recent changes, important events, major developments and future possibilities.","College, School, Education, University",329745,5616,10417,15.8,3.7,Positive,46.81
317,Player and Match: Latest Updates and Analysis,Sports,Aarav Thapa,World Today,2025-07-12 00:05:45.945945,"Latest developments in Player, Tournament and Football with important updates, analysis and current information.","This article discusses Football, Cricket, and Cricket. It also covers recent developments in Football and Cricket. The report provides background information, current trends, key points and analysis related to sports news. Readers can learn about recent changes, important events, major developments and future possibilities.","Tournament, Football, Cricket, League",32656,7975,11258,16.5,3.8,Negative,19.33
318,AI and Machine Learning: Latest Updates and Analysis,Technology,Mina Shrestha,Global News,2025-07-12 14:40:43.243243,"Latest developments in Software, Cloud and Cloud with important updates, analysis and current information.","This article discusses Cybersecurity, Machine Learning, and Cloud. It also covers recent developments in Cybersecurity and Software. The report provides background information, current trends, key points and analysis related to technology news. Readers can learn about recent changes, important events, major developments and future possibilities.","Software, Cybersecurity, Cloud, AI",68063,10960,10139,17.8,4.6,Negative,23.55
319,Film and Music: Latest Updates and Analysis,Entertainment,Sita Rai,News Hub,2025-07-13 05:15:40.540540,"Latest developments in Celebrity, Film and Movie with important updates, analysis and current information.","This article discusses Music, Music, and Series. It also covers recent developments in Series and Celebrity. The report provides background information, current trends, key points and analysis related to entertainment news. Readers can learn about recent changes, important events, major developments and future possibilities.","Celebrity, Series, Music, Film",494461,27992,9557,18.9,4.3,Neutral,75.91
320,Research and Space: Latest Updates and Analysis,Science,Mina Shrestha,Global News,2025-07-13 19:50:37.837837,"Latest developments in Research, Experiment and Discovery with important updates, analysis and current information.","This article discusses Research, Research, and Research. It also covers recent developments in Discovery and Research. The report provides background information, current trends, key points and analysis related to science news. Readers can learn about recent changes, important events, major developments and future possibilities.","Experiment, Discovery, Biology, Physics",484041,21387,7735,9.3,3.2,Negative,69.07
321,School and Education: Latest Updates and Analysis,Education,Ramesh Sharma,World Today,2025-07-14 10:25:35.135135,"Latest developments in College, University and Education with important updates, analysis and current information.","This article discusses School, Student, and School. It also covers recent developments in College and Education. The report provides background information, current trends, key points and analysis related to education news. Readers can learn about recent changes, important events, major developments and future possibilities.","Student, College, University, Education",221846,15324,19514,12.2,2.5,Neutral,50.95
322,Disease and Hospital: Latest Updates and Analysis,Health,Nisha Karki,TechDaily,2025-07-15 01:00:32.432432,"Latest developments in Hospital, Treatment and Treatment with important updates, analysis and current information.","This article discusses Treatment, Hospital, and Patient. It also covers recent developments in Disease and Treatment. The report provides background information, current trends, key points and analysis related to health news. Readers can learn about recent changes, important events, major developments and future possibilities.","Healthcare, Disease, Patient, Medicine",6663,6243,17351,16.2,3.7,Positive,21.78
323,Government and Election: Latest Updates and Analysis,Politics,Aarav Thapa,News Hub,2025-07-15 15:35:29.729729,"Latest developments in Election, Election and Government with important updates, analysis and current information.","This article discusses Minister, Election, and Law. It also covers recent developments in Law and Government. The report provides background information, current trends, key points and analysis related to politics news. Readers can learn about recent changes, important events, major developments and future possibilities.","Election, Minister, Government, Policy",211095,32628,17788,14.5,4.6,Negative,58.56
324,Investment and Startup: Latest Updates and Analysis,Business,Bikash Adhikari,TechDaily,2025-07-16 06:10:27.027027,"Latest developments in Investment, Investment and Economy with important updates, analysis and current information.","This article discusses Finance, Market, and Market. It also covers recent developments in Economy and Company. The report provides background information, current trends, key points and analysis related to business news. Readers can learn about recent changes, important events, major developments and future possibilities.","Economy, Finance, Startup, Investment",268084,9560,9947,19.9,4.7,Positive,42.54
325,Experiment and Biology: Latest Updates and Analysis,Science,Sita Rai,TechDaily,2025-07-16 20:45:24.324324,"Latest developments in Research, Experiment and Biology with important updates, analysis and current information.","This article discusses Research, Physics, and Physics. It also covers recent developments in Experiment and Physics. The report provides background information, current trends, key points and analysis related to science news. Readers can learn about recent changes, important events, major developments and future possibilities.","Space, Discovery, Research, Biology",15254,47452,15544,2.2,4.9,Neutral,45.63
326,Research and Physics: Latest Updates and Analysis,Science,Aarav Thapa,TechDaily,2025-07-17 11:20:21.621621,"Latest developments in Research, Research and Discovery with important updates, analysis and current information.","This article discusses Discovery, Space, and Biology. It also covers recent developments in Research and Biology. The report provides background information, current trends, key points and analysis related to science news. Readers can learn about recent changes, important events, major developments and future possibilities.","Research, Space, Experiment, Biology",24294,41098,14795,8.4,4.7,Positive,41.96
327,Cricket and Player: Latest Updates and Analysis,Sports,Bikash Adhikari,Daily Report,2025-07-18 01:55:18.918918,"Latest developments in Football, Cricket and Cricket with important updates, analysis and current information.","This article discusses Cricket, Cricket, and Match. It also covers recent developments in Player and Player. The report provides background information, current trends, key points and analysis related to sports news. Readers can learn about recent changes, important events, major developments and future possibilities.","Player, Match, League, Tournament",196192,4923,19352,7.1,4.0,Neutral,41.96
328,Actor and Series: Latest Updates and Analysis,Entertainment,Nisha Karki,Insight News,2025-07-18 16:30:16.216216,"Latest developments in Actor, Series and Celebrity with important updates, analysis and current information.","This article discusses Music, Series, and Series. It also covers recent developments in Celebrity and Movie. The report provides background information, current trends, key points and analysis related to entertainment news. Readers can learn about recent changes, important events, major developments and future possibilities.","Celebrity, Series, Music, Actor",178033,39235,1579,6.7,3.6,Neutral,43.01
329,Student and Student: Latest Updates and Analysis,Education,Mina Shrestha,Daily Report,2025-07-19 07:05:13.513513,"Latest developments in Student, College and Student with important updates, analysis and current information.","This article discusses Student, College, and Education. It also covers recent developments in University and Student. The report provides background information, current trends, key points and analysis related to education news. Readers can learn about recent changes, important events, major developments and future possibilities.","University, Learning, Student, Education",153620,21325,10987,6.0,4.4,Neutral,39.2
330,University and College: Latest Updates and Analysis,Education,Nisha Karki,Insight News,2025-07-19 21:40:10.810810,"Latest developments in Learning, Learning and School with important updates, analysis and current information.","This article discusses School, Learning, and College. It also covers recent developments in Student and University. The report provides background information, current trends, key points and analysis related to education news. Readers can learn about recent changes, important events, major developments and future possibilities.","Education, University, Learning, College",489776,27949,5992,14.8,4.3,Positive,71.85
331,Cybersecurity and Cybersecurity: Latest Updates and Analysis,Technology,Anil Gurung,TechDaily,2025-07-20 12:15:08.108108,"Latest developments in Cybersecurity, AI and Cloud with important updates, analysis and current information.","This article discusses AI, AI, and Robotics. It also covers recent developments in Software and Cybersecurity. The report provides background information, current trends, key points and analysis related to technology news. Readers can learn about recent changes, important events, major developments and future possibilities.","Cloud, AI, Machine Learning, Software",285772,22821,50,3.5,3.8,Neutral,42.39
332,AI and Cybersecurity: Latest Updates and Analysis,Technology,Ramesh Sharma,News Hub,2025-07-21 02:50:05.405405,"Latest developments in Machine Learning, Robotics and Machine Learning with important updates, analysis and current information.","This article discusses AI, Machine Learning, and AI. It also covers recent developments in Cybersecurity and Cloud. The report provides background information, current trends, key points and analysis related to technology news. Readers can learn about recent changes, important events, major developments and future possibilities.","AI, Software, Robotics, Cybersecurity",422718,6076,6452,15.3,2.7,Neutral,52.43
333,Minister and Minister: Latest Updates and Analysis,Politics,Anil Gurung,Insight News,2025-07-21 17:25:02.702702,"Latest developments in Government, Law and Minister with important updates, analysis and current information.","This article discusses Minister, Law, and Parliament. It also covers recent developments in Policy and Law. The report provides background information, current trends, key points and analysis related to politics news. Readers can learn about recent changes, important events, major developments and future possibilities.","Law, Minister, Government, Parliament",266596,22032,5153,14.5,4.8,Negative,45.1
334,Football and League: Latest Updates and Analysis,Sports,Sita Rai,World Today,2025-07-22 08:00:00.000000,"Latest developments in Cricket, Match and League with important updates, analysis and current information.","This article discusses Football, Football, and Match. It also covers recent developments in League and Match. The report provides background information, current trends, key points and analysis related to sports news. Readers can learn about recent changes, important events, major developments and future possibilities.","Football, League, Match, Player",262428,8001,15340,6.5,3.6,Neutral,46.43
335,Space and Space: Latest Updates and Analysis,Science,Aarav Thapa,World Today,2025-07-22 22:34:57.297297,"Latest developments in Experiment, Space and Discovery with important updates, analysis and current information.","This article discusses Space, Discovery, and Space. It also covers recent developments in Research and Experiment. The report provides background information, current trends, key points and analysis related to science news. Readers can learn about recent changes, important events, major developments and future possibilities.","Discovery, Biology, Experiment, Research",403700,15303,13900,6.6,3.4,Neutral,63.53
336,University and University: Latest Updates and Analysis,Education,Sita Rai,Global News,2025-07-23 13:09:54.594594,"Latest developments in Student, Learning and Education with important updates, analysis and current information.","This article discusses College, Education, and Education. It also covers recent developments in College and Student. The report provides background information, current trends, key points and analysis related to education news. Readers can learn about recent changes, important events, major developments and future possibilities.","College, University, Learning, School",276563,16457,14970,13.3,4.1,Positive,52.56
337,Patient and Hospital: Latest Updates and Analysis,Health,Mina Shrestha,Insight News,2025-07-24 03:44:51.891891,"Latest developments in Treatment, Healthcare and Disease with important updates, analysis and current information.","This article discusses Treatment, Medicine, and Healthcare. It also covers recent developments in Patient and Hospital. The report provides background information, current trends, key points and analysis related to health news. Readers can learn about recent changes, important events, major developments and future possibilities.","Patient, Treatment, Hospital, Disease",120597,41443,2787,15.7,4.2,Negative,39.8
338,Cricket and Player: Latest Updates and Analysis,Sports,Bikash Adhikari,News Hub,2025-07-24 18:19:49.189189,"Latest developments in Tournament, Football and Tournament with important updates, analysis and current information.","This article discusses Cricket, Match, and League. It also covers recent developments in Player and Football. The report provides background information, current trends, key points and analysis related to sports news. Readers can learn about recent changes, important events, major developments and future possibilities.","League, Football, Tournament, Cricket",151621,12303,13381,17.8,3.0,Positive,35.97
339,Minister and Parliament: Latest Updates and Analysis,Politics,Nisha Karki,Daily Report,2025-07-25 08:54:46.486486,"Latest developments in Election, Policy and Minister with important updates, analysis and current information.","This article discusses Parliament, Policy, and Election. It also covers recent developments in Law and Election. The report provides background information, current trends, key points and analysis related to politics news. Readers can learn about recent changes, important events, major developments and future possibilities.","Policy, Parliament, Government, Election",318577,15128,15589,17.3,4.6,Positive,56.59
340,Parliament and Election: Latest Updates and Analysis,Politics,Anil Gurung,TechDaily,2025-07-25 23:29:43.783783,"Latest developments in Policy, Law and Government with important updates, analysis and current information.","This article discusses Minister, Election, and Government. It also covers recent developments in Policy and Parliament. The report provides background information, current trends, key points and analysis related to politics news. Readers can learn about recent changes, important events, major developments and future possibilities.","Minister, Law, Election, Policy",303449,18280,15839,19.4,3.2,Neutral,57.22
341,Player and League: Latest Updates and Analysis,Sports,Raj Joshi,Global News,2025-07-26 14:04:41.081081,"Latest developments in Football, Tournament and Football with important updates, analysis and current information.","This article discusses Tournament, League, and Cricket. It also covers recent developments in League and Player. The report provides background information, current trends, key points and analysis related to sports news. Readers can learn about recent changes, important events, major developments and future possibilities.","Match, Tournament, League, Cricket",10526,39427,2155,12.5,3.0,Negative,26.94
342,Government and Policy: Latest Updates and Analysis,Politics,Anil Gurung,World Today,2025-07-27 04:39:38.378378,"Latest developments in Law, Government and Policy with important updates, analysis and current information.","This article discusses Law, Minister, and Policy. It also covers recent developments in Parliament and Parliament. The report provides background information, current trends, key points and analysis related to politics news. Readers can learn about recent changes, important events, major developments and future possibilities.","Minister, Government, Policy, Law",269748,31644,7019,18.4,3.5,Positive,53.07
343,Football and Match: Latest Updates and Analysis,Sports,Mina Shrestha,Daily Report,2025-07-27 19:14:35.675675,"Latest developments in Player, Player and Cricket with important updates, analysis and current information.","This article discusses Player, Football, and Tournament. It also covers recent developments in League and Player. The report provides background information, current trends, key points and analysis related to sports news. Readers can learn about recent changes, important events, major developments and future possibilities.","League, Match, Cricket, Player",449894,38014,7607,16.6,4.3,Positive,75.53
344,Investment and Startup: Latest Updates and Analysis,Business,Anil Gurung,Daily Report,2025-07-28 09:49:32.972972,"Latest developments in Market, Investment and Market with important updates, analysis and current information.","This article discusses Investment, Startup, and Economy. It also covers recent developments in Economy and Economy. The report provides background information, current trends, key points and analysis related to business news. Readers can learn about recent changes, important events, major developments and future possibilities.","Finance, Startup, Investment, Economy",189381,6967,10928,18.1,4.9,Neutral,34.08
345,Match and Tournament: Latest Updates and Analysis,Sports,Mina Shrestha,TechDaily,2025-07-29 00:24:30.270270,"Latest developments in Match, League and Football with important updates, analysis and current information.","This article discusses Cricket, Player, and Cricket. It also covers recent developments in Tournament and Cricket. The report provides background information, current trends, key points and analysis related to sports news. Readers can learn about recent changes, important events, major developments and future possibilities.","Player, Match, Cricket, Football",116875,6661,15657,2.2,4.5,Positive,31.37
346,Celebrity and Celebrity: Latest Updates and Analysis,Entertainment,Raj Joshi,Insight News,2025-07-29 14:59:27.567567,"Latest developments in Movie, Actor and Celebrity with important updates, analysis and current information.","This article discusses Film, Film, and Film. It also covers recent developments in Celebrity and Music. The report provides background information, current trends, key points and analysis related to entertainment news. Readers can learn about recent changes, important events, major developments and future possibilities.","Actor, Celebrity, Music, Series",33468,12416,8598,19.4,4.9,Neutral,19.42
347,League and League: Latest Updates and Analysis,Sports,Sita Rai,World Today,2025-07-30 05:34:24.864864,"Latest developments in Tournament, Football and Player with important updates, analysis and current information.","This article discusses League, Player, and Cricket. It also covers recent developments in Player and Player. The report provides background information, current trends, key points and analysis related to sports news. Readers can learn about recent changes, important events, major developments and future possibilities.","Tournament, Cricket, Player, Football",499424,510,11571,10.5,2.9,Neutral,61.88
348,Parliament and Government: Latest Updates and Analysis,Politics,Nisha Karki,News Hub,2025-07-30 20:09:22.162162,"Latest developments in Election, Law and Parliament with important updates, analysis and current information.","This article discusses Policy, Election, and Parliament. It also covers recent developments in Minister and Parliament. The report provides background information, current trends, key points and analysis related to politics news. Readers can learn about recent changes, important events, major developments and future possibilities.","Policy, Election, Government, Parliament",242725,41382,16206,16.4,2.7,Neutral,65.41
349,University and Student: Latest Updates and Analysis,Education,Aarav Thapa,Daily Report,2025-07-31 10:44:19.459459,"Latest developments in Student, Student and School with important updates, analysis and current information.","This article discusses Learning, College, and Education. It also covers recent developments in College and Education. The report provides background information, current trends, key points and analysis related to education news. Readers can learn about recent changes, important events, major developments and future possibilities.","Student, University, Education, Learning",103941,35200,11887,4.3,3.9,Positive,43.48
350,Celebrity and Movie: Latest Updates and Analysis,Entertainment,Bikash Adhikari,TechDaily,2025-08-01 01:19:16.756756,"Latest developments in Movie, Music and Series with important updates, analysis and current information.","This article discusses Celebrity, Music, and Actor. It also covers recent developments in Movie and Actor. The report provides background information, current trends, key points and analysis related to entertainment news. Readers can learn about recent changes, important events, major developments and future possibilities.","Celebrity, Music, Movie, Actor",445501,1906,15028,9.1,3.2,Positive,60.78
351,Minister and Minister: Latest Updates and Analysis,Politics,Aarav Thapa,News Hub,2025-08-01 15:54:14.054054,"Latest developments in Minister, Minister and Law with important updates, analysis and current information.","This article discusses Parliament, Policy, and Policy. It also covers recent developments in Parliament and Minister. The report provides background information, current trends, key points and analysis related to politics news. Readers can learn about recent changes, important events, major developments and future possibilities.","Parliament, Minister, Government, Law",490946,25534,15975,6.9,4.6,Negative,80.49
352,Cloud and Robotics: Latest Updates and Analysis,Technology,Sita Rai,Insight News,2025-08-02 06:29:11.351351,"Latest developments in Robotics, Machine Learning and Robotics with important updates, analysis and current information.","This article discusses Robotics, Cybersecurity, and Software. It also covers recent developments in AI and Cloud. The report provides background information, current trends, key points and analysis related to technology news. Readers can learn about recent changes, important events, major developments and future possibilities.","Machine Learning, Cloud, Robotics, AI",378988,48322,13839,7.2,4.2,Negative,80.86
353,Cloud and Machine Learning: Latest Updates and Analysis,Technology,Bikash Adhikari,World Today,2025-08-02 21:04:08.648648,"Latest developments in Cloud, Cloud and Software with important updates, analysis and current information.","This article discusses Machine Learning, Software, and Software. It also covers recent developments in Robotics and Cloud. The report provides background information, current trends, key points and analysis related to technology news. Readers can learn about recent changes, important events, major developments and future possibilities.","Software, Machine Learning, Cloud, Cybersecurity",211393,16448,13919,4.2,4.9,Positive,44.98
354,University and University: Latest Updates and Analysis,Education,Anil Gurung,Insight News,2025-08-03 11:39:05.945945,"Latest developments in Education, School and School with important updates, analysis and current information.","This article discusses University, University, and University. It also covers recent developments in College and Learning. The report provides background information, current trends, key points and analysis related to education news. Readers can learn about recent changes, important events, major developments and future possibilities.","School, Student, College, Education",256183,37696,5412,16.5,3.1,Positive,53.75
355,Education and College: Latest Updates and Analysis,Education,Raj Joshi,Daily Report,2025-08-04 02:14:03.243243,"Latest developments in Student, Student and Student with important updates, analysis and current information.","This article discusses Learning, University, and University. It also covers recent developments in Education and School. The report provides background information, current trends, key points and analysis related to education news. Readers can learn about recent changes, important events, major developments and future possibilities.","School, University, Learning, Student",8824,4710,4499,2.2,3.7,Positive,8.22
356,Actor and Actor: Latest Updates and Analysis,Entertainment,Raj Joshi,News Hub,2025-08-04 16:49:00.540540,"Latest developments in Movie, Series and Actor with important updates, analysis and current information.","This article discusses Movie, Actor, and Actor. It also covers recent developments in Series and Series. The report provides background information, current trends, key points and analysis related to entertainment news. Readers can learn about recent changes, important events, major developments and future possibilities.","Series, Music, Actor, Movie",398400,44308,4909,7.6,3.8,Neutral,71.46
357,Economy and Market: Latest Updates and Analysis,Business,Ramesh Sharma,News Hub,2025-08-05 07:23:57.837837,"Latest developments in Finance, Startup and Investment with important updates, analysis and current information.","This article discusses Finance, Finance, and Market. It also covers recent developments in Startup and Market. The report provides background information, current trends, key points and analysis related to business news. Readers can learn about recent changes, important events, major developments and future possibilities.","Startup, Investment, Company, Economy",165982,38892,15478,5.1,3.1,Neutral,55.5
358,Student and School: Latest Updates and Analysis,Education,Sita Rai,News Hub,2025-08-05 21:58:55.135135,"Latest developments in Student, School and Education with important updates, analysis and current information.","This article discusses School, Student, and College. It also covers recent developments in Education and Education. The report provides background information, current trends, key points and analysis related to education news. Readers can learn about recent changes, important events, major developments and future possibilities.","Learning, Student, College, Education",475593,40605,11094,12.6,4.0,Neutral,83.15
359,Cybersecurity and AI: Latest Updates and Analysis,Technology,Sita Rai,Daily Report,2025-08-06 12:33:52.432432,"Latest developments in Software, Robotics and Cybersecurity with important updates, analysis and current information.","This article discusses Robotics, Software, and Cybersecurity. It also covers recent developments in Cybersecurity and Cybersecurity. The report provides background information, current trends, key points and analysis related to technology news. Readers can learn about recent changes, important events, major developments and future possibilities.","Robotics, Cloud, Machine Learning, AI",344541,15583,19646,6.6,3.6,Neutral,63.52
360,Tournament and Cricket: Latest Updates and Analysis,Sports,Nisha Karki,Daily Report,2025-08-07 03:08:49.729729,"Latest developments in Cricket, League and Match with important updates, analysis and current information.","This article discusses Match, Cricket, and Cricket. It also covers recent developments in Match and Football. The report provides background information, current trends, key points and analysis related to sports news. Readers can learn about recent changes, important events, major developments and future possibilities.","Cricket, League, Tournament, Football",387343,17184,19373,6.7,3.6,Neutral,68.5
361,Election and Law: Latest Updates and Analysis,Politics,Aarav Thapa,Insight News,2025-08-07 17:43:47.027027,"Latest developments in Parliament, Policy and Policy with important updates, analysis and current information.","This article discusses Law, Policy, and Law. It also covers recent developments in Policy and Law. The report provides background information, current trends, key points and analysis related to politics news. Readers can learn about recent changes, important events, major developments and future possibilities.","Parliament, Policy, Government, Minister",78972,24853,7654,10.8,3.4,Negative,30.52
362,Robotics and Cloud: Latest Updates and Analysis,Technology,Sita Rai,Global News,2025-08-08 08:18:44.324324,"Latest developments in Robotics, Machine Learning and AI with important updates, analysis and current information.","This article discusses AI, Robotics, and Robotics. It also covers recent developments in Software and Robotics. The report provides background information, current trends, key points and analysis related to technology news. Readers can learn about recent changes, important events, major developments and future possibilities.","Robotics, Software, Machine Learning, Cloud",414188,6109,15982,13.7,2.5,Positive,61.13
363,Software and Cloud: Latest Updates and Analysis,Technology,Sita Rai,Insight News,2025-08-08 22:53:41.621621,"Latest developments in Software, Cybersecurity and Machine Learning with important updates, analysis and current information.","This article discusses Software, Machine Learning, and Cloud. It also covers recent developments in Robotics and Machine Learning. The report provides background information, current trends, key points and analysis related to technology news. Readers can learn about recent changes, important events, major developments and future possibilities.","Cybersecurity, Cloud, Software, Machine Learning",472266,42677,18608,4.2,3.8,Positive,91.57
364,Investment and Economy: Latest Updates and Analysis,Business,Anil Gurung,World Today,2025-08-09 13:28:38.918918,"Latest developments in Economy, Investment and Finance with important updates, analysis and current information.","This article discusses Startup, Company, and Company. It also covers recent developments in Market and Finance. The report provides background information, current trends, key points and analysis related to business news. Readers can learn about recent changes, important events, major developments and future possibilities.","Finance, Startup, Company, Market",70433,6659,2920,5.2,3.3,Positive,13.98
365,Movie and Film: Latest Updates and Analysis,Entertainment,Anil Gurung,TechDaily,2025-08-10 04:03:36.216216,"Latest developments in Movie, Movie and Film with important updates, analysis and current information.","This article discusses Film, Film, and Movie. It also covers recent developments in Actor and Film. The report provides background information, current trends, key points and analysis related to entertainment news. Readers can learn about recent changes, important events, major developments and future possibilities.","Actor, Movie, Music, Film",200015,1238,5615,6.4,2.5,Negative,26.39
366,Celebrity and Music: Latest Updates and Analysis,Entertainment,Bikash Adhikari,News Hub,2025-08-10 18:38:33.513513,"Latest developments in Film, Celebrity and Actor with important updates, analysis and current information.","This article discusses Film, Series, and Music. It also covers recent developments in Actor and Celebrity. The report provides background information, current trends, key points and analysis related to entertainment news. Readers can learn about recent changes, important events, major developments and future possibilities.","Series, Music, Movie, Celebrity",229276,15064,4315,19.5,3.3,Neutral,36.33
367,Experiment and Physics: Latest Updates and Analysis,Science,Mina Shrestha,Global News,2025-08-11 09:13:30.810810,"Latest developments in Space, Biology and Physics with important updates, analysis and current information.","This article discusses Space, Physics, and Biology. It also covers recent developments in Discovery and Space. The report provides background information, current trends, key points and analysis related to science news. Readers can learn about recent changes, important events, major developments and future possibilities.","Experiment, Biology, Space, Discovery",2696,31115,12460,9.1,3.2,Neutral,31.46
368,Investment and Investment: Latest Updates and Analysis,Business,Mina Shrestha,TechDaily,2025-08-11 23:48:28.108108,"Latest developments in Company, Startup and Investment with important updates, analysis and current information.","This article discusses Investment, Startup, and Finance. It also covers recent developments in Company and Finance. The report provides background information, current trends, key points and analysis related to business news. Readers can learn about recent changes, important events, major developments and future possibilities.","Economy, Market, Company, Investment",279411,31952,2783,12.8,3.5,Positive,49.98
369,Football and Player: Latest Updates and Analysis,Sports,Ramesh Sharma,Global News,2025-08-12 14:23:25.405405,"Latest developments in Football, Cricket and Cricket with important updates, analysis and current information.","This article discusses Tournament, Cricket, and League. It also covers recent developments in Match and Match. The report provides background information, current trends, key points and analysis related to sports news. Readers can learn about recent changes, important events, major developments and future possibilities.","Tournament, Football, League, Cricket",87944,5620,9605,6.3,2.8,Positive,21.79
370,Music and Film: Latest Updates and Analysis,Entertainment,Mina Shrestha,Insight News,2025-08-13 04:58:22.702702,"Latest developments in Movie, Film and Music with important updates, analysis and current information.","This article discusses Film, Actor, and Film. It also covers recent developments in Series and Movie. The report provides background information, current trends, key points and analysis related to entertainment news. Readers can learn about recent changes, important events, major developments and future possibilities.","Actor, Music, Celebrity, Series",248239,34254,12789,10.8,3.8,Positive,58.26
371,Policy and Government: Latest Updates and Analysis,Politics,Nisha Karki,Daily Report,2025-08-13 19:33:20.000000,"Latest developments in Policy, Law and Policy with important updates, analysis and current information.","This article discusses Government, Election, and Law. It also covers recent developments in Election and Government. The report provides background information, current trends, key points and analysis related to politics news. Readers can learn about recent changes, important events, major developments and future possibilities.","Election, Government, Parliament, Minister",89851,37449,11840,3.3,4.2,Neutral,43.37
372,Learning and College: Latest Updates and Analysis,Education,Ramesh Sharma,News Hub,2025-08-14 10:08:17.297297,"Latest developments in Student, School and University with important updates, analysis and current information.","This article discusses Learning, College, and University. It also covers recent developments in Education and University. The report provides background information, current trends, key points and analysis related to education news. Readers can learn about recent changes, important events, major developments and future possibilities.","Education, School, College, Student",129917,44258,19192,2.6,4.1,Positive,58.84
373,Company and Startup: Latest Updates and Analysis,Business,Bikash Adhikari,Insight News,2025-08-15 00:43:14.594594,"Latest developments in Company, Economy and Market with important updates, analysis and current information.","This article discusses Company, Economy, and Finance. It also covers recent developments in Company and Investment. The report provides background information, current trends, key points and analysis related to business news. Readers can learn about recent changes, important events, major developments and future possibilities.","Company, Economy, Investment, Startup",470647,4470,3331,10.4,4.5,Positive,53.14
374,University and University: Latest Updates and Analysis,Education,Anil Gurung,TechDaily,2025-08-15 15:18:11.891891,"Latest developments in College, Student and College with important updates, analysis and current information.","This article discusses College, College, and University. It also covers recent developments in School and Education. The report provides background information, current trends, key points and analysis related to education news. Readers can learn about recent changes, important events, major developments and future possibilities.","School, University, College, Student",80620,22003,18562,9.2,3.6,Neutral,39.88
375,Robotics and Machine Learning: Latest Updates and Analysis,Technology,Mina Shrestha,TechDaily,2025-08-16 05:53:09.189189,"Latest developments in Robotics, Robotics and Machine Learning with important updates, analysis and current information.","This article discusses Cybersecurity, Cloud, and Software. It also covers recent developments in Cybersecurity and Machine Learning. The report provides background information, current trends, key points and analysis related to technology news. Readers can learn about recent changes, important events, major developments and future possibilities.","Software, Machine Learning, Cloud, AI",58426,27571,17181,4.5,3.8,Positive,39.62
376,Minister and Policy: Latest Updates and Analysis,Politics,Aarav Thapa,TechDaily,2025-08-16 20:28:06.486486,"Latest developments in Government, Election and Policy with important updates, analysis and current information.","This article discusses Election, Policy, and Parliament. It also covers recent developments in Policy and Parliament. The report provides background information, current trends, key points and analysis related to politics news. Readers can learn about recent changes, important events, major developments and future possibilities.","Parliament, Policy, Minister, Government",77770,24668,2846,14.4,4.5,Neutral,25.48
377,Election and Law: Latest Updates and Analysis,Politics,Anil Gurung,TechDaily,2025-08-17 11:03:03.783783,"Latest developments in Election, Parliament and Parliament with important updates, analysis and current information.","This article discusses Parliament, Minister, and Law. It also covers recent developments in Election and Election. The report provides background information, current trends, key points and analysis related to politics news. Readers can learn about recent changes, important events, major developments and future possibilities.","Election, Government, Law, Parliament",141954,11723,929,19.9,3.6,Positive,22.2
378,AI and Cloud: Latest Updates and Analysis,Technology,Raj Joshi,TechDaily,2025-08-18 01:38:01.081081,"Latest developments in Cloud, Software and Machine Learning with important updates, analysis and current information.","This article discusses Software, Machine Learning, and AI. It also covers recent developments in Software and Machine Learning. The report provides background information, current trends, key points and analysis related to technology news. Readers can learn about recent changes, important events, major developments and future possibilities.","Robotics, Software, Cybersecurity, Cloud",173174,46656,4818,9.1,4.3,Negative,50.23
379,Startup and Investment: Latest Updates and Analysis,Business,Nisha Karki,Global News,2025-08-18 16:12:58.378378,"Latest developments in Startup, Market and Startup with important updates, analysis and current information.","This article discusses Market, Economy, and Finance. It also covers recent developments in Market and Investment. The report provides background information, current trends, key points and analysis related to business news. Readers can learn about recent changes, important events, major developments and future possibilities.","Startup, Company, Economy, Market",218359,31040,19475,13.2,3.6,Neutral,60.02
380,Machine Learning and AI: Latest Updates and Analysis,Technology,Anil Gurung,Insight News,2025-08-19 06:47:55.675675,"Latest developments in Cybersecurity, AI and Cloud with important updates, analysis and current information.","This article discusses Robotics, Cybersecurity, and AI. It also covers recent developments in Software and Software. The report provides background information, current trends, key points and analysis related to technology news. Readers can learn about recent changes, important events, major developments and future possibilities.","Software, Cloud, AI, Machine Learning",24122,39945,2262,19.3,3.5,Negative,28.72
381,Student and College: Latest Updates and Analysis,Education,Nisha Karki,News Hub,2025-08-19 21:22:52.972972,"Latest developments in University, College and College with important updates, analysis and current information.","This article discusses College, University, and Student. It also covers recent developments in Student and University. The report provides background information, current trends, key points and analysis related to education news. Readers can learn about recent changes, important events, major developments and future possibilities.","Education, University, School, College",84558,45969,12775,17.0,4.4,Neutral,48.91
382,Space and Physics: Latest Updates and Analysis,Science,Nisha Karki,Daily Report,2025-08-20 11:57:50.270270,"Latest developments in Space, Biology and Biology with important updates, analysis and current information.","This article discusses Discovery, Physics, and Experiment. It also covers recent developments in Research and Space. The report provides background information, current trends, key points and analysis related to science news. Readers can learn about recent changes, important events, major developments and future possibilities.","Discovery, Physics, Research, Space",407934,32046,7549,10.3,2.9,Negative,67.68
383,Government and Law: Latest Updates and Analysis,Politics,Nisha Karki,Daily Report,2025-08-21 02:32:47.567567,"Latest developments in Policy, Government and Law with important updates, analysis and current information.","This article discusses Parliament, Law, and Law. It also covers recent developments in Parliament and Minister. The report provides background information, current trends, key points and analysis related to politics news. Readers can learn about recent changes, important events, major developments and future possibilities.","Law, Policy, Minister, Parliament",148417,5441,19864,15.3,3.3,Negative,38.0
384,Healthcare and Treatment: Latest Updates and Analysis,Health,Bikash Adhikari,Insight News,2025-08-21 17:07:44.864864,"Latest developments in Healthcare, Medicine and Patient with important updates, analysis and current information.","This article discusses Healthcare, Medicine, and Disease. It also covers recent developments in Medicine and Hospital. The report provides background information, current trends, key points and analysis related to health news. Readers can learn about recent changes, important events, major developments and future possibilities.","Medicine, Patient, Disease, Healthcare",83896,11719,19726,4.3,3.1,Neutral,35.18
385,Hospital and Disease: Latest Updates and Analysis,Health,Nisha Karki,Insight News,2025-08-22 07:42:42.162162,"Latest developments in Disease, Medicine and Treatment with important updates, analysis and current information.","This article discusses Patient, Patient, and Disease. It also covers recent developments in Disease and Hospital. The report provides background information, current trends, key points and analysis related to health news. Readers can learn about recent changes, important events, major developments and future possibilities.","Hospital, Medicine, Patient, Treatment",403343,5397,9409,11.2,3.4,Negative,53.04
386,Education and Student: Latest Updates and Analysis,Education,Nisha Karki,Daily Report,2025-08-22 22:17:39.459459,"Latest developments in School, University and School with important updates, analysis and current information.","This article discusses Learning, Student, and Education. It also covers recent developments in College and School. The report provides background information, current trends, key points and analysis related to education news. Readers can learn about recent changes, important events, major developments and future possibilities.","University, College, Learning, Education",407302,34389,9656,7.0,3.1,Neutral,71.13
387,Player and Football: Latest Updates and Analysis,Sports,Raj Joshi,Daily Report,2025-08-23 12:52:36.756756,"Latest developments in Tournament, League and Match with important updates, analysis and current information.","This article discusses Cricket, Match, and Football. It also covers recent developments in Cricket and Cricket. The report provides background information, current trends, key points and analysis related to sports news. Readers can learn about recent changes, important events, major developments and future possibilities.","Football, Player, Match, Cricket",110804,17945,4174,4.9,3.9,Neutral,26.07
388,Film and Series: Latest Updates and Analysis,Entertainment,Aarav Thapa,Global News,2025-08-24 03:27:34.054054,"Latest developments in Celebrity, Series and Movie with important updates, analysis and current information.","This article discusses Film, Series, and Celebrity. It also covers recent developments in Film and Movie. The report provides background information, current trends, key points and analysis related to entertainment news. Readers can learn about recent changes, important events, major developments and future possibilities.","Film, Movie, Actor, Celebrity",396842,22233,4770,9.7,4.5,Positive,57.88
389,Machine Learning and Machine Learning: Latest Updates and Analysis,Technology,Ramesh Sharma,World Today,2025-08-24 18:02:31.351351,"Latest developments in Cybersecurity, Robotics and Cloud with important updates, analysis and current information.","This article discusses Robotics, Cybersecurity, and Cloud. It also covers recent developments in Software and Software. The report provides background information, current trends, key points and analysis related to technology news. Readers can learn about recent changes, important events, major developments and future possibilities.","Robotics, Cybersecurity, Machine Learning, Cloud",222969,17800,5833,4.4,4.5,Neutral,38.87
390,Software and Cybersecurity: Latest Updates and Analysis,Technology,Sita Rai,News Hub,2025-08-25 08:37:28.648648,"Latest developments in Machine Learning, Machine Learning and Robotics with important updates, analysis and current information.","This article discusses AI, Software, and Cybersecurity. It also covers recent developments in AI and Robotics. The report provides background information, current trends, key points and analysis related to technology news. Readers can learn about recent changes, important events, major developments and future possibilities.","Cloud, Software, Cybersecurity, AI",306605,4190,18677,14.6,3.4,Neutral,51.9
391,League and Football: Latest Updates and Analysis,Sports,Raj Joshi,TechDaily,2025-08-25 23:12:25.945945,"Latest developments in Tournament, League and Football with important updates, analysis and current information.","This article discusses Match, Football, and League. It also covers recent developments in Football and Cricket. The report provides background information, current trends, key points and analysis related to sports news. Readers can learn about recent changes, important events, major developments and future possibilities.","Player, Football, Match, League",460474,37822,2045,10.2,5.0,Neutral,70.91
392,Tournament and Tournament: Latest Updates and Analysis,Sports,Ramesh Sharma,World Today,2025-08-26 13:47:23.243243,"Latest developments in Match, Football and Cricket with important updates, analysis and current information.","This article discusses Cricket, Football, and Player. It also covers recent developments in Cricket and Match. The report provides background information, current trends, key points and analysis related to sports news. Readers can learn about recent changes, important events, major developments and future possibilities.","Football, Tournament, Player, League",300530,1130,1037,11.6,4.0,Positive,31.8
393,School and Student: Latest Updates and Analysis,Education,Nisha Karki,Insight News,2025-08-27 04:22:20.540540,"Latest developments in Learning, Education and School with important updates, analysis and current information.","This article discusses Education, University, and College. It also covers recent developments in School and Student. The report provides background information, current trends, key points and analysis related to education news. Readers can learn about recent changes, important events, major developments and future possibilities.","Learning, Student, College, Education",29633,14071,6242,4.6,3.5,Neutral,17.68
394,University and College: Latest Updates and Analysis,Education,Aarav Thapa,Daily Report,2025-08-27 18:57:17.837837,"Latest developments in Student, University and University with important updates, analysis and current information.","This article discusses University, Education, and Education. It also covers recent developments in College and Education. The report provides background information, current trends, key points and analysis related to education news. Readers can learn about recent changes, important events, major developments and future possibilities.","Education, Learning, School, College",232133,19981,9651,4.5,4.6,Positive,44.92
395,Football and League: Latest Updates and Analysis,Sports,Anil Gurung,World Today,2025-08-28 09:32:15.135135,"Latest developments in Player, Cricket and Match with important updates, analysis and current information.","This article discusses League, Player, and Player. It also covers recent developments in Player and Football. The report provides background information, current trends, key points and analysis related to sports news. Readers can learn about recent changes, important events, major developments and future possibilities.","League, Player, Football, Match",149488,44704,12321,12.5,4.3,Neutral,54.19
396,Minister and Parliament: Latest Updates and Analysis,Politics,Aarav Thapa,News Hub,2025-08-29 00:07:12.432432,"Latest developments in Policy, Parliament and Law with important updates, analysis and current information.","This article discusses Law, Law, and Law. It also covers recent developments in Minister and Parliament. The report provides background information, current trends, key points and analysis related to politics news. Readers can learn about recent changes, important events, major developments and future possibilities.","Minister, Law, Policy, Parliament",139871,2118,6162,19.7,4.4,Positive,21.44
397,School and Learning: Latest Updates and Analysis,Education,Raj Joshi,Insight News,2025-08-29 14:42:09.729729,"Latest developments in Student, College and College with important updates, analysis and current information.","This article discusses University, College, and University. It also covers recent developments in School and School. The report provides background information, current trends, key points and analysis related to education news. Readers can learn about recent changes, important events, major developments and future possibilities.","Education, Student, College, Learning",210663,663,4073,3.7,3.0,Negative,25.56
398,Discovery and Experiment: Latest Updates and Analysis,Science,Nisha Karki,TechDaily,2025-08-30 05:17:07.027027,"Latest developments in Research, Biology and Research with important updates, analysis and current information.","This article discusses Experiment, Biology, and Experiment. It also covers recent developments in Discovery and Research. The report provides background information, current trends, key points and analysis related to science news. Readers can learn about recent changes, important events, major developments and future possibilities.","Biology, Discovery, Research, Physics",127541,15735,17667,7.1,3.7,Positive,39.91
399,University and Education: Latest Updates and Analysis,Education,Aarav Thapa,TechDaily,2025-08-30 19:52:04.324324,"Latest developments in Student, Learning and Learning with important updates, analysis and current information.","This article discusses School, University, and School. It also covers recent developments in Learning and Learning. The report provides background information, current trends, key points and analysis related to education news. Readers can learn about recent changes, important events, major developments and future possibilities.","Learning, School, University, Education",359323,19158,16035,17.7,4.7,Positive,63.54
400,Cybersecurity and Cybersecurity: Latest Updates and Analysis,Technology,Mina Shrestha,News Hub,2025-08-31 10:27:01.621621,"Latest developments in Machine Learning, Cloud and Cloud with important updates, analysis and current information.","This article discusses Cloud, Machine Learning, and Cloud. It also covers recent developments in Cloud and Machine Learning. The report provides background information, current trends, key points and analysis related to technology news. Readers can learn about recent changes, important events, major developments and future possibilities.","Machine Learning, Cybersecurity, Cloud, AI",101060,31087,6732,3.3,3.8,Negative,35.56
401,School and School: Latest Updates and Analysis,Education,Aarav Thapa,News Hub,2025-09-01 01:01:58.918918,"Latest developments in Learning, Student and Learning with important updates, analysis and current information.","This article discusses Education, Student, and School. It also covers recent developments in Learning and School. The report provides background information, current trends, key points and analysis related to education news. Readers can learn about recent changes, important events, major developments and future possibilities.","School, Student, University, Education",58565,22578,3487,17.8,4.2,Neutral,22.94
402,Parliament and Policy: Latest Updates and Analysis,Politics,Nisha Karki,Daily Report,2025-09-01 15:36:56.216216,"Latest developments in Law, Minister and Minister with important updates, analysis and current information.","This article discusses Policy, Government, and Law. It also covers recent developments in Election and Government. The report provides background information, current trends, key points and analysis related to politics news. Readers can learn about recent changes, important events, major developments and future possibilities.","Law, Minister, Government, Election",147845,19874,2184,11.4,4.0,Positive,28.95
403,Match and Cricket: Latest Updates and Analysis,Sports,Bikash Adhikari,TechDaily,2025-09-02 06:11:53.513513,"Latest developments in Football, Player and Cricket with important updates, analysis and current information.","This article discusses Football, Football, and Player. It also covers recent developments in Player and Tournament. The report provides background information, current trends, key points and analysis related to sports news. Readers can learn about recent changes, important events, major developments and future possibilities.","Player, Tournament, Match, Football",285639,42531,13890,9.3,4.6,Neutral,68.08
404,Software and AI: Latest Updates and Analysis,Technology,Mina Shrestha,Insight News,2025-09-02 20:46:50.810810,"Latest developments in AI, Cybersecurity and Software with important updates, analysis and current information.","This article discusses Machine Learning, AI, and AI. It also covers recent developments in AI and AI. The report provides background information, current trends, key points and analysis related to technology news. Readers can learn about recent changes, important events, major developments and future possibilities.","Cybersecurity, Software, Cloud, AI",104262,17907,19571,7.6,3.2,Positive,40.79
405,Education and Student: Latest Updates and Analysis,Education,Aarav Thapa,World Today,2025-09-03 11:21:48.108108,"Latest developments in Education, Student and University with important updates, analysis and current information.","This article discusses Student, Education, and Education. It also covers recent developments in University and Learning. The report provides background information, current trends, key points and analysis related to education news. Readers can learn about recent changes, important events, major developments and future possibilities.","Education, College, School, University",130804,40821,9417,7.3,3.9,Negative,47.08
406,Parliament and Parliament: Latest Updates and Analysis,Politics,Sita Rai,Insight News,2025-09-04 01:56:45.405405,"Latest developments in Policy, Policy and Election with important updates, analysis and current information.","This article discusses Election, Law, and Government. It also covers recent developments in Law and Policy. The report provides background information, current trends, key points and analysis related to politics news. Readers can learn about recent changes, important events, major developments and future possibilities.","Law, Policy, Government, Parliament",154879,22787,5495,7.5,2.8,Neutral,34.71
407,Physics and Space: Latest Updates and Analysis,Science,Sita Rai,Global News,2025-09-04 16:31:42.702702,"Latest developments in Discovery, Physics and Discovery with important updates, analysis and current information.","This article discusses Discovery, Experiment, and Biology. It also covers recent developments in Physics and Discovery. The report provides background information, current trends, key points and analysis related to science news. Readers can learn about recent changes, important events, major developments and future possibilities.","Research, Experiment, Physics, Biology",478065,21705,18681,17.9,4.2,Positive,79.61
408,Education and Education: Latest Updates and Analysis,Education,Aarav Thapa,Global News,2025-09-05 07:06:40.000000,"Latest developments in Learning, Education and University with important updates, analysis and current information.","This article discusses University, Education, and Student. It also covers recent developments in University and University. The report provides background information, current trends, key points and analysis related to education news. Readers can learn about recent changes, important events, major developments and future possibilities.","Learning, Student, School, University",76037,3845,14781,15.0,4.3,Neutral,24.71
409,Law and Policy: Latest Updates and Analysis,Politics,Bikash Adhikari,News Hub,2025-09-05 21:41:37.297297,"Latest developments in Election, Law and Government with important updates, analysis and current information.","This article discusses Law, Minister, and Parliament. It also covers recent developments in Government and Election. The report provides background information, current trends, key points and analysis related to politics news. Readers can learn about recent changes, important events, major developments and future possibilities.","Election, Government, Law, Parliament",129747,46264,7097,14.1,2.6,Positive,47.93
410,Discovery and Experiment: Latest Updates and Analysis,Science,Anil Gurung,Daily Report,2025-09-06 12:16:34.594594,"Latest developments in Space, Discovery and Space with important updates, analysis and current information.","This article discusses Discovery, Physics, and Biology. It also covers recent developments in Physics and Space. The report provides background information, current trends, key points and analysis related to science news. Readers can learn about recent changes, important events, major developments and future possibilities.","Physics, Discovery, Biology, Experiment",120750,39069,8469,16.4,4.2,Neutral,44.07
411,Player and Player: Latest Updates and Analysis,Sports,Nisha Karki,Global News,2025-09-07 02:51:31.891891,"Latest developments in Tournament, Football and Tournament with important updates, analysis and current information.","This article discusses League, Cricket, and Football. It also covers recent developments in Football and Cricket. The report provides background information, current trends, key points and analysis related to sports news. Readers can learn about recent changes, important events, major developments and future possibilities.","Tournament, Match, Player, Football",392988,44653,12399,6.6,3.5,Negative,78.62
412,Education and Education: Latest Updates and Analysis,Education,Sita Rai,TechDaily,2025-09-07 17:26:29.189189,"Latest developments in School, Education and Learning with important updates, analysis and current information.","This article discusses Learning, Learning, and University. It also covers recent developments in School and University. The report provides background information, current trends, key points and analysis related to education news. Readers can learn about recent changes, important events, major developments and future possibilities.","College, Education, School, University",217904,16482,16202,13.1,2.8,Negative,47.94
413,Physics and Biology: Latest Updates and Analysis,Science,Anil Gurung,Insight News,2025-09-08 08:01:26.486486,"Latest developments in Research, Research and Research with important updates, analysis and current information.","This article discusses Research, Space, and Discovery. It also covers recent developments in Discovery and Space. The report provides background information, current trends, key points and analysis related to science news. Readers can learn about recent changes, important events, major developments and future possibilities.","Space, Research, Experiment, Biology",187588,35056,19928,10.3,3.5,Neutral,59.81
414,AI and AI: Latest Updates and Analysis,Technology,Aarav Thapa,Insight News,2025-09-08 22:36:23.783783,"Latest developments in Machine Learning, Robotics and Machine Learning with important updates, analysis and current information.","This article discusses Cybersecurity, Cybersecurity, and Software. It also covers recent developments in AI and Cybersecurity. The report provides background information, current trends, key points and analysis related to technology news. Readers can learn about recent changes, important events, major developments and future possibilities.","Cybersecurity, Machine Learning, Cloud, Software",353756,26090,10985,16.1,3.0,Neutral,62.1
415,League and Cricket: Latest Updates and Analysis,Sports,Raj Joshi,News Hub,2025-09-09 13:11:21.081081,"Latest developments in Match, Football and League with important updates, analysis and current information.","This article discusses Cricket, Tournament, and Match. It also covers recent developments in Football and League. The report provides background information, current trends, key points and analysis related to sports news. Readers can learn about recent changes, important events, major developments and future possibilities.","Football, Tournament, League, Cricket",139930,20681,6831,7.6,3.5,Positive,33.29
416,Robotics and Robotics: Latest Updates and Analysis,Technology,Anil Gurung,World Today,2025-09-10 03:46:18.378378,"Latest developments in Robotics, Software and Cloud with important updates, analysis and current information.","This article discusses Software, AI, and Cloud. It also covers recent developments in Cloud and Cloud. The report provides background information, current trends, key points and analysis related to technology news. Readers can learn about recent changes, important events, major developments and future possibilities.","Cybersecurity, AI, Machine Learning, Robotics",67109,32252,16775,13.6,3.5,Neutral,42.9
417,Healthcare and Disease: Latest Updates and Analysis,Health,Mina Shrestha,News Hub,2025-09-10 18:21:15.675675,"Latest developments in Patient, Healthcare and Healthcare with important updates, analysis and current information.","This article discusses Treatment, Medicine, and Disease. It also covers recent developments in Patient and Treatment. The report provides background information, current trends, key points and analysis related to health news. Readers can learn about recent changes, important events, major developments and future possibilities.","Patient, Hospital, Healthcare, Medicine",406597,7796,968,17.9,4.3,Neutral,46.37
418,Company and Startup: Latest Updates and Analysis,Business,Ramesh Sharma,World Today,2025-09-11 08:56:12.972972,"Latest developments in Company, Finance and Economy with important updates, analysis and current information.","This article discusses Economy, Investment, and Startup. It also covers recent developments in Market and Startup. The report provides background information, current trends, key points and analysis related to business news. Readers can learn about recent changes, important events, major developments and future possibilities.","Investment, Economy, Market, Company",259288,7263,10382,9.2,4.4,Neutral,40.71
419,Student and College: Latest Updates and Analysis,Education,Sita Rai,News Hub,2025-09-11 23:31:10.270270,"Latest developments in School, Education and School with important updates, analysis and current information.","This article discusses Student, Education, and Student. It also covers recent developments in Education and Learning. The report provides background information, current trends, key points and analysis related to education news. Readers can learn about recent changes, important events, major developments and future possibilities.","School, Learning, Student, University",245440,12777,5151,3.2,4.0,Negative,37.41
420,Physics and Research: Latest Updates and Analysis,Science,Aarav Thapa,News Hub,2025-09-12 14:06:07.567567,"Latest developments in Experiment, Discovery and Experiment with important updates, analysis and current information.","This article discusses Discovery, Space, and Experiment. It also covers recent developments in Experiment and Research. The report provides background information, current trends, key points and analysis related to science news. Readers can learn about recent changes, important events, major developments and future possibilities.","Experiment, Research, Biology, Physics",32648,41538,10818,11.3,2.6,Positive,39.08
421,Investment and Investment: Latest Updates and Analysis,Business,Raj Joshi,News Hub,2025-09-13 04:41:04.864864,"Latest developments in Startup, Company and Company with important updates, analysis and current information.","This article discusses Investment, Startup, and Market. It also covers recent developments in Company and Market. The report provides background information, current trends, key points and analysis related to business news. Readers can learn about recent changes, important events, major developments and future possibilities.","Finance, Startup, Investment, Market",18471,20343,19691,8.2,4.8,Positive,33.79
422,Economy and Company: Latest Updates and Analysis,Business,Nisha Karki,World Today,2025-09-13 19:16:02.162162,"Latest developments in Economy, Company and Economy with important updates, analysis and current information.","This article discusses Finance, Investment, and Company. It also covers recent developments in Company and Startup. The report provides background information, current trends, key points and analysis related to business news. Readers can learn about recent changes, important events, major developments and future possibilities.","Startup, Company, Economy, Finance",487215,40153,10792,14.1,4.2,Positive,83.73
423,Research and Physics: Latest Updates and Analysis,Science,Raj Joshi,World Today,2025-09-14 09:50:59.459459,"Latest developments in Physics, Discovery and Research with important updates, analysis and current information.","This article discusses Biology, Space, and Discovery. It also covers recent developments in Research and Physics. The report provides background information, current trends, key points and analysis related to science news. Readers can learn about recent changes, important events, major developments and future possibilities.","Biology, Research, Experiment, Physics",470909,14862,6125,19.1,2.6,Positive,62.21
424,Tournament and Football: Latest Updates and Analysis,Sports,Bikash Adhikari,News Hub,2025-09-15 00:25:56.756756,"Latest developments in Match, Player and Tournament with important updates, analysis and current information.","This article discusses League, Match, and Cricket. It also covers recent developments in Tournament and Football. The report provides background information, current trends, key points and analysis related to sports news. Readers can learn about recent changes, important events, major developments and future possibilities.","Football, League, Match, Player",368221,41232,4370,10.7,4.5,Positive,66.05
425,University and Student: Latest Updates and Analysis,Education,Mina Shrestha,Global News,2025-09-15 15:00:54.054054,"Latest developments in Education, Learning and Education with important updates, analysis and current information.","This article discusses Student, Education, and Education. It also covers recent developments in Learning and Learning. The report provides background information, current trends, key points and analysis related to education news. Readers can learn about recent changes, important events, major developments and future possibilities.","University, Education, Student, College",150816,37649,4838,10.4,3.0,Neutral,42.59
426,Hospital and Patient: Latest Updates and Analysis,Health,Aarav Thapa,Daily Report,2025-09-16 05:35:51.351351,"Latest developments in Medicine, Healthcare and Healthcare with important updates, analysis and current information.","This article discusses Healthcare, Hospital, and Medicine. It also covers recent developments in Hospital and Hospital. The report provides background information, current trends, key points and analysis related to health news. Readers can learn about recent changes, important events, major developments and future possibilities.","Disease, Treatment, Hospital, Medicine",224831,48786,16175,13.8,3.9,Neutral,68.04
427,Robotics and Cloud: Latest Updates and Analysis,Technology,Nisha Karki,Daily Report,2025-09-16 20:10:48.648648,"Latest developments in Machine Learning, Machine Learning and Cloud with important updates, analysis and current information.","This article discusses Cybersecurity, AI, and AI. It also covers recent developments in Machine Learning and Cybersecurity. The report provides background information, current trends, key points and analysis related to technology news. Readers can learn about recent changes, important events, major developments and future possibilities.","Cloud, Robotics, Machine Learning, AI",155046,15691,3134,3.9,3.7,Positive,28.1
428,Minister and Policy: Latest Updates and Analysis,Politics,Bikash Adhikari,Daily Report,2025-09-17 10:45:45.945945,"Latest developments in Election, Policy and Law with important updates, analysis and current information.","This article discusses Government, Election, and Law. It also covers recent developments in Election and Policy. The report provides background information, current trends, key points and analysis related to politics news. Readers can learn about recent changes, important events, major developments and future possibilities.","Policy, Minister, Government, Election",481975,25028,12691,6.6,3.5,Neutral,76.01
429,AI and Robotics: Latest Updates and Analysis,Technology,Bikash Adhikari,World Today,2025-09-18 01:20:43.243243,"Latest developments in Robotics, Software and Machine Learning with important updates, analysis and current information.","This article discusses Software, Cybersecurity, and Software. It also covers recent developments in Machine Learning and Robotics. The report provides background information, current trends, key points and analysis related to technology news. Readers can learn about recent changes, important events, major developments and future possibilities.","Robotics, AI, Cybersecurity, Machine Learning",14381,42135,10431,18.5,4.7,Positive,37.23
430,Government and Government: Latest Updates and Analysis,Politics,Aarav Thapa,World Today,2025-09-18 15:55:40.540540,"Latest developments in Election, Policy and Government with important updates, analysis and current information.","This article discusses Law, Government, and Law. It also covers recent developments in Minister and Election. The report provides background information, current trends, key points and analysis related to politics news. Readers can learn about recent changes, important events, major developments and future possibilities.","Law, Government, Minister, Parliament",462103,31066,11556,14.1,3.6,Neutral,76.52
431,Cybersecurity and AI: Latest Updates and Analysis,Technology,Mina Shrestha,Global News,2025-09-19 06:30:37.837837,"Latest developments in AI, Robotics and Robotics with important updates, analysis and current information.","This article discusses AI, Robotics, and Machine Learning. It also covers recent developments in Cybersecurity and Robotics. The report provides background information, current trends, key points and analysis related to technology news. Readers can learn about recent changes, important events, major developments and future possibilities.","Cloud, AI, Robotics, Software",415605,33181,1054,2.2,2.7,Neutral,62.63
432,Experiment and Physics: Latest Updates and Analysis,Science,Anil Gurung,Daily Report,2025-09-19 21:05:35.135135,"Latest developments in Discovery, Biology and Physics with important updates, analysis and current information.","This article discusses Physics, Space, and Research. It also covers recent developments in Biology and Discovery. The report provides background information, current trends, key points and analysis related to science news. Readers can learn about recent changes, important events, major developments and future possibilities.","Discovery, Physics, Space, Experiment",251160,17934,2669,5.7,4.9,Neutral,38.61
433,Treatment and Disease: Latest Updates and Analysis,Health,Anil Gurung,Daily Report,2025-09-20 11:40:32.432432,"Latest developments in Disease, Hospital and Disease with important updates, analysis and current information.","This article discusses Hospital, Patient, and Disease. It also covers recent developments in Hospital and Treatment. The report provides background information, current trends, key points and analysis related to health news. Readers can learn about recent changes, important events, major developments and future possibilities.","Healthcare, Patient, Medicine, Disease",398370,20910,16659,14.3,4.8,Negative,69.13
434,School and Student: Latest Updates and Analysis,Education,Bikash Adhikari,News Hub,2025-09-21 02:15:29.729729,"Latest developments in School, Student and Student with important updates, analysis and current information.","This article discusses School, College, and Student. It also covers recent developments in Learning and Education. The report provides background information, current trends, key points and analysis related to education news. Readers can learn about recent changes, important events, major developments and future possibilities.","University, Learning, Education, School",100120,47482,16081,15.8,4.2,Positive,54.68
435,Law and Law: Latest Updates and Analysis,Politics,Anil Gurung,World Today,2025-09-21 16:50:27.027027,"Latest developments in Policy, Policy and Parliament with important updates, analysis and current information.","This article discusses Law, Law, and Parliament. It also covers recent developments in Policy and Parliament. The report provides background information, current trends, key points and analysis related to politics news. Readers can learn about recent changes, important events, major developments and future possibilities.","Policy, Law, Minister, Election",107608,7141,12938,17.1,3.7,Neutral,28.01
436,School and University: Latest Updates and Analysis,Education,Ramesh Sharma,Daily Report,2025-09-22 07:25:24.324324,"Latest developments in College, University and Learning with important updates, analysis and current information.","This article discusses Education, Learning, and College. It also covers recent developments in College and Student. The report provides background information, current trends, key points and analysis related to education news. Readers can learn about recent changes, important events, major developments and future possibilities.","University, School, Student, Education",66946,45950,5717,7.3,2.7,Negative,40.07
437,Student and University: Latest Updates and Analysis,Education,Bikash Adhikari,Insight News,2025-09-22 22:00:21.621621,"Latest developments in Learning, School and Student with important updates, analysis and current information.","This article discusses Education, School, and Student. It also covers recent developments in Education and University. The report provides background information, current trends, key points and analysis related to education news. Readers can learn about recent changes, important events, major developments and future possibilities.","College, School, Learning, Student",356926,16225,12282,18.8,4.5,Neutral,57.78
438,University and College: Latest Updates and Analysis,Education,Bikash Adhikari,Global News,2025-09-23 12:35:18.918918,"Latest developments in College, School and Student with important updates, analysis and current information.","This article discusses College, College, and College. It also covers recent developments in School and Education. The report provides background information, current trends, key points and analysis related to education news. Readers can learn about recent changes, important events, major developments and future possibilities.","College, Education, Student, University",443085,34714,14891,12.0,2.7,Positive,80.14
439,Movie and Series: Latest Updates and Analysis,Entertainment,Nisha Karki,Insight News,2025-09-24 03:10:16.216216,"Latest developments in Film, Series and Celebrity with important updates, analysis and current information.","This article discusses Celebrity, Celebrity, and Celebrity. It also covers recent developments in Movie and Series. The report provides background information, current trends, key points and analysis related to entertainment news. Readers can learn about recent changes, important events, major developments and future possibilities.","Celebrity, Actor, Music, Movie",291556,21587,9297,14.5,2.7,Neutral,51.48
440,League and League: Latest Updates and Analysis,Sports,Anil Gurung,Insight News,2025-09-24 17:45:13.513513,"Latest developments in Cricket, League and Match with important updates, analysis and current information.","This article discusses Player, Player, and League. It also covers recent developments in Tournament and Cricket. The report provides background information, current trends, key points and analysis related to sports news. Readers can learn about recent changes, important events, major developments and future possibilities.","Tournament, Player, Football, League",489833,32959,14201,12.7,3.8,Neutral,83.08
441,AI and Cloud: Latest Updates and Analysis,Technology,Mina Shrestha,Global News,2025-09-25 08:20:10.810810,"Latest developments in Robotics, Cybersecurity and Software with important updates, analysis and current information.","This article discusses AI, Cybersecurity, and Cybersecurity. It also covers recent developments in Robotics and AI. The report provides background information, current trends, key points and analysis related to technology news. Readers can learn about recent changes, important events, major developments and future possibilities.","Software, Cybersecurity, Cloud, AI",376430,49192,16289,4.2,2.9,Negative,83.58
442,Education and School: Latest Updates and Analysis,Education,Bikash Adhikari,Insight News,2025-09-25 22:55:08.108108,"Latest developments in University, Education and University with important updates, analysis and current information.","This article discusses Student, College, and Student. It also covers recent developments in University and College. The report provides background information, current trends, key points and analysis related to education news. Readers can learn about recent changes, important events, major developments and future possibilities.","School, College, University, Student",266501,14175,12873,19.3,2.5,Positive,48.09
443,Robotics and Cybersecurity: Latest Updates and Analysis,Technology,Raj Joshi,Daily Report,2025-09-26 13:30:05.405405,"Latest developments in Cloud, Machine Learning and Cybersecurity with important updates, analysis and current information.","This article discusses Cloud, Cybersecurity, and Software. It also covers recent developments in Software and Robotics. The report provides background information, current trends, key points and analysis related to technology news. Readers can learn about recent changes, important events, major developments and future possibilities.","Cloud, Robotics, Machine Learning, Cybersecurity",409162,10051,16512,4.2,3.6,Positive,63.53
444,Student and Student: Latest Updates and Analysis,Education,Mina Shrestha,World Today,2025-09-27 04:05:02.702702,"Latest developments in Learning, College and Student with important updates, analysis and current information.","This article discusses Student, School, and University. It also covers recent developments in College and Student. The report provides background information, current trends, key points and analysis related to education news. Readers can learn about recent changes, important events, major developments and future possibilities.","Student, University, School, Education",415799,5892,19952,6.6,2.8,Neutral,65.13
445,Law and Election: Latest Updates and Analysis,Politics,Ramesh Sharma,Global News,2025-09-27 18:40:00.000000,"Latest developments in Law, Parliament and Government with important updates, analysis and current information.","This article discusses Law, Law, and Parliament. It also covers recent developments in Government and Law. The report provides background information, current trends, key points and analysis related to politics news. Readers can learn about recent changes, important events, major developments and future possibilities.","Parliament, Policy, Government, Election",26658,3449,13448,16.6,2.9,Positive,18.19
446,Match and Match: Latest Updates and Analysis,Sports,Nisha Karki,News Hub,2025-09-28 09:14:57.297297,"Latest developments in Match, Cricket and Tournament with important updates, analysis and current information.","This article discusses Cricket, Tournament, and Match. It also covers recent developments in Football and League. The report provides background information, current trends, key points and analysis related to sports news. Readers can learn about recent changes, important events, major developments and future possibilities.","Cricket, Football, Player, Match",43288,41095,15198,13.1,2.7,Positive,44.26
447,Match and Tournament: Latest Updates and Analysis,Sports,Aarav Thapa,Insight News,2025-09-28 23:49:54.594594,"Latest developments in Player, Cricket and Match with important updates, analysis and current information.","This article discusses Tournament, Match, and Player. It also covers recent developments in Player and Cricket. The report provides background information, current trends, key points and analysis related to sports news. Readers can learn about recent changes, important events, major developments and future possibilities.","Football, League, Player, Cricket",144184,38677,7622,17.1,3.0,Positive,45.33
448,Discovery and Physics: Latest Updates and Analysis,Science,Mina Shrestha,Global News,2025-09-29 14:24:51.891891,"Latest developments in Research, Physics and Experiment with important updates, analysis and current information.","This article discusses Discovery, Physics, and Physics. It also covers recent developments in Experiment and Space. The report provides background information, current trends, key points and analysis related to science news. Readers can learn about recent changes, important events, major developments and future possibilities.","Space, Biology, Experiment, Research",33336,12393,8080,11.3,4.3,Positive,18.88
449,Film and Movie: Latest Updates and Analysis,Entertainment,Bikash Adhikari,TechDaily,2025-09-30 04:59:49.189189,"Latest developments in Music, Celebrity and Music with important updates, analysis and current information.","This article discusses Film, Actor, and Movie. It also covers recent developments in Movie and Film. The report provides background information, current trends, key points and analysis related to entertainment news. Readers can learn about recent changes, important events, major developments and future possibilities.","Music, Movie, Actor, Series",497525,29190,2402,8.8,4.5,Positive,69.78
450,Discovery and Discovery: Latest Updates and Analysis,Science,Ramesh Sharma,TechDaily,2025-09-30 19:34:46.486486,"Latest developments in Space, Discovery and Discovery with important updates, analysis and current information.","This article discusses Discovery, Space, and Experiment. It also covers recent developments in Research and Research. The report provides background information, current trends, key points and analysis related to science news. Readers can learn about recent changes, important events, major developments and future possibilities.","Research, Physics, Experiment, Biology",45176,34709,18031,18.6,3.6,Negative,43.44
451,Research and Discovery: Latest Updates and Analysis,Science,Sita Rai,World Today,2025-10-01 10:09:43.783783,"Latest developments in Discovery, Biology and Space with important updates, analysis and current information.","This article discusses Biology, Discovery, and Discovery. It also covers recent developments in Biology and Research. The report provides background information, current trends, key points and analysis related to science news. Readers can learn about recent changes, important events, major developments and future possibilities.","Biology, Space, Experiment, Physics",310646,31533,3556,2.7,3.8,Positive,53.63
452,Research and Biology: Latest Updates and Analysis,Science,Ramesh Sharma,Daily Report,2025-10-02 00:44:41.081081,"Latest developments in Physics, Experiment and Discovery with important updates, analysis and current information.","This article discusses Space, Research, and Discovery. It also covers recent developments in Experiment and Research. The report provides background information, current trends, key points and analysis related to science news. Readers can learn about recent changes, important events, major developments and future possibilities.","Research, Experiment, Discovery, Physics",356711,26141,2193,17.4,2.6,Positive,53.64
453,Physics and Research: Latest Updates and Analysis,Science,Ramesh Sharma,World Today,2025-10-02 15:19:38.378378,"Latest developments in Discovery, Experiment and Experiment with important updates, analysis and current information.","This article discusses Space, Physics, and Research. It also covers recent developments in Biology and Physics. The report provides background information, current trends, key points and analysis related to science news. Readers can learn about recent changes, important events, major developments and future possibilities.","Research, Discovery, Experiment, Space",163248,36989,10239,6.2,2.7,Positive,48.84
454,Space and Research: Latest Updates and Analysis,Science,Nisha Karki,World Today,2025-10-03 05:54:35.675675,"Latest developments in Space, Discovery and Experiment with important updates, analysis and current information.","This article discusses Biology, Biology, and Biology. It also covers recent developments in Research and Discovery. The report provides background information, current trends, key points and analysis related to science news. Readers can learn about recent changes, important events, major developments and future possibilities.","Space, Physics, Biology, Discovery",80437,23908,19488,17.3,3.1,Negative,41.93
455,Treatment and Hospital: Latest Updates and Analysis,Health,Aarav Thapa,World Today,2025-10-03 20:29:32.972972,"Latest developments in Hospital, Hospital and Treatment with important updates, analysis and current information.","This article discusses Disease, Medicine, and Treatment. It also covers recent developments in Healthcare and Hospital. The report provides background information, current trends, key points and analysis related to health news. Readers can learn about recent changes, important events, major developments and future possibilities.","Medicine, Patient, Hospital, Disease",115927,39311,18518,4.5,3.9,Neutral,53.78
456,League and Tournament: Latest Updates and Analysis,Sports,Sita Rai,World Today,2025-10-04 11:04:30.270270,"Latest developments in League, Cricket and Cricket with important updates, analysis and current information.","This article discusses Cricket, Player, and Match. It also covers recent developments in League and Match. The report provides background information, current trends, key points and analysis related to sports news. Readers can learn about recent changes, important events, major developments and future possibilities.","League, Match, Cricket, Player",468480,32322,19997,12.4,4.3,Neutral,86.35
457,Experiment and Research: Latest Updates and Analysis,Science,Anil Gurung,News Hub,2025-10-05 01:39:27.567567,"Latest developments in Space, Research and Discovery with important updates, analysis and current information.","This article discusses Space, Research, and Physics. It also covers recent developments in Space and Biology. The report provides background information, current trends, key points and analysis related to science news. Readers can learn about recent changes, important events, major developments and future possibilities.","Space, Research, Experiment, Biology",74364,14012,8583,18.0,4.0,Positive,24.46
458,Student and College: Latest Updates and Analysis,Education,Anil Gurung,News Hub,2025-10-05 16:14:24.864864,"Latest developments in College, University and Education with important updates, analysis and current information.","This article discusses Student, Learning, and College. It also covers recent developments in Learning and Learning. The report provides background information, current trends, key points and analysis related to education news. Readers can learn about recent changes, important events, major developments and future possibilities.","University, Learning, Education, Student",279579,34889,18663,10.5,3.5,Negative,67.65
459,Tournament and Match: Latest Updates and Analysis,Sports,Mina Shrestha,Global News,2025-10-06 06:49:22.162162,"Latest developments in Player, Player and Cricket with important updates, analysis and current information.","This article discusses Match, Football, and Match. It also covers recent developments in Tournament and Tournament. The report provides background information, current trends, key points and analysis related to sports news. Readers can learn about recent changes, important events, major developments and future possibilities.","Cricket, Football, League, Tournament",253872,17412,12875,15.4,2.8,Neutral,48.77
460,League and Match: Latest Updates and Analysis,Sports,Ramesh Sharma,TechDaily,2025-10-06 21:24:19.459459,"Latest developments in Player, Player and Football with important updates, analysis and current information.","This article discusses Player, League, and Match. It also covers recent developments in Match and Cricket. The report provides background information, current trends, key points and analysis related to sports news. Readers can learn about recent changes, important events, major developments and future possibilities.","Match, League, Player, Football",43873,30614,10686,16.5,4.5,Positive,33.5
461,Startup and Company: Latest Updates and Analysis,Business,Raj Joshi,World Today,2025-10-07 11:59:16.756756,"Latest developments in Investment, Investment and Market with important updates, analysis and current information.","This article discusses Market, Company, and Startup. It also covers recent developments in Company and Economy. The report provides background information, current trends, key points and analysis related to business news. Readers can learn about recent changes, important events, major developments and future possibilities.","Startup, Finance, Company, Investment",183330,44494,17536,15.3,3.4,Neutral,62.67
462,Hospital and Healthcare: Latest Updates and Analysis,Health,Nisha Karki,Global News,2025-10-08 02:34:14.054054,"Latest developments in Healthcare, Disease and Treatment with important updates, analysis and current information.","This article discusses Medicine, Healthcare, and Disease. It also covers recent developments in Patient and Disease. The report provides background information, current trends, key points and analysis related to health news. Readers can learn about recent changes, important events, major developments and future possibilities.","Patient, Disease, Medicine, Healthcare",290814,24657,1294,18.7,4.3,Negative,45.25
463,Discovery and Physics: Latest Updates and Analysis,Science,Raj Joshi,TechDaily,2025-10-08 17:09:11.351351,"Latest developments in Experiment, Experiment and Physics with important updates, analysis and current information.","This article discusses Discovery, Physics, and Space. It also covers recent developments in Physics and Biology. The report provides background information, current trends, key points and analysis related to science news. Readers can learn about recent changes, important events, major developments and future possibilities.","Discovery, Space, Physics, Experiment",88095,5656,15448,10.0,3.8,Neutral,27.67
464,Cybersecurity and Cybersecurity: Latest Updates and Analysis,Technology,Nisha Karki,Insight News,2025-10-09 07:44:08.648648,"Latest developments in Robotics, AI and Cybersecurity with important updates, analysis and current information.","This article discusses Machine Learning, Robotics, and AI. It also covers recent developments in AI and Cloud. The report provides background information, current trends, key points and analysis related to technology news. Readers can learn about recent changes, important events, major developments and future possibilities.","Software, Machine Learning, Cybersecurity, Cloud",40758,8967,10367,5.1,4.3,Negative,19.85
465,Policy and Policy: Latest Updates and Analysis,Politics,Anil Gurung,Daily Report,2025-10-09 22:19:05.945945,"Latest developments in Law, Parliament and Minister with important updates, analysis and current information.","This article discusses Minister, Policy, and Law. It also covers recent developments in Government and Government. The report provides background information, current trends, key points and analysis related to politics news. Readers can learn about recent changes, important events, major developments and future possibilities.","Law, Parliament, Government, Policy",452500,19422,19629,2.9,4.8,Negative,76.62
466,Celebrity and Film: Latest Updates and Analysis,Entertainment,Mina Shrestha,News Hub,2025-10-10 12:54:03.243243,"Latest developments in Actor, Music and Actor with important updates, analysis and current information.","This article discusses Movie, Movie, and Actor. It also covers recent developments in Celebrity and Music. The report provides background information, current trends, key points and analysis related to entertainment news. Readers can learn about recent changes, important events, major developments and future possibilities.","Actor, Series, Movie, Music",382884,15764,13337,6.4,4.8,Positive,61.16
467,Learning and Student: Latest Updates and Analysis,Education,Mina Shrestha,Insight News,2025-10-11 03:29:00.540540,"Latest developments in School, University and University with important updates, analysis and current information.","This article discusses College, University, and Student. It also covers recent developments in School and School. The report provides background information, current trends, key points and analysis related to education news. Readers can learn about recent changes, important events, major developments and future possibilities.","Education, College, University, Student",334857,15873,6654,4.6,3.8,Neutral,49.73
468,Robotics and Cybersecurity: Latest Updates and Analysis,Technology,Mina Shrestha,TechDaily,2025-10-11 18:03:57.837837,"Latest developments in Robotics, AI and Machine Learning with important updates, analysis and current information.","This article discusses Cloud, Cloud, and Cybersecurity. It also covers recent developments in AI and Cybersecurity. The report provides background information, current trends, key points and analysis related to technology news. Readers can learn about recent changes, important events, major developments and future possibilities.","Cloud, Software, Cybersecurity, Machine Learning",320438,28949,19322,12.0,3.8,Positive,68.83
469,Medicine and Medicine: Latest Updates and Analysis,Health,Sita Rai,Insight News,2025-10-12 08:38:55.135135,"Latest developments in Healthcare, Disease and Healthcare with important updates, analysis and current information.","This article discusses Disease, Medicine, and Healthcare. It also covers recent developments in Patient and Disease. The report provides background information, current trends, key points and analysis related to health news. Readers can learn about recent changes, important events, major developments and future possibilities.","Disease, Treatment, Medicine, Patient",198679,43847,19010,5.3,3.2,Negative,65.29
470,Parliament and Government: Latest Updates and Analysis,Politics,Aarav Thapa,Daily Report,2025-10-12 23:13:52.432432,"Latest developments in Government, Election and Parliament with important updates, analysis and current information.","This article discusses Government, Law, and Minister. It also covers recent developments in Policy and Minister. The report provides background information, current trends, key points and analysis related to politics news. Readers can learn about recent changes, important events, major developments and future possibilities.","Parliament, Government, Law, Policy",374116,2271,17333,2.7,4.8,Positive,56.16
471,Healthcare and Patient: Latest Updates and Analysis,Health,Sita Rai,TechDaily,2025-10-13 13:48:49.729729,"Latest developments in Treatment, Treatment and Hospital with important updates, analysis and current information.","This article discusses Medicine, Treatment, and Healthcare. It also covers recent developments in Patient and Treatment. The report provides background information, current trends, key points and analysis related to health news. Readers can learn about recent changes, important events, major developments and future possibilities.","Patient, Disease, Medicine, Treatment",427275,1607,12693,2.6,3.6,Negative,56.44
472,Education and Education: Latest Updates and Analysis,Education,Bikash Adhikari,Insight News,2025-10-14 04:23:47.027027,"Latest developments in Education, School and University with important updates, analysis and current information.","This article discusses School, College, and Education. It also covers recent developments in Learning and University. The report provides background information, current trends, key points and analysis related to education news. Readers can learn about recent changes, important events, major developments and future possibilities.","Learning, University, Education, School",446388,19523,9241,17.0,2.8,Neutral,65.68
473,Football and Cricket: Latest Updates and Analysis,Sports,Bikash Adhikari,News Hub,2025-10-14 18:58:44.324324,"Latest developments in Cricket, Match and Football with important updates, analysis and current information.","This article discusses Tournament, League, and Tournament. It also covers recent developments in Match and Match. The report provides background information, current trends, key points and analysis related to sports news. Readers can learn about recent changes, important events, major developments and future possibilities.","Match, League, Cricket, Player",176760,48447,4075,12.6,3.6,Neutral,50.93
474,Government and Minister: Latest Updates and Analysis,Politics,Raj Joshi,News Hub,2025-10-15 09:33:41.621621,"Latest developments in Election, Law and Election with important updates, analysis and current information.","This article discusses Law, Minister, and Government. It also covers recent developments in Election and Policy. The report provides background information, current trends, key points and analysis related to politics news. Readers can learn about recent changes, important events, major developments and future possibilities.","Minister, Law, Government, Parliament",433849,49757,12651,8.4,2.8,Positive,86.03
475,Tournament and League: Latest Updates and Analysis,Sports,Aarav Thapa,Global News,2025-10-16 00:08:38.918918,"Latest developments in Football, League and Cricket with important updates, analysis and current information.","This article discusses Football, League, and Tournament. It also covers recent developments in Football and Match. The report provides background information, current trends, key points and analysis related to sports news. Readers can learn about recent changes, important events, major developments and future possibilities.","Tournament, Cricket, League, Football",370802,27990,9275,18.1,3.8,Neutral,63.24
476,College and Student: Latest Updates and Analysis,Education,Anil Gurung,Insight News,2025-10-16 14:43:36.216216,"Latest developments in Education, School and School with important updates, analysis and current information.","This article discusses Education, Education, and University. It also covers recent developments in Learning and University. The report provides background information, current trends, key points and analysis related to education news. Readers can learn about recent changes, important events, major developments and future possibilities.","Student, Education, Learning, School",252053,3665,12838,3.3,3.9,Negative,40.28
477,Software and Cybersecurity: Latest Updates and Analysis,Technology,Aarav Thapa,World Today,2025-10-17 05:18:33.513513,"Latest developments in Robotics, Software and Cybersecurity with important updates, analysis and current information.","This article discusses Software, AI, and Software. It also covers recent developments in AI and Machine Learning. The report provides background information, current trends, key points and analysis related to technology news. Readers can learn about recent changes, important events, major developments and future possibilities.","Software, Robotics, Cloud, AI",68682,16308,1658,19.6,3.3,Positive,18.35
478,College and School: Latest Updates and Analysis,Education,Nisha Karki,Insight News,2025-10-17 19:53:30.810810,"Latest developments in College, College and Student with important updates, analysis and current information.","This article discusses Education, University, and College. It also covers recent developments in College and Education. The report provides background information, current trends, key points and analysis related to education news. Readers can learn about recent changes, important events, major developments and future possibilities.","Student, School, College, University",192915,5852,6932,13.1,2.7,Neutral,29.77
479,AI and Cloud: Latest Updates and Analysis,Technology,Bikash Adhikari,TechDaily,2025-10-18 10:28:28.108108,"Latest developments in Software, Software and Cloud with important updates, analysis and current information.","This article discusses Robotics, AI, and Software. It also covers recent developments in Cloud and AI. The report provides background information, current trends, key points and analysis related to technology news. Readers can learn about recent changes, important events, major developments and future possibilities.","Cybersecurity, Cloud, Software, Machine Learning",437834,5462,14248,5.3,4.9,Positive,61.37
480,Minister and Government: Latest Updates and Analysis,Politics,Ramesh Sharma,TechDaily,2025-10-19 01:03:25.405405,"Latest developments in Minister, Law and Minister with important updates, analysis and current information.","This article discusses Minister, Election, and Minister. It also covers recent developments in Parliament and Government. The report provides background information, current trends, key points and analysis related to politics news. Readers can learn about recent changes, important events, major developments and future possibilities.","Minister, Parliament, Government, Law",143875,31795,6959,14.2,4.4,Neutral,40.5
481,Parliament and Law: Latest Updates and Analysis,Politics,Ramesh Sharma,Insight News,2025-10-19 15:38:22.702702,"Latest developments in Government, Law and Election with important updates, analysis and current information.","This article discusses Law, Parliament, and Parliament. It also covers recent developments in Government and Law. The report provides background information, current trends, key points and analysis related to politics news. Readers can learn about recent changes, important events, major developments and future possibilities.","Election, Parliament, Minister, Government",49556,4270,18201,15.7,4.6,Positive,25.73
482,Physics and Discovery: Latest Updates and Analysis,Science,Anil Gurung,Daily Report,2025-10-20 06:13:20.000000,"Latest developments in Biology, Research and Space with important updates, analysis and current information.","This article discusses Physics, Experiment, and Biology. It also covers recent developments in Biology and Biology. The report provides background information, current trends, key points and analysis related to science news. Readers can learn about recent changes, important events, major developments and future possibilities.","Biology, Discovery, Space, Experiment",55591,48465,8382,9.7,3.4,Positive,43.11
483,Hospital and Healthcare: Latest Updates and Analysis,Health,Nisha Karki,News Hub,2025-10-20 20:48:17.297297,"Latest developments in Medicine, Patient and Disease with important updates, analysis and current information.","This article discusses Treatment, Disease, and Healthcare. It also covers recent developments in Healthcare and Treatment. The report provides background information, current trends, key points and analysis related to health news. Readers can learn about recent changes, important events, major developments and future possibilities.","Hospital, Treatment, Disease, Patient",270287,24491,16844,17.5,4.4,Negative,58.64
484,Discovery and Discovery: Latest Updates and Analysis,Science,Raj Joshi,TechDaily,2025-10-21 11:23:14.594594,"Latest developments in Physics, Research and Physics with important updates, analysis and current information.","This article discusses Research, Biology, and Physics. It also covers recent developments in Research and Research. The report provides background information, current trends, key points and analysis related to science news. Readers can learn about recent changes, important events, major developments and future possibilities.","Research, Physics, Biology, Space",365456,36230,14999,4.7,3.7,Neutral,73.39
485,Patient and Healthcare: Latest Updates and Analysis,Health,Sita Rai,News Hub,2025-10-22 01:58:11.891891,"Latest developments in Medicine, Disease and Treatment with important updates, analysis and current information.","This article discusses Medicine, Medicine, and Medicine. It also covers recent developments in Disease and Hospital. The report provides background information, current trends, key points and analysis related to health news. Readers can learn about recent changes, important events, major developments and future possibilities.","Medicine, Disease, Hospital, Healthcare",240103,48242,6376,7.0,3.0,Positive,59.45
486,Experiment and Research: Latest Updates and Analysis,Science,Nisha Karki,TechDaily,2025-10-22 16:33:09.189189,"Latest developments in Physics, Space and Experiment with important updates, analysis and current information.","This article discusses Experiment, Biology, and Biology. It also covers recent developments in Physics and Physics. The report provides background information, current trends, key points and analysis related to science news. Readers can learn about recent changes, important events, major developments and future possibilities.","Physics, Experiment, Discovery, Space",330584,347,18905,3.7,2.8,Neutral,52.21
487,League and Player: Latest Updates and Analysis,Sports,Ramesh Sharma,Global News,2025-10-23 07:08:06.486486,"Latest developments in Football, Tournament and Player with important updates, analysis and current information.","This article discusses Cricket, Football, and Match. It also covers recent developments in Match and League. The report provides background information, current trends, key points and analysis related to sports news. Readers can learn about recent changes, important events, major developments and future possibilities.","Player, Tournament, League, Cricket",141348,49152,3476,5.8,3.4,Positive,47.21
488,Policy and Policy: Latest Updates and Analysis,Politics,Ramesh Sharma,World Today,2025-10-23 21:43:03.783783,"Latest developments in Election, Policy and Policy with important updates, analysis and current information.","This article discusses Government, Law, and Election. It also covers recent developments in Law and Government. The report provides background information, current trends, key points and analysis related to politics news. Readers can learn about recent changes, important events, major developments and future possibilities.","Government, Election, Parliament, Policy",397252,32830,19089,6.3,2.8,Positive,78.62
489,AI and Machine Learning: Latest Updates and Analysis,Technology,Raj Joshi,TechDaily,2025-10-24 12:18:01.081081,"Latest developments in Cloud, Cybersecurity and Robotics with important updates, analysis and current information.","This article discusses AI, Cloud, and Machine Learning. It also covers recent developments in Software and Robotics. The report provides background information, current trends, key points and analysis related to technology news. Readers can learn about recent changes, important events, major developments and future possibilities.","Cybersecurity, Cloud, Software, AI",31274,1783,4366,18.5,5.0,Neutral,8.57
490,Treatment and Treatment: Latest Updates and Analysis,Health,Bikash Adhikari,News Hub,2025-10-25 02:52:58.378378,"Latest developments in Medicine, Medicine and Disease with important updates, analysis and current information.","This article discusses Treatment, Patient, and Patient. It also covers recent developments in Disease and Medicine. The report provides background information, current trends, key points and analysis related to health news. Readers can learn about recent changes, important events, major developments and future possibilities.","Treatment, Disease, Healthcare, Hospital",344876,28390,16206,3.4,2.6,Positive,67.82
491,School and Education: Latest Updates and Analysis,Education,Nisha Karki,Global News,2025-10-25 17:27:55.675675,"Latest developments in Student, Student and Education with important updates, analysis and current information.","This article discusses School, University, and Education. It also covers recent developments in University and College. The report provides background information, current trends, key points and analysis related to education news. Readers can learn about recent changes, important events, major developments and future possibilities.","Learning, Education, Student, College",351012,8417,12458,9.7,3.6,Neutral,52.67
492,Medicine and Disease: Latest Updates and Analysis,Health,Nisha Karki,TechDaily,2025-10-26 08:02:52.972972,"Latest developments in Hospital, Hospital and Treatment with important updates, analysis and current information.","This article discusses Hospital, Patient, and Disease. It also covers recent developments in Hospital and Medicine. The report provides background information, current trends, key points and analysis related to health news. Readers can learn about recent changes, important events, major developments and future possibilities.","Treatment, Disease, Patient, Hospital",388019,6566,27,11.6,3.6,Neutral,42.82
493,Robotics and Robotics: Latest Updates and Analysis,Technology,Ramesh Sharma,Daily Report,2025-10-26 22:37:50.270270,"Latest developments in Robotics, Software and AI with important updates, analysis and current information.","This article discusses Machine Learning, Software, and Cybersecurity. It also covers recent developments in Cybersecurity and AI. The report provides background information, current trends, key points and analysis related to technology news. Readers can learn about recent changes, important events, major developments and future possibilities.","AI, Machine Learning, Software, Cybersecurity",108277,17426,11164,18.2,3.3,Neutral,32.49
494,Research and Research: Latest Updates and Analysis,Science,Sita Rai,World Today,2025-10-27 13:12:47.567567,"Latest developments in Discovery, Research and Biology with important updates, analysis and current information.","This article discusses Discovery, Space, and Research. It also covers recent developments in Space and Research. The report provides background information, current trends, key points and analysis related to science news. Readers can learn about recent changes, important events, major developments and future possibilities.","Experiment, Research, Biology, Physics",26009,30750,6548,20.0,3.9,Negative,27.66
495,Treatment and Healthcare: Latest Updates and Analysis,Health,Anil Gurung,TechDaily,2025-10-28 03:47:44.864864,"Latest developments in Treatment, Treatment and Medicine with important updates, analysis and current information.","This article discusses Treatment, Healthcare, and Medicine. It also covers recent developments in Hospital and Medicine. The report provides background information, current trends, key points and analysis related to health news. Readers can learn about recent changes, important events, major developments and future possibilities.","Disease, Healthcare, Patient, Medicine",44258,10872,3024,15.6,2.9,Positive,14.0
496,Movie and Movie: Latest Updates and Analysis,Entertainment,Mina Shrestha,Global News,2025-10-28 18:22:42.162162,"Latest developments in Film, Film and Celebrity with important updates, analysis and current information.","This article discusses Celebrity, Actor, and Actor. It also covers recent developments in Celebrity and Actor. The report provides background information, current trends, key points and analysis related to entertainment news. Readers can learn about recent changes, important events, major developments and future possibilities.","Actor, Series, Movie, Celebrity",139538,28695,1264,19.5,4.5,Neutral,32.5
497,Match and Player: Latest Updates and Analysis,Sports,Anil Gurung,Daily Report,2025-10-29 08:57:39.459459,"Latest developments in Match, Tournament and Match with important updates, analysis and current information.","This article discusses Player, Match, and Tournament. It also covers recent developments in Tournament and Cricket. The report provides background information, current trends, key points and analysis related to sports news. Readers can learn about recent changes, important events, major developments and future possibilities.","Tournament, Player, League, Cricket",216297,48086,9047,16.2,3.3,Neutral,59.64
498,Parliament and Government: Latest Updates and Analysis,Politics,Nisha Karki,Insight News,2025-10-29 23:32:36.756756,"Latest developments in Law, Law and Election with important updates, analysis and current information.","This article discusses Law, Government, and Election. It also covers recent developments in Election and Election. The report provides background information, current trends, key points and analysis related to politics news. Readers can learn about recent changes, important events, major developments and future possibilities.","Law, Election, Parliament, Government",185509,1234,12217,19.3,4.0,Positive,31.53
499,Cloud and Software: Latest Updates and Analysis,Technology,Anil Gurung,Global News,2025-10-30 14:07:34.054054,"Latest developments in Cloud, Cybersecurity and Cybersecurity with important updates, analysis and current information.","This article discusses Machine Learning, Cybersecurity, and AI. It also covers recent developments in Machine Learning and Cybersecurity. The report provides background information, current trends, key points and analysis related to technology news. Readers can learn about recent changes, important events, major developments and future possibilities.","Robotics, Cloud, Machine Learning, AI",386540,34752,6587,14.7,4.3,Negative,66.2
500,Law and Parliament: Latest Updates and Analysis,Politics,Ramesh Sharma,Global News,2025-10-31 04:42:31.351351,"Latest developments in Minister, Minister and Minister with important updates, analysis and current information.","This article discusses Election, Parliament, and Election. It also covers recent developments in Law and Law. The report provides background information, current trends, key points and analysis related to politics news. Readers can learn about recent changes, important events, major developments and future possibilities.","Minister, Policy, Government, Election",321575,28832,6577,3.4,4.7,Neutral,56.12
501,Actor and Series: Latest Updates and Analysis,Entertainment,Ramesh Sharma,Daily Report,2025-10-31 19:17:28.648648,"Latest developments in Actor, Film and Celebrity with important updates, analysis and current information.","This article discusses Music, Series, and Actor. It also covers recent developments in Movie and Music. The report provides background information, current trends, key points and analysis related to entertainment news. Readers can learn about recent changes, important events, major developments and future possibilities.","Music, Movie, Actor, Series",261584,17978,17635,9.2,4.6,Neutral,54.65
502,Patient and Treatment: Latest Updates and Analysis,Health,Raj Joshi,Global News,2025-11-01 09:52:25.945945,"Latest developments in Hospital, Disease and Treatment with important updates, analysis and current information.","This article discusses Healthcare, Disease, and Medicine. It also covers recent developments in Treatment and Hospital. The report provides background information, current trends, key points and analysis related to health news. Readers can learn about recent changes, important events, major developments and future possibilities.","Treatment, Hospital, Healthcare, Medicine",244090,22641,12796,13.6,4.0,Neutral,50.86
503,Healthcare and Hospital: Latest Updates and Analysis,Health,Nisha Karki,Daily Report,2025-11-02 00:27:23.243243,"Latest developments in Medicine, Treatment and Treatment with important updates, analysis and current information.","This article discusses Treatment, Treatment, and Hospital. It also covers recent developments in Hospital and Patient. The report provides background information, current trends, key points and analysis related to health news. Readers can learn about recent changes, important events, major developments and future possibilities.","Patient, Treatment, Disease, Healthcare",455513,27127,3870,8.3,3.5,Positive,65.8
504,Student and University: Latest Updates and Analysis,Education,Raj Joshi,TechDaily,2025-11-02 15:02:20.540540,"Latest developments in Student, University and Learning with important updates, analysis and current information.","This article discusses University, College, and School. It also covers recent developments in Education and Education. The report provides background information, current trends, key points and analysis related to education news. Readers can learn about recent changes, important events, major developments and future possibilities.","Student, Education, University, School",203214,34720,1326,6.9,3.8,Neutral,42.56
505,Series and Series: Latest Updates and Analysis,Entertainment,Nisha Karki,Daily Report,2025-11-03 05:37:17.837837,"Latest developments in Film, Movie and Celebrity with important updates, analysis and current information.","This article discusses Movie, Celebrity, and Film. It also covers recent developments in Series and Actor. The report provides background information, current trends, key points and analysis related to entertainment news. Readers can learn about recent changes, important events, major developments and future possibilities.","Actor, Film, Music, Celebrity",444240,18079,9217,12.4,4.4,Neutral,64.57
506,Cloud and Cybersecurity: Latest Updates and Analysis,Technology,Mina Shrestha,Daily Report,2025-11-03 20:12:15.135135,"Latest developments in Cybersecurity, Machine Learning and Robotics with important updates, analysis and current information.","This article discusses Cybersecurity, Cloud, and Cloud. It also covers recent developments in Robotics and Machine Learning. The report provides background information, current trends, key points and analysis related to technology news. Readers can learn about recent changes, important events, major developments and future possibilities.","Cloud, AI, Robotics, Machine Learning",422158,17338,16745,18.8,4.7,Neutral,69.45
507,Learning and School: Latest Updates and Analysis,Education,Mina Shrestha,World Today,2025-11-04 10:47:12.432432,"Latest developments in College, Learning and Education with important updates, analysis and current information.","This article discusses College, Education, and Education. It also covers recent developments in School and School. The report provides background information, current trends, key points and analysis related to education news. Readers can learn about recent changes, important events, major developments and future possibilities.","College, Student, Education, Learning",148630,3291,17602,2.6,2.8,Positive,34.47
508,Match and Cricket: Latest Updates and Analysis,Sports,Bikash Adhikari,Daily Report,2025-11-05 01:22:09.729729,"Latest developments in Tournament, League and Match with important updates, analysis and current information.","This article discusses Player, Player, and Player. It also covers recent developments in Player and Match. The report provides background information, current trends, key points and analysis related to sports news. Readers can learn about recent changes, important events, major developments and future possibilities.","League, Football, Match, Player",87467,8548,605,15.8,3.5,Neutral,14.51
509,University and College: Latest Updates and Analysis,Education,Nisha Karki,Daily Report,2025-11-05 15:57:07.027027,"Latest developments in Student, College and Learning with important updates, analysis and current information.","This article discusses Learning, School, and College. It also covers recent developments in Education and College. The report provides background information, current trends, key points and analysis related to education news. Readers can learn about recent changes, important events, major developments and future possibilities.","University, Education, Student, Learning",327626,47272,18054,15.0,4.4,Neutral,79.3
510,Economy and Market: Latest Updates and Analysis,Business,Sita Rai,Insight News,2025-11-06 06:32:04.324324,"Latest developments in Startup, Company and Company with important updates, analysis and current information.","This article discusses Investment, Economy, and Startup. It also covers recent developments in Startup and Investment. The report provides background information, current trends, key points and analysis related to business news. Readers can learn about recent changes, important events, major developments and future possibilities.","Startup, Finance, Company, Investment",74419,44555,13003,19.4,3.6,Neutral,47.27
511,Software and Robotics: Latest Updates and Analysis,Technology,Anil Gurung,TechDaily,2025-11-06 21:07:01.621621,"Latest developments in Cloud, Cybersecurity and Robotics with important updates, analysis and current information.","This article discusses Machine Learning, Software, and Machine Learning. It also covers recent developments in Robotics and Cybersecurity. The report provides background information, current trends, key points and analysis related to technology news. Readers can learn about recent changes, important events, major developments and future possibilities.","AI, Machine Learning, Software, Robotics",273414,33736,10489,18.8,3.3,Neutral,58.17
512,Company and Economy: Latest Updates and Analysis,Business,Nisha Karki,World Today,2025-11-07 11:41:58.918918,"Latest developments in Investment, Investment and Investment with important updates, analysis and current information.","This article discusses Finance, Company, and Finance. It also covers recent developments in Finance and Startup. The report provides background information, current trends, key points and analysis related to business news. Readers can learn about recent changes, important events, major developments and future possibilities.","Market, Startup, Company, Finance",120052,49393,17661,15.7,3.5,Neutral,59.41
513,Movie and Film: Latest Updates and Analysis,Entertainment,Aarav Thapa,Insight News,2025-11-08 02:16:56.216216,"Latest developments in Movie, Actor and Actor with important updates, analysis and current information.","This article discusses Movie, Series, and Music. It also covers recent developments in Music and Music. The report provides background information, current trends, key points and analysis related to entertainment news. Readers can learn about recent changes, important events, major developments and future possibilities.","Film, Series, Actor, Movie",80245,28022,16782,11.4,4.0,Neutral,41.68
514,Space and Space: Latest Updates and Analysis,Science,Bikash Adhikari,News Hub,2025-11-08 16:51:53.513513,"Latest developments in Experiment, Experiment and Biology with important updates, analysis and current information.","This article discusses Research, Experiment, and Biology. It also covers recent developments in Physics and Research. The report provides background information, current trends, key points and analysis related to science news. Readers can learn about recent changes, important events, major developments and future possibilities.","Research, Biology, Experiment, Discovery",262239,4234,13487,5.7,5.0,Negative,42.29
515,Finance and Investment: Latest Updates and Analysis,Business,Aarav Thapa,TechDaily,2025-11-09 07:26:50.810810,"Latest developments in Market, Investment and Market with important updates, analysis and current information.","This article discusses Company, Finance, and Company. It also covers recent developments in Market and Market. The report provides background information, current trends, key points and analysis related to business news. Readers can learn about recent changes, important events, major developments and future possibilities.","Market, Company, Startup, Economy",367870,26720,18556,11.8,3.7,Positive,71.47
516,League and Football: Latest Updates and Analysis,Sports,Ramesh Sharma,TechDaily,2025-11-09 22:01:48.108108,"Latest developments in Tournament, Cricket and Cricket with important updates, analysis and current information.","This article discusses Football, Tournament, and Match. It also covers recent developments in Player and Tournament. The report provides background information, current trends, key points and analysis related to sports news. Readers can learn about recent changes, important events, major developments and future possibilities.","League, Tournament, Football, Player",438258,41106,19194,15.8,3.0,Negative,87.81
517,University and College: Latest Updates and Analysis,Education,Mina Shrestha,News Hub,2025-11-10 12:36:45.405405,"Latest developments in Learning, University and Education with important updates, analysis and current information.","This article discusses University, Learning, and University. It also covers recent developments in School and School. The report provides background information, current trends, key points and analysis related to education news. Readers can learn about recent changes, important events, major developments and future possibilities.","Learning, Education, College, School",219743,40117,14733,18.1,2.9,Neutral,60.88
518,Discovery and Physics: Latest Updates and Analysis,Science,Anil Gurung,Daily Report,2025-11-11 03:11:42.702702,"Latest developments in Physics, Discovery and Experiment with important updates, analysis and current information.","This article discusses Experiment, Space, and Biology. It also covers recent developments in Space and Physics. The report provides background information, current trends, key points and analysis related to science news. Readers can learn about recent changes, important events, major developments and future possibilities.","Research, Experiment, Biology, Discovery",278452,13368,6274,16.2,2.6,Neutral,42.2
519,University and University: Latest Updates and Analysis,Education,Nisha Karki,Insight News,2025-11-11 17:46:40.000000,"Latest developments in College, University and Learning with important updates, analysis and current information.","This article discusses School, Education, and Student. It also covers recent developments in Education and Learning. The report provides background information, current trends, key points and analysis related to education news. Readers can learn about recent changes, important events, major developments and future possibilities.","Student, Education, College, School",166350,47969,10844,5.5,3.9,Negative,56.37
520,Market and Market: Latest Updates and Analysis,Business,Aarav Thapa,Global News,2025-11-12 08:21:37.297297,"Latest developments in Investment, Finance and Economy with important updates, analysis and current information.","This article discusses Market, Startup, and Economy. It also covers recent developments in Startup and Company. The report provides background information, current trends, key points and analysis related to business news. Readers can learn about recent changes, important events, major developments and future possibilities.","Startup, Investment, Market, Company",210344,48838,19323,12.8,3.9,Neutral,69.77
521,University and College: Latest Updates and Analysis,Education,Anil Gurung,World Today,2025-11-12 22:56:34.594594,"Latest developments in College, School and College with important updates, analysis and current information.","This article discusses Learning, Learning, and School. It also covers recent developments in College and Education. The report provides background information, current trends, key points and analysis related to education news. Readers can learn about recent changes, important events, major developments and future possibilities.","School, Learning, University, Education",140211,8734,13189,8.0,3.0,Negative,32.48
522,Actor and Movie: Latest Updates and Analysis,Entertainment,Ramesh Sharma,Global News,2025-11-13 13:31:31.891891,"Latest developments in Film, Actor and Music with important updates, analysis and current information.","This article discusses Celebrity, Series, and Series. It also covers recent developments in Movie and Music. The report provides background information, current trends, key points and analysis related to entertainment news. Readers can learn about recent changes, important events, major developments and future possibilities.","Film, Celebrity, Music, Actor",15090,41651,17328,2.2,4.2,Positive,43.91
523,Space and Discovery: Latest Updates and Analysis,Science,Mina Shrestha,News Hub,2025-11-14 04:06:29.189189,"Latest developments in Experiment, Physics and Research with important updates, analysis and current information.","This article discusses Experiment, Biology, and Biology. It also covers recent developments in Space and Physics. The report provides background information, current trends, key points and analysis related to science news. Readers can learn about recent changes, important events, major developments and future possibilities.","Biology, Research, Physics, Experiment",137613,33793,10971,5.6,4.4,Positive,45.09
524,Movie and Music: Latest Updates and Analysis,Entertainment,Sita Rai,TechDaily,2025-11-14 18:41:26.486486,"Latest developments in Series, Series and Actor with important updates, analysis and current information.","This article discusses Movie, Music, and Film. It also covers recent developments in Series and Film. The report provides background information, current trends, key points and analysis related to entertainment news. Readers can learn about recent changes, important events, major developments and future possibilities.","Movie, Music, Celebrity, Series",467537,12197,5965,4.0,3.1,Neutral,60.11
525,Finance and Startup: Latest Updates and Analysis,Business,Bikash Adhikari,TechDaily,2025-11-15 09:16:23.783783,"Latest developments in Economy, Finance and Startup with important updates, analysis and current information.","This article discusses Economy, Market, and Economy. It also covers recent developments in Finance and Economy. The report provides background information, current trends, key points and analysis related to business news. Readers can learn about recent changes, important events, major developments and future possibilities.","Economy, Investment, Finance, Startup",129427,3359,12621,17.2,3.4,Negative,27.6
526,Actor and Series: Latest Updates and Analysis,Entertainment,Anil Gurung,World Today,2025-11-15 23:51:21.081081,"Latest developments in Film, Music and Music with important updates, analysis and current information.","This article discusses Actor, Music, and Movie. It also covers recent developments in Music and Actor. The report provides background information, current trends, key points and analysis related to entertainment news. Readers can learn about recent changes, important events, major developments and future possibilities.","Film, Series, Music, Celebrity",341558,38025,6348,6.7,5.0,Negative,63.43
527,Cricket and League: Latest Updates and Analysis,Sports,Anil Gurung,TechDaily,2025-11-16 14:26:18.378378,"Latest developments in Cricket, Tournament and Football with important updates, analysis and current information.","This article discusses Football, Tournament, and Player. It also covers recent developments in Football and Match. The report provides background information, current trends, key points and analysis related to sports news. Readers can learn about recent changes, important events, major developments and future possibilities.","Tournament, Player, Football, League",439275,35719,17580,7.1,3.4,Neutral,83.06
528,Finance and Startup: Latest Updates and Analysis,Business,Sita Rai,TechDaily,2025-11-17 05:01:15.675675,"Latest developments in Company, Economy and Startup with important updates, analysis and current information.","This article discusses Finance, Market, and Finance. It also covers recent developments in Economy and Market. The report provides background information, current trends, key points and analysis related to business news. Readers can learn about recent changes, important events, major developments and future possibilities.","Investment, Startup, Economy, Finance",289106,7389,17596,19.3,4.4,Neutral,50.99
529,Company and Market: Latest Updates and Analysis,Business,Anil Gurung,World Today,2025-11-17 19:36:12.972972,"Latest developments in Market, Startup and Economy with important updates, analysis and current information.","This article discusses Investment, Startup, and Market. It also covers recent developments in Economy and Market. The report provides background information, current trends, key points and analysis related to business news. Readers can learn about recent changes, important events, major developments and future possibilities.","Startup, Company, Market, Finance",420589,47434,823,8.8,3.6,Neutral,71.48
530,Market and Investment: Latest Updates and Analysis,Business,Ramesh Sharma,Insight News,2025-11-18 10:11:10.270270,"Latest developments in Investment, Finance and Finance with important updates, analysis and current information.","This article discusses Finance, Company, and Market. It also covers recent developments in Investment and Market. The report provides background information, current trends, key points and analysis related to business news. Readers can learn about recent changes, important events, major developments and future possibilities.","Finance, Market, Investment, Economy",356193,14952,7084,2.2,4.5,Negative,51.74
531,Software and Cybersecurity: Latest Updates and Analysis,Technology,Ramesh Sharma,Insight News,2025-11-19 00:46:07.567567,"Latest developments in Cybersecurity, AI and AI with important updates, analysis and current information.","This article discusses Software, AI, and Robotics. It also covers recent developments in Machine Learning and AI. The report provides background information, current trends, key points and analysis related to technology news. Readers can learn about recent changes, important events, major developments and future possibilities.","Cybersecurity, Software, Cloud, Machine Learning",435816,29075,12455,7.1,4.4,Neutral,73.59
532,Education and Student: Latest Updates and Analysis,Education,Sita Rai,World Today,2025-11-19 15:21:04.864864,"Latest developments in Student, University and School with important updates, analysis and current information.","This article discusses University, Learning, and School. It also covers recent developments in School and Student. The report provides background information, current trends, key points and analysis related to education news. Readers can learn about recent changes, important events, major developments and future possibilities.","College, Student, School, Learning",130323,18939,10607,4.1,4.2,Neutral,35.05
533,Cloud and Machine Learning: Latest Updates and Analysis,Technology,Bikash Adhikari,News Hub,2025-11-20 05:56:02.162162,"Latest developments in Cybersecurity, Cloud and Machine Learning with important updates, analysis and current information.","This article discusses Cybersecurity, Robotics, and Cloud. It also covers recent developments in Machine Learning and AI. The report provides background information, current trends, key points and analysis related to technology news. Readers can learn about recent changes, important events, major developments and future possibilities.","Software, Cloud, Machine Learning, AI",266200,46995,16919,3.9,4.6,Neutral,71.85
534,Cloud and Robotics: Latest Updates and Analysis,Technology,Nisha Karki,TechDaily,2025-11-20 20:30:59.459459,"Latest developments in Machine Learning, Machine Learning and Cybersecurity with important updates, analysis and current information.","This article discusses Robotics, Cloud, and Machine Learning. It also covers recent developments in Robotics and Cybersecurity. The report provides background information, current trends, key points and analysis related to technology news. Readers can learn about recent changes, important events, major developments and future possibilities.","AI, Robotics, Cybersecurity, Cloud",203261,15624,14236,3.4,4.8,Neutral,43.99
535,Player and League: Latest Updates and Analysis,Sports,Aarav Thapa,TechDaily,2025-11-21 11:05:56.756756,"Latest developments in Tournament, Player and Cricket with important updates, analysis and current information.","This article discusses Tournament, Match, and Cricket. It also covers recent developments in Tournament and Match. The report provides background information, current trends, key points and analysis related to sports news. Readers can learn about recent changes, important events, major developments and future possibilities.","Tournament, Player, Cricket, Football",351033,1735,19394,12.7,3.9,Neutral,55.58
536,Space and Research: Latest Updates and Analysis,Science,Nisha Karki,News Hub,2025-11-22 01:40:54.054054,"Latest developments in Physics, Space and Physics with important updates, analysis and current information.","This article discusses Biology, Biology, and Experiment. It also covers recent developments in Experiment and Biology. The report provides background information, current trends, key points and analysis related to science news. Readers can learn about recent changes, important events, major developments and future possibilities.","Research, Discovery, Biology, Physics",351695,24315,16236,5.4,3.1,Negative,66.08
537,School and Education: Latest Updates and Analysis,Education,Anil Gurung,Insight News,2025-11-22 16:15:51.351351,"Latest developments in Student, Learning and Student with important updates, analysis and current information.","This article discusses Student, Education, and College. It also covers recent developments in Learning and Learning. The report provides background information, current trends, key points and analysis related to education news. Readers can learn about recent changes, important events, major developments and future possibilities.","School, Learning, Education, Student",117882,17422,10819,8.5,3.5,Neutral,33.11
538,Film and Actor: Latest Updates and Analysis,Entertainment,Aarav Thapa,Daily Report,2025-11-23 06:50:48.648648,"Latest developments in Film, Actor and Music with important updates, analysis and current information.","This article discusses Music, Music, and Music. It also covers recent developments in Music and Movie. The report provides background information, current trends, key points and analysis related to entertainment news. Readers can learn about recent changes, important events, major developments and future possibilities.","Music, Celebrity, Film, Actor",264609,39137,11969,17.5,4.4,Negative,62.01
539,Disease and Healthcare: Latest Updates and Analysis,Health,Raj Joshi,Daily Report,2025-11-23 21:25:45.945945,"Latest developments in Disease, Healthcare and Patient with important updates, analysis and current information.","This article discusses Treatment, Healthcare, and Hospital. It also covers recent developments in Hospital and Treatment. The report provides background information, current trends, key points and analysis related to health news. Readers can learn about recent changes, important events, major developments and future possibilities.","Medicine, Disease, Hospital, Treatment",334448,7127,17333,9.6,4.1,Positive,55.11
540,Economy and Finance: Latest Updates and Analysis,Business,Sita Rai,Daily Report,2025-11-24 12:00:43.243243,"Latest developments in Finance, Market and Finance with important updates, analysis and current information.","This article discusses Investment, Finance, and Market. It also covers recent developments in Finance and Investment. The report provides background information, current trends, key points and analysis related to business news. Readers can learn about recent changes, important events, major developments and future possibilities.","Startup, Company, Market, Investment",398316,35680,11700,18.5,2.9,Neutral,73.05
541,Series and Series: Latest Updates and Analysis,Entertainment,Sita Rai,Insight News,2025-11-25 02:35:40.540540,"Latest developments in Film, Celebrity and Celebrity with important updates, analysis and current information.","This article discusses Celebrity, Movie, and Music. It also covers recent developments in Series and Music. The report provides background information, current trends, key points and analysis related to entertainment news. Readers can learn about recent changes, important events, major developments and future possibilities.","Music, Celebrity, Movie, Series",319316,48232,543,11.0,2.6,Neutral,61.54
542,Company and Market: Latest Updates and Analysis,Business,Bikash Adhikari,Insight News,2025-11-25 17:10:37.837837,"Latest developments in Investment, Company and Investment with important updates, analysis and current information.","This article discusses Company, Investment, and Market. It also covers recent developments in Economy and Market. The report provides background information, current trends, key points and analysis related to business news. Readers can learn about recent changes, important events, major developments and future possibilities.","Startup, Market, Finance, Company",52599,12606,3900,9.2,4.2,Neutral,16.75
543,Football and Football: Latest Updates and Analysis,Sports,Aarav Thapa,News Hub,2025-11-26 07:45:35.135135,"Latest developments in Football, Match and Cricket with important updates, analysis and current information.","This article discusses Match, Football, and Tournament. It also covers recent developments in Match and Player. The report provides background information, current trends, key points and analysis related to sports news. Readers can learn about recent changes, important events, major developments and future possibilities.","Match, Cricket, Player, League",257123,32743,11945,15.5,3.1,Negative,57.39
544,Company and Investment: Latest Updates and Analysis,Business,Ramesh Sharma,TechDaily,2025-11-26 22:20:32.432432,"Latest developments in Investment, Finance and Market with important updates, analysis and current information.","This article discusses Market, Market, and Finance. It also covers recent developments in Economy and Company. The report provides background information, current trends, key points and analysis related to business news. Readers can learn about recent changes, important events, major developments and future possibilities.","Market, Investment, Company, Economy",331455,34010,4224,3.3,3.7,Positive,57.87
545,Cloud and Robotics: Latest Updates and Analysis,Technology,Aarav Thapa,News Hub,2025-11-27 12:55:29.729729,"Latest developments in Cloud, AI and Robotics with important updates, analysis and current information.","This article discusses Software, Cybersecurity, and Machine Learning. It also covers recent developments in Software and Cloud. The report provides background information, current trends, key points and analysis related to technology news. Readers can learn about recent changes, important events, major developments and future possibilities.","AI, Machine Learning, Cybersecurity, Robotics",144079,15636,13758,3.6,4.4,Positive,37.59
546,Student and College: Latest Updates and Analysis,Education,Anil Gurung,News Hub,2025-11-28 03:30:27.027027,"Latest developments in College, Learning and Education with important updates, analysis and current information.","This article discusses Student, School, and School. It also covers recent developments in College and Learning. The report provides background information, current trends, key points and analysis related to education news. Readers can learn about recent changes, important events, major developments and future possibilities.","College, Education, Student, University",148508,25348,14949,13.7,3.9,Neutral,45.07
547,Hospital and Disease: Latest Updates and Analysis,Health,Ramesh Sharma,Insight News,2025-11-28 18:05:24.324324,"Latest developments in Treatment, Patient and Healthcare with important updates, analysis and current information.","This article discusses Treatment, Disease, and Medicine. It also covers recent developments in Treatment and Patient. The report provides background information, current trends, key points and analysis related to health news. Readers can learn about recent changes, important events, major developments and future possibilities.","Healthcare, Disease, Medicine, Patient",347464,10108,2866,10.8,2.7,Positive,43.74
548,Minister and Government: Latest Updates and Analysis,Politics,Mina Shrestha,Daily Report,2025-11-29 08:40:21.621621,"Latest developments in Policy, Election and Parliament with important updates, analysis and current information.","This article discusses Law, Government, and Parliament. It also covers recent developments in Policy and Government. The report provides background information, current trends, key points and analysis related to politics news. Readers can learn about recent changes, important events, major developments and future possibilities.","Law, Policy, Government, Parliament",356091,8098,18630,16.2,3.0,Negative,59.16
549,Economy and Company: Latest Updates and Analysis,Business,Mina Shrestha,Global News,2025-11-29 23:15:18.918918,"Latest developments in Startup, Market and Finance with important updates, analysis and current information.","This article discusses Finance, Economy, and Market. It also covers recent developments in Investment and Investment. The report provides background information, current trends, key points and analysis related to business news. Readers can learn about recent changes, important events, major developments and future possibilities.","Economy, Company, Startup, Investment",183503,36180,18220,18.5,3.0,Positive,58.37
550,Music and Celebrity: Latest Updates and Analysis,Entertainment,Raj Joshi,TechDaily,2025-11-30 13:50:16.216216,"Latest developments in Music, Movie and Music with important updates, analysis and current information.","This article discusses Celebrity, Music, and Movie. It also covers recent developments in Actor and Movie. The report provides background information, current trends, key points and analysis related to entertainment news. Readers can learn about recent changes, important events, major developments and future possibilities.","Celebrity, Film, Movie, Series",473988,18883,8268,9.0,3.1,Neutral,67.09
551,Cybersecurity and Cybersecurity: Latest Updates and Analysis,Technology,Mina Shrestha,Insight News,2025-12-01 04:25:13.513513,"Latest developments in Cybersecurity, AI and Cybersecurity with important updates, analysis and current information.","This article discusses Robotics, Cybersecurity, and Machine Learning. It also covers recent developments in Machine Learning and Software. The report provides background information, current trends, key points and analysis related to technology news. Readers can learn about recent changes, important events, major developments and future possibilities.","Software, Cloud, Machine Learning, AI",371703,44400,12813,12.7,3.9,Positive,76.75
552,Election and Parliament: Latest Updates and Analysis,Politics,Sita Rai,Daily Report,2025-12-01 19:00:10.810810,"Latest developments in Election, Government and Election with important updates, analysis and current information.","This article discusses Election, Law, and Law. It also covers recent developments in Law and Election. The report provides background information, current trends, key points and analysis related to politics news. Readers can learn about recent changes, important events, major developments and future possibilities.","Policy, Law, Election, Government",339999,45999,16732,11.0,3.8,Neutral,78.45
553,Disease and Hospital: Latest Updates and Analysis,Health,Aarav Thapa,Global News,2025-12-02 09:35:08.108108,"Latest developments in Healthcare, Medicine and Hospital with important updates, analysis and current information.","This article discusses Medicine, Patient, and Medicine. It also covers recent developments in Medicine and Hospital. The report provides background information, current trends, key points and analysis related to health news. Readers can learn about recent changes, important events, major developments and future possibilities.","Treatment, Healthcare, Disease, Medicine",331027,47951,4601,19.7,3.0,Neutral,66.6
554,Policy and Government: Latest Updates and Analysis,Politics,Mina Shrestha,Global News,2025-12-03 00:10:05.405405,"Latest developments in Policy, Election and Government with important updates, analysis and current information.","This article discusses Government, Minister, and Election. It also covers recent developments in Minister and Minister. The report provides background information, current trends, key points and analysis related to politics news. Readers can learn about recent changes, important events, major developments and future possibilities.","Minister, Government, Law, Parliament",201123,7160,12930,17.0,2.7,Positive,37.38
555,Software and Machine Learning: Latest Updates and Analysis,Technology,Nisha Karki,Insight News,2025-12-03 14:45:02.702702,"Latest developments in Software, Cybersecurity and Cybersecurity with important updates, analysis and current information.","This article discusses Cybersecurity, Machine Learning, and Robotics. It also covers recent developments in Cloud and Machine Learning. The report provides background information, current trends, key points and analysis related to technology news. Readers can learn about recent changes, important events, major developments and future possibilities.","Software, Cybersecurity, Robotics, Cloud",183681,19929,4333,18.4,2.9,Neutral,34.72
556,Student and School: Latest Updates and Analysis,Education,Bikash Adhikari,World Today,2025-12-04 05:20:00.000000,"Latest developments in Education, Student and College with important updates, analysis and current information.","This article discusses Student, Education, and Student. It also covers recent developments in Student and Learning. The report provides background information, current trends, key points and analysis related to education news. Readers can learn about recent changes, important events, major developments and future possibilities.","Learning, University, Student, College",390095,17597,5399,6.6,5.0,Neutral,55.04
557,Education and University: Latest Updates and Analysis,Education,Nisha Karki,TechDaily,2025-12-04 19:54:57.297297,"Latest developments in School, Education and College with important updates, analysis and current information.","This article discusses Student, University, and University. It also covers recent developments in Learning and College. The report provides background information, current trends, key points and analysis related to education news. Readers can learn about recent changes, important events, major developments and future possibilities.","College, Student, Education, Learning",268716,11123,17839,15.9,3.7,Negative,51.44
558,Biology and Research: Latest Updates and Analysis,Science,Mina Shrestha,Global News,2025-12-05 10:29:54.594594,"Latest developments in Discovery, Biology and Discovery with important updates, analysis and current information.","This article discusses Research, Space, and Space. It also covers recent developments in Space and Space. The report provides background information, current trends, key points and analysis related to science news. Readers can learn about recent changes, important events, major developments and future possibilities.","Discovery, Space, Physics, Research",415696,49570,18569,6.8,4.7,Positive,90.02
559,College and University: Latest Updates and Analysis,Education,Raj Joshi,Insight News,2025-12-06 01:04:51.891891,"Latest developments in University, University and Learning with important updates, analysis and current information.","This article discusses Education, School, and Education. It also covers recent developments in Student and College. The report provides background information, current trends, key points and analysis related to education news. Readers can learn about recent changes, important events, major developments and future possibilities.","Student, College, University, Learning",365396,28357,7436,5.8,4.6,Neutral,61.08
560,Discovery and Biology: Latest Updates and Analysis,Science,Bikash Adhikari,Insight News,2025-12-06 15:39:49.189189,"Latest developments in Discovery, Space and Experiment with important updates, analysis and current information.","This article discusses Biology, Discovery, and Discovery. It also covers recent developments in Experiment and Experiment. The report provides background information, current trends, key points and analysis related to science news. Readers can learn about recent changes, important events, major developments and future possibilities.","Discovery, Physics, Research, Experiment",158452,4960,14947,19.0,3.8,Negative,33.8
561,Minister and Government: Latest Updates and Analysis,Politics,Anil Gurung,Daily Report,2025-12-07 06:14:46.486486,"Latest developments in Law, Minister and Election with important updates, analysis and current information.","This article discusses Policy, Election, and Government. It also covers recent developments in Parliament and Minister. The report provides background information, current trends, key points and analysis related to politics news. Readers can learn about recent changes, important events, major developments and future possibilities.","Law, Minister, Parliament, Election",153031,33556,13961,2.3,4.3,Neutral,49.48
562,Football and Tournament: Latest Updates and Analysis,Sports,Nisha Karki,World Today,2025-12-07 20:49:43.783783,"Latest developments in League, Cricket and Cricket with important updates, analysis and current information.","This article discusses Player, Football, and League. It also covers recent developments in Match and Player. The report provides background information, current trends, key points and analysis related to sports news. Readers can learn about recent changes, important events, major developments and future possibilities.","Tournament, League, Cricket, Match",230513,18255,8086,19.4,3.0,Negative,42.15
563,Actor and Series: Latest Updates and Analysis,Entertainment,Raj Joshi,TechDaily,2025-12-08 11:24:41.081081,"Latest developments in Film, Celebrity and Celebrity with important updates, analysis and current information.","This article discusses Celebrity, Movie, and Actor. It also covers recent developments in Music and Celebrity. The report provides background information, current trends, key points and analysis related to entertainment news. Readers can learn about recent changes, important events, major developments and future possibilities.","Film, Music, Actor, Series",441718,13350,3682,4.7,4.2,Negative,55.94
564,Music and Film: Latest Updates and Analysis,Entertainment,Aarav Thapa,News Hub,2025-12-09 01:59:38.378378,"Latest developments in Film, Series and Film with important updates, analysis and current information.","This article discusses Movie, Actor, and Music. It also covers recent developments in Music and Movie. The report provides background information, current trends, key points and analysis related to entertainment news. Readers can learn about recent changes, important events, major developments and future possibilities.","Celebrity, Series, Film, Music",139434,30881,18230,16.7,3.2,Neutral,50.78
565,Election and Policy: Latest Updates and Analysis,Politics,Aarav Thapa,Daily Report,2025-12-09 16:34:35.675675,"Latest developments in Law, Law and Minister with important updates, analysis and current information.","This article discusses Policy, Minister, and Government. It also covers recent developments in Election and Election. The report provides background information, current trends, key points and analysis related to politics news. Readers can learn about recent changes, important events, major developments and future possibilities.","Parliament, Law, Minister, Policy",404382,18409,1854,7.0,4.6,Neutral,53.42
566,Startup and Startup: Latest Updates and Analysis,Business,Nisha Karki,Global News,2025-12-10 07:09:32.972972,"Latest developments in Investment, Market and Market with important updates, analysis and current information.","This article discusses Market, Investment, and Economy. It also covers recent developments in Startup and Market. The report provides background information, current trends, key points and analysis related to business news. Readers can learn about recent changes, important events, major developments and future possibilities.","Company, Market, Finance, Startup",146726,32635,2985,8.3,2.7,Positive,37.31
567,Startup and Company: Latest Updates and Analysis,Business,Mina Shrestha,Global News,2025-12-10 21:44:30.270270,"Latest developments in Economy, Investment and Investment with important updates, analysis and current information.","This article discusses Economy, Economy, and Company. It also covers recent developments in Finance and Startup. The report provides background information, current trends, key points and analysis related to business news. Readers can learn about recent changes, important events, major developments and future possibilities.","Finance, Market, Investment, Economy",7108,2446,10817,5.9,4.4,Neutral,13.0
568,Student and School: Latest Updates and Analysis,Education,Raj Joshi,Daily Report,2025-12-11 12:19:27.567567,"Latest developments in College, Education and Student with important updates, analysis and current information.","This article discusses School, College, and Education. It also covers recent developments in Education and College. The report provides background information, current trends, key points and analysis related to education news. Readers can learn about recent changes, important events, major developments and future possibilities.","Student, School, University, Learning",350095,30657,19278,12.5,2.7,Negative,72.78
569,Movie and Celebrity: Latest Updates and Analysis,Entertainment,Aarav Thapa,Insight News,2025-12-12 02:54:24.864864,"Latest developments in Series, Actor and Actor with important updates, analysis and current information.","This article discusses Film, Series, and Movie. It also covers recent developments in Movie and Movie. The report provides background information, current trends, key points and analysis related to entertainment news. Readers can learn about recent changes, important events, major developments and future possibilities.","Series, Actor, Movie, Celebrity",80899,21207,7496,8.3,4.7,Neutral,28.36
570,Series and Music: Latest Updates and Analysis,Entertainment,Anil Gurung,Global News,2025-12-12 17:29:22.162162,"Latest developments in Series, Film and Series with important updates, analysis and current information.","This article discusses Music, Film, and Actor. It also covers recent developments in Celebrity and Music. The report provides background information, current trends, key points and analysis related to entertainment news. Readers can learn about recent changes, important events, major developments and future possibilities.","Actor, Music, Series, Celebrity",278482,48951,558,13.8,3.3,Neutral,57.9
571,Biology and Biology: Latest Updates and Analysis,Science,Ramesh Sharma,World Today,2025-12-13 08:04:19.459459,"Latest developments in Physics, Experiment and Experiment with important updates, analysis and current information.","This article discusses Physics, Experiment, and Experiment. It also covers recent developments in Biology and Discovery. The report provides background information, current trends, key points and analysis related to science news. Readers can learn about recent changes, important events, major developments and future possibilities.","Experiment, Physics, Discovery, Research",235118,8752,19280,2.3,4.1,Neutral,48.09
572,League and Football: Latest Updates and Analysis,Sports,Mina Shrestha,TechDaily,2025-12-13 22:39:16.756756,"Latest developments in League, Tournament and Football with important updates, analysis and current information.","This article discusses Football, Player, and Cricket. It also covers recent developments in Player and Match. The report provides background information, current trends, key points and analysis related to sports news. Readers can learn about recent changes, important events, major developments and future possibilities.","Player, Cricket, League, Football",475341,13440,1254,3.2,3.7,Positive,56.93
573,Cybersecurity and AI: Latest Updates and Analysis,Technology,Raj Joshi,World Today,2025-12-14 13:14:14.054054,"Latest developments in Cloud, Robotics and Cloud with important updates, analysis and current information.","This article discusses AI, Software, and Cloud. It also covers recent developments in Machine Learning and Cybersecurity. The report provides background information, current trends, key points and analysis related to technology news. Readers can learn about recent changes, important events, major developments and future possibilities.","AI, Cloud, Software, Machine Learning",279397,44864,15667,3.8,3.4,Negative,70.64
574,Economy and Finance: Latest Updates and Analysis,Business,Anil Gurung,Global News,2025-12-15 03:49:11.351351,"Latest developments in Company, Investment and Market with important updates, analysis and current information.","This article discusses Company, Finance, and Market. It also covers recent developments in Company and Finance. The report provides background information, current trends, key points and analysis related to business news. Readers can learn about recent changes, important events, major developments and future possibilities.","Startup, Finance, Company, Economy",59453,49691,18065,9.5,4.1,Neutral,53.92
575,Series and Celebrity: Latest Updates and Analysis,Entertainment,Raj Joshi,News Hub,2025-12-15 18:24:08.648648,"Latest developments in Movie, Celebrity and Film with important updates, analysis and current information.","This article discusses Music, Music, and Music. It also covers recent developments in Celebrity and Movie. The report provides background information, current trends, key points and analysis related to entertainment news. Readers can learn about recent changes, important events, major developments and future possibilities.","Actor, Music, Movie, Celebrity",52192,6499,16078,16.7,4.9,Positive,25.22
576,Physics and Physics: Latest Updates and Analysis,Science,Bikash Adhikari,TechDaily,2025-12-16 08:59:05.945945,"Latest developments in Space, Discovery and Discovery with important updates, analysis and current information.","This article discusses Discovery, Physics, and Biology. It also covers recent developments in Physics and Physics. The report provides background information, current trends, key points and analysis related to science news. Readers can learn about recent changes, important events, major developments and future possibilities.","Space, Discovery, Experiment, Research",244007,21139,10006,18.0,2.6,Negative,47.16
577,Disease and Treatment: Latest Updates and Analysis,Health,Anil Gurung,TechDaily,2025-12-16 23:34:03.243243,"Latest developments in Disease, Hospital and Disease with important updates, analysis and current information.","This article discusses Hospital, Patient, and Healthcare. It also covers recent developments in Hospital and Healthcare. The report provides background information, current trends, key points and analysis related to health news. Readers can learn about recent changes, important events, major developments and future possibilities.","Treatment, Medicine, Patient, Healthcare",174324,14767,6283,6.4,4.8,Neutral,32.62
578,Biology and Space: Latest Updates and Analysis,Science,Mina Shrestha,Daily Report,2025-12-17 14:09:00.540540,"Latest developments in Experiment, Physics and Research with important updates, analysis and current information.","This article discusses Experiment, Physics, and Research. It also covers recent developments in Experiment and Experiment. The report provides background information, current trends, key points and analysis related to science news. Readers can learn about recent changes, important events, major developments and future possibilities.","Discovery, Research, Space, Experiment",49204,22343,8854,12.3,4.0,Neutral,27.23
579,Startup and Company: Latest Updates and Analysis,Business,Bikash Adhikari,Daily Report,2025-12-18 04:43:57.837837,"Latest developments in Economy, Startup and Market with important updates, analysis and current information.","This article discusses Economy, Investment, and Economy. It also covers recent developments in Startup and Investment. The report provides background information, current trends, key points and analysis related to business news. Readers can learn about recent changes, important events, major developments and future possibilities.","Economy, Finance, Company, Startup",155455,27712,12308,15.8,4.5,Neutral,44.55
580,Company and Startup: Latest Updates and Analysis,Business,Mina Shrestha,News Hub,2025-12-18 19:18:55.135135,"Latest developments in Investment, Startup and Company with important updates, analysis and current information.","This article discusses Startup, Economy, and Company. It also covers recent developments in Startup and Investment. The report provides background information, current trends, key points and analysis related to business news. Readers can learn about recent changes, important events, major developments and future possibilities.","Investment, Economy, Startup, Finance",439745,19673,3325,7.2,3.5,Neutral,59.19
581,Physics and Space: Latest Updates and Analysis,Science,Aarav Thapa,Insight News,2025-12-19 09:53:52.432432,"Latest developments in Experiment, Experiment and Discovery with important updates, analysis and current information.","This article discusses Biology, Physics, and Biology. It also covers recent developments in Experiment and Experiment. The report provides background information, current trends, key points and analysis related to science news. Readers can learn about recent changes, important events, major developments and future possibilities.","Physics, Experiment, Biology, Space",470539,29488,17625,9.4,3.7,Negative,82.48
582,Software and Machine Learning: Latest Updates and Analysis,Technology,Ramesh Sharma,TechDaily,2025-12-20 00:28:49.729729,"Latest developments in Software, Cybersecurity and Software with important updates, analysis and current information.","This article discusses Cybersecurity, Software, and Cloud. It also covers recent developments in Cybersecurity and Cybersecurity. The report provides background information, current trends, key points and analysis related to technology news. Readers can learn about recent changes, important events, major developments and future possibilities.","Cybersecurity, AI, Machine Learning, Robotics",219706,26520,3143,11.4,4.7,Neutral,41.1
583,Law and Parliament: Latest Updates and Analysis,Politics,Mina Shrestha,News Hub,2025-12-20 15:03:47.027027,"Latest developments in Minister, Government and Minister with important updates, analysis and current information.","This article discusses Policy, Policy, and Parliament. It also covers recent developments in Minister and Minister. The report provides background information, current trends, key points and analysis related to politics news. Readers can learn about recent changes, important events, major developments and future possibilities.","Government, Minister, Law, Policy",448273,44105,3037,4.4,3.5,Neutral,74.46
584,Economy and Economy: Latest Updates and Analysis,Business,Mina Shrestha,Daily Report,2025-12-21 05:38:44.324324,"Latest developments in Company, Market and Company with important updates, analysis and current information.","This article discusses Market, Investment, and Investment. It also covers recent developments in Market and Economy. The report provides background information, current trends, key points and analysis related to business news. Readers can learn about recent changes, important events, major developments and future possibilities.","Market, Company, Economy, Investment",28987,48587,12417,2.5,3.8,Positive,44.56
585,Experiment and Space: Latest Updates and Analysis,Science,Aarav Thapa,Daily Report,2025-12-21 20:13:41.621621,"Latest developments in Space, Discovery and Discovery with important updates, analysis and current information.","This article discusses Space, Experiment, and Space. It also covers recent developments in Discovery and Biology. The report provides background information, current trends, key points and analysis related to science news. Readers can learn about recent changes, important events, major developments and future possibilities.","Discovery, Experiment, Space, Physics",439488,15784,18165,4.8,2.6,Negative,71.67
586,Series and Music: Latest Updates and Analysis,Entertainment,Sita Rai,TechDaily,2025-12-22 10:48:38.918918,"Latest developments in Film, Actor and Movie with important updates, analysis and current information.","This article discusses Music, Actor, and Actor. It also covers recent developments in Movie and Series. The report provides background information, current trends, key points and analysis related to entertainment news. Readers can learn about recent changes, important events, major developments and future possibilities.","Movie, Music, Celebrity, Series",266599,38079,4675,13.3,2.9,Positive,54.28
587,Discovery and Discovery: Latest Updates and Analysis,Science,Aarav Thapa,World Today,2025-12-23 01:23:36.216216,"Latest developments in Research, Biology and Biology with important updates, analysis and current information.","This article discusses Discovery, Space, and Biology. It also covers recent developments in Discovery and Space. The report provides background information, current trends, key points and analysis related to science news. Readers can learn about recent changes, important events, major developments and future possibilities.","Physics, Biology, Space, Discovery",295945,44220,17861,3.3,4.1,Negative,74.1
588,Cricket and Tournament: Latest Updates and Analysis,Sports,Bikash Adhikari,Global News,2025-12-23 15:58:33.513513,"Latest developments in Player, League and Player with important updates, analysis and current information.","This article discusses Cricket, League, and League. It also covers recent developments in Match and Cricket. The report provides background information, current trends, key points and analysis related to sports news. Readers can learn about recent changes, important events, major developments and future possibilities.","Match, Player, League, Cricket",172706,20491,7148,5.4,4.3,Neutral,36.77
589,Minister and Parliament: Latest Updates and Analysis,Politics,Aarav Thapa,Daily Report,2025-12-24 06:33:30.810810,"Latest developments in Minister, Law and Election with important updates, analysis and current information.","This article discusses Government, Government, and Law. It also covers recent developments in Minister and Policy. The report provides background information, current trends, key points and analysis related to politics news. Readers can learn about recent changes, important events, major developments and future possibilities.","Election, Parliament, Law, Government",251520,47342,7551,8.1,4.0,Neutral,61.22
590,Patient and Hospital: Latest Updates and Analysis,Health,Aarav Thapa,Insight News,2025-12-24 21:08:28.108108,"Latest developments in Disease, Hospital and Patient with important updates, analysis and current information.","This article discusses Healthcare, Healthcare, and Patient. It also covers recent developments in Patient and Treatment. The report provides background information, current trends, key points and analysis related to health news. Readers can learn about recent changes, important events, major developments and future possibilities.","Hospital, Healthcare, Treatment, Medicine",71542,48720,16490,3.4,2.9,Negative,52.97
591,Machine Learning and Cybersecurity: Latest Updates and Analysis,Technology,Ramesh Sharma,Insight News,2025-12-25 11:43:25.405405,"Latest developments in Software, AI and Machine Learning with important updates, analysis and current information.","This article discusses Robotics, Software, and Machine Learning. It also covers recent developments in AI and Software. The report provides background information, current trends, key points and analysis related to technology news. Readers can learn about recent changes, important events, major developments and future possibilities.","AI, Cloud, Machine Learning, Robotics",454590,35268,2668,5.5,3.6,Positive,69.4
592,School and School: Latest Updates and Analysis,Education,Aarav Thapa,Daily Report,2025-12-26 02:18:22.702702,"Latest developments in Learning, School and School with important updates, analysis and current information.","This article discusses University, Student, and Learning. It also covers recent developments in University and University. The report provides background information, current trends, key points and analysis related to education news. Readers can learn about recent changes, important events, major developments and future possibilities.","Education, College, Student, School",471424,14718,17548,18.4,3.4,Neutral,73.6
593,Treatment and Treatment: Latest Updates and Analysis,Health,Raj Joshi,World Today,2025-12-26 16:53:20.000000,"Latest developments in Medicine, Treatment and Hospital with important updates, analysis and current information.","This article discusses Patient, Disease, and Treatment. It also covers recent developments in Healthcare and Patient. The report provides background information, current trends, key points and analysis related to health news. Readers can learn about recent changes, important events, major developments and future possibilities.","Medicine, Healthcare, Disease, Hospital",12379,35597,14912,2.3,3.7,Neutral,37.58
594,Parliament and Law: Latest Updates and Analysis,Politics,Mina Shrestha,World Today,2025-12-27 07:28:17.297297,"Latest developments in Law, Minister and Parliament with important updates, analysis and current information.","This article discusses Parliament, Government, and Parliament. It also covers recent developments in Law and Government. The report provides background information, current trends, key points and analysis related to politics news. Readers can learn about recent changes, important events, major developments and future possibilities.","Parliament, Policy, Government, Minister",174663,32815,17541,13.8,4.7,Neutral,54.78
595,Policy and Government: Latest Updates and Analysis,Politics,Raj Joshi,News Hub,2025-12-27 22:03:14.594594,"Latest developments in Government, Parliament and Policy with important updates, analysis and current information.","This article discusses Law, Parliament, and Policy. It also covers recent developments in Election and Policy. The report provides background information, current trends, key points and analysis related to politics news. Readers can learn about recent changes, important events, major developments and future possibilities.","Election, Parliament, Policy, Government",120838,35132,2246,8.9,4.4,Neutral,35.49
596,Minister and Law: Latest Updates and Analysis,Politics,Ramesh Sharma,Insight News,2025-12-28 12:38:11.891891,"Latest developments in Parliament, Minister and Parliament with important updates, analysis and current information.","This article discusses Law, Law, and Law. It also covers recent developments in Government and Minister. The report provides background information, current trends, key points and analysis related to politics news. Readers can learn about recent changes, important events, major developments and future possibilities.","Policy, Minister, Government, Parliament",469463,26832,6653,14.1,2.7,Neutral,69.8
597,Hospital and Treatment: Latest Updates and Analysis,Health,Nisha Karki,News Hub,2025-12-29 03:13:09.189189,"Latest developments in Hospital, Hospital and Hospital with important updates, analysis and current information.","This article discusses Patient, Hospital, and Medicine. It also covers recent developments in Patient and Patient. The report provides background information, current trends, key points and analysis related to health news. Readers can learn about recent changes, important events, major developments and future possibilities.","Disease, Healthcare, Medicine, Hospital",139433,31862,11133,12.6,4.7,Neutral,44.27
598,Series and Movie: Latest Updates and Analysis,Entertainment,Sita Rai,Insight News,2025-12-29 17:48:06.486486,"Latest developments in Series, Film and Movie with important updates, analysis and current information.","This article discusses Celebrity, Movie, and Celebrity. It also covers recent developments in Film and Actor. The report provides background information, current trends, key points and analysis related to entertainment news. Readers can learn about recent changes, important events, major developments and future possibilities.","Celebrity, Actor, Film, Movie",135646,12864,7649,6.0,3.7,Negative,28.97
599,Government and Minister: Latest Updates and Analysis,Politics,Raj Joshi,Global News,2025-12-30 08:23:03.783783,"Latest developments in Policy, Parliament and Law with important updates, analysis and current information.","This article discusses Minister, Law, and Government. It also covers recent developments in Policy and Law. The report provides background information, current trends, key points and analysis related to politics news. Readers can learn about recent changes, important events, major developments and future possibilities.","Law, Parliament, Policy, Government",91514,22842,16895,17.2,4.4,Neutral,39.81
600,Space and Discovery: Latest Updates and Analysis,Science,Ramesh Sharma,Global News,2025-12-30 22:58:01.081081,"Latest developments in Physics, Experiment and Physics with important updates, analysis and current information.","This article discusses Research, Physics, and Space. It also covers recent developments in Experiment and Biology. The report provides background information, current trends, key points and analysis related to science news. Readers can learn about recent changes, important events, major developments and future possibilities.","Research, Biology, Space, Discovery",290634,8177,8441,10.9,2.9,Neutral,42.46
601,Patient and Treatment: Latest Updates and Analysis,Health,Bikash Adhikari,TechDaily,2025-12-31 13:32:58.378378,"Latest developments in Treatment, Disease and Treatment with important updates, analysis and current information.","This article discusses Healthcare, Healthcare, and Patient. It also covers recent developments in Healthcare and Medicine. The report provides background information, current trends, key points and analysis related to health news. Readers can learn about recent changes, important events, major developments and future possibilities.","Patient, Medicine, Healthcare, Disease",420241,46115,888,16.8,4.2,Negative,70.71
602,Student and Student: Latest Updates and Analysis,Education,Nisha Karki,News Hub,2026-01-01 04:07:55.675675,"Latest developments in Learning, University and School with important updates, analysis and current information.","This article discusses School, Learning, and Learning. It also covers recent developments in School and Education. The report provides background information, current trends, key points and analysis related to education news. Readers can learn about recent changes, important events, major developments and future possibilities.","Learning, College, University, Student",344418,40699,9215,9.3,3.1,Neutral,68.19
603,Parliament and Election: Latest Updates and Analysis,Politics,Ramesh Sharma,Daily Report,2026-01-01 18:42:52.972972,"Latest developments in Law, Policy and Policy with important updates, analysis and current information.","This article discusses Minister, Policy, and Minister. It also covers recent developments in Government and Law. The report provides background information, current trends, key points and analysis related to politics news. Readers can learn about recent changes, important events, major developments and future possibilities.","Government, Law, Policy, Parliament",452367,45609,8791,19.7,3.6,Positive,81.53
604,Space and Discovery: Latest Updates and Analysis,Science,Ramesh Sharma,News Hub,2026-01-02 09:17:50.270270,"Latest developments in Discovery, Discovery and Experiment with important updates, analysis and current information.","This article discusses Physics, Experiment, and Experiment. It also covers recent developments in Experiment and Biology. The report provides background information, current trends, key points and analysis related to science news. Readers can learn about recent changes, important events, major developments and future possibilities.","Biology, Space, Discovery, Experiment",220179,11844,19406,15.9,2.5,Neutral,48.58
605,Actor and Music: Latest Updates and Analysis,Entertainment,Sita Rai,Daily Report,2026-01-02 23:52:47.567567,"Latest developments in Actor, Actor and Film with important updates, analysis and current information.","This article discusses Music, Movie, and Music. It also covers recent developments in Actor and Music. The report provides background information, current trends, key points and analysis related to entertainment news. Readers can learn about recent changes, important events, major developments and future possibilities.","Celebrity, Film, Movie, Actor",4887,8594,18914,19.4,2.9,Positive,24.58
606,Football and Match: Latest Updates and Analysis,Sports,Mina Shrestha,World Today,2026-01-03 14:27:44.864864,"Latest developments in Cricket, Cricket and Player with important updates, analysis and current information.","This article discusses Football, Football, and Player. It also covers recent developments in Football and Player. The report provides background information, current trends, key points and analysis related to sports news. Readers can learn about recent changes, important events, major developments and future possibilities.","Player, Match, Tournament, Football",243051,13418,11075,11.3,2.7,Positive,43.48
607,Celebrity and Film: Latest Updates and Analysis,Entertainment,Raj Joshi,News Hub,2026-01-04 05:02:42.162162,"Latest developments in Music, Actor and Series with important updates, analysis and current information.","This article discusses Actor, Movie, and Series. It also covers recent developments in Actor and Movie. The report provides background information, current trends, key points and analysis related to entertainment news. Readers can learn about recent changes, important events, major developments and future possibilities.","Movie, Actor, Celebrity, Music",204570,34854,15204,10.5,3.1,Positive,56.66
608,Learning and University: Latest Updates and Analysis,Education,Bikash Adhikari,World Today,2026-01-04 19:37:39.459459,"Latest developments in University, School and University with important updates, analysis and current information.","This article discusses Learning, Student, and Learning. It also covers recent developments in University and Education. The report provides background information, current trends, key points and analysis related to education news. Readers can learn about recent changes, important events, major developments and future possibilities.","Education, University, Learning, Student",189349,23108,18448,15.6,2.8,Positive,51.31
609,Parliament and Policy: Latest Updates and Analysis,Politics,Anil Gurung,Global News,2026-01-05 10:12:36.756756,"Latest developments in Parliament, Parliament and Policy with important updates, analysis and current information.","This article discusses Policy, Minister, and Parliament. It also covers recent developments in Government and Election. The report provides background information, current trends, key points and analysis related to politics news. Readers can learn about recent changes, important events, major developments and future possibilities.","Election, Government, Policy, Minister",305968,10419,9950,17.8,4.2,Neutral,46.85
610,Student and School: Latest Updates and Analysis,Education,Raj Joshi,Global News,2026-01-06 00:47:34.054054,"Latest developments in Education, Student and College with important updates, analysis and current information.","This article discusses School, College, and College. It also covers recent developments in Student and Learning. The report provides background information, current trends, key points and analysis related to education news. Readers can learn about recent changes, important events, major developments and future possibilities.","College, Education, School, Student",10763,22539,5413,19.4,2.6,Positive,20.05
611,Hospital and Treatment: Latest Updates and Analysis,Health,Anil Gurung,TechDaily,2026-01-06 15:22:31.351351,"Latest developments in Medicine, Disease and Disease with important updates, analysis and current information.","This article discusses Healthcare, Treatment, and Hospital. It also covers recent developments in Disease and Disease. The report provides background information, current trends, key points and analysis related to health news. Readers can learn about recent changes, important events, major developments and future possibilities.","Patient, Hospital, Treatment, Medicine",409436,44370,6537,7.8,4.0,Positive,74.23
612,Startup and Economy: Latest Updates and Analysis,Business,Ramesh Sharma,News Hub,2026-01-07 05:57:28.648648,"Latest developments in Company, Finance and Startup with important updates, analysis and current information.","This article discusses Investment, Market, and Company. It also covers recent developments in Investment and Market. The report provides background information, current trends, key points and analysis related to business news. Readers can learn about recent changes, important events, major developments and future possibilities.","Company, Startup, Investment, Finance",153912,43950,3569,16.4,2.9,Positive,45.43
613,Election and Parliament: Latest Updates and Analysis,Politics,Aarav Thapa,World Today,2026-01-07 20:32:25.945945,"Latest developments in Parliament, Law and Law with important updates, analysis and current information.","This article discusses Election, Parliament, and Government. It also covers recent developments in Minister and Minister. The report provides background information, current trends, key points and analysis related to politics news. Readers can learn about recent changes, important events, major developments and future possibilities.","Minister, Government, Election, Parliament",495362,12835,1242,5.8,4.9,Positive,58.56
614,Investment and Startup: Latest Updates and Analysis,Business,Bikash Adhikari,Daily Report,2026-01-08 11:07:23.243243,"Latest developments in Investment, Company and Market with important updates, analysis and current information.","This article discusses Startup, Investment, and Company. It also covers recent developments in Investment and Market. The report provides background information, current trends, key points and analysis related to business news. Readers can learn about recent changes, important events, major developments and future possibilities.","Company, Startup, Investment, Market",133207,17533,4329,11.8,4.8,Positive,28.22
615,Discovery and Research: Latest Updates and Analysis,Science,Nisha Karki,Global News,2026-01-09 01:42:20.540540,"Latest developments in Space, Biology and Research with important updates, analysis and current information.","This article discusses Biology, Physics, and Research. It also covers recent developments in Space and Biology. The report provides background information, current trends, key points and analysis related to science news. Readers can learn about recent changes, important events, major developments and future possibilities.","Experiment, Discovery, Research, Physics",100371,49214,10487,5.2,3.1,Neutral,50.15
616,Player and Tournament: Latest Updates and Analysis,Sports,Aarav Thapa,Global News,2026-01-09 16:17:17.837837,"Latest developments in Player, Player and Tournament with important updates, analysis and current information.","This article discusses Tournament, League, and Football. It also covers recent developments in Match and Tournament. The report provides background information, current trends, key points and analysis related to sports news. Readers can learn about recent changes, important events, major developments and future possibilities.","League, Player, Tournament, Cricket",450759,29515,18309,8.3,4.0,Negative,81.2
617,Machine Learning and Robotics: Latest Updates and Analysis,Technology,Aarav Thapa,Daily Report,2026-01-10 06:52:15.135135,"Latest developments in Robotics, Software and Cloud with important updates, analysis and current information.","This article discusses Software, Cybersecurity, and Robotics. It also covers recent developments in Machine Learning and Robotics. The report provides background information, current trends, key points and analysis related to technology news. Readers can learn about recent changes, important events, major developments and future possibilities.","Cloud, Software, Robotics, Cybersecurity",67488,35921,3395,18.8,2.6,Negative,31.77
618,School and College: Latest Updates and Analysis,Education,Raj Joshi,World Today,2026-01-10 21:27:12.432432,"Latest developments in University, School and University with important updates, analysis and current information.","This article discusses University, Learning, and University. It also covers recent developments in School and University. The report provides background information, current trends, key points and analysis related to education news. Readers can learn about recent changes, important events, major developments and future possibilities.","Student, College, Learning, University",52435,41968,16824,4.6,4.8,Negative,47.33
619,Actor and Series: Latest Updates and Analysis,Entertainment,Bikash Adhikari,World Today,2026-01-11 12:02:09.729729,"Latest developments in Music, Celebrity and Celebrity with important updates, analysis and current information.","This article discusses Series, Movie, and Actor. It also covers recent developments in Movie and Celebrity. The report provides background information, current trends, key points and analysis related to entertainment news. Readers can learn about recent changes, important events, major developments and future possibilities.","Celebrity, Movie, Music, Series",43415,22322,19127,13.4,3.8,Positive,36.91
620,Match and Tournament: Latest Updates and Analysis,Sports,Mina Shrestha,News Hub,2026-01-12 02:37:07.027027,"Latest developments in Tournament, Player and Player with important updates, analysis and current information.","This article discusses Cricket, League, and Football. It also covers recent developments in Player and Tournament. The report provides background information, current trends, key points and analysis related to sports news. Readers can learn about recent changes, important events, major developments and future possibilities.","Player, Football, League, Cricket",457481,10223,8039,12.7,2.6,Positive,59.99
621,Minister and Government: Latest Updates and Analysis,Politics,Ramesh Sharma,News Hub,2026-01-12 17:12:04.324324,"Latest developments in Minister, Minister and Law with important updates, analysis and current information.","This article discusses Government, Law, and Government. It also covers recent developments in Government and Government. The report provides background information, current trends, key points and analysis related to politics news. Readers can learn about recent changes, important events, major developments and future possibilities.","Minister, Law, Election, Government",367166,10273,8198,4.2,3.4,Positive,51.14
622,Economy and Investment: Latest Updates and Analysis,Business,Ramesh Sharma,Insight News,2026-01-13 07:47:01.621621,"Latest developments in Economy, Market and Economy with important updates, analysis and current information.","This article discusses Startup, Economy, and Economy. It also covers recent developments in Market and Startup. The report provides background information, current trends, key points and analysis related to business news. Readers can learn about recent changes, important events, major developments and future possibilities.","Market, Economy, Investment, Finance",308871,33519,1586,7.9,2.7,Neutral,52.68
623,Celebrity and Actor: Latest Updates and Analysis,Entertainment,Ramesh Sharma,Insight News,2026-01-13 22:21:58.918918,"Latest developments in Movie, Series and Celebrity with important updates, analysis and current information.","This article discusses Actor, Movie, and Celebrity. It also covers recent developments in Celebrity and Music. The report provides background information, current trends, key points and analysis related to entertainment news. Readers can learn about recent changes, important events, major developments and future possibilities.","Actor, Film, Movie, Celebrity",401619,24160,17209,12.1,3.5,Positive,71.96
624,Startup and Economy: Latest Updates and Analysis,Business,Ramesh Sharma,TechDaily,2026-01-14 12:56:56.216216,"Latest developments in Company, Market and Investment with important updates, analysis and current information.","This article discusses Market, Finance, and Company. It also covers recent developments in Company and Market. The report provides background information, current trends, key points and analysis related to business news. Readers can learn about recent changes, important events, major developments and future possibilities.","Finance, Market, Economy, Company",49434,8849,3824,5.4,4.2,Neutral,14.1
625,Medicine and Disease: Latest Updates and Analysis,Health,Raj Joshi,Global News,2026-01-15 03:31:53.513513,"Latest developments in Patient, Hospital and Disease with important updates, analysis and current information.","This article discusses Medicine, Medicine, and Healthcare. It also covers recent developments in Medicine and Hospital. The report provides background information, current trends, key points and analysis related to health news. Readers can learn about recent changes, important events, major developments and future possibilities.","Disease, Healthcare, Patient, Treatment",187064,49852,17652,16.4,3.7,Positive,66.38
626,Company and Economy: Latest Updates and Analysis,Business,Anil Gurung,News Hub,2026-01-15 18:06:50.810810,"Latest developments in Market, Company and Finance with important updates, analysis and current information.","This article discusses Company, Economy, and Startup. It also covers recent developments in Finance and Finance. The report provides background information, current trends, key points and analysis related to business news. Readers can learn about recent changes, important events, major developments and future possibilities.","Finance, Startup, Company, Investment",192368,25656,3436,19.5,3.5,Positive,38.13
627,Hospital and Patient: Latest Updates and Analysis,Health,Ramesh Sharma,World Today,2026-01-16 08:41:48.108108,"Latest developments in Disease, Hospital and Patient with important updates, analysis and current information.","This article discusses Disease, Medicine, and Disease. It also covers recent developments in Healthcare and Hospital. The report provides background information, current trends, key points and analysis related to health news. Readers can learn about recent changes, important events, major developments and future possibilities.","Treatment, Patient, Healthcare, Hospital",327944,48988,8089,5.9,2.8,Negative,70.4
628,Discovery and Experiment: Latest Updates and Analysis,Science,Anil Gurung,Daily Report,2026-01-16 23:16:45.405405,"Latest developments in Research, Discovery and Space with important updates, analysis and current information.","This article discusses Biology, Experiment, and Discovery. It also covers recent developments in Space and Discovery. The report provides background information, current trends, key points and analysis related to science news. Readers can learn about recent changes, important events, major developments and future possibilities.","Biology, Physics, Experiment, Space",39826,10348,16057,5.4,3.1,Neutral,26.27
629,Actor and Film: Latest Updates and Analysis,Entertainment,Anil Gurung,World Today,2026-01-17 13:51:42.702702,"Latest developments in Film, Actor and Movie with important updates, analysis and current information.","This article discusses Movie, Film, and Movie. It also covers recent developments in Movie and Music. The report provides background information, current trends, key points and analysis related to entertainment news. Readers can learn about recent changes, important events, major developments and future possibilities.","Series, Actor, Film, Music",493757,17924,1310,10.2,2.8,Negative,61.53
630,Series and Movie: Latest Updates and Analysis,Entertainment,Mina Shrestha,Global News,2026-01-18 04:26:40.000000,"Latest developments in Music, Movie and Celebrity with important updates, analysis and current information.","This article discusses Movie, Film, and Series. It also covers recent developments in Film and Music. The report provides background information, current trends, key points and analysis related to entertainment news. Readers can learn about recent changes, important events, major developments and future possibilities.","Series, Actor, Film, Movie",206923,38935,9819,15.5,4.5,Neutral,53.97
631,Cybersecurity and AI: Latest Updates and Analysis,Technology,Ramesh Sharma,Insight News,2026-01-18 19:01:37.297297,"Latest developments in Cloud, Software and AI with important updates, analysis and current information.","This article discusses Cybersecurity, Software, and Cloud. It also covers recent developments in Software and Software. The report provides background information, current trends, key points and analysis related to technology news. Readers can learn about recent changes, important events, major developments and future possibilities.","AI, Software, Robotics, Machine Learning",180778,39132,15465,7.1,2.8,Negative,57.11
632,Law and Election: Latest Updates and Analysis,Politics,Sita Rai,World Today,2026-01-19 09:36:34.594594,"Latest developments in Policy, Law and Law with important updates, analysis and current information.","This article discusses Law, Election, and Government. It also covers recent developments in Parliament and Policy. The report provides background information, current trends, key points and analysis related to politics news. Readers can learn about recent changes, important events, major developments and future possibilities.","Government, Parliament, Law, Policy",248145,1983,13457,2.4,4.0,Neutral,39.5
633,Hospital and Patient: Latest Updates and Analysis,Health,Nisha Karki,TechDaily,2026-01-20 00:11:31.891891,"Latest developments in Disease, Patient and Hospital with important updates, analysis and current information.","This article discusses Healthcare, Hospital, and Hospital. It also covers recent developments in Healthcare and Healthcare. The report provides background information, current trends, key points and analysis related to health news. Readers can learn about recent changes, important events, major developments and future possibilities.","Treatment, Medicine, Healthcare, Patient",292938,24890,477,11.7,3.4,Negative,44.78
634,AI and Software: Latest Updates and Analysis,Technology,Aarav Thapa,Global News,2026-01-20 14:46:29.189189,"Latest developments in AI, Software and Robotics with important updates, analysis and current information.","This article discusses Cybersecurity, Machine Learning, and Cloud. It also covers recent developments in Robotics and Cloud. The report provides background information, current trends, key points and analysis related to technology news. Readers can learn about recent changes, important events, major developments and future possibilities.","AI, Machine Learning, Software, Cloud",162425,14629,8906,19.2,3.1,Positive,33.97
635,Startup and Finance: Latest Updates and Analysis,Business,Anil Gurung,Insight News,2026-01-21 05:21:26.486486,"Latest developments in Company, Investment and Economy with important updates, analysis and current information.","This article discusses Finance, Company, and Market. It also covers recent developments in Company and Investment. The report provides background information, current trends, key points and analysis related to business news. Readers can learn about recent changes, important events, major developments and future possibilities.","Startup, Investment, Market, Economy",155402,49056,9868,9.0,4.1,Neutral,54.95
636,Investment and Investment: Latest Updates and Analysis,Business,Bikash Adhikari,Daily Report,2026-01-21 19:56:23.783783,"Latest developments in Economy, Company and Market with important updates, analysis and current information.","This article discusses Economy, Company, and Investment. It also covers recent developments in Finance and Company. The report provides background information, current trends, key points and analysis related to business news. Readers can learn about recent changes, important events, major developments and future possibilities.","Startup, Economy, Company, Investment",185146,11273,18546,9.6,3.6,Neutral,43.87
637,Cybersecurity and Robotics: Latest Updates and Analysis,Technology,Bikash Adhikari,Insight News,2026-01-22 10:31:21.081081,"Latest developments in Software, Robotics and Machine Learning with important updates, analysis and current information.","This article discusses Cybersecurity, Machine Learning, and AI. It also covers recent developments in Machine Learning and Machine Learning. The report provides background information, current trends, key points and analysis related to technology news. Readers can learn about recent changes, important events, major developments and future possibilities.","Software, AI, Cloud, Cybersecurity",325789,31739,508,19.4,3.5,Neutral,52.22
638,Music and Film: Latest Updates and Analysis,Entertainment,Nisha Karki,TechDaily,2026-01-23 01:06:18.378378,"Latest developments in Actor, Series and Celebrity with important updates, analysis and current information.","This article discusses Series, Film, and Celebrity. It also covers recent developments in Series and Actor. The report provides background information, current trends, key points and analysis related to entertainment news. Readers can learn about recent changes, important events, major developments and future possibilities.","Series, Celebrity, Actor, Movie",410241,40416,7319,14.5,4.0,Negative,72.71
639,Company and Startup: Latest Updates and Analysis,Business,Bikash Adhikari,Global News,2026-01-23 15:41:15.675675,"Latest developments in Investment, Finance and Company with important updates, analysis and current information.","This article discusses Finance, Startup, and Economy. It also covers recent developments in Investment and Economy. The report provides background information, current trends, key points and analysis related to business news. Readers can learn about recent changes, important events, major developments and future possibilities.","Finance, Company, Economy, Investment",268277,7894,381,14.9,3.7,Negative,31.99
640,School and Education: Latest Updates and Analysis,Education,Sita Rai,Daily Report,2026-01-24 06:16:12.972972,"Latest developments in School, College and Education with important updates, analysis and current information.","This article discusses University, University, and School. It also covers recent developments in College and Learning. The report provides background information, current trends, key points and analysis related to education news. Readers can learn about recent changes, important events, major developments and future possibilities.","School, Student, Education, University",62561,46073,15287,12.1,3.3,Neutral,49.28
641,Physics and Physics: Latest Updates and Analysis,Science,Bikash Adhikari,TechDaily,2026-01-24 20:51:10.270270,"Latest developments in Research, Space and Research with important updates, analysis and current information.","This article discusses Biology, Discovery, and Discovery. It also covers recent developments in Biology and Experiment. The report provides background information, current trends, key points and analysis related to science news. Readers can learn about recent changes, important events, major developments and future possibilities.","Research, Space, Experiment, Discovery",264909,45693,1845,19.5,3.9,Neutral,55.86
642,Research and Physics: Latest Updates and Analysis,Science,Aarav Thapa,Insight News,2026-01-25 11:26:07.567567,"Latest developments in Research, Space and Space with important updates, analysis and current information.","This article discusses Physics, Space, and Space. It also covers recent developments in Experiment and Research. The report provides background information, current trends, key points and analysis related to science news. Readers can learn about recent changes, important events, major developments and future possibilities.","Discovery, Physics, Biology, Space",289269,24343,12562,14.4,4.2,Neutral,56.17
643,College and School: Latest Updates and Analysis,Education,Aarav Thapa,TechDaily,2026-01-26 02:01:04.864864,"Latest developments in School, Learning and College with important updates, analysis and current information.","This article discusses Education, School, and School. It also covers recent developments in Education and College. The report provides background information, current trends, key points and analysis related to education news. Readers can learn about recent changes, important events, major developments and future possibilities.","Education, Student, Learning, College",416849,43095,9910,18.1,2.6,Negative,77.58
644,Software and Cloud: Latest Updates and Analysis,Technology,Anil Gurung,Global News,2026-01-26 16:36:02.162162,"Latest developments in Robotics, Software and Cybersecurity with important updates, analysis and current information.","This article discusses Software, Machine Learning, and Machine Learning. It also covers recent developments in Machine Learning and Robotics. The report provides background information, current trends, key points and analysis related to technology news. Readers can learn about recent changes, important events, major developments and future possibilities.","Machine Learning, AI, Software, Robotics",439213,31174,4629,14.6,3.7,Neutral,67.36
645,Education and Student: Latest Updates and Analysis,Education,Ramesh Sharma,News Hub,2026-01-27 07:10:59.459459,"Latest developments in School, School and University with important updates, analysis and current information.","This article discusses Education, Education, and College. It also covers recent developments in Student and School. The report provides background information, current trends, key points and analysis related to education news. Readers can learn about recent changes, important events, major developments and future possibilities.","Learning, College, University, Student",339905,44179,5704,15.2,2.6,Positive,66.32
646,Medicine and Hospital: Latest Updates and Analysis,Health,Mina Shrestha,TechDaily,2026-01-27 21:45:56.756756,"Latest developments in Treatment, Hospital and Medicine with important updates, analysis and current information.","This article discusses Treatment, Healthcare, and Healthcare. It also covers recent developments in Treatment and Medicine. The report provides background information, current trends, key points and analysis related to health news. Readers can learn about recent changes, important events, major developments and future possibilities.","Healthcare, Medicine, Hospital, Treatment",382717,6900,1776,7.2,3.0,Neutral,44.24
647,Disease and Hospital: Latest Updates and Analysis,Health,Sita Rai,TechDaily,2026-01-28 12:20:54.054054,"Latest developments in Hospital, Healthcare and Hospital with important updates, analysis and current information.","This article discusses Disease, Disease, and Healthcare. It also covers recent developments in Treatment and Hospital. The report provides background information, current trends, key points and analysis related to health news. Readers can learn about recent changes, important events, major developments and future possibilities.","Disease, Healthcare, Patient, Hospital",283242,48905,15513,7.5,3.9,Positive,73.3
648,Cloud and Software: Latest Updates and Analysis,Technology,Anil Gurung,Insight News,2026-01-29 02:55:51.351351,"Latest developments in Software, Robotics and Machine Learning with important updates, analysis and current information.","This article discusses Machine Learning, AI, and Software. It also covers recent developments in Robotics and Robotics. The report provides background information, current trends, key points and analysis related to technology news. Readers can learn about recent changes, important events, major developments and future possibilities.","Robotics, Cloud, Software, AI",323492,3800,18668,16.1,4.7,Neutral,53.34
649,School and University: Latest Updates and Analysis,Education,Sita Rai,Insight News,2026-01-29 17:30:48.648648,"Latest developments in University, School and Education with important updates, analysis and current information.","This article discusses Learning, Learning, and School. It also covers recent developments in University and Student. The report provides background information, current trends, key points and analysis related to education news. Readers can learn about recent changes, important events, major developments and future possibilities.","Education, University, Learning, Student",104593,35246,15228,7.3,4.7,Neutral,46.91
650,Treatment and Healthcare: Latest Updates and Analysis,Health,Ramesh Sharma,Daily Report,2026-01-30 08:05:45.945945,"Latest developments in Medicine, Healthcare and Treatment with important updates, analysis and current information.","This article discusses Healthcare, Hospital, and Treatment. It also covers recent developments in Patient and Medicine. The report provides background information, current trends, key points and analysis related to health news. Readers can learn about recent changes, important events, major developments and future possibilities.","Patient, Medicine, Hospital, Healthcare",285301,42735,1244,12.1,2.7,Neutral,55.52
651,Movie and Movie: Latest Updates and Analysis,Entertainment,Raj Joshi,Insight News,2026-01-30 22:40:43.243243,"Latest developments in Actor, Series and Actor with important updates, analysis and current information.","This article discusses Celebrity, Actor, and Actor. It also covers recent developments in Celebrity and Celebrity. The report provides background information, current trends, key points and analysis related to entertainment news. Readers can learn about recent changes, important events, major developments and future possibilities.","Music, Celebrity, Movie, Actor",79344,42926,1333,6.5,3.5,Neutral,35.11
652,School and Student: Latest Updates and Analysis,Education,Bikash Adhikari,World Today,2026-01-31 13:15:40.540540,"Latest developments in University, College and University with important updates, analysis and current information.","This article discusses University, School, and Learning. It also covers recent developments in University and College. The report provides background information, current trends, key points and analysis related to education news. Readers can learn about recent changes, important events, major developments and future possibilities.","School, Student, Education, University",214780,7054,3669,16.7,4.0,Positive,29.42
653,Celebrity and Actor: Latest Updates and Analysis,Entertainment,Bikash Adhikari,Global News,2026-02-01 03:50:37.837837,"Latest developments in Actor, Actor and Actor with important updates, analysis and current information.","This article discusses Celebrity, Music, and Music. It also covers recent developments in Film and Series. The report provides background information, current trends, key points and analysis related to entertainment news. Readers can learn about recent changes, important events, major developments and future possibilities.","Celebrity, Music, Film, Series",201803,38827,17584,4.0,2.9,Positive,61.16
654,Disease and Treatment: Latest Updates and Analysis,Health,Mina Shrestha,Global News,2026-02-01 18:25:35.135135,"Latest developments in Patient, Healthcare and Medicine with important updates, analysis and current information.","This article discusses Disease, Healthcare, and Disease. It also covers recent developments in Treatment and Disease. The report provides background information, current trends, key points and analysis related to health news. Readers can learn about recent changes, important events, major developments and future possibilities.","Medicine, Treatment, Disease, Patient",359275,42727,18178,16.9,4.4,Neutral,79.86
655,Discovery and Experiment: Latest Updates and Analysis,Science,Ramesh Sharma,News Hub,2026-02-02 09:00:32.432432,"Latest developments in Biology, Biology and Discovery with important updates, analysis and current information.","This article discusses Experiment, Experiment, and Biology. It also covers recent developments in Space and Discovery. The report provides background information, current trends, key points and analysis related to science news. Readers can learn about recent changes, important events, major developments and future possibilities.","Experiment, Discovery, Biology, Physics",374957,44775,15579,12.8,4.4,Positive,80.07
656,Treatment and Medicine: Latest Updates and Analysis,Health,Anil Gurung,News Hub,2026-02-02 23:35:29.729729,"Latest developments in Disease, Disease and Disease with important updates, analysis and current information.","This article discusses Treatment, Disease, and Hospital. It also covers recent developments in Disease and Disease. The report provides background information, current trends, key points and analysis related to health news. Readers can learn about recent changes, important events, major developments and future possibilities.","Patient, Healthcare, Treatment, Medicine",105987,41201,17838,5.4,4.8,Neutral,53.25
657,Celebrity and Series: Latest Updates and Analysis,Entertainment,Mina Shrestha,Global News,2026-02-03 14:10:27.027027,"Latest developments in Film, Series and Movie with important updates, analysis and current information.","This article discusses Series, Actor, and Music. It also covers recent developments in Actor and Music. The report provides background information, current trends, key points and analysis related to entertainment news. Readers can learn about recent changes, important events, major developments and future possibilities.","Actor, Music, Celebrity, Movie",67273,29373,1933,11.8,2.5,Negative,26.34
658,League and Player: Latest Updates and Analysis,Sports,Ramesh Sharma,News Hub,2026-02-04 04:45:24.324324,"Latest developments in League, Cricket and Football with important updates, analysis and current information.","This article discusses Match, Tournament, and League. It also covers recent developments in Cricket and Tournament. The report provides background information, current trends, key points and analysis related to sports news. Readers can learn about recent changes, important events, major developments and future possibilities.","Player, Cricket, Football, Match",211378,27525,746,7.1,3.0,Negative,38.47
659,Parliament and Law: Latest Updates and Analysis,Politics,Nisha Karki,Daily Report,2026-02-04 19:20:21.621621,"Latest developments in Policy, Law and Law with important updates, analysis and current information.","This article discusses Policy, Election, and Minister. It also covers recent developments in Government and Policy. The report provides background information, current trends, key points and analysis related to politics news. Readers can learn about recent changes, important events, major developments and future possibilities.","Government, Minister, Law, Parliament",38834,38977,9032,7.8,4.6,Negative,36.38
660,Finance and Finance: Latest Updates and Analysis,Business,Aarav Thapa,Insight News,2026-02-05 09:55:18.918918,"Latest developments in Company, Startup and Finance with important updates, analysis and current information.","This article discusses Investment, Economy, and Economy. It also covers recent developments in Startup and Economy. The report provides background information, current trends, key points and analysis related to business news. Readers can learn about recent changes, important events, major developments and future possibilities.","Investment, Market, Finance, Economy",62172,7115,6827,8.3,4.2,Negative,17.33
661,Education and Learning: Latest Updates and Analysis,Education,Mina Shrestha,Global News,2026-02-06 00:30:16.216216,"Latest developments in University, University and Education with important updates, analysis and current information.","This article discusses University, College, and School. It also covers recent developments in Student and College. The report provides background information, current trends, key points and analysis related to education news. Readers can learn about recent changes, important events, major developments and future possibilities.","Education, Student, School, Learning",457491,31107,16197,3.1,4.7,Neutral,80.72
662,Tournament and Cricket: Latest Updates and Analysis,Sports,Mina Shrestha,News Hub,2026-02-06 15:05:13.513513,"Latest developments in Tournament, Cricket and Cricket with important updates, analysis and current information.","This article discusses Football, Football, and Football. It also covers recent developments in League and Cricket. The report provides background information, current trends, key points and analysis related to sports news. Readers can learn about recent changes, important events, major developments and future possibilities.","Cricket, Football, Player, Tournament",234146,30486,792,19.7,2.6,Positive,42.58
663,Healthcare and Disease: Latest Updates and Analysis,Health,Anil Gurung,Global News,2026-02-07 05:40:10.810810,"Latest developments in Treatment, Treatment and Healthcare with important updates, analysis and current information.","This article discusses Disease, Disease, and Healthcare. It also covers recent developments in Medicine and Patient. The report provides background information, current trends, key points and analysis related to health news. Readers can learn about recent changes, important events, major developments and future possibilities.","Patient, Treatment, Disease, Healthcare",194955,13068,6927,2.6,4.0,Positive,34.31
664,Experiment and Research: Latest Updates and Analysis,Science,Sita Rai,World Today,2026-02-07 20:15:08.108108,"Latest developments in Space, Space and Space with important updates, analysis and current information.","This article discusses Research, Discovery, and Physics. It also covers recent developments in Biology and Research. The report provides background information, current trends, key points and analysis related to science news. Readers can learn about recent changes, important events, major developments and future possibilities.","Biology, Discovery, Space, Experiment",356438,18640,17651,13.9,3.9,Negative,64.56
665,Robotics and Software: Latest Updates and Analysis,Technology,Nisha Karki,TechDaily,2026-02-08 10:50:05.405405,"Latest developments in Cloud, Robotics and Robotics with important updates, analysis and current information.","This article discusses Cloud, Software, and Robotics. It also covers recent developments in Machine Learning and Software. The report provides background information, current trends, key points and analysis related to technology news. Readers can learn about recent changes, important events, major developments and future possibilities.","Cybersecurity, AI, Machine Learning, Cloud",201911,32158,9742,8.7,2.6,Neutral,49.31
666,Disease and Medicine: Latest Updates and Analysis,Health,Anil Gurung,Insight News,2026-02-09 01:25:02.702702,"Latest developments in Hospital, Patient and Disease with important updates, analysis and current information.","This article discusses Medicine, Medicine, and Patient. It also covers recent developments in Patient and Healthcare. The report provides background information, current trends, key points and analysis related to health news. Readers can learn about recent changes, important events, major developments and future possibilities.","Healthcare, Disease, Medicine, Patient",218226,36136,6369,13.6,3.8,Positive,49.96
667,Space and Research: Latest Updates and Analysis,Science,Ramesh Sharma,Global News,2026-02-09 16:00:00.000000,"Latest developments in Discovery, Space and Experiment with important updates, analysis and current information.","This article discusses Research, Physics, and Experiment. It also covers recent developments in Discovery and Physics. The report provides background information, current trends, key points and analysis related to science news. Readers can learn about recent changes, important events, major developments and future possibilities.","Experiment, Research, Discovery, Biology",444358,16128,14800,8.4,4.0,Neutral,68.99
668,Law and Parliament: Latest Updates and Analysis,Politics,Ramesh Sharma,TechDaily,2026-02-10 06:34:57.297297,"Latest developments in Minister, Law and Government with important updates, analysis and current information.","This article discusses Policy, Election, and Election. It also covers recent developments in Government and Minister. The report provides background information, current trends, key points and analysis related to politics news. Readers can learn about recent changes, important events, major developments and future possibilities.","Law, Minister, Election, Policy",183529,24942,19074,14.1,3.0,Neutral,52.46
669,Healthcare and Hospital: Latest Updates and Analysis,Health,Ramesh Sharma,News Hub,2026-02-10 21:09:54.594594,"Latest developments in Medicine, Healthcare and Medicine with important updates, analysis and current information.","This article discusses Patient, Patient, and Healthcare. It also covers recent developments in Hospital and Disease. The report provides background information, current trends, key points and analysis related to health news. Readers can learn about recent changes, important events, major developments and future possibilities.","Treatment, Patient, Disease, Hospital",139841,2827,7874,15.1,3.2,Neutral,23.58
670,Movie and Series: Latest Updates and Analysis,Entertainment,Raj Joshi,TechDaily,2026-02-11 11:44:51.891891,"Latest developments in Series, Film and Celebrity with important updates, analysis and current information.","This article discusses Actor, Series, and Movie. It also covers recent developments in Movie and Film. The report provides background information, current trends, key points and analysis related to entertainment news. Readers can learn about recent changes, important events, major developments and future possibilities.","Celebrity, Actor, Film, Music",113372,15990,16676,14.4,4.1,Negative,37.65
671,AI and Cloud: Latest Updates and Analysis,Technology,Ramesh Sharma,Insight News,2026-02-12 02:19:49.189189,"Latest developments in Robotics, Software and AI with important updates, analysis and current information.","This article discusses Software, AI, and Robotics. It also covers recent developments in Cloud and Software. The report provides background information, current trends, key points and analysis related to technology news. Readers can learn about recent changes, important events, major developments and future possibilities.","Software, Cybersecurity, AI, Robotics",68002,35255,6864,4.1,3.7,Neutral,34.89
672,Discovery and Discovery: Latest Updates and Analysis,Science,Sita Rai,Global News,2026-02-12 16:54:46.486486,"Latest developments in Experiment, Discovery and Biology with important updates, analysis and current information.","This article discusses Biology, Discovery, and Space. It also covers recent developments in Experiment and Biology. The report provides background information, current trends, key points and analysis related to science news. Readers can learn about recent changes, important events, major developments and future possibilities.","Space, Biology, Physics, Experiment",384491,19987,4022,13.8,4.6,Negative,54.54
673,Biology and Research: Latest Updates and Analysis,Science,Nisha Karki,World Today,2026-02-13 07:29:43.783783,"Latest developments in Discovery, Research and Physics with important updates, analysis and current information.","This article discusses Discovery, Research, and Space. It also covers recent developments in Biology and Research. The report provides background information, current trends, key points and analysis related to science news. Readers can learn about recent changes, important events, major developments and future possibilities.","Biology, Space, Physics, Research",412226,46115,18032,7.0,3.4,Neutral,87.06
674,Research and Biology: Latest Updates and Analysis,Science,Bikash Adhikari,News Hub,2026-02-13 22:04:41.081081,"Latest developments in Experiment, Discovery and Space with important updates, analysis and current information.","This article discusses Experiment, Space, and Physics. It also covers recent developments in Research and Discovery. The report provides background information, current trends, key points and analysis related to science news. Readers can learn about recent changes, important events, major developments and future possibilities.","Research, Space, Biology, Discovery",57059,20901,11008,2.5,3.2,Neutral,29.3
675,Parliament and Election: Latest Updates and Analysis,Politics,Aarav Thapa,Global News,2026-02-14 12:39:38.378378,"Latest developments in Policy, Minister and Policy with important updates, analysis and current information.","This article discusses Policy, Election, and Government. It also covers recent developments in Parliament and Policy. The report provides background information, current trends, key points and analysis related to politics news. Readers can learn about recent changes, important events, major developments and future possibilities.","Law, Minister, Policy, Election",96723,16277,12102,9.5,5.0,Negative,31.58
676,Healthcare and Medicine: Latest Updates and Analysis,Health,Sita Rai,Insight News,2026-02-15 03:14:35.675675,"Latest developments in Patient, Medicine and Disease with important updates, analysis and current information.","This article discusses Hospital, Healthcare, and Disease. It also covers recent developments in Patient and Patient. The report provides background information, current trends, key points and analysis related to health news. Readers can learn about recent changes, important events, major developments and future possibilities.","Hospital, Treatment, Medicine, Disease",131538,1643,15342,9.8,4.8,Negative,29.5
677,Law and Law: Latest Updates and Analysis,Politics,Sita Rai,News Hub,2026-02-15 17:49:32.972972,"Latest developments in Parliament, Election and Policy with important updates, analysis and current information.","This article discusses Election, Government, and Election. It also covers recent developments in Law and Policy. The report provides background information, current trends, key points and analysis related to politics news. Readers can learn about recent changes, important events, major developments and future possibilities.","Minister, Policy, Government, Election",48515,23729,11110,10.4,2.6,Positive,30.25
678,University and Education: Latest Updates and Analysis,Education,Raj Joshi,Daily Report,2026-02-16 08:24:30.270270,"Latest developments in Education, Learning and College with important updates, analysis and current information.","This article discusses College, Student, and Learning. It also covers recent developments in Education and Education. The report provides background information, current trends, key points and analysis related to education news. Readers can learn about recent changes, important events, major developments and future possibilities.","College, Education, School, Learning",124816,21087,5171,14.7,4.4,Positive,30.36
679,Company and Startup: Latest Updates and Analysis,Business,Bikash Adhikari,TechDaily,2026-02-16 22:59:27.567567,"Latest developments in Market, Investment and Startup with important updates, analysis and current information.","This article discusses Startup, Finance, and Market. It also covers recent developments in Investment and Economy. The report provides background information, current trends, key points and analysis related to business news. Readers can learn about recent changes, important events, major developments and future possibilities.","Finance, Investment, Company, Economy",383453,21818,9589,7.6,2.8,Neutral,61.11
680,Startup and Startup: Latest Updates and Analysis,Business,Bikash Adhikari,Insight News,2026-02-17 13:34:24.864864,"Latest developments in Finance, Startup and Investment with important updates, analysis and current information.","This article discusses Market, Market, and Startup. It also covers recent developments in Finance and Company. The report provides background information, current trends, key points and analysis related to business news. Readers can learn about recent changes, important events, major developments and future possibilities.","Investment, Company, Market, Finance",10007,19,18077,7.7,2.6,Neutral,19.09
681,Education and University: Latest Updates and Analysis,Education,Aarav Thapa,Daily Report,2026-02-18 04:09:22.162162,"Latest developments in Student, College and University with important updates, analysis and current information.","This article discusses Education, Student, and College. It also covers recent developments in Student and Education. The report provides background information, current trends, key points and analysis related to education news. Readers can learn about recent changes, important events, major developments and future possibilities.","Student, School, Learning, University",498226,33443,6710,3.1,3.2,Neutral,76.72
682,Treatment and Treatment: Latest Updates and Analysis,Health,Aarav Thapa,Global News,2026-02-18 18:44:19.459459,"Latest developments in Healthcare, Medicine and Treatment with important updates, analysis and current information.","This article discusses Healthcare, Hospital, and Medicine. It also covers recent developments in Treatment and Treatment. The report provides background information, current trends, key points and analysis related to health news. Readers can learn about recent changes, important events, major developments and future possibilities.","Healthcare, Hospital, Disease, Treatment",358069,49760,17421,14.4,3.2,Negative,83.22
683,Music and Series: Latest Updates and Analysis,Entertainment,Bikash Adhikari,World Today,2026-02-19 09:19:16.756756,"Latest developments in Celebrity, Music and Film with important updates, analysis and current information.","This article discusses Movie, Actor, and Actor. It also covers recent developments in Celebrity and Movie. The report provides background information, current trends, key points and analysis related to entertainment news. Readers can learn about recent changes, important events, major developments and future possibilities.","Music, Actor, Celebrity, Series",32880,49213,5459,12.2,4.5,Positive,38.37
684,Minister and Parliament: Latest Updates and Analysis,Politics,Ramesh Sharma,News Hub,2026-02-19 23:54:14.054054,"Latest developments in Law, Election and Government with important updates, analysis and current information.","This article discusses Law, Law, and Minister. It also covers recent developments in Law and Law. The report provides background information, current trends, key points and analysis related to politics news. Readers can learn about recent changes, important events, major developments and future possibilities.","Government, Policy, Election, Minister",451195,9457,14937,8.3,4.3,Neutral,65.8
685,Software and Robotics: Latest Updates and Analysis,Technology,Sita Rai,TechDaily,2026-02-20 14:29:11.351351,"Latest developments in AI, Cloud and Software with important updates, analysis and current information.","This article discusses Cloud, Software, and Machine Learning. It also covers recent developments in Cybersecurity and Robotics. The report provides background information, current trends, key points and analysis related to technology news. Readers can learn about recent changes, important events, major developments and future possibilities.","Cybersecurity, AI, Software, Robotics",478475,33922,9754,14.7,5.0,Positive,78.07
686,Space and Research: Latest Updates and Analysis,Science,Anil Gurung,News Hub,2026-02-21 05:04:08.648648,"Latest developments in Experiment, Biology and Biology with important updates, analysis and current information.","This article discusses Space, Discovery, and Space. It also covers recent developments in Biology and Space. The report provides background information, current trends, key points and analysis related to science news. Readers can learn about recent changes, important events, major developments and future possibilities.","Discovery, Space, Physics, Biology",35185,9820,7048,11.7,4.3,Negative,16.48
687,Space and Space: Latest Updates and Analysis,Science,Aarav Thapa,Global News,2026-02-21 19:39:05.945945,"Latest developments in Physics, Research and Research with important updates, analysis and current information.","This article discusses Space, Space, and Space. It also covers recent developments in Research and Experiment. The report provides background information, current trends, key points and analysis related to science news. Readers can learn about recent changes, important events, major developments and future possibilities.","Discovery, Space, Biology, Physics",458815,32750,9483,10.4,3.5,Negative,75.13
688,Hospital and Patient: Latest Updates and Analysis,Health,Raj Joshi,News Hub,2026-02-22 10:14:03.243243,"Latest developments in Medicine, Treatment and Patient with important updates, analysis and current information.","This article discusses Treatment, Hospital, and Treatment. It also covers recent developments in Healthcare and Healthcare. The report provides background information, current trends, key points and analysis related to health news. Readers can learn about recent changes, important events, major developments and future possibilities.","Disease, Hospital, Medicine, Patient",282670,42586,17545,11.2,4.2,Neutral,71.47
689,Film and Music: Latest Updates and Analysis,Entertainment,Raj Joshi,TechDaily,2026-02-23 00:49:00.540540,"Latest developments in Series, Series and Music with important updates, analysis and current information.","This article discusses Movie, Celebrity, and Movie. It also covers recent developments in Music and Series. The report provides background information, current trends, key points and analysis related to entertainment news. Readers can learn about recent changes, important events, major developments and future possibilities.","Film, Actor, Celebrity, Music",441513,36484,17413,13.5,5.0,Positive,83.57
690,Finance and Finance: Latest Updates and Analysis,Business,Aarav Thapa,Global News,2026-02-23 15:23:57.837837,"Latest developments in Economy, Startup and Finance with important updates, analysis and current information.","This article discusses Startup, Investment, and Market. It also covers recent developments in Economy and Market. The report provides background information, current trends, key points and analysis related to business news. Readers can learn about recent changes, important events, major developments and future possibilities.","Finance, Company, Investment, Startup",269729,38010,12449,13.9,4.3,Neutral,62.33
691,Economy and Investment: Latest Updates and Analysis,Business,Bikash Adhikari,News Hub,2026-02-24 05:58:55.135135,"Latest developments in Startup, Finance and Economy with important updates, analysis and current information.","This article discusses Company, Market, and Market. It also covers recent developments in Market and Market. The report provides background information, current trends, key points and analysis related to business news. Readers can learn about recent changes, important events, major developments and future possibilities.","Startup, Finance, Company, Investment",311771,37790,15354,7.2,4.4,Neutral,69.31
692,Space and Physics: Latest Updates and Analysis,Science,Nisha Karki,World Today,2026-02-24 20:33:52.432432,"Latest developments in Physics, Physics and Physics with important updates, analysis and current information.","This article discusses Biology, Discovery, and Experiment. It also covers recent developments in Research and Research. The report provides background information, current trends, key points and analysis related to science news. Readers can learn about recent changes, important events, major developments and future possibilities.","Discovery, Physics, Space, Research",457916,22869,978,4.5,4.8,Neutral,60.58
693,Patient and Patient: Latest Updates and Analysis,Health,Anil Gurung,Insight News,2026-02-25 11:08:49.729729,"Latest developments in Medicine, Hospital and Treatment with important updates, analysis and current information.","This article discusses Healthcare, Healthcare, and Medicine. It also covers recent developments in Medicine and Disease. The report provides background information, current trends, key points and analysis related to health news. Readers can learn about recent changes, important events, major developments and future possibilities.","Hospital, Healthcare, Treatment, Medicine",386848,34421,8709,4.8,2.8,Negative,68.15
694,Parliament and Law: Latest Updates and Analysis,Politics,Anil Gurung,Global News,2026-02-26 01:43:47.027027,"Latest developments in Parliament, Law and Policy with important updates, analysis and current information.","This article discusses Government, Parliament, and Policy. It also covers recent developments in Parliament and Minister. The report provides background information, current trends, key points and analysis related to politics news. Readers can learn about recent changes, important events, major developments and future possibilities.","Government, Minister, Policy, Parliament",229732,2502,15760,13.5,4.3,Negative,40.27
695,Economy and Economy: Latest Updates and Analysis,Business,Aarav Thapa,Insight News,2026-02-26 16:18:44.324324,"Latest developments in Company, Economy and Economy with important updates, analysis and current information.","This article discusses Finance, Finance, and Market. It also covers recent developments in Market and Investment. The report provides background information, current trends, key points and analysis related to business news. Readers can learn about recent changes, important events, major developments and future possibilities.","Economy, Company, Finance, Market",256316,16665,11023,17.7,4.6,Neutral,46.71
696,Government and Government: Latest Updates and Analysis,Politics,Ramesh Sharma,Global News,2026-02-27 06:53:41.621621,"Latest developments in Parliament, Parliament and Election with important updates, analysis and current information.","This article discusses Law, Policy, and Minister. It also covers recent developments in Government and Government. The report provides background information, current trends, key points and analysis related to politics news. Readers can learn about recent changes, important events, major developments and future possibilities.","Government, Parliament, Election, Policy",246309,25600,16521,9.4,4.9,Neutral,56.59
697,Movie and Celebrity: Latest Updates and Analysis,Entertainment,Nisha Karki,World Today,2026-02-27 21:28:38.918918,"Latest developments in Film, Film and Actor with important updates, analysis and current information.","This article discusses Film, Film, and Film. It also covers recent developments in Music and Actor. The report provides background information, current trends, key points and analysis related to entertainment news. Readers can learn about recent changes, important events, major developments and future possibilities.","Series, Actor, Celebrity, Movie",91105,29394,11145,5.1,3.0,Positive,37.96
698,Economy and Economy: Latest Updates and Analysis,Business,Anil Gurung,Insight News,2026-02-28 12:03:36.216216,"Latest developments in Economy, Startup and Economy with important updates, analysis and current information.","This article discusses Startup, Market, and Finance. It also covers recent developments in Investment and Market. The report provides background information, current trends, key points and analysis related to business news. Readers can learn about recent changes, important events, major developments and future possibilities.","Investment, Finance, Startup, Company",474755,14086,14491,15.6,3.8,Neutral,70.5
699,Economy and Startup: Latest Updates and Analysis,Business,Aarav Thapa,Daily Report,2026-03-01 02:38:33.513513,"Latest developments in Economy, Startup and Market with important updates, analysis and current information.","This article discusses Finance, Economy, and Company. It also covers recent developments in Finance and Market. The report provides background information, current trends, key points and analysis related to business news. Readers can learn about recent changes, important events, major developments and future possibilities.","Company, Startup, Finance, Investment",462064,36171,18839,17.0,4.2,Neutral,86.87
700,Match and Player: Latest Updates and Analysis,Sports,Raj Joshi,TechDaily,2026-03-01 17:13:30.810810,"Latest developments in Tournament, League and Match with important updates, analysis and current information.","This article discusses Player, Tournament, and League. It also covers recent developments in Match and League. The report provides background information, current trends, key points and analysis related to sports news. Readers can learn about recent changes, important events, major developments and future possibilities.","Cricket, League, Match, Football",58628,34003,7392,17.9,3.1,Neutral,33.73
701,Market and Market: Latest Updates and Analysis,Business,Anil Gurung,Daily Report,2026-03-02 07:48:28.108108,"Latest developments in Economy, Market and Company with important updates, analysis and current information.","This article discusses Company, Finance, and Market. It also covers recent developments in Market and Company. The report provides background information, current trends, key points and analysis related to business news. Readers can learn about recent changes, important events, major developments and future possibilities.","Company, Market, Investment, Economy",497795,13149,11447,12.9,4.0,Positive,69.2
702,Education and School: Latest Updates and Analysis,Education,Mina Shrestha,News Hub,2026-03-02 22:23:25.405405,"Latest developments in College, School and Education with important updates, analysis and current information.","This article discusses University, School, and Education. It also covers recent developments in School and University. The report provides background information, current trends, key points and analysis related to education news. Readers can learn about recent changes, important events, major developments and future possibilities.","College, University, Learning, Education",120731,30394,19650,17.5,3.1,Positive,50.03
703,Robotics and Machine Learning: Latest Updates and Analysis,Technology,Nisha Karki,World Today,2026-03-03 12:58:22.702702,"Latest developments in AI, Cloud and Cybersecurity with important updates, analysis and current information.","This article discusses Cloud, Robotics, and Software. It also covers recent developments in Software and Robotics. The report provides background information, current trends, key points and analysis related to technology news. Readers can learn about recent changes, important events, major developments and future possibilities.","Cloud, AI, Machine Learning, Software",290043,14396,8587,2.3,3.3,Positive,46.29
704,College and University: Latest Updates and Analysis,Education,Nisha Karki,Daily Report,2026-03-04 03:33:20.000000,"Latest developments in School, College and Student with important updates, analysis and current information.","This article discusses College, Learning, and College. It also covers recent developments in Student and University. The report provides background information, current trends, key points and analysis related to education news. Readers can learn about recent changes, important events, major developments and future possibilities.","College, School, University, Learning",253886,23324,10129,3.9,3.6,Neutral,49.58
705,Patient and Hospital: Latest Updates and Analysis,Health,Mina Shrestha,Global News,2026-03-04 18:08:17.297297,"Latest developments in Patient, Healthcare and Healthcare with important updates, analysis and current information.","This article discusses Patient, Healthcare, and Disease. It also covers recent developments in Treatment and Disease. The report provides background information, current trends, key points and analysis related to health news. Readers can learn about recent changes, important events, major developments and future possibilities.","Hospital, Treatment, Disease, Healthcare",439655,47198,13907,3.7,3.8,Neutral,86.33
706,Hospital and Medicine: Latest Updates and Analysis,Health,Sita Rai,News Hub,2026-03-05 08:43:14.594594,"Latest developments in Medicine, Hospital and Healthcare with important updates, analysis and current information.","This article discusses Treatment, Treatment, and Patient. It also covers recent developments in Treatment and Medicine. The report provides background information, current trends, key points and analysis related to health news. Readers can learn about recent changes, important events, major developments and future possibilities.","Patient, Healthcare, Disease, Treatment",409403,17169,5428,14.8,3.6,Neutral,56.75
707,Law and Election: Latest Updates and Analysis,Politics,Raj Joshi,News Hub,2026-03-05 23:18:11.891891,"Latest developments in Government, Policy and Election with important updates, analysis and current information.","This article discusses Policy, Parliament, and Policy. It also covers recent developments in Government and Parliament. The report provides background information, current trends, key points and analysis related to politics news. Readers can learn about recent changes, important events, major developments and future possibilities.","Parliament, Law, Policy, Government",400762,46632,2589,3.3,3.7,Neutral,70.77
708,University and Education: Latest Updates and Analysis,Education,Mina Shrestha,Daily Report,2026-03-06 13:53:09.189189,"Latest developments in Education, Education and School with important updates, analysis and current information.","This article discusses University, University, and Education. It also covers recent developments in Education and School. The report provides background information, current trends, key points and analysis related to education news. Readers can learn about recent changes, important events, major developments and future possibilities.","Education, Student, College, University",181632,48274,3034,10.9,3.2,Neutral,50.27
709,University and Learning: Latest Updates and Analysis,Education,Bikash Adhikari,Daily Report,2026-03-07 04:28:06.486486,"Latest developments in University, School and Student with important updates, analysis and current information.","This article discusses Learning, Student, and Education. It also covers recent developments in Student and School. The report provides background information, current trends, key points and analysis related to education news. Readers can learn about recent changes, important events, major developments and future possibilities.","School, University, Student, Learning",357061,44277,169,10.5,2.9,Negative,62.56
710,Education and Education: Latest Updates and Analysis,Education,Bikash Adhikari,World Today,2026-03-07 19:03:03.783783,"Latest developments in Education, Learning and Student with important updates, analysis and current information.","This article discusses Education, Education, and Learning. It also covers recent developments in Student and Student. The report provides background information, current trends, key points and analysis related to education news. Readers can learn about recent changes, important events, major developments and future possibilities.","Student, Learning, Education, School",320504,26243,3239,7.6,2.6,Neutral,51.12
711,Film and Series: Latest Updates and Analysis,Entertainment,Aarav Thapa,TechDaily,2026-03-08 09:38:01.081081,"Latest developments in Movie, Music and Celebrity with important updates, analysis and current information.","This article discusses Actor, Series, and Celebrity. It also covers recent developments in Movie and Actor. The report provides background information, current trends, key points and analysis related to entertainment news. Readers can learn about recent changes, important events, major developments and future possibilities.","Movie, Actor, Music, Series",146049,31016,3415,17.7,3.0,Negative,36.7
712,Startup and Finance: Latest Updates and Analysis,Business,Nisha Karki,Daily Report,2026-03-09 00:12:58.378378,"Latest developments in Economy, Startup and Company with important updates, analysis and current information.","This article discusses Investment, Economy, and Finance. It also covers recent developments in Market and Investment. The report provides background information, current trends, key points and analysis related to business news. Readers can learn about recent changes, important events, major developments and future possibilities.","Economy, Finance, Company, Startup",259773,3194,19952,5.1,4.0,Neutral,47.88
713,Cybersecurity and Robotics: Latest Updates and Analysis,Technology,Sita Rai,Daily Report,2026-03-09 14:47:55.675675,"Latest developments in Cybersecurity, Machine Learning and Software with important updates, analysis and current information.","This article discusses Software, Machine Learning, and AI. It also covers recent developments in Cloud and Machine Learning. The report provides background information, current trends, key points and analysis related to technology news. Readers can learn about recent changes, important events, major developments and future possibilities.","Software, Machine Learning, Cloud, Robotics",418039,32398,11408,8.3,4.5,Neutral,72.76
714,Election and Election: Latest Updates and Analysis,Politics,Sita Rai,Insight News,2026-03-10 05:22:52.972972,"Latest developments in Policy, Government and Policy with important updates, analysis and current information.","This article discusses Law, Election, and Policy. It also covers recent developments in Government and Policy. The report provides background information, current trends, key points and analysis related to politics news. Readers can learn about recent changes, important events, major developments and future possibilities.","Parliament, Law, Election, Minister",275187,4789,3484,15.9,2.9,Positive,33.92
715,College and Student: Latest Updates and Analysis,Education,Anil Gurung,Global News,2026-03-10 19:57:50.270270,"Latest developments in Student, Student and School with important updates, analysis and current information.","This article discusses University, Student, and Learning. It also covers recent developments in College and School. The report provides background information, current trends, key points and analysis related to education news. Readers can learn about recent changes, important events, major developments and future possibilities.","College, Learning, School, Student",403622,20159,18225,2.5,2.8,Neutral,70.77
716,School and University: Latest Updates and Analysis,Education,Anil Gurung,Insight News,2026-03-11 10:32:47.567567,"Latest developments in University, University and School with important updates, analysis and current information.","This article discusses Education, Learning, and Learning. It also covers recent developments in School and Learning. The report provides background information, current trends, key points and analysis related to education news. Readers can learn about recent changes, important events, major developments and future possibilities.","Student, University, Education, Learning",167956,43406,14923,14.1,4.4,Negative,57.86
717,Football and Football: Latest Updates and Analysis,Sports,Mina Shrestha,Insight News,2026-03-12 01:07:44.864864,"Latest developments in Tournament, League and Football with important updates, analysis and current information.","This article discusses Player, Match, and Player. It also covers recent developments in Cricket and Cricket. The report provides background information, current trends, key points and analysis related to sports news. Readers can learn about recent changes, important events, major developments and future possibilities.","Football, League, Match, Cricket",383645,5350,6844,16.7,3.3,Negative,48.47
718,Government and Election: Latest Updates and Analysis,Politics,Sita Rai,News Hub,2026-03-12 15:42:42.162162,"Latest developments in Election, Parliament and Election with important updates, analysis and current information.","This article discusses Policy, Parliament, and Law. It also covers recent developments in Election and Minister. The report provides background information, current trends, key points and analysis related to politics news. Readers can learn about recent changes, important events, major developments and future possibilities.","Parliament, Government, Law, Election",151627,33301,19410,18.8,4.9,Negative,54.63
719,Learning and College: Latest Updates and Analysis,Education,Mina Shrestha,TechDaily,2026-03-13 06:17:39.459459,"Latest developments in Education, Education and Learning with important updates, analysis and current information.","This article discusses School, School, and Student. It also covers recent developments in Education and University. The report provides background information, current trends, key points and analysis related to education news. Readers can learn about recent changes, important events, major developments and future possibilities.","Student, University, College, Learning",221199,24977,3965,17.8,4.3,Positive,41.14
720,Election and Law: Latest Updates and Analysis,Politics,Raj Joshi,Global News,2026-03-13 20:52:36.756756,"Latest developments in Minister, Minister and Government with important updates, analysis and current information.","This article discusses Minister, Parliament, and Government. It also covers recent developments in Parliament and Minister. The report provides background information, current trends, key points and analysis related to politics news. Readers can learn about recent changes, important events, major developments and future possibilities.","Policy, Law, Minister, Government",202620,36431,7184,7.7,3.3,Neutral,49.39
721,Company and Market: Latest Updates and Analysis,Business,Mina Shrestha,World Today,2026-03-14 11:27:34.054054,"Latest developments in Investment, Company and Finance with important updates, analysis and current information.","This article discusses Company, Company, and Finance. It also covers recent developments in Economy and Finance. The report provides background information, current trends, key points and analysis related to business news. Readers can learn about recent changes, important events, major developments and future possibilities.","Finance, Market, Investment, Startup",423290,129,5380,12.6,3.2,Neutral,47.84
722,Cricket and Football: Latest Updates and Analysis,Sports,Anil Gurung,World Today,2026-03-15 02:02:31.351351,"Latest developments in Cricket, Cricket and Cricket with important updates, analysis and current information.","This article discusses Cricket, Cricket, and Player. It also covers recent developments in Football and League. The report provides background information, current trends, key points and analysis related to sports news. Readers can learn about recent changes, important events, major developments and future possibilities.","Cricket, League, Tournament, Match",27471,45331,17530,3.4,3.8,Neutral,47.56
723,Law and Minister: Latest Updates and Analysis,Politics,Nisha Karki,Daily Report,2026-03-15 16:37:28.648648,"Latest developments in Minister, Election and Policy with important updates, analysis and current information.","This article discusses Parliament, Government, and Law. It also covers recent developments in Minister and Law. The report provides background information, current trends, key points and analysis related to politics news. Readers can learn about recent changes, important events, major developments and future possibilities.","Parliament, Minister, Election, Government",98846,34626,15285,6.6,2.7,Positive,46.02
724,Cybersecurity and AI: Latest Updates and Analysis,Technology,Mina Shrestha,Daily Report,2026-03-16 07:12:25.945945,"Latest developments in Cloud, Machine Learning and AI with important updates, analysis and current information.","This article discusses Robotics, Robotics, and Cybersecurity. It also covers recent developments in Cloud and Software. The report provides background information, current trends, key points and analysis related to technology news. Readers can learn about recent changes, important events, major developments and future possibilities.","AI, Cloud, Robotics, Machine Learning",101348,48503,111,3.7,2.8,Negative,39.45
725,Cloud and Cybersecurity: Latest Updates and Analysis,Technology,Ramesh Sharma,World Today,2026-03-16 21:47:23.243243,"Latest developments in Software, Software and Software with important updates, analysis and current information.","This article discusses Software, AI, and Software. It also covers recent developments in Machine Learning and Robotics. The report provides background information, current trends, key points and analysis related to technology news. Readers can learn about recent changes, important events, major developments and future possibilities.","Robotics, Software, Cloud, AI",397252,27549,16143,7.7,2.9,Negative,72.49
726,Disease and Healthcare: Latest Updates and Analysis,Health,Nisha Karki,Daily Report,2026-03-17 12:22:20.540540,"Latest developments in Treatment, Medicine and Patient with important updates, analysis and current information.","This article discusses Disease, Healthcare, and Healthcare. It also covers recent developments in Medicine and Healthcare. The report provides background information, current trends, key points and analysis related to health news. Readers can learn about recent changes, important events, major developments and future possibilities.","Disease, Healthcare, Treatment, Medicine",164338,12342,16976,17.8,4.4,Neutral,40.86
727,Football and Player: Latest Updates and Analysis,Sports,Sita Rai,TechDaily,2026-03-18 02:57:17.837837,"Latest developments in League, League and Match with important updates, analysis and current information.","This article discusses Tournament, League, and League. It also covers recent developments in League and Match. The report provides background information, current trends, key points and analysis related to sports news. Readers can learn about recent changes, important events, major developments and future possibilities.","Tournament, Player, Football, Cricket",287971,36417,7413,8.2,3.8,Positive,58.16
728,Player and Football: Latest Updates and Analysis,Sports,Sita Rai,Insight News,2026-03-18 17:32:15.135135,"Latest developments in Tournament, Football and Football with important updates, analysis and current information.","This article discusses Player, Tournament, and Player. It also covers recent developments in Tournament and Player. The report provides background information, current trends, key points and analysis related to sports news. Readers can learn about recent changes, important events, major developments and future possibilities.","Tournament, Cricket, Football, Match",114100,10978,14726,12.1,2.5,Positive,32.76
729,Disease and Medicine: Latest Updates and Analysis,Health,Mina Shrestha,Daily Report,2026-03-19 08:07:12.432432,"Latest developments in Disease, Disease and Patient with important updates, analysis and current information.","This article discusses Medicine, Healthcare, and Healthcare. It also covers recent developments in Medicine and Hospital. The report provides background information, current trends, key points and analysis related to health news. Readers can learn about recent changes, important events, major developments and future possibilities.","Hospital, Patient, Treatment, Medicine",64069,37628,17622,9.8,4.2,Neutral,46.68
730,Policy and Policy: Latest Updates and Analysis,Politics,Nisha Karki,News Hub,2026-03-19 22:42:09.729729,"Latest developments in Law, Parliament and Election with important updates, analysis and current information.","This article discusses Minister, Policy, and Government. It also covers recent developments in Minister and Parliament. The report provides background information, current trends, key points and analysis related to politics news. Readers can learn about recent changes, important events, major developments and future possibilities.","Law, Parliament, Minister, Policy",421684,42180,5983,10.3,3.6,Neutral,73.58
731,Tournament and Cricket: Latest Updates and Analysis,Sports,Anil Gurung,Daily Report,2026-03-20 13:17:07.027027,"Latest developments in Tournament, Tournament and Tournament with important updates, analysis and current information.","This article discusses Match, Tournament, and Cricket. It also covers recent developments in Player and Tournament. The report provides background information, current trends, key points and analysis related to sports news. Readers can learn about recent changes, important events, major developments and future possibilities.","Cricket, Match, Player, Tournament",68631,8833,19178,19.5,3.8,Negative,31.37
732,Software and Cloud: Latest Updates and Analysis,Technology,Anil Gurung,Global News,2026-03-21 03:52:04.324324,"Latest developments in Cybersecurity, Software and AI with important updates, analysis and current information.","This article discusses Software, Cloud, and AI. It also covers recent developments in Cybersecurity and Machine Learning. The report provides background information, current trends, key points and analysis related to technology news. Readers can learn about recent changes, important events, major developments and future possibilities.","Cybersecurity, Robotics, Cloud, AI",39197,46903,10321,7.3,3.0,Neutral,42.47
733,Software and AI: Latest Updates and Analysis,Technology,Bikash Adhikari,TechDaily,2026-03-21 18:27:01.621621,"Latest developments in Software, Cybersecurity and Software with important updates, analysis and current information.","This article discusses Cloud, Cybersecurity, and Machine Learning. It also covers recent developments in Cybersecurity and Cloud. The report provides background information, current trends, key points and analysis related to technology news. Readers can learn about recent changes, important events, major developments and future possibilities.","Cloud, Cybersecurity, AI, Robotics",166156,33491,11061,13.3,3.9,Neutral,47.85
734,Education and University: Latest Updates and Analysis,Education,Sita Rai,Global News,2026-03-22 09:01:58.918918,"Latest developments in University, Learning and Education with important updates, analysis and current information.","This article discusses University, Student, and Learning. It also covers recent developments in University and School. The report provides background information, current trends, key points and analysis related to education news. Readers can learn about recent changes, important events, major developments and future possibilities.","School, College, Education, Student",50959,29473,3598,9.6,4.9,Neutral,26.44
735,Startup and Economy: Latest Updates and Analysis,Business,Aarav Thapa,Global News,2026-03-22 23:36:56.216216,"Latest developments in Market, Economy and Finance with important updates, analysis and current information.","This article discusses Investment, Startup, and Finance. It also covers recent developments in Finance and Finance. The report provides background information, current trends, key points and analysis related to business news. Readers can learn about recent changes, important events, major developments and future possibilities.","Market, Startup, Investment, Company",437607,737,1526,3.1,2.7,Positive,45.78
736,Football and Cricket: Latest Updates and Analysis,Sports,Bikash Adhikari,News Hub,2026-03-23 14:11:53.513513,"Latest developments in Player, Cricket and Player with important updates, analysis and current information.","This article discusses Football, Player, and Match. It also covers recent developments in Cricket and Player. The report provides background information, current trends, key points and analysis related to sports news. Readers can learn about recent changes, important events, major developments and future possibilities.","Player, Match, Tournament, Football",196400,29429,7909,10.8,3.2,Negative,45.28
737,Election and Minister: Latest Updates and Analysis,Politics,Anil Gurung,TechDaily,2026-03-24 04:46:50.810810,"Latest developments in Law, Minister and Law with important updates, analysis and current information.","This article discusses Policy, Government, and Parliament. It also covers recent developments in Parliament and Minister. The report provides background information, current trends, key points and analysis related to politics news. Readers can learn about recent changes, important events, major developments and future possibilities.","Law, Policy, Government, Parliament",485415,46647,1969,16.6,3.1,Neutral,78.64
738,Healthcare and Hospital: Latest Updates and Analysis,Health,Nisha Karki,TechDaily,2026-03-24 19:21:48.108108,"Latest developments in Hospital, Patient and Patient with important updates, analysis and current information.","This article discusses Disease, Treatment, and Healthcare. It also covers recent developments in Healthcare and Hospital. The report provides background information, current trends, key points and analysis related to health news. Readers can learn about recent changes, important events, major developments and future possibilities.","Hospital, Treatment, Disease, Patient",153322,1299,9143,3.8,3.1,Negative,25.28
739,Disease and Healthcare: Latest Updates and Analysis,Health,Raj Joshi,TechDaily,2026-03-25 09:56:45.405405,"Latest developments in Hospital, Disease and Hospital with important updates, analysis and current information.","This article discusses Treatment, Treatment, and Medicine. It also covers recent developments in Medicine and Hospital. The report provides background information, current trends, key points and analysis related to health news. Readers can learn about recent changes, important events, major developments and future possibilities.","Medicine, Treatment, Patient, Hospital",415377,339,17886,3.3,3.4,Neutral,59.68
740,Election and Minister: Latest Updates and Analysis,Politics,Anil Gurung,TechDaily,2026-03-26 00:31:42.702702,"Latest developments in Minister, Law and Policy with important updates, analysis and current information.","This article discusses Government, Law, and Election. It also covers recent developments in Parliament and Government. The report provides background information, current trends, key points and analysis related to politics news. Readers can learn about recent changes, important events, major developments and future possibilities.","Government, Election, Minister, Law",422494,32920,11528,4.8,4.5,Neutral,73.64
741,Series and Actor: Latest Updates and Analysis,Entertainment,Nisha Karki,TechDaily,2026-03-26 15:06:40.000000,"Latest developments in Celebrity, Series and Music with important updates, analysis and current information.","This article discusses Celebrity, Actor, and Series. It also covers recent developments in Movie and Film. The report provides background information, current trends, key points and analysis related to entertainment news. Readers can learn about recent changes, important events, major developments and future possibilities.","Movie, Music, Celebrity, Series",232044,42381,8301,15.8,4.8,Positive,57.04
742,Discovery and Discovery: Latest Updates and Analysis,Science,Bikash Adhikari,News Hub,2026-03-27 05:41:37.297297,"Latest developments in Discovery, Research and Research with important updates, analysis and current information.","This article discusses Discovery, Discovery, and Physics. It also covers recent developments in Discovery and Space. The report provides background information, current trends, key points and analysis related to science news. Readers can learn about recent changes, important events, major developments and future possibilities.","Space, Biology, Physics, Discovery",56890,46523,2354,15.0,3.0,Neutral,36.05
743,Market and Investment: Latest Updates and Analysis,Business,Sita Rai,Daily Report,2026-03-27 20:16:34.594594,"Latest developments in Market, Company and Startup with important updates, analysis and current information.","This article discusses Market, Finance, and Startup. It also covers recent developments in Company and Startup. The report provides background information, current trends, key points and analysis related to business news. Readers can learn about recent changes, important events, major developments and future possibilities.","Investment, Startup, Finance, Economy",327940,48750,5319,12.2,3.9,Neutral,67.49
744,Disease and Healthcare: Latest Updates and Analysis,Health,Anil Gurung,Global News,2026-03-28 10:51:31.891891,"Latest developments in Disease, Disease and Patient with important updates, analysis and current information.","This article discusses Healthcare, Treatment, and Hospital. It also covers recent developments in Disease and Healthcare. The report provides background information, current trends, key points and analysis related to health news. Readers can learn about recent changes, important events, major developments and future possibilities.","Hospital, Disease, Medicine, Treatment",277892,19435,225,10.4,4.1,Neutral,39.74
745,Tournament and Football: Latest Updates and Analysis,Sports,Mina Shrestha,TechDaily,2026-03-29 01:26:29.189189,"Latest developments in Match, Player and Cricket with important updates, analysis and current information.","This article discusses Tournament, Match, and League. It also covers recent developments in Player and League. The report provides background information, current trends, key points and analysis related to sports news. Readers can learn about recent changes, important events, major developments and future possibilities.","Football, Player, Match, Cricket",61879,33194,14520,18.0,3.8,Neutral,40.69
746,Company and Market: Latest Updates and Analysis,Business,Nisha Karki,Daily Report,2026-03-29 16:01:26.486486,"Latest developments in Market, Economy and Market with important updates, analysis and current information.","This article discusses Market, Company, and Company. It also covers recent developments in Market and Market. The report provides background information, current trends, key points and analysis related to business news. Readers can learn about recent changes, important events, major developments and future possibilities.","Investment, Finance, Company, Market",106471,24509,3011,15.8,3.6,Positive,28.42
747,Match and Tournament: Latest Updates and Analysis,Sports,Sita Rai,Daily Report,2026-03-30 06:36:23.783783,"Latest developments in Player, Match and Tournament with important updates, analysis and current information.","This article discusses Player, League, and Tournament. It also covers recent developments in Football and Match. The report provides background information, current trends, key points and analysis related to sports news. Readers can learn about recent changes, important events, major developments and future possibilities.","Match, Player, Cricket, Tournament",298916,42095,4126,16.6,3.0,Negative,59.38
748,Actor and Actor: Latest Updates and Analysis,Entertainment,Raj Joshi,Global News,2026-03-30 21:11:21.081081,"Latest developments in Music, Actor and Actor with important updates, analysis and current information.","This article discusses Celebrity, Movie, and Film. It also covers recent developments in Actor and Celebrity. The report provides background information, current trends, key points and analysis related to entertainment news. Readers can learn about recent changes, important events, major developments and future possibilities.","Celebrity, Series, Film, Movie",331353,44289,613,16.6,3.7,Negative,60.44
749,Cybersecurity and Cloud: Latest Updates and Analysis,Technology,Raj Joshi,News Hub,2026-03-31 11:46:18.378378,"Latest developments in Machine Learning, Machine Learning and Cybersecurity with important updates, analysis and current information.","This article discusses AI, AI, and Cloud. It also covers recent developments in Cloud and Robotics. The report provides background information, current trends, key points and analysis related to technology news. Readers can learn about recent changes, important events, major developments and future possibilities.","AI, Machine Learning, Cybersecurity, Software",453837,1373,14082,13.6,3.5,Positive,60.35
750,Finance and Market: Latest Updates and Analysis,Business,Aarav Thapa,World Today,2026-04-01 02:21:15.675675,"Latest developments in Startup, Company and Startup with important updates, analysis and current information.","This article discusses Market, Company, and Market. It also covers recent developments in Economy and Investment. The report provides background information, current trends, key points and analysis related to business news. Readers can learn about recent changes, important events, major developments and future possibilities.","Economy, Investment, Company, Market",34693,7082,16482,10.2,4.5,Negative,24.22
751,Learning and Education: Latest Updates and Analysis,Education,Nisha Karki,World Today,2026-04-01 16:56:12.972972,"Latest developments in School, Learning and Learning with important updates, analysis and current information.","This article discusses College, College, and School. It also covers recent developments in Learning and Student. The report provides background information, current trends, key points and analysis related to education news. Readers can learn about recent changes, important events, major developments and future possibilities.","Learning, Education, University, College",407102,25532,5458,17.6,4.4,Positive,61.58
752,Hospital and Healthcare: Latest Updates and Analysis,Health,Bikash Adhikari,Daily Report,2026-04-02 07:31:10.270270,"Latest developments in Healthcare, Treatment and Medicine with important updates, analysis and current information.","This article discusses Disease, Medicine, and Hospital. It also covers recent developments in Medicine and Healthcare. The report provides background information, current trends, key points and analysis related to health news. Readers can learn about recent changes, important events, major developments and future possibilities.","Patient, Disease, Treatment, Hospital",487352,42661,9002,18.7,2.8,Neutral,83.47
753,Startup and Finance: Latest Updates and Analysis,Business,Aarav Thapa,Insight News,2026-04-02 22:06:07.567567,"Latest developments in Economy, Economy and Market with important updates, analysis and current information.","This article discusses Investment, Startup, and Economy. It also covers recent developments in Economy and Market. The report provides background information, current trends, key points and analysis related to business news. Readers can learn about recent changes, important events, major developments and future possibilities.","Finance, Economy, Startup, Investment",272059,18866,19721,2.4,2.7,Neutral,58.31
754,Company and Startup: Latest Updates and Analysis,Business,Aarav Thapa,Insight News,2026-04-03 12:41:04.864864,"Latest developments in Investment, Economy and Company with important updates, analysis and current information.","This article discusses Finance, Market, and Economy. It also covers recent developments in Startup and Economy. The report provides background information, current trends, key points and analysis related to business news. Readers can learn about recent changes, important events, major developments and future possibilities.","Startup, Investment, Economy, Market",415282,7593,2699,2.9,4.8,Negative,48.84
755,Investment and Market: Latest Updates and Analysis,Business,Ramesh Sharma,Global News,2026-04-04 03:16:02.162162,"Latest developments in Economy, Investment and Market with important updates, analysis and current information.","This article discusses Investment, Company, and Economy. It also covers recent developments in Economy and Company. The report provides background information, current trends, key points and analysis related to business news. Readers can learn about recent changes, important events, major developments and future possibilities.","Market, Company, Startup, Economy",407110,9495,7517,19.3,3.8,Positive,53.99
756,Biology and Research: Latest Updates and Analysis,Science,Anil Gurung,World Today,2026-04-04 17:50:59.459459,"Latest developments in Biology, Research and Space with important updates, analysis and current information.","This article discusses Biology, Space, and Discovery. It also covers recent developments in Research and Discovery. The report provides background information, current trends, key points and analysis related to science news. Readers can learn about recent changes, important events, major developments and future possibilities.","Research, Experiment, Physics, Biology",162595,49522,1019,7.0,4.6,Neutral,47.1
757,Economy and Finance: Latest Updates and Analysis,Business,Nisha Karki,Daily Report,2026-04-05 08:25:56.756756,"Latest developments in Market, Finance and Finance with important updates, analysis and current information.","This article discusses Market, Investment, and Economy. It also covers recent developments in Investment and Investment. The report provides background information, current trends, key points and analysis related to business news. Readers can learn about recent changes, important events, major developments and future possibilities.","Finance, Economy, Startup, Investment",492796,7837,19409,17.7,2.6,Neutral,73.46
758,Match and Match: Latest Updates and Analysis,Sports,Aarav Thapa,News Hub,2026-04-05 23:00:54.054054,"Latest developments in Football, League and Player with important updates, analysis and current information.","This article discusses Cricket, Match, and Football. It also covers recent developments in Football and Match. The report provides background information, current trends, key points and analysis related to sports news. Readers can learn about recent changes, important events, major developments and future possibilities.","League, Football, Player, Tournament",283546,11172,15903,9.0,3.8,Neutral,51.02
759,Cybersecurity and Machine Learning: Latest Updates and Analysis,Technology,Ramesh Sharma,World Today,2026-04-06 13:35:51.351351,"Latest developments in AI, Cloud and Robotics with important updates, analysis and current information.","This article discusses Robotics, Machine Learning, and Machine Learning. It also covers recent developments in Machine Learning and AI. The report provides background information, current trends, key points and analysis related to technology news. Readers can learn about recent changes, important events, major developments and future possibilities.","Robotics, Cybersecurity, Software, Cloud",192236,18680,19912,4.1,3.8,Neutral,50.4
760,Movie and Movie: Latest Updates and Analysis,Entertainment,Bikash Adhikari,Daily Report,2026-04-07 04:10:48.648648,"Latest developments in Celebrity, Series and Actor with important updates, analysis and current information.","This article discusses Film, Celebrity, and Music. It also covers recent developments in Movie and Movie. The report provides background information, current trends, key points and analysis related to entertainment news. Readers can learn about recent changes, important events, major developments and future possibilities.","Music, Series, Movie, Celebrity",217972,30346,13698,3.4,4.7,Positive,53.78
761,Law and Parliament: Latest Updates and Analysis,Politics,Sita Rai,Daily Report,2026-04-07 18:45:45.945945,"Latest developments in Law, Election and Parliament with important updates, analysis and current information.","This article discusses Policy, Minister, and Minister. It also covers recent developments in Election and Election. The report provides background information, current trends, key points and analysis related to politics news. Readers can learn about recent changes, important events, major developments and future possibilities.","Law, Election, Government, Policy",347384,43085,16150,4.8,2.7,Neutral,76.86
762,Company and Company: Latest Updates and Analysis,Business,Mina Shrestha,TechDaily,2026-04-08 09:20:43.243243,"Latest developments in Economy, Startup and Market with important updates, analysis and current information.","This article discusses Company, Investment, and Finance. It also covers recent developments in Investment and Market. The report provides background information, current trends, key points and analysis related to business news. Readers can learn about recent changes, important events, major developments and future possibilities.","Market, Investment, Company, Finance",159007,23412,5578,6.5,3.1,Negative,35.59
763,Healthcare and Hospital: Latest Updates and Analysis,Health,Mina Shrestha,News Hub,2026-04-08 23:55:40.540540,"Latest developments in Disease, Medicine and Healthcare with important updates, analysis and current information.","This article discusses Medicine, Healthcare, and Disease. It also covers recent developments in Hospital and Disease. The report provides background information, current trends, key points and analysis related to health news. Readers can learn about recent changes, important events, major developments and future possibilities.","Hospital, Disease, Medicine, Patient",335600,22863,6729,10.8,3.5,Negative,54.09
764,Economy and Economy: Latest Updates and Analysis,Business,Nisha Karki,TechDaily,2026-04-09 14:30:37.837837,"Latest developments in Investment, Economy and Economy with important updates, analysis and current information.","This article discusses Finance, Market, and Finance. It also covers recent developments in Startup and Finance. The report provides background information, current trends, key points and analysis related to business news. Readers can learn about recent changes, important events, major developments and future possibilities.","Startup, Economy, Market, Investment",49382,30804,6961,14.6,4.7,Negative,30.44
765,Treatment and Medicine: Latest Updates and Analysis,Health,Aarav Thapa,Global News,2026-04-10 05:05:35.135135,"Latest developments in Disease, Patient and Healthcare with important updates, analysis and current information.","This article discusses Patient, Treatment, and Disease. It also covers recent developments in Medicine and Healthcare. The report provides background information, current trends, key points and analysis related to health news. Readers can learn about recent changes, important events, major developments and future possibilities.","Disease, Treatment, Hospital, Medicine",128551,10934,11171,19.8,4.8,Neutral,30.62
766,Football and Tournament: Latest Updates and Analysis,Sports,Mina Shrestha,TechDaily,2026-04-10 19:40:32.432432,"Latest developments in Tournament, Football and Match with important updates, analysis and current information.","This article discusses Cricket, Football, and Match. It also covers recent developments in Cricket and Match. The report provides background information, current trends, key points and analysis related to sports news. Readers can learn about recent changes, important events, major developments and future possibilities.","Cricket, League, Tournament, Football",383591,30723,13947,9.9,5.0,Neutral,70.84
767,Medicine and Disease: Latest Updates and Analysis,Health,Anil Gurung,TechDaily,2026-04-11 10:15:29.729729,"Latest developments in Healthcare, Hospital and Patient with important updates, analysis and current information.","This article discusses Disease, Healthcare, and Patient. It also covers recent developments in Disease and Healthcare. The report provides background information, current trends, key points and analysis related to health news. Readers can learn about recent changes, important events, major developments and future possibilities.","Disease, Medicine, Hospital, Healthcare",183886,20405,17180,11.3,4.9,Neutral,47.87
768,University and Education: Latest Updates and Analysis,Education,Mina Shrestha,World Today,2026-04-12 00:50:27.027027,"Latest developments in Student, College and School with important updates, analysis and current information.","This article discusses Learning, University, and College. It also covers recent developments in Learning and School. The report provides background information, current trends, key points and analysis related to education news. Readers can learn about recent changes, important events, major developments and future possibilities.","College, Education, University, Student",198207,18748,1957,11.4,2.5,Positive,33.08
769,Policy and Policy: Latest Updates and Analysis,Politics,Mina Shrestha,Insight News,2026-04-12 15:25:24.324324,"Latest developments in Election, Minister and Parliament with important updates, analysis and current information.","This article discusses Government, Government, and Government. It also covers recent developments in Election and Parliament. The report provides background information, current trends, key points and analysis related to politics news. Readers can learn about recent changes, important events, major developments and future possibilities.","Policy, Parliament, Election, Law",23914,5230,19450,11.7,2.6,Negative,24.99
770,Cloud and Cybersecurity: Latest Updates and Analysis,Technology,Mina Shrestha,Daily Report,2026-04-13 06:00:21.621621,"Latest developments in Software, AI and Robotics with important updates, analysis and current information.","This article discusses Robotics, Cybersecurity, and Machine Learning. It also covers recent developments in AI and Machine Learning. The report provides background information, current trends, key points and analysis related to technology news. Readers can learn about recent changes, important events, major developments and future possibilities.","Cloud, Robotics, AI, Cybersecurity",155261,46413,13300,11.3,2.9,Positive,56.78
771,Patient and Patient: Latest Updates and Analysis,Health,Raj Joshi,News Hub,2026-04-13 20:35:18.918918,"Latest developments in Disease, Healthcare and Healthcare with important updates, analysis and current information.","This article discusses Treatment, Patient, and Healthcare. It also covers recent developments in Hospital and Healthcare. The report provides background information, current trends, key points and analysis related to health news. Readers can learn about recent changes, important events, major developments and future possibilities.","Hospital, Medicine, Disease, Healthcare",466478,22354,19064,2.2,3.4,Negative,79.22
772,Healthcare and Hospital: Latest Updates and Analysis,Health,Ramesh Sharma,TechDaily,2026-04-14 11:10:16.216216,"Latest developments in Medicine, Disease and Healthcare with important updates, analysis and current information.","This article discusses Patient, Hospital, and Patient. It also covers recent developments in Hospital and Disease. The report provides background information, current trends, key points and analysis related to health news. Readers can learn about recent changes, important events, major developments and future possibilities.","Patient, Medicine, Healthcare, Hospital",449147,8954,4441,2.0,4.6,Positive,54.8
773,Cloud and Cybersecurity: Latest Updates and Analysis,Technology,Aarav Thapa,News Hub,2026-04-15 01:45:13.513513,"Latest developments in Machine Learning, Cybersecurity and Machine Learning with important updates, analysis and current information.","This article discusses Software, Machine Learning, and Machine Learning. It also covers recent developments in Cybersecurity and AI. The report provides background information, current trends, key points and analysis related to technology news. Readers can learn about recent changes, important events, major developments and future possibilities.","Cloud, Software, AI, Cybersecurity",426062,23139,13011,3.8,4.7,Negative,69.59
774,Parliament and Parliament: Latest Updates and Analysis,Politics,Anil Gurung,Insight News,2026-04-15 16:20:10.810810,"Latest developments in Election, Government and Minister with important updates, analysis and current information.","This article discusses Minister, Minister, and Government. It also covers recent developments in Government and Parliament. The report provides background information, current trends, key points and analysis related to politics news. Readers can learn about recent changes, important events, major developments and future possibilities.","Policy, Election, Law, Minister",81773,45022,19332,3.8,3.0,Positive,54.62
775,Economy and Market: Latest Updates and Analysis,Business,Aarav Thapa,Insight News,2026-04-16 06:55:08.108108,"Latest developments in Economy, Company and Economy with important updates, analysis and current information.","This article discusses Economy, Investment, and Company. It also covers recent developments in Finance and Company. The report provides background information, current trends, key points and analysis related to business news. Readers can learn about recent changes, important events, major developments and future possibilities.","Startup, Investment, Market, Economy",52040,17388,1101,14.7,4.0,Positive,16.77
776,Healthcare and Patient: Latest Updates and Analysis,Health,Raj Joshi,TechDaily,2026-04-16 21:30:05.405405,"Latest developments in Medicine, Patient and Healthcare with important updates, analysis and current information.","This article discusses Disease, Treatment, and Healthcare. It also covers recent developments in Treatment and Hospital. The report provides background information, current trends, key points and analysis related to health news. Readers can learn about recent changes, important events, major developments and future possibilities.","Patient, Healthcare, Hospital, Medicine",86896,39825,9229,5.7,4.8,Neutral,41.9
777,Robotics and Machine Learning: Latest Updates and Analysis,Technology,Nisha Karki,Global News,2026-04-17 12:05:02.702702,"Latest developments in Software, Machine Learning and Machine Learning with important updates, analysis and current information.","This article discusses Software, AI, and Robotics. It also covers recent developments in Cybersecurity and Robotics. The report provides background information, current trends, key points and analysis related to technology news. Readers can learn about recent changes, important events, major developments and future possibilities.","Software, Machine Learning, Robotics, Cybersecurity",36576,36523,13615,18.1,3.7,Positive,39.26
778,Learning and University: Latest Updates and Analysis,Education,Nisha Karki,TechDaily,2026-04-18 02:40:00.000000,"Latest developments in Education, School and University with important updates, analysis and current information.","This article discusses College, Student, and University. It also covers recent developments in University and Education. The report provides background information, current trends, key points and analysis related to education news. Readers can learn about recent changes, important events, major developments and future possibilities.","Education, University, College, Learning",419599,35614,14732,18.7,2.8,Neutral,78.17
779,Learning and College: Latest Updates and Analysis,Education,Nisha Karki,World Today,2026-04-18 17:14:57.297297,"Latest developments in College, University and University with important updates, analysis and current information.","This article discusses School, College, and Education. It also covers recent developments in University and Student. The report provides background information, current trends, key points and analysis related to education news. Readers can learn about recent changes, important events, major developments and future possibilities.","Learning, Student, School, Education",132941,35732,12366,19.6,3.6,Neutral,47.18
780,League and Match: Latest Updates and Analysis,Sports,Bikash Adhikari,Daily Report,2026-04-19 07:49:54.594594,"Latest developments in Match, Football and Tournament with important updates, analysis and current information.","This article discusses Tournament, Match, and Player. It also covers recent developments in Player and Tournament. The report provides background information, current trends, key points and analysis related to sports news. Readers can learn about recent changes, important events, major developments and future possibilities.","Tournament, Player, Match, Football",304522,41646,9970,18.9,3.4,Positive,65.52
781,Cloud and Robotics: Latest Updates and Analysis,Technology,Mina Shrestha,Global News,2026-04-19 22:24:51.891891,"Latest developments in AI, Cloud and AI with important updates, analysis and current information.","This article discusses AI, Software, and Cloud. It also covers recent developments in Robotics and AI. The report provides background information, current trends, key points and analysis related to technology news. Readers can learn about recent changes, important events, major developments and future possibilities.","Cloud, AI, Cybersecurity, Robotics",178166,21021,12992,6.9,3.9,Negative,43.48
782,Cricket and League: Latest Updates and Analysis,Sports,Bikash Adhikari,TechDaily,2026-04-20 12:59:49.189189,"Latest developments in Cricket, Tournament and Football with important updates, analysis and current information.","This article discusses Football, Football, and Player. It also covers recent developments in Football and Tournament. The report provides background information, current trends, key points and analysis related to sports news. Readers can learn about recent changes, important events, major developments and future possibilities.","Match, Football, League, Player",456214,27702,981,11.2,3.6,Neutral,63.33
783,School and University: Latest Updates and Analysis,Education,Ramesh Sharma,News Hub,2026-04-21 03:34:46.486486,"Latest developments in Student, School and University with important updates, analysis and current information.","This article discusses School, Learning, and College. It also covers recent developments in Learning and Student. The report provides background information, current trends, key points and analysis related to education news. Readers can learn about recent changes, important events, major developments and future possibilities.","Learning, Education, Student, School",277878,45416,16130,5.2,2.5,Neutral,71.28
784,Law and Election: Latest Updates and Analysis,Politics,Nisha Karki,Global News,2026-04-21 18:09:43.783783,"Latest developments in Minister, Minister and Policy with important updates, analysis and current information.","This article discusses Government, Government, and Policy. It also covers recent developments in Law and Government. The report provides background information, current trends, key points and analysis related to politics news. Readers can learn about recent changes, important events, major developments and future possibilities.","Policy, Law, Election, Minister",236207,35523,18815,16.5,5.0,Neutral,63.84
785,Startup and Market: Latest Updates and Analysis,Business,Raj Joshi,Global News,2026-04-22 08:44:41.081081,"Latest developments in Finance, Finance and Economy with important updates, analysis and current information.","This article discusses Economy, Startup, and Finance. It also covers recent developments in Market and Finance. The report provides background information, current trends, key points and analysis related to business news. Readers can learn about recent changes, important events, major developments and future possibilities.","Finance, Market, Economy, Investment",126359,19116,8566,18.0,3.9,Neutral,32.72
786,Software and Robotics: Latest Updates and Analysis,Technology,Anil Gurung,TechDaily,2026-04-22 23:19:38.378378,"Latest developments in Cloud, Cybersecurity and Machine Learning with important updates, analysis and current information.","This article discusses AI, Software, and Robotics. It also covers recent developments in Cloud and Software. The report provides background information, current trends, key points and analysis related to technology news. Readers can learn about recent changes, important events, major developments and future possibilities.","AI, Software, Machine Learning, Cybersecurity",404281,6473,6349,17.3,3.7,Neutral,50.72
787,Movie and Film: Latest Updates and Analysis,Entertainment,Aarav Thapa,Global News,2026-04-23 13:54:35.675675,"Latest developments in Series, Music and Series with important updates, analysis and current information.","This article discusses Music, Movie, and Music. It also covers recent developments in Series and Actor. The report provides background information, current trends, key points and analysis related to entertainment news. Readers can learn about recent changes, important events, major developments and future possibilities.","Celebrity, Movie, Series, Actor",420882,47322,10728,9.8,4.9,Positive,81.34
788,Education and University: Latest Updates and Analysis,Education,Mina Shrestha,News Hub,2026-04-24 04:29:32.972972,"Latest developments in School, Student and Education with important updates, analysis and current information.","This article discusses College, College, and Learning. It also covers recent developments in School and College. The report provides background information, current trends, key points and analysis related to education news. Readers can learn about recent changes, important events, major developments and future possibilities.","Education, Student, Learning, University",314440,22735,7548,15.7,2.9,Neutral,52.71
789,Learning and Student: Latest Updates and Analysis,Education,Sita Rai,Insight News,2026-04-24 19:04:30.270270,"Latest developments in School, Education and Learning with important updates, analysis and current information.","This article discusses Learning, School, and Education. It also covers recent developments in School and Education. The report provides background information, current trends, key points and analysis related to education news. Readers can learn about recent changes, important events, major developments and future possibilities.","University, Student, Education, College",360923,34461,18375,3.8,3.0,Neutral,75.25
790,Movie and Film: Latest Updates and Analysis,Entertainment,Anil Gurung,Global News,2026-04-25 09:39:27.567567,"Latest developments in Actor, Actor and Series with important updates, analysis and current information.","This article discusses Actor, Series, and Movie. It also covers recent developments in Celebrity and Celebrity. The report provides background information, current trends, key points and analysis related to entertainment news. Readers can learn about recent changes, important events, major developments and future possibilities.","Music, Movie, Film, Actor",179457,11084,19312,2.7,4.5,Neutral,43.95
791,Space and Biology: Latest Updates and Analysis,Science,Mina Shrestha,Insight News,2026-04-26 00:14:24.864864,"Latest developments in Discovery, Space and Discovery with important updates, analysis and current information.","This article discusses Physics, Biology, and Discovery. It also covers recent developments in Biology and Research. The report provides background information, current trends, key points and analysis related to science news. Readers can learn about recent changes, important events, major developments and future possibilities.","Physics, Research, Biology, Experiment",393105,44771,3446,15.6,3.2,Neutral,69.74
792,College and Education: Latest Updates and Analysis,Education,Bikash Adhikari,News Hub,2026-04-26 14:49:22.162162,"Latest developments in University, Learning and University with important updates, analysis and current information.","This article discusses Learning, Student, and School. It also covers recent developments in Learning and Learning. The report provides background information, current trends, key points and analysis related to education news. Readers can learn about recent changes, important events, major developments and future possibilities.","School, University, College, Student",186671,28756,12820,9.7,4.5,Neutral,48.82
793,Healthcare and Hospital: Latest Updates and Analysis,Health,Bikash Adhikari,TechDaily,2026-04-27 05:24:19.459459,"Latest developments in Treatment, Medicine and Hospital with important updates, analysis and current information.","This article discusses Hospital, Healthcare, and Disease. It also covers recent developments in Disease and Healthcare. The report provides background information, current trends, key points and analysis related to health news. Readers can learn about recent changes, important events, major developments and future possibilities.","Treatment, Hospital, Disease, Patient",19520,17068,18953,19.9,3.2,Positive,31.18
794,Policy and Government: Latest Updates and Analysis,Politics,Anil Gurung,Daily Report,2026-04-27 19:59:16.756756,"Latest developments in Government, Policy and Election with important updates, analysis and current information.","This article discusses Government, Law, and Election. It also covers recent developments in Policy and Government. The report provides background information, current trends, key points and analysis related to politics news. Readers can learn about recent changes, important events, major developments and future possibilities.","Election, Government, Parliament, Minister",156408,28916,2872,3.8,2.6,Neutral,35.93
795,Cybersecurity and Machine Learning: Latest Updates and Analysis,Technology,Bikash Adhikari,Global News,2026-04-28 10:34:14.054054,"Latest developments in Robotics, Cybersecurity and Cloud with important updates, analysis and current information.","This article discusses AI, Machine Learning, and Machine Learning. It also covers recent developments in Cloud and Software. The report provides background information, current trends, key points and analysis related to technology news. Readers can learn about recent changes, important events, major developments and future possibilities.","AI, Cybersecurity, Software, Cloud",268462,2919,9368,17.4,3.8,Neutral,38.0
796,Film and Actor: Latest Updates and Analysis,Entertainment,Nisha Karki,Daily Report,2026-04-29 01:09:11.351351,"Latest developments in Series, Celebrity and Music with important updates, analysis and current information.","This article discusses Film, Series, and Movie. It also covers recent developments in Music and Celebrity. The report provides background information, current trends, key points and analysis related to entertainment news. Readers can learn about recent changes, important events, major developments and future possibilities.","Actor, Film, Celebrity, Movie",124383,23550,1335,10.6,3.0,Positive,27.96
797,Patient and Treatment: Latest Updates and Analysis,Health,Ramesh Sharma,News Hub,2026-04-29 15:44:08.648648,"Latest developments in Disease, Treatment and Healthcare with important updates, analysis and current information.","This article discusses Disease, Treatment, and Patient. It also covers recent developments in Disease and Patient. The report provides background information, current trends, key points and analysis related to health news. Readers can learn about recent changes, important events, major developments and future possibilities.","Medicine, Patient, Healthcare, Hospital",443208,36524,5413,16.9,4.4,Positive,71.77
798,Music and Actor: Latest Updates and Analysis,Entertainment,Aarav Thapa,Global News,2026-04-30 06:19:05.945945,"Latest developments in Music, Film and Film with important updates, analysis and current information.","This article discusses Music, Series, and Series. It also covers recent developments in Actor and Celebrity. The report provides background information, current trends, key points and analysis related to entertainment news. Readers can learn about recent changes, important events, major developments and future possibilities.","Film, Celebrity, Actor, Music",205203,3283,16496,16.7,4.1,Positive,39.02
799,Robotics and AI: Latest Updates and Analysis,Technology,Ramesh Sharma,Insight News,2026-04-30 20:54:03.243243,"Latest developments in AI, Cloud and Machine Learning with important updates, analysis and current information.","This article discusses Machine Learning, AI, and Cloud. It also covers recent developments in AI and Machine Learning. The report provides background information, current trends, key points and analysis related to technology news. Readers can learn about recent changes, important events, major developments and future possibilities.","Software, Cloud, AI, Cybersecurity",230561,4691,13423,18.5,4.8,Negative,39.33
800,Cricket and Match: Latest Updates and Analysis,Sports,Mina Shrestha,World Today,2026-05-01 11:29:00.540540,"Latest developments in Football, Match and Cricket with important updates, analysis and current information.","This article discusses Match, Match, and League. It also covers recent developments in Football and League. The report provides background information, current trends, key points and analysis related to sports news. Readers can learn about recent changes, important events, major developments and future possibilities.","Tournament, Match, Player, Cricket",64157,23212,5294,7.4,4.5,Neutral,25.69
801,Robotics and Cloud: Latest Updates and Analysis,Technology,Aarav Thapa,Daily Report,2026-05-02 02:03:57.837837,"Latest developments in Cybersecurity, Machine Learning and Robotics with important updates, analysis and current information.","This article discusses Cybersecurity, AI, and AI. It also covers recent developments in Cybersecurity and Machine Learning. The report provides background information, current trends, key points and analysis related to technology news. Readers can learn about recent changes, important events, major developments and future possibilities.","Cloud, Cybersecurity, AI, Robotics",340853,40118,10037,19.1,3.0,Positive,68.31
802,Research and Research: Latest Updates and Analysis,Science,Raj Joshi,Global News,2026-05-02 16:38:55.135135,"Latest developments in Physics, Space and Physics with important updates, analysis and current information.","This article discusses Space, Discovery, and Physics. It also covers recent developments in Experiment and Physics. The report provides background information, current trends, key points and analysis related to science news. Readers can learn about recent changes, important events, major developments and future possibilities.","Research, Physics, Biology, Discovery",208079,28602,1987,4.7,4.5,Positive,40.03
803,Machine Learning and Cybersecurity: Latest Updates and Analysis,Technology,Aarav Thapa,Daily Report,2026-05-03 07:13:52.432432,"Latest developments in Machine Learning, Software and Robotics with important updates, analysis and current information.","This article discusses Cloud, Software, and AI. It also covers recent developments in AI and Cybersecurity. The report provides background information, current trends, key points and analysis related to technology news. Readers can learn about recent changes, important events, major developments and future possibilities.","Software, Robotics, Cloud, Machine Learning",214302,17540,4829,3.5,4.1,Neutral,36.84
804,AI and Robotics: Latest Updates and Analysis,Technology,Ramesh Sharma,Global News,2026-05-03 21:48:49.729729,"Latest developments in Cybersecurity, Cloud and Software with important updates, analysis and current information.","This article discusses Cybersecurity, Cloud, and Cloud. It also covers recent developments in Cloud and AI. The report provides background information, current trends, key points and analysis related to technology news. Readers can learn about recent changes, important events, major developments and future possibilities.","Cybersecurity, Machine Learning, AI, Robotics",142398,35829,18369,9.8,4.2,Neutral,54.19
805,Biology and Physics: Latest Updates and Analysis,Science,Anil Gurung,TechDaily,2026-05-04 12:23:47.027027,"Latest developments in Experiment, Physics and Biology with important updates, analysis and current information.","This article discusses Physics, Experiment, and Discovery. It also covers recent developments in Discovery and Research. The report provides background information, current trends, key points and analysis related to science news. Readers can learn about recent changes, important events, major developments and future possibilities.","Discovery, Space, Experiment, Research",123208,5919,11434,16.9,4.6,Neutral,27.33
806,Minister and Policy: Latest Updates and Analysis,Politics,Aarav Thapa,Insight News,2026-05-05 02:58:44.324324,"Latest developments in Parliament, Law and Law with important updates, analysis and current information.","This article discusses Law, Government, and Law. It also covers recent developments in Government and Parliament. The report provides background information, current trends, key points and analysis related to politics news. Readers can learn about recent changes, important events, major developments and future possibilities.","Government, Law, Election, Policy",445587,22277,14548,10.5,3.9,Negative,72.57
807,Learning and University: Latest Updates and Analysis,Education,Raj Joshi,Daily Report,2026-05-05 17:33:41.621621,"Latest developments in School, University and School with important updates, analysis and current information.","This article discusses Learning, College, and College. It also covers recent developments in Learning and Learning. The report provides background information, current trends, key points and analysis related to education news. Readers can learn about recent changes, important events, major developments and future possibilities.","College, School, Learning, Education",272290,17676,16636,16.9,3.7,Neutral,54.54
808,Software and AI: Latest Updates and Analysis,Technology,Raj Joshi,World Today,2026-05-06 08:08:38.918918,"Latest developments in Cybersecurity, Software and Robotics with important updates, analysis and current information.","This article discusses Cloud, Cloud, and Robotics. It also covers recent developments in Software and Machine Learning. The report provides background information, current trends, key points and analysis related to technology news. Readers can learn about recent changes, important events, major developments and future possibilities.","Software, Robotics, Cloud, Machine Learning",246127,42844,9428,15.1,4.1,Positive,59.85
809,Physics and Research: Latest Updates and Analysis,Science,Raj Joshi,World Today,2026-05-06 22:43:36.216216,"Latest developments in Research, Physics and Experiment with important updates, analysis and current information.","This article discusses Biology, Space, and Space. It also covers recent developments in Research and Discovery. The report provides background information, current trends, key points and analysis related to science news. Readers can learn about recent changes, important events, major developments and future possibilities.","Biology, Physics, Experiment, Research",379706,9752,17007,5.8,3.2,Neutral,60.89
810,Healthcare and Treatment: Latest Updates and Analysis,Health,Ramesh Sharma,News Hub,2026-05-07 13:18:33.513513,"Latest developments in Hospital, Patient and Disease with important updates, analysis and current information.","This article discusses Treatment, Treatment, and Healthcare. It also covers recent developments in Disease and Disease. The report provides background information, current trends, key points and analysis related to health news. Readers can learn about recent changes, important events, major developments and future possibilities.","Hospital, Treatment, Healthcare, Medicine",371589,16012,3156,19.1,3.0,Negative,49.99
811,League and Player: Latest Updates and Analysis,Sports,Aarav Thapa,Global News,2026-05-08 03:53:30.810810,"Latest developments in Football, Football and League with important updates, analysis and current information.","This article discusses Tournament, Player, and Player. It also covers recent developments in Match and League. The report provides background information, current trends, key points and analysis related to sports news. Readers can learn about recent changes, important events, major developments and future possibilities.","Player, League, Match, Tournament",37217,9175,11328,3.1,4.0,Neutral,20.58
812,Tournament and Player: Latest Updates and Analysis,Sports,Sita Rai,Daily Report,2026-05-08 18:28:28.108108,"Latest developments in Player, Cricket and Tournament with important updates, analysis and current information.","This article discusses Cricket, Player, and Player. It also covers recent developments in Football and Tournament. The report provides background information, current trends, key points and analysis related to sports news. Readers can learn about recent changes, important events, major developments and future possibilities.","Cricket, League, Match, Tournament",130080,40670,3389,18.2,3.1,Neutral,40.89
813,Cloud and AI: Latest Updates and Analysis,Technology,Anil Gurung,News Hub,2026-05-09 09:03:25.405405,"Latest developments in Cybersecurity, Software and Machine Learning with important updates, analysis and current information.","This article discusses Robotics, AI, and Cloud. It also covers recent developments in Machine Learning and Cybersecurity. The report provides background information, current trends, key points and analysis related to technology news. Readers can learn about recent changes, important events, major developments and future possibilities.","AI, Software, Robotics, Cloud",398281,2067,19801,7.5,2.7,Neutral,60.92
814,Minister and Election: Latest Updates and Analysis,Politics,Nisha Karki,Daily Report,2026-05-09 23:38:22.702702,"Latest developments in Government, Minister and Minister with important updates, analysis and current information.","This article discusses Government, Parliament, and Parliament. It also covers recent developments in Policy and Parliament. The report provides background information, current trends, key points and analysis related to politics news. Readers can learn about recent changes, important events, major developments and future possibilities.","Law, Election, Parliament, Policy",452794,31478,9458,11.0,2.5,Neutral,73.73
815,Election and Policy: Latest Updates and Analysis,Politics,Aarav Thapa,Global News,2026-05-10 14:13:20.000000,"Latest developments in Parliament, Election and Election with important updates, analysis and current information.","This article discusses Government, Government, and Parliament. It also covers recent developments in Parliament and Minister. The report provides background information, current trends, key points and analysis related to politics news. Readers can learn about recent changes, important events, major developments and future possibilities.","Election, Policy, Parliament, Government",210044,26439,2945,9.6,4.0,Neutral,39.88
816,Treatment and Hospital: Latest Updates and Analysis,Health,Raj Joshi,World Today,2026-05-11 04:48:17.297297,"Latest developments in Hospital, Healthcare and Patient with important updates, analysis and current information.","This article discusses Medicine, Hospital, and Healthcare. It also covers recent developments in Hospital and Treatment. The report provides background information, current trends, key points and analysis related to health news. Readers can learn about recent changes, important events, major developments and future possibilities.","Hospital, Patient, Healthcare, Medicine",188449,34747,9352,5.1,3.4,Negative,49.13
817,Cybersecurity and Machine Learning: Latest Updates and Analysis,Technology,Sita Rai,TechDaily,2026-05-11 19:23:14.594594,"Latest developments in Machine Learning, Robotics and Cloud with important updates, analysis and current information.","This article discusses AI, Cloud, and Cloud. It also covers recent developments in Robotics and Software. The report provides background information, current trends, key points and analysis related to technology news. Readers can learn about recent changes, important events, major developments and future possibilities.","AI, Cybersecurity, Cloud, Software",216551,29810,10486,8.4,4.4,Neutral,50.11
818,Tournament and Cricket: Latest Updates and Analysis,Sports,Nisha Karki,World Today,2026-05-12 09:58:11.891891,"Latest developments in League, Football and Football with important updates, analysis and current information.","This article discusses League, Tournament, and Tournament. It also covers recent developments in Player and League. The report provides background information, current trends, key points and analysis related to sports news. Readers can learn about recent changes, important events, major developments and future possibilities.","Player, Football, Match, League",452929,18302,8632,5.5,3.4,Neutral,64.99
819,Government and Minister: Latest Updates and Analysis,Politics,Nisha Karki,News Hub,2026-05-13 00:33:09.189189,"Latest developments in Law, Parliament and Election with important updates, analysis and current information.","This article discusses Policy, Law, and Parliament. It also covers recent developments in Government and Minister. The report provides background information, current trends, key points and analysis related to politics news. Readers can learn about recent changes, important events, major developments and future possibilities.","Policy, Minister, Government, Parliament",17473,700,2092,5.7,3.7,Positive,4.26
820,Cybersecurity and Machine Learning: Latest Updates and Analysis,Technology,Mina Shrestha,Insight News,2026-05-13 15:08:06.486486,"Latest developments in Software, Robotics and Machine Learning with important updates, analysis and current information.","This article discusses Cloud, Robotics, and Cybersecurity. It also covers recent developments in Robotics and Robotics. The report provides background information, current trends, key points and analysis related to technology news. Readers can learn about recent changes, important events, major developments and future possibilities.","Robotics, Cloud, Cybersecurity, Software",45552,36814,19089,5.4,3.5,Positive,45.81
821,Actor and Film: Latest Updates and Analysis,Entertainment,Aarav Thapa,TechDaily,2026-05-14 05:43:03.783783,"Latest developments in Film, Actor and Actor with important updates, analysis and current information.","This article discusses Music, Series, and Actor. It also covers recent developments in Celebrity and Music. The report provides background information, current trends, key points and analysis related to entertainment news. Readers can learn about recent changes, important events, major developments and future possibilities.","Film, Music, Celebrity, Series",181261,34841,3759,10.8,4.1,Neutral,42.87
822,Law and Government: Latest Updates and Analysis,Politics,Ramesh Sharma,News Hub,2026-05-14 20:18:01.081081,"Latest developments in Law, Minister and Law with important updates, analysis and current information.","This article discusses Election, Minister, and Minister. It also covers recent developments in Minister and Parliament. The report provides background information, current trends, key points and analysis related to politics news. Readers can learn about recent changes, important events, major developments and future possibilities.","Election, Minister, Government, Policy",6754,44713,5112,16.4,3.4,Positive,32.7
823,Research and Physics: Latest Updates and Analysis,Science,Aarav Thapa,Global News,2026-05-15 10:52:58.378378,"Latest developments in Physics, Space and Discovery with important updates, analysis and current information.","This article discusses Space, Biology, and Physics. It also covers recent developments in Research and Experiment. The report provides background information, current trends, key points and analysis related to science news. Readers can learn about recent changes, important events, major developments and future possibilities.","Research, Physics, Biology, Experiment",424596,49546,16937,12.2,4.9,Neutral,89.26
824,Music and Film: Latest Updates and Analysis,Entertainment,Sita Rai,TechDaily,2026-05-16 01:27:55.675675,"Latest developments in Celebrity, Celebrity and Actor with important updates, analysis and current information.","This article discusses Series, Music, and Celebrity. It also covers recent developments in Actor and Movie. The report provides background information, current trends, key points and analysis related to entertainment news. Readers can learn about recent changes, important events, major developments and future possibilities.","Actor, Film, Celebrity, Movie",187313,3048,4904,18.1,4.8,Positive,25.49
825,College and School: Latest Updates and Analysis,Education,Nisha Karki,News Hub,2026-05-16 16:02:52.972972,"Latest developments in Student, University and Education with important updates, analysis and current information.","This article discusses Student, Student, and University. It also covers recent developments in Education and University. The report provides background information, current trends, key points and analysis related to education news. Readers can learn about recent changes, important events, major developments and future possibilities.","University, Learning, School, Education",123419,33290,13258,13.5,4.6,Neutral,45.65
826,Election and Government: Latest Updates and Analysis,Politics,Aarav Thapa,Global News,2026-05-17 06:37:50.270270,"Latest developments in Parliament, Government and Minister with important updates, analysis and current information.","This article discusses Parliament, Government, and Election. It also covers recent developments in Election and Law. The report provides background information, current trends, key points and analysis related to politics news. Readers can learn about recent changes, important events, major developments and future possibilities.","Policy, Government, Minister, Election",367890,11101,1112,14.4,4.8,Negative,44.62
827,Cricket and Player: Latest Updates and Analysis,Sports,Ramesh Sharma,World Today,2026-05-17 21:12:47.567567,"Latest developments in Football, Match and League with important updates, analysis and current information.","This article discusses Match, Match, and Cricket. It also covers recent developments in Player and Player. The report provides background information, current trends, key points and analysis related to sports news. Readers can learn about recent changes, important events, major developments and future possibilities.","Football, League, Tournament, Match",219115,29778,2777,14.0,3.6,Neutral,42.63
828,Economy and Startup: Latest Updates and Analysis,Business,Mina Shrestha,Insight News,2026-05-18 11:47:44.864864,"Latest developments in Investment, Startup and Startup with important updates, analysis and current information.","This article discusses Investment, Company, and Investment. It also covers recent developments in Economy and Finance. The report provides background information, current trends, key points and analysis related to business news. Readers can learn about recent changes, important events, major developments and future possibilities.","Startup, Finance, Market, Economy",461210,27425,15587,10.1,3.8,Positive,78.27
829,Actor and Series: Latest Updates and Analysis,Entertainment,Aarav Thapa,Global News,2026-05-19 02:22:42.162162,"Latest developments in Actor, Celebrity and Series with important updates, analysis and current information.","This article discusses Actor, Music, and Movie. It also covers recent developments in Music and Movie. The report provides background information, current trends, key points and analysis related to entertainment news. Readers can learn about recent changes, important events, major developments and future possibilities.","Series, Music, Celebrity, Actor",288827,41509,10025,14.4,4.4,Neutral,63.92
830,Learning and University: Latest Updates and Analysis,Education,Anil Gurung,Daily Report,2026-05-19 16:57:39.459459,"Latest developments in Student, School and Student with important updates, analysis and current information.","This article discusses University, University, and Learning. It also covers recent developments in College and College. The report provides background information, current trends, key points and analysis related to education news. Readers can learn about recent changes, important events, major developments and future possibilities.","University, Learning, College, Education",249205,17852,1314,3.3,4.2,Negative,37.01
831,Hospital and Disease: Latest Updates and Analysis,Health,Mina Shrestha,Global News,2026-05-20 07:32:36.756756,"Latest developments in Patient, Hospital and Healthcare with important updates, analysis and current information.","This article discusses Healthcare, Hospital, and Healthcare. It also covers recent developments in Hospital and Healthcare. The report provides background information, current trends, key points and analysis related to health news. Readers can learn about recent changes, important events, major developments and future possibilities.","Healthcare, Disease, Treatment, Hospital",94342,24500,19877,17.5,4.7,Neutral,44.07
832,Disease and Healthcare: Latest Updates and Analysis,Health,Ramesh Sharma,Global News,2026-05-20 22:07:34.054054,"Latest developments in Disease, Disease and Medicine with important updates, analysis and current information.","This article discusses Hospital, Healthcare, and Hospital. It also covers recent developments in Patient and Healthcare. The report provides background information, current trends, key points and analysis related to health news. Readers can learn about recent changes, important events, major developments and future possibilities.","Patient, Hospital, Medicine, Healthcare",399676,12674,13562,16.0,4.3,Positive,61.2
833,Football and Tournament: Latest Updates and Analysis,Sports,Sita Rai,Insight News,2026-05-21 12:42:31.351351,"Latest developments in Match, Football and Cricket with important updates, analysis and current information.","This article discusses Cricket, Match, and League. It also covers recent developments in League and Football. The report provides background information, current trends, key points and analysis related to sports news. Readers can learn about recent changes, important events, major developments and future possibilities.","Football, League, Tournament, Match",54068,23195,11304,6.4,5.0,Positive,30.68
834,Law and Law: Latest Updates and Analysis,Politics,Nisha Karki,Daily Report,2026-05-22 03:17:28.648648,"Latest developments in Policy, Minister and Government with important updates, analysis and current information.","This article discusses Minister, Election, and Law. It also covers recent developments in Election and Policy. The report provides background information, current trends, key points and analysis related to politics news. Readers can learn about recent changes, important events, major developments and future possibilities.","Law, Government, Parliament, Minister",134915,24371,7015,15.8,3.4,Neutral,35.19
835,Cybersecurity and AI: Latest Updates and Analysis,Technology,Aarav Thapa,News Hub,2026-05-22 17:52:25.945945,"Latest developments in Software, AI and Software with important updates, analysis and current information.","This article discusses Cloud, Software, and Cybersecurity. It also covers recent developments in Cloud and AI. The report provides background information, current trends, key points and analysis related to technology news. Readers can learn about recent changes, important events, major developments and future possibilities.","Cybersecurity, Machine Learning, AI, Cloud",400475,33053,12117,2.2,4.6,Positive,72.1
836,Government and Law: Latest Updates and Analysis,Politics,Ramesh Sharma,News Hub,2026-05-23 08:27:23.243243,"Latest developments in Minister, Parliament and Policy with important updates, analysis and current information.","This article discusses Government, Election, and Law. It also covers recent developments in Parliament and Government. The report provides background information, current trends, key points and analysis related to politics news. Readers can learn about recent changes, important events, major developments and future possibilities.","Government, Parliament, Minister, Law",163323,11957,5710,5.9,4.2,Negative,29.26
837,Cricket and Cricket: Latest Updates and Analysis,Sports,Mina Shrestha,Global News,2026-05-23 23:02:20.540540,"Latest developments in League, Player and Tournament with important updates, analysis and current information.","This article discusses Match, League, and League. It also covers recent developments in Match and League. The report provides background information, current trends, key points and analysis related to sports news. Readers can learn about recent changes, important events, major developments and future possibilities.","Football, League, Cricket, Match",131690,7108,12588,3.2,4.2,Negative,30.05
838,Healthcare and Medicine: Latest Updates and Analysis,Health,Anil Gurung,Daily Report,2026-05-24 13:37:17.837837,"Latest developments in Patient, Treatment and Treatment with important updates, analysis and current information.","This article discusses Healthcare, Treatment, and Treatment. It also covers recent developments in Medicine and Disease. The report provides background information, current trends, key points and analysis related to health news. Readers can learn about recent changes, important events, major developments and future possibilities.","Disease, Medicine, Patient, Treatment",278896,47758,17606,16.0,3.3,Positive,74.27
839,Minister and Policy: Latest Updates and Analysis,Politics,Ramesh Sharma,Daily Report,2026-05-25 04:12:15.135135,"Latest developments in Government, Policy and Policy with important updates, analysis and current information.","This article discusses Election, Parliament, and Minister. It also covers recent developments in Law and Parliament. The report provides background information, current trends, key points and analysis related to politics news. Readers can learn about recent changes, important events, major developments and future possibilities.","Government, Election, Minister, Parliament",471777,17829,15436,15.6,4.5,Neutral,73.4
840,Hospital and Healthcare: Latest Updates and Analysis,Health,Bikash Adhikari,Insight News,2026-05-25 18:47:12.432432,"Latest developments in Medicine, Medicine and Patient with important updates, analysis and current information.","This article discusses Treatment, Treatment, and Medicine. It also covers recent developments in Medicine and Patient. The report provides background information, current trends, key points and analysis related to health news. Readers can learn about recent changes, important events, major developments and future possibilities.","Disease, Hospital, Medicine, Treatment",113214,5837,15196,16.6,4.8,Positive,30.05
841,Actor and Celebrity: Latest Updates and Analysis,Entertainment,Raj Joshi,World Today,2026-05-26 09:22:09.729729,"Latest developments in Celebrity, Music and Celebrity with important updates, analysis and current information.","This article discusses Film, Movie, and Film. It also covers recent developments in Film and Celebrity. The report provides background information, current trends, key points and analysis related to entertainment news. Readers can learn about recent changes, important events, major developments and future possibilities.","Music, Series, Movie, Film",245715,15032,18089,2.1,3.0,Negative,51.74
842,School and College: Latest Updates and Analysis,Education,Anil Gurung,News Hub,2026-05-26 23:57:07.027027,"Latest developments in Student, College and University with important updates, analysis and current information.","This article discusses Student, Education, and Education. It also covers recent developments in Learning and Learning. The report provides background information, current trends, key points and analysis related to education news. Readers can learn about recent changes, important events, major developments and future possibilities.","Education, College, Student, Learning",251304,34234,16901,11.0,4.1,Neutral,62.66
843,Robotics and Software: Latest Updates and Analysis,Technology,Mina Shrestha,Insight News,2026-05-27 14:32:04.324324,"Latest developments in Software, Robotics and Cloud with important updates, analysis and current information.","This article discusses Cloud, AI, and Software. It also covers recent developments in Software and Cloud. The report provides background information, current trends, key points and analysis related to technology news. Readers can learn about recent changes, important events, major developments and future possibilities.","AI, Machine Learning, Cybersecurity, Robotics",464327,26352,17604,14.7,3.5,Neutral,79.95
844,Music and Series: Latest Updates and Analysis,Entertainment,Sita Rai,TechDaily,2026-05-28 05:07:01.621621,"Latest developments in Movie, Music and Series with important updates, analysis and current information.","This article discusses Film, Movie, and Film. It also covers recent developments in Music and Actor. The report provides background information, current trends, key points and analysis related to entertainment news. Readers can learn about recent changes, important events, major developments and future possibilities.","Series, Music, Film, Movie",364733,30215,2506,4.8,5.0,Neutral,57.2
845,Medicine and Treatment: Latest Updates and Analysis,Health,Nisha Karki,News Hub,2026-05-28 19:41:58.918918,"Latest developments in Patient, Hospital and Healthcare with important updates, analysis and current information.","This article discusses Disease, Hospital, and Healthcare. It also covers recent developments in Disease and Hospital. The report provides background information, current trends, key points and analysis related to health news. Readers can learn about recent changes, important events, major developments and future possibilities.","Hospital, Healthcare, Medicine, Treatment",234637,9106,12072,13.7,3.7,Neutral,41.04
846,Patient and Treatment: Latest Updates and Analysis,Health,Mina Shrestha,Insight News,2026-05-29 10:16:56.216216,"Latest developments in Treatment, Healthcare and Medicine with important updates, analysis and current information.","This article discusses Patient, Patient, and Healthcare. It also covers recent developments in Hospital and Patient. The report provides background information, current trends, key points and analysis related to health news. Readers can learn about recent changes, important events, major developments and future possibilities.","Hospital, Treatment, Healthcare, Medicine",173520,41247,16136,3.5,3.1,Neutral,58.33
847,Company and Company: Latest Updates and Analysis,Business,Raj Joshi,News Hub,2026-05-30 00:51:53.513513,"Latest developments in Company, Investment and Company with important updates, analysis and current information.","This article discusses Market, Economy, and Market. It also covers recent developments in Finance and Economy. The report provides background information, current trends, key points and analysis related to business news. Readers can learn about recent changes, important events, major developments and future possibilities.","Company, Startup, Economy, Market",206594,28766,14343,5.3,3.5,Neutral,52.34
848,Company and Company: Latest Updates and Analysis,Business,Sita Rai,World Today,2026-05-30 15:26:50.810810,"Latest developments in Market, Economy and Finance with important updates, analysis and current information.","This article discusses Investment, Economy, and Economy. It also covers recent developments in Investment and Investment. The report provides background information, current trends, key points and analysis related to business news. Readers can learn about recent changes, important events, major developments and future possibilities.","Investment, Economy, Startup, Company",77101,43048,5479,10.6,4.1,Neutral,39.1
849,Celebrity and Music: Latest Updates and Analysis,Entertainment,Aarav Thapa,TechDaily,2026-05-31 06:01:48.108108,"Latest developments in Music, Celebrity and Series with important updates, analysis and current information.","This article discusses Celebrity, Music, and Film. It also covers recent developments in Actor and Actor. The report provides background information, current trends, key points and analysis related to entertainment news. Readers can learn about recent changes, important events, major developments and future possibilities.","Actor, Movie, Music, Celebrity",386513,38700,10434,13.8,2.7,Neutral,72.42
850,Experiment and Space: Latest Updates and Analysis,Science,Ramesh Sharma,World Today,2026-05-31 20:36:45.405405,"Latest developments in Discovery, Research and Experiment with important updates, analysis and current information.","This article discusses Space, Research, and Research. It also covers recent developments in Physics and Biology. The report provides background information, current trends, key points and analysis related to science news. Readers can learn about recent changes, important events, major developments and future possibilities.","Physics, Experiment, Research, Discovery",76857,9996,3090,4.6,4.0,Positive,16.8
851,Celebrity and Series: Latest Updates and Analysis,Entertainment,Bikash Adhikari,TechDaily,2026-06-01 11:11:42.702702,"Latest developments in Celebrity, Actor and Celebrity with important updates, analysis and current information.","This article discusses Music, Movie, and Movie. It also covers recent developments in Series and Actor. The report provides background information, current trends, key points and analysis related to entertainment news. Readers can learn about recent changes, important events, major developments and future possibilities.","Film, Celebrity, Music, Movie",24495,1178,6497,5.3,4.8,Positive,9.66
852,Company and Startup: Latest Updates and Analysis,Business,Anil Gurung,Global News,2026-06-02 01:46:40.000000,"Latest developments in Finance, Market and Economy with important updates, analysis and current information.","This article discusses Investment, Finance, and Market. It also covers recent developments in Economy and Startup. The report provides background information, current trends, key points and analysis related to business news. Readers can learn about recent changes, important events, major developments and future possibilities.","Startup, Investment, Finance, Economy",133507,35319,14691,5.7,4.6,Neutral,49.31
853,Patient and Patient: Latest Updates and Analysis,Health,Anil Gurung,Insight News,2026-06-02 16:21:37.297297,"Latest developments in Patient, Healthcare and Patient with important updates, analysis and current information.","This article discusses Disease, Medicine, and Healthcare. It also covers recent developments in Medicine and Medicine. The report provides background information, current trends, key points and analysis related to health news. Readers can learn about recent changes, important events, major developments and future possibilities.","Medicine, Treatment, Healthcare, Patient",102078,16025,6993,6.3,2.7,Neutral,26.86
854,Match and Tournament: Latest Updates and Analysis,Sports,Ramesh Sharma,TechDaily,2026-06-03 06:56:34.594594,"Latest developments in Match, Tournament and Match with important updates, analysis and current information.","This article discusses League, Match, and Player. It also covers recent developments in League and Tournament. The report provides background information, current trends, key points and analysis related to sports news. Readers can learn about recent changes, important events, major developments and future possibilities.","League, Football, Tournament, Cricket",463428,9780,973,6.1,5.0,Neutral,53.25
855,Series and Actor: Latest Updates and Analysis,Entertainment,Bikash Adhikari,World Today,2026-06-03 21:31:31.891891,"Latest developments in Series, Series and Celebrity with important updates, analysis and current information.","This article discusses Actor, Actor, and Series. It also covers recent developments in Film and Movie. The report provides background information, current trends, key points and analysis related to entertainment news. Readers can learn about recent changes, important events, major developments and future possibilities.","Movie, Music, Actor, Series",244448,22706,8257,9.1,4.2,Negative,46.4
856,Hospital and Healthcare: Latest Updates and Analysis,Health,Ramesh Sharma,News Hub,2026-06-04 12:06:29.189189,"Latest developments in Disease, Treatment and Medicine with important updates, analysis and current information.","This article discusses Hospital, Healthcare, and Hospital. It also covers recent developments in Medicine and Hospital. The report provides background information, current trends, key points and analysis related to health news. Readers can learn about recent changes, important events, major developments and future possibilities.","Treatment, Healthcare, Patient, Hospital",131672,42916,6092,13.8,2.9,Positive,45.1
857,Football and Player: Latest Updates and Analysis,Sports,Aarav Thapa,TechDaily,2026-06-05 02:41:26.486486,"Latest developments in Cricket, Football and Player with important updates, analysis and current information.","This article discusses League, League, and Match. It also covers recent developments in Football and Player. The report provides background information, current trends, key points and analysis related to sports news. Readers can learn about recent changes, important events, major developments and future possibilities.","Match, Tournament, League, Player",124641,9967,2906,9.9,2.5,Positive,21.38
858,Match and Cricket: Latest Updates and Analysis,Sports,Raj Joshi,Insight News,2026-06-05 17:16:23.783783,"Latest developments in Football, Cricket and Cricket with important updates, analysis and current information.","This article discusses Match, League, and League. It also covers recent developments in Football and League. The report provides background information, current trends, key points and analysis related to sports news. Readers can learn about recent changes, important events, major developments and future possibilities.","Player, League, Cricket, Football",223383,30856,570,16.0,2.9,Positive,41.5
859,Startup and Investment: Latest Updates and Analysis,Business,Sita Rai,TechDaily,2026-06-06 07:51:21.081081,"Latest developments in Investment, Economy and Finance with important updates, analysis and current information.","This article discusses Company, Market, and Company. It also covers recent developments in Startup and Finance. The report provides background information, current trends, key points and analysis related to business news. Readers can learn about recent changes, important events, major developments and future possibilities.","Startup, Economy, Investment, Company",270327,37630,12084,14.9,4.6,Neutral,61.79
860,Film and Celebrity: Latest Updates and Analysis,Entertainment,Mina Shrestha,Daily Report,2026-06-06 22:26:18.378378,"Latest developments in Celebrity, Celebrity and Movie with important updates, analysis and current information.","This article discusses Series, Actor, and Actor. It also covers recent developments in Music and Series. The report provides background information, current trends, key points and analysis related to entertainment news. Readers can learn about recent changes, important events, major developments and future possibilities.","Celebrity, Film, Actor, Music",368842,9179,307,4.3,2.6,Neutral,42.76
861,Government and Policy: Latest Updates and Analysis,Politics,Anil Gurung,News Hub,2026-06-07 13:01:15.675675,"Latest developments in Government, Minister and Minister with important updates, analysis and current information.","This article discusses Parliament, Law, and Election. It also covers recent developments in Minister and Policy. The report provides background information, current trends, key points and analysis related to politics news. Readers can learn about recent changes, important events, major developments and future possibilities.","Minister, Law, Parliament, Government",212428,38623,3742,2.9,3.1,Neutral,48.25
862,Software and Cybersecurity: Latest Updates and Analysis,Technology,Aarav Thapa,Insight News,2026-06-08 03:36:12.972972,"Latest developments in Cybersecurity, Software and AI with important updates, analysis and current information.","This article discusses AI, Robotics, and Machine Learning. It also covers recent developments in AI and Cybersecurity. The report provides background information, current trends, key points and analysis related to technology news. Readers can learn about recent changes, important events, major developments and future possibilities.","Robotics, Software, AI, Cybersecurity",398859,17587,8974,17.8,4.4,Positive,59.49
863,Startup and Finance: Latest Updates and Analysis,Business,Sita Rai,Insight News,2026-06-08 18:11:10.270270,"Latest developments in Economy, Market and Economy with important updates, analysis and current information.","This article discusses Startup, Startup, and Economy. It also covers recent developments in Finance and Finance. The report provides background information, current trends, key points and analysis related to business news. Readers can learn about recent changes, important events, major developments and future possibilities.","Startup, Economy, Company, Finance",462128,23733,765,3.4,4.0,Neutral,61.31
864,Company and Market: Latest Updates and Analysis,Business,Aarav Thapa,Global News,2026-06-09 08:46:07.567567,"Latest developments in Finance, Market and Finance with important updates, analysis and current information.","This article discusses Economy, Market, and Startup. It also covers recent developments in Startup and Finance. The report provides background information, current trends, key points and analysis related to business news. Readers can learn about recent changes, important events, major developments and future possibilities.","Investment, Startup, Market, Company",183409,22770,8964,4.7,4.5,Negative,41.03
865,Policy and Parliament: Latest Updates and Analysis,Politics,Bikash Adhikari,World Today,2026-06-09 23:21:04.864864,"Latest developments in Government, Parliament and Policy with important updates, analysis and current information.","This article discusses Election, Minister, and Policy. It also covers recent developments in Government and Law. The report provides background information, current trends, key points and analysis related to politics news. Readers can learn about recent changes, important events, major developments and future possibilities.","Policy, Law, Government, Parliament",358415,33887,7735,2.4,4.4,Negative,64.01
866,Cloud and AI: Latest Updates and Analysis,Technology,Anil Gurung,Global News,2026-06-10 13:56:02.162162,"Latest developments in Robotics, Robotics and Robotics with important updates, analysis and current information.","This article discusses Cybersecurity, Cybersecurity, and Machine Learning. It also covers recent developments in Machine Learning and Machine Learning. The report provides background information, current trends, key points and analysis related to technology news. Readers can learn about recent changes, important events, major developments and future possibilities.","AI, Machine Learning, Software, Robotics",120523,3975,16202,13.3,2.6,Negative,30.66
867,Medicine and Disease: Latest Updates and Analysis,Health,Mina Shrestha,Insight News,2026-06-11 04:30:59.459459,"Latest developments in Medicine, Treatment and Patient with important updates, analysis and current information.","This article discusses Hospital, Healthcare, and Medicine. It also covers recent developments in Disease and Healthcare. The report provides background information, current trends, key points and analysis related to health news. Readers can learn about recent changes, important events, major developments and future possibilities.","Healthcare, Hospital, Disease, Treatment",220888,12919,14431,12.5,4.7,Neutral,44.32
868,Experiment and Experiment: Latest Updates and Analysis,Science,Ramesh Sharma,News Hub,2026-06-11 19:05:56.756756,"Latest developments in Physics, Experiment and Research with important updates, analysis and current information.","This article discusses Physics, Research, and Space. It also covers recent developments in Experiment and Discovery. The report provides background information, current trends, key points and analysis related to science news. Readers can learn about recent changes, important events, major developments and future possibilities.","Experiment, Discovery, Research, Physics",6713,9602,11377,19.8,3.1,Negative,17.83
869,Music and Music: Latest Updates and Analysis,Entertainment,Ramesh Sharma,TechDaily,2026-06-12 09:40:54.054054,"Latest developments in Music, Movie and Movie with important updates, analysis and current information.","This article discusses Music, Film, and Celebrity. It also covers recent developments in Film and Movie. The report provides background information, current trends, key points and analysis related to entertainment news. Readers can learn about recent changes, important events, major developments and future possibilities.","Movie, Music, Film, Actor",372277,45463,13274,18.0,3.9,Positive,77.91
870,Experiment and Biology: Latest Updates and Analysis,Science,Sita Rai,TechDaily,2026-06-13 00:15:51.351351,"Latest developments in Research, Biology and Biology with important updates, analysis and current information.","This article discusses Biology, Experiment, and Experiment. It also covers recent developments in Space and Physics. The report provides background information, current trends, key points and analysis related to science news. Readers can learn about recent changes, important events, major developments and future possibilities.","Research, Biology, Space, Experiment",198035,34060,14297,9.4,4.1,Positive,54.62
871,Hospital and Disease: Latest Updates and Analysis,Health,Mina Shrestha,News Hub,2026-06-13 14:50:48.648648,"Latest developments in Treatment, Medicine and Disease with important updates, analysis and current information.","This article discusses Medicine, Healthcare, and Hospital. It also covers recent developments in Disease and Treatment. The report provides background information, current trends, key points and analysis related to health news. Readers can learn about recent changes, important events, major developments and future possibilities.","Patient, Hospital, Medicine, Disease",433856,42154,8036,8.7,2.9,Positive,76.84
872,Learning and Student: Latest Updates and Analysis,Education,Raj Joshi,Insight News,2026-06-14 05:25:45.945945,"Latest developments in Student, Student and School with important updates, analysis and current information.","This article discusses Education, Student, and Student. It also covers recent developments in College and Learning. The report provides background information, current trends, key points and analysis related to education news. Readers can learn about recent changes, important events, major developments and future possibilities.","School, University, Education, College",338446,10140,7596,7.3,4.9,Neutral,47.58
873,Economy and Finance: Latest Updates and Analysis,Business,Nisha Karki,TechDaily,2026-06-14 20:00:43.243243,"Latest developments in Investment, Finance and Market with important updates, analysis and current information.","This article discusses Company, Market, and Market. It also covers recent developments in Startup and Startup. The report provides background information, current trends, key points and analysis related to business news. Readers can learn about recent changes, important events, major developments and future possibilities.","Investment, Finance, Company, Startup",419571,21170,16923,4.7,3.7,Negative,71.67
874,AI and Software: Latest Updates and Analysis,Technology,Bikash Adhikari,TechDaily,2026-06-15 10:35:40.540540,"Latest developments in Cybersecurity, Cybersecurity and Robotics with important updates, analysis and current information.","This article discusses Cybersecurity, Cloud, and Robotics. It also covers recent developments in Software and Cybersecurity. The report provides background information, current trends, key points and analysis related to technology news. Readers can learn about recent changes, important events, major developments and future possibilities.","AI, Machine Learning, Cybersecurity, Robotics",85766,28830,2049,4.5,2.6,Positive,27.99
875,Startup and Economy: Latest Updates and Analysis,Business,Sita Rai,TechDaily,2026-06-16 01:10:37.837837,"Latest developments in Company, Finance and Finance with important updates, analysis and current information.","This article discusses Economy, Company, and Market. It also covers recent developments in Investment and Economy. The report provides background information, current trends, key points and analysis related to business news. Readers can learn about recent changes, important events, major developments and future possibilities.","Company, Market, Startup, Finance",22168,44540,19667,4.4,4.8,Neutral,48.69
876,Cricket and Cricket: Latest Updates and Analysis,Sports,Nisha Karki,World Today,2026-06-16 15:45:35.135135,"Latest developments in Cricket, Football and Match with important updates, analysis and current information.","This article discusses Tournament, Player, and Cricket. It also covers recent developments in Football and Player. The report provides background information, current trends, key points and analysis related to sports news. Readers can learn about recent changes, important events, major developments and future possibilities.","Player, Football, Cricket, Match",311301,6590,4675,4.1,4.0,Neutral,39.81
877,Economy and Finance: Latest Updates and Analysis,Business,Aarav Thapa,World Today,2026-06-17 06:20:32.432432,"Latest developments in Finance, Company and Economy with important updates, analysis and current information.","This article discusses Startup, Economy, and Investment. It also covers recent developments in Market and Startup. The report provides background information, current trends, key points and analysis related to business news. Readers can learn about recent changes, important events, major developments and future possibilities.","Finance, Investment, Company, Economy",281190,46745,1663,6.3,4.2,Negative,57.94
878,Company and Investment: Latest Updates and Analysis,Business,Bikash Adhikari,Daily Report,2026-06-17 20:55:29.729729,"Latest developments in Market, Economy and Startup with important updates, analysis and current information.","This article discusses Economy, Market, and Investment. It also covers recent developments in Startup and Company. The report provides background information, current trends, key points and analysis related to business news. Readers can learn about recent changes, important events, major developments and future possibilities.","Market, Economy, Finance, Investment",151719,30609,6476,7.5,3.8,Neutral,40.09
879,Patient and Healthcare: Latest Updates and Analysis,Health,Aarav Thapa,Global News,2026-06-18 11:30:27.027027,"Latest developments in Treatment, Medicine and Healthcare with important updates, analysis and current information.","This article discusses Disease, Disease, and Healthcare. It also covers recent developments in Healthcare and Healthcare. The report provides background information, current trends, key points and analysis related to health news. Readers can learn about recent changes, important events, major developments and future possibilities.","Treatment, Hospital, Patient, Medicine",85337,17401,12028,19.3,4.6,Negative,31.04
880,Disease and Healthcare: Latest Updates and Analysis,Health,Raj Joshi,News Hub,2026-06-19 02:05:24.324324,"Latest developments in Medicine, Patient and Disease with important updates, analysis and current information.","This article discusses Healthcare, Treatment, and Medicine. It also covers recent developments in Treatment and Disease. The report provides background information, current trends, key points and analysis related to health news. Readers can learn about recent changes, important events, major developments and future possibilities.","Patient, Medicine, Healthcare, Hospital",268013,27729,19823,12.4,2.6,Neutral,63.34
881,Disease and Hospital: Latest Updates and Analysis,Health,Mina Shrestha,News Hub,2026-06-19 16:40:21.621621,"Latest developments in Patient, Medicine and Medicine with important updates, analysis and current information.","This article discusses Treatment, Hospital, and Patient. It also covers recent developments in Healthcare and Hospital. The report provides background information, current trends, key points and analysis related to health news. Readers can learn about recent changes, important events, major developments and future possibilities.","Medicine, Disease, Patient, Healthcare",156055,37944,15077,19.8,3.2,Neutral,53.54
882,Space and Experiment: Latest Updates and Analysis,Science,Anil Gurung,News Hub,2026-06-20 07:15:18.918918,"Latest developments in Space, Biology and Physics with important updates, analysis and current information.","This article discusses Experiment, Biology, and Physics. It also covers recent developments in Research and Biology. The report provides background information, current trends, key points and analysis related to science news. Readers can learn about recent changes, important events, major developments and future possibilities.","Space, Research, Experiment, Physics",61440,45167,7143,8.7,3.7,Neutral,40.48
883,Match and League: Latest Updates and Analysis,Sports,Bikash Adhikari,Daily Report,2026-06-20 21:50:16.216216,"Latest developments in Cricket, Cricket and League with important updates, analysis and current information.","This article discusses Player, Football, and Cricket. It also covers recent developments in Player and Match. The report provides background information, current trends, key points and analysis related to sports news. Readers can learn about recent changes, important events, major developments and future possibilities.","League, Cricket, Match, Football",79299,28645,19631,10.2,2.7,Neutral,44.81
884,University and School: Latest Updates and Analysis,Education,Nisha Karki,World Today,2026-06-21 12:25:13.513513,"Latest developments in Education, College and School with important updates, analysis and current information.","This article discusses School, University, and Education. It also covers recent developments in University and Learning. The report provides background information, current trends, key points and analysis related to education news. Readers can learn about recent changes, important events, major developments and future possibilities.","University, Student, College, Education",104322,29047,19884,7.8,4.3,Positive,47.81
885,Learning and College: Latest Updates and Analysis,Education,Raj Joshi,Insight News,2026-06-22 03:00:10.810810,"Latest developments in University, Education and School with important updates, analysis and current information.","This article discusses Learning, University, and Education. It also covers recent developments in School and Student. The report provides background information, current trends, key points and analysis related to education news. Readers can learn about recent changes, important events, major developments and future possibilities.","Learning, Student, University, College",234031,22560,1910,5.3,3.5,Neutral,38.92
886,Hospital and Treatment: Latest Updates and Analysis,Health,Anil Gurung,Insight News,2026-06-22 17:35:08.108108,"Latest developments in Hospital, Medicine and Disease with important updates, analysis and current information.","This article discusses Treatment, Treatment, and Treatment. It also covers recent developments in Patient and Medicine. The report provides background information, current trends, key points and analysis related to health news. Readers can learn about recent changes, important events, major developments and future possibilities.","Healthcare, Treatment, Hospital, Medicine",166334,6647,732,4.6,3.2,Neutral,21.38
887,Cybersecurity and Cybersecurity: Latest Updates and Analysis,Technology,Ramesh Sharma,Daily Report,2026-06-23 08:10:05.405405,"Latest developments in Cloud, Cloud and Machine Learning with important updates, analysis and current information.","This article discusses Robotics, AI, and AI. It also covers recent developments in AI and AI. The report provides background information, current trends, key points and analysis related to technology news. Readers can learn about recent changes, important events, major developments and future possibilities.","Cloud, Software, Machine Learning, AI",481704,21106,19897,19.0,2.5,Neutral,80.83
888,Space and Physics: Latest Updates and Analysis,Science,Nisha Karki,Insight News,2026-06-23 22:45:02.702702,"Latest developments in Experiment, Research and Physics with important updates, analysis and current information.","This article discusses Research, Biology, and Discovery. It also covers recent developments in Experiment and Biology. The report provides background information, current trends, key points and analysis related to science news. Readers can learn about recent changes, important events, major developments and future possibilities.","Research, Biology, Discovery, Physics",479240,6015,4609,19.8,4.3,Neutral,56.21
889,Minister and Election: Latest Updates and Analysis,Politics,Sita Rai,News Hub,2026-06-24 13:20:00.000000,"Latest developments in Policy, Election and Parliament with important updates, analysis and current information.","This article discusses Law, Election, and Parliament. It also covers recent developments in Minister and Election. The report provides background information, current trends, key points and analysis related to politics news. Readers can learn about recent changes, important events, major developments and future possibilities.","Parliament, Minister, Law, Election",33534,21506,11134,2.8,4.6,Neutral,27.43
890,Cybersecurity and Machine Learning: Latest Updates and Analysis,Technology,Ramesh Sharma,Global News,2026-06-25 03:54:57.297297,"Latest developments in Software, Robotics and Cybersecurity with important updates, analysis and current information.","This article discusses Cybersecurity, Software, and Machine Learning. It also covers recent developments in Robotics and Software. The report provides background information, current trends, key points and analysis related to technology news. Readers can learn about recent changes, important events, major developments and future possibilities.","Cybersecurity, Cloud, Software, Robotics",284346,48613,4456,4.7,3.5,Neutral,62.18
891,Actor and Celebrity: Latest Updates and Analysis,Entertainment,Raj Joshi,TechDaily,2026-06-25 18:29:54.594594,"Latest developments in Actor, Celebrity and Movie with important updates, analysis and current information.","This article discusses Celebrity, Music, and Film. It also covers recent developments in Celebrity and Actor. The report provides background information, current trends, key points and analysis related to entertainment news. Readers can learn about recent changes, important events, major developments and future possibilities.","Celebrity, Music, Actor, Film",21636,24067,14512,9.6,3.9,Positive,31.16
892,Series and Actor: Latest Updates and Analysis,Entertainment,Ramesh Sharma,World Today,2026-06-26 09:04:51.891891,"Latest developments in Celebrity, Movie and Movie with important updates, analysis and current information.","This article discusses Music, Celebrity, and Film. It also covers recent developments in Series and Film. The report provides background information, current trends, key points and analysis related to entertainment news. Readers can learn about recent changes, important events, major developments and future possibilities.","Celebrity, Movie, Series, Film",209063,2056,3335,5.4,3.1,Neutral,25.5
893,AI and Cloud: Latest Updates and Analysis,Technology,Sita Rai,World Today,2026-06-26 23:39:49.189189,"Latest developments in Software, Robotics and AI with important updates, analysis and current information.","This article discusses Cybersecurity, Cloud, and Cybersecurity. It also covers recent developments in Cloud and Cloud. The report provides background information, current trends, key points and analysis related to technology news. Readers can learn about recent changes, important events, major developments and future possibilities.","Robotics, Cybersecurity, AI, Machine Learning",198942,31719,15545,8.5,4.1,Positive,54.55
894,Disease and Hospital: Latest Updates and Analysis,Health,Bikash Adhikari,Daily Report,2026-06-27 14:14:46.486486,"Latest developments in Hospital, Disease and Patient with important updates, analysis and current information.","This article discusses Patient, Patient, and Treatment. It also covers recent developments in Medicine and Disease. The report provides background information, current trends, key points and analysis related to health news. Readers can learn about recent changes, important events, major developments and future possibilities.","Medicine, Patient, Disease, Treatment",104739,29328,12814,4.3,2.5,Positive,40.95
895,Minister and Minister: Latest Updates and Analysis,Politics,Ramesh Sharma,World Today,2026-06-28 04:49:43.783783,"Latest developments in Law, Minister and Law with important updates, analysis and current information.","This article discusses Election, Minister, and Parliament. It also covers recent developments in Law and Parliament. The report provides background information, current trends, key points and analysis related to politics news. Readers can learn about recent changes, important events, major developments and future possibilities.","Government, Minister, Election, Parliament",443704,12176,7056,10.2,3.7,Neutral,58.81
896,Election and Policy: Latest Updates and Analysis,Politics,Mina Shrestha,News Hub,2026-06-28 19:24:41.081081,"Latest developments in Parliament, Policy and Law with important updates, analysis and current information.","This article discusses Minister, Law, and Parliament. It also covers recent developments in Parliament and Election. The report provides background information, current trends, key points and analysis related to politics news. Readers can learn about recent changes, important events, major developments and future possibilities.","Policy, Election, Parliament, Minister",50875,42771,2753,6.9,4.1,Positive,33.59
897,Research and Experiment: Latest Updates and Analysis,Science,Nisha Karki,Insight News,2026-06-29 09:59:38.378378,"Latest developments in Discovery, Physics and Research with important updates, analysis and current information.","This article discusses Physics, Discovery, and Research. It also covers recent developments in Research and Research. The report provides background information, current trends, key points and analysis related to science news. Readers can learn about recent changes, important events, major developments and future possibilities.","Experiment, Discovery, Physics, Biology",31247,31885,1372,8.3,4.8,Negative,23.69
898,Parliament and Election: Latest Updates and Analysis,Politics,Anil Gurung,News Hub,2026-06-30 00:34:35.675675,"Latest developments in Election, Election and Government with important updates, analysis and current information.","This article discusses Minister, Government, and Election. It also covers recent developments in Minister and Law. The report provides background information, current trends, key points and analysis related to politics news. Readers can learn about recent changes, important events, major developments and future possibilities.","Government, Parliament, Law, Minister",312770,21269,14234,3.7,3.5,Neutral,58.35
899,Actor and Movie: Latest Updates and Analysis,Entertainment,Ramesh Sharma,Daily Report,2026-06-30 15:09:32.972972,"Latest developments in Celebrity, Music and Music with important updates, analysis and current information.","This article discusses Series, Series, and Actor. It also covers recent developments in Actor and Actor. The report provides background information, current trends, key points and analysis related to entertainment news. Readers can learn about recent changes, important events, major developments and future possibilities.","Movie, Music, Celebrity, Actor",154831,46515,9636,9.7,4.4,Negative,53.13
900,Football and Match: Latest Updates and Analysis,Sports,Nisha Karki,News Hub,2026-07-01 05:44:30.270270,"Latest developments in Football, League and League with important updates, analysis and current information.","This article discusses Tournament, Cricket, and Match. It also covers recent developments in Match and Player. The report provides background information, current trends, key points and analysis related to sports news. Readers can learn about recent changes, important events, major developments and future possibilities.","Tournament, League, Cricket, Player",240979,3114,3376,19.7,4.0,Positive,29.38
901,Healthcare and Disease: Latest Updates and Analysis,Health,Aarav Thapa,Insight News,2026-07-01 20:19:27.567567,"Latest developments in Healthcare, Patient and Patient with important updates, analysis and current information.","This article discusses Treatment, Patient, and Treatment. It also covers recent developments in Healthcare and Patient. The report provides background information, current trends, key points and analysis related to health news. Readers can learn about recent changes, important events, major developments and future possibilities.","Treatment, Medicine, Disease, Patient",104763,13442,8481,7.9,4.8,Neutral,27.06
902,Policy and Policy: Latest Updates and Analysis,Politics,Nisha Karki,Global News,2026-07-02 10:54:24.864864,"Latest developments in Parliament, Parliament and Government with important updates, analysis and current information.","This article discusses Law, Minister, and Policy. It also covers recent developments in Parliament and Election. The report provides background information, current trends, key points and analysis related to politics news. Readers can learn about recent changes, important events, major developments and future possibilities.","Government, Policy, Law, Minister",213268,40151,10257,17.8,3.5,Neutral,55.77
903,Discovery and Experiment: Latest Updates and Analysis,Science,Anil Gurung,Daily Report,2026-07-03 01:29:22.162162,"Latest developments in Biology, Space and Physics with important updates, analysis and current information.","This article discusses Space, Research, and Space. It also covers recent developments in Space and Physics. The report provides background information, current trends, key points and analysis related to science news. Readers can learn about recent changes, important events, major developments and future possibilities.","Discovery, Physics, Biology, Space",374424,1629,16447,17.2,3.3,Negative,54.92
904,Actor and Actor: Latest Updates and Analysis,Entertainment,Nisha Karki,Global News,2026-07-03 16:04:19.459459,"Latest developments in Music, Series and Movie with important updates, analysis and current information.","This article discusses Actor, Film, and Movie. It also covers recent developments in Music and Film. The report provides background information, current trends, key points and analysis related to entertainment news. Readers can learn about recent changes, important events, major developments and future possibilities.","Actor, Music, Series, Movie",386477,17927,16713,19.1,4.7,Neutral,66.2
905,Football and Player: Latest Updates and Analysis,Sports,Sita Rai,TechDaily,2026-07-04 06:39:16.756756,"Latest developments in Tournament, Match and Match with important updates, analysis and current information.","This article discusses Football, League, and Cricket. It also covers recent developments in Cricket and Player. The report provides background information, current trends, key points and analysis related to sports news. Readers can learn about recent changes, important events, major developments and future possibilities.","Cricket, Match, Player, Football",23188,31317,4858,16.2,2.6,Positive,26.03
906,Finance and Company: Latest Updates and Analysis,Business,Raj Joshi,Global News,2026-07-04 21:14:14.054054,"Latest developments in Company, Economy and Market with important updates, analysis and current information.","This article discusses Economy, Market, and Finance. It also covers recent developments in Market and Investment. The report provides background information, current trends, key points and analysis related to business news. Readers can learn about recent changes, important events, major developments and future possibilities.","Economy, Startup, Market, Investment",68564,23896,18347,13.9,2.8,Negative,39.59
907,Market and Finance: Latest Updates and Analysis,Business,Anil Gurung,TechDaily,2026-07-05 11:49:11.351351,"Latest developments in Startup, Market and Startup with important updates, analysis and current information.","This article discusses Investment, Economy, and Finance. It also covers recent developments in Startup and Finance. The report provides background information, current trends, key points and analysis related to business news. Readers can learn about recent changes, important events, major developments and future possibilities.","Economy, Startup, Investment, Finance",368165,28155,19472,17.4,2.7,Neutral,73.28
908,Match and Tournament: Latest Updates and Analysis,Sports,Raj Joshi,TechDaily,2026-07-06 02:24:08.648648,"Latest developments in Match, Match and Tournament with important updates, analysis and current information.","This article discusses Football, League, and Tournament. It also covers recent developments in Football and Match. The report provides background information, current trends, key points and analysis related to sports news. Readers can learn about recent changes, important events, major developments and future possibilities.","Cricket, League, Football, Tournament",322242,18288,16524,3.4,4.6,Positive,59.79
909,Series and Film: Latest Updates and Analysis,Entertainment,Bikash Adhikari,Global News,2026-07-06 16:59:05.945945,"Latest developments in Actor, Series and Celebrity with important updates, analysis and current information.","This article discusses Film, Actor, and Film. It also covers recent developments in Celebrity and Music. The report provides background information, current trends, key points and analysis related to entertainment news. Readers can learn about recent changes, important events, major developments and future possibilities.","Movie, Actor, Music, Celebrity",302626,21415,13619,10.3,2.5,Neutral,56.81
910,Discovery and Physics: Latest Updates and Analysis,Science,Raj Joshi,Daily Report,2026-07-07 07:34:03.243243,"Latest developments in Space, Biology and Research with important updates, analysis and current information.","This article discusses Experiment, Experiment, and Space. It also covers recent developments in Biology and Discovery. The report provides background information, current trends, key points and analysis related to science news. Readers can learn about recent changes, important events, major developments and future possibilities.","Space, Biology, Research, Physics",290428,36085,4539,19.8,4.7,Neutral,55.33
911,Cricket and Tournament: Latest Updates and Analysis,Sports,Aarav Thapa,Insight News,2026-07-07 22:09:00.540540,"Latest developments in Tournament, Cricket and Player with important updates, analysis and current information.","This article discusses Cricket, Cricket, and Player. It also covers recent developments in Tournament and Cricket. The report provides background information, current trends, key points and analysis related to sports news. Readers can learn about recent changes, important events, major developments and future possibilities.","Player, Football, League, Tournament",151271,11251,18857,15.9,3.6,Positive,40.78
912,Healthcare and Medicine: Latest Updates and Analysis,Health,Sita Rai,News Hub,2026-07-08 12:43:57.837837,"Latest developments in Healthcare, Healthcare and Disease with important updates, analysis and current information.","This article discusses Treatment, Healthcare, and Hospital. It also covers recent developments in Disease and Patient. The report provides background information, current trends, key points and analysis related to health news. Readers can learn about recent changes, important events, major developments and future possibilities.","Hospital, Patient, Medicine, Treatment",463126,36884,5594,19.3,2.5,Neutral,74.16
913,Healthcare and Medicine: Latest Updates and Analysis,Health,Bikash Adhikari,News Hub,2026-07-09 03:18:55.135135,"Latest developments in Hospital, Treatment and Hospital with important updates, analysis and current information.","This article discusses Medicine, Treatment, and Hospital. It also covers recent developments in Treatment and Treatment. The report provides background information, current trends, key points and analysis related to health news. Readers can learn about recent changes, important events, major developments and future possibilities.","Healthcare, Patient, Disease, Treatment",221678,25574,3903,16.0,3.5,Positive,41.49
914,Finance and Economy: Latest Updates and Analysis,Business,Nisha Karki,Insight News,2026-07-09 17:53:52.432432,"Latest developments in Finance, Company and Economy with important updates, analysis and current information.","This article discusses Company, Startup, and Investment. It also covers recent developments in Finance and Startup. The report provides background information, current trends, key points and analysis related to business news. Readers can learn about recent changes, important events, major developments and future possibilities.","Market, Company, Startup, Investment",222452,9623,5364,17.7,3.0,Neutral,33.43
915,Policy and Policy: Latest Updates and Analysis,Politics,Anil Gurung,TechDaily,2026-07-10 08:28:49.729729,"Latest developments in Policy, Law and Law with important updates, analysis and current information.","This article discusses Election, Government, and Minister. It also covers recent developments in Government and Minister. The report provides background information, current trends, key points and analysis related to politics news. Readers can learn about recent changes, important events, major developments and future possibilities.","Law, Policy, Government, Parliament",37839,20936,449,14.7,4.1,Neutral,16.84
916,Space and Physics: Latest Updates and Analysis,Science,Aarav Thapa,TechDaily,2026-07-10 23:03:47.027027,"Latest developments in Physics, Space and Space with important updates, analysis and current information.","This article discusses Experiment, Physics, and Space. It also covers recent developments in Experiment and Space. The report provides background information, current trends, key points and analysis related to science news. Readers can learn about recent changes, important events, major developments and future possibilities.","Space, Biology, Experiment, Research",390181,6123,4806,15.7,4.2,Neutral,47.55
917,Startup and Market: Latest Updates and Analysis,Business,Sita Rai,Daily Report,2026-07-11 13:38:44.324324,"Latest developments in Finance, Economy and Market with important updates, analysis and current information.","This article discusses Startup, Investment, and Market. It also covers recent developments in Market and Finance. The report provides background information, current trends, key points and analysis related to business news. Readers can learn about recent changes, important events, major developments and future possibilities.","Market, Company, Investment, Finance",139561,3061,869,11.4,3.7,Neutral,16.68
918,Government and Minister: Latest Updates and Analysis,Politics,Bikash Adhikari,World Today,2026-07-12 04:13:41.621621,"Latest developments in Minister, Policy and Law with important updates, analysis and current information.","This article discusses Election, Election, and Parliament. It also covers recent developments in Policy and Government. The report provides background information, current trends, key points and analysis related to politics news. Readers can learn about recent changes, important events, major developments and future possibilities.","Policy, Minister, Government, Election",17452,40857,6079,18.6,2.6,Positive,32.41
919,Election and Government: Latest Updates and Analysis,Politics,Bikash Adhikari,Global News,2026-07-12 18:48:38.918918,"Latest developments in Law, Government and Policy with important updates, analysis and current information.","This article discusses Law, Minister, and Parliament. It also covers recent developments in Government and Policy. The report provides background information, current trends, key points and analysis related to politics news. Readers can learn about recent changes, important events, major developments and future possibilities.","Election, Government, Minister, Law",126888,36499,7307,16.9,4.1,Positive,41.98
920,School and Education: Latest Updates and Analysis,Education,Aarav Thapa,TechDaily,2026-07-13 09:23:36.216216,"Latest developments in School, Education and Learning with important updates, analysis and current information.","This article discusses Student, Education, and School. It also covers recent developments in Student and School. The report provides background information, current trends, key points and analysis related to education news. Readers can learn about recent changes, important events, major developments and future possibilities.","College, Education, University, School",380087,39095,3659,17.2,4.6,Positive,65.24
921,Medicine and Treatment: Latest Updates and Analysis,Health,Mina Shrestha,News Hub,2026-07-13 23:58:33.513513,"Latest developments in Medicine, Patient and Disease with important updates, analysis and current information.","This article discusses Healthcare, Hospital, and Treatment. It also covers recent developments in Hospital and Healthcare. The report provides background information, current trends, key points and analysis related to health news. Readers can learn about recent changes, important events, major developments and future possibilities.","Medicine, Treatment, Hospital, Disease",414464,28451,3602,14.1,4.3,Neutral,62.22
922,Movie and Series: Latest Updates and Analysis,Entertainment,Nisha Karki,Daily Report,2026-07-14 14:33:30.810810,"Latest developments in Music, Celebrity and Series with important updates, analysis and current information.","This article discusses Actor, Celebrity, and Film. It also covers recent developments in Series and Movie. The report provides background information, current trends, key points and analysis related to entertainment news. Readers can learn about recent changes, important events, major developments and future possibilities.","Music, Celebrity, Actor, Film",31928,16361,8584,7.5,4.6,Neutral,21.63
923,Cybersecurity and Cloud: Latest Updates and Analysis,Technology,Aarav Thapa,Global News,2026-07-15 05:08:28.108108,"Latest developments in AI, Machine Learning and Cloud with important updates, analysis and current information.","This article discusses Robotics, Cybersecurity, and Cybersecurity. It also covers recent developments in Cybersecurity and Cybersecurity. The report provides background information, current trends, key points and analysis related to technology news. Readers can learn about recent changes, important events, major developments and future possibilities.","Software, Machine Learning, Cybersecurity, AI",68140,15907,18832,2.6,3.0,Negative,35.23
924,Actor and Actor: Latest Updates and Analysis,Entertainment,Bikash Adhikari,Daily Report,2026-07-15 19:43:25.405405,"Latest developments in Film, Actor and Music with important updates, analysis and current information.","This article discusses Celebrity, Actor, and Series. It also covers recent developments in Series and Movie. The report provides background information, current trends, key points and analysis related to entertainment news. Readers can learn about recent changes, important events, major developments and future possibilities.","Celebrity, Music, Series, Film",450111,34814,14385,18.8,4.7,Positive,80.4
925,Cloud and Software: Latest Updates and Analysis,Technology,Ramesh Sharma,Global News,2026-07-16 10:18:22.702702,"Latest developments in AI, Cybersecurity and Cloud with important updates, analysis and current information.","This article discusses Machine Learning, Software, and AI. It also covers recent developments in AI and Cybersecurity. The report provides background information, current trends, key points and analysis related to technology news. Readers can learn about recent changes, important events, major developments and future possibilities.","Machine Learning, Cloud, Cybersecurity, Robotics",451936,19605,10983,12.6,3.3,Neutral,68.03
926,Tournament and Cricket: Latest Updates and Analysis,Sports,Sita Rai,Global News,2026-07-17 00:53:20.000000,"Latest developments in Player, Football and Match with important updates, analysis and current information.","This article discusses Cricket, Cricket, and Player. It also covers recent developments in Cricket and Football. The report provides background information, current trends, key points and analysis related to sports news. Readers can learn about recent changes, important events, major developments and future possibilities.","Cricket, Football, Match, Player",497626,32256,19337,7.4,2.5,Neutral,88.57
927,Disease and Disease: Latest Updates and Analysis,Health,Aarav Thapa,Insight News,2026-07-17 15:28:17.297297,"Latest developments in Treatment, Medicine and Medicine with important updates, analysis and current information.","This article discusses Medicine, Medicine, and Treatment. It also covers recent developments in Healthcare and Patient. The report provides background information, current trends, key points and analysis related to health news. Readers can learn about recent changes, important events, major developments and future possibilities.","Disease, Healthcare, Hospital, Medicine",356523,11332,5131,4.7,4.6,Neutral,47.64
928,Minister and Policy: Latest Updates and Analysis,Politics,Mina Shrestha,TechDaily,2026-07-18 06:03:14.594594,"Latest developments in Government, Law and Law with important updates, analysis and current information.","This article discusses Election, Election, and Policy. It also covers recent developments in Election and Election. The report provides background information, current trends, key points and analysis related to politics news. Readers can learn about recent changes, important events, major developments and future possibilities.","Government, Law, Parliament, Policy",94530,37832,1358,16.9,4.9,Negative,33.59
929,Space and Discovery: Latest Updates and Analysis,Science,Bikash Adhikari,Daily Report,2026-07-18 20:38:11.891891,"Latest developments in Discovery, Space and Physics with important updates, analysis and current information.","This article discusses Discovery, Research, and Physics. It also covers recent developments in Research and Biology. The report provides background information, current trends, key points and analysis related to science news. Readers can learn about recent changes, important events, major developments and future possibilities.","Space, Biology, Experiment, Research",227703,29476,16771,17.1,4.1,Positive,57.31
930,Cloud and Robotics: Latest Updates and Analysis,Technology,Nisha Karki,Daily Report,2026-07-19 11:13:09.189189,"Latest developments in Software, Cloud and Machine Learning with important updates, analysis and current information.","This article discusses AI, Machine Learning, and Cybersecurity. It also covers recent developments in AI and Cybersecurity. The report provides background information, current trends, key points and analysis related to technology news. Readers can learn about recent changes, important events, major developments and future possibilities.","AI, Robotics, Machine Learning, Cloud",450430,9445,13603,16.7,3.1,Positive,64.38
931,Film and Music: Latest Updates and Analysis,Entertainment,Raj Joshi,Insight News,2026-07-20 01:48:06.486486,"Latest developments in Movie, Movie and Movie with important updates, analysis and current information.","This article discusses Actor, Movie, and Celebrity. It also covers recent developments in Music and Film. The report provides background information, current trends, key points and analysis related to entertainment news. Readers can learn about recent changes, important events, major developments and future possibilities.","Movie, Film, Series, Actor",434027,33490,16246,13.6,3.1,Neutral,79.85
932,Policy and Election: Latest Updates and Analysis,Politics,Bikash Adhikari,News Hub,2026-07-20 16:23:03.783783,"Latest developments in Parliament, Election and Election with important updates, analysis and current information.","This article discusses Law, Law, and Minister. It also covers recent developments in Policy and Law. The report provides background information, current trends, key points and analysis related to politics news. Readers can learn about recent changes, important events, major developments and future possibilities.","Government, Parliament, Election, Policy",116057,29767,17216,8.6,3.7,Neutral,46.75
933,Cybersecurity and Cloud: Latest Updates and Analysis,Technology,Nisha Karki,News Hub,2026-07-21 06:58:01.081081,"Latest developments in Software, AI and AI with important updates, analysis and current information.","This article discusses Cloud, Robotics, and Machine Learning. It also covers recent developments in Software and Cloud. The report provides background information, current trends, key points and analysis related to technology news. Readers can learn about recent changes, important events, major developments and future possibilities.","AI, Robotics, Software, Cloud",17848,46057,8441,7.5,4.7,Positive,37.95
934,Cloud and AI: Latest Updates and Analysis,Technology,Aarav Thapa,TechDaily,2026-07-21 21:32:58.378378,"Latest developments in Cloud, Robotics and Cybersecurity with important updates, analysis and current information.","This article discusses Software, Cybersecurity, and Machine Learning. It also covers recent developments in Cloud and Cybersecurity. The report provides background information, current trends, key points and analysis related to technology news. Readers can learn about recent changes, important events, major developments and future possibilities.","Cybersecurity, Cloud, AI, Machine Learning",88736,15210,10219,2.2,2.9,Positive,28.26
935,Student and Education: Latest Updates and Analysis,Education,Nisha Karki,TechDaily,2026-07-22 12:07:55.675675,"Latest developments in Education, College and College with important updates, analysis and current information.","This article discusses Education, School, and University. It also covers recent developments in Student and College. The report provides background information, current trends, key points and analysis related to education news. Readers can learn about recent changes, important events, major developments and future possibilities.","University, School, Education, Student",164863,24159,9720,17.0,4.6,Neutral,40.77
936,Cybersecurity and Robotics: Latest Updates and Analysis,Technology,Anil Gurung,World Today,2026-07-23 02:42:52.972972,"Latest developments in Machine Learning, Robotics and Cybersecurity with important updates, analysis and current information.","This article discusses Machine Learning, Cybersecurity, and Robotics. It also covers recent developments in AI and Software. The report provides background information, current trends, key points and analysis related to technology news. Readers can learn about recent changes, important events, major developments and future possibilities.","Machine Learning, Software, Cybersecurity, Robotics",115258,7564,18222,3.6,3.2,Neutral,34.32
937,Research and Physics: Latest Updates and Analysis,Science,Anil Gurung,Insight News,2026-07-23 17:17:50.270270,"Latest developments in Discovery, Experiment and Biology with important updates, analysis and current information.","This article discusses Biology, Biology, and Space. It also covers recent developments in Physics and Research. The report provides background information, current trends, key points and analysis related to science news. Readers can learn about recent changes, important events, major developments and future possibilities.","Discovery, Physics, Biology, Space",219689,41043,9552,13.4,4.5,Positive,56.25
938,Hospital and Medicine: Latest Updates and Analysis,Health,Anil Gurung,News Hub,2026-07-24 07:52:47.567567,"Latest developments in Healthcare, Healthcare and Medicine with important updates, analysis and current information.","This article discusses Medicine, Hospital, and Medicine. It also covers recent developments in Medicine and Treatment. The report provides background information, current trends, key points and analysis related to health news. Readers can learn about recent changes, important events, major developments and future possibilities.","Disease, Healthcare, Treatment, Patient",196454,21219,11301,11.1,4.8,Neutral,43.74
939,Physics and Discovery: Latest Updates and Analysis,Science,Mina Shrestha,Global News,2026-07-24 22:27:44.864864,"Latest developments in Physics, Space and Physics with important updates, analysis and current information.","This article discusses Space, Experiment, and Space. It also covers recent developments in Experiment and Physics. The report provides background information, current trends, key points and analysis related to science news. Readers can learn about recent changes, important events, major developments and future possibilities.","Physics, Discovery, Space, Research",229416,27946,9515,11.5,3.6,Neutral,49.3
940,Market and Startup: Latest Updates and Analysis,Business,Mina Shrestha,Daily Report,2026-07-25 13:02:42.162162,"Latest developments in Investment, Market and Company with important updates, analysis and current information.","This article discusses Finance, Market, and Company. It also covers recent developments in Company and Investment. The report provides background information, current trends, key points and analysis related to business news. Readers can learn about recent changes, important events, major developments and future possibilities.","Finance, Market, Company, Startup",191532,36587,891,18.7,3.4,Neutral,42.08
941,Parliament and Minister: Latest Updates and Analysis,Politics,Ramesh Sharma,TechDaily,2026-07-26 03:37:39.459459,"Latest developments in Parliament, Policy and Government with important updates, analysis and current information.","This article discusses Parliament, Election, and Government. It also covers recent developments in Policy and Parliament. The report provides background information, current trends, key points and analysis related to politics news. Readers can learn about recent changes, important events, major developments and future possibilities.","Minister, Law, Government, Policy",272490,3364,17689,2.6,4.5,Negative,47.0
942,Hospital and Medicine: Latest Updates and Analysis,Health,Mina Shrestha,Daily Report,2026-07-26 18:12:36.756756,"Latest developments in Patient, Disease and Medicine with important updates, analysis and current information.","This article discusses Patient, Healthcare, and Medicine. It also covers recent developments in Treatment and Treatment. The report provides background information, current trends, key points and analysis related to health news. Readers can learn about recent changes, important events, major developments and future possibilities.","Medicine, Treatment, Patient, Hospital",241951,4318,15085,15.9,3.8,Positive,41.91
943,Learning and College: Latest Updates and Analysis,Education,Raj Joshi,Daily Report,2026-07-27 08:47:34.054054,"Latest developments in College, College and University with important updates, analysis and current information.","This article discusses Student, School, and University. It also covers recent developments in School and Education. The report provides background information, current trends, key points and analysis related to education news. Readers can learn about recent changes, important events, major developments and future possibilities.","Education, University, College, School",59495,11479,4192,2.9,4.2,Negative,17.06
944,Hospital and Disease: Latest Updates and Analysis,Health,Aarav Thapa,World Today,2026-07-27 23:22:31.351351,"Latest developments in Medicine, Treatment and Healthcare with important updates, analysis and current information.","This article discusses Treatment, Disease, and Medicine. It also covers recent developments in Healthcare and Treatment. The report provides background information, current trends, key points and analysis related to health news. Readers can learn about recent changes, important events, major developments and future possibilities.","Patient, Disease, Healthcare, Hospital",163658,7398,16128,2.7,4.1,Neutral,36.97
945,Medicine and Healthcare: Latest Updates and Analysis,Health,Bikash Adhikari,News Hub,2026-07-28 13:57:28.648648,"Latest developments in Hospital, Patient and Medicine with important updates, analysis and current information.","This article discusses Hospital, Disease, and Medicine. It also covers recent developments in Healthcare and Hospital. The report provides background information, current trends, key points and analysis related to health news. Readers can learn about recent changes, important events, major developments and future possibilities.","Hospital, Patient, Disease, Treatment",423656,2452,18724,9.7,2.9,Neutral,62.62
946,Movie and Series: Latest Updates and Analysis,Entertainment,Bikash Adhikari,TechDaily,2026-07-29 04:32:25.945945,"Latest developments in Movie, Actor and Music with important updates, analysis and current information.","This article discusses Music, Celebrity, and Series. It also covers recent developments in Celebrity and Series. The report provides background information, current trends, key points and analysis related to entertainment news. Readers can learn about recent changes, important events, major developments and future possibilities.","Film, Series, Music, Movie",478190,21672,18177,3.1,4.6,Neutral,79.1
947,Hospital and Treatment: Latest Updates and Analysis,Health,Ramesh Sharma,Daily Report,2026-07-29 19:07:23.243243,"Latest developments in Healthcare, Treatment and Disease with important updates, analysis and current information.","This article discusses Hospital, Patient, and Treatment. It also covers recent developments in Disease and Hospital. The report provides background information, current trends, key points and analysis related to health news. Readers can learn about recent changes, important events, major developments and future possibilities.","Hospital, Treatment, Medicine, Healthcare",312544,33193,10362,16.2,3.0,Neutral,61.63
948,Learning and Education: Latest Updates and Analysis,Education,Mina Shrestha,TechDaily,2026-07-30 09:42:20.540540,"Latest developments in Learning, Education and School with important updates, analysis and current information.","This article discusses Learning, School, and Learning. It also covers recent developments in Education and Student. The report provides background information, current trends, key points and analysis related to education news. Readers can learn about recent changes, important events, major developments and future possibilities.","College, Student, Education, School",396402,13865,16708,11.5,4.8,Negative,64.74
949,Discovery and Experiment: Latest Updates and Analysis,Science,Raj Joshi,Global News,2026-07-31 00:17:17.837837,"Latest developments in Discovery, Experiment and Research with important updates, analysis and current information.","This article discusses Space, Space, and Discovery. It also covers recent developments in Space and Discovery. The report provides background information, current trends, key points and analysis related to science news. Readers can learn about recent changes, important events, major developments and future possibilities.","Physics, Research, Experiment, Discovery",222243,25345,9177,2.5,3.1,Negative,46.68
950,Healthcare and Healthcare: Latest Updates and Analysis,Health,Nisha Karki,World Today,2026-07-31 14:52:15.135135,"Latest developments in Healthcare, Treatment and Healthcare with important updates, analysis and current information.","This article discusses Disease, Medicine, and Patient. It also covers recent developments in Patient and Healthcare. The report provides background information, current trends, key points and analysis related to health news. Readers can learn about recent changes, important events, major developments and future possibilities.","Healthcare, Hospital, Patient, Treatment",262213,46275,6644,2.7,4.3,Positive,60.74
951,Match and Football: Latest Updates and Analysis,Sports,Ramesh Sharma,Global News,2026-08-01 05:27:12.432432,"Latest developments in Cricket, Football and Tournament with important updates, analysis and current information.","This article discusses Match, Cricket, and League. It also covers recent developments in Player and Player. The report provides background information, current trends, key points and analysis related to sports news. Readers can learn about recent changes, important events, major developments and future possibilities.","Cricket, Football, Match, Player",277104,20359,4782,13.0,3.2,Positive,44.78
952,Policy and Law: Latest Updates and Analysis,Politics,Raj Joshi,TechDaily,2026-08-01 20:02:09.729729,"Latest developments in Law, Government and Policy with important updates, analysis and current information.","This article discusses Government, Parliament, and Parliament. It also covers recent developments in Election and Minister. The report provides background information, current trends, key points and analysis related to politics news. Readers can learn about recent changes, important events, major developments and future possibilities.","Minister, Government, Election, Policy",17113,8799,10052,16.5,3.3,Neutral,17.06
953,Patient and Treatment: Latest Updates and Analysis,Health,Nisha Karki,TechDaily,2026-08-02 10:37:07.027027,"Latest developments in Healthcare, Healthcare and Treatment with important updates, analysis and current information.","This article discusses Hospital, Disease, and Disease. It also covers recent developments in Hospital and Disease. The report provides background information, current trends, key points and analysis related to health news. Readers can learn about recent changes, important events, major developments and future possibilities.","Hospital, Disease, Healthcare, Medicine",400723,23053,19521,9.9,3.3,Negative,73.52
954,Government and Election: Latest Updates and Analysis,Politics,Raj Joshi,News Hub,2026-08-03 01:12:04.324324,"Latest developments in Election, Law and Election with important updates, analysis and current information.","This article discusses Election, Election, and Policy. It also covers recent developments in Law and Parliament. The report provides background information, current trends, key points and analysis related to politics news. Readers can learn about recent changes, important events, major developments and future possibilities.","Law, Minister, Parliament, Policy",33642,34892,3898,12.0,4.4,Neutral,28.26
955,League and Match: Latest Updates and Analysis,Sports,Nisha Karki,Daily Report,2026-08-03 15:47:01.621621,"Latest developments in Player, Match and Match with important updates, analysis and current information.","This article discusses League, Player, and Match. It also covers recent developments in Player and Cricket. The report provides background information, current trends, key points and analysis related to sports news. Readers can learn about recent changes, important events, major developments and future possibilities.","Cricket, Football, League, Match",25035,17684,17219,16.4,3.9,Neutral,30.37
956,Match and Tournament: Latest Updates and Analysis,Sports,Sita Rai,Daily Report,2026-08-04 06:21:58.918918,"Latest developments in Cricket, Match and Cricket with important updates, analysis and current information.","This article discusses Football, Football, and Football. It also covers recent developments in Football and League. The report provides background information, current trends, key points and analysis related to sports news. Readers can learn about recent changes, important events, major developments and future possibilities.","Football, Tournament, Match, League",49179,5015,4154,13.0,4.7,Neutral,12.1
957,Parliament and Parliament: Latest Updates and Analysis,Politics,Raj Joshi,Global News,2026-08-04 20:56:56.216216,"Latest developments in Minister, Government and Election with important updates, analysis and current information.","This article discusses Law, Parliament, and Law. It also covers recent developments in Parliament and Minister. The report provides background information, current trends, key points and analysis related to politics news. Readers can learn about recent changes, important events, major developments and future possibilities.","Law, Government, Minister, Election",34211,31665,2778,6.0,3.3,Neutral,25.26
958,Robotics and Cybersecurity: Latest Updates and Analysis,Technology,Bikash Adhikari,World Today,2026-08-05 11:31:53.513513,"Latest developments in Machine Learning, Cybersecurity and Cloud with important updates, analysis and current information.","This article discusses Software, AI, and Cybersecurity. It also covers recent developments in Cybersecurity and Machine Learning. The report provides background information, current trends, key points and analysis related to technology news. Readers can learn about recent changes, important events, major developments and future possibilities.","Cybersecurity, Robotics, Cloud, Machine Learning",318794,8657,13809,13.0,4.2,Neutral,50.94
959,Investment and Investment: Latest Updates and Analysis,Business,Anil Gurung,Insight News,2026-08-06 02:06:50.810810,"Latest developments in Economy, Finance and Market with important updates, analysis and current information.","This article discusses Finance, Startup, and Investment. It also covers recent developments in Market and Company. The report provides background information, current trends, key points and analysis related to business news. Readers can learn about recent changes, important events, major developments and future possibilities.","Company, Startup, Economy, Investment",206869,21951,6409,13.3,4.4,Neutral,40.33
960,Celebrity and Actor: Latest Updates and Analysis,Entertainment,Mina Shrestha,Daily Report,2026-08-06 16:41:48.108108,"Latest developments in Movie, Celebrity and Movie with important updates, analysis and current information.","This article discusses Movie, Movie, and Actor. It also covers recent developments in Actor and Series. The report provides background information, current trends, key points and analysis related to entertainment news. Readers can learn about recent changes, important events, major developments and future possibilities.","Actor, Film, Movie, Series",482433,32063,12523,15.2,2.9,Negative,80.12
961,Cybersecurity and AI: Latest Updates and Analysis,Technology,Nisha Karki,News Hub,2026-08-07 07:16:45.405405,"Latest developments in Cloud, Cybersecurity and Machine Learning with important updates, analysis and current information.","This article discusses AI, AI, and Software. It also covers recent developments in Software and Cloud. The report provides background information, current trends, key points and analysis related to technology news. Readers can learn about recent changes, important events, major developments and future possibilities.","Software, Machine Learning, AI, Cloud",491129,32743,4313,13.2,3.5,Neutral,73.19
962,Cloud and Cloud: Latest Updates and Analysis,Technology,Sita Rai,Global News,2026-08-07 21:51:42.702702,"Latest developments in Software, Cybersecurity and Software with important updates, analysis and current information.","This article discusses Cloud, Machine Learning, and Cybersecurity. It also covers recent developments in AI and AI. The report provides background information, current trends, key points and analysis related to technology news. Readers can learn about recent changes, important events, major developments and future possibilities.","Cybersecurity, Cloud, Machine Learning, AI",218108,26521,7608,19.4,3.7,Neutral,45.4
963,Space and Space: Latest Updates and Analysis,Science,Raj Joshi,Global News,2026-08-08 12:26:40.000000,"Latest developments in Biology, Research and Discovery with important updates, analysis and current information.","This article discusses Discovery, Discovery, and Space. It also covers recent developments in Biology and Space. The report provides background information, current trends, key points and analysis related to science news. Readers can learn about recent changes, important events, major developments and future possibilities.","Biology, Discovery, Research, Physics",339199,10731,13717,5.6,3.4,Neutral,54.14
964,Celebrity and Celebrity: Latest Updates and Analysis,Entertainment,Bikash Adhikari,Insight News,2026-08-09 03:01:37.297297,"Latest developments in Actor, Film and Series with important updates, analysis and current information.","This article discusses Film, Celebrity, and Movie. It also covers recent developments in Music and Series. The report provides background information, current trends, key points and analysis related to entertainment news. Readers can learn about recent changes, important events, major developments and future possibilities.","Film, Series, Movie, Celebrity",40665,18744,11864,19.1,3.3,Neutral,27.22
965,Series and Movie: Latest Updates and Analysis,Entertainment,Anil Gurung,News Hub,2026-08-09 17:36:34.594594,"Latest developments in Actor, Music and Film with important updates, analysis and current information.","This article discusses Music, Celebrity, and Music. It also covers recent developments in Movie and Celebrity. The report provides background information, current trends, key points and analysis related to entertainment news. Readers can learn about recent changes, important events, major developments and future possibilities.","Actor, Celebrity, Music, Movie",19383,18423,11214,11.7,4.2,Positive,24.24
966,Software and Software: Latest Updates and Analysis,Technology,Nisha Karki,World Today,2026-08-10 08:11:31.891891,"Latest developments in Machine Learning, AI and Machine Learning with important updates, analysis and current information.","This article discusses Cloud, Cloud, and Software. It also covers recent developments in Robotics and Software. The report provides background information, current trends, key points and analysis related to technology news. Readers can learn about recent changes, important events, major developments and future possibilities.","Cloud, Cybersecurity, Robotics, AI",328714,49076,12876,14.1,3.0,Positive,75.32
967,Patient and Healthcare: Latest Updates and Analysis,Health,Raj Joshi,News Hub,2026-08-10 22:46:29.189189,"Latest developments in Medicine, Patient and Hospital with important updates, analysis and current information.","This article discusses Disease, Healthcare, and Medicine. It also covers recent developments in Treatment and Treatment. The report provides background information, current trends, key points and analysis related to health news. Readers can learn about recent changes, important events, major developments and future possibilities.","Disease, Healthcare, Hospital, Medicine",231462,17568,18055,3.8,4.3,Neutral,51.8
968,Experiment and Physics: Latest Updates and Analysis,Science,Raj Joshi,World Today,2026-08-11 13:21:26.486486,"Latest developments in Research, Space and Discovery with important updates, analysis and current information.","This article discusses Space, Discovery, and Space. It also covers recent developments in Experiment and Research. The report provides background information, current trends, key points and analysis related to science news. Readers can learn about recent changes, important events, major developments and future possibilities.","Research, Discovery, Experiment, Physics",87016,47411,916,8.9,4.8,Neutral,38.16
969,Experiment and Biology: Latest Updates and Analysis,Science,Nisha Karki,News Hub,2026-08-12 03:56:23.783783,"Latest developments in Physics, Space and Research with important updates, analysis and current information.","This article discusses Research, Research, and Space. It also covers recent developments in Space and Biology. The report provides background information, current trends, key points and analysis related to science news. Readers can learn about recent changes, important events, major developments and future possibilities.","Space, Physics, Research, Biology",79652,3934,9325,15.8,3.9,Neutral,19.67
970,League and Match: Latest Updates and Analysis,Sports,Ramesh Sharma,News Hub,2026-08-12 18:31:21.081081,"Latest developments in Cricket, Player and Football with important updates, analysis and current information.","This article discusses Match, Match, and Tournament. It also covers recent developments in Tournament and Football. The report provides background information, current trends, key points and analysis related to sports news. Readers can learn about recent changes, important events, major developments and future possibilities.","Match, Tournament, Player, League",38333,11409,18220,14.7,4.0,Positive,28.93
971,Education and Learning: Latest Updates and Analysis,Education,Ramesh Sharma,TechDaily,2026-08-13 09:06:18.378378,"Latest developments in University, School and University with important updates, analysis and current information.","This article discusses University, College, and Student. It also covers recent developments in College and University. The report provides background information, current trends, key points and analysis related to education news. Readers can learn about recent changes, important events, major developments and future possibilities.","University, Education, Student, School",284939,31410,18522,2.7,2.7,Neutral,65.95
972,Movie and Actor: Latest Updates and Analysis,Entertainment,Bikash Adhikari,Global News,2026-08-13 23:41:15.675675,"Latest developments in Movie, Actor and Actor with important updates, analysis and current information.","This article discusses Series, Music, and Series. It also covers recent developments in Music and Series. The report provides background information, current trends, key points and analysis related to entertainment news. Readers can learn about recent changes, important events, major developments and future possibilities.","Series, Actor, Music, Film",483804,30808,4007,11.8,4.7,Neutral,70.98
973,Machine Learning and Machine Learning: Latest Updates and Analysis,Technology,Anil Gurung,News Hub,2026-08-14 14:16:12.972972,"Latest developments in AI, Machine Learning and Software with important updates, analysis and current information.","This article discusses Robotics, Machine Learning, and Cloud. It also covers recent developments in Software and AI. The report provides background information, current trends, key points and analysis related to technology news. Readers can learn about recent changes, important events, major developments and future possibilities.","Software, AI, Cloud, Robotics",126540,8172,18289,3.6,3.2,Neutral,35.88
974,Player and Cricket: Latest Updates and Analysis,Sports,Nisha Karki,Insight News,2026-08-15 04:51:10.270270,"Latest developments in Tournament, Tournament and Match with important updates, analysis and current information.","This article discusses Cricket, Player, and Football. It also covers recent developments in Cricket and Player. The report provides background information, current trends, key points and analysis related to sports news. Readers can learn about recent changes, important events, major developments and future possibilities.","Cricket, Tournament, Player, Match",173906,27358,3485,19.9,4.0,Positive,37.36
975,Law and Government: Latest Updates and Analysis,Politics,Bikash Adhikari,News Hub,2026-08-15 19:26:07.567567,"Latest developments in Law, Law and Law with important updates, analysis and current information.","This article discusses Parliament, Law, and Parliament. It also covers recent developments in Law and Policy. The report provides background information, current trends, key points and analysis related to politics news. Readers can learn about recent changes, important events, major developments and future possibilities.","Law, Policy, Election, Minister",343501,777,19116,18.2,4.9,Neutral,53.98
976,Market and Startup: Latest Updates and Analysis,Business,Bikash Adhikari,Daily Report,2026-08-16 10:01:04.864864,"Latest developments in Investment, Economy and Company with important updates, analysis and current information.","This article discusses Economy, Market, and Economy. It also covers recent developments in Economy and Company. The report provides background information, current trends, key points and analysis related to business news. Readers can learn about recent changes, important events, major developments and future possibilities.","Investment, Finance, Market, Company",263749,19763,10961,2.4,4.0,Negative,49.26
977,College and Education: Latest Updates and Analysis,Education,Aarav Thapa,Global News,2026-08-17 00:36:02.162162,"Latest developments in Education, School and School with important updates, analysis and current information.","This article discusses Learning, Student, and Education. It also covers recent developments in Learning and Education. The report provides background information, current trends, key points and analysis related to education news. Readers can learn about recent changes, important events, major developments and future possibilities.","Education, Learning, College, University",398679,48673,17705,17.5,4.3,Positive,86.91
978,School and School: Latest Updates and Analysis,Education,Raj Joshi,Daily Report,2026-08-17 15:10:59.459459,"Latest developments in School, College and Education with important updates, analysis and current information.","This article discusses University, Education, and College. It also covers recent developments in Student and School. The report provides background information, current trends, key points and analysis related to education news. Readers can learn about recent changes, important events, major developments and future possibilities.","University, College, Student, Education",442024,35186,11908,18.5,3.6,Neutral,77.34
979,University and University: Latest Updates and Analysis,Education,Mina Shrestha,Global News,2026-08-18 05:45:56.756756,"Latest developments in College, Learning and University with important updates, analysis and current information.","This article discusses College, College, and College. It also covers recent developments in Learning and Education. The report provides background information, current trends, key points and analysis related to education news. Readers can learn about recent changes, important events, major developments and future possibilities.","University, Student, School, College",305858,31170,3354,8.4,2.7,Neutral,52.73
980,Research and Physics: Latest Updates and Analysis,Science,Raj Joshi,Daily Report,2026-08-18 20:20:54.054054,"Latest developments in Experiment, Biology and Research with important updates, analysis and current information.","This article discusses Experiment, Discovery, and Physics. It also covers recent developments in Discovery and Discovery. The report provides background information, current trends, key points and analysis related to science news. Readers can learn about recent changes, important events, major developments and future possibilities.","Experiment, Physics, Biology, Research",1110,20461,13509,15.0,4.5,Neutral,25.94
981,Minister and Minister: Latest Updates and Analysis,Politics,Ramesh Sharma,News Hub,2026-08-19 10:55:51.351351,"Latest developments in Law, Parliament and Election with important updates, analysis and current information.","This article discusses Minister, Parliament, and Parliament. It also covers recent developments in Policy and Policy. The report provides background information, current trends, key points and analysis related to politics news. Readers can learn about recent changes, important events, major developments and future possibilities.","Parliament, Government, Minister, Policy",244400,45222,7101,10.0,2.6,Neutral,58.78
982,Education and School: Latest Updates and Analysis,Education,Anil Gurung,News Hub,2026-08-20 01:30:48.648648,"Latest developments in College, Education and School with important updates, analysis and current information.","This article discusses University, University, and Education. It also covers recent developments in College and College. The report provides background information, current trends, key points and analysis related to education news. Readers can learn about recent changes, important events, major developments and future possibilities.","Learning, University, College, School",130660,2439,4743,13.8,4.3,Neutral,19.29
983,Government and Government: Latest Updates and Analysis,Politics,Raj Joshi,TechDaily,2026-08-20 16:05:45.945945,"Latest developments in Election, Government and Minister with important updates, analysis and current information.","This article discusses Policy, Policy, and Government. It also covers recent developments in Election and Government. The report provides background information, current trends, key points and analysis related to politics news. Readers can learn about recent changes, important events, major developments and future possibilities.","Policy, Minister, Law, Election",151033,7804,8951,8.1,2.6,Neutral,28.77
984,Disease and Hospital: Latest Updates and Analysis,Health,Nisha Karki,Insight News,2026-08-21 06:40:43.243243,"Latest developments in Hospital, Disease and Hospital with important updates, analysis and current information.","This article discusses Healthcare, Treatment, and Patient. It also covers recent developments in Disease and Medicine. The report provides background information, current trends, key points and analysis related to health news. Readers can learn about recent changes, important events, major developments and future possibilities.","Hospital, Medicine, Patient, Treatment",417441,45791,7014,7.8,4.7,Neutral,76.36
985,School and School: Latest Updates and Analysis,Education,Bikash Adhikari,Daily Report,2026-08-21 21:15:40.540540,"Latest developments in University, Learning and College with important updates, analysis and current information.","This article discusses University, University, and Student. It also covers recent developments in College and University. The report provides background information, current trends, key points and analysis related to education news. Readers can learn about recent changes, important events, major developments and future possibilities.","Education, School, Student, University",255282,47594,3412,9.6,2.9,Positive,57.61
986,Finance and Startup: Latest Updates and Analysis,Business,Nisha Karki,World Today,2026-08-22 11:50:37.837837,"Latest developments in Startup, Finance and Company with important updates, analysis and current information.","This article discusses Investment, Economy, and Market. It also covers recent developments in Investment and Company. The report provides background information, current trends, key points and analysis related to business news. Readers can learn about recent changes, important events, major developments and future possibilities.","Company, Startup, Finance, Investment",140541,13212,17741,4.6,3.8,Positive,39.76
987,Law and Government: Latest Updates and Analysis,Politics,Aarav Thapa,TechDaily,2026-08-23 02:25:35.135135,"Latest developments in Policy, Law and Government with important updates, analysis and current information.","This article discusses Election, Law, and Parliament. It also covers recent developments in Minister and Election. The report provides background information, current trends, key points and analysis related to politics news. Readers can learn about recent changes, important events, major developments and future possibilities.","Parliament, Government, Minister, Election",331637,21653,19865,17.0,4.0,Neutral,66.1
988,Election and Minister: Latest Updates and Analysis,Politics,Anil Gurung,Daily Report,2026-08-23 17:00:32.432432,"Latest developments in Policy, Election and Policy with important updates, analysis and current information.","This article discusses Minister, Government, and Policy. It also covers recent developments in Election and Parliament. The report provides background information, current trends, key points and analysis related to politics news. Readers can learn about recent changes, important events, major developments and future possibilities.","Minister, Election, Law, Parliament",157843,21971,9140,8.3,3.6,Positive,38.17
989,Company and Market: Latest Updates and Analysis,Business,Bikash Adhikari,Daily Report,2026-08-24 07:35:29.729729,"Latest developments in Market, Economy and Company with important updates, analysis and current information.","This article discusses Market, Market, and Economy. It also covers recent developments in Market and Finance. The report provides background information, current trends, key points and analysis related to business news. Readers can learn about recent changes, important events, major developments and future possibilities.","Economy, Company, Startup, Finance",468716,1989,10271,9.2,3.4,Negative,58.4
990,School and College: Latest Updates and Analysis,Education,Nisha Karki,TechDaily,2026-08-24 22:10:27.027027,"Latest developments in Education, College and University with important updates, analysis and current information.","This article discusses Learning, School, and Student. It also covers recent developments in Education and College. The report provides background information, current trends, key points and analysis related to education news. Readers can learn about recent changes, important events, major developments and future possibilities.","School, University, College, Student",64612,7868,18150,18.1,3.7,Negative,29.36
991,Startup and Market: Latest Updates and Analysis,Business,Ramesh Sharma,News Hub,2026-08-25 12:45:24.324324,"Latest developments in Finance, Economy and Investment with important updates, analysis and current information.","This article discusses Startup, Startup, and Economy. It also covers recent developments in Investment and Economy. The report provides background information, current trends, key points and analysis related to business news. Readers can learn about recent changes, important events, major developments and future possibilities.","Market, Investment, Economy, Finance",98126,42026,8219,10.9,3.3,Negative,43.33
992,Minister and Government: Latest Updates and Analysis,Politics,Mina Shrestha,Daily Report,2026-08-26 03:20:21.621621,"Latest developments in Policy, Election and Election with important updates, analysis and current information.","This article discusses Election, Election, and Minister. It also covers recent developments in Policy and Minister. The report provides background information, current trends, key points and analysis related to politics news. Readers can learn about recent changes, important events, major developments and future possibilities.","Policy, Election, Law, Parliament",75756,33712,7163,11.8,3.6,Negative,35.04
993,Economy and Company: Latest Updates and Analysis,Business,Aarav Thapa,News Hub,2026-08-26 17:55:18.918918,"Latest developments in Market, Economy and Market with important updates, analysis and current information.","This article discusses Finance, Investment, and Finance. It also covers recent developments in Investment and Investment. The report provides background information, current trends, key points and analysis related to business news. Readers can learn about recent changes, important events, major developments and future possibilities.","Company, Finance, Startup, Market",216931,24604,2470,19.2,3.4,Neutral,38.99
994,Law and Policy: Latest Updates and Analysis,Politics,Anil Gurung,TechDaily,2026-08-27 08:30:16.216216,"Latest developments in Law, Policy and Election with important updates, analysis and current information.","This article discusses Minister, Minister, and Minister. It also covers recent developments in Policy and Policy. The report provides background information, current trends, key points and analysis related to politics news. Readers can learn about recent changes, important events, major developments and future possibilities.","Election, Parliament, Government, Policy",359930,22135,10730,18.0,3.9,Negative,60.09
995,Policy and Minister: Latest Updates and Analysis,Politics,Aarav Thapa,News Hub,2026-08-27 23:05:13.513513,"Latest developments in Policy, Policy and Parliament with important updates, analysis and current information.","This article discusses Election, Parliament, and Minister. It also covers recent developments in Law and Election. The report provides background information, current trends, key points and analysis related to politics news. Readers can learn about recent changes, important events, major developments and future possibilities.","Minister, Government, Election, Parliament",175310,30544,16543,5.1,3.1,Positive,52.48
996,Disease and Healthcare: Latest Updates and Analysis,Health,Ramesh Sharma,Global News,2026-08-28 13:40:10.810810,"Latest developments in Patient, Disease and Hospital with important updates, analysis and current information.","This article discusses Medicine, Healthcare, and Treatment. It also covers recent developments in Medicine and Healthcare. The report provides background information, current trends, key points and analysis related to health news. Readers can learn about recent changes, important events, major developments and future possibilities.","Healthcare, Treatment, Medicine, Patient",184592,37918,19276,10.5,5.0,Positive,60.58
997,AI and Cybersecurity: Latest Updates and Analysis,Technology,Anil Gurung,World Today,2026-08-29 04:15:08.108108,"Latest developments in Machine Learning, Cybersecurity and Robotics with important updates, analysis and current information.","This article discusses Robotics, Robotics, and Cloud. It also covers recent developments in Cybersecurity and AI. The report provides background information, current trends, key points and analysis related to technology news. Readers can learn about recent changes, important events, major developments and future possibilities.","Robotics, Cybersecurity, AI, Cloud",461405,30847,4113,19.5,3.8,Neutral,68.87
998,Minister and Government: Latest Updates and Analysis,Politics,Aarav Thapa,Daily Report,2026-08-29 18:50:05.405405,"Latest developments in Parliament, Election and Policy with important updates, analysis and current information.","This article discusses Policy, Law, and Law. It also covers recent developments in Parliament and Parliament. The report provides background information, current trends, key points and analysis related to politics news. Readers can learn about recent changes, important events, major developments and future possibilities.","Law, Parliament, Policy, Government",277733,43774,13414,8.7,3.0,Positive,67.56
999,School and Student: Latest Updates and Analysis,Education,Sita Rai,Insight News,2026-08-30 09:25:02.702702,"Latest developments in Learning, Education and Education with important updates, analysis and current information.","This article discusses Student, Student, and College. It also covers recent developments in Student and College. The report provides background information, current trends, key points and analysis related to education news. Readers can learn about recent changes, important events, major developments and future possibilities.","University, Learning, Student, Education",59889,10680,7749,8.7,3.7,Negative,20.17
1000,Cricket and Tournament: Latest Updates and Analysis,Sports,Ramesh Sharma,World Today,2026-08-31 00:00:00.000000,"Latest developments in Match, Tournament and League with important updates, analysis and current information.","This article discusses Cricket, Match, and Cricket. It also covers recent developments in Cricket and Player. The report provides background information, current trends, key points and analysis related to sports news. Readers can learn about recent changes, important events, major developments and future possibilities.","Match, Player, League, Cricket",70025,47972,11914,5.5,4.7,Neutral,47.8
