Restaurant_ID,Cuisine,City,Price_Level,Average_Meal_Price,Review_Count,Review_Score,Hygiene_Score,Service_Score,Food_Quality_Score,Ambience_Score,Seating_Capacity,Delivery_Available,Reservation_Available,Years_In_Business,Online_Presence,Restaurant_Rating
10001,Japanese,Biratnagar,Mid Range,3795,4699,4.5,4.7,2.2,5.0,3.5,126,0,1,8.0,2.5,4.16
10002,Italian,Chitwan,Budget,3041,2943,4.3,1.8,4.2,4.1,4.4,107,1,1,1.2,1.9,3.81
10003,American,Kathmandu,Budget,1855,1225,3.1,4.8,4.1,2.1,2.0,55,1,0,1.4,4.3,3.35
10004,Japanese,Chitwan,Premium,3666,334,4.8,1.6,2.4,2.6,1.4,184,1,1,23.8,4.4,2.98
10005,Chinese,Chitwan,Mid Range,3490,1860,2.9,3.0,2.2,4.0,3.5,20,0,0,14.5,1.8,3.21
10006,American,Biratnagar,Mid Range,203,1500,4.1,4.3,3.2,4.9,2.7,211,1,1,8.0,3.8,3.73
10007,American,Lalitpur,Budget,2725,903,2.6,2.4,1.0,2.8,2.7,112,0,1,9.8,3.9,2.72
10008,Japanese,Pokhara,Premium,3741,1400,4.1,2.7,1.3,4.3,3.1,217,1,0,18.0,1.7,3.14
10009,Indian,Kathmandu,Mid Range,765,3399,3.2,1.5,1.5,4.9,2.4,87,1,0,9.5,2.7,3.01
10010,Chinese,Biratnagar,Budget,1104,4249,3.6,1.5,1.7,4.5,3.5,244,1,0,6.1,3.5,3.22
10011,Japanese,Lalitpur,Premium,2583,4489,3.4,3.5,3.0,1.9,1.1,182,1,1,3.0,1.1,2.67
10012,Chinese,Pokhara,Budget,1779,2273,2.9,3.7,5.0,1.0,4.9,55,1,1,18.4,2.6,3.6
10013,Chinese,Pokhara,Mid Range,2931,3442,4.1,4.1,3.6,3.0,4.7,23,1,1,4.9,1.6,3.73
10014,American,Biratnagar,Mid Range,799,2381,4.7,3.2,1.2,3.1,4.7,22,1,1,2.2,3.2,3.57
10015,Italian,Bhaktapur,Budget,2497,3096,4.9,3.6,3.1,1.8,2.5,186,1,0,11.0,4.4,3.71
10016,Chinese,Kathmandu,Premium,4640,4322,3.0,1.1,3.0,2.1,3.1,200,1,1,1.5,3.1,2.93
10017,Thai,Pokhara,Mid Range,3428,1525,4.3,1.6,1.6,4.1,4.8,118,1,1,24.1,1.1,3.29
10018,American,Biratnagar,Mid Range,2790,2927,4.2,4.9,4.7,2.9,4.6,209,1,1,15.9,1.1,3.92
10019,Indian,Biratnagar,Budget,3951,2362,3.4,1.3,2.8,2.3,4.2,27,1,1,4.2,3.4,3.04
10020,Italian,Lalitpur,Budget,2711,1177,2.5,3.7,5.0,3.5,2.6,33,1,1,4.7,2.3,3.41
10021,Thai,Bhaktapur,Budget,3399,120,4.2,1.7,2.7,3.6,3.3,112,0,0,14.5,3.3,3.19
10022,Thai,Kathmandu,Mid Range,520,4337,4.9,3.9,3.4,4.1,4.2,110,1,1,9.2,1.7,4.34
10023,Indian,Chitwan,Budget,1007,3665,4.1,3.8,1.4,1.6,2.1,63,0,1,19.5,4.1,3.01
10024,Italian,Lalitpur,Mid Range,4903,3803,3.6,1.9,2.8,4.0,3.5,222,0,1,13.9,4.4,3.82
10025,American,Pokhara,Mid Range,533,1765,3.8,2.1,2.0,3.4,4.3,114,1,1,11.1,4.6,3.24
10026,Nepali,Pokhara,Budget,4027,1587,3.0,3.6,4.3,1.2,3.8,96,1,1,24.1,2.2,3.46
10027,Italian,Lalitpur,Mid Range,2702,1306,4.4,2.6,4.1,4.1,2.9,220,1,1,10.1,3.6,3.5
10028,Indian,Biratnagar,Budget,4484,3784,4.4,1.8,4.3,2.5,3.3,172,1,1,10.3,2.1,3.24
10029,Thai,Pokhara,Premium,4440,2230,2.9,3.9,3.9,2.3,5.0,80,1,1,16.8,4.1,3.77
10030,American,Bhaktapur,Mid Range,2875,982,4.7,1.6,4.3,2.8,3.4,219,0,1,20.3,1.5,3.56
10031,Italian,Kathmandu,Budget,4184,1040,3.2,4.4,1.8,2.4,4.1,105,1,0,15.8,4.1,3.28
10032,Nepali,Bhaktapur,Budget,3443,2603,5.0,3.1,2.8,2.4,3.9,73,1,0,17.6,2.8,3.66
10033,Nepali,Pokhara,Mid Range,4401,4002,3.5,1.4,3.8,4.2,3.8,67,0,1,9.6,4.4,3.55
10034,Chinese,Chitwan,Mid Range,4138,4623,2.9,3.8,3.5,1.5,3.9,66,1,0,12.2,4.0,3.38
10035,Chinese,Kathmandu,Mid Range,1072,923,3.4,3.1,3.9,4.9,2.8,95,1,0,5.3,2.5,3.8
10036,Japanese,Kathmandu,Mid Range,3065,2191,3.6,2.2,1.9,3.2,2.9,173,1,1,17.2,4.6,3.18
10037,Indian,Lalitpur,Budget,3100,3207,2.7,2.7,1.4,1.7,2.9,29,1,0,5.9,2.1,2.35
10038,Italian,Lalitpur,Budget,3196,1472,3.9,2.2,4.7,1.5,1.1,135,1,1,0.5,4.9,2.89
10039,Italian,Chitwan,Budget,1124,2388,4.0,2.1,3.2,3.4,2.0,162,1,1,23.4,4.1,2.98
10040,Japanese,Biratnagar,Mid Range,1380,3464,4.3,1.7,1.6,3.5,1.6,19,1,1,8.0,5.0,2.81
10041,Thai,Kathmandu,Premium,2585,3563,2.6,2.5,4.2,1.2,4.5,149,1,0,5.3,1.2,3.17
10042,Thai,Chitwan,Mid Range,1964,1317,3.9,2.0,4.7,2.0,2.1,32,1,0,7.1,2.1,2.95
10043,Japanese,Lalitpur,Budget,3084,1199,2.6,3.7,1.7,4.2,1.6,70,1,1,8.6,4.0,2.96
10044,Thai,Lalitpur,Mid Range,1513,697,4.3,3.7,4.3,1.2,1.5,89,0,1,12.1,4.7,3.2
10045,Chinese,Kathmandu,Premium,4090,4671,2.6,3.0,4.7,4.4,3.8,110,0,1,2.2,1.1,4.27
10046,Italian,Bhaktapur,Mid Range,353,1217,4.8,4.1,4.8,3.6,1.0,128,1,0,1.8,1.0,3.93
10047,Japanese,Pokhara,Premium,310,1904,4.3,4.4,4.7,2.7,2.9,233,1,1,7.7,2.0,3.78
10048,Italian,Lalitpur,Budget,4637,4932,3.8,3.3,3.2,2.4,1.5,232,1,0,7.7,4.4,3.33
10049,Nepali,Biratnagar,Budget,918,1821,3.6,3.5,2.4,1.1,4.4,115,0,1,3.4,4.1,3.18
10050,Chinese,Biratnagar,Premium,3898,3193,2.8,2.1,1.0,4.3,4.8,187,1,1,10.4,2.4,3.28
10051,American,Lalitpur,Mid Range,2731,3807,3.2,4.6,1.2,1.6,4.8,42,1,0,7.5,1.0,3.11
10052,Chinese,Bhaktapur,Budget,1243,1654,4.7,1.1,2.7,2.2,2.8,64,1,1,1.1,3.2,2.67
10053,Japanese,Bhaktapur,Mid Range,4650,3978,4.8,2.4,2.6,3.3,3.6,16,1,0,22.2,2.0,3.95
10054,American,Chitwan,Premium,757,2726,2.5,3.9,1.7,2.0,3.4,226,1,1,22.2,4.0,2.98
10055,Nepali,Biratnagar,Mid Range,1690,200,4.0,1.3,2.6,3.0,2.4,82,0,1,5.6,2.8,2.68
10056,Japanese,Chitwan,Mid Range,3025,1345,4.3,1.7,1.7,4.2,2.8,142,1,0,4.5,3.7,3.05
10057,Indian,Biratnagar,Mid Range,3341,4813,4.0,3.4,4.4,2.9,1.3,91,1,1,13.9,4.4,3.3
10058,Italian,Pokhara,Mid Range,1987,3116,2.7,3.2,2.2,4.8,4.2,38,1,1,16.0,3.1,3.43
10059,Nepali,Pokhara,Mid Range,839,388,3.0,4.0,3.4,4.4,2.0,126,1,1,24.0,2.3,3.42
10060,Italian,Kathmandu,Premium,3909,4492,3.1,4.3,3.0,2.3,2.8,244,1,0,9.7,4.1,3.52
10061,Thai,Chitwan,Premium,3099,3839,4.6,1.5,1.2,2.6,2.9,246,1,1,15.6,2.1,2.8
10062,Indian,Lalitpur,Premium,2253,625,3.7,1.1,4.8,2.7,3.2,190,1,0,22.0,4.6,3.13
10063,Indian,Chitwan,Budget,515,2340,3.7,3.8,3.1,3.5,4.3,187,1,1,11.5,1.3,3.51
10064,Nepali,Lalitpur,Mid Range,3725,1764,4.8,2.2,2.3,2.1,3.8,133,0,1,3.5,4.3,3.18
10065,Indian,Bhaktapur,Mid Range,4700,473,4.1,3.5,1.6,4.9,3.7,235,1,0,9.7,1.4,3.94
10066,American,Chitwan,Mid Range,4349,976,4.7,1.6,2.4,3.4,3.1,200,0,0,3.8,1.2,2.94
10067,Indian,Bhaktapur,Mid Range,4322,4277,3.6,2.9,1.1,2.6,1.4,50,1,1,0.9,2.5,2.66
10068,Italian,Pokhara,Premium,4475,3168,2.9,3.0,2.5,3.6,2.6,16,1,1,18.9,4.8,3.3
10069,Italian,Pokhara,Mid Range,2528,3634,4.8,3.3,3.1,2.6,4.8,141,1,1,6.3,4.9,3.77
10070,Japanese,Kathmandu,Mid Range,1355,4948,3.6,3.1,4.5,4.3,5.0,119,0,0,0.5,1.8,3.97
10071,Italian,Chitwan,Budget,3989,699,3.0,3.0,3.7,3.3,3.9,32,1,1,21.9,1.6,3.64
10072,Japanese,Bhaktapur,Mid Range,2885,2632,3.3,2.3,1.4,1.2,1.9,191,1,0,11.4,2.4,2.1
10073,Italian,Lalitpur,Mid Range,3497,2222,2.6,1.3,1.6,1.7,1.4,22,1,1,6.4,2.3,1.9
10074,American,Pokhara,Mid Range,1825,392,3.7,1.4,2.7,4.5,2.7,200,1,1,6.9,4.0,3.34
10075,Japanese,Pokhara,Budget,448,2266,4.6,2.7,1.8,3.3,4.4,29,1,1,6.4,2.8,3.48
10076,Chinese,Lalitpur,Budget,1106,3820,4.8,2.4,1.1,4.8,3.9,247,1,0,5.3,4.1,3.45
10077,Thai,Bhaktapur,Mid Range,1264,3513,4.8,3.1,4.2,1.3,4.5,159,1,1,21.1,4.0,3.68
10078,Nepali,Bhaktapur,Budget,2655,1422,2.8,2.2,1.1,2.2,3.5,37,1,1,4.7,3.3,2.61
10079,Italian,Chitwan,Budget,1624,1593,3.5,3.8,4.3,1.8,1.5,208,1,1,14.3,4.3,3.12
10080,Indian,Chitwan,Budget,4610,381,2.6,4.5,1.6,3.2,1.5,212,1,0,2.4,1.8,2.94
10081,Italian,Biratnagar,Budget,4596,620,4.6,2.2,4.9,2.5,1.2,107,1,1,23.8,1.6,3.26
10082,Indian,Biratnagar,Budget,3876,125,3.4,1.8,3.4,1.6,3.3,169,1,1,15.3,4.0,2.82
10083,Thai,Kathmandu,Mid Range,3621,456,4.1,1.5,3.9,3.6,2.0,179,1,0,22.6,2.0,3.11
10084,Thai,Pokhara,Mid Range,2978,1401,4.3,3.5,1.4,3.1,3.9,63,1,1,10.2,1.0,3.49
10085,Thai,Chitwan,Premium,3000,3334,3.6,2.8,4.4,2.1,3.7,78,1,0,20.4,4.6,3.5
10086,Indian,Bhaktapur,Mid Range,2656,1350,3.3,1.8,4.4,2.9,2.3,48,1,1,21.4,3.5,3.09
10087,Italian,Lalitpur,Mid Range,3920,4520,4.9,3.6,3.6,4.0,1.7,32,1,1,17.7,2.8,3.74
10088,Thai,Bhaktapur,Budget,3114,2949,4.9,1.6,3.0,1.8,1.4,78,1,1,2.8,3.9,2.74
10089,American,Pokhara,Budget,4744,3709,3.2,3.2,3.9,2.2,3.9,120,1,1,0.9,2.3,3.28
10090,Japanese,Biratnagar,Mid Range,1099,1083,3.7,3.1,1.0,2.4,2.8,88,1,1,4.6,4.8,2.58
10091,Indian,Bhaktapur,Budget,4753,4823,4.9,3.9,3.4,4.0,2.3,116,0,0,3.4,1.3,4.02
10092,Indian,Kathmandu,Mid Range,3000,3579,2.5,1.2,4.4,4.4,4.4,186,1,1,18.3,3.6,3.81
10093,Italian,Pokhara,Mid Range,315,3160,3.5,4.6,2.4,2.5,3.4,31,1,1,14.1,4.1,3.17
10094,Indian,Biratnagar,Mid Range,3636,1615,2.8,3.8,1.4,2.2,3.1,201,1,0,13.4,2.9,2.93
10095,Indian,Lalitpur,Budget,2659,4667,3.8,1.9,2.7,4.6,4.0,155,1,0,6.7,4.0,3.69
10096,Thai,Biratnagar,Budget,1069,2304,2.6,1.7,3.9,5.0,4.3,66,1,1,4.3,4.7,3.9
10097,Italian,Kathmandu,Mid Range,263,3672,3.5,2.7,1.4,3.7,3.7,202,1,1,5.6,4.0,3.35
10098,Thai,Pokhara,Budget,3654,4492,3.1,4.3,1.8,5.0,2.8,184,1,1,10.3,2.2,3.48
10099,Japanese,Lalitpur,Mid Range,1141,4807,3.8,4.4,1.6,3.6,2.5,233,0,1,18.6,3.2,3.52
10100,Japanese,Kathmandu,Mid Range,3989,993,5.0,3.1,4.2,3.9,4.1,78,1,0,6.7,4.6,4.45
10101,Thai,Biratnagar,Premium,1408,361,4.5,4.4,1.3,2.6,3.1,208,1,1,17.6,2.8,3.21
10102,Japanese,Kathmandu,Budget,3576,1734,4.6,1.0,3.7,2.7,3.8,48,0,1,12.5,3.7,3.43
10103,Italian,Pokhara,Premium,664,1961,4.1,1.1,2.5,1.6,4.6,109,1,0,22.2,2.9,2.83
10104,Nepali,Chitwan,Mid Range,4954,1289,2.6,4.6,4.0,4.3,4.7,101,1,0,6.2,1.5,4.31
10105,Thai,Kathmandu,Mid Range,3346,1917,3.0,4.1,4.9,4.7,2.1,213,1,1,11.5,1.2,4.04
10106,American,Kathmandu,Budget,4584,4858,4.8,2.8,1.5,3.5,1.8,116,1,1,2.9,4.8,2.95
10107,American,Biratnagar,Mid Range,2734,1034,3.4,4.0,2.3,2.4,2.0,206,1,1,8.7,3.5,2.95
10108,Indian,Biratnagar,Budget,217,555,2.8,4.8,4.2,1.6,4.0,175,1,1,12.9,1.4,3.31
10109,Japanese,Lalitpur,Mid Range,1746,4184,4.3,4.1,2.1,2.1,2.5,154,1,0,18.5,4.4,3.33
10110,American,Biratnagar,Budget,4628,2391,3.2,4.4,1.9,2.0,1.7,90,1,1,5.4,3.1,3.04
10111,Indian,Bhaktapur,Premium,168,898,3.2,4.0,4.3,3.5,1.4,33,1,1,5.8,4.1,3.37
10112,Nepali,Pokhara,Mid Range,2880,1115,5.0,1.7,4.9,4.8,2.3,151,1,1,16.0,1.5,3.73
10113,Italian,Pokhara,Mid Range,3671,2559,4.6,4.3,3.2,1.2,1.5,88,1,1,9.9,4.6,3.2
10114,Italian,Chitwan,Budget,722,2000,3.5,1.8,2.1,1.0,1.6,159,0,1,12.3,3.4,1.98
10115,Italian,Chitwan,Budget,2408,4008,5.0,4.6,2.6,3.4,3.7,64,0,0,21.0,4.0,3.95
10116,American,Pokhara,Mid Range,3052,3785,4.1,2.8,1.7,2.1,1.1,246,1,1,12.7,1.1,2.9
10117,Nepali,Chitwan,Mid Range,800,2822,4.4,3.7,4.0,4.5,1.5,53,1,1,16.5,2.3,3.7
10118,American,Lalitpur,Budget,2737,930,2.6,3.0,4.1,2.3,4.4,183,1,1,16.6,2.1,3.12
10119,Japanese,Biratnagar,Mid Range,3412,4655,2.8,1.4,4.5,2.2,4.4,152,1,1,20.2,4.8,3.51
10120,American,Pokhara,Premium,1488,2071,4.1,2.2,1.1,2.1,2.3,26,0,1,16.1,1.7,2.53
10121,Nepali,Chitwan,Mid Range,3784,4497,4.7,4.9,3.2,1.6,1.4,93,1,1,2.1,3.8,3.48
10122,Nepali,Pokhara,Mid Range,2977,3649,4.1,4.8,1.9,3.3,3.8,237,1,1,8.9,1.2,3.77
10123,Japanese,Bhaktapur,Premium,2367,3175,2.8,2.3,2.4,1.7,2.4,29,1,1,24.7,1.8,2.56
10124,Nepali,Kathmandu,Budget,3689,4445,2.8,5.0,4.1,2.7,1.2,42,0,0,5.3,2.4,3.43
10125,Nepali,Biratnagar,Mid Range,1187,2654,4.6,4.4,1.8,2.8,1.6,146,1,1,14.9,4.2,3.35
10126,Italian,Pokhara,Premium,4533,4862,2.8,3.4,3.6,1.1,1.5,50,1,0,21.2,4.2,3.14
10127,Japanese,Kathmandu,Budget,4128,1055,3.8,1.2,3.6,1.1,3.4,133,1,1,14.9,4.8,2.65
10128,Chinese,Chitwan,Mid Range,3111,3566,2.6,4.6,4.8,3.1,4.6,79,1,1,9.6,4.7,4.08
10129,Chinese,Kathmandu,Mid Range,3376,2691,2.7,3.2,4.1,3.8,4.2,250,1,0,2.5,1.3,3.8
10130,Nepali,Biratnagar,Mid Range,1248,3209,4.2,4.5,4.2,4.8,3.2,112,1,0,9.4,4.3,4.4
10131,Chinese,Pokhara,Mid Range,2474,948,4.2,4.3,3.1,1.7,2.7,61,1,0,5.0,2.8,2.91
10132,Chinese,Bhaktapur,Premium,1089,4953,3.4,4.3,1.7,1.4,3.5,95,1,1,24.0,4.5,2.98
10133,Nepali,Chitwan,Mid Range,3866,451,3.0,3.8,2.7,1.2,2.8,53,1,1,18.0,1.4,2.82
10134,Chinese,Pokhara,Budget,3564,2560,4.5,2.2,3.2,2.7,2.0,52,1,1,18.9,4.3,3.23
10135,American,Biratnagar,Premium,1598,4235,3.0,2.3,3.7,3.5,3.7,58,1,0,11.2,1.6,3.33
10136,Indian,Chitwan,Budget,720,606,3.9,2.2,3.4,4.4,4.5,193,0,1,3.2,2.3,3.99
10137,Japanese,Lalitpur,Mid Range,3054,1515,4.9,1.1,2.6,3.7,2.5,111,0,1,7.0,1.1,3.04
10138,Indian,Kathmandu,Mid Range,2655,871,2.9,3.3,2.1,1.8,4.4,138,1,1,6.9,1.5,2.9
10139,Nepali,Biratnagar,Mid Range,1067,2650,4.9,3.8,1.7,2.8,2.7,227,1,1,12.4,2.8,3.25
10140,Italian,Lalitpur,Mid Range,2024,3741,3.0,4.4,3.8,4.6,2.6,40,1,0,11.8,4.3,4.02
10141,Japanese,Pokhara,Premium,1828,1561,3.9,1.6,3.6,2.3,1.1,178,1,1,11.1,4.1,2.73
10142,Nepali,Bhaktapur,Mid Range,765,3246,3.4,3.2,3.7,3.0,3.8,211,1,0,12.7,1.9,3.15
10143,Italian,Chitwan,Mid Range,4651,1746,4.9,1.0,2.5,4.8,4.2,111,1,0,24.7,1.6,3.58
10144,Indian,Kathmandu,Budget,1899,1459,3.2,1.4,2.0,3.9,3.7,15,1,1,7.8,2.6,2.93
10145,Nepali,Chitwan,Premium,3975,274,3.5,1.2,4.0,4.0,1.6,67,0,1,15.6,4.5,3.35
10146,Japanese,Pokhara,Premium,4338,2669,5.0,3.9,4.1,2.0,1.4,20,1,0,6.4,1.4,3.33
10147,Japanese,Chitwan,Mid Range,2627,2731,3.8,1.3,2.8,2.7,3.3,51,1,1,11.9,3.2,2.85
10148,Thai,Kathmandu,Budget,4899,1472,3.8,3.9,3.4,1.3,2.6,16,0,1,5.4,1.4,3.19
10149,American,Pokhara,Budget,3655,4262,3.1,2.0,2.5,3.4,2.7,137,0,0,14.2,2.9,3.27
10150,Chinese,Chitwan,Budget,3625,1455,4.3,4.5,3.8,1.4,4.9,83,1,1,7.0,1.5,3.45
10151,Italian,Bhaktapur,Budget,4679,2308,2.5,4.3,4.3,4.3,3.9,232,1,1,1.4,1.3,4.04
10152,Thai,Biratnagar,Mid Range,1285,2935,2.6,4.8,3.8,4.3,2.6,183,1,1,20.5,1.8,3.42
10153,Chinese,Pokhara,Premium,4150,1642,4.0,4.5,3.1,3.1,1.1,193,1,0,3.6,2.0,3.27
10154,Chinese,Biratnagar,Mid Range,524,2384,3.4,4.7,2.8,1.6,1.1,189,0,1,9.5,2.1,3.03
10155,Nepali,Pokhara,Budget,356,5000,4.9,4.4,3.6,1.1,3.7,27,1,1,12.2,3.6,3.56
10156,Chinese,Bhaktapur,Budget,1469,522,4.8,3.8,3.7,4.2,4.4,218,0,1,11.1,1.2,3.88
10157,American,Biratnagar,Budget,1291,225,4.3,1.7,3.2,3.4,3.8,83,1,0,18.3,1.3,3.07
10158,Japanese,Lalitpur,Budget,4777,3341,4.5,2.1,3.5,3.8,2.6,80,1,1,15.1,1.8,3.44
10159,Thai,Kathmandu,Budget,2840,2182,4.2,1.9,1.4,2.2,1.1,73,1,0,7.7,4.5,2.3
10160,Chinese,Lalitpur,Budget,3405,3163,2.8,3.4,4.8,3.0,4.9,82,1,1,1.8,3.5,3.64
10161,Nepali,Chitwan,Mid Range,239,1716,4.4,3.0,4.2,4.0,4.9,73,1,1,19.3,3.9,4.21
10162,American,Bhaktapur,Premium,4258,2116,3.0,4.5,2.5,2.9,3.2,233,1,0,9.1,2.5,3.47
10163,Indian,Lalitpur,Mid Range,3170,1577,3.3,4.8,3.3,3.4,1.3,131,1,0,22.3,1.9,3.4
10164,Japanese,Pokhara,Mid Range,2007,2218,4.5,2.6,1.2,4.2,3.2,24,1,1,10.2,1.2,3.52
10165,Japanese,Chitwan,Premium,954,2341,3.8,3.0,1.2,1.9,4.6,155,1,1,18.1,3.0,2.85
10166,Thai,Chitwan,Budget,1094,2163,4.6,4.9,2.0,1.3,3.7,250,1,0,23.5,3.3,3.47
10167,Japanese,Lalitpur,Budget,2939,1138,3.0,2.1,3.8,3.1,3.9,144,1,1,16.5,4.6,3.22
10168,Chinese,Lalitpur,Premium,4025,3520,4.0,4.2,4.4,1.2,1.3,232,1,1,10.6,4.5,3.34
10169,Nepali,Bhaktapur,Budget,1760,4333,2.7,1.9,3.2,4.1,1.4,29,0,1,14.4,2.7,3.08
10170,Japanese,Kathmandu,Mid Range,3073,3663,4.1,3.7,3.1,3.9,1.5,60,1,1,13.8,2.7,3.44
10171,Japanese,Lalitpur,Mid Range,4032,2375,4.4,2.0,2.6,4.5,4.6,199,1,1,14.8,1.6,3.82
10172,Indian,Lalitpur,Budget,3371,4907,4.0,4.5,1.6,3.6,3.1,152,1,1,4.1,2.0,3.42
10173,Indian,Biratnagar,Budget,4541,2931,3.2,3.2,1.5,1.3,4.2,164,0,0,17.6,4.7,2.87
10174,Italian,Pokhara,Mid Range,4885,4577,2.6,1.7,4.0,2.0,1.5,246,1,0,4.1,1.6,2.63
10175,American,Biratnagar,Budget,2537,1089,2.8,1.9,4.7,4.2,4.7,103,1,1,0.9,4.9,3.63
10176,Chinese,Biratnagar,Budget,4873,3521,4.1,3.0,2.8,1.7,4.3,221,1,1,15.8,3.0,3.45
10177,Japanese,Chitwan,Mid Range,1091,2751,4.8,4.8,3.6,3.8,1.9,91,1,1,3.4,2.8,3.93
10178,Japanese,Kathmandu,Mid Range,2716,3030,3.0,4.1,4.7,4.1,4.5,150,1,0,19.4,1.7,4.18
10179,Nepali,Pokhara,Budget,1125,238,4.3,3.0,1.4,2.3,2.1,163,1,1,21.7,3.6,2.76
10180,Italian,Bhaktapur,Premium,1104,180,4.7,2.4,4.1,2.3,1.8,227,0,1,23.6,2.8,3.0
10181,American,Bhaktapur,Mid Range,1412,304,3.8,3.2,3.5,3.2,2.1,164,1,1,16.8,2.5,3.07
10182,Italian,Lalitpur,Premium,1093,4294,4.2,4.0,3.4,4.4,4.6,124,1,1,12.3,2.1,4.14
10183,Thai,Lalitpur,Mid Range,2352,435,4.5,4.1,2.2,1.9,4.7,111,1,0,9.1,1.3,3.42
10184,American,Bhaktapur,Mid Range,3477,928,3.2,2.3,3.7,4.8,2.3,59,1,0,12.5,3.1,3.54
10185,Japanese,Lalitpur,Mid Range,4424,3263,3.2,3.9,4.2,3.4,3.8,105,1,1,5.2,2.3,3.83
10186,Japanese,Kathmandu,Premium,2409,508,2.5,3.6,1.5,5.0,3.7,182,1,1,9.0,3.8,3.52
10187,American,Biratnagar,Budget,1978,2819,4.9,4.8,3.1,1.4,4.2,128,1,0,18.1,3.9,3.56
10188,Japanese,Lalitpur,Mid Range,1407,4971,4.8,4.7,1.4,1.5,2.2,164,1,1,5.8,2.3,2.77
10189,Chinese,Chitwan,Budget,614,835,4.4,4.2,4.5,4.3,3.0,172,1,1,7.0,3.7,4.07
10190,American,Lalitpur,Budget,3444,3789,2.7,3.9,3.0,4.5,3.7,204,1,1,18.9,2.0,3.72
10191,Italian,Pokhara,Budget,1380,1868,3.6,2.1,4.2,2.8,1.1,87,1,0,4.9,3.9,2.77
10192,American,Kathmandu,Premium,2804,2128,2.8,4.4,2.5,3.9,2.5,187,0,1,6.5,1.1,3.47
10193,Japanese,Pokhara,Premium,1034,155,2.5,2.7,1.5,4.5,3.8,49,1,1,0.9,1.6,3.34
10194,Chinese,Pokhara,Budget,3955,4575,4.0,2.1,1.2,1.2,2.0,224,1,0,18.1,2.0,2.11
10195,Chinese,Chitwan,Budget,4006,3587,4.9,2.5,2.1,3.3,4.8,56,0,0,15.6,4.1,3.66
10196,Thai,Kathmandu,Mid Range,3285,202,4.8,4.3,2.0,4.4,1.1,147,1,1,17.5,1.3,3.5
10197,Italian,Kathmandu,Mid Range,1074,3898,4.2,1.6,3.2,2.6,4.8,41,1,1,5.8,1.8,3.01
10198,Indian,Kathmandu,Budget,4739,61,2.7,2.8,1.1,2.2,1.9,212,1,0,17.3,2.4,2.34
10199,Indian,Kathmandu,Mid Range,1696,2420,3.2,3.0,3.1,4.2,1.2,204,1,0,15.1,1.0,3.12
10200,American,Kathmandu,Mid Range,1244,1830,3.3,1.1,2.6,2.3,2.2,46,1,0,9.5,4.0,2.54
10201,Thai,Chitwan,Premium,2561,2974,4.4,1.8,3.3,1.0,4.1,150,1,0,11.2,3.2,2.85
10202,Nepali,Lalitpur,Budget,2767,2531,4.5,4.3,3.8,4.8,4.0,117,1,0,14.4,4.6,4.41
10203,American,Pokhara,Mid Range,912,1879,3.5,4.3,3.5,3.4,1.8,99,1,1,12.6,1.1,3.5
10204,Thai,Kathmandu,Mid Range,2473,2578,3.5,2.2,4.9,4.3,1.8,160,1,1,16.2,2.1,3.68
10205,Italian,Lalitpur,Mid Range,4295,1877,2.6,4.5,1.6,4.3,3.6,92,1,1,4.9,3.9,3.69
10206,Italian,Lalitpur,Mid Range,2925,2748,3.2,4.1,2.7,1.3,2.8,157,1,1,13.7,3.7,2.72
10207,Italian,Pokhara,Mid Range,4809,3279,3.6,2.7,2.7,1.7,4.2,248,0,0,11.5,2.0,3.01
10208,Italian,Chitwan,Budget,3305,3209,2.8,4.0,2.7,2.2,1.1,168,0,1,11.8,3.4,3.07
10209,Italian,Bhaktapur,Premium,4120,2589,3.6,4.8,3.7,2.3,3.4,195,1,0,12.0,4.2,3.74
10210,Thai,Bhaktapur,Mid Range,2190,4015,4.6,2.8,3.0,3.6,3.9,58,1,0,22.1,1.1,3.68
10211,Thai,Lalitpur,Budget,733,4945,4.0,2.0,3.1,3.5,5.0,46,1,0,20.6,3.9,3.69
10212,Chinese,Biratnagar,Mid Range,4481,250,2.7,4.8,2.7,3.0,3.7,245,1,1,15.9,2.0,3.75
10213,Indian,Biratnagar,Budget,2253,3450,3.0,3.4,5.0,1.8,1.9,42,0,0,18.1,4.8,3.19
10214,Japanese,Pokhara,Budget,2092,4641,3.7,1.4,4.7,2.5,1.4,181,0,1,1.5,3.2,3.08
10215,Italian,Bhaktapur,Premium,4605,1417,3.4,3.3,2.2,3.2,3.6,249,1,1,18.7,1.1,3.35
10216,Nepali,Lalitpur,Mid Range,259,3512,3.4,3.0,1.4,2.9,3.1,174,1,1,12.4,2.6,2.65
10217,Japanese,Chitwan,Mid Range,341,4048,3.8,4.4,4.4,1.5,4.6,91,1,1,8.3,4.9,3.72
10218,Thai,Bhaktapur,Budget,1053,92,4.0,3.1,5.0,3.6,3.9,221,1,0,3.9,3.9,3.79
10219,Nepali,Lalitpur,Mid Range,1011,3778,4.5,2.0,2.2,1.3,3.0,32,0,0,2.3,2.2,2.37
10220,Nepali,Lalitpur,Budget,1233,960,3.4,3.7,2.4,2.5,2.6,117,1,1,1.6,3.3,3.12
10221,Nepali,Kathmandu,Mid Range,799,620,4.5,3.2,4.8,3.8,2.6,84,1,1,4.5,3.4,3.63
10222,Chinese,Chitwan,Premium,4284,4679,3.3,1.9,3.8,1.1,1.9,133,1,0,1.2,1.1,2.68
10223,Thai,Kathmandu,Mid Range,3761,3615,2.6,3.3,2.2,3.3,1.1,153,1,0,18.4,1.7,2.72
10224,Nepali,Pokhara,Mid Range,786,4564,3.9,4.3,3.3,2.3,3.3,174,1,1,6.6,3.2,3.69
10225,Italian,Kathmandu,Budget,1186,3293,4.0,1.1,4.8,1.0,1.8,246,1,1,9.5,2.6,2.58
10226,American,Kathmandu,Premium,4281,2183,4.8,3.5,4.2,1.8,1.8,162,0,1,20.7,1.8,3.43
10227,Nepali,Bhaktapur,Mid Range,2298,3494,4.3,2.4,4.0,4.8,1.5,111,0,0,3.3,4.1,3.6
10228,Chinese,Biratnagar,Mid Range,4015,1532,4.8,2.2,3.9,3.1,1.8,182,1,1,21.0,3.0,3.1
10229,Japanese,Lalitpur,Mid Range,3307,2611,4.8,2.6,1.7,5.0,1.1,150,1,0,16.2,2.2,3.09
10230,Thai,Chitwan,Budget,3737,2667,4.0,2.4,4.3,3.1,3.7,49,0,1,8.9,1.6,3.33
10231,Chinese,Kathmandu,Budget,3444,2169,3.8,4.3,2.1,3.2,2.6,83,1,1,3.4,3.4,3.4
10232,Nepali,Chitwan,Mid Range,4411,2459,3.9,2.1,4.7,2.6,3.2,140,1,1,2.7,3.7,3.51
10233,Thai,Biratnagar,Budget,2580,3840,4.9,3.9,2.5,2.2,3.5,113,1,1,8.7,3.7,3.59
10234,American,Biratnagar,Budget,2029,131,4.4,1.4,4.4,2.0,4.9,92,0,1,3.9,1.9,3.19
10235,Nepali,Kathmandu,Premium,4116,4378,2.8,4.8,2.1,2.4,1.3,163,1,1,7.1,3.4,2.68
10236,Chinese,Pokhara,Mid Range,3863,1327,4.4,3.5,3.1,2.8,2.7,125,1,1,1.8,4.6,3.66
10237,Indian,Kathmandu,Mid Range,4276,4503,2.9,3.8,1.4,1.8,2.0,166,1,0,15.1,2.4,2.82
10238,Italian,Bhaktapur,Mid Range,4256,2528,3.6,2.2,3.6,1.9,2.9,31,1,0,4.1,1.8,3.02
10239,Japanese,Lalitpur,Mid Range,2161,1240,3.0,2.6,4.3,2.1,4.7,160,1,0,19.0,4.1,3.62
10240,Chinese,Pokhara,Budget,3523,1143,4.2,1.9,3.9,2.8,3.9,240,1,1,5.8,1.7,3.37
10241,Thai,Kathmandu,Budget,2293,1311,4.7,4.7,3.1,3.6,3.6,154,1,1,20.1,2.0,4.03
10242,Nepali,Chitwan,Budget,2650,4044,3.2,3.0,1.2,4.4,2.8,158,1,0,5.2,1.4,3.01
10243,Italian,Pokhara,Mid Range,4731,1920,2.7,3.5,4.7,2.1,3.7,18,1,0,18.2,2.1,3.37
10244,Nepali,Pokhara,Mid Range,1439,1515,3.2,3.9,3.8,1.7,1.1,231,1,0,8.7,2.6,2.58
10245,Thai,Kathmandu,Mid Range,1597,3195,4.2,2.5,4.0,2.5,3.3,176,1,1,14.8,1.3,3.24
10246,Nepali,Pokhara,Mid Range,3349,1926,3.3,3.9,4.2,4.6,3.2,106,1,1,1.4,4.5,4.48
10247,Indian,Chitwan,Mid Range,2093,4925,3.2,3.7,4.0,1.0,2.4,188,0,1,12.6,3.1,2.8
10248,Italian,Biratnagar,Budget,3333,3558,3.0,3.8,2.8,3.7,1.8,89,1,1,4.1,3.4,3.18
10249,Italian,Pokhara,Mid Range,3366,2767,3.7,3.0,3.9,2.9,4.2,219,0,1,12.4,2.5,3.69
10250,Thai,Biratnagar,Budget,3286,1966,3.2,2.5,3.5,1.6,1.2,173,0,1,4.0,3.7,2.97
10251,Japanese,Chitwan,Budget,3468,188,4.3,1.9,4.4,2.3,1.3,167,1,0,11.2,2.7,2.83
10252,Indian,Kathmandu,Budget,2932,906,2.7,4.3,4.2,1.9,2.8,117,1,1,3.2,4.0,3.2
10253,Chinese,Lalitpur,Mid Range,1140,1561,4.2,3.4,1.2,4.5,2.0,216,1,1,5.9,4.3,3.34
10254,Nepali,Pokhara,Mid Range,2303,501,3.1,2.8,2.5,2.9,4.0,38,1,0,15.1,3.7,3.27
10255,American,Lalitpur,Budget,375,70,3.7,4.8,1.1,3.3,3.5,79,1,1,24.4,3.0,3.2
10256,Nepali,Chitwan,Budget,926,1087,3.2,1.2,1.4,3.4,4.1,131,1,1,11.5,4.1,2.67
10257,Nepali,Pokhara,Mid Range,2987,2905,4.3,4.4,3.4,3.6,2.3,167,1,1,17.3,3.0,3.89
10258,Chinese,Biratnagar,Budget,837,4170,4.9,5.0,4.5,3.0,4.0,170,1,1,13.7,1.4,4.2
10259,Nepali,Bhaktapur,Premium,679,3693,4.8,4.5,1.5,1.1,4.4,178,1,0,12.7,1.5,3.16
10260,Indian,Lalitpur,Mid Range,3592,595,4.0,4.2,2.8,2.3,2.4,96,1,0,2.1,4.8,3.24
10261,Indian,Pokhara,Mid Range,2303,3970,3.7,2.5,4.6,1.7,2.4,20,0,1,4.0,1.9,3.12
10262,Italian,Lalitpur,Mid Range,1444,3780,4.5,1.9,4.3,3.7,4.6,80,0,0,22.1,4.3,4.07
10263,Thai,Pokhara,Budget,1676,544,4.2,3.9,3.1,1.2,1.2,81,1,0,10.5,2.0,2.41
10264,Japanese,Kathmandu,Mid Range,4924,3472,3.0,2.2,4.1,3.3,2.4,86,1,1,15.6,2.7,3.31
10265,American,Biratnagar,Mid Range,3046,4021,4.6,1.7,3.1,1.8,1.5,109,1,1,13.4,3.6,2.86
10266,Nepali,Lalitpur,Premium,3253,3408,3.6,4.1,1.6,4.8,1.1,62,0,0,9.8,1.6,3.43
10267,Nepali,Bhaktapur,Budget,2590,2165,3.0,2.3,1.5,2.3,1.5,225,1,0,10.0,3.9,2.32
10268,Chinese,Bhaktapur,Mid Range,4285,1014,3.2,4.7,1.8,2.3,2.7,84,1,1,14.1,3.8,2.87
10269,Thai,Chitwan,Mid Range,3952,2509,3.2,4.4,2.4,4.7,3.7,92,0,0,4.0,3.2,4.07
10270,Indian,Pokhara,Budget,994,336,3.8,4.4,4.7,2.7,2.2,81,1,0,10.0,3.3,3.71
10271,American,Lalitpur,Mid Range,596,4713,3.1,4.1,4.2,4.9,4.4,190,0,1,11.5,1.4,4.26
10272,Italian,Chitwan,Mid Range,4065,2716,2.8,4.5,2.7,1.1,2.8,79,1,0,24.6,2.7,2.93
10273,Indian,Lalitpur,Premium,3259,11,2.8,4.2,3.0,2.2,4.9,186,1,1,9.1,1.3,3.45
10274,Thai,Pokhara,Budget,1384,1043,4.0,3.4,2.1,3.7,4.8,236,1,1,16.3,2.2,3.54
10275,Japanese,Bhaktapur,Mid Range,376,2491,4.3,2.2,3.8,4.6,4.1,77,0,0,3.9,4.6,4.03
10276,Italian,Kathmandu,Premium,4293,134,3.3,4.6,4.2,2.0,4.7,60,1,0,2.1,3.3,4.03
10277,Japanese,Bhaktapur,Premium,3109,1114,2.6,4.4,2.0,4.7,3.8,161,1,1,21.9,4.0,3.72
10278,Chinese,Chitwan,Budget,1980,2709,2.8,2.9,1.2,3.4,4.6,206,1,1,18.4,3.3,3.28
10279,Chinese,Biratnagar,Mid Range,3929,1871,4.8,1.2,3.5,4.2,1.9,225,0,0,8.3,1.8,3.22
10280,Nepali,Kathmandu,Budget,336,2930,3.7,3.6,3.3,2.6,2.4,87,0,0,12.9,3.4,3.36
10281,Japanese,Chitwan,Premium,3027,138,3.6,1.2,2.6,1.8,4.0,85,1,1,3.8,4.0,2.67
10282,Thai,Pokhara,Mid Range,2685,447,2.6,4.7,3.6,4.6,2.7,124,1,0,17.8,1.6,4.02
10283,American,Kathmandu,Budget,2082,4856,4.3,4.8,3.2,4.7,4.3,243,0,1,2.2,4.3,4.39
10284,Italian,Chitwan,Mid Range,3074,2558,3.8,1.8,2.0,3.0,4.5,192,1,0,19.0,3.2,3.07
10285,Indian,Pokhara,Budget,998,3139,3.0,3.7,2.6,1.0,2.2,77,1,0,13.9,1.0,2.46
10286,Thai,Bhaktapur,Premium,2182,1231,2.8,1.4,2.7,1.4,4.3,55,1,1,7.3,3.1,2.54
10287,Thai,Biratnagar,Premium,1402,911,3.5,3.9,4.5,3.3,1.6,21,1,0,21.6,2.6,3.55
10288,Chinese,Pokhara,Mid Range,2031,3178,4.6,2.4,4.8,1.1,2.3,151,1,0,24.7,2.2,3.11
10289,Japanese,Lalitpur,Budget,419,4496,4.7,3.7,4.6,2.6,3.1,18,0,0,6.7,4.1,3.84
10290,Nepali,Pokhara,Mid Range,1780,3928,4.0,2.5,3.9,2.2,1.9,103,0,1,20.3,4.6,3.23
10291,Nepali,Pokhara,Budget,4555,1077,4.3,1.6,3.3,3.9,3.3,191,1,1,18.9,4.1,3.53
10292,Italian,Biratnagar,Budget,3353,36,2.8,2.6,3.8,1.2,3.3,218,1,1,18.8,4.4,2.97
10293,Chinese,Lalitpur,Premium,1724,557,4.0,1.5,4.8,3.0,1.8,148,1,1,24.0,4.6,3.2
10294,Thai,Chitwan,Budget,3042,2678,4.2,3.3,2.0,3.3,4.2,96,1,1,12.4,4.7,3.9
10295,American,Chitwan,Mid Range,1845,576,3.0,1.2,3.1,3.5,3.5,246,1,1,17.0,1.5,3.02
10296,Chinese,Pokhara,Premium,3408,713,4.7,3.1,3.8,2.6,2.3,35,1,0,20.7,2.8,3.54
10297,Italian,Lalitpur,Budget,3412,4290,3.0,4.5,3.7,2.2,1.9,157,1,0,12.2,1.0,3.21
10298,Italian,Lalitpur,Budget,1595,3150,3.3,4.4,2.0,3.7,4.5,142,1,0,12.3,3.0,3.57
10299,Chinese,Biratnagar,Premium,369,1600,4.1,4.5,3.3,4.4,4.3,209,1,0,8.3,4.7,4.3
10300,Italian,Bhaktapur,Budget,202,4953,4.1,4.7,4.2,3.8,1.9,208,1,0,19.6,1.8,3.94
10301,Chinese,Chitwan,Mid Range,1907,4704,4.2,1.4,2.9,4.7,1.1,198,1,0,17.3,3.6,2.87
10302,Indian,Biratnagar,Premium,1816,815,2.8,1.5,4.2,3.9,4.2,119,1,1,11.6,3.6,3.77
10303,Chinese,Kathmandu,Premium,2935,3801,4.6,3.2,2.4,4.1,3.5,118,0,1,10.8,1.6,3.81
10304,Japanese,Chitwan,Mid Range,869,1367,3.8,4.6,4.8,1.7,1.4,82,0,0,2.3,2.0,3.14
10305,Chinese,Biratnagar,Budget,555,3235,3.7,4.9,3.1,2.7,3.3,174,1,0,0.7,2.8,3.61
10306,Italian,Chitwan,Budget,2444,3628,5.0,1.2,3.4,2.9,2.8,208,1,0,13.5,1.8,3.26
10307,Japanese,Bhaktapur,Premium,221,2136,4.4,2.4,1.1,2.0,4.1,124,0,0,10.7,3.3,2.82
10308,Italian,Kathmandu,Premium,2203,2470,2.8,1.9,1.7,3.1,1.8,171,1,0,20.0,2.9,2.42
10309,Nepali,Bhaktapur,Mid Range,1379,555,4.4,4.0,3.5,2.2,2.8,80,1,1,13.8,3.1,3.4
10310,Nepali,Kathmandu,Budget,1717,2738,2.7,3.6,2.7,3.8,1.6,176,1,0,23.4,1.5,3.17
10311,Japanese,Pokhara,Budget,3832,3744,2.6,1.5,3.0,2.9,4.8,41,1,0,5.3,3.1,3.36
10312,Indian,Biratnagar,Budget,3103,2572,3.5,2.9,1.3,2.8,4.1,74,1,0,24.8,1.2,3.07
10313,Nepali,Kathmandu,Mid Range,4632,2089,5.0,3.7,4.3,4.9,3.9,132,0,1,7.8,4.5,4.67
10314,Chinese,Bhaktapur,Mid Range,848,2651,2.9,4.1,4.1,2.6,3.8,181,1,1,16.2,2.4,3.43
10315,Italian,Chitwan,Premium,976,3124,4.2,1.1,1.7,2.4,2.7,58,1,1,12.8,4.4,2.62
10316,Nepali,Kathmandu,Mid Range,498,1936,2.9,4.6,3.5,2.3,4.7,244,0,1,9.3,3.8,3.71
10317,Nepali,Biratnagar,Budget,4058,626,4.3,3.3,4.3,4.6,1.3,224,1,0,3.9,4.1,3.73
10318,Indian,Kathmandu,Mid Range,457,3654,3.8,4.2,3.6,3.0,4.2,50,1,0,3.8,2.3,3.67
10319,Japanese,Lalitpur,Mid Range,3566,1213,4.2,4.2,2.2,3.4,1.9,33,1,1,17.9,1.9,3.21
10320,Japanese,Chitwan,Mid Range,2484,1769,3.0,1.8,3.6,1.7,2.3,105,1,1,9.8,2.6,2.42
10321,Thai,Biratnagar,Mid Range,4970,2575,4.4,1.4,1.8,3.2,3.1,59,1,0,24.1,1.1,2.9
10322,Indian,Biratnagar,Premium,2959,3184,5.0,3.9,2.3,2.1,4.1,226,1,0,8.5,4.7,3.66
10323,Chinese,Pokhara,Premium,3708,3091,4.2,1.6,2.0,3.9,4.4,163,0,1,24.6,2.5,3.44
10324,Japanese,Bhaktapur,Budget,4628,2640,3.7,4.4,3.2,4.3,3.3,165,1,0,5.5,5.0,3.96
10325,Italian,Pokhara,Budget,3627,3171,4.8,3.9,1.4,3.9,2.6,236,1,1,3.0,4.0,3.86
10326,Indian,Biratnagar,Mid Range,4770,4331,2.5,4.4,4.7,3.9,4.8,231,0,1,8.2,1.3,4.15
10327,Nepali,Chitwan,Budget,2836,679,4.3,2.2,2.3,3.0,2.0,237,1,0,22.2,3.6,3.08
10328,Italian,Kathmandu,Budget,3135,3178,4.7,2.3,1.9,3.8,4.2,169,1,1,13.3,2.1,3.57
10329,Italian,Kathmandu,Budget,425,2131,2.7,3.7,3.0,2.7,3.4,112,1,1,3.8,2.0,3.13
10330,Nepali,Chitwan,Mid Range,2697,4088,3.6,1.1,2.1,3.6,2.5,214,0,0,5.5,2.0,2.52
10331,Indian,Biratnagar,Budget,2914,4161,3.0,3.9,3.1,2.0,1.0,33,1,0,8.1,4.7,3.11
10332,Nepali,Kathmandu,Mid Range,486,729,3.9,4.3,2.4,1.3,2.8,55,0,0,15.0,3.0,2.92
10333,Thai,Kathmandu,Premium,2123,2610,4.1,2.7,1.5,2.7,2.1,40,1,1,8.6,3.7,2.94
10334,Italian,Kathmandu,Budget,3129,3608,3.3,4.1,2.1,2.8,1.4,42,1,1,18.8,2.1,3.18
10335,American,Bhaktapur,Budget,4726,4679,3.6,1.7,2.8,2.0,1.3,78,1,1,15.6,3.1,2.94
10336,American,Bhaktapur,Budget,4118,676,3.2,2.3,1.1,3.9,2.4,82,1,0,21.9,2.4,2.72
10337,Chinese,Lalitpur,Premium,1060,293,3.4,4.9,4.1,1.3,3.5,237,0,1,12.8,2.3,3.23
10338,Japanese,Pokhara,Budget,2146,3913,2.9,4.9,3.5,1.9,4.4,94,1,1,8.6,2.0,3.46
10339,Nepali,Chitwan,Mid Range,3279,3575,4.7,3.1,3.4,4.0,1.7,65,1,1,24.9,2.6,3.58
10340,Nepali,Chitwan,Budget,4354,2244,2.5,4.7,3.2,2.7,2.7,216,1,0,9.2,3.6,3.61
10341,Chinese,Chitwan,Mid Range,3907,4603,4.7,3.1,3.4,3.8,2.6,116,1,0,11.0,1.9,3.6
10342,Chinese,Lalitpur,Mid Range,477,1475,3.9,2.2,4.7,3.3,3.1,190,0,1,20.3,4.9,3.56
10343,Chinese,Bhaktapur,Mid Range,1949,139,3.3,2.1,1.0,4.8,4.2,24,1,1,2.7,1.5,2.86
10344,Italian,Biratnagar,Premium,464,4744,4.3,4.7,1.2,3.4,3.2,215,0,1,10.0,2.9,3.55
10345,Thai,Biratnagar,Budget,3695,2070,3.8,1.7,1.8,1.1,4.4,181,1,0,2.6,1.3,2.51
10346,Nepali,Lalitpur,Premium,1284,3682,3.7,3.3,1.7,2.4,3.1,114,1,1,3.9,1.1,2.98
10347,Italian,Biratnagar,Budget,2896,2504,2.8,3.2,1.7,1.6,3.4,136,1,1,0.6,4.7,2.8
10348,Chinese,Chitwan,Premium,1670,1002,3.5,4.0,3.7,4.7,2.7,242,1,1,0.7,4.2,3.62
10349,Nepali,Pokhara,Mid Range,305,2131,3.1,3.0,2.8,1.4,4.3,161,1,0,9.8,3.8,2.93
10350,Italian,Kathmandu,Premium,1874,2594,2.5,2.1,5.0,2.6,4.7,78,1,1,20.3,4.5,3.44
10351,Thai,Bhaktapur,Budget,3493,4206,3.4,1.7,1.9,1.9,3.6,138,1,1,14.9,4.2,2.81
10352,Italian,Bhaktapur,Budget,1036,2233,2.7,3.5,2.2,4.4,4.3,33,1,1,16.1,3.6,3.51
10353,Thai,Lalitpur,Mid Range,3223,4532,3.1,3.9,4.9,2.2,1.2,90,1,1,13.2,4.4,3.7
10354,Chinese,Bhaktapur,Mid Range,2955,3198,2.7,3.3,4.3,5.0,4.6,76,1,1,20.6,2.6,4.66
10355,Thai,Chitwan,Budget,871,3247,2.8,4.0,2.9,1.2,1.8,155,1,1,22.1,3.2,2.68
10356,Nepali,Biratnagar,Mid Range,1062,4146,3.0,1.6,3.2,1.5,2.0,39,0,0,21.3,4.1,2.54
10357,Chinese,Chitwan,Budget,3507,4534,5.0,4.5,4.4,1.9,1.2,242,0,1,20.4,1.3,3.24
10358,Nepali,Lalitpur,Mid Range,1020,353,2.5,3.3,2.9,4.2,4.9,103,1,1,5.0,4.4,3.39
10359,American,Chitwan,Premium,4258,4471,4.1,1.5,1.8,4.5,4.4,106,1,0,15.0,1.6,3.58
10360,Indian,Biratnagar,Mid Range,647,4714,2.9,2.8,4.3,1.3,4.7,56,1,0,14.8,4.5,3.32
10361,Thai,Pokhara,Budget,1906,4833,4.8,4.4,3.2,1.1,4.4,131,1,0,13.4,2.2,3.62
10362,Indian,Lalitpur,Mid Range,1267,2286,2.7,4.6,1.6,4.0,2.9,53,0,1,12.3,2.3,3.17
10363,Indian,Pokhara,Budget,3559,4930,4.9,2.1,3.0,1.5,4.7,172,1,0,2.7,1.3,3.29
10364,Thai,Kathmandu,Premium,2978,3211,4.0,3.8,2.7,1.5,4.9,147,1,1,3.0,4.5,3.06
10365,Chinese,Pokhara,Budget,1797,898,2.5,1.4,4.5,1.1,3.0,95,1,1,22.6,1.7,2.5
10366,American,Kathmandu,Mid Range,3133,2053,4.7,1.1,1.5,1.2,1.7,160,0,1,15.9,3.5,2.3
10367,Nepali,Kathmandu,Premium,292,1351,3.8,3.2,4.5,2.1,3.6,121,0,0,6.9,3.6,3.65
10368,Italian,Pokhara,Premium,2911,3730,3.2,3.8,3.0,1.3,4.9,125,1,1,7.3,2.1,3.24
10369,Nepali,Lalitpur,Mid Range,3585,2893,4.4,4.2,2.6,2.5,4.5,35,1,1,15.4,4.9,3.91
10370,Italian,Biratnagar,Premium,4810,4222,4.8,2.4,1.6,4.3,4.4,228,1,0,10.5,1.3,3.59
10371,Nepali,Chitwan,Premium,2581,2425,3.7,1.0,3.8,2.3,4.7,245,0,1,11.3,3.4,3.28
10372,Thai,Chitwan,Mid Range,4662,1127,3.3,2.9,4.7,3.9,4.6,64,1,1,2.0,2.9,3.95
10373,American,Biratnagar,Mid Range,1998,4273,4.5,1.1,2.5,1.4,4.1,135,1,0,3.9,2.0,3.02
10374,Italian,Kathmandu,Mid Range,2846,3011,4.2,1.4,2.0,3.6,3.9,148,0,1,10.1,1.7,3.1
10375,Japanese,Kathmandu,Mid Range,1867,1748,4.7,2.3,3.2,2.3,2.1,64,1,0,17.6,3.9,3.05
10376,Chinese,Lalitpur,Mid Range,3222,1374,4.2,2.7,4.2,4.0,3.5,222,1,1,1.7,4.7,4.02
10377,Nepali,Bhaktapur,Mid Range,1217,2718,3.1,2.1,1.0,1.5,3.1,208,1,1,8.7,1.4,2.26
10378,Nepali,Pokhara,Budget,2936,4800,4.8,3.3,3.5,4.6,4.4,129,1,0,17.5,1.8,4.25
10379,Italian,Kathmandu,Budget,3941,934,2.8,1.2,3.4,2.0,3.0,15,1,1,19.9,4.9,2.87
10380,Chinese,Chitwan,Budget,1438,161,3.2,1.6,2.3,2.4,1.5,199,1,1,5.2,1.1,2.07
10381,Chinese,Lalitpur,Budget,4021,595,3.8,3.8,2.8,4.8,1.0,44,1,1,18.4,3.0,3.61
10382,Thai,Pokhara,Budget,1956,922,3.9,1.6,2.0,3.3,3.7,200,1,0,23.9,3.1,3.14
10383,Japanese,Lalitpur,Mid Range,1654,2331,2.5,3.6,4.2,2.5,3.2,121,1,0,22.7,2.1,3.28
10384,Thai,Pokhara,Budget,3458,505,4.5,1.2,3.5,4.8,2.3,194,1,0,19.8,3.7,3.51
10385,Thai,Pokhara,Premium,3101,3805,3.4,2.6,3.1,2.3,1.7,179,1,1,18.0,4.8,2.9
10386,Thai,Biratnagar,Budget,221,2158,3.5,1.7,2.6,1.4,2.9,62,0,0,6.3,2.8,2.19
10387,Thai,Kathmandu,Budget,1840,566,4.5,1.4,2.2,5.0,1.4,101,1,1,16.0,4.0,3.25
10388,Thai,Lalitpur,Mid Range,1494,1562,3.4,3.3,4.3,2.1,2.3,143,1,1,16.3,3.6,3.15
10389,American,Lalitpur,Mid Range,3453,2130,2.6,4.7,2.8,4.4,2.5,33,1,1,10.5,2.9,3.75
10390,Chinese,Biratnagar,Budget,3263,3095,2.9,1.2,3.0,1.7,2.9,60,1,1,12.6,1.2,2.48
10391,Thai,Chitwan,Premium,1032,3514,4.9,2.7,3.1,3.9,2.9,209,1,1,17.5,4.0,3.8
10392,Chinese,Chitwan,Premium,4384,166,2.7,3.8,2.8,3.1,2.0,144,1,1,23.8,2.5,2.9
10393,Chinese,Kathmandu,Budget,2812,744,3.4,2.9,2.0,4.9,4.4,70,1,0,7.7,1.9,3.43
10394,Indian,Kathmandu,Budget,1654,4664,3.8,4.2,1.5,3.2,2.4,243,1,0,6.5,4.8,3.13
10395,American,Bhaktapur,Premium,2613,3286,3.7,1.7,1.4,1.1,1.9,159,1,0,15.2,4.1,2.38
10396,Thai,Biratnagar,Mid Range,2703,164,2.5,4.8,4.0,3.4,1.7,106,1,1,3.7,4.8,3.56
10397,Nepali,Chitwan,Mid Range,882,1006,3.8,2.5,1.9,1.6,2.3,96,1,0,14.8,2.0,2.38
10398,Italian,Pokhara,Premium,1898,2304,3.5,2.4,1.2,4.2,1.3,239,1,1,2.7,4.3,2.73
10399,Japanese,Lalitpur,Budget,4074,4636,4.9,4.5,4.2,4.4,1.1,93,1,0,12.5,3.4,4.27
10400,Nepali,Kathmandu,Mid Range,573,2915,2.9,3.3,1.6,2.9,3.4,164,1,0,15.7,4.9,2.92
10401,American,Lalitpur,Budget,3628,4834,3.4,3.1,3.5,4.1,3.5,119,1,1,2.2,4.8,3.97
10402,Italian,Lalitpur,Mid Range,1741,1187,3.5,3.9,2.4,1.6,3.1,41,1,0,5.6,4.9,2.93
10403,American,Bhaktapur,Mid Range,4635,163,3.5,3.3,1.5,3.0,4.0,69,0,1,8.7,4.8,3.44
10404,Chinese,Chitwan,Mid Range,4587,4197,4.2,1.7,2.7,2.6,1.2,243,1,1,9.5,1.0,2.61
10405,Italian,Kathmandu,Budget,4859,1726,3.0,3.7,1.1,3.4,4.7,174,1,1,17.1,4.0,3.43
10406,Chinese,Lalitpur,Budget,642,3212,3.1,1.5,4.4,1.2,1.4,74,1,0,13.5,2.1,2.3
10407,Nepali,Kathmandu,Mid Range,341,2867,4.3,4.2,3.1,4.0,3.7,123,1,1,9.9,3.8,4.18
10408,Nepali,Pokhara,Mid Range,648,796,3.8,5.0,1.6,1.3,1.5,225,1,0,11.5,4.9,2.7
10409,Italian,Bhaktapur,Mid Range,1406,4378,3.5,2.5,1.9,3.6,4.5,170,1,1,0.8,1.2,3.08
10410,Italian,Pokhara,Budget,2118,4282,2.9,2.8,2.8,1.1,3.0,170,1,0,19.4,3.3,2.59
10411,Thai,Kathmandu,Premium,4472,3777,3.0,1.2,1.8,4.3,1.3,134,1,0,1.5,3.9,2.84
10412,American,Kathmandu,Budget,2336,2888,2.5,1.1,2.1,1.7,3.5,216,0,1,20.8,2.0,2.09
10413,Thai,Chitwan,Premium,966,652,2.7,4.7,3.1,3.1,1.0,226,1,1,13.8,1.9,3.0
10414,American,Lalitpur,Budget,3370,4672,3.9,1.5,4.3,2.0,4.1,167,1,1,13.4,1.2,3.17
10415,Thai,Lalitpur,Mid Range,1623,675,4.7,2.8,2.6,3.9,3.6,99,1,1,17.8,1.4,3.51
10416,Chinese,Pokhara,Budget,1236,3436,3.2,4.3,3.9,2.3,1.9,220,1,1,21.6,3.6,3.36
10417,Italian,Bhaktapur,Premium,4349,3793,3.3,4.6,4.5,3.9,2.5,100,1,1,23.6,3.0,4.12
10418,Nepali,Biratnagar,Mid Range,2024,3711,2.8,3.1,1.9,2.1,1.0,131,1,1,13.8,1.1,2.34
10419,American,Lalitpur,Budget,1020,1079,3.5,3.3,4.2,4.0,3.8,168,0,1,4.2,4.9,3.89
10420,American,Chitwan,Budget,4913,2359,2.6,3.7,4.0,1.1,2.3,122,1,1,22.0,3.6,3.32
10421,Nepali,Pokhara,Budget,2192,4513,4.8,4.8,2.4,2.1,3.3,89,1,1,1.5,3.1,3.71
10422,Thai,Pokhara,Budget,422,1222,4.2,3.4,5.0,3.0,4.8,133,1,0,20.3,2.1,3.97
10423,American,Biratnagar,Premium,1179,1162,5.0,3.2,2.1,1.2,2.2,213,1,1,17.2,3.6,2.88
10424,Japanese,Chitwan,Mid Range,3368,2521,4.7,1.1,2.0,1.7,5.0,159,1,0,22.7,2.5,3.09
10425,Chinese,Bhaktapur,Mid Range,4219,153,3.7,1.3,4.1,4.7,3.5,224,1,0,22.5,3.8,3.72
10426,Italian,Chitwan,Mid Range,1201,2499,3.8,3.3,2.7,4.9,2.0,21,1,0,1.8,3.7,3.52
10427,Nepali,Bhaktapur,Mid Range,4183,3238,3.0,4.7,2.3,4.0,2.7,198,1,1,15.4,1.4,3.68
10428,Italian,Chitwan,Budget,1723,4592,3.7,4.5,1.7,2.0,4.0,206,1,1,3.6,4.6,3.18
10429,Japanese,Chitwan,Budget,3340,4965,4.8,4.9,4.1,2.0,2.8,162,1,1,2.4,2.9,3.79
10430,American,Kathmandu,Mid Range,4538,3215,2.6,3.1,4.1,3.6,1.3,180,0,1,11.5,2.6,3.29
10431,American,Pokhara,Premium,3947,4253,4.7,4.2,3.3,1.5,1.7,89,0,1,2.9,4.8,3.26
10432,Japanese,Chitwan,Budget,3439,3152,3.4,4.4,4.8,4.8,4.2,250,0,1,18.3,2.8,4.52
10433,Nepali,Biratnagar,Budget,3897,3314,4.7,3.6,2.3,1.9,3.6,72,0,1,24.2,3.9,3.5
10434,Chinese,Chitwan,Mid Range,2255,1367,4.9,2.4,1.9,5.0,3.3,30,0,1,14.5,3.6,3.69
10435,Indian,Lalitpur,Premium,457,2723,4.2,2.9,3.7,3.0,1.7,193,1,0,6.3,1.7,3.23
10436,Nepali,Pokhara,Budget,3509,4195,4.2,4.4,4.0,4.1,4.4,41,0,0,21.2,5.0,4.9
10437,Indian,Lalitpur,Mid Range,3326,1367,3.6,2.2,1.9,1.0,4.8,65,1,1,21.4,2.9,2.7
10438,Japanese,Pokhara,Premium,1401,4304,4.6,4.7,1.3,4.6,1.2,89,1,1,18.5,2.6,3.57
10439,Thai,Lalitpur,Budget,2897,4643,4.9,1.9,4.2,2.1,1.3,158,1,0,15.6,4.7,3.29
10440,Indian,Chitwan,Budget,1667,3202,4.4,4.0,4.9,3.7,4.5,101,0,0,21.8,3.1,4.57
10441,Chinese,Chitwan,Mid Range,1528,310,4.1,3.5,3.6,4.2,4.3,202,1,1,4.5,3.8,4.03
10442,Thai,Kathmandu,Premium,2111,733,4.0,4.0,2.1,1.7,3.5,137,1,1,23.3,4.4,3.0
10443,Indian,Biratnagar,Budget,4455,3020,4.6,2.7,5.0,2.8,4.8,90,0,1,23.7,1.9,4.04
10444,Japanese,Lalitpur,Mid Range,3013,77,3.9,4.7,4.6,3.0,3.6,54,1,1,21.9,1.7,4.03
10445,Thai,Bhaktapur,Mid Range,2806,3846,4.5,3.5,3.1,2.2,1.9,81,1,1,6.6,1.3,3.03
10446,Japanese,Kathmandu,Mid Range,2644,4003,3.8,2.2,4.3,2.9,3.9,144,1,1,21.5,4.6,3.5
10447,Indian,Lalitpur,Mid Range,4717,2516,2.7,3.6,4.3,2.3,3.6,116,1,1,12.7,1.8,3.37
10448,Japanese,Lalitpur,Mid Range,4155,1547,3.5,2.1,4.7,2.4,4.9,190,1,0,15.1,2.2,3.5
10449,Chinese,Kathmandu,Mid Range,3713,407,3.6,2.2,4.4,3.7,1.9,194,1,1,21.1,2.1,3.26
10450,Indian,Chitwan,Mid Range,1072,4725,2.9,2.6,3.6,3.5,3.4,166,1,1,1.2,2.2,3.71
10451,Indian,Lalitpur,Mid Range,4382,3367,2.8,4.4,3.4,1.9,4.1,107,0,0,9.4,3.7,3.55
10452,Indian,Chitwan,Mid Range,4612,1173,3.8,3.0,2.9,4.6,2.4,124,1,0,20.5,4.8,3.76
10453,Nepali,Kathmandu,Premium,3109,4835,2.7,3.7,3.5,4.5,2.5,240,0,1,20.4,2.3,3.89
10454,Nepali,Chitwan,Budget,333,565,3.3,2.6,4.2,3.0,4.6,226,0,1,21.3,2.6,3.81
10455,Nepali,Pokhara,Premium,3508,3671,4.4,2.1,4.9,2.7,2.6,96,1,1,4.6,4.1,3.64
10456,Chinese,Bhaktapur,Premium,1548,1761,4.9,4.8,2.9,2.5,3.5,92,1,0,17.8,2.7,3.86
10457,Thai,Lalitpur,Budget,2946,2951,4.3,3.4,3.3,3.8,4.6,224,0,1,4.1,4.7,3.96
10458,Japanese,Biratnagar,Mid Range,686,2667,5.0,4.7,2.8,3.7,1.8,16,1,0,19.7,3.0,3.58
10459,American,Bhaktapur,Mid Range,1423,2805,4.2,1.8,3.7,1.8,4.9,79,1,1,6.5,2.4,3.38
10460,Indian,Chitwan,Budget,3117,2339,3.2,1.6,3.5,3.7,3.8,34,1,1,18.6,4.9,3.63
10461,Japanese,Lalitpur,Mid Range,3199,1969,4.2,4.4,1.1,2.0,3.0,48,0,1,11.6,2.7,3.13
10462,Indian,Chitwan,Budget,1246,1611,4.3,3.7,3.2,1.1,2.7,55,1,1,24.7,1.9,3.03
10463,Chinese,Pokhara,Budget,1455,2803,3.4,1.7,1.4,3.8,4.8,183,1,1,14.7,1.7,3.0
10464,Indian,Kathmandu,Premium,1065,1490,2.5,2.1,1.1,3.6,1.8,217,1,1,16.0,5.0,2.47
10465,Nepali,Lalitpur,Budget,3231,1112,4.3,4.2,4.2,2.6,2.2,233,0,1,9.5,4.0,3.81
10466,American,Pokhara,Premium,4397,3286,2.6,2.8,2.0,3.1,2.2,37,1,0,18.5,2.6,2.81
10467,Italian,Pokhara,Mid Range,1178,1309,4.1,3.7,2.4,4.8,2.2,52,1,1,12.6,4.3,3.68
10468,Indian,Lalitpur,Premium,2127,3889,2.9,2.3,1.3,3.4,2.9,186,1,1,0.9,3.2,2.66
10469,Japanese,Chitwan,Mid Range,3504,1545,3.9,2.5,1.7,3.6,5.0,81,1,1,15.4,2.3,3.42
10470,Nepali,Biratnagar,Budget,2661,87,3.8,5.0,4.1,1.3,4.6,76,0,1,20.8,4.0,3.6
10471,Italian,Pokhara,Mid Range,420,2841,2.5,2.0,3.0,1.7,2.3,154,1,1,6.3,4.0,2.44
10472,American,Bhaktapur,Budget,1336,3420,3.4,3.0,4.5,2.2,2.7,44,0,0,5.9,3.0,3.18
10473,Italian,Pokhara,Mid Range,4705,2731,4.0,4.4,2.6,3.2,3.7,237,1,0,15.4,1.2,3.46
10474,Nepali,Biratnagar,Premium,4350,3637,4.6,2.0,2.1,4.1,1.1,101,1,1,20.5,1.3,3.23
10475,Thai,Chitwan,Budget,3914,1542,4.7,2.7,2.4,2.3,4.3,207,1,1,6.6,4.2,3.47
10476,Thai,Chitwan,Mid Range,2548,247,3.7,3.5,3.9,2.4,4.5,183,1,0,23.3,4.3,3.71
10477,Italian,Bhaktapur,Mid Range,4679,2006,4.3,2.9,3.2,2.0,4.4,162,0,1,23.2,3.7,3.39
10478,Chinese,Pokhara,Premium,4385,3437,3.3,2.8,4.6,2.0,2.5,132,1,0,5.4,4.4,3.16
10479,Japanese,Chitwan,Mid Range,4332,287,3.4,2.5,3.4,4.8,2.8,20,1,1,7.0,3.9,4.02
10480,Japanese,Biratnagar,Budget,1861,3099,3.0,3.3,3.0,3.5,1.0,89,0,1,17.7,4.6,2.73
10481,Italian,Lalitpur,Mid Range,2380,533,3.9,3.5,4.1,1.6,2.6,241,1,1,23.8,1.6,3.02
10482,Indian,Kathmandu,Budget,278,4285,3.3,3.6,4.8,3.9,2.8,146,0,1,17.9,2.6,4.19
10483,Indian,Kathmandu,Mid Range,1419,4228,2.7,1.3,2.4,3.9,4.6,107,1,0,11.4,2.9,3.55
10484,Japanese,Kathmandu,Premium,3822,3132,4.2,3.5,2.0,3.7,4.6,24,1,0,4.6,2.2,3.95
10485,Japanese,Pokhara,Mid Range,1751,4585,4.3,4.8,3.5,1.5,4.9,65,0,1,11.8,3.9,3.91
10486,Thai,Bhaktapur,Premium,4915,1807,3.4,3.2,3.0,2.6,4.5,107,1,0,15.4,4.6,3.49
10487,Chinese,Chitwan,Budget,4120,2141,2.7,3.9,5.0,1.4,1.0,52,1,1,8.6,2.6,2.77
10488,Nepali,Lalitpur,Mid Range,4394,825,3.6,3.2,2.8,4.3,3.6,143,1,1,13.0,4.8,3.86
10489,Indian,Biratnagar,Premium,777,2704,3.6,4.4,1.3,3.6,1.3,246,1,0,3.7,3.1,2.85
10490,Japanese,Lalitpur,Budget,3947,452,4.2,4.7,4.9,3.0,2.1,150,1,1,11.6,3.1,4.15
10491,Thai,Biratnagar,Premium,2194,3150,3.3,1.7,4.4,2.4,3.3,116,1,0,2.7,3.4,2.88
10492,American,Pokhara,Budget,3702,152,4.2,2.7,1.7,1.7,3.8,95,1,0,1.7,2.1,2.8
10493,Thai,Kathmandu,Mid Range,2491,4297,4.7,2.6,4.6,1.4,3.6,97,1,1,21.5,2.5,3.65
10494,Indian,Pokhara,Premium,3364,1420,3.1,2.6,2.4,4.9,1.2,205,1,1,5.5,3.2,3.32
10495,Indian,Bhaktapur,Mid Range,399,4483,4.9,1.5,2.5,1.8,1.4,175,0,1,14.6,4.8,2.76
10496,Thai,Bhaktapur,Budget,3075,544,3.5,4.3,4.6,1.2,1.5,157,1,0,4.2,3.6,3.15
10497,Nepali,Biratnagar,Mid Range,1124,1726,3.2,1.1,3.1,4.8,1.4,45,1,1,6.9,2.3,2.97
10498,Italian,Chitwan,Mid Range,1475,3374,3.6,3.1,1.6,3.2,1.7,35,1,0,9.4,1.0,2.89
10499,Indian,Chitwan,Premium,1133,1042,2.7,3.6,2.5,4.2,3.8,145,1,0,4.0,4.9,3.55
10500,Thai,Biratnagar,Mid Range,1038,3352,2.8,1.8,3.9,1.2,4.3,140,1,1,1.6,3.0,2.87
10501,Japanese,Bhaktapur,Budget,3087,1420,3.5,4.6,1.7,3.3,2.6,208,1,1,22.0,4.8,3.43
10502,Thai,Bhaktapur,Mid Range,2267,4510,4.4,4.4,3.4,2.6,3.8,49,1,0,0.8,3.2,3.72
10503,Chinese,Bhaktapur,Mid Range,2822,1182,4.8,2.9,3.8,4.1,1.8,183,1,1,2.0,3.4,3.43
10504,Italian,Pokhara,Mid Range,1476,898,4.2,2.6,2.4,1.2,4.9,201,1,1,20.2,3.8,2.87
10505,American,Bhaktapur,Mid Range,620,3348,2.8,1.9,3.8,2.6,2.4,158,1,0,7.4,2.3,2.76
10506,Nepali,Lalitpur,Premium,2137,4527,4.2,3.9,4.5,4.2,4.4,198,0,0,18.2,3.8,4.43
10507,American,Kathmandu,Mid Range,240,1651,4.1,1.5,2.9,3.1,4.8,59,1,1,4.1,3.1,3.1
10508,Italian,Bhaktapur,Mid Range,679,481,4.5,3.7,2.5,3.2,4.5,73,1,1,6.3,3.7,3.46
10509,Italian,Biratnagar,Budget,4906,2950,4.6,4.4,2.0,1.4,1.3,192,1,0,14.5,4.3,2.96
10510,Italian,Kathmandu,Budget,4209,556,4.7,1.9,3.4,1.5,3.6,227,0,1,24.7,1.7,3.23
10511,American,Pokhara,Budget,4984,4736,3.5,4.5,4.5,3.7,1.5,26,0,0,2.3,3.5,3.57
10512,Japanese,Biratnagar,Budget,2923,3607,4.2,1.1,2.3,3.7,1.0,234,1,1,10.3,1.2,2.58
10513,Italian,Kathmandu,Mid Range,1836,2835,3.2,4.7,2.6,4.9,1.2,154,1,1,1.6,1.4,3.51
10514,Thai,Biratnagar,Mid Range,341,3733,5.0,1.5,2.6,3.8,4.7,47,1,1,5.4,3.7,3.77
10515,American,Pokhara,Mid Range,2136,373,2.9,3.6,3.2,3.0,4.6,226,1,1,22.7,1.3,3.81
10516,Italian,Lalitpur,Premium,3773,2176,2.5,2.0,1.9,4.4,1.9,246,1,0,2.9,3.4,2.83
10517,Thai,Pokhara,Premium,2335,3319,2.9,4.3,4.3,1.4,3.2,191,1,0,21.5,1.9,3.28
10518,Japanese,Pokhara,Premium,4590,555,4.4,3.0,2.2,2.8,4.8,35,1,0,4.9,2.2,3.43
10519,Chinese,Biratnagar,Mid Range,1158,3250,3.6,1.5,3.8,2.1,3.0,74,1,1,21.6,1.5,2.96
10520,Japanese,Chitwan,Mid Range,3933,4739,3.6,3.3,3.1,1.4,2.6,66,0,1,13.7,2.0,2.99
10521,Italian,Bhaktapur,Mid Range,4448,1946,4.9,2.6,3.3,4.1,2.9,196,1,0,22.0,4.3,3.91
10522,American,Bhaktapur,Budget,4818,972,4.8,3.6,1.7,3.0,4.2,181,1,1,4.2,3.6,3.35
10523,Indian,Lalitpur,Mid Range,4437,3015,3.3,4.5,3.9,3.2,2.9,247,1,1,19.2,4.8,3.68
10524,Italian,Lalitpur,Premium,2202,3816,3.0,2.6,1.8,2.6,4.1,191,0,1,17.2,1.2,3.04
10525,Indian,Bhaktapur,Premium,3458,892,4.6,2.2,1.5,2.8,2.7,137,1,0,13.8,4.2,2.92
10526,Thai,Chitwan,Budget,1866,3850,4.8,1.1,3.2,1.5,2.0,120,1,0,20.4,3.8,2.87
10527,Chinese,Bhaktapur,Mid Range,460,880,3.9,3.3,3.8,3.7,2.3,206,1,0,16.4,2.0,3.48
10528,Nepali,Chitwan,Premium,4688,4621,4.1,2.6,1.2,2.7,1.3,114,0,1,22.0,3.9,2.61
10529,Japanese,Lalitpur,Budget,1410,2995,3.1,2.5,1.3,4.3,3.0,228,1,1,9.8,3.9,3.32
10530,Chinese,Kathmandu,Mid Range,4082,875,4.5,1.7,4.2,1.8,1.6,168,0,1,15.0,2.8,2.95
10531,Italian,Biratnagar,Premium,3418,4319,4.1,2.7,4.2,1.8,4.2,85,1,1,21.8,3.8,3.52
10532,Indian,Lalitpur,Mid Range,734,3213,3.8,4.9,2.0,3.6,2.7,149,1,1,5.8,2.8,3.39
10533,Japanese,Lalitpur,Budget,2949,2907,2.7,2.2,3.5,4.4,4.1,214,0,0,12.4,2.3,3.42
10534,Indian,Pokhara,Mid Range,509,2254,4.8,3.4,2.8,2.9,4.8,76,1,0,24.0,2.9,3.79
10535,American,Pokhara,Premium,3016,28,4.0,4.1,3.5,3.9,4.4,232,0,1,12.1,4.6,4.08
10536,Indian,Pokhara,Mid Range,2161,651,3.0,4.0,4.5,5.0,4.8,102,1,0,6.7,2.5,4.62
10537,American,Biratnagar,Budget,4156,3093,4.0,2.3,1.3,5.0,3.3,38,1,1,9.1,2.6,3.55
10538,Thai,Pokhara,Mid Range,1775,339,4.2,3.4,4.1,4.0,1.7,54,1,1,22.2,3.4,3.98
10539,Japanese,Chitwan,Mid Range,2914,875,3.8,4.5,3.0,4.0,4.7,90,1,1,23.9,4.0,4.03
10540,Japanese,Bhaktapur,Mid Range,1040,783,4.3,1.1,3.3,2.0,4.5,189,1,0,23.8,3.9,3.05
10541,Nepali,Kathmandu,Mid Range,881,4497,4.0,2.7,3.6,4.3,4.5,150,0,0,17.6,1.1,4.03
10542,Italian,Lalitpur,Budget,4111,4742,4.9,1.9,4.7,2.6,3.8,196,1,1,13.0,3.7,3.93
10543,American,Chitwan,Premium,4851,2364,2.6,2.6,1.2,4.8,3.5,23,1,1,5.0,2.8,3.26
10544,Nepali,Kathmandu,Budget,2654,3348,2.8,2.7,1.1,1.3,1.1,17,1,0,3.5,3.1,1.84
10545,Indian,Chitwan,Mid Range,764,3528,2.9,4.0,1.7,2.7,4.0,196,0,0,2.0,3.2,2.76
10546,Indian,Chitwan,Budget,3956,2952,4.2,1.4,4.9,3.2,1.4,35,1,0,0.9,3.9,3.28
10547,Nepali,Lalitpur,Mid Range,1869,2577,4.1,3.1,3.9,2.6,2.0,109,1,1,22.0,4.3,3.37
10548,Japanese,Bhaktapur,Mid Range,4919,1684,4.7,3.3,3.5,1.8,3.2,190,1,1,20.3,3.6,3.52
10549,Indian,Pokhara,Mid Range,1737,2693,4.3,3.0,1.2,3.4,2.8,189,1,1,14.4,3.3,2.89
10550,Thai,Biratnagar,Budget,1761,3390,3.8,3.9,4.5,4.0,1.1,230,1,1,25.0,2.5,3.63
10551,Thai,Bhaktapur,Mid Range,1046,749,5.0,2.5,4.3,3.6,4.3,210,1,1,23.8,1.6,3.99
10552,Nepali,Biratnagar,Budget,427,1555,3.2,4.8,3.7,1.9,4.5,226,0,0,16.6,4.8,3.72
10553,American,Lalitpur,Mid Range,4797,4574,4.6,2.9,2.4,3.9,3.7,205,1,0,11.9,2.8,3.81
10554,American,Lalitpur,Premium,1786,2269,3.6,3.3,1.3,2.0,3.2,30,0,1,4.2,3.3,2.67
10555,Nepali,Lalitpur,Budget,2308,1145,4.1,4.3,3.3,1.7,4.8,216,1,1,13.1,4.0,3.46
10556,American,Kathmandu,Mid Range,2582,883,4.3,2.1,3.9,3.8,1.5,121,1,0,4.4,1.3,3.35
10557,Japanese,Biratnagar,Mid Range,4054,4565,4.1,1.3,1.4,4.4,4.0,232,1,0,10.3,4.4,3.51
10558,Japanese,Bhaktapur,Budget,3412,2310,2.9,3.8,3.5,2.9,1.5,107,1,1,23.6,4.2,3.21
10559,American,Bhaktapur,Mid Range,1599,761,3.6,2.9,2.1,3.1,2.5,147,1,0,8.9,4.1,3.09
10560,Thai,Chitwan,Mid Range,4650,863,3.9,4.6,4.1,2.2,3.3,153,1,1,4.2,1.1,3.61
10561,American,Chitwan,Mid Range,1382,3742,4.6,4.9,3.2,3.0,3.9,171,1,0,14.8,3.1,3.88
10562,Japanese,Chitwan,Budget,4267,2293,3.6,2.6,1.5,1.5,1.0,93,1,0,15.3,1.2,2.38
10563,Chinese,Lalitpur,Premium,827,1339,4.8,2.7,3.1,4.8,2.0,84,1,1,5.2,3.2,3.61
10564,Italian,Bhaktapur,Mid Range,2808,487,3.6,2.6,2.6,4.2,3.2,62,1,1,5.3,3.9,3.35
10565,Indian,Biratnagar,Premium,2178,2736,3.9,2.3,1.7,3.7,3.1,29,1,1,24.7,1.5,2.94
10566,Chinese,Lalitpur,Mid Range,3908,3101,4.5,4.1,4.4,3.2,3.6,249,1,0,6.5,3.8,3.95
10567,American,Kathmandu,Mid Range,4774,4240,4.0,4.0,1.0,4.2,2.2,226,1,1,21.0,2.8,3.6
10568,Thai,Chitwan,Budget,2187,4515,4.9,2.9,2.2,3.0,3.2,48,1,0,12.0,4.2,3.51
10569,Nepali,Lalitpur,Budget,2799,1279,4.2,1.2,1.1,2.2,1.8,74,1,0,11.2,3.1,2.09
10570,American,Lalitpur,Premium,806,4191,3.8,2.2,1.4,1.6,1.7,204,1,1,7.7,2.3,2.07
10571,Thai,Kathmandu,Budget,315,2613,2.6,2.2,2.2,3.6,3.3,16,0,0,19.5,2.3,3.24
10572,Italian,Pokhara,Premium,4741,1479,3.5,4.2,1.2,4.7,3.7,250,1,1,22.1,4.6,3.89
10573,American,Bhaktapur,Mid Range,739,387,3.2,1.4,3.4,1.6,1.5,94,1,1,6.9,2.8,2.46
10574,Japanese,Biratnagar,Budget,4674,1690,4.4,4.2,1.3,1.7,1.5,33,1,1,2.8,2.6,2.97
10575,Nepali,Pokhara,Budget,2971,251,3.0,3.7,3.8,2.7,3.3,240,1,1,3.9,1.2,3.16
10576,Thai,Chitwan,Budget,4408,929,3.0,3.9,1.2,4.2,2.1,63,1,1,19.9,2.5,3.45
10577,Thai,Lalitpur,Premium,1412,79,3.0,2.7,1.2,2.2,2.6,92,1,0,11.2,4.4,2.29
10578,Thai,Kathmandu,Mid Range,221,3934,2.8,3.7,2.2,2.0,2.6,230,1,1,3.7,4.0,2.88
10579,Italian,Kathmandu,Mid Range,3666,2096,3.3,3.4,4.6,3.5,1.7,42,1,0,8.8,1.9,3.49
10580,American,Bhaktapur,Budget,4900,2017,4.7,4.1,3.6,3.1,1.0,62,1,1,13.1,2.7,3.67
10581,Italian,Pokhara,Budget,3730,810,4.4,2.8,4.1,1.2,4.4,110,0,0,21.4,1.8,3.34
10582,Indian,Bhaktapur,Mid Range,418,2789,4.3,2.9,1.6,1.3,3.9,179,0,1,16.2,4.8,2.93
10583,Indian,Lalitpur,Budget,1926,4930,4.5,3.6,4.3,3.6,3.8,216,1,1,4.8,3.4,4.31
10584,American,Bhaktapur,Premium,2612,765,3.2,1.4,1.0,2.9,3.2,191,1,1,4.4,4.0,2.67
10585,Japanese,Biratnagar,Mid Range,1418,2005,4.7,2.7,1.9,4.9,3.8,123,0,1,10.6,3.9,3.73
10586,Italian,Kathmandu,Mid Range,1165,1331,2.8,4.9,3.5,3.7,4.7,190,1,1,2.3,4.5,3.82
10587,Nepali,Kathmandu,Mid Range,2872,2340,3.3,1.2,2.5,1.0,3.7,87,1,0,19.0,4.8,2.51
10588,Thai,Chitwan,Mid Range,1233,119,4.0,2.3,4.9,2.9,2.1,230,0,1,10.3,1.1,3.29
10589,Thai,Chitwan,Premium,4251,1026,2.8,2.3,1.1,2.7,3.3,114,1,0,8.9,4.9,2.81
10590,American,Lalitpur,Mid Range,556,3875,4.3,3.5,5.0,1.4,2.8,43,1,0,13.0,4.5,3.66
10591,Japanese,Biratnagar,Budget,3226,34,3.5,1.4,3.5,4.7,3.2,202,1,1,17.9,2.5,3.38
10592,Indian,Pokhara,Mid Range,1135,4948,4.5,3.5,3.2,4.2,3.1,171,0,1,14.4,4.3,3.8
10593,Indian,Bhaktapur,Budget,3753,2848,3.7,1.4,1.2,1.9,4.4,72,0,1,20.2,3.9,2.59
10594,Thai,Lalitpur,Budget,4635,747,3.0,1.4,2.1,2.0,3.6,62,1,1,15.9,4.2,2.65
10595,American,Chitwan,Premium,859,189,4.3,3.9,4.7,1.1,1.8,37,1,1,19.8,1.9,3.15
10596,Italian,Bhaktapur,Mid Range,2768,241,3.1,2.3,2.4,2.2,1.3,41,1,0,17.6,3.6,2.54
10597,Indian,Chitwan,Premium,4999,1927,3.7,4.9,3.6,3.3,2.7,237,1,1,5.2,1.1,3.55
10598,Italian,Bhaktapur,Mid Range,1561,352,2.7,1.1,5.0,2.7,1.1,249,1,1,1.8,4.4,2.59
10599,Japanese,Pokhara,Mid Range,4771,4582,4.0,2.8,2.1,4.9,2.3,21,1,1,22.6,4.8,3.66
10600,Indian,Lalitpur,Budget,1635,2633,4.2,1.5,3.3,1.2,2.5,63,1,1,23.7,3.6,2.98
10601,Indian,Bhaktapur,Budget,3100,464,3.4,2.4,3.8,3.4,2.5,196,1,0,18.3,3.1,3.26
10602,Chinese,Biratnagar,Premium,4801,4394,4.9,5.0,1.7,4.4,4.9,123,1,1,18.2,3.9,4.23
10603,Indian,Kathmandu,Mid Range,3084,4635,4.7,4.6,1.6,2.9,2.2,82,1,0,7.1,2.3,3.41
10604,Nepali,Biratnagar,Premium,4264,2286,4.3,1.2,2.8,1.0,2.1,220,1,1,13.8,3.5,2.49
10605,American,Biratnagar,Mid Range,4820,605,4.3,3.3,2.5,2.0,1.5,248,1,1,24.8,3.9,2.84
10606,American,Kathmandu,Budget,1153,3884,3.1,3.6,3.9,2.3,3.0,184,1,1,21.5,1.6,3.24
10607,Italian,Biratnagar,Mid Range,2616,4540,4.1,1.8,1.3,4.9,1.6,216,1,1,8.0,1.6,2.99
10608,Japanese,Bhaktapur,Mid Range,2616,4987,3.0,1.6,4.9,4.6,3.5,201,1,1,7.9,3.9,3.86
10609,Indian,Bhaktapur,Budget,2088,4507,2.9,4.6,1.1,4.8,1.6,186,0,1,12.3,2.7,3.46
10610,Nepali,Bhaktapur,Premium,2089,2679,5.0,4.9,3.4,4.3,3.3,240,0,0,10.4,4.6,4.41
10611,Italian,Kathmandu,Mid Range,1785,2145,4.1,5.0,3.3,2.4,4.3,168,1,0,9.6,2.2,3.78
10612,Chinese,Biratnagar,Budget,1848,3974,3.6,4.2,1.5,4.6,1.2,165,1,0,15.9,1.2,3.41
10613,Italian,Kathmandu,Mid Range,4677,1575,3.2,3.7,1.6,4.9,2.7,87,1,1,0.8,3.6,3.45
10614,Italian,Bhaktapur,Premium,2241,318,4.0,2.4,4.2,2.4,2.8,115,1,0,19.2,3.7,3.18
10615,Indian,Biratnagar,Budget,2045,352,2.6,1.7,4.6,2.0,4.2,22,1,1,18.6,3.2,3.17
10616,Chinese,Biratnagar,Premium,4390,445,2.7,1.3,2.1,3.2,2.9,67,0,1,20.8,3.7,2.8
10617,Italian,Chitwan,Budget,3548,186,2.6,3.8,2.8,1.7,3.3,156,1,1,21.1,3.1,2.77
10618,Nepali,Chitwan,Mid Range,1223,148,3.7,4.1,2.4,1.1,4.2,213,1,1,14.4,3.8,3.27
10619,Nepali,Pokhara,Mid Range,2552,203,4.0,4.3,1.3,4.8,3.2,149,1,1,19.6,1.2,3.46
10620,American,Lalitpur,Budget,3362,3267,2.7,4.7,3.7,4.7,2.4,151,1,1,12.6,2.5,4.02
10621,Chinese,Chitwan,Budget,4187,3245,4.3,4.5,4.3,1.7,1.3,17,1,1,23.8,1.8,3.53
10622,Chinese,Kathmandu,Mid Range,1301,952,3.1,5.0,2.2,2.6,3.9,92,1,0,5.2,1.4,2.79
10623,American,Chitwan,Mid Range,2595,4630,4.2,2.0,5.0,4.3,4.5,159,1,1,22.9,1.9,4.27
10624,Italian,Pokhara,Mid Range,2106,3889,5.0,4.1,1.3,3.6,4.9,186,1,1,6.8,1.8,4.02
10625,Chinese,Biratnagar,Budget,4708,3123,4.2,3.3,3.6,2.6,4.7,100,1,0,3.0,4.9,3.76
10626,Nepali,Pokhara,Premium,4057,2972,4.7,2.0,2.8,4.0,4.2,60,1,1,11.3,2.1,3.43
10627,Nepali,Biratnagar,Mid Range,957,4846,4.9,4.9,2.8,4.6,3.6,104,1,1,15.6,1.9,4.25
10628,Indian,Biratnagar,Premium,336,4967,3.7,4.6,2.8,4.7,4.1,200,1,0,6.2,4.3,4.21
10629,Chinese,Lalitpur,Budget,4977,963,4.3,1.5,2.0,2.5,2.7,170,1,1,14.1,2.7,2.8
10630,Italian,Chitwan,Mid Range,4674,1312,4.6,1.1,3.9,1.7,3.4,156,1,0,20.3,2.7,2.97
10631,American,Kathmandu,Mid Range,1457,3391,3.4,3.8,3.9,4.7,2.4,23,1,1,6.8,2.8,3.69
10632,American,Kathmandu,Mid Range,2434,2890,3.2,3.4,2.1,1.4,2.3,129,1,1,14.7,2.7,2.39
10633,Italian,Bhaktapur,Mid Range,907,2197,4.9,4.7,4.3,3.9,4.0,168,1,1,8.8,2.3,4.04
10634,Japanese,Biratnagar,Budget,4381,4897,4.3,1.9,2.3,1.6,2.8,144,1,1,13.5,2.1,2.76
10635,Thai,Kathmandu,Mid Range,4004,555,3.0,1.3,3.9,2.6,1.8,89,1,1,16.8,4.5,2.93
10636,Indian,Lalitpur,Mid Range,4416,1937,3.6,2.0,1.5,2.6,1.8,95,1,1,9.1,1.6,2.54
10637,American,Biratnagar,Budget,2356,4162,4.5,1.1,1.7,1.6,4.4,142,1,1,24.9,1.7,2.82
10638,Chinese,Lalitpur,Mid Range,3708,14,3.9,1.1,2.3,4.7,3.7,48,0,1,14.3,3.3,3.46
10639,Indian,Kathmandu,Mid Range,1730,3491,4.1,4.7,3.4,1.0,3.2,161,1,1,20.7,2.4,3.52
10640,Chinese,Kathmandu,Budget,1111,3263,4.4,2.4,3.6,4.6,2.6,53,1,1,18.3,2.7,3.74
10641,Japanese,Bhaktapur,Premium,3997,1372,4.1,2.6,2.6,4.5,2.7,224,1,1,21.4,4.2,3.7
10642,Nepali,Kathmandu,Premium,3725,1830,3.9,1.1,1.3,2.3,1.2,27,1,1,4.8,4.6,2.31
10643,Indian,Biratnagar,Mid Range,1025,2673,4.4,2.1,2.5,3.8,2.8,147,1,1,6.0,4.2,3.3
10644,American,Biratnagar,Budget,2568,2948,4.3,4.2,3.8,2.0,4.2,64,1,0,12.4,1.9,3.7
10645,Indian,Biratnagar,Mid Range,4348,1283,4.1,3.5,3.7,4.0,2.6,37,1,1,21.4,4.9,3.95
10646,Indian,Bhaktapur,Mid Range,1151,3336,3.4,4.0,1.6,3.2,2.5,136,1,1,5.3,2.5,3.28
10647,Indian,Bhaktapur,Budget,3534,3669,3.5,2.8,1.0,2.2,1.1,134,1,1,24.3,1.7,2.64
10648,Thai,Kathmandu,Mid Range,4216,2955,4.9,2.2,4.0,2.6,2.8,102,0,0,3.6,3.0,3.19
10649,Indian,Pokhara,Mid Range,2995,3028,2.8,2.9,1.4,3.8,1.1,171,1,1,4.8,3.9,2.78
10650,Chinese,Pokhara,Mid Range,1631,1141,3.2,2.3,1.3,4.6,3.3,126,1,0,4.6,1.3,3.0
10651,Nepali,Bhaktapur,Mid Range,3451,4773,3.7,4.4,1.0,1.5,3.0,125,1,0,14.9,3.5,3.12
10652,Japanese,Kathmandu,Mid Range,807,2646,4.6,2.2,2.7,3.3,4.4,86,1,1,23.0,4.4,3.59
10653,Italian,Pokhara,Premium,2930,3039,2.9,3.6,3.0,2.0,3.3,168,1,1,6.8,2.0,3.1
10654,Indian,Kathmandu,Mid Range,572,3029,3.2,1.5,3.6,4.2,2.3,221,1,0,14.0,3.8,3.13
10655,American,Kathmandu,Mid Range,3831,4387,2.7,3.7,2.2,1.3,3.1,71,0,1,4.8,2.6,2.89
10656,Indian,Kathmandu,Premium,4416,3169,4.3,4.7,3.8,3.8,3.8,15,1,1,16.0,2.7,4.11
10657,American,Chitwan,Mid Range,2860,263,3.1,3.4,1.7,1.7,1.4,170,1,0,3.5,2.1,2.27
10658,Chinese,Biratnagar,Mid Range,602,338,3.5,3.2,4.3,3.4,3.5,127,1,0,12.5,3.5,3.46
10659,American,Kathmandu,Mid Range,2547,2601,3.6,4.8,3.3,4.3,4.7,76,1,1,16.6,2.4,4.22
10660,Italian,Chitwan,Mid Range,2125,2840,4.7,3.5,3.3,4.0,2.2,61,0,0,14.7,4.3,3.69
10661,Nepali,Bhaktapur,Premium,1807,3054,3.5,2.0,1.8,4.0,3.5,92,1,0,3.9,4.9,3.31
10662,American,Pokhara,Mid Range,2691,1430,2.9,2.2,1.3,3.1,4.3,120,0,1,4.5,4.7,2.89
10663,American,Biratnagar,Premium,3225,3411,3.8,3.8,2.9,4.6,3.0,240,1,1,16.9,1.7,4.08
10664,Nepali,Pokhara,Budget,3314,2902,4.9,3.9,3.5,3.4,3.9,201,1,1,20.3,1.1,3.97
10665,Italian,Biratnagar,Budget,3116,664,4.0,2.2,1.4,4.7,2.2,173,0,1,22.7,2.8,3.01
10666,Indian,Pokhara,Mid Range,2203,769,5.0,2.4,4.8,3.2,2.2,212,0,1,20.4,3.9,3.65
10667,American,Biratnagar,Budget,437,1808,4.6,5.0,4.9,3.0,3.7,140,0,0,24.4,4.9,4.39
10668,Nepali,Pokhara,Budget,3367,2981,2.6,1.4,3.2,1.9,3.8,191,1,1,10.5,4.1,3.09
10669,Chinese,Pokhara,Budget,4004,4521,4.1,2.6,4.8,3.2,4.7,19,1,1,8.6,3.3,4.0
10670,Nepali,Pokhara,Budget,1597,3436,3.2,1.2,1.7,1.6,1.9,45,1,0,1.2,1.1,2.23
10671,Chinese,Pokhara,Budget,757,264,3.9,4.3,1.1,4.5,2.9,51,1,0,11.5,4.3,3.41
10672,Italian,Bhaktapur,Premium,4702,3833,3.2,1.4,1.2,3.7,2.0,93,1,1,16.5,1.7,2.62
10673,Indian,Kathmandu,Budget,1914,1886,3.4,3.7,3.4,5.0,1.3,157,1,0,20.5,1.2,3.71
10674,Nepali,Lalitpur,Mid Range,1375,2767,4.8,1.2,1.2,1.4,2.6,66,1,1,7.1,4.4,2.56
10675,Japanese,Chitwan,Mid Range,1385,2634,3.0,3.7,4.8,2.0,2.5,249,1,1,13.1,3.3,3.42
10676,Japanese,Lalitpur,Premium,1179,4131,4.7,4.4,1.6,4.5,2.1,211,1,0,16.7,1.5,3.39
10677,Thai,Lalitpur,Budget,2821,3014,2.6,2.6,2.2,2.6,2.2,234,1,0,14.0,2.5,2.73
10678,American,Biratnagar,Premium,4112,4526,2.7,3.1,4.3,2.9,2.4,239,1,1,7.2,1.3,3.66
10679,Italian,Kathmandu,Mid Range,4692,3744,4.6,2.6,1.9,4.4,5.0,153,1,1,20.0,3.6,3.66
10680,Nepali,Biratnagar,Mid Range,3327,1254,4.1,2.2,2.0,3.1,4.1,57,1,1,4.7,2.1,3.21
10681,Japanese,Kathmandu,Mid Range,3872,1018,4.4,4.2,3.6,1.8,1.3,212,1,1,22.7,4.5,3.28
10682,American,Kathmandu,Premium,1625,4324,3.0,2.1,2.1,4.6,4.5,165,1,1,23.8,2.4,3.39
10683,Japanese,Pokhara,Budget,3046,1520,3.8,3.9,1.9,1.1,3.5,54,1,1,9.5,3.0,3.02
10684,Nepali,Bhaktapur,Mid Range,958,1969,4.3,1.8,2.0,4.6,4.6,77,1,0,9.7,1.3,3.2
10685,Chinese,Pokhara,Mid Range,1128,2518,4.1,2.0,3.0,1.2,2.4,144,1,0,18.7,2.1,2.54
10686,Nepali,Bhaktapur,Mid Range,2613,4768,3.7,2.3,4.9,3.7,2.9,221,1,1,11.7,3.7,3.96
10687,Thai,Biratnagar,Premium,875,2692,4.9,3.4,4.3,1.3,4.6,101,1,1,1.2,3.9,3.73
10688,Nepali,Bhaktapur,Budget,2651,999,4.2,2.8,2.1,3.8,2.1,228,1,0,23.0,2.0,3.27
10689,Nepali,Biratnagar,Premium,3512,4294,4.8,4.0,2.5,1.1,4.7,87,1,1,11.1,3.0,3.49
10690,Thai,Lalitpur,Budget,1366,264,4.3,1.9,2.9,4.4,4.3,189,1,0,5.5,4.3,3.61
10691,Italian,Lalitpur,Budget,4201,4173,4.3,1.0,4.9,2.9,4.9,118,1,1,14.1,2.5,3.74
10692,Nepali,Bhaktapur,Budget,2347,4721,2.7,4.1,1.7,1.4,2.3,172,1,1,5.9,1.5,2.41
10693,Thai,Bhaktapur,Budget,2956,4979,3.4,4.3,2.4,3.8,1.9,30,1,1,5.5,2.7,3.56
10694,American,Biratnagar,Mid Range,928,4462,4.6,1.2,3.9,3.0,2.3,73,1,0,13.9,3.4,3.24
10695,Chinese,Pokhara,Budget,1122,265,3.1,3.4,4.9,1.8,4.8,61,1,0,10.1,1.0,3.57
10696,Chinese,Biratnagar,Budget,2960,1017,2.8,2.5,1.6,1.1,2.3,130,1,1,14.5,2.4,2.07
10697,Nepali,Pokhara,Premium,2273,1765,3.3,4.2,1.9,2.7,3.3,172,1,1,24.9,3.4,3.14
10698,Italian,Lalitpur,Premium,748,2581,3.1,4.5,1.9,1.3,2.6,123,1,0,21.5,4.8,2.91
10699,Italian,Kathmandu,Premium,3491,3918,4.8,4.4,1.1,1.4,2.6,23,1,1,0.7,2.6,2.58
10700,American,Bhaktapur,Premium,374,3007,4.7,4.1,3.4,2.1,1.8,79,1,1,1.7,1.7,2.78
10701,Nepali,Pokhara,Mid Range,990,2813,3.7,2.1,3.7,3.5,3.1,73,1,1,15.4,3.1,3.54
10702,Chinese,Biratnagar,Budget,1964,3775,2.7,4.2,3.4,3.1,4.4,116,1,0,15.8,2.1,3.57
10703,Italian,Lalitpur,Mid Range,4959,4389,4.3,3.1,1.3,1.3,1.2,206,1,0,22.0,1.9,2.56
10704,Nepali,Pokhara,Mid Range,1256,3393,4.1,1.2,1.3,4.9,4.6,150,0,1,15.9,3.4,3.48
10705,Japanese,Biratnagar,Budget,274,108,4.9,2.8,1.8,4.5,3.7,137,1,1,6.1,4.7,3.73
10706,Italian,Bhaktapur,Mid Range,3396,206,3.9,4.8,2.2,2.0,3.5,194,1,1,12.0,4.3,3.3
10707,Thai,Bhaktapur,Budget,3081,2539,3.3,4.6,4.1,1.5,3.5,160,1,1,20.3,1.7,3.43
10708,Japanese,Chitwan,Budget,4275,887,3.8,1.4,1.6,4.8,2.2,105,1,1,23.1,4.1,3.09
10709,Italian,Kathmandu,Mid Range,3121,1878,4.9,4.0,1.2,2.8,2.7,224,1,0,6.3,1.9,3.24
10710,Chinese,Chitwan,Mid Range,2167,2675,4.2,4.2,2.6,2.2,4.2,110,1,1,13.7,2.2,3.59
10711,Indian,Lalitpur,Mid Range,2565,1398,4.2,2.1,2.7,3.0,2.2,72,1,1,4.4,4.7,3.23
10712,Japanese,Pokhara,Mid Range,4740,2425,3.1,2.9,2.8,4.1,2.9,191,1,0,12.7,4.6,3.36
10713,American,Lalitpur,Budget,3246,579,4.4,3.8,4.3,1.7,1.1,46,1,0,2.7,1.7,3.41
10714,American,Biratnagar,Budget,1759,2647,4.4,2.8,1.4,4.1,3.9,62,1,1,23.6,1.3,3.39
10715,Chinese,Bhaktapur,Premium,867,1075,3.3,1.5,3.8,4.0,2.7,59,1,1,16.1,2.2,3.2
10716,Italian,Chitwan,Mid Range,3711,431,3.7,3.8,2.4,3.2,3.1,196,1,0,21.4,3.3,3.45
10717,Nepali,Chitwan,Budget,1166,2893,3.2,4.6,2.2,4.5,1.5,114,0,1,25.0,4.5,3.41
10718,Italian,Chitwan,Premium,3715,1214,3.1,3.6,4.7,1.5,5.0,114,1,1,5.0,1.5,3.47
10719,Chinese,Lalitpur,Budget,4851,554,2.6,4.1,2.0,3.4,2.2,227,1,1,17.5,2.7,3.37
10720,American,Bhaktapur,Mid Range,4620,4176,3.2,2.4,3.6,2.8,3.5,60,1,1,22.2,2.1,3.64
10721,Italian,Pokhara,Budget,2110,3649,3.9,1.7,2.1,2.7,3.3,238,1,1,14.6,1.1,2.89
10722,American,Biratnagar,Mid Range,1198,1233,2.5,3.6,3.0,2.0,4.1,173,1,1,16.2,4.2,3.29
10723,Japanese,Pokhara,Mid Range,1507,3182,3.2,2.3,4.1,2.5,2.2,179,1,0,10.5,4.3,3.15
10724,Nepali,Lalitpur,Budget,3576,777,4.7,4.4,4.5,1.4,4.0,158,0,0,17.0,1.9,3.74
10725,Japanese,Biratnagar,Premium,265,3667,4.0,1.5,4.4,2.0,2.5,188,1,0,10.2,1.6,2.8
10726,American,Chitwan,Mid Range,2245,664,4.0,2.7,3.3,2.1,2.6,140,1,1,12.2,1.6,2.83
10727,American,Kathmandu,Budget,1951,2456,3.5,2.6,2.0,3.9,3.7,60,0,1,3.0,2.9,3.14
10728,Indian,Lalitpur,Budget,2296,230,4.2,4.8,3.6,1.2,4.1,220,1,0,0.7,2.0,3.63
10729,Indian,Lalitpur,Budget,1770,3676,3.0,1.6,3.8,3.6,3.7,135,0,1,1.9,3.0,3.44
10730,Japanese,Bhaktapur,Budget,4930,4287,4.5,1.0,1.0,1.9,4.6,102,1,0,5.2,2.5,2.97
10731,Thai,Pokhara,Mid Range,3100,4412,2.8,2.0,2.8,1.3,2.1,231,1,1,11.7,1.8,2.48
10732,Japanese,Lalitpur,Premium,3942,2579,4.1,4.3,4.4,2.2,4.6,75,0,1,1.0,4.0,3.85
10733,Indian,Lalitpur,Mid Range,3091,1023,3.4,1.8,3.0,1.9,1.5,60,1,0,4.3,1.6,2.5
10734,American,Chitwan,Budget,1127,2061,4.4,2.0,2.2,3.2,3.6,193,1,1,19.6,4.2,3.43
10735,Chinese,Chitwan,Budget,3216,3995,3.9,1.5,4.5,2.4,3.2,204,1,0,19.2,3.2,3.46
10736,Japanese,Biratnagar,Budget,933,4953,3.6,3.9,1.6,4.9,3.0,177,1,1,19.8,4.3,3.53
10737,American,Kathmandu,Mid Range,390,4909,2.9,1.3,1.8,4.9,2.2,95,0,0,23.1,1.0,2.68
10738,Chinese,Bhaktapur,Mid Range,1703,4320,4.1,2.3,3.7,2.8,3.0,184,1,1,3.4,4.0,3.45
10739,Chinese,Kathmandu,Budget,4728,3029,4.9,2.1,2.4,4.2,1.6,59,1,1,4.5,1.2,3.23
10740,Indian,Biratnagar,Mid Range,1162,3691,4.6,3.2,3.9,1.1,2.5,132,0,1,8.7,4.8,3.21
10741,Japanese,Chitwan,Premium,336,1453,2.7,3.9,1.6,3.2,1.4,210,1,0,22.9,3.8,2.67
10742,Italian,Pokhara,Mid Range,2031,4206,3.4,3.1,2.0,4.0,3.3,217,1,1,19.5,2.3,3.43
10743,Nepali,Chitwan,Premium,4736,3020,4.8,4.7,1.6,1.9,1.4,61,1,1,8.4,2.3,2.88
10744,Indian,Bhaktapur,Mid Range,580,582,3.8,4.8,4.8,1.2,1.6,221,1,1,2.6,4.4,3.26
10745,Indian,Chitwan,Mid Range,388,1342,4.2,2.4,2.6,1.6,1.3,172,1,0,15.6,4.6,2.65
10746,Italian,Bhaktapur,Mid Range,2495,4763,4.8,4.1,2.3,2.8,2.5,166,0,1,6.8,4.6,3.63
10747,Nepali,Bhaktapur,Mid Range,225,4012,4.7,4.0,1.1,3.0,4.4,208,1,1,13.5,4.2,3.3
10748,American,Bhaktapur,Budget,1506,3144,3.8,4.6,1.6,2.5,4.6,185,1,0,23.6,4.3,3.62
10749,Thai,Biratnagar,Budget,2480,4096,3.6,2.8,2.7,2.8,1.3,176,0,0,14.5,3.3,2.84
10750,Japanese,Bhaktapur,Budget,4836,235,3.3,3.1,1.3,2.9,3.5,37,1,1,23.1,1.1,3.21
10751,Thai,Bhaktapur,Mid Range,2052,4210,4.3,2.7,3.0,4.1,3.7,75,1,0,10.1,1.3,3.81
10752,American,Pokhara,Budget,4163,2007,3.2,4.4,2.8,1.4,3.1,237,1,1,16.0,3.6,3.17
10753,Indian,Kathmandu,Premium,4820,781,3.1,1.9,4.1,4.1,3.7,179,1,1,22.4,2.6,4.01
10754,Nepali,Lalitpur,Mid Range,2209,4534,3.4,2.0,3.6,3.8,1.9,27,1,1,14.9,3.3,3.18
10755,Indian,Kathmandu,Mid Range,290,443,2.9,2.5,2.8,4.0,3.0,239,0,1,15.6,1.9,3.09
10756,Chinese,Bhaktapur,Budget,1939,3109,4.2,1.9,1.9,3.9,2.6,213,1,0,18.0,3.6,3.24
10757,Indian,Pokhara,Premium,3776,2739,4.0,3.2,3.9,2.9,1.4,238,0,0,22.1,2.0,3.64
10758,Indian,Chitwan,Premium,166,3417,3.7,1.5,3.8,1.8,3.5,21,1,0,2.7,2.8,3.08
10759,American,Pokhara,Mid Range,4498,3150,3.5,2.3,1.6,3.1,3.0,184,0,1,8.8,2.9,3.08
10760,American,Bhaktapur,Budget,614,875,4.8,4.7,4.7,4.8,2.1,180,1,1,10.2,1.7,4.1
10761,American,Pokhara,Mid Range,4621,2803,2.6,2.6,1.3,3.4,2.9,194,1,1,22.8,4.5,2.88
10762,Thai,Pokhara,Budget,1977,2921,4.4,4.0,1.2,1.0,4.1,186,1,0,23.9,3.1,3.08
10763,Chinese,Bhaktapur,Budget,3178,2425,4.8,1.5,1.7,1.2,4.2,206,1,1,3.4,4.5,2.57
10764,American,Biratnagar,Mid Range,669,260,3.6,2.0,4.6,5.0,3.6,155,0,0,3.4,2.1,3.82
10765,Nepali,Pokhara,Mid Range,239,4961,3.9,4.2,3.1,1.3,2.9,230,1,0,23.4,1.7,3.25
10766,Thai,Lalitpur,Mid Range,4965,3767,4.9,4.1,4.2,1.2,3.3,42,1,0,7.7,1.1,3.36
10767,Italian,Lalitpur,Premium,3001,4666,3.0,2.5,1.9,2.4,2.5,110,1,1,6.4,1.4,2.75
10768,Nepali,Pokhara,Mid Range,2993,928,3.8,4.8,3.0,4.9,1.5,121,1,1,1.4,1.6,3.86
10769,Japanese,Biratnagar,Mid Range,4875,1183,3.7,4.6,2.4,2.3,2.5,224,1,1,7.3,1.3,3.14
10770,Japanese,Chitwan,Budget,2034,3213,3.1,4.8,4.3,2.6,3.1,112,1,1,17.5,4.6,3.79
10771,Nepali,Bhaktapur,Premium,4321,442,4.5,2.7,1.1,3.5,3.4,126,1,1,10.9,4.6,2.99
10772,American,Lalitpur,Budget,1075,845,4.7,1.8,2.0,1.1,4.7,240,1,1,13.2,4.7,2.82
10773,Italian,Chitwan,Premium,3884,2256,4.5,3.5,1.6,4.6,4.1,244,1,1,23.0,4.8,3.75
10774,Italian,Pokhara,Premium,1119,2272,3.0,3.7,4.4,3.1,1.6,15,1,1,3.3,3.0,3.19
10775,Thai,Chitwan,Budget,1244,907,2.7,1.5,2.9,2.9,1.7,57,1,1,2.2,3.1,2.42
10776,Italian,Kathmandu,Mid Range,3345,3642,4.0,4.1,2.6,4.4,1.4,56,1,1,21.4,1.5,3.43
10777,Japanese,Lalitpur,Premium,1554,4577,2.6,1.1,2.8,4.8,4.0,109,0,1,19.5,1.5,3.15
10778,Chinese,Pokhara,Mid Range,3514,3825,4.2,2.9,4.9,2.7,3.8,192,1,0,7.0,4.1,3.71
10779,American,Bhaktapur,Premium,4440,256,3.8,2.3,4.4,1.7,4.9,202,1,1,8.4,4.4,3.7
10780,Italian,Biratnagar,Premium,4132,2439,4.2,4.0,3.8,4.3,3.1,143,0,0,8.1,4.1,4.11
10781,Thai,Pokhara,Mid Range,4473,1000,4.0,2.3,2.2,2.6,4.3,65,1,0,16.4,4.3,3.47
10782,Japanese,Bhaktapur,Mid Range,4163,3320,3.6,4.3,1.7,4.7,3.3,158,1,1,2.0,2.1,3.67
10783,Chinese,Biratnagar,Premium,4706,936,3.0,3.4,4.7,4.8,4.5,181,1,1,12.5,2.9,4.26
10784,Indian,Biratnagar,Mid Range,4863,3448,3.3,4.2,2.7,1.5,3.9,29,1,1,3.8,2.8,3.19
10785,Indian,Pokhara,Budget,3242,2617,3.8,5.0,2.1,4.8,3.6,139,1,1,20.6,5.0,3.74
10786,Chinese,Chitwan,Budget,4309,1084,4.1,3.7,2.9,2.5,3.3,175,1,1,9.8,4.8,3.57
10787,Japanese,Chitwan,Mid Range,2224,4032,4.4,4.9,4.7,3.6,3.9,101,1,1,13.4,3.4,4.43
10788,Thai,Biratnagar,Premium,434,3809,4.4,1.1,2.5,1.1,2.7,67,1,1,1.2,1.6,2.33
10789,Chinese,Chitwan,Premium,1337,4794,4.9,2.4,3.3,4.6,1.4,247,1,1,1.9,2.0,3.2
10790,American,Kathmandu,Mid Range,4119,3161,3.2,1.4,4.2,3.6,1.2,240,1,1,17.0,2.5,3.12
10791,American,Biratnagar,Budget,3115,3448,2.7,2.0,2.7,3.6,2.9,159,1,1,19.3,4.5,3.12
10792,Indian,Biratnagar,Budget,4469,4583,3.4,4.4,1.9,4.6,3.4,103,1,1,17.9,1.7,3.88
10793,Italian,Bhaktapur,Premium,933,3501,4.4,1.1,5.0,3.0,1.3,120,1,0,18.6,1.9,3.14
10794,Thai,Chitwan,Budget,1099,716,3.6,3.1,4.8,2.6,2.1,20,1,0,3.1,2.4,3.17
10795,Indian,Biratnagar,Budget,4089,3074,4.5,3.3,4.4,4.5,2.3,45,1,0,17.5,4.7,4.27
10796,Italian,Kathmandu,Budget,194,763,3.9,3.2,3.8,4.0,3.3,211,1,1,5.0,3.0,3.8
10797,Italian,Bhaktapur,Mid Range,1960,597,4.8,2.9,2.2,4.8,2.1,246,1,1,2.9,3.6,3.43
10798,American,Pokhara,Premium,4716,1344,4.9,4.2,4.7,4.8,1.4,54,1,0,19.1,2.5,4.07
10799,Japanese,Biratnagar,Budget,2231,1857,2.7,1.5,2.1,2.5,1.7,172,1,0,22.3,1.8,2.13
10800,Nepali,Kathmandu,Mid Range,3648,3944,3.6,2.2,4.2,2.8,1.7,83,1,0,18.1,1.9,3.26
10801,Japanese,Lalitpur,Mid Range,979,3936,4.0,3.5,4.7,2.0,4.4,218,1,1,20.2,4.2,4.03
10802,Nepali,Kathmandu,Premium,2059,3327,3.1,3.8,3.4,3.6,2.1,149,1,0,24.8,4.6,3.29
10803,Chinese,Kathmandu,Budget,2731,4030,3.5,2.6,4.2,2.5,3.9,27,1,0,3.8,3.0,3.32
10804,American,Bhaktapur,Mid Range,841,3165,4.2,4.5,4.2,4.1,3.3,18,1,1,24.1,2.4,4.15
10805,Italian,Pokhara,Mid Range,4169,4312,3.1,2.7,1.8,1.5,4.9,192,0,1,15.2,4.2,2.73
10806,Thai,Lalitpur,Premium,1081,2208,4.0,2.6,3.7,1.5,2.1,248,1,1,20.4,3.7,2.91
10807,Nepali,Chitwan,Mid Range,3556,174,4.2,1.1,1.4,1.8,1.6,17,1,1,16.4,1.2,2.19
10808,Japanese,Chitwan,Budget,297,2008,2.7,3.2,3.0,1.3,1.2,154,1,1,14.5,2.4,2.44
10809,Italian,Kathmandu,Mid Range,1182,3067,3.7,3.8,1.6,3.5,2.0,79,1,0,17.7,3.7,3.08
10810,Nepali,Bhaktapur,Mid Range,1461,2094,3.2,1.5,2.7,1.6,3.7,41,1,1,8.3,3.3,2.56
10811,Nepali,Bhaktapur,Budget,537,4438,4.3,2.2,4.3,1.6,1.3,121,0,1,23.1,4.9,2.86
10812,Nepali,Chitwan,Premium,3271,412,3.0,4.1,4.9,1.1,2.0,64,1,0,3.3,4.5,2.87
10813,Thai,Lalitpur,Budget,2023,423,4.7,2.5,2.3,4.1,4.4,219,1,0,8.3,1.2,3.51
10814,American,Pokhara,Mid Range,3738,54,3.6,2.0,3.1,4.2,3.3,31,1,0,1.3,3.9,3.48
10815,Thai,Lalitpur,Mid Range,1065,4167,3.0,3.7,3.0,1.6,1.3,214,1,1,7.1,2.3,2.66
10816,Indian,Biratnagar,Mid Range,2028,2477,3.6,1.8,4.8,4.0,1.2,46,1,1,5.8,3.7,3.53
10817,Italian,Biratnagar,Mid Range,3898,877,3.5,4.6,2.9,2.7,1.2,226,1,1,1.7,3.5,3.21
10818,American,Pokhara,Premium,427,28,3.6,1.4,3.8,2.0,4.8,193,1,0,12.5,3.0,3.15
10819,American,Chitwan,Mid Range,2127,374,4.0,3.8,4.7,3.5,4.4,31,0,1,12.0,4.4,4.18
10820,American,Pokhara,Mid Range,2009,3842,3.8,3.0,2.5,1.7,4.4,48,1,1,2.4,3.8,3.42
10821,Japanese,Bhaktapur,Mid Range,3186,589,2.9,4.5,4.6,4.0,4.7,49,1,1,6.9,4.6,4.22
10822,American,Biratnagar,Mid Range,3521,555,2.7,1.5,4.7,1.2,3.0,241,1,1,23.9,2.1,2.89
10823,Thai,Kathmandu,Budget,4863,4160,4.3,3.7,4.7,4.8,2.0,244,1,1,3.2,2.4,4.25
10824,American,Kathmandu,Mid Range,2332,4883,3.9,3.3,2.1,1.3,2.6,248,1,1,8.0,3.5,2.92
10825,Chinese,Chitwan,Premium,4825,3049,3.4,2.9,2.6,3.3,3.9,166,1,1,1.4,4.9,3.56
10826,Italian,Bhaktapur,Budget,1320,4147,4.5,3.0,4.5,4.6,4.5,196,1,0,4.1,2.5,4.29
10827,American,Lalitpur,Mid Range,639,4054,3.5,3.9,2.4,1.0,2.7,160,1,1,17.6,1.1,2.77
10828,Italian,Bhaktapur,Premium,2675,4336,4.5,4.8,3.4,3.0,3.1,64,1,0,9.5,2.8,3.96
10829,Chinese,Kathmandu,Budget,1332,462,3.3,1.4,1.5,2.4,4.7,188,1,0,11.6,3.2,2.77
10830,Chinese,Kathmandu,Mid Range,4629,3971,2.7,1.1,1.2,3.3,1.4,190,1,1,4.3,4.2,2.62
10831,Italian,Biratnagar,Mid Range,4408,1391,4.8,4.2,2.6,1.9,4.4,117,1,1,17.2,3.9,3.71
10832,Nepali,Bhaktapur,Mid Range,2638,1477,3.5,1.4,3.3,1.3,1.6,47,1,1,18.9,4.9,2.34
10833,Indian,Bhaktapur,Budget,2026,2748,4.5,4.9,2.6,3.5,2.9,229,0,1,4.9,4.1,3.81
10834,Japanese,Kathmandu,Budget,2612,1226,3.2,3.5,3.3,2.7,1.9,103,1,1,1.6,2.2,2.94
10835,Nepali,Lalitpur,Mid Range,1780,890,4.1,3.6,3.1,3.5,3.4,243,1,1,2.5,3.6,3.51
10836,Nepali,Chitwan,Premium,437,3824,4.7,1.8,3.7,1.8,3.2,169,1,1,16.6,3.7,3.09
10837,Thai,Chitwan,Mid Range,4432,3159,2.6,2.0,3.6,2.4,2.5,143,1,0,3.8,5.0,2.84
10838,Japanese,Bhaktapur,Mid Range,2057,94,4.6,3.6,2.7,3.2,4.5,99,1,0,12.6,1.6,3.27
10839,Japanese,Chitwan,Budget,1311,4154,3.9,4.6,2.7,3.4,3.6,73,1,1,4.2,1.8,3.9
10840,Nepali,Kathmandu,Mid Range,279,1178,4.0,4.9,1.6,2.5,3.9,24,0,1,4.7,1.6,3.14
10841,American,Kathmandu,Budget,2513,4174,3.8,1.8,3.1,2.1,1.6,237,1,0,0.6,3.4,2.43
10842,Thai,Bhaktapur,Premium,293,3139,4.7,1.5,3.3,2.1,4.5,250,1,1,8.4,1.5,3.16
10843,Thai,Bhaktapur,Premium,165,3655,2.6,1.2,2.9,1.7,1.7,167,1,0,2.7,3.6,2.27
10844,Chinese,Biratnagar,Mid Range,394,2536,3.2,4.5,2.3,2.3,1.9,226,1,0,10.2,4.2,2.93
10845,Japanese,Bhaktapur,Premium,1076,2877,4.7,2.2,3.9,1.8,1.5,71,1,1,15.1,2.7,2.74
10846,Nepali,Lalitpur,Budget,3328,3526,4.4,1.0,1.3,3.5,2.8,80,1,1,9.5,3.2,2.65
10847,Chinese,Chitwan,Mid Range,2326,3377,2.5,1.9,4.7,3.3,4.6,133,0,0,17.8,4.7,4.02
10848,Italian,Bhaktapur,Budget,1036,2204,3.8,2.4,1.1,2.5,2.0,126,1,1,18.7,3.3,2.32
10849,Indian,Pokhara,Premium,490,3565,3.8,5.0,4.8,2.3,2.5,29,1,1,17.6,1.8,3.48
10850,Thai,Biratnagar,Budget,2201,455,3.5,3.1,2.8,2.0,4.4,170,1,1,23.4,2.4,3.15
10851,Italian,Pokhara,Mid Range,3548,3636,3.2,1.8,2.7,3.1,3.5,27,0,1,6.3,3.1,3.22
10852,Italian,Kathmandu,Premium,4100,4026,4.2,2.3,2.0,4.7,4.0,128,1,0,5.1,1.6,3.89
10853,American,Chitwan,Budget,455,3885,3.0,2.3,1.0,3.7,1.9,132,1,1,15.4,3.5,2.63
10854,Indian,Bhaktapur,Mid Range,1057,3347,4.5,1.1,2.1,4.0,3.9,156,0,1,15.1,5.0,3.32
10855,Italian,Pokhara,Mid Range,2804,271,4.5,1.5,1.4,4.3,1.9,128,1,1,13.0,3.6,2.76
10856,Italian,Chitwan,Mid Range,3942,1858,3.5,3.8,3.6,2.4,4.9,208,0,1,0.6,2.5,3.81
10857,Indian,Kathmandu,Budget,4192,4035,3.2,1.5,2.3,1.3,3.2,48,1,1,14.1,2.3,2.53
10858,Indian,Lalitpur,Budget,1521,2276,3.2,1.9,4.1,3.5,3.8,241,1,0,23.4,4.7,3.56
10859,Italian,Biratnagar,Budget,470,101,3.7,2.4,1.8,1.8,1.5,115,1,1,8.7,4.5,2.39
10860,Indian,Chitwan,Premium,4804,4232,4.3,4.0,4.6,3.3,2.0,39,1,1,24.2,2.9,4.06
10861,Italian,Chitwan,Mid Range,4209,4185,3.4,3.3,3.1,4.0,1.6,126,1,1,9.2,2.4,3.41
10862,Italian,Lalitpur,Budget,1281,3319,4.0,3.8,1.5,4.1,2.6,68,1,1,3.9,3.8,3.56
10863,American,Chitwan,Mid Range,2728,992,3.5,3.3,2.6,2.2,2.1,221,1,0,10.3,2.3,2.59
10864,Nepali,Kathmandu,Mid Range,4192,3453,3.3,3.7,1.8,3.0,3.9,26,1,1,12.6,1.5,3.34
10865,Italian,Kathmandu,Budget,3517,2543,2.6,1.0,1.8,3.5,1.4,140,1,1,15.9,2.2,2.49
10866,Chinese,Lalitpur,Mid Range,967,703,2.5,4.7,3.0,4.3,4.0,151,1,0,12.9,2.7,3.7
10867,Thai,Biratnagar,Budget,161,4130,3.1,1.4,3.7,4.0,1.2,45,1,1,13.6,2.0,3.03
10868,Japanese,Bhaktapur,Budget,344,165,3.5,2.6,4.6,5.0,1.8,92,0,1,1.1,1.9,3.65
10869,Nepali,Pokhara,Mid Range,2687,3598,4.6,4.1,3.0,1.0,4.2,235,0,1,6.7,1.0,3.45
10870,Nepali,Bhaktapur,Budget,2992,1822,4.5,2.7,4.9,2.7,4.0,67,1,0,8.1,3.5,3.82
10871,Nepali,Chitwan,Mid Range,2379,4124,3.2,4.8,4.8,2.0,2.9,126,1,1,24.7,3.5,3.75
10872,American,Pokhara,Mid Range,3159,1417,3.1,2.9,4.5,1.5,1.2,57,1,0,7.7,1.8,2.84
10873,Italian,Lalitpur,Mid Range,4901,1226,3.1,4.5,3.0,4.6,3.4,180,1,1,22.5,4.8,4.08
10874,American,Lalitpur,Mid Range,2227,1420,3.3,4.2,1.6,5.0,2.6,56,1,0,8.0,2.6,3.28
10875,Italian,Biratnagar,Mid Range,4017,3507,3.7,4.9,1.9,1.7,2.3,138,1,0,2.9,1.1,3.09
10876,American,Pokhara,Premium,593,4382,3.6,4.7,3.6,1.2,3.6,214,0,0,6.6,1.9,3.0
10877,American,Kathmandu,Mid Range,447,4850,3.0,4.6,2.7,2.1,2.7,190,1,0,7.2,3.8,3.21
10878,Thai,Pokhara,Mid Range,994,561,2.8,3.9,1.6,4.3,1.4,81,0,1,24.5,1.8,3.37
10879,Chinese,Chitwan,Premium,1165,3404,2.5,2.5,2.9,2.2,4.7,80,1,1,17.0,1.2,3.09
10880,American,Kathmandu,Mid Range,1534,1186,2.9,1.4,1.1,1.2,4.1,158,1,1,23.3,3.5,2.15
10881,Thai,Lalitpur,Budget,1547,4744,4.3,3.8,3.9,1.2,1.2,97,1,1,21.0,3.1,3.02
10882,Indian,Pokhara,Budget,703,4342,3.1,4.9,1.3,2.7,3.1,108,1,1,14.7,4.0,3.25
10883,Chinese,Bhaktapur,Budget,2500,1007,3.7,3.9,3.5,4.7,1.3,119,1,1,17.0,4.1,3.73
10884,American,Biratnagar,Premium,4666,4086,4.0,4.7,4.2,2.1,4.3,158,1,1,15.8,4.8,4.23
10885,Japanese,Bhaktapur,Mid Range,1419,2741,4.7,4.2,1.5,2.7,3.5,45,1,0,16.8,1.2,3.51
10886,Nepali,Biratnagar,Premium,1410,3947,4.7,1.7,3.1,1.4,1.7,132,1,1,7.0,1.2,2.76
10887,Indian,Chitwan,Mid Range,334,4062,4.4,2.0,4.1,3.0,1.1,200,1,1,10.5,4.9,3.01
10888,Indian,Bhaktapur,Mid Range,4713,382,2.6,2.4,2.0,3.8,1.1,42,1,1,15.0,3.6,2.78
10889,Thai,Pokhara,Budget,2560,2258,3.9,1.7,1.7,2.1,3.0,18,1,1,1.4,3.9,2.68
10890,Indian,Pokhara,Mid Range,4581,858,4.5,3.3,2.3,2.2,3.9,152,1,0,12.3,1.4,3.49
10891,Chinese,Bhaktapur,Mid Range,2359,2566,2.5,4.9,3.2,4.4,1.5,193,0,1,21.6,1.3,3.61
10892,American,Pokhara,Premium,3822,2332,3.9,4.0,3.3,1.0,1.9,32,0,1,12.6,1.6,2.81
10893,American,Chitwan,Budget,4833,513,4.6,2.7,1.5,3.5,2.3,61,1,1,14.0,2.7,3.2
10894,Japanese,Kathmandu,Mid Range,2031,3199,3.7,1.0,2.8,2.6,1.9,174,1,1,5.4,1.4,2.81
10895,Nepali,Chitwan,Mid Range,4446,712,2.5,2.3,2.1,2.2,2.6,172,1,1,20.0,2.8,2.57
10896,Thai,Biratnagar,Mid Range,671,3635,2.5,3.1,4.4,3.6,3.2,178,1,0,9.3,3.2,3.43
10897,Nepali,Chitwan,Mid Range,2037,324,3.5,2.3,2.3,4.3,3.7,23,0,0,23.9,1.0,3.3
10898,Indian,Biratnagar,Mid Range,2702,2386,2.9,1.4,4.4,3.2,4.9,178,0,1,24.8,1.5,3.42
10899,Japanese,Pokhara,Budget,3959,1050,4.2,2.8,2.7,1.1,4.7,43,1,1,22.9,2.5,3.28
10900,Nepali,Kathmandu,Mid Range,4305,4388,4.3,2.0,3.9,2.8,3.3,158,0,1,2.6,1.2,3.31
10901,Chinese,Pokhara,Mid Range,4823,3000,2.9,4.6,3.0,2.9,3.9,106,1,1,8.7,1.5,3.81
10902,American,Lalitpur,Premium,4566,267,4.7,1.4,3.5,3.2,4.8,163,1,1,23.7,1.9,3.72
10903,Indian,Pokhara,Premium,3629,584,3.6,1.2,2.6,3.7,1.3,78,1,0,20.2,2.7,2.89
10904,Japanese,Biratnagar,Budget,1559,4679,2.9,1.0,4.1,1.1,1.0,125,1,1,22.8,3.9,2.48
10905,Nepali,Pokhara,Budget,1844,1562,4.4,2.3,2.7,3.0,1.1,208,1,0,14.5,1.5,2.94
10906,Thai,Pokhara,Premium,4814,4528,4.5,3.6,2.8,3.4,3.3,138,1,0,12.3,4.0,3.79
10907,Chinese,Kathmandu,Mid Range,676,767,4.1,3.9,3.1,2.4,4.1,201,0,1,3.1,4.4,3.31
10908,Chinese,Pokhara,Premium,2810,2820,4.6,2.8,4.3,3.7,2.5,124,1,1,21.1,3.6,3.78
10909,Nepali,Kathmandu,Budget,2322,1114,4.3,3.7,3.6,1.9,3.2,241,0,1,18.8,1.2,3.46
10910,American,Bhaktapur,Mid Range,429,4534,4.7,2.4,2.4,2.3,3.1,132,0,0,1.9,2.8,2.72
10911,Nepali,Lalitpur,Premium,3114,3469,3.6,3.7,3.7,4.9,1.4,170,1,1,5.6,3.6,3.5
10912,Indian,Kathmandu,Premium,4127,4002,4.4,1.2,3.6,2.4,2.3,197,1,0,14.2,4.9,3.18
10913,Nepali,Biratnagar,Budget,2819,213,5.0,2.6,4.7,2.4,1.1,114,0,1,17.3,4.8,3.49
10914,Chinese,Bhaktapur,Mid Range,3043,2785,4.3,4.2,4.4,3.4,1.4,45,0,0,3.9,2.6,3.84
10915,Japanese,Kathmandu,Mid Range,1901,2342,2.8,4.2,3.6,4.9,4.2,175,0,1,6.5,3.5,3.96
10916,Nepali,Kathmandu,Budget,4131,2002,3.8,3.9,2.4,4.9,4.3,229,1,0,5.2,4.6,3.92
10917,American,Lalitpur,Mid Range,4919,2253,4.0,1.8,4.1,3.3,4.2,202,1,0,5.9,4.3,3.62
10918,Japanese,Biratnagar,Mid Range,2511,316,2.9,2.0,3.3,1.0,3.9,183,0,1,23.1,2.9,2.64
10919,Thai,Chitwan,Premium,4577,1697,4.9,5.0,4.9,4.6,4.2,95,1,0,18.0,2.0,4.8
10920,Italian,Chitwan,Mid Range,4281,4119,2.9,1.4,2.0,3.3,3.7,60,1,1,18.6,1.5,2.99
10921,Nepali,Kathmandu,Budget,1858,1870,2.9,1.7,1.3,2.5,3.7,63,1,1,20.0,3.0,2.8
10922,American,Pokhara,Budget,2836,1971,4.8,1.5,1.3,4.3,3.7,207,1,0,9.2,3.9,3.3
10923,Japanese,Biratnagar,Mid Range,3045,732,3.7,2.3,3.6,2.6,3.1,56,1,1,19.3,4.9,3.44
10924,American,Bhaktapur,Budget,4685,789,2.7,1.8,4.8,1.1,2.5,165,1,1,24.5,4.4,3.01
10925,Thai,Pokhara,Mid Range,2926,538,4.0,3.0,1.0,4.3,3.9,126,1,1,17.6,1.8,3.24
10926,Chinese,Pokhara,Mid Range,1269,4903,4.0,2.9,3.9,3.2,2.2,41,0,1,10.7,3.9,3.58
10927,American,Biratnagar,Premium,3138,353,2.7,4.6,3.6,2.4,3.2,231,1,0,18.1,2.2,3.48
10928,Japanese,Kathmandu,Premium,4409,3796,4.9,1.1,3.9,2.0,2.7,174,1,0,22.6,3.7,3.24
10929,American,Kathmandu,Mid Range,4393,3692,3.9,2.3,2.4,3.4,2.1,225,1,0,3.7,3.7,3.16
10930,American,Kathmandu,Premium,344,218,3.9,3.4,4.3,1.8,4.9,102,1,0,7.0,2.1,3.45
10931,American,Kathmandu,Mid Range,812,4746,3.8,3.4,1.2,2.3,2.0,135,0,1,23.0,1.9,2.54
10932,Indian,Chitwan,Mid Range,629,3416,4.0,2.9,4.0,3.5,2.2,17,1,0,23.7,1.4,3.82
10933,Indian,Kathmandu,Budget,4368,1321,3.2,4.3,2.1,4.5,1.6,74,0,1,12.4,1.2,3.53
10934,Chinese,Chitwan,Mid Range,1573,2309,3.2,1.3,2.9,3.1,4.3,218,1,0,9.7,4.4,3.2
10935,Nepali,Chitwan,Mid Range,2858,3346,3.8,4.3,4.3,4.0,3.3,241,1,1,7.4,1.2,3.99
10936,American,Kathmandu,Premium,3325,1957,4.5,3.0,2.1,4.1,3.5,93,1,0,12.7,1.4,3.53
10937,Thai,Lalitpur,Mid Range,3964,929,2.6,1.5,1.7,3.7,4.3,159,1,0,23.4,2.0,2.82
10938,Nepali,Bhaktapur,Premium,2164,2054,4.0,4.5,3.7,2.0,2.4,46,1,1,4.2,4.6,3.5
10939,Thai,Pokhara,Mid Range,3939,428,4.5,3.6,3.1,4.5,1.8,21,1,0,10.8,2.3,3.73
10940,Nepali,Chitwan,Budget,4955,1759,2.9,1.7,3.1,2.7,1.8,225,1,1,22.8,1.8,2.75
10941,Chinese,Biratnagar,Premium,2593,2852,2.5,1.1,2.0,1.2,3.9,85,0,1,9.1,3.9,2.32
10942,American,Biratnagar,Mid Range,1061,1109,3.3,1.6,1.1,2.0,3.5,142,1,1,19.3,2.3,2.32
10943,American,Bhaktapur,Mid Range,3363,3402,4.0,3.4,2.6,4.1,1.8,211,1,1,10.0,2.3,3.37
10944,Italian,Biratnagar,Mid Range,2514,2782,2.8,1.7,1.4,1.3,1.6,72,1,1,20.2,4.0,1.95
10945,Thai,Lalitpur,Budget,3779,2490,3.6,1.9,4.6,1.6,1.5,182,1,1,24.5,2.0,2.76
10946,Nepali,Biratnagar,Mid Range,3622,1555,3.9,1.1,1.2,3.8,3.5,227,0,1,10.0,4.6,2.86
10947,Nepali,Pokhara,Mid Range,830,1080,4.0,3.9,2.7,4.6,1.0,126,1,1,21.2,3.2,3.37
10948,Indian,Pokhara,Mid Range,4801,1860,3.2,4.2,1.2,3.5,1.1,62,1,1,24.7,3.2,3.21
10949,Italian,Chitwan,Premium,759,4208,3.5,4.2,1.4,1.9,2.6,193,0,1,24.6,2.1,2.75
10950,Japanese,Kathmandu,Mid Range,2306,2949,4.4,1.5,3.6,1.2,3.8,199,1,1,11.1,4.3,2.71
10951,Japanese,Lalitpur,Budget,4016,1913,4.9,4.6,3.6,3.5,3.8,125,1,1,12.4,3.3,4.26
10952,Indian,Chitwan,Mid Range,521,688,4.7,3.7,1.1,1.2,2.7,85,1,1,7.9,1.6,2.62
10953,Indian,Lalitpur,Premium,765,998,3.9,4.6,1.0,3.5,3.8,179,1,0,8.2,1.8,3.43
10954,Indian,Kathmandu,Budget,2403,2485,3.5,2.8,1.3,1.9,3.1,229,0,0,12.6,2.9,2.65
10955,Thai,Biratnagar,Budget,4288,1617,3.3,2.7,4.1,4.6,4.9,89,1,0,5.4,4.1,3.97
10956,Thai,Biratnagar,Budget,1014,2879,2.8,4.1,3.3,2.9,1.6,88,1,0,17.9,4.8,3.1
10957,Chinese,Kathmandu,Budget,1418,1512,2.8,1.4,1.2,1.9,3.4,135,0,0,13.6,3.7,2.35
10958,Chinese,Chitwan,Premium,934,1799,4.2,3.1,3.0,4.4,3.0,227,1,1,22.5,3.0,3.93
10959,Indian,Kathmandu,Mid Range,4721,1435,3.1,4.3,3.8,2.0,1.8,69,1,0,20.4,2.0,3.05
10960,Italian,Bhaktapur,Mid Range,4328,2450,3.1,4.3,4.5,2.2,4.0,55,1,1,8.4,3.7,3.83
10961,Nepali,Pokhara,Mid Range,2387,2052,5.0,4.8,4.7,4.3,2.1,111,0,0,12.9,4.9,4.31
10962,Thai,Chitwan,Mid Range,4204,1288,3.0,3.8,2.3,2.2,2.5,162,1,0,18.9,2.9,2.86
10963,Italian,Lalitpur,Premium,1085,2604,2.9,1.8,1.5,2.6,2.5,47,1,1,5.2,1.6,2.35
10964,American,Bhaktapur,Premium,4130,4699,2.7,1.1,1.9,2.4,2.0,182,1,1,1.3,1.4,2.27
10965,Thai,Chitwan,Mid Range,2488,2446,3.9,2.9,4.1,1.5,2.7,241,0,1,21.4,2.1,2.83
10966,Thai,Kathmandu,Premium,475,3813,4.1,3.1,4.9,1.2,2.9,48,1,1,3.9,3.3,3.28
10967,Chinese,Kathmandu,Mid Range,1684,2215,3.4,2.0,2.9,3.9,4.0,76,1,1,22.3,4.8,3.57
10968,Nepali,Kathmandu,Budget,3630,1037,3.8,1.5,2.2,3.6,4.1,242,1,0,22.9,2.2,3.34
10969,Nepali,Kathmandu,Budget,4011,3549,4.5,3.3,2.7,2.1,1.6,233,1,1,11.8,2.2,2.96
10970,Japanese,Lalitpur,Mid Range,2135,3493,4.5,4.1,2.2,2.2,3.4,33,1,0,20.3,2.9,3.15
10971,Japanese,Bhaktapur,Mid Range,4753,2251,4.9,5.0,2.0,4.8,4.6,185,1,1,9.4,4.7,4.42
10972,Japanese,Biratnagar,Premium,2928,2775,4.6,4.0,3.4,5.0,1.4,211,0,1,21.5,2.7,4.09
10973,Japanese,Pokhara,Mid Range,1420,1183,3.9,4.2,1.1,2.9,2.9,205,1,1,20.7,1.9,3.04
10974,American,Lalitpur,Premium,790,3240,2.9,3.5,2.0,4.2,4.0,235,0,0,2.4,1.7,3.48
10975,American,Lalitpur,Mid Range,4853,3360,2.7,4.9,3.6,3.9,3.4,24,1,1,14.8,2.8,3.82
10976,Thai,Biratnagar,Premium,4228,4921,2.6,3.6,1.1,2.2,1.4,134,0,0,16.2,4.2,2.72
10977,Indian,Biratnagar,Mid Range,4811,413,4.2,4.4,1.3,1.2,2.6,137,1,0,0.5,2.2,2.77
10978,Chinese,Pokhara,Mid Range,1517,4998,4.5,4.8,2.2,1.6,3.0,118,1,0,24.5,3.1,3.3
10979,Chinese,Pokhara,Mid Range,4192,2735,3.8,4.7,4.5,4.4,5.0,155,1,1,10.5,3.4,4.83
10980,Japanese,Biratnagar,Premium,2725,3392,2.6,2.5,4.1,3.9,1.7,235,1,0,13.2,2.8,3.33
10981,Thai,Kathmandu,Budget,3753,4173,3.8,1.3,1.1,3.7,4.9,19,1,1,5.3,1.8,2.98
10982,Italian,Lalitpur,Premium,1731,97,4.8,1.7,3.0,1.5,2.5,72,1,1,15.5,4.7,2.94
10983,Indian,Chitwan,Budget,2136,1168,4.0,1.2,2.1,3.6,1.8,73,1,0,20.4,3.3,2.76
10984,Thai,Pokhara,Mid Range,2390,4283,4.5,1.4,3.6,4.1,2.7,218,1,1,14.9,3.9,3.59
10985,Indian,Pokhara,Premium,4116,2867,4.5,1.7,3.9,4.4,3.5,142,1,0,19.8,3.5,3.79
10986,Indian,Biratnagar,Budget,2255,1391,4.8,2.4,4.5,1.1,1.9,201,1,1,18.4,5.0,3.1
10987,Indian,Bhaktapur,Budget,278,4691,4.4,3.2,2.9,3.7,2.2,219,1,0,6.3,2.8,3.26
10988,Thai,Chitwan,Mid Range,4951,2074,4.4,3.8,5.0,1.1,4.4,100,1,1,11.2,2.7,3.77
10989,Japanese,Chitwan,Premium,4146,2384,3.1,1.8,4.9,3.8,5.0,118,1,1,4.1,2.4,3.89
10990,Chinese,Pokhara,Budget,1001,327,2.6,3.7,4.5,3.5,2.3,157,1,1,1.5,2.4,3.45
10991,Chinese,Kathmandu,Premium,4253,1512,3.8,3.8,3.3,1.6,1.6,219,1,0,2.0,2.1,2.7
10992,Japanese,Bhaktapur,Budget,2226,2052,2.8,3.2,2.6,4.1,4.2,143,1,1,23.6,4.9,3.84
10993,Indian,Chitwan,Premium,3144,4608,4.9,4.6,2.5,1.3,3.4,52,1,1,24.6,4.5,3.71
10994,Italian,Pokhara,Premium,3894,2032,3.2,1.4,1.0,4.3,1.4,121,1,1,2.8,2.3,2.53
10995,Nepali,Chitwan,Mid Range,2906,128,4.6,1.7,2.0,2.0,4.8,123,0,1,8.7,2.2,2.97
10996,Thai,Bhaktapur,Mid Range,1794,719,3.5,2.7,3.9,3.8,1.3,67,0,0,3.3,1.4,3.16
10997,Nepali,Bhaktapur,Mid Range,4521,3567,3.3,1.5,3.4,4.7,3.5,66,1,1,20.9,4.5,3.77
10998,Japanese,Lalitpur,Mid Range,3294,4150,4.8,3.3,4.7,2.4,2.7,15,0,1,12.7,2.5,3.83
10999,Italian,Biratnagar,Budget,392,4419,3.4,2.6,1.2,3.0,3.2,25,1,1,15.7,3.3,2.8
11000,Thai,Biratnagar,Budget,4235,3260,3.5,2.1,1.6,2.9,1.9,72,1,1,13.7,4.6,2.68
11001,Japanese,Pokhara,Budget,320,427,2.8,1.7,4.2,1.6,3.8,249,0,0,17.9,2.6,2.87
11002,Indian,Bhaktapur,Mid Range,802,2613,4.2,2.3,2.4,3.4,4.8,142,0,0,8.3,4.2,3.24
11003,Chinese,Lalitpur,Budget,3662,3864,3.2,3.4,1.5,4.0,2.8,182,1,0,3.9,2.7,3.32
11004,Nepali,Lalitpur,Mid Range,1649,1111,4.0,3.3,5.0,4.7,3.1,228,0,1,0.9,3.8,4.23
11005,American,Chitwan,Premium,2249,4431,4.0,1.7,4.1,4.4,2.0,241,1,1,11.4,2.7,3.43
11006,American,Chitwan,Mid Range,2308,3438,4.3,1.5,2.6,3.0,4.6,202,1,1,22.7,2.6,3.58
11007,Italian,Lalitpur,Mid Range,2122,2271,4.4,1.1,4.3,3.9,4.9,58,1,1,8.0,5.0,3.84
11008,Indian,Chitwan,Mid Range,4075,4179,3.8,1.0,3.7,4.2,4.1,20,1,1,5.3,3.4,3.6
11009,Nepali,Bhaktapur,Premium,2408,3644,3.3,4.5,4.2,3.0,3.2,170,1,1,23.2,2.5,3.75
11010,Indian,Kathmandu,Premium,4189,518,4.6,1.2,4.3,1.5,4.8,173,1,0,3.1,2.0,3.3
11011,Nepali,Bhaktapur,Premium,2185,2389,3.3,3.9,1.3,2.8,1.6,22,1,1,1.8,1.2,2.6
11012,Italian,Lalitpur,Premium,3421,3174,3.8,4.5,3.5,4.4,2.9,19,1,1,22.0,3.8,3.94
11013,Italian,Lalitpur,Budget,1007,697,3.5,1.4,1.0,3.4,3.2,120,1,1,17.7,2.5,2.66
11014,American,Bhaktapur,Premium,3973,4762,4.6,2.7,1.2,3.9,3.0,196,1,0,10.8,4.3,3.37
11015,Indian,Chitwan,Mid Range,1199,1302,3.6,4.8,4.6,1.7,4.2,126,1,1,18.9,2.5,3.9
11016,Thai,Chitwan,Budget,4140,3915,3.5,4.3,3.1,4.9,3.7,250,1,1,18.7,2.5,4.26
11017,American,Biratnagar,Premium,448,3085,4.2,3.0,3.9,2.6,1.5,31,1,1,1.5,4.1,3.2
11018,Indian,Lalitpur,Budget,1073,3219,4.0,4.1,4.4,3.6,2.4,180,0,1,17.1,3.0,4.01
11019,American,Pokhara,Mid Range,4382,334,2.8,4.3,4.8,1.1,2.4,23,1,1,16.2,4.5,3.32
11020,Thai,Biratnagar,Budget,4456,2003,3.8,2.4,4.5,1.5,3.3,216,1,1,24.1,3.4,3.46
11021,Chinese,Chitwan,Mid Range,2949,3986,4.3,4.6,2.9,4.1,2.2,226,1,1,24.2,2.0,3.79
11022,Chinese,Bhaktapur,Mid Range,4212,4822,5.0,2.9,2.3,4.9,1.5,92,1,1,9.8,3.3,3.96
11023,Chinese,Chitwan,Mid Range,4195,2780,4.1,3.1,1.6,2.3,3.6,28,1,1,15.0,1.0,3.09
11024,Chinese,Bhaktapur,Mid Range,1952,4382,3.4,5.0,2.6,1.1,4.4,168,1,1,4.0,2.2,3.09
11025,Japanese,Biratnagar,Budget,2863,2593,3.1,4.4,2.5,2.4,4.7,235,1,1,2.1,1.8,3.43
11026,Nepali,Lalitpur,Premium,4656,3567,4.7,2.4,3.2,1.1,4.9,127,1,1,11.1,3.6,3.41
11027,Japanese,Chitwan,Budget,3003,3597,4.5,1.0,3.7,1.8,4.1,204,1,1,17.4,1.5,3.14
11028,Japanese,Bhaktapur,Mid Range,2807,161,3.1,3.5,4.9,4.0,1.6,105,1,1,14.4,2.2,3.27
11029,Japanese,Lalitpur,Premium,4672,964,3.0,3.8,3.9,4.7,4.4,39,1,1,11.0,2.3,4.08
11030,Chinese,Pokhara,Premium,3496,4364,4.3,3.6,3.6,1.3,2.6,222,0,1,20.5,1.0,3.0
11031,Thai,Bhaktapur,Mid Range,1621,2381,3.3,4.9,2.3,3.2,3.9,178,1,1,20.0,1.2,3.36
11032,Italian,Biratnagar,Mid Range,3099,4974,3.3,4.5,1.1,2.0,3.1,112,1,1,18.4,2.2,3.03
11033,Italian,Pokhara,Premium,1091,1201,2.9,2.8,2.2,1.6,4.3,222,1,0,2.4,1.9,2.57
11034,Nepali,Pokhara,Premium,2057,697,3.2,1.3,4.1,1.9,2.7,175,1,1,20.0,1.5,2.68
11035,Chinese,Kathmandu,Mid Range,4987,319,3.6,2.9,1.8,3.3,1.2,17,0,1,23.0,1.6,2.71
11036,Chinese,Chitwan,Budget,1393,1512,4.3,3.8,3.8,1.3,3.2,229,1,1,2.0,4.3,3.47
11037,Chinese,Bhaktapur,Budget,4573,3137,3.3,3.4,3.3,2.7,1.7,153,1,1,10.3,3.7,3.22
11038,American,Pokhara,Budget,1616,4578,3.3,3.2,1.7,1.5,4.9,126,1,0,24.7,2.9,2.81
11039,Indian,Kathmandu,Mid Range,4107,3377,3.2,2.9,2.0,2.1,3.1,200,1,1,15.2,4.6,3.08
11040,American,Biratnagar,Budget,2116,3405,3.7,2.2,3.0,1.8,3.2,206,0,1,13.1,1.1,2.79
11041,Indian,Lalitpur,Mid Range,525,823,3.0,2.1,2.7,4.5,4.6,160,0,1,4.8,2.4,3.57
11042,Chinese,Bhaktapur,Mid Range,412,855,3.7,3.0,4.1,3.8,3.5,61,1,1,14.4,4.3,3.73
11043,Chinese,Pokhara,Budget,4512,1174,4.3,1.6,3.9,4.5,2.2,247,1,1,11.3,3.5,3.52
11044,American,Chitwan,Premium,3538,4772,2.6,2.4,3.3,2.5,2.2,186,0,1,3.6,4.9,2.89
11045,American,Kathmandu,Mid Range,3545,1777,2.5,2.3,4.3,2.3,3.0,235,1,1,11.9,4.8,3.11
11046,Indian,Pokhara,Budget,2094,364,2.7,3.3,3.3,2.5,4.5,201,1,0,4.5,1.7,3.27
11047,Italian,Chitwan,Premium,2043,1882,3.8,1.3,4.9,1.1,4.2,64,1,0,18.4,4.9,3.08
11048,Indian,Pokhara,Budget,3784,2034,4.6,4.3,1.9,3.9,4.9,211,1,0,24.4,4.8,4.33
11049,American,Bhaktapur,Mid Range,1802,2827,2.5,3.2,3.9,2.4,1.3,230,1,0,12.0,2.5,2.92
11050,Thai,Bhaktapur,Mid Range,4291,3842,4.8,3.7,2.5,2.3,2.1,171,1,0,16.0,4.9,3.43
11051,American,Bhaktapur,Mid Range,4042,4285,2.8,3.8,2.1,3.4,1.3,235,1,0,11.1,1.1,2.99
11052,Thai,Biratnagar,Premium,749,75,4.6,2.2,1.7,2.7,4.0,138,1,1,3.9,3.6,2.97
11053,Nepali,Biratnagar,Mid Range,4965,4925,3.7,2.9,3.2,4.9,1.6,104,1,0,24.3,2.1,3.56
11054,American,Kathmandu,Mid Range,2062,4276,4.1,4.8,1.9,2.4,1.4,246,0,0,3.7,1.5,3.03
11055,Nepali,Bhaktapur,Budget,1442,4100,3.8,4.1,1.8,3.5,3.2,81,0,0,3.2,3.3,3.68
11056,Italian,Chitwan,Budget,750,2531,3.7,4.9,5.0,2.2,2.6,16,0,1,11.7,2.2,3.78
11057,Indian,Pokhara,Premium,530,2591,4.6,4.0,4.2,5.0,3.9,167,1,1,16.6,3.7,4.54
11058,Thai,Lalitpur,Mid Range,4363,1400,4.4,1.7,4.0,2.8,2.9,161,1,0,9.2,3.2,3.12
11059,Indian,Chitwan,Mid Range,3787,1140,3.7,1.3,4.2,3.5,2.7,182,0,1,5.2,2.6,3.43
11060,Nepali,Biratnagar,Mid Range,2313,2496,2.8,3.3,4.9,1.5,2.7,16,1,1,20.6,1.7,3.29
11061,Thai,Biratnagar,Mid Range,4505,844,2.8,2.4,3.3,3.9,4.5,225,1,1,9.4,3.4,3.78
11062,Indian,Chitwan,Budget,1248,236,4.5,2.1,1.9,2.1,2.6,79,0,1,5.3,4.3,2.53
11063,American,Biratnagar,Mid Range,515,3525,3.8,4.2,4.4,2.8,2.3,204,1,1,9.4,3.4,3.55
11064,Chinese,Bhaktapur,Mid Range,2720,4547,3.7,2.5,4.0,4.5,2.4,105,0,0,5.8,3.4,3.49
11065,Nepali,Kathmandu,Budget,3569,2453,4.2,2.3,2.7,4.9,1.8,196,1,1,13.2,3.0,3.28
11066,Indian,Pokhara,Budget,2626,737,4.6,4.4,2.9,2.7,4.4,187,1,1,16.9,2.6,3.71
11067,Nepali,Kathmandu,Budget,940,3696,4.1,4.4,2.6,4.3,1.6,130,1,1,20.1,2.8,3.71
11068,Japanese,Pokhara,Mid Range,3719,3632,4.4,2.4,4.7,1.2,4.6,63,1,0,6.1,5.0,3.54
11069,Nepali,Pokhara,Premium,896,1046,4.4,4.3,2.4,4.4,2.1,241,1,1,4.6,4.0,3.52
11070,Thai,Kathmandu,Budget,462,1842,3.4,4.4,4.9,3.5,4.6,247,1,1,1.0,2.7,4.15
11071,Japanese,Chitwan,Budget,4783,2750,3.2,2.7,4.6,3.0,4.2,83,1,0,6.1,2.8,3.25
11072,Thai,Pokhara,Budget,1070,502,4.5,1.3,3.5,4.6,3.3,180,0,1,1.1,3.0,3.4
11073,Chinese,Kathmandu,Mid Range,1227,1558,3.4,1.0,3.3,4.4,3.7,146,1,1,9.0,3.6,3.39
11074,Japanese,Pokhara,Mid Range,2979,1153,4.8,3.1,2.5,2.2,2.3,159,1,1,4.1,2.9,2.97
11075,American,Lalitpur,Mid Range,2531,3967,2.7,2.4,1.1,4.2,3.3,140,1,1,14.7,3.7,3.28
11076,Nepali,Chitwan,Mid Range,3768,3417,2.6,5.0,1.5,1.4,2.2,195,1,0,9.9,2.3,2.61
11077,Indian,Bhaktapur,Mid Range,947,649,4.8,4.1,4.0,4.3,2.6,227,1,1,2.8,2.6,3.86
11078,Italian,Pokhara,Premium,4593,182,4.1,4.0,2.9,3.7,4.1,67,1,1,10.3,4.5,3.79
11079,Nepali,Lalitpur,Premium,422,4364,3.4,4.8,1.6,1.4,2.0,126,1,0,5.6,2.3,2.55
11080,Nepali,Bhaktapur,Budget,3160,3969,4.4,4.6,2.1,3.7,4.4,173,0,1,17.2,4.9,4.12
11081,Chinese,Bhaktapur,Budget,4965,526,4.2,2.3,4.8,3.3,2.5,164,1,1,9.4,1.7,3.71
11082,American,Pokhara,Budget,1923,532,3.8,1.7,2.5,3.4,3.1,153,0,1,4.1,2.0,3.25
11083,Italian,Kathmandu,Budget,2697,1927,2.7,4.0,4.6,2.2,4.8,176,1,1,9.1,2.9,3.8
11084,Japanese,Pokhara,Premium,3314,2896,4.5,2.5,2.2,2.1,3.7,127,1,1,6.0,4.2,2.97
11085,Japanese,Lalitpur,Mid Range,4930,2174,4.7,2.9,3.2,4.1,3.6,157,1,1,20.0,3.9,4.2
11086,Japanese,Bhaktapur,Budget,4867,1939,2.9,3.5,1.1,2.0,3.8,128,1,1,24.6,1.7,2.94
11087,Thai,Pokhara,Mid Range,1096,3955,4.6,4.6,3.1,2.8,4.7,152,1,0,1.1,1.9,3.87
11088,Thai,Kathmandu,Mid Range,2815,2219,4.7,2.7,3.5,3.8,2.0,244,1,1,17.4,3.3,3.75
11089,Indian,Pokhara,Budget,656,3793,3.9,4.1,1.9,1.3,3.5,238,1,0,7.0,2.2,3.24
11090,Italian,Chitwan,Mid Range,393,2600,4.1,2.1,3.3,3.4,2.6,195,1,0,2.1,2.7,3.12
11091,Japanese,Kathmandu,Mid Range,655,4944,3.5,3.8,3.6,3.4,1.0,62,1,1,0.9,2.9,3.13
11092,Thai,Lalitpur,Mid Range,4667,4086,3.2,1.0,3.7,3.7,1.5,45,1,0,22.1,3.4,3.32
11093,Indian,Bhaktapur,Budget,3308,1103,4.3,4.5,4.1,2.5,2.3,51,1,1,9.2,2.0,4.0
11094,American,Pokhara,Budget,3740,3890,4.7,1.1,2.2,2.8,3.3,122,1,1,24.9,1.7,3.09
11095,Indian,Kathmandu,Mid Range,2022,2504,4.1,3.9,3.3,2.3,4.5,42,1,1,11.3,2.6,3.63
11096,Thai,Chitwan,Budget,3943,2589,3.8,1.2,4.9,4.2,4.2,173,1,0,5.1,1.3,3.83
11097,Chinese,Kathmandu,Mid Range,1342,2498,2.9,2.1,4.6,1.5,3.2,84,1,0,19.5,3.1,3.06
11098,Chinese,Biratnagar,Mid Range,4575,2795,2.6,3.0,4.8,4.9,1.3,28,1,0,23.2,4.4,3.66
11099,Japanese,Chitwan,Mid Range,4895,2768,3.6,2.7,2.5,3.5,2.1,136,1,1,20.5,1.5,3.25
11100,Chinese,Lalitpur,Premium,1614,1584,2.6,1.8,4.1,4.5,2.5,229,0,1,18.8,1.5,3.36
11101,Japanese,Bhaktapur,Mid Range,540,2383,3.9,2.3,3.5,2.7,3.5,30,1,0,8.7,1.3,3.18
11102,Japanese,Lalitpur,Budget,4626,4000,3.5,3.9,1.3,2.3,1.3,39,1,1,2.1,4.4,2.82
11103,Thai,Pokhara,Mid Range,3527,4855,4.4,3.7,4.3,4.6,3.1,181,1,1,5.4,1.3,4.23
11104,Chinese,Kathmandu,Mid Range,4987,1103,3.3,1.3,3.7,1.4,4.6,80,0,1,11.4,4.9,2.75
11105,Japanese,Biratnagar,Mid Range,822,1199,4.0,4.0,1.8,1.5,3.8,52,1,0,23.9,2.4,2.87
11106,Italian,Chitwan,Budget,2710,2699,3.8,1.2,1.3,2.2,4.2,183,1,1,18.2,2.3,2.8
11107,American,Chitwan,Premium,1361,4105,2.5,3.2,4.3,4.8,3.7,117,1,1,20.8,1.4,4.1
11108,Indian,Kathmandu,Mid Range,1079,1885,2.7,2.0,1.3,3.5,1.8,112,1,1,7.3,3.3,2.4
11109,Indian,Biratnagar,Budget,1689,3416,3.2,3.4,1.4,3.2,1.4,129,1,0,17.3,3.3,2.65
11110,Thai,Kathmandu,Budget,1062,1797,4.7,2.0,2.7,3.8,4.3,54,1,0,21.6,3.0,3.69
11111,Chinese,Pokhara,Budget,793,3942,2.9,4.9,1.5,2.7,3.8,249,1,1,12.2,2.2,3.26
11112,Chinese,Lalitpur,Premium,4672,1617,4.3,2.2,4.7,4.0,3.3,78,1,0,11.0,2.5,3.89
11113,Japanese,Chitwan,Budget,651,3758,4.9,2.0,2.9,2.6,1.8,103,1,1,18.1,2.3,3.11
11114,Nepali,Pokhara,Budget,879,58,4.5,2.1,3.3,4.3,3.4,114,0,1,14.2,2.7,3.38
11115,Japanese,Lalitpur,Premium,1433,3871,3.1,4.6,4.7,2.1,1.1,158,1,1,24.8,2.4,3.53
11116,American,Pokhara,Budget,2268,2190,4.8,3.5,3.1,2.1,1.5,96,1,1,10.9,3.7,2.92
11117,Italian,Biratnagar,Budget,4702,3056,2.7,3.9,2.4,3.1,2.2,91,1,1,4.8,2.2,3.0
11118,Indian,Chitwan,Budget,4536,2843,3.7,4.7,4.2,2.7,2.8,73,1,1,12.1,2.4,3.66
11119,Japanese,Kathmandu,Budget,3986,1407,4.7,4.6,2.8,3.6,1.5,243,1,1,6.3,2.7,3.52
11120,Nepali,Kathmandu,Budget,1069,3836,4.1,4.0,2.3,2.5,1.5,105,0,0,14.3,1.0,2.99
11121,Nepali,Lalitpur,Mid Range,4200,4584,3.5,1.8,3.9,1.9,3.9,112,0,1,3.6,3.0,3.3
11122,Japanese,Bhaktapur,Budget,2489,841,3.2,4.4,4.2,2.9,3.3,153,1,1,23.8,2.0,3.7
11123,Thai,Biratnagar,Budget,905,2707,3.4,1.8,4.2,3.2,3.1,15,1,1,21.6,1.2,3.07
11124,Indian,Lalitpur,Mid Range,2019,4787,3.8,4.0,4.9,1.6,2.8,27,1,1,4.3,4.6,3.29
11125,Thai,Bhaktapur,Mid Range,4622,2745,3.3,3.7,4.1,3.2,4.9,44,1,0,4.7,2.3,4.09
11126,Italian,Pokhara,Mid Range,657,91,4.9,4.0,4.1,2.3,1.2,211,1,1,13.1,2.7,3.4
11127,Nepali,Biratnagar,Mid Range,1586,96,4.8,3.1,4.4,2.6,1.7,32,1,0,19.4,4.3,3.61
11128,Nepali,Pokhara,Budget,2725,2073,4.7,3.6,1.0,2.1,3.6,92,1,1,5.9,1.7,2.95
11129,American,Chitwan,Mid Range,3576,831,3.6,4.8,2.4,4.7,1.5,155,1,1,2.0,4.4,3.76
11130,Italian,Biratnagar,Mid Range,708,172,4.2,1.4,4.0,3.7,3.4,46,1,0,13.9,2.0,3.25
11131,Nepali,Bhaktapur,Mid Range,3252,3749,4.8,2.2,3.4,2.0,3.3,85,0,0,17.4,3.4,3.39
11132,Italian,Chitwan,Premium,4666,2407,4.6,3.4,1.7,3.6,4.9,214,1,1,6.5,3.7,3.72
11133,Indian,Kathmandu,Budget,3772,1942,3.5,4.9,2.2,4.4,4.5,64,0,1,18.6,4.6,4.03
11134,Chinese,Bhaktapur,Mid Range,4549,2738,2.8,1.4,2.3,2.6,4.8,213,1,1,23.8,3.4,3.13
11135,Nepali,Lalitpur,Budget,4207,3545,2.7,1.1,3.3,4.3,1.5,130,1,1,3.9,2.8,3.02
11136,American,Kathmandu,Mid Range,3865,3456,3.9,1.2,4.3,1.6,4.5,127,1,1,13.0,3.3,3.42
11137,Indian,Kathmandu,Mid Range,1451,2800,4.1,1.2,4.7,4.3,1.5,94,1,0,1.9,1.8,3.12
11138,Japanese,Lalitpur,Premium,2305,2717,4.6,4.6,4.0,3.2,3.5,249,1,1,5.6,3.8,4.2
11139,Italian,Biratnagar,Budget,842,3943,3.2,3.9,4.4,1.9,3.9,45,0,0,2.7,1.7,3.43
11140,Japanese,Kathmandu,Mid Range,4500,3395,2.9,3.7,2.9,2.6,1.6,65,1,1,10.4,3.2,3.23
11141,Thai,Bhaktapur,Mid Range,1628,932,3.4,3.1,2.6,5.0,3.5,169,1,0,20.6,3.6,3.89
11142,Indian,Chitwan,Mid Range,406,2185,3.4,4.1,2.6,4.1,1.2,74,1,1,14.6,4.6,2.97
11143,Japanese,Kathmandu,Mid Range,2580,1592,2.8,1.6,3.5,3.3,2.2,47,1,1,6.0,2.8,3.05
11144,Nepali,Bhaktapur,Mid Range,591,574,4.2,2.6,1.5,1.5,4.7,195,1,1,1.5,4.1,2.95
11145,Italian,Pokhara,Mid Range,2031,3268,3.8,3.0,3.3,2.7,1.7,141,1,1,14.1,1.7,2.88
11146,Chinese,Bhaktapur,Budget,2796,2607,4.3,1.4,3.7,2.1,1.3,235,1,0,3.8,1.6,2.44
11147,Indian,Chitwan,Mid Range,3970,2510,3.4,2.7,2.8,1.3,2.8,214,1,1,8.9,3.1,2.89
11148,Nepali,Bhaktapur,Budget,4827,4576,3.3,2.3,4.8,3.2,4.4,175,1,0,13.0,3.4,3.93
11149,American,Lalitpur,Premium,1885,997,3.7,1.1,3.4,4.6,1.3,140,1,1,22.6,3.5,3.06
11150,Thai,Chitwan,Mid Range,3885,3646,4.7,1.5,1.9,3.7,2.4,55,1,0,2.5,4.0,3.34
11151,Italian,Biratnagar,Premium,2795,233,2.6,4.1,2.9,2.0,4.6,33,0,0,16.9,2.2,3.29
11152,Indian,Pokhara,Budget,168,360,4.5,1.1,3.7,3.3,1.5,227,1,0,0.8,3.5,2.55
11153,Indian,Lalitpur,Premium,1274,1938,3.4,4.7,2.3,4.8,2.2,55,1,0,15.9,1.8,3.47
11154,Chinese,Biratnagar,Premium,4135,358,4.6,1.3,1.3,3.9,4.1,99,1,1,14.0,1.9,3.32
11155,Chinese,Bhaktapur,Mid Range,2804,4287,4.5,4.2,3.3,3.8,3.2,103,1,1,20.4,1.3,3.98
11156,American,Chitwan,Mid Range,2230,4742,3.4,4.6,4.8,4.9,4.3,56,1,0,13.5,4.0,4.56
11157,Thai,Pokhara,Budget,1697,1027,4.2,4.8,2.9,4.2,1.4,134,1,1,9.1,3.0,3.7
11158,American,Lalitpur,Premium,1011,2236,2.9,4.5,4.6,1.5,4.7,37,1,1,6.4,2.0,3.45
11159,Nepali,Biratnagar,Mid Range,304,4877,4.7,2.2,4.3,2.4,4.7,217,0,1,2.6,3.2,3.46
11160,Nepali,Biratnagar,Budget,3644,4134,3.5,2.3,1.6,4.9,1.6,47,1,1,13.6,2.4,3.33
11161,American,Pokhara,Budget,1054,2429,3.6,2.7,3.8,3.0,1.1,34,1,0,22.3,4.3,3.3
11162,Thai,Bhaktapur,Premium,1419,1903,4.3,1.6,2.7,1.4,5.0,167,1,0,13.1,3.1,3.04
11163,American,Pokhara,Premium,554,3050,4.6,1.1,2.0,2.8,2.9,104,1,1,18.6,1.1,2.51
11164,Thai,Biratnagar,Premium,993,2078,3.1,4.5,3.7,3.8,3.3,118,1,1,7.8,4.9,4.12
11165,Thai,Kathmandu,Mid Range,1932,1135,4.2,3.2,4.0,5.0,3.5,194,1,1,11.5,1.3,4.32
11166,Japanese,Lalitpur,Budget,1714,3127,3.5,3.4,1.7,2.3,4.2,26,0,1,8.5,3.8,3.29
11167,Italian,Pokhara,Budget,1334,4171,3.4,4.7,4.7,3.1,4.2,174,1,1,3.2,2.7,4.11
11168,Thai,Biratnagar,Budget,896,4052,4.2,3.7,4.0,4.5,1.8,175,1,1,10.7,2.0,3.83
11169,Chinese,Bhaktapur,Budget,1875,4443,3.5,3.8,4.7,2.4,1.9,216,1,1,19.2,3.7,3.6
11170,Thai,Biratnagar,Mid Range,3338,2180,3.4,4.1,2.3,1.4,4.5,210,1,1,10.2,1.5,2.96
11171,Thai,Bhaktapur,Budget,420,456,4.6,1.5,4.8,4.8,4.3,157,0,1,16.4,4.4,4.02
11172,Thai,Pokhara,Mid Range,4106,2668,2.8,2.4,2.5,3.0,3.5,65,1,1,19.1,2.0,3.01
11173,Japanese,Bhaktapur,Premium,321,3372,4.2,4.9,1.2,3.0,5.0,20,1,1,8.4,2.4,3.68
11174,Japanese,Chitwan,Mid Range,423,2728,3.1,4.7,4.1,3.5,3.9,105,1,1,20.0,3.5,4.02
11175,Nepali,Chitwan,Premium,2456,3493,2.5,4.5,3.8,1.0,1.9,211,1,0,8.8,1.0,2.67
11176,Japanese,Chitwan,Mid Range,1308,2954,2.9,2.8,3.4,4.7,4.4,83,1,1,6.8,2.9,3.55
11177,Chinese,Kathmandu,Budget,1856,4386,4.0,4.4,3.0,2.4,2.7,224,1,1,5.9,4.6,3.53
11178,Chinese,Pokhara,Mid Range,1921,605,4.3,1.2,1.1,2.6,1.1,234,1,1,5.4,3.7,2.05
11179,Japanese,Biratnagar,Budget,571,1996,2.6,1.6,3.5,1.7,2.3,177,1,1,18.6,2.6,2.29
11180,American,Biratnagar,Budget,1359,2760,2.6,2.7,2.7,2.5,4.1,137,0,0,22.2,3.6,3.4
11181,Italian,Kathmandu,Mid Range,4825,1084,4.8,2.9,3.2,4.2,4.8,228,1,0,6.2,4.7,4.51
11182,Japanese,Bhaktapur,Budget,1040,3979,2.7,2.1,2.7,4.2,2.1,176,1,1,2.6,1.8,2.89
11183,Thai,Kathmandu,Budget,4967,4315,4.7,2.4,4.9,4.7,2.0,205,1,0,8.2,3.1,3.84
11184,Indian,Bhaktapur,Mid Range,3417,4231,3.1,1.7,3.4,2.6,3.3,210,1,1,16.6,1.9,3.26
11185,Italian,Bhaktapur,Premium,1623,4597,4.4,3.0,4.0,3.8,4.2,160,1,0,9.5,4.4,4.11
11186,Italian,Lalitpur,Mid Range,3393,3590,3.3,4.2,4.7,3.0,4.0,247,0,1,14.0,3.9,4.18
11187,Chinese,Biratnagar,Mid Range,4628,3017,4.6,3.6,3.4,4.2,3.2,129,1,1,18.7,4.2,4.05
11188,Italian,Chitwan,Budget,2331,979,4.3,1.4,1.0,3.9,3.5,168,1,1,10.5,4.8,2.87
11189,Japanese,Bhaktapur,Mid Range,1599,590,3.5,3.0,1.1,2.5,2.0,248,1,0,25.0,1.9,2.5
11190,Thai,Lalitpur,Mid Range,3246,2834,2.7,3.8,3.8,2.3,2.7,228,1,1,7.8,1.2,3.21
11191,Thai,Biratnagar,Mid Range,3406,4011,4.3,3.1,2.1,2.0,2.0,125,0,0,24.5,2.2,2.82
11192,Nepali,Chitwan,Premium,3306,1221,4.0,2.6,3.3,3.3,4.5,239,1,0,5.5,2.6,3.78
11193,Thai,Bhaktapur,Budget,1740,239,2.5,3.5,1.8,4.9,1.5,75,1,0,3.2,3.5,2.79
11194,Thai,Bhaktapur,Premium,4389,4294,2.5,4.9,2.1,1.8,3.7,121,1,1,18.9,4.2,3.37
11195,Chinese,Kathmandu,Premium,4131,3195,4.5,1.4,3.0,1.4,2.0,92,1,0,17.7,2.4,2.7
11196,Thai,Kathmandu,Budget,1585,511,3.1,2.6,4.9,1.5,2.9,109,0,1,20.4,2.9,3.26
11197,Nepali,Biratnagar,Mid Range,373,2142,4.1,2.6,3.5,4.1,2.2,88,0,0,8.9,4.1,3.3
11198,Indian,Chitwan,Premium,369,58,3.6,3.3,4.7,2.4,2.3,230,0,1,23.3,1.9,3.38
11199,Japanese,Bhaktapur,Budget,4424,3576,4.7,1.6,4.8,1.9,2.0,227,1,0,3.4,1.9,3.23
11200,Chinese,Biratnagar,Mid Range,1804,3065,4.8,1.7,1.8,2.4,4.0,62,0,1,1.2,3.4,3.0
11201,Indian,Biratnagar,Premium,4678,698,5.0,2.1,2.2,3.6,2.5,214,0,0,7.9,2.7,3.1
11202,Chinese,Pokhara,Mid Range,414,396,2.9,4.8,4.1,3.2,3.9,110,1,1,20.0,4.8,3.76
11203,American,Kathmandu,Budget,1103,979,4.7,3.9,4.5,4.0,2.8,45,1,1,17.0,2.4,3.99
11204,Italian,Chitwan,Mid Range,4674,3470,3.2,3.6,3.1,2.4,3.2,48,1,1,11.2,4.0,3.32
11205,American,Bhaktapur,Budget,3883,1015,4.0,4.3,5.0,2.8,3.2,101,0,0,6.8,3.3,4.14
11206,Thai,Biratnagar,Mid Range,2924,3062,3.8,1.5,1.0,1.4,4.9,231,1,1,2.0,1.2,2.51
11207,Indian,Bhaktapur,Budget,3274,3427,2.5,4.4,2.2,1.3,2.5,149,0,1,8.8,1.3,2.8
11208,Thai,Pokhara,Mid Range,629,2312,4.8,3.4,3.5,2.8,1.8,97,1,1,11.8,1.8,3.07
11209,Italian,Chitwan,Mid Range,3664,2293,2.7,2.3,2.9,2.2,4.6,149,1,1,17.3,1.6,2.8
11210,Chinese,Biratnagar,Mid Range,1503,1617,4.2,4.3,1.5,3.5,1.7,61,1,1,16.3,2.3,3.13
11211,Italian,Bhaktapur,Mid Range,3472,4376,4.5,4.2,2.5,1.2,4.3,150,1,0,23.7,3.3,3.29
11212,Nepali,Kathmandu,Mid Range,4028,132,4.5,4.4,1.1,1.5,1.6,220,1,1,3.0,3.4,2.69
11213,Italian,Pokhara,Mid Range,1039,1290,2.8,1.5,3.6,4.5,3.6,143,1,0,8.7,3.4,3.24
11214,Nepali,Chitwan,Budget,4004,3737,3.6,4.9,4.6,3.3,1.6,139,1,0,12.3,1.5,3.88
11215,Italian,Pokhara,Mid Range,1074,268,4.6,4.8,4.5,3.8,4.7,91,1,1,16.9,3.4,4.34
11216,Japanese,Kathmandu,Budget,2320,957,3.3,2.4,3.8,4.4,3.3,17,1,1,12.6,2.6,3.7
11217,Nepali,Chitwan,Premium,2052,4968,3.7,1.3,2.9,2.9,2.3,195,1,1,22.9,4.6,2.89
11218,Indian,Pokhara,Budget,2545,534,3.2,1.7,3.0,4.0,1.6,106,1,1,15.4,4.6,2.75
11219,Thai,Lalitpur,Mid Range,178,897,3.7,5.0,1.5,3.1,2.5,180,1,1,1.5,4.1,3.29
11220,Thai,Kathmandu,Mid Range,184,217,4.7,3.3,2.4,1.9,3.8,193,1,1,3.3,3.8,2.98
11221,American,Kathmandu,Mid Range,3739,3392,3.6,2.4,1.8,2.4,2.5,157,1,1,19.0,1.5,2.98
11222,Thai,Kathmandu,Budget,2820,2804,3.9,2.2,4.3,3.0,2.0,114,1,0,18.0,1.3,3.17
11223,Chinese,Lalitpur,Mid Range,3515,158,3.5,2.0,4.7,2.3,3.3,141,1,1,4.3,4.4,3.18
11224,Japanese,Lalitpur,Mid Range,738,447,3.7,3.7,3.1,2.3,2.7,209,0,0,1.9,2.7,2.98
11225,Italian,Bhaktapur,Mid Range,3368,2212,2.5,2.7,3.9,2.3,1.7,206,1,0,14.7,2.8,2.8
11226,American,Biratnagar,Mid Range,3288,3759,3.2,4.9,1.5,1.5,1.6,82,1,1,16.1,4.4,2.85
11227,Chinese,Pokhara,Mid Range,1053,3171,3.6,3.7,3.4,1.3,3.8,147,1,1,3.8,3.5,3.22
11228,Chinese,Bhaktapur,Mid Range,4236,3911,4.1,4.2,3.8,1.2,4.9,104,1,1,12.1,1.7,3.76
11229,Nepali,Pokhara,Mid Range,2319,4463,3.6,2.2,2.8,1.4,1.9,103,1,1,8.0,1.8,2.52
11230,Thai,Biratnagar,Mid Range,489,3255,3.3,1.3,2.0,2.4,4.1,24,1,1,23.3,1.0,2.46
11231,Indian,Lalitpur,Mid Range,4420,4561,3.5,3.0,4.5,3.4,1.4,22,1,0,5.9,3.8,3.8
11232,Indian,Biratnagar,Budget,1864,2833,3.1,2.3,4.0,1.8,2.5,26,1,1,18.5,2.9,2.87
11233,American,Lalitpur,Budget,4842,4734,4.8,1.8,4.6,4.6,3.0,78,1,1,13.2,4.8,4.15
11234,Japanese,Biratnagar,Budget,4696,3280,3.8,4.8,4.3,4.2,2.1,132,1,1,0.8,3.9,4.13
11235,Indian,Bhaktapur,Budget,706,495,2.5,2.8,5.0,3.1,3.1,73,1,1,13.2,1.4,3.29
11236,Italian,Chitwan,Mid Range,3237,209,2.5,1.7,1.8,3.9,4.5,209,1,1,2.9,1.6,2.69
11237,Indian,Bhaktapur,Mid Range,3416,4476,4.9,1.8,1.3,2.5,4.8,233,1,1,16.6,3.0,3.32
11238,American,Pokhara,Budget,3717,1992,3.1,2.1,2.3,1.1,1.4,64,1,1,14.4,4.7,2.19
11239,Indian,Bhaktapur,Premium,2206,1481,4.5,5.0,1.5,4.6,2.1,165,1,0,0.8,2.0,3.54
11240,Italian,Kathmandu,Budget,4049,4353,2.6,2.1,3.1,1.5,4.9,54,1,0,5.5,4.3,3.32
11241,Nepali,Pokhara,Mid Range,1166,4893,4.8,2.3,3.5,4.8,2.1,136,1,1,19.5,2.2,3.91
11242,Japanese,Biratnagar,Mid Range,2212,2321,4.7,3.6,3.3,3.3,3.8,111,0,1,7.3,2.1,3.99
11243,American,Pokhara,Mid Range,988,3383,3.9,2.2,2.0,2.2,2.0,220,1,1,12.7,4.6,2.57
11244,Nepali,Chitwan,Budget,1787,2088,2.5,1.9,4.6,3.0,2.4,141,1,0,8.1,1.2,3.11
11245,Nepali,Lalitpur,Mid Range,4471,1531,3.1,1.6,1.1,3.0,1.8,101,1,1,23.1,3.6,2.58
11246,Nepali,Biratnagar,Mid Range,3646,614,3.5,2.3,2.4,1.1,4.4,237,1,1,13.6,1.2,2.71
11247,Chinese,Pokhara,Premium,1963,3858,3.7,1.4,3.9,2.4,4.5,91,0,1,17.6,4.2,3.27
11248,Japanese,Biratnagar,Mid Range,3629,3352,3.2,1.1,4.1,4.0,2.2,135,1,0,2.5,4.3,3.44
11249,Thai,Biratnagar,Premium,1601,1427,2.6,4.2,2.7,3.0,4.3,218,1,1,1.5,4.6,3.36
11250,Japanese,Biratnagar,Budget,2463,4607,4.0,1.6,1.1,2.0,2.4,241,1,1,6.9,1.7,2.39
11251,Chinese,Lalitpur,Mid Range,1664,3885,3.8,4.1,3.5,2.3,1.4,160,1,1,8.1,1.5,3.26
11252,Thai,Bhaktapur,Mid Range,1381,2943,3.2,4.2,1.3,4.5,4.0,163,1,1,17.3,3.0,3.47
11253,Japanese,Biratnagar,Mid Range,1795,558,2.6,3.2,1.4,3.1,3.4,125,1,1,14.4,2.1,2.66
11254,Nepali,Kathmandu,Budget,3149,848,5.0,2.2,3.6,3.1,2.1,248,1,0,9.7,3.4,3.72
11255,American,Chitwan,Mid Range,3590,3825,3.7,1.6,2.2,4.8,2.0,143,0,1,16.5,3.1,3.14
11256,Thai,Lalitpur,Mid Range,4206,857,4.4,3.9,2.4,2.3,4.9,180,1,1,4.5,1.6,3.76
11257,Italian,Pokhara,Mid Range,455,4719,3.6,3.4,2.9,2.9,4.5,55,1,0,2.1,4.0,3.52
11258,Italian,Lalitpur,Budget,3686,4517,2.6,3.6,4.9,4.2,4.2,184,1,1,21.4,4.2,4.24
11259,Indian,Pokhara,Premium,1873,4783,3.3,1.0,4.9,4.0,1.5,151,1,0,14.3,4.9,3.33
11260,Thai,Lalitpur,Budget,1839,4264,3.3,4.7,2.7,2.1,4.0,37,1,1,16.4,2.6,3.46
11261,American,Pokhara,Premium,1667,4478,4.6,1.3,2.1,1.6,1.9,92,1,1,8.0,2.4,2.64
11262,Chinese,Biratnagar,Premium,4067,2282,4.1,2.5,2.2,3.8,4.9,25,0,0,9.6,1.8,3.71
11263,Nepali,Bhaktapur,Premium,569,3330,3.2,2.6,2.1,2.0,1.2,85,1,1,2.5,1.7,2.26
11264,Indian,Pokhara,Mid Range,3086,2568,4.9,1.0,3.1,4.7,2.4,173,1,1,21.5,2.3,3.24
11265,Italian,Pokhara,Mid Range,4012,4708,3.3,3.0,3.4,1.5,2.7,230,0,0,15.0,4.9,3.12
11266,Chinese,Kathmandu,Premium,4379,4321,5.0,4.0,3.0,2.3,4.3,40,0,1,2.5,1.4,3.76
11267,Chinese,Pokhara,Budget,1600,2006,5.0,4.3,2.6,1.2,4.1,44,1,0,20.2,2.0,3.54
11268,Nepali,Kathmandu,Mid Range,3246,3683,3.0,4.5,1.8,3.8,2.5,176,0,1,11.4,1.3,3.1
11269,Thai,Chitwan,Mid Range,3411,1574,3.3,3.0,2.9,4.6,3.3,188,0,0,19.2,2.1,3.57
11270,Italian,Biratnagar,Mid Range,1314,4028,3.7,3.5,2.4,3.5,4.3,116,1,0,0.8,1.4,3.39
11271,American,Kathmandu,Budget,2019,1850,4.2,1.3,3.2,4.8,1.1,83,0,1,1.2,3.0,3.14
11272,Chinese,Bhaktapur,Mid Range,1969,3301,3.8,3.0,3.7,1.5,4.2,147,1,1,4.7,2.8,3.27
11273,Nepali,Biratnagar,Premium,2855,2897,4.9,1.6,3.5,1.4,4.8,203,0,0,5.7,1.7,3.24
11274,American,Kathmandu,Budget,3665,736,4.3,2.5,2.8,4.4,1.1,225,1,1,19.2,1.7,3.0
11275,Thai,Biratnagar,Premium,1492,1254,3.0,2.3,3.2,4.4,1.2,180,1,1,17.8,3.5,3.15
11276,Italian,Biratnagar,Budget,2376,3470,2.8,2.7,2.1,4.3,2.4,170,1,1,15.6,2.5,3.2
11277,Thai,Biratnagar,Mid Range,1229,3728,4.2,3.3,1.1,4.2,1.4,168,1,1,22.2,1.2,3.07
11278,Chinese,Chitwan,Budget,4356,1075,2.9,4.6,3.5,2.4,2.9,75,0,1,6.6,4.7,3.44
11279,American,Bhaktapur,Budget,4713,4781,4.5,2.6,2.0,1.9,3.9,120,1,1,22.7,2.6,2.72
11280,American,Lalitpur,Premium,2929,292,3.3,4.9,3.7,4.7,3.3,37,0,1,22.8,3.4,4.28
11281,American,Lalitpur,Mid Range,2678,1091,3.3,4.0,4.0,2.2,1.8,188,0,1,11.1,4.5,3.1
11282,Chinese,Kathmandu,Mid Range,963,3895,2.5,3.0,4.7,2.6,3.6,127,1,0,2.8,2.6,3.46
11283,Chinese,Biratnagar,Budget,2181,2891,4.3,3.6,4.8,3.8,3.7,44,1,0,18.3,4.3,4.43
11284,Thai,Kathmandu,Mid Range,472,2594,2.8,1.4,1.0,2.2,4.7,81,1,0,8.8,4.7,2.27
11285,Indian,Chitwan,Mid Range,3119,2980,4.4,4.4,5.0,4.3,1.6,234,0,0,20.0,1.7,4.25
11286,Thai,Chitwan,Mid Range,1053,1162,3.7,3.3,3.7,1.3,3.8,175,1,0,4.5,4.6,2.95
11287,Italian,Pokhara,Budget,1691,3507,4.5,4.9,3.6,4.2,4.6,248,0,1,13.7,1.5,4.37
11288,Nepali,Chitwan,Premium,3653,957,4.0,3.5,1.1,3.4,3.0,145,1,1,12.9,2.1,3.11
11289,American,Pokhara,Mid Range,2803,4770,2.7,4.3,4.4,3.3,2.4,211,1,1,3.0,4.2,3.83
11290,Indian,Bhaktapur,Mid Range,2626,1727,4.4,4.2,1.6,2.8,1.7,135,1,1,9.4,4.6,3.22
11291,Nepali,Kathmandu,Budget,3490,76,2.7,2.4,4.3,2.1,4.5,97,1,0,2.6,3.7,3.3
11292,Indian,Bhaktapur,Mid Range,4393,646,3.7,2.0,1.1,2.9,2.6,184,1,1,11.9,1.4,2.37
11293,Japanese,Chitwan,Mid Range,1291,323,2.9,2.7,3.6,2.8,4.7,76,1,1,21.2,3.1,3.03
11294,Thai,Bhaktapur,Mid Range,999,3407,4.4,2.9,2.7,3.3,4.4,200,1,0,7.1,3.3,3.72
11295,Chinese,Bhaktapur,Budget,516,574,4.8,2.0,1.8,2.1,2.5,71,1,1,19.2,2.1,2.74
11296,American,Bhaktapur,Premium,3047,1611,3.9,4.6,1.4,1.3,3.3,15,1,1,5.0,5.0,2.84
11297,Thai,Chitwan,Budget,1239,835,3.8,3.2,2.8,1.6,1.1,116,1,1,17.0,2.3,2.63
11298,Nepali,Biratnagar,Mid Range,4191,3680,4.4,4.9,1.5,3.8,2.1,215,1,0,22.9,1.8,3.58
11299,Japanese,Bhaktapur,Mid Range,2188,1035,2.5,4.2,2.9,1.1,3.8,202,0,1,8.4,1.4,3.0
11300,Japanese,Pokhara,Budget,3010,2261,4.8,3.2,3.5,4.4,3.7,83,1,1,22.6,2.5,4.13
11301,Japanese,Chitwan,Mid Range,4420,4767,3.0,4.8,4.3,3.8,2.4,73,1,1,12.9,3.8,4.19
11302,Nepali,Bhaktapur,Budget,2004,814,5.0,3.0,3.7,4.1,4.2,60,1,1,8.3,1.9,3.89
11303,Nepali,Biratnagar,Premium,4833,2461,4.3,4.5,1.3,4.3,1.9,120,0,1,22.5,4.1,3.69
11304,Nepali,Chitwan,Premium,644,4641,4.4,2.4,2.2,1.5,2.8,48,1,1,1.3,1.5,2.57
11305,Nepali,Lalitpur,Premium,3332,1401,4.1,2.5,2.2,4.3,2.9,115,1,1,1.2,2.8,3.26
11306,Japanese,Biratnagar,Budget,1934,1245,3.7,2.7,4.7,3.0,2.4,111,1,1,15.2,3.8,3.14
11307,Japanese,Pokhara,Mid Range,3660,4042,3.9,3.2,4.5,4.5,4.8,167,1,1,20.0,1.5,4.53
11308,Indian,Bhaktapur,Mid Range,3936,3290,2.6,3.2,2.5,4.5,3.8,184,0,1,18.9,3.4,3.94
11309,Thai,Lalitpur,Premium,4280,4733,4.1,3.0,1.3,1.1,3.2,43,1,0,2.4,4.2,2.53
11310,American,Lalitpur,Mid Range,1148,4854,4.1,2.2,4.6,2.5,3.0,167,1,1,23.8,3.4,3.62
11311,Chinese,Chitwan,Premium,4619,3559,4.7,4.7,4.6,3.1,1.6,196,0,1,17.7,3.0,4.13
11312,Japanese,Lalitpur,Mid Range,1601,4210,3.8,3.4,4.4,3.7,2.5,137,1,1,23.8,4.4,3.82
11313,Chinese,Pokhara,Mid Range,1901,4151,2.7,2.6,4.4,2.1,3.7,87,1,0,8.6,4.9,3.21
11314,Thai,Pokhara,Budget,2430,1364,3.3,3.6,2.9,2.0,4.7,209,1,1,17.5,1.7,3.48
11315,Thai,Kathmandu,Mid Range,4950,1846,4.1,4.1,1.7,2.5,4.3,157,1,1,21.6,3.8,3.72
11316,Chinese,Pokhara,Mid Range,4808,2902,3.1,4.8,2.9,3.0,2.2,18,1,1,9.8,1.3,3.48
11317,Japanese,Biratnagar,Mid Range,3084,2506,3.2,3.0,3.0,4.8,2.7,52,1,1,24.1,1.2,3.55
11318,Chinese,Lalitpur,Mid Range,3884,2593,4.6,1.4,3.0,4.0,1.3,34,1,0,7.0,2.1,3.28
11319,Indian,Pokhara,Mid Range,3496,2568,4.0,2.8,3.2,2.7,1.4,127,1,0,8.2,4.9,2.99
11320,Italian,Chitwan,Budget,2023,3628,3.8,2.9,2.0,1.2,2.9,37,1,1,23.0,3.2,2.95
11321,Japanese,Kathmandu,Mid Range,4684,1569,3.3,4.6,2.5,1.7,3.1,179,1,0,24.3,2.1,3.45
11322,Japanese,Lalitpur,Mid Range,3953,1517,4.3,2.6,2.7,2.8,2.1,204,1,1,7.5,1.5,3.2
11323,American,Kathmandu,Mid Range,2129,4081,3.2,4.8,1.5,4.3,3.6,125,1,1,3.8,4.7,3.77
11324,Nepali,Lalitpur,Budget,848,2073,4.3,2.9,2.8,2.5,3.8,150,1,1,19.1,2.4,2.9
11325,Italian,Chitwan,Budget,1462,3652,2.7,4.9,4.2,3.2,2.2,179,1,0,23.3,2.2,3.63
11326,Thai,Kathmandu,Budget,3112,2010,4.7,1.0,4.3,4.6,4.0,59,0,0,15.2,4.4,4.24
11327,Japanese,Bhaktapur,Mid Range,3088,1304,3.7,4.6,2.6,4.7,1.8,111,1,1,16.0,3.4,3.9
11328,Chinese,Biratnagar,Budget,4937,4075,3.6,4.7,3.1,1.9,3.2,47,1,1,19.2,1.7,3.58
11329,Italian,Biratnagar,Mid Range,2450,2762,4.0,4.8,1.1,1.2,4.2,149,0,0,4.3,2.7,2.89
11330,American,Lalitpur,Premium,3347,1763,4.1,1.1,3.7,2.2,3.1,36,1,1,24.3,4.7,3.29
11331,Thai,Bhaktapur,Budget,276,4220,2.8,1.7,2.6,3.8,4.6,147,1,1,9.4,4.6,3.07
11332,Nepali,Kathmandu,Mid Range,1341,1613,4.4,3.6,2.8,4.8,1.2,29,1,0,15.9,1.3,3.47
11333,Nepali,Bhaktapur,Mid Range,2789,1332,3.2,1.1,4.5,1.3,3.4,35,1,0,12.0,2.1,3.03
11334,American,Bhaktapur,Premium,4539,2451,4.8,1.3,2.8,1.1,3.2,140,1,1,12.0,1.6,2.62
11335,American,Kathmandu,Mid Range,4066,1108,4.5,1.9,1.1,4.5,3.6,103,0,0,17.7,3.1,3.44
11336,Chinese,Chitwan,Mid Range,1516,1515,3.4,3.0,1.9,4.0,4.3,31,1,0,24.9,4.0,3.25
11337,Japanese,Bhaktapur,Premium,1169,1136,4.5,3.2,2.9,5.0,3.9,70,0,0,16.6,2.2,3.85
11338,Nepali,Bhaktapur,Mid Range,4229,306,3.4,1.1,2.7,2.6,4.2,64,0,1,20.0,4.0,3.05
11339,Thai,Chitwan,Premium,4664,3059,2.8,1.7,4.4,2.7,2.2,149,0,1,1.2,3.7,3.13
11340,Italian,Bhaktapur,Budget,4689,2235,4.9,3.0,3.2,1.7,2.5,132,0,0,20.4,3.9,3.59
11341,Thai,Bhaktapur,Premium,834,4364,4.1,3.4,3.8,1.5,3.5,136,1,0,7.8,4.8,3.28
11342,Indian,Bhaktapur,Mid Range,3779,3797,3.6,1.6,2.9,3.3,3.2,64,1,0,3.6,2.7,3.24
11343,Indian,Biratnagar,Mid Range,3037,2106,3.5,2.6,2.8,2.5,4.8,74,1,1,3.3,2.4,3.36
11344,American,Pokhara,Budget,1612,3619,3.3,4.6,2.8,1.3,1.7,139,1,0,17.2,3.7,2.83
11345,Chinese,Chitwan,Mid Range,4236,2218,5.0,5.0,2.6,4.5,2.4,225,1,1,24.9,4.2,4.38
11346,Indian,Bhaktapur,Budget,2411,185,2.8,4.9,3.2,1.8,3.3,130,1,0,16.8,1.8,3.3
11347,Nepali,Biratnagar,Premium,4330,2512,3.3,4.5,2.0,4.0,4.5,149,1,0,6.9,4.4,3.85
11348,Thai,Chitwan,Premium,2991,4009,3.7,2.6,4.6,2.1,4.7,182,1,0,5.5,1.2,3.59
11349,Thai,Lalitpur,Budget,1917,1677,3.7,3.7,2.3,4.3,2.3,187,1,1,13.4,1.0,3.23
11350,American,Lalitpur,Premium,4330,4381,3.7,2.7,1.6,1.5,1.3,201,0,1,2.1,1.6,2.22
11351,Japanese,Bhaktapur,Mid Range,3710,2555,2.9,3.6,1.4,4.0,2.7,102,1,1,10.3,4.9,3.27
11352,Japanese,Biratnagar,Mid Range,2262,685,2.9,2.2,1.1,1.4,2.6,217,1,0,16.8,3.1,2.27
11353,Italian,Biratnagar,Mid Range,4908,1833,3.1,3.4,2.7,2.8,4.9,119,1,0,24.2,1.2,3.48
11354,American,Chitwan,Budget,776,1366,4.8,3.1,1.8,3.9,2.7,69,1,1,10.9,5.0,3.31
11355,Italian,Chitwan,Budget,4309,3082,2.8,1.1,1.1,1.7,2.2,78,1,1,5.4,4.0,2.06
11356,Japanese,Biratnagar,Budget,3564,3269,4.4,4.2,3.1,2.1,2.5,207,0,1,20.5,4.4,3.64
11357,American,Chitwan,Premium,1525,556,4.4,1.0,3.7,4.5,2.6,196,1,0,18.7,1.9,3.17
11358,American,Biratnagar,Budget,1331,2093,4.5,2.2,1.3,4.5,4.3,110,1,0,21.6,1.4,3.56
11359,American,Pokhara,Premium,640,2050,4.7,1.0,2.8,1.2,1.3,182,1,0,5.8,3.1,2.31
11360,Japanese,Biratnagar,Budget,3879,4544,3.2,2.5,4.0,1.7,2.3,195,1,1,10.4,4.1,2.86
11361,Italian,Lalitpur,Mid Range,3684,1762,3.1,1.3,4.9,1.5,4.9,58,1,1,24.5,3.6,3.31
11362,Italian,Chitwan,Mid Range,3446,1625,3.7,4.7,3.7,1.7,1.6,205,1,1,4.4,3.5,3.31
11363,American,Biratnagar,Premium,2090,1859,3.2,2.7,2.0,4.9,4.0,144,1,0,17.0,4.0,3.32
11364,Indian,Biratnagar,Budget,4558,2652,4.3,2.8,3.9,3.2,2.4,221,1,1,6.3,1.9,3.36
11365,Chinese,Chitwan,Mid Range,2032,1610,4.1,2.4,3.4,2.9,3.3,163,0,1,12.8,3.6,3.11
11366,Japanese,Pokhara,Mid Range,3137,3406,4.7,3.5,1.8,4.9,1.4,230,1,0,20.1,2.6,3.5
11367,Chinese,Pokhara,Budget,3309,4412,2.7,4.1,4.4,3.2,2.2,64,1,1,12.5,1.3,3.72
11368,Chinese,Chitwan,Budget,4925,3615,4.8,3.6,2.7,3.6,3.0,223,0,1,20.2,1.8,3.91
11369,Italian,Kathmandu,Mid Range,4680,3809,3.2,4.0,4.8,2.3,1.9,125,1,1,10.9,4.2,3.52
11370,Italian,Chitwan,Mid Range,831,628,3.7,4.6,3.9,2.5,3.2,194,1,1,25.0,4.6,3.85
11371,Indian,Chitwan,Mid Range,1223,1142,3.6,4.5,3.6,3.4,1.9,151,1,1,11.2,2.1,3.57
11372,Chinese,Pokhara,Mid Range,2537,2125,4.4,3.7,3.9,1.3,3.6,113,1,1,4.2,1.8,3.51
11373,Chinese,Pokhara,Mid Range,2544,2349,3.6,1.9,2.9,2.0,4.6,162,1,1,10.3,1.1,2.99
11374,American,Chitwan,Mid Range,2843,2749,4.9,3.6,3.0,1.8,1.3,225,1,1,18.7,4.8,3.25
11375,Italian,Chitwan,Mid Range,1520,4286,4.8,3.0,4.4,1.1,1.9,160,1,1,21.3,3.7,3.73
11376,Chinese,Chitwan,Premium,4894,1497,4.7,3.9,3.7,3.1,4.4,98,1,1,11.8,4.8,4.11
11377,Thai,Pokhara,Mid Range,4490,1567,2.7,4.3,4.6,3.2,3.5,44,0,0,15.1,4.5,3.93
11378,Indian,Chitwan,Mid Range,2306,2123,4.6,4.0,4.6,2.5,1.3,246,1,0,21.2,2.4,3.53
11379,Thai,Chitwan,Budget,2730,1054,4.5,4.4,4.9,2.1,2.9,79,1,0,20.4,1.5,3.76
11380,Thai,Bhaktapur,Mid Range,4541,2441,2.8,1.3,3.8,3.6,1.8,38,1,1,16.6,3.0,3.16
11381,Japanese,Kathmandu,Budget,2309,1592,2.8,1.1,3.0,1.5,1.8,230,1,1,20.5,1.1,2.21
11382,Japanese,Lalitpur,Mid Range,3398,1318,2.8,2.0,1.7,3.1,4.8,189,1,1,14.6,1.6,2.79
11383,Indian,Kathmandu,Mid Range,3881,4927,2.5,4.6,3.8,4.1,4.0,225,1,0,0.6,1.9,4.01
11384,Thai,Bhaktapur,Premium,3979,611,3.9,4.3,2.2,1.7,3.8,236,1,1,1.5,3.7,3.13
11385,Chinese,Lalitpur,Budget,1777,1630,4.9,3.7,2.1,4.0,2.0,104,1,1,24.5,3.0,3.27
11386,Italian,Chitwan,Mid Range,3622,4890,3.6,3.8,2.0,4.0,1.5,120,1,0,4.1,2.2,3.44
11387,Indian,Bhaktapur,Mid Range,177,4776,3.9,3.9,4.5,1.2,4.5,186,1,1,10.4,3.3,3.51
11388,American,Chitwan,Budget,2135,110,4.9,4.8,4.5,1.1,1.0,244,1,1,23.4,1.5,3.32
11389,Thai,Pokhara,Budget,4303,4281,3.1,4.3,3.5,4.9,2.6,171,1,0,5.3,4.0,3.59
11390,Indian,Biratnagar,Budget,1671,247,4.6,3.5,2.9,1.8,2.1,91,0,0,21.2,3.8,3.12
11391,Nepali,Bhaktapur,Budget,446,4035,3.9,3.7,3.7,4.3,3.3,82,1,1,20.5,1.9,3.88
11392,Nepali,Pokhara,Budget,2331,2928,3.9,1.9,3.4,3.2,2.0,123,1,1,24.7,3.4,2.96
11393,Japanese,Bhaktapur,Budget,3552,2552,3.4,3.6,2.7,2.1,2.2,159,1,1,7.4,3.0,2.9
11394,Italian,Bhaktapur,Budget,2446,2013,3.9,2.7,2.5,1.5,4.4,111,1,1,8.2,1.2,2.84
11395,Chinese,Pokhara,Mid Range,2747,1547,2.7,1.6,2.5,3.0,3.4,147,1,1,22.6,2.1,2.97
11396,Italian,Lalitpur,Mid Range,1051,764,4.4,4.2,3.4,2.6,1.6,106,1,0,6.2,5.0,3.34
11397,Italian,Kathmandu,Premium,1248,3378,3.2,3.0,3.6,3.8,3.9,102,1,1,13.9,1.4,3.38
11398,Italian,Chitwan,Mid Range,1827,2268,4.7,4.9,2.8,4.6,1.8,223,1,0,17.8,3.0,4.01
11399,Italian,Bhaktapur,Mid Range,3031,3675,3.4,2.1,4.9,4.2,2.7,64,1,1,7.2,4.4,3.49
11400,American,Chitwan,Premium,1528,4245,2.9,2.9,1.3,2.1,3.6,117,1,0,23.5,2.2,2.56
11401,American,Biratnagar,Mid Range,1398,550,4.2,2.8,2.4,4.5,2.1,126,1,0,16.8,2.0,3.32
11402,Japanese,Pokhara,Mid Range,3885,279,2.9,1.5,2.7,4.3,2.5,182,1,0,1.7,4.6,2.98
11403,Indian,Chitwan,Mid Range,4391,3470,4.4,2.7,1.1,4.7,3.9,250,1,0,3.8,2.2,3.74
11404,Nepali,Pokhara,Budget,1414,3418,4.9,2.2,2.5,2.8,4.8,60,0,1,5.2,3.6,3.48
11405,Italian,Chitwan,Budget,2057,515,4.4,1.6,2.1,4.1,3.1,193,1,0,6.5,4.0,3.29
11406,Japanese,Kathmandu,Mid Range,1208,1139,2.6,2.1,3.0,3.4,1.0,25,1,1,18.4,4.2,2.83
11407,Indian,Kathmandu,Mid Range,2899,2089,4.0,1.9,2.3,2.2,2.4,26,1,1,2.7,5.0,2.7
11408,Nepali,Kathmandu,Budget,2198,3155,4.2,3.9,3.9,5.0,2.6,155,1,1,9.1,4.2,4.03
11409,Thai,Kathmandu,Premium,4398,3252,4.6,1.1,3.0,1.2,2.4,78,1,1,22.8,3.6,2.75
11410,Chinese,Kathmandu,Mid Range,2626,4918,2.6,3.5,1.5,1.6,2.7,22,1,1,14.1,4.6,2.82
11411,American,Kathmandu,Mid Range,4166,371,3.7,4.0,4.0,4.6,3.5,207,1,0,7.0,4.6,4.15
11412,Thai,Pokhara,Premium,4753,3730,3.8,2.9,1.4,1.2,1.5,23,1,1,23.9,4.9,2.66
11413,Nepali,Bhaktapur,Mid Range,3347,1466,2.9,4.7,4.4,4.5,2.1,234,1,1,6.5,4.1,4.0
11414,Thai,Chitwan,Premium,4736,4077,3.3,3.8,4.7,3.9,3.0,144,1,0,22.7,1.8,3.84
11415,Chinese,Kathmandu,Mid Range,3703,4205,3.6,4.0,2.3,1.1,2.3,92,1,1,18.3,3.8,2.71
11416,Japanese,Pokhara,Budget,4590,1691,4.6,1.8,4.7,2.7,5.0,155,1,1,18.6,1.3,4.08
11417,Nepali,Pokhara,Mid Range,1911,1062,4.8,4.1,4.2,4.0,2.7,16,0,0,19.2,2.3,3.86
11418,Thai,Pokhara,Mid Range,370,2519,4.1,4.3,4.7,3.3,4.5,210,1,1,12.9,1.5,4.02
11419,American,Bhaktapur,Mid Range,4968,4737,3.5,2.4,3.7,4.7,4.6,218,1,0,20.5,4.8,4.38
11420,American,Chitwan,Premium,4773,691,3.1,1.9,1.9,4.5,4.3,190,0,1,21.0,2.4,3.23
11421,Indian,Bhaktapur,Mid Range,3038,3942,5.0,2.5,4.6,2.3,1.2,88,0,1,9.3,3.9,3.26
11422,Thai,Lalitpur,Mid Range,1814,2139,5.0,4.0,1.7,1.3,4.8,145,1,0,10.3,3.3,3.24
11423,Italian,Pokhara,Premium,4136,4859,4.8,2.7,1.9,4.8,1.5,210,1,0,22.3,1.4,3.46
11424,Thai,Lalitpur,Mid Range,4726,4026,4.5,3.9,2.1,3.1,1.1,148,1,0,13.4,3.2,3.13
11425,Japanese,Biratnagar,Mid Range,3127,3312,3.3,1.5,2.2,1.3,2.7,101,0,0,21.7,3.6,2.43
11426,Nepali,Kathmandu,Premium,2021,729,4.5,4.2,3.1,4.3,1.8,19,1,0,15.9,4.5,3.89
11427,Nepali,Kathmandu,Budget,1612,84,3.5,2.0,3.9,4.5,1.7,145,1,1,15.0,1.3,3.25
11428,Japanese,Bhaktapur,Mid Range,494,1303,3.3,2.0,4.7,3.6,2.2,152,1,1,1.3,2.2,3.12
11429,Thai,Chitwan,Premium,194,1932,4.4,3.4,1.4,2.8,2.0,185,1,1,7.3,3.8,3.0
11430,Japanese,Lalitpur,Mid Range,2218,4167,2.7,1.3,4.8,3.6,3.7,161,0,1,12.8,1.1,3.67
11431,Chinese,Chitwan,Mid Range,1664,4979,2.6,1.1,4.7,3.8,1.7,28,1,1,14.9,1.8,3.26
11432,Japanese,Bhaktapur,Mid Range,2748,329,3.6,2.0,1.2,4.6,3.2,163,0,1,15.9,1.9,2.91
11433,American,Kathmandu,Mid Range,1151,2159,3.6,3.2,2.4,4.8,4.9,138,1,0,18.0,3.7,3.76
11434,Japanese,Chitwan,Premium,1183,1462,4.7,4.6,4.3,3.1,2.7,57,1,1,16.6,2.1,3.96
11435,Nepali,Chitwan,Budget,2190,4979,2.8,4.4,3.4,4.2,3.6,42,1,0,21.3,3.4,4.02
11436,American,Kathmandu,Budget,423,1565,2.8,3.0,4.1,4.9,4.9,163,1,1,7.7,4.9,3.9
11437,Nepali,Lalitpur,Budget,2797,4217,2.9,1.1,3.9,1.6,1.6,178,1,1,16.2,4.2,2.63
11438,Indian,Kathmandu,Mid Range,1929,3042,2.6,3.1,3.0,1.1,2.7,38,1,1,1.8,2.3,2.57
11439,Italian,Chitwan,Mid Range,4626,470,2.7,3.8,1.2,4.5,4.4,196,1,1,12.3,2.9,3.76
11440,Nepali,Lalitpur,Premium,628,896,4.1,2.4,3.3,1.8,4.7,180,1,1,7.1,1.8,3.05
11441,American,Lalitpur,Mid Range,665,3543,3.6,1.4,1.2,1.2,3.4,31,1,0,9.8,1.1,2.34
11442,Indian,Kathmandu,Mid Range,4436,3946,4.4,2.1,3.4,1.6,1.6,164,0,1,9.2,2.2,3.06
11443,Nepali,Chitwan,Budget,1341,1125,5.0,4.1,4.2,2.5,4.6,97,0,1,2.0,2.5,3.82
11444,Chinese,Bhaktapur,Mid Range,2818,1085,4.1,2.4,3.3,1.9,1.7,59,1,0,11.9,3.3,2.88
11445,Japanese,Chitwan,Mid Range,1561,3886,2.6,4.2,5.0,2.2,2.4,88,0,1,24.9,4.8,3.56
11446,Italian,Pokhara,Budget,3430,4625,2.8,2.3,2.8,4.9,2.5,203,1,1,7.8,4.8,3.49
11447,Nepali,Biratnagar,Budget,421,4917,4.7,1.7,4.0,3.8,2.8,153,0,0,18.5,1.3,3.56
11448,Indian,Bhaktapur,Budget,292,1934,3.8,2.7,3.7,3.8,4.2,75,1,1,13.9,3.5,3.6
11449,Chinese,Lalitpur,Budget,3482,936,4.6,2.8,5.0,1.4,4.2,52,1,1,8.5,1.2,3.29
11450,Thai,Bhaktapur,Mid Range,937,4662,4.6,1.1,3.9,3.9,3.9,80,0,1,2.7,3.6,3.54
11451,Indian,Lalitpur,Budget,1831,2291,4.8,1.5,1.7,4.0,1.1,47,1,1,5.8,1.5,2.94
11452,Japanese,Lalitpur,Mid Range,772,1065,4.9,1.7,4.8,3.6,3.3,57,1,1,19.7,4.8,3.78
11453,Indian,Bhaktapur,Premium,3991,4684,3.9,1.5,3.7,1.9,4.0,173,1,1,7.3,4.5,3.26
11454,Chinese,Lalitpur,Mid Range,3826,551,3.4,2.4,1.2,2.7,2.8,126,1,0,4.0,1.1,2.67
11455,Indian,Lalitpur,Premium,2722,2171,4.9,4.9,3.6,4.4,4.8,49,1,0,8.6,4.1,4.36
11456,Chinese,Pokhara,Mid Range,3410,2261,3.9,3.0,4.5,3.7,4.3,51,0,0,14.8,3.5,4.12
11457,Nepali,Chitwan,Mid Range,4862,1062,2.7,3.5,3.3,3.9,3.6,189,0,0,17.7,3.0,3.92
11458,Chinese,Chitwan,Premium,216,4579,4.1,2.4,2.4,3.3,1.2,114,0,0,10.0,3.4,2.9
11459,Chinese,Biratnagar,Budget,4436,2754,4.0,2.3,4.3,2.8,3.6,37,1,1,12.7,3.7,3.37
11460,Italian,Biratnagar,Premium,4766,3879,4.7,1.1,4.1,4.0,4.6,178,1,1,11.6,4.5,4.02
11461,Chinese,Pokhara,Budget,1290,4491,4.1,3.0,3.2,1.3,2.5,182,0,0,0.7,4.1,2.99
11462,Chinese,Biratnagar,Mid Range,2464,4167,3.4,2.9,1.6,3.7,4.4,245,1,0,10.2,3.3,3.41
11463,Thai,Bhaktapur,Budget,2682,4620,4.9,1.6,2.0,5.0,2.3,232,1,0,14.9,4.3,3.58
11464,Nepali,Kathmandu,Mid Range,3730,4535,4.5,4.1,4.0,4.1,3.3,103,1,1,14.5,4.9,4.4
11465,Japanese,Kathmandu,Mid Range,1337,4685,4.1,3.0,4.2,2.2,3.6,223,1,0,18.9,2.2,3.39
11466,Italian,Kathmandu,Mid Range,4621,1570,3.2,2.4,2.1,2.1,3.7,29,1,1,16.9,1.5,2.74
11467,Thai,Pokhara,Mid Range,4898,3772,3.4,1.6,2.5,3.7,4.5,179,1,1,7.3,3.9,3.41
11468,American,Pokhara,Mid Range,3489,1174,4.2,3.2,1.3,4.6,1.9,146,1,1,6.8,4.9,3.4
11469,Nepali,Lalitpur,Budget,698,2732,2.7,4.0,3.9,3.3,2.0,164,1,1,11.9,1.5,3.12
11470,Nepali,Kathmandu,Budget,4237,2368,3.1,2.1,1.0,3.1,3.8,223,1,0,18.5,2.7,3.19
11471,American,Bhaktapur,Premium,222,480,4.3,1.9,1.2,1.6,1.7,36,1,0,2.8,1.2,1.66
11472,Japanese,Biratnagar,Mid Range,348,1426,3.7,3.1,1.0,3.9,2.9,223,1,0,23.7,4.1,2.84
11473,Chinese,Bhaktapur,Premium,3351,1478,3.5,1.6,3.6,3.8,1.1,220,1,0,13.8,4.8,3.19
11474,Thai,Biratnagar,Premium,1931,818,2.9,3.7,2.7,4.9,1.6,92,1,0,8.0,3.0,3.44
11475,Indian,Kathmandu,Mid Range,721,181,3.6,3.4,2.2,2.2,3.7,159,1,1,17.5,2.6,2.98
11476,Italian,Kathmandu,Mid Range,940,4136,4.4,1.3,4.7,4.0,4.0,86,1,0,1.6,4.6,3.94
11477,Indian,Kathmandu,Budget,1788,4152,3.2,1.1,1.8,2.7,1.5,112,1,1,12.4,1.5,2.38
11478,American,Pokhara,Budget,1981,4235,2.5,3.5,2.6,3.2,1.9,104,1,0,12.4,4.6,3.08
11479,Nepali,Biratnagar,Budget,2005,2409,4.2,2.2,4.8,4.3,1.4,123,1,1,4.5,2.6,3.62
11480,Japanese,Pokhara,Mid Range,1324,1655,4.9,1.3,2.7,1.9,2.7,108,1,1,21.0,3.2,2.33
11481,Nepali,Pokhara,Mid Range,3890,67,4.0,4.0,3.2,2.4,1.5,228,1,0,20.0,3.1,3.19
11482,Italian,Chitwan,Mid Range,3427,1139,2.8,2.3,1.3,4.1,2.7,94,1,0,4.2,3.5,2.87
11483,Nepali,Bhaktapur,Mid Range,328,1363,3.3,2.8,4.2,3.3,3.9,108,1,1,9.4,4.8,3.89
11484,Nepali,Bhaktapur,Mid Range,2394,777,4.7,1.9,2.7,1.4,3.7,94,1,1,3.0,4.8,2.78
11485,Italian,Lalitpur,Mid Range,4236,3905,3.1,3.5,4.2,2.7,2.1,52,1,1,21.3,4.3,3.53
11486,Thai,Pokhara,Mid Range,884,692,4.0,2.2,2.0,3.3,3.7,166,0,0,8.4,1.8,3.2
11487,Thai,Biratnagar,Budget,948,3464,3.5,4.9,2.7,4.6,4.7,242,1,1,11.3,2.3,4.23
11488,Italian,Chitwan,Budget,937,2018,3.0,3.8,4.1,1.8,2.4,241,0,0,8.4,3.0,3.06
11489,Japanese,Chitwan,Mid Range,2945,3152,4.5,1.5,4.9,4.2,2.3,148,1,1,8.1,4.6,3.95
11490,American,Bhaktapur,Mid Range,4454,1800,4.4,2.7,1.2,1.5,3.3,210,1,1,18.8,3.1,2.67
11491,Nepali,Pokhara,Mid Range,4738,1487,4.2,2.5,4.2,2.0,2.0,224,1,0,18.8,4.9,3.55
11492,Japanese,Lalitpur,Budget,3234,895,3.1,3.1,2.2,2.0,3.6,148,0,0,13.2,4.9,3.06
11493,Nepali,Pokhara,Mid Range,3068,3916,2.7,4.4,3.2,4.5,4.3,40,1,0,16.6,3.4,3.86
11494,American,Kathmandu,Budget,881,4502,3.9,3.3,2.2,1.8,2.8,115,1,1,13.0,4.5,2.88
11495,Thai,Pokhara,Budget,1279,1548,3.9,1.2,3.5,4.1,3.7,233,0,1,1.2,5.0,3.11
11496,Japanese,Kathmandu,Mid Range,3596,2083,3.0,3.6,2.4,2.8,3.6,183,1,0,2.1,4.4,3.38
11497,Chinese,Kathmandu,Mid Range,1755,322,2.6,1.0,2.3,5.0,1.2,89,1,1,9.9,3.6,2.83
11498,Chinese,Lalitpur,Mid Range,3928,820,2.7,4.1,1.2,4.4,1.7,52,1,1,18.9,4.4,3.14
11499,Chinese,Biratnagar,Premium,2895,2245,5.0,3.7,1.6,4.0,4.6,222,1,0,22.9,1.3,4.02
11500,Thai,Bhaktapur,Mid Range,3320,2867,4.5,2.2,4.7,4.5,4.8,97,1,0,1.2,3.5,4.27
