Patient_ID,Age,Gender,BMI,Blood_Pressure,Heart_Rate,Blood_Sugar,Cholesterol,Smoking_Status,Exercise_Level,Family_History,Previous_Conditions,Medication_Usage,Sleep_Hours,Stress_Level,Doctor_Visits,Hospital_Visits,Annual_Medical_Expense,Insurance_Status,Health_Risk
1,56,Male,24.32,138,117,115.28,177,No,Medium,No,0,Yes,8.2,Medium,1,4,211454,Yes,0
2,69,Female,25.54,122,77,131.82,135,No,High,No,4,No,4.7,High,9,2,274222,Yes,1
3,46,Female,22.34,114,67,152.77,298,No,Low,No,5,Yes,7.0,Medium,6,4,110847,No,1
4,32,Male,20.93,110,75,104.56,146,No,Medium,No,2,No,6.8,Medium,14,5,132307,No,1
5,60,Female,27.59,106,68,110.48,170,Yes,High,No,4,Yes,4.9,Medium,10,2,58932,Yes,1
6,25,Male,22.44,112,104,118.88,194,No,Low,No,3,No,8.8,Low,9,5,490016,Yes,0
7,78,Male,22.9,146,106,150.87,263,No,Medium,Yes,4,Yes,6.2,High,5,4,87830,Yes,1
8,38,Male,31.76,170,55,187.51,206,No,Low,No,2,No,8.6,Medium,6,5,338843,No,1
9,56,Male,39.24,147,50,224.11,307,Yes,Medium,No,1,No,5.2,High,14,0,50601,Yes,1
10,75,Female,30.49,103,57,121.68,242,No,High,No,3,No,5.9,High,5,2,422593,Yes,1
11,36,Female,17.85,109,100,103.07,195,No,Medium,No,3,Yes,4.6,Medium,9,2,77251,No,1
12,40,Male,17.81,119,74,138.19,159,Yes,High,Yes,5,Yes,4.9,High,0,3,93062,Yes,1
13,28,Female,38.83,108,96,230.99,186,No,Medium,Yes,3,No,9.3,High,14,4,44373,No,1
14,28,Female,23.13,142,104,71.77,249,No,High,No,2,No,4.7,Medium,2,1,192755,No,0
15,41,Male,18.21,145,113,192.02,221,No,Medium,No,3,Yes,4.6,Medium,14,1,392980,Yes,1
16,70,Female,30.38,166,59,155.89,295,No,Low,Yes,1,No,9.6,High,9,1,102997,Yes,1
17,53,Male,30.97,171,105,98.99,299,No,Medium,No,0,Yes,7.9,Low,1,1,120292,Yes,1
18,57,Male,31.56,112,61,127.78,271,No,Medium,Yes,0,No,4.6,Medium,0,0,322145,No,1
19,41,Female,22.42,151,82,110.49,212,No,High,No,4,Yes,9.8,Low,0,1,154826,Yes,0
20,20,Female,16.36,122,120,228.01,229,No,Medium,Yes,0,Yes,4.9,Medium,3,5,494560,No,1
21,39,Female,39.16,107,66,156.74,201,Yes,Medium,No,2,No,8.6,High,10,3,47970,Yes,1
22,70,Male,22.02,162,110,171.36,197,No,High,No,0,No,4.2,Low,0,1,396340,Yes,1
23,19,Male,32.22,122,59,176.86,121,No,High,No,2,No,7.7,High,1,3,476079,Yes,1
24,41,Female,32.96,121,80,185.13,184,Yes,Medium,No,2,Yes,7.3,Low,0,2,314199,Yes,1
25,61,Female,30.64,150,109,159.2,139,No,High,No,4,Yes,5.2,Medium,12,5,149293,Yes,1
26,47,Female,23.51,143,119,73.22,153,No,Medium,No,0,No,7.9,Medium,11,4,87122,Yes,1
27,55,Female,22.51,106,66,130.25,160,No,Low,No,4,Yes,7.7,Low,11,1,86628,Yes,1
28,19,Male,30.34,108,99,103.1,288,No,Low,Yes,3,Yes,8.8,Medium,5,3,412086,Yes,1
29,77,Female,36.79,159,86,192.43,142,No,High,Yes,1,Yes,9.3,High,10,5,365690,Yes,1
30,38,Male,38.72,123,111,80.21,157,No,Low,Yes,0,Yes,7.1,Medium,3,3,129409,Yes,1
31,50,Male,18.54,173,129,171.48,291,No,Medium,No,3,Yes,6.9,Medium,7,4,256991,Yes,1
32,29,Female,19.72,114,121,107.91,186,Yes,High,No,5,No,7.7,Medium,10,2,8740,Yes,1
33,75,Female,38.67,157,126,240.79,181,Yes,Low,Yes,3,No,8.4,Low,4,1,24105,No,1
34,39,Female,33.68,163,78,130.4,259,Yes,High,No,4,No,6.1,High,13,3,125714,Yes,1
35,78,Male,37.19,163,81,128.54,149,No,High,No,4,Yes,7.0,Medium,9,1,210459,No,1
36,61,Female,20.86,177,129,236.21,206,No,High,No,1,No,7.5,Medium,4,5,177744,Yes,1
37,42,Female,30.1,174,60,145.12,312,No,Low,No,1,Yes,9.9,Low,10,0,210974,No,1
38,66,Male,32.83,100,55,243.32,288,No,Medium,Yes,1,Yes,7.5,Medium,10,3,95358,Yes,1
39,44,Female,32.32,105,84,74.35,267,No,High,Yes,1,Yes,5.3,Medium,7,2,265720,Yes,1
40,76,Male,25.8,179,82,125.14,237,No,Low,No,4,No,7.5,Medium,10,5,480866,Yes,1
41,59,Female,16.37,150,67,189.91,125,No,Medium,Yes,2,No,8.9,Medium,9,4,33519,Yes,1
42,45,Male,29.99,169,86,230.35,194,No,Medium,No,4,Yes,9.1,High,5,3,317856,Yes,1
43,77,Female,22.07,96,62,116.15,251,No,Low,No,2,No,8.8,Medium,5,0,325472,No,1
44,33,Female,26.81,105,123,237.49,212,No,High,No,4,No,9.3,Medium,2,4,144759,Yes,1
45,32,Male,38.98,105,113,176.94,129,No,Medium,No,5,Yes,6.0,High,12,2,190632,Yes,1
46,79,Male,25.58,129,50,214.18,170,No,Low,No,4,Yes,7.0,High,5,1,486694,No,1
47,79,Female,36.16,101,112,141.5,212,Yes,Low,Yes,1,No,8.7,Medium,9,1,134993,Yes,1
48,64,Male,20.52,124,83,108.19,157,Yes,Low,No,2,Yes,5.6,Medium,12,3,179694,Yes,1
49,79,Male,32.14,110,59,234.02,248,No,Low,No,3,No,6.2,Low,6,4,457686,Yes,1
50,68,Male,39.45,139,56,237.96,255,No,Medium,Yes,5,No,9.0,Low,1,0,362760,Yes,1
51,61,Male,18.45,132,105,159.56,221,No,Low,No,3,No,8.6,High,2,0,332093,Yes,1
52,72,Female,16.2,106,129,71.17,200,No,Medium,No,5,No,9.8,Medium,5,2,204183,Yes,1
53,69,Female,26.41,121,86,89.76,202,No,High,Yes,3,No,10.0,Low,9,5,28892,Yes,1
54,74,Male,18.22,130,78,173.15,310,No,Medium,No,1,No,5.4,High,8,4,6082,Yes,1
55,20,Male,33.96,95,61,74.28,280,No,Low,No,3,No,9.4,High,12,4,319049,Yes,1
56,54,Male,37.95,177,66,141.44,262,No,High,No,4,Yes,4.6,High,8,1,265732,No,1
57,68,Male,26.42,116,97,124.61,150,No,Low,No,1,No,8.3,Medium,7,2,362250,No,0
58,24,Female,22.21,109,75,198.58,140,Yes,High,No,3,No,5.3,Medium,7,2,253718,Yes,1
59,38,Female,26.43,114,61,80.0,250,No,Medium,No,1,No,5.8,Low,8,5,144807,Yes,1
60,26,Male,33.36,155,70,157.97,245,No,Medium,No,4,No,9.7,High,10,2,16255,Yes,1
61,56,Male,16.22,98,91,174.24,313,Yes,High,No,1,No,5.6,High,14,4,372281,Yes,1
62,35,Male,30.15,142,110,181.11,154,No,Medium,Yes,3,No,8.0,High,10,1,408310,Yes,1
63,21,Female,30.72,150,107,142.93,288,No,High,Yes,1,Yes,5.1,High,8,2,484450,Yes,1
64,42,Male,31.3,127,103,124.79,306,Yes,High,No,5,No,4.6,Low,9,1,327659,Yes,1
65,77,Female,21.81,92,83,192.85,263,Yes,Medium,No,0,No,6.0,Medium,10,5,354154,No,1
66,31,Male,33.14,173,56,222.56,303,No,Medium,Yes,3,Yes,7.7,Medium,12,2,166723,No,1
67,67,Female,18.19,159,84,194.85,164,No,High,No,4,No,5.5,High,8,4,302062,No,1
68,75,Male,20.78,144,64,237.78,178,No,Medium,No,2,No,5.8,Low,4,1,11103,Yes,1
69,26,Female,37.06,90,114,199.11,297,Yes,High,Yes,1,No,8.3,Medium,14,3,349947,No,1
70,43,Male,33.73,159,74,207.63,131,No,Medium,No,5,No,4.6,Low,5,5,253437,Yes,1
71,70,Male,16.33,134,108,100.22,259,No,Medium,Yes,1,Yes,6.7,Medium,14,2,458362,Yes,1
72,19,Male,21.96,136,128,145.52,152,No,Low,No,3,No,9.7,High,4,4,59390,No,1
73,37,Female,21.15,168,55,157.31,296,No,Low,No,5,Yes,6.4,Medium,12,1,238351,No,1
74,45,Male,22.5,115,101,116.13,140,Yes,Medium,No,3,Yes,6.6,High,0,0,316302,No,0
75,64,Female,21.94,103,128,165.14,179,No,Medium,No,0,No,8.4,Medium,3,4,163083,Yes,0
76,77,Female,17.5,143,70,122.34,171,Yes,Medium,No,4,No,8.7,Low,14,4,487781,Yes,1
77,24,Male,27.01,160,120,193.75,301,No,Medium,No,5,Yes,8.6,Medium,13,0,326033,No,1
78,61,Male,33.59,135,81,154.65,286,No,Medium,Yes,5,Yes,10.0,High,10,0,329411,No,1
79,78,Male,30.56,120,102,152.59,296,No,High,Yes,1,No,4.4,Low,12,3,239776,No,1
80,25,Female,32.15,177,108,247.06,242,No,Low,No,1,No,9.9,Low,0,3,187313,Yes,1
81,64,Male,17.95,148,118,140.64,225,No,Medium,Yes,2,No,9.7,Medium,11,3,397750,Yes,1
82,52,Female,38.84,118,111,135.21,311,No,Low,No,5,Yes,9.1,Medium,0,4,140263,Yes,1
83,31,Female,36.12,106,53,127.35,219,No,Medium,No,1,No,6.7,Medium,2,4,141695,No,1
84,34,Male,35.32,103,67,231.05,273,No,Low,No,1,Yes,9.2,Medium,6,4,7293,Yes,1
85,53,Male,35.75,125,105,159.41,190,No,Medium,No,0,Yes,5.3,High,14,3,156665,Yes,1
86,67,Male,38.39,147,73,178.0,254,Yes,Medium,No,2,No,8.7,High,0,1,97703,No,1
87,57,Male,29.06,113,115,102.55,319,Yes,Low,No,1,No,5.1,Low,6,4,369873,Yes,1
88,21,Male,20.81,152,62,167.37,181,No,Medium,No,1,No,8.9,Medium,9,4,475518,No,1
89,19,Male,30.8,114,111,119.44,207,Yes,High,No,4,No,7.7,High,13,4,459600,No,1
90,79,Female,33.83,148,103,201.51,143,No,Low,No,5,No,4.6,High,9,3,303136,Yes,1
91,23,Female,33.71,121,64,219.86,159,Yes,Medium,No,1,No,9.4,Medium,14,2,88160,Yes,1
92,71,Female,28.51,171,118,198.67,195,No,Medium,No,0,No,7.5,Medium,12,3,20848,No,1
93,59,Male,17.64,107,52,201.44,294,No,Medium,No,1,No,7.9,High,0,2,328317,Yes,1
94,21,Female,24.91,126,86,162.25,255,Yes,Low,No,5,Yes,5.7,High,8,3,380055,Yes,1
95,71,Female,38.1,115,86,198.18,301,No,Low,Yes,1,No,9.2,Medium,4,1,413975,Yes,1
96,46,Female,30.03,98,52,146.08,128,No,High,Yes,3,No,7.3,Low,12,1,405733,Yes,1
97,35,Female,28.92,153,112,187.27,122,No,Low,No,1,Yes,6.5,Medium,14,4,298124,Yes,1
98,43,Female,22.45,161,84,116.63,301,No,Low,No,2,No,7.2,Low,5,3,205198,Yes,1
99,61,Male,24.84,109,101,82.56,140,No,Medium,No,5,Yes,8.2,Low,14,2,489044,Yes,1
100,51,Male,37.49,143,77,144.43,214,Yes,Medium,Yes,5,Yes,8.2,Medium,11,2,275599,Yes,1
101,27,Female,32.0,175,67,153.12,295,Yes,Medium,No,3,No,6.1,Medium,8,1,11944,Yes,1
102,79,Female,34.9,172,85,116.15,294,Yes,Medium,No,2,Yes,6.3,Medium,10,4,496837,Yes,1
103,53,Female,26.9,119,82,200.99,315,No,Medium,No,2,Yes,7.4,Medium,2,2,331771,No,1
104,31,Male,31.13,142,113,83.24,310,No,Medium,Yes,5,No,9.5,Low,2,3,331867,Yes,1
105,48,Male,21.96,152,75,110.09,135,Yes,Low,Yes,0,No,8.5,Low,4,4,252967,No,1
106,65,Female,32.93,100,97,204.74,226,No,Medium,No,1,No,6.3,Low,12,5,425316,Yes,1
107,32,Male,26.26,120,89,148.68,212,No,Medium,No,2,No,6.0,Medium,12,3,202248,Yes,1
108,25,Male,26.62,138,66,196.95,252,No,Medium,No,1,No,7.1,Low,6,3,268002,No,1
109,31,Female,31.58,176,89,172.15,258,No,Medium,No,1,No,9.2,Low,2,1,304155,Yes,1
110,40,Male,38.47,108,56,241.13,276,No,Medium,No,0,No,4.1,Medium,3,3,101054,Yes,1
111,77,Male,17.54,101,106,177.6,198,No,Low,No,0,No,8.3,Low,13,0,244038,Yes,1
112,74,Female,35.79,104,57,72.68,189,No,Low,No,2,Yes,5.8,Low,1,4,282581,Yes,1
113,79,Male,23.02,120,105,133.52,167,No,Medium,No,2,Yes,5.3,High,8,0,292694,Yes,1
114,57,Male,26.65,132,80,95.75,134,No,Medium,Yes,5,No,4.1,Medium,9,3,161933,Yes,1
115,38,Female,16.53,126,108,236.43,153,No,Low,No,3,Yes,9.4,High,8,3,439227,Yes,1
116,33,Male,23.23,168,107,88.72,179,No,High,No,1,Yes,9.5,Medium,12,1,296073,No,0
117,62,Male,28.06,118,61,139.79,309,No,Medium,No,5,No,4.4,High,10,1,399235,No,1
118,35,Female,17.35,115,97,110.7,121,No,Medium,No,1,No,7.1,Low,1,5,29284,Yes,0
119,64,Female,27.79,91,80,222.41,199,No,Medium,No,0,Yes,4.9,Medium,4,1,82350,No,1
120,70,Female,38.25,173,112,125.54,138,No,Low,No,0,No,8.6,Medium,0,5,377983,Yes,1
121,41,Male,18.53,104,123,248.54,168,No,Medium,No,5,Yes,8.0,High,7,1,381824,Yes,1
122,43,Female,34.35,93,88,76.95,197,No,Medium,Yes,2,No,5.8,Medium,5,5,342784,No,1
123,42,Male,25.83,175,125,93.09,147,No,Low,No,3,No,4.7,High,13,2,210087,Yes,1
124,77,Female,31.72,139,69,110.43,167,No,High,Yes,3,Yes,9.0,Medium,9,1,75909,Yes,1
125,77,Male,22.25,127,97,216.0,215,No,High,No,0,No,8.0,Medium,9,3,299515,Yes,1
126,77,Female,19.83,112,120,228.13,284,No,Low,Yes,0,No,4.0,High,1,5,280378,Yes,1
127,62,Female,19.85,148,103,82.86,296,No,Medium,No,3,Yes,7.8,High,1,3,68172,Yes,1
128,58,Female,17.69,179,127,75.84,228,No,Low,No,3,Yes,8.9,Medium,9,5,404573,No,1
129,46,Female,20.46,164,124,204.02,295,No,High,Yes,2,Yes,7.5,Medium,4,4,288739,Yes,1
130,32,Male,31.94,117,120,94.0,192,Yes,Medium,No,3,No,6.5,Low,6,5,312743,Yes,1
131,62,Female,37.16,155,78,93.94,219,No,Medium,No,1,Yes,7.5,Medium,8,0,143844,Yes,1
132,18,Female,35.54,97,123,74.03,148,Yes,Medium,Yes,3,Yes,7.7,Low,8,5,478319,No,1
133,42,Male,32.44,118,122,78.97,307,No,Medium,Yes,4,No,7.8,Low,11,5,321034,Yes,1
134,24,Female,18.65,100,97,117.46,276,No,Medium,No,3,Yes,9.8,Medium,14,2,107205,Yes,1
135,26,Male,22.94,107,123,81.7,177,No,Medium,Yes,0,Yes,5.1,High,14,2,295828,No,0
136,41,Female,23.44,144,105,136.4,167,Yes,Medium,No,0,No,7.7,Low,10,4,452301,Yes,1
137,18,Female,22.0,139,66,219.9,142,No,Medium,No,4,Yes,5.1,Medium,5,4,327068,Yes,1
138,61,Female,28.36,103,58,128.74,146,No,Medium,No,1,No,5.3,Medium,1,1,16708,Yes,1
139,25,Male,28.85,163,83,201.01,126,Yes,Low,Yes,3,No,8.0,High,5,4,274814,Yes,1
140,41,Female,24.57,98,94,86.9,168,No,Low,Yes,3,No,9.5,Low,0,2,337614,Yes,0
141,28,Female,24.49,100,58,188.69,301,Yes,Medium,Yes,4,No,5.0,Medium,10,0,269810,Yes,1
142,68,Female,35.89,152,56,127.01,228,No,Medium,No,2,No,9.8,High,10,5,335133,Yes,1
143,34,Male,34.94,165,65,204.96,187,No,High,No,2,No,5.9,Medium,12,0,395783,No,1
144,25,Male,23.39,156,68,94.53,289,No,Low,Yes,1,Yes,6.3,Medium,1,2,121255,Yes,1
145,52,Female,37.93,142,55,231.62,306,No,Medium,No,3,Yes,4.9,High,11,1,221744,Yes,1
146,52,Male,38.87,128,60,113.66,291,No,Low,No,3,No,7.7,Low,2,0,439463,No,1
147,50,Female,23.84,167,125,133.56,273,No,High,Yes,3,Yes,7.6,High,4,5,269617,Yes,1
148,76,Female,24.51,145,110,241.03,270,No,High,Yes,0,No,6.7,High,9,5,423781,Yes,1
149,22,Female,28.14,117,91,174.13,192,Yes,Low,Yes,5,No,6.9,Low,0,0,158680,Yes,1
150,59,Female,38.59,164,62,135.84,220,No,Medium,Yes,2,Yes,7.7,Medium,11,1,229743,Yes,1
151,56,Female,37.03,128,61,240.93,127,No,Medium,No,5,No,7.5,Medium,9,0,266301,Yes,1
152,75,Female,18.46,114,123,129.23,172,Yes,Low,No,4,No,6.2,High,12,3,498925,Yes,1
153,58,Female,25.43,110,69,87.08,261,Yes,Medium,No,5,Yes,9.3,Low,13,2,495173,No,1
154,45,Male,29.28,99,99,249.43,318,Yes,Medium,No,0,No,8.0,Medium,12,0,308358,Yes,1
155,24,Male,28.08,132,85,118.21,254,No,Low,Yes,0,Yes,5.2,Low,12,0,428764,Yes,1
156,26,Male,20.65,104,118,223.23,256,No,Medium,Yes,2,No,5.9,High,4,1,244577,Yes,1
157,25,Male,36.61,172,86,99.8,122,No,Low,No,3,No,8.7,Medium,4,0,170674,No,1
158,29,Male,32.25,137,61,201.64,197,No,Medium,No,1,No,4.6,Medium,3,1,372490,Yes,1
159,51,Male,36.11,175,89,164.4,264,No,High,Yes,5,Yes,8.5,Medium,2,2,99373,No,1
160,50,Male,36.61,110,103,246.56,291,No,Medium,Yes,4,Yes,6.2,High,6,3,418951,No,1
161,65,Female,33.96,149,51,169.51,205,No,Low,No,2,No,7.3,Medium,10,4,21806,Yes,1
162,72,Female,26.54,139,99,74.5,165,No,Low,No,1,No,5.7,High,6,2,459853,Yes,1
163,40,Female,30.65,112,90,178.7,209,No,Medium,No,2,No,9.9,Low,0,0,313436,Yes,0
164,79,Female,19.85,102,94,96.16,305,No,Medium,Yes,2,No,9.4,Medium,6,3,34228,Yes,1
165,41,Male,32.17,158,58,213.74,275,Yes,Medium,Yes,2,No,9.6,High,2,4,240309,Yes,1
166,54,Male,20.3,93,111,224.18,261,No,Low,No,2,Yes,5.1,Medium,12,4,52986,No,1
167,52,Female,32.65,167,96,156.78,128,No,High,Yes,3,No,9.1,High,2,5,441071,No,1
168,61,Female,21.51,161,54,210.98,234,No,High,No,0,No,7.2,Medium,14,5,101780,Yes,1
169,57,Male,18.82,98,125,96.12,273,No,High,No,5,Yes,8.2,High,5,0,479163,No,1
170,39,Female,19.97,124,50,158.57,249,No,Medium,Yes,2,No,5.3,Low,14,5,424080,No,1
171,44,Female,16.05,110,93,140.91,194,No,Medium,No,1,No,8.3,Low,5,4,437056,Yes,0
172,52,Female,33.25,147,71,180.04,200,No,Low,Yes,5,Yes,9.5,High,10,4,424140,Yes,1
173,18,Female,33.58,107,87,78.01,247,No,High,No,1,Yes,5.6,High,12,2,136626,Yes,1
174,52,Male,28.36,161,68,205.38,153,No,Low,No,1,No,5.4,Medium,14,5,316302,Yes,1
175,54,Female,19.87,170,129,84.24,266,No,High,Yes,0,Yes,4.6,High,3,5,88685,Yes,1
176,64,Female,18.01,132,80,188.16,158,No,Medium,No,0,No,5.6,Medium,4,2,203699,No,1
177,31,Male,16.46,95,116,73.32,132,No,High,No,1,No,7.2,High,2,4,393267,Yes,0
178,20,Male,19.98,175,91,219.74,252,Yes,Medium,Yes,3,Yes,9.0,Medium,2,1,32749,No,1
179,18,Female,37.38,167,75,101.45,169,Yes,Medium,Yes,0,No,5.7,Low,8,0,379339,Yes,1
180,22,Male,21.8,156,62,162.79,142,No,High,Yes,0,Yes,7.7,Medium,4,1,317953,Yes,1
181,43,Female,24.5,101,107,117.07,241,Yes,Low,No,3,Yes,6.9,High,0,1,331220,No,1
182,72,Female,18.53,101,67,200.08,239,No,High,Yes,2,Yes,5.7,Medium,8,4,210611,Yes,1
183,31,Male,21.34,155,116,127.84,207,No,High,No,0,No,7.1,High,9,0,453462,No,0
184,56,Female,28.46,91,52,200.43,276,No,High,No,5,Yes,5.0,High,5,1,405679,Yes,1
185,44,Female,30.59,104,104,121.28,231,Yes,Low,No,1,Yes,7.8,Medium,8,2,391252,No,1
186,26,Female,21.89,112,107,205.45,230,No,Low,Yes,1,No,4.7,Medium,13,2,449330,Yes,1
187,32,Female,17.39,118,112,75.51,191,No,Medium,Yes,3,No,8.4,Medium,10,0,382322,Yes,0
188,32,Male,25.38,170,101,121.0,273,No,High,Yes,1,Yes,5.1,Medium,6,1,341189,No,1
189,43,Male,21.62,96,73,159.75,176,No,Low,Yes,4,Yes,10.0,Low,10,3,362546,No,1
190,59,Female,21.27,117,121,78.11,120,No,Low,No,1,No,8.9,High,9,5,345185,Yes,1
191,77,Male,39.04,103,58,103.49,275,No,Low,Yes,3,No,6.1,Medium,9,3,29466,No,1
192,30,Female,30.79,133,86,238.22,232,No,High,No,3,No,6.6,High,6,0,417148,No,1
193,68,Female,29.37,119,102,245.83,181,No,High,Yes,3,Yes,5.6,Medium,4,5,490168,Yes,1
194,49,Female,25.98,170,129,203.15,166,No,Medium,Yes,5,Yes,8.6,Medium,6,0,112712,Yes,1
195,56,Female,26.29,121,73,115.4,197,Yes,Low,Yes,4,No,6.3,Medium,9,3,128212,Yes,1
196,66,Female,28.98,159,70,116.89,225,No,Medium,Yes,0,No,8.5,High,3,1,251936,Yes,1
197,69,Male,32.71,177,89,186.24,306,Yes,Low,Yes,2,No,4.1,Medium,10,1,43867,Yes,1
198,78,Female,32.85,95,111,91.17,278,No,Medium,No,1,No,4.8,High,10,4,417200,No,1
199,49,Male,20.12,116,119,240.7,317,No,Medium,No,5,No,6.2,Medium,5,5,171934,No,1
200,21,Male,28.0,171,118,110.47,245,Yes,Medium,Yes,0,Yes,4.7,High,1,0,119361,Yes,1
201,47,Female,25.89,177,63,249.93,296,No,High,No,3,No,7.6,High,13,1,367711,Yes,1
202,54,Female,36.89,113,91,159.23,124,No,Medium,Yes,0,Yes,4.3,High,9,3,366514,No,1
203,40,Female,31.15,123,99,208.86,150,No,Medium,Yes,0,No,9.2,Medium,2,5,229616,Yes,1
204,56,Female,28.78,129,110,70.39,156,Yes,High,No,4,No,8.6,Medium,1,3,322040,Yes,1
205,62,Female,18.77,136,53,229.97,198,No,Low,No,3,No,5.3,High,12,2,269934,No,1
206,32,Male,30.54,168,121,118.6,262,Yes,High,No,5,Yes,6.9,Medium,9,1,372527,No,1
207,60,Female,18.81,164,124,190.23,171,No,Low,Yes,5,No,6.7,Medium,1,4,458021,No,1
208,46,Female,24.09,175,66,215.14,316,No,High,No,3,Yes,8.3,High,6,4,49449,No,1
209,53,Male,19.43,113,106,99.55,258,Yes,Low,No,1,Yes,6.4,Medium,4,5,425461,No,1
210,30,Male,32.61,154,97,149.65,162,Yes,Low,No,5,No,4.2,Medium,12,0,350737,Yes,1
211,49,Female,20.95,107,93,158.89,317,No,Medium,No,5,No,5.6,Low,12,2,167408,Yes,1
212,24,Male,25.4,133,94,126.18,270,No,High,No,1,No,6.8,Low,5,5,449731,Yes,1
213,76,Female,37.5,165,129,156.72,159,No,High,No,1,No,9.8,High,2,3,115464,Yes,1
214,68,Male,20.9,146,82,127.16,182,Yes,Low,No,5,Yes,9.3,High,14,3,254483,Yes,1
215,39,Male,28.19,117,80,134.93,249,No,Low,No,5,Yes,5.1,Low,9,0,434485,Yes,1
216,45,Female,26.06,160,96,190.48,206,Yes,Medium,No,5,Yes,8.3,High,4,4,171654,Yes,1
217,19,Male,16.43,112,55,183.87,192,No,Medium,Yes,1,No,9.6,Low,4,4,93562,Yes,1
218,59,Male,35.03,174,121,111.81,294,No,High,No,5,No,4.1,Medium,10,3,103652,Yes,1
219,62,Male,17.66,123,120,231.55,223,No,Medium,No,0,No,8.3,Low,3,0,236498,Yes,1
220,79,Male,27.38,100,83,225.3,277,Yes,High,No,0,No,6.8,High,9,5,330864,No,1
221,74,Male,29.46,175,102,161.63,135,No,Medium,No,1,No,8.1,High,3,1,249624,No,1
222,70,Male,31.08,124,63,147.99,178,No,Medium,No,1,Yes,7.6,Medium,11,5,183899,No,1
223,23,Female,32.53,131,65,137.83,166,No,High,No,1,Yes,9.9,Medium,12,2,265665,Yes,0
224,45,Female,22.08,117,92,197.31,235,No,Low,No,2,No,5.7,Medium,7,4,25517,Yes,1
225,45,Male,16.24,171,122,190.9,277,No,Low,No,1,No,8.7,High,5,5,445581,Yes,1
226,61,Female,33.36,167,123,105.31,228,No,High,Yes,2,No,5.4,Low,10,4,491845,No,1
227,61,Female,28.86,171,61,190.86,128,Yes,Low,No,1,No,6.6,Medium,1,4,87131,No,1
228,37,Female,36.07,113,119,115.44,184,No,Low,No,3,No,9.9,Medium,1,1,205137,Yes,1
229,47,Male,35.71,97,68,73.34,178,Yes,High,Yes,4,Yes,8.6,Medium,1,1,346641,No,1
230,79,Female,36.24,142,90,195.86,221,No,Medium,Yes,5,Yes,5.9,Low,5,5,67430,Yes,1
231,28,Male,27.64,161,102,186.06,311,No,Medium,Yes,5,No,7.7,Medium,11,2,135329,Yes,1
232,75,Female,24.01,93,78,143.95,255,No,Medium,Yes,0,Yes,4.3,Medium,0,4,34456,No,1
233,72,Male,35.0,94,119,164.62,242,No,Medium,No,3,No,5.6,High,2,3,164284,Yes,1
234,45,Male,26.83,138,108,240.49,299,No,High,No,4,Yes,8.3,Low,0,4,123788,Yes,1
235,42,Female,20.4,119,113,177.14,265,Yes,Low,No,5,No,7.4,Medium,3,2,70346,Yes,1
236,56,Female,36.52,161,73,188.42,210,No,Medium,Yes,5,Yes,6.8,Medium,12,5,18930,No,1
237,79,Male,37.18,152,65,81.5,215,No,High,No,2,Yes,8.1,Low,0,2,243834,Yes,1
238,50,Female,27.19,136,101,99.88,177,No,Medium,No,0,No,6.4,Medium,8,3,37915,Yes,0
239,18,Female,17.82,115,129,124.17,296,Yes,High,No,2,Yes,4.2,Low,10,1,201274,No,1
240,74,Female,25.31,146,55,167.09,151,No,High,No,2,Yes,6.6,Low,11,3,465461,Yes,1
241,44,Male,35.28,126,86,209.79,167,No,Medium,Yes,0,No,9.4,High,10,2,483158,Yes,1
242,79,Male,37.64,96,53,127.82,164,No,Medium,No,4,No,9.1,Medium,12,3,167178,Yes,1
243,74,Female,20.88,129,87,134.15,301,No,Medium,No,0,Yes,6.5,High,5,4,467742,No,1
244,69,Female,17.61,128,90,116.11,219,Yes,High,No,1,Yes,4.1,Medium,13,2,33040,Yes,1
245,30,Female,37.06,151,63,115.83,219,No,Medium,No,2,No,7.8,Medium,7,5,412178,No,1
246,58,Male,25.35,167,120,240.8,165,No,Medium,No,1,No,8.4,Medium,13,1,340534,No,1
247,20,Male,29.0,142,100,184.38,278,Yes,Medium,No,0,No,5.8,Low,1,1,478008,No,1
248,56,Female,39.23,93,114,98.06,284,Yes,Low,No,0,Yes,6.9,High,13,3,390015,Yes,1
249,23,Female,17.6,171,101,200.0,263,No,Low,Yes,5,No,10.0,Medium,14,3,327809,No,1
250,25,Female,31.56,114,79,199.96,293,No,High,No,4,Yes,7.5,Medium,5,3,468275,No,1
251,44,Female,17.78,96,106,189.96,245,No,Medium,Yes,2,Yes,6.1,Medium,3,5,234744,Yes,1
252,26,Female,25.01,117,128,94.25,165,No,Low,Yes,3,Yes,7.8,High,6,4,388976,Yes,1
253,79,Female,35.29,158,79,143.44,240,Yes,High,Yes,0,Yes,5.1,Low,7,1,66324,No,1
254,54,Male,26.4,156,91,89.22,207,No,Medium,Yes,5,No,5.2,Low,13,2,99855,Yes,1
255,50,Female,39.93,109,60,216.99,180,No,High,Yes,3,Yes,9.5,Low,5,2,121158,Yes,1
256,68,Male,29.42,172,76,187.93,165,No,Low,No,2,No,5.4,High,12,1,425885,No,1
257,59,Female,23.71,100,73,161.3,298,No,High,Yes,1,No,5.9,Low,12,5,138669,No,1
258,61,Female,21.28,156,88,131.74,309,No,Medium,No,2,Yes,7.3,Medium,0,3,165282,Yes,1
259,41,Male,24.41,176,121,103.16,282,No,Medium,No,4,No,9.4,Medium,14,0,327841,Yes,1
260,32,Male,24.94,96,67,89.16,200,No,Low,Yes,3,No,8.7,Medium,7,3,268446,No,1
261,76,Male,17.65,112,126,244.46,289,No,Medium,No,5,No,4.3,High,10,5,198655,No,1
262,71,Male,24.87,150,94,105.94,164,No,Low,No,3,Yes,8.2,Medium,0,1,475268,No,1
263,49,Female,27.14,160,61,80.78,237,No,High,No,1,Yes,7.0,Medium,8,4,498414,No,1
264,49,Male,33.35,123,98,243.1,315,No,Low,No,5,Yes,6.9,High,1,3,82790,No,1
265,41,Female,31.76,108,80,168.81,166,No,Medium,No,1,No,8.1,Low,10,2,204132,No,0
266,58,Male,33.01,147,71,213.4,277,No,Low,No,0,Yes,5.2,Low,9,4,448456,Yes,1
267,69,Female,16.2,98,93,77.88,271,No,Low,Yes,2,No,9.9,Medium,5,1,190929,Yes,1
268,66,Female,21.22,137,113,172.05,313,Yes,Medium,No,4,Yes,7.9,High,7,0,448694,Yes,1
269,79,Female,31.88,171,126,141.68,290,No,High,No,0,No,6.2,Medium,4,3,12484,Yes,1
270,66,Female,27.62,130,74,208.95,281,Yes,High,No,2,No,7.6,Low,13,4,123957,Yes,1
271,75,Female,16.13,137,100,76.92,142,No,High,Yes,1,Yes,5.3,High,1,4,215819,Yes,1
272,69,Female,35.31,134,56,142.3,180,No,High,No,4,No,7.8,Medium,4,2,225574,No,1
273,29,Male,34.55,114,55,213.83,284,No,Low,Yes,1,No,4.2,High,0,3,325771,No,1
274,79,Female,29.16,167,73,164.09,132,Yes,High,No,5,No,6.0,High,7,0,139428,Yes,1
275,56,Male,17.6,114,68,169.01,318,Yes,Medium,No,1,No,8.5,Low,7,4,420816,Yes,1
276,19,Male,34.4,108,58,87.49,126,No,High,No,3,No,8.8,High,13,2,235478,Yes,1
277,20,Female,30.01,128,85,93.82,289,No,Low,No,2,No,5.5,Low,1,3,284595,No,1
278,66,Male,34.77,168,89,191.86,285,No,High,No,0,No,7.2,High,5,3,497264,Yes,1
279,54,Female,34.04,169,73,191.51,299,Yes,Low,No,3,Yes,7.2,High,10,0,270218,No,1
280,66,Male,35.27,116,97,246.24,291,No,Medium,No,5,Yes,6.5,Medium,7,2,318786,Yes,1
281,73,Female,28.43,163,112,198.15,311,No,Low,No,2,Yes,5.4,Medium,9,0,261078,Yes,1
282,34,Male,19.37,152,118,158.78,260,No,Low,No,5,Yes,8.2,Low,12,4,192768,Yes,1
283,76,Female,32.11,157,102,224.32,147,No,Medium,Yes,2,No,5.5,Low,7,5,385596,Yes,1
284,66,Female,30.89,108,103,88.81,215,No,High,No,2,No,9.5,Medium,11,1,166930,No,1
285,19,Female,33.81,117,91,150.87,226,No,High,No,4,No,7.2,High,13,1,125709,No,1
286,19,Female,20.08,174,94,121.68,217,No,Low,Yes,3,Yes,9.2,Medium,14,0,433846,Yes,1
287,45,Male,20.68,167,63,88.83,231,No,Low,No,0,No,5.7,Low,13,0,294798,No,1
288,71,Female,37.37,122,78,207.43,120,No,Medium,Yes,3,No,8.8,High,6,5,194298,Yes,1
289,40,Male,34.0,99,55,161.94,162,No,High,No,5,No,4.7,Low,2,5,19189,Yes,1
290,54,Male,37.8,172,56,170.22,161,No,Low,Yes,1,Yes,8.6,High,12,5,60107,No,1
291,49,Male,34.21,119,86,144.03,214,No,Medium,No,5,Yes,6.3,Medium,13,5,323164,Yes,1
292,50,Female,30.33,111,102,152.86,297,No,Low,Yes,2,Yes,6.8,Medium,14,1,269704,Yes,1
293,18,Male,31.7,92,67,90.88,307,Yes,Medium,No,1,No,5.0,Low,11,4,435775,Yes,1
294,36,Male,37.34,171,87,191.13,248,No,Low,No,3,Yes,4.1,High,13,5,238210,Yes,1
295,79,Male,29.89,164,108,147.84,170,No,Low,No,0,No,8.0,Low,10,5,291796,Yes,1
296,19,Female,31.18,137,50,217.02,263,No,Low,No,1,Yes,7.5,Low,3,0,319410,No,1
297,70,Female,19.76,91,117,105.33,286,Yes,Low,No,1,Yes,7.7,Medium,0,5,248611,Yes,1
298,61,Male,27.37,165,93,106.91,134,No,Low,No,4,Yes,5.5,High,8,4,131108,Yes,1
299,43,Female,33.19,143,96,186.24,244,No,Medium,Yes,3,No,5.4,Low,13,4,462233,Yes,1
300,49,Female,22.5,95,84,222.28,280,No,Low,Yes,1,No,9.0,Medium,9,2,68318,Yes,1
301,23,Male,20.85,129,109,155.0,206,Yes,Low,Yes,3,No,8.6,Medium,9,4,444515,No,1
302,49,Male,23.53,91,101,200.85,172,No,Low,No,0,Yes,6.0,Medium,1,5,387536,No,1
303,72,Female,21.8,162,57,249.88,264,Yes,High,No,1,Yes,7.8,Medium,9,3,333692,No,1
304,21,Male,21.16,91,129,248.25,208,No,Medium,No,0,No,9.0,Medium,6,5,107589,Yes,1
305,72,Female,26.2,163,90,203.98,225,No,Medium,No,5,Yes,9.3,Medium,7,1,222349,No,1
306,28,Female,37.79,144,52,203.13,125,Yes,Medium,No,1,Yes,4.0,Medium,13,1,172396,Yes,1
307,73,Female,28.17,161,118,114.57,150,No,Low,Yes,2,Yes,8.9,Low,3,0,380424,Yes,1
308,76,Female,20.51,149,63,220.04,316,No,Low,Yes,4,Yes,6.1,Medium,10,0,400541,No,1
309,34,Female,17.85,95,75,142.92,159,No,Medium,No,4,Yes,8.3,Low,10,2,323253,Yes,0
310,55,Female,32.71,108,119,243.16,277,No,Medium,Yes,4,Yes,6.2,Medium,14,5,96837,Yes,1
311,41,Male,25.19,116,107,84.66,188,No,High,No,0,No,7.6,Medium,9,2,102942,No,0
312,22,Male,35.72,90,89,148.45,254,No,High,Yes,3,No,7.9,High,0,3,484124,No,1
313,69,Female,31.83,122,100,170.05,132,No,Medium,No,4,No,6.4,Medium,4,0,416954,Yes,1
314,51,Female,35.11,129,54,142.93,123,No,Medium,No,5,Yes,7.1,Low,9,1,213767,No,1
315,23,Female,22.53,121,126,107.9,297,No,Low,No,1,No,8.4,Low,9,3,474598,No,1
316,39,Male,32.62,158,81,176.74,122,No,Low,No,1,Yes,6.9,Medium,5,0,60845,No,1
317,28,Female,22.34,106,129,206.07,259,No,High,Yes,2,No,4.1,Medium,6,3,81955,Yes,1
318,65,Male,38.54,97,50,186.07,184,Yes,Low,Yes,0,No,4.1,Medium,0,5,443571,No,1
319,33,Female,31.27,146,126,112.2,146,No,High,Yes,1,No,8.0,Medium,12,4,351458,No,1
320,50,Female,23.79,131,103,201.69,226,No,Medium,Yes,1,No,9.1,High,3,4,436526,No,1
321,26,Male,22.47,98,60,116.24,169,No,Medium,No,2,Yes,8.7,High,11,3,107825,No,0
322,77,Male,20.58,176,102,101.54,136,Yes,Low,No,2,No,5.9,Low,4,0,414641,Yes,1
323,76,Female,32.67,124,57,194.32,319,No,Medium,Yes,3,No,6.8,Medium,4,4,445635,Yes,1
324,23,Female,21.25,160,74,221.7,151,No,Medium,No,3,No,5.4,Low,6,4,361989,No,1
325,33,Female,30.29,168,89,156.68,298,No,Medium,No,3,No,9.9,Medium,3,3,416448,Yes,1
326,46,Male,22.35,142,81,165.65,136,No,Low,No,1,Yes,5.6,Medium,9,4,474068,Yes,1
327,20,Male,31.89,143,77,124.49,153,Yes,Low,No,2,Yes,6.5,Medium,6,5,336871,No,1
328,37,Male,35.56,173,127,159.03,154,Yes,Medium,No,5,No,8.1,Medium,7,1,323726,Yes,1
329,77,Male,34.67,114,52,93.76,271,No,Medium,No,0,Yes,9.3,High,1,4,450234,Yes,1
330,76,Male,34.26,156,128,242.05,301,No,Medium,No,3,Yes,4.3,Medium,13,5,149096,Yes,1
331,53,Male,20.51,151,111,214.06,265,Yes,Medium,No,5,No,5.8,Medium,0,3,489974,No,1
332,36,Female,18.12,144,76,190.24,169,No,Medium,Yes,4,Yes,7.4,Low,12,4,323189,No,1
333,43,Female,32.77,135,94,166.87,293,No,Medium,Yes,1,No,7.7,Medium,9,4,455764,No,1
334,20,Male,24.84,113,74,212.59,295,No,Low,No,0,No,4.4,Low,9,2,411815,Yes,1
335,36,Female,26.38,135,110,159.06,222,No,Medium,Yes,1,Yes,8.0,Medium,0,3,467086,No,1
336,37,Female,16.75,111,93,124.0,152,No,Low,No,5,No,7.2,Low,12,3,221651,Yes,0
337,49,Male,22.23,100,95,98.87,208,No,Low,No,3,Yes,9.0,Low,0,5,356143,Yes,1
338,24,Female,16.81,137,63,186.57,274,Yes,Low,No,5,Yes,5.3,Low,8,2,251414,Yes,1
339,69,Male,37.1,97,57,237.3,248,Yes,High,Yes,5,Yes,5.2,Low,3,2,211192,No,1
340,58,Male,21.84,128,97,97.65,204,No,Low,No,1,No,8.8,Medium,8,5,491996,Yes,1
341,50,Female,29.38,124,63,102.4,178,No,Low,Yes,3,No,8.2,Medium,6,1,160531,No,1
342,57,Male,16.94,138,114,148.05,129,No,Medium,Yes,1,No,8.8,Low,14,4,26755,Yes,1
343,56,Male,32.0,135,129,215.24,272,No,Low,No,3,No,8.7,Medium,6,0,403668,Yes,1
344,35,Male,23.75,127,56,122.91,176,Yes,High,Yes,2,Yes,4.6,Medium,12,0,419439,No,1
345,57,Male,37.55,97,128,115.7,185,Yes,Medium,No,2,No,5.7,Medium,1,2,78129,Yes,1
346,18,Male,37.31,143,98,181.59,238,No,High,Yes,2,No,5.6,High,1,3,478382,No,1
347,28,Male,23.81,126,104,166.41,231,No,Low,No,2,Yes,9.6,Medium,11,3,167433,Yes,1
348,45,Male,37.62,129,62,80.84,134,No,Low,No,2,No,6.9,High,4,5,103815,No,1
349,74,Male,39.91,123,122,84.67,275,No,Medium,No,4,No,4.7,Medium,14,1,245623,No,1
350,42,Female,35.81,168,105,185.74,132,No,Medium,No,1,No,5.7,High,9,0,353188,Yes,1
351,67,Female,36.28,106,105,153.72,233,No,Low,No,5,Yes,9.2,Medium,0,5,82539,Yes,1
352,40,Female,21.98,122,64,244.78,237,No,Medium,Yes,2,No,9.1,High,6,5,196781,No,1
353,48,Male,29.84,136,106,192.14,261,Yes,High,No,4,Yes,9.4,High,14,3,237454,No,1
354,47,Male,17.61,141,107,71.81,233,Yes,Low,Yes,4,No,6.3,Low,10,1,107941,Yes,1
355,59,Female,18.28,169,84,156.58,313,No,Medium,No,1,Yes,7.8,Low,6,1,195678,No,1
356,52,Female,39.97,98,65,144.6,153,No,Low,No,1,No,5.7,Medium,10,2,394746,No,1
357,24,Female,23.84,122,57,89.21,220,No,High,No,3,Yes,5.1,Medium,7,0,117603,Yes,0
358,77,Male,33.96,149,94,236.18,144,No,Medium,Yes,3,No,4.1,High,6,1,279359,Yes,1
359,33,Female,35.36,166,89,214.9,231,No,Low,Yes,2,Yes,5.3,Low,7,1,439390,No,1
360,43,Female,36.59,110,103,111.42,173,No,Medium,No,0,No,7.6,High,14,1,297003,No,1
361,65,Male,39.94,147,63,116.08,131,No,High,No,3,No,9.4,Low,14,0,327729,No,1
362,74,Female,21.8,174,108,75.76,245,Yes,Medium,No,0,No,4.8,Low,2,2,441444,Yes,1
363,69,Male,16.97,158,102,123.41,256,Yes,Medium,No,5,Yes,9.5,High,2,4,337799,No,1
364,77,Male,25.87,99,76,175.23,150,No,Medium,Yes,3,Yes,6.1,Low,7,3,123019,No,1
365,66,Male,19.12,95,96,145.75,197,No,Medium,No,5,Yes,6.6,Medium,8,5,461403,Yes,1
366,19,Female,16.54,102,129,244.47,172,Yes,Low,Yes,4,No,6.2,Low,9,5,40076,No,1
367,18,Female,24.65,154,55,80.09,231,Yes,Low,Yes,4,No,6.5,High,3,0,252597,No,1
368,65,Male,34.81,109,104,176.46,162,No,Medium,Yes,5,No,5.6,Medium,7,0,389842,Yes,1
369,79,Female,29.59,146,93,224.5,285,No,Medium,No,4,Yes,8.2,High,0,5,348681,No,1
370,29,Female,23.51,135,67,156.53,161,No,Low,Yes,5,Yes,8.5,Medium,1,0,75655,No,0
371,22,Female,31.7,97,65,70.53,243,Yes,High,No,0,No,8.9,Medium,12,4,420336,Yes,1
372,54,Female,21.57,99,61,113.7,319,No,Medium,Yes,2,Yes,6.0,Low,9,3,71101,No,1
373,49,Male,16.35,162,69,128.28,295,No,Medium,Yes,5,Yes,8.6,Low,9,3,459251,No,1
374,76,Female,34.34,156,94,243.88,186,No,Low,No,3,Yes,7.8,Medium,9,1,307551,Yes,1
375,72,Male,30.97,100,113,234.12,185,No,Medium,No,3,Yes,9.7,Medium,8,5,148162,Yes,1
376,26,Male,34.3,101,108,240.85,263,No,Medium,No,0,Yes,6.5,Low,1,5,341672,Yes,1
377,58,Female,16.93,99,71,218.64,202,No,Medium,No,5,No,10.0,Low,14,5,55430,Yes,1
378,52,Male,36.09,114,96,133.3,213,No,Low,Yes,4,Yes,8.4,Low,1,1,164278,No,1
379,36,Female,30.87,138,78,233.06,224,No,Medium,No,2,No,8.7,Medium,7,5,312845,Yes,1
380,65,Female,29.52,138,94,246.7,263,No,High,No,3,No,4.2,Low,4,2,290719,No,1
381,33,Male,30.99,178,126,133.01,150,No,Medium,No,2,No,7.0,Low,4,0,468836,No,1
382,20,Male,36.75,100,58,116.9,237,No,Low,No,2,Yes,7.2,Low,10,2,319800,Yes,1
383,37,Male,30.09,151,73,168.44,305,No,High,No,1,Yes,4.2,High,5,0,374631,Yes,1
384,41,Male,29.94,125,64,103.69,147,No,Low,Yes,2,Yes,5.9,Low,7,3,427516,Yes,1
385,71,Female,39.78,128,85,75.87,123,No,Low,Yes,5,No,9.7,High,7,5,281206,Yes,1
386,73,Female,34.16,142,62,240.25,257,Yes,Low,No,1,No,6.6,Medium,8,2,48485,Yes,1
387,50,Female,26.62,179,93,236.63,298,Yes,Low,Yes,0,No,5.1,Medium,9,3,223605,Yes,1
388,41,Male,32.98,167,120,99.28,137,No,Medium,No,4,Yes,7.1,Low,10,1,277765,Yes,1
389,69,Male,25.34,145,121,143.39,166,No,Low,No,1,No,4.2,Medium,2,5,460474,Yes,1
390,28,Male,21.49,90,127,219.59,279,No,High,No,2,No,7.1,Low,8,3,27901,No,1
391,66,Female,30.32,145,125,188.98,277,No,Medium,Yes,4,Yes,7.6,Low,13,4,245168,Yes,1
392,25,Male,38.28,93,85,141.06,283,No,Medium,Yes,2,Yes,6.1,High,10,2,437889,Yes,1
393,53,Female,38.3,119,110,203.95,128,No,Medium,No,2,No,8.6,Medium,2,5,280778,No,1
394,55,Male,24.21,101,89,231.47,283,No,Medium,No,1,Yes,4.8,Low,0,5,32736,Yes,1
395,57,Female,28.66,124,76,236.71,148,Yes,Medium,No,0,No,9.3,Medium,11,0,70912,Yes,1
396,37,Female,21.08,166,50,138.19,263,No,High,No,2,Yes,9.7,Medium,10,3,176982,No,1
397,79,Male,39.9,141,83,101.24,211,No,High,No,5,Yes,4.0,Medium,4,5,186328,Yes,1
398,52,Male,39.55,120,117,234.31,268,Yes,Medium,No,1,No,9.1,Medium,6,5,100873,Yes,1
399,65,Female,31.59,176,70,86.66,183,No,Medium,No,5,Yes,7.0,Low,2,2,454114,Yes,1
400,79,Female,35.31,157,82,199.9,230,No,High,Yes,5,No,6.8,Low,8,0,343019,Yes,1
401,42,Male,33.16,141,56,95.29,313,No,Medium,No,2,No,5.4,Medium,0,5,63957,Yes,1
402,52,Male,30.24,169,114,140.09,243,No,Low,No,5,No,6.7,Medium,5,5,223666,No,1
403,42,Female,17.28,96,52,144.08,306,Yes,Low,Yes,4,No,9.7,Medium,14,2,305154,Yes,1
404,46,Male,26.91,111,100,98.58,229,Yes,High,Yes,0,Yes,5.3,Medium,11,2,335527,Yes,1
405,35,Female,32.19,164,128,236.08,237,No,Low,No,2,No,5.1,Medium,11,4,16659,No,1
406,63,Female,32.26,145,103,70.48,275,Yes,High,Yes,5,No,5.5,Medium,5,3,340894,No,1
407,35,Male,24.95,147,129,230.89,302,Yes,Low,Yes,0,No,7.3,High,13,4,122391,No,1
408,19,Male,38.6,153,123,229.09,219,No,Medium,No,0,Yes,9.6,Low,12,1,306574,Yes,1
409,71,Male,20.02,101,108,127.05,150,No,Medium,Yes,4,Yes,7.4,Medium,7,5,319644,Yes,1
410,52,Male,28.01,96,55,196.77,280,Yes,Low,Yes,4,No,5.5,High,14,2,115265,Yes,1
411,33,Male,32.58,144,78,115.51,307,No,Medium,No,3,No,6.6,Medium,12,3,348134,No,1
412,78,Female,32.73,151,66,206.58,288,No,Medium,No,0,Yes,6.3,Medium,2,1,407326,No,1
413,58,Female,31.57,179,109,171.0,200,No,Medium,No,2,No,4.3,Low,11,5,266501,Yes,1
414,53,Male,22.61,162,71,124.04,165,Yes,Medium,No,4,Yes,7.1,High,4,1,211779,Yes,1
415,50,Male,19.75,166,73,142.04,168,No,Low,No,2,No,4.8,Medium,10,4,38144,Yes,1
416,21,Male,31.26,144,100,194.18,312,Yes,Medium,No,0,No,9.1,Medium,9,1,348064,Yes,1
417,50,Female,30.38,125,99,233.1,161,No,Low,Yes,4,No,7.3,Low,10,0,437418,No,1
418,31,Male,20.3,178,60,93.53,270,No,Medium,Yes,3,No,9.1,Low,14,0,292970,Yes,1
419,38,Male,32.92,113,105,172.85,231,Yes,High,No,0,Yes,9.7,Medium,4,0,440372,Yes,1
420,65,Female,26.92,133,120,115.67,146,No,Medium,No,2,Yes,9.7,Low,7,5,162318,No,1
421,37,Female,32.03,106,91,214.25,279,No,Medium,No,3,Yes,4.6,High,6,1,291148,Yes,1
422,73,Male,36.1,91,88,82.64,207,No,Medium,No,0,No,9.7,High,2,5,217255,Yes,1
423,25,Male,20.07,102,118,194.01,240,No,Low,No,4,Yes,8.8,Medium,14,5,135868,Yes,1
424,24,Male,16.46,120,97,101.49,122,No,Medium,Yes,5,Yes,8.7,Low,6,2,442316,Yes,1
425,20,Female,34.7,117,106,177.35,179,No,High,No,0,No,4.5,Low,9,3,147616,Yes,1
426,34,Male,30.63,149,70,220.42,198,Yes,Low,No,1,No,5.1,Medium,7,0,16102,Yes,1
427,50,Male,32.79,116,69,205.91,264,No,High,No,2,No,9.9,Low,4,0,70491,Yes,1
428,65,Male,36.12,104,64,205.53,151,Yes,Medium,Yes,4,No,5.3,Medium,10,0,290013,Yes,1
429,29,Female,35.27,168,118,163.21,126,No,Low,No,4,Yes,5.0,Low,4,4,427757,Yes,1
430,76,Female,39.06,122,126,230.33,190,No,Medium,No,1,Yes,6.2,Medium,13,4,235732,No,1
431,68,Male,28.86,109,100,175.86,247,Yes,Medium,Yes,5,No,9.5,High,13,0,285294,Yes,1
432,39,Male,27.72,131,125,235.15,316,Yes,Low,No,3,Yes,6.9,Medium,10,0,92425,Yes,1
433,72,Female,25.65,101,111,168.37,177,No,High,No,4,Yes,9.5,High,0,5,408772,Yes,1
434,39,Female,19.69,162,86,161.07,287,No,High,No,3,No,6.0,High,12,4,295696,Yes,1
435,63,Female,29.74,112,55,110.02,231,No,High,Yes,3,No,5.4,Medium,7,3,369289,Yes,1
436,47,Female,22.65,161,120,168.06,167,No,High,Yes,3,Yes,7.0,Medium,12,2,57396,No,1
437,55,Female,38.11,103,75,95.31,298,No,High,No,5,Yes,7.7,Low,5,3,480679,Yes,1
438,55,Female,30.0,114,57,226.54,304,No,High,No,0,No,6.3,High,5,5,409679,No,1
439,62,Female,30.23,166,122,191.66,230,No,Low,No,1,Yes,6.1,Medium,14,2,49623,Yes,1
440,68,Female,24.52,174,53,248.85,190,No,Medium,No,2,Yes,5.3,High,4,1,166632,No,1
441,71,Female,17.25,120,70,86.58,284,Yes,Low,Yes,1,No,5.7,Medium,4,1,150482,No,1
442,25,Male,16.76,143,80,113.32,194,No,Medium,No,4,Yes,8.0,Low,13,3,486183,Yes,1
443,44,Male,26.16,94,70,227.89,193,Yes,High,No,1,Yes,6.2,High,2,4,456335,Yes,1
444,44,Male,18.03,102,74,141.15,240,Yes,Low,No,2,No,4.5,Low,11,0,21351,Yes,1
445,51,Female,30.56,117,64,153.93,174,Yes,Medium,No,0,No,4.8,High,14,1,39388,No,1
446,38,Male,37.14,132,84,224.92,160,No,Medium,No,4,No,6.2,Low,2,5,238688,Yes,1
447,47,Female,37.19,178,98,163.93,216,No,Low,No,0,No,9.5,Medium,1,4,19968,No,1
448,50,Female,31.82,136,92,104.83,267,Yes,Low,Yes,4,No,6.3,Medium,8,4,341403,No,1
449,45,Male,21.07,160,90,230.57,152,Yes,Medium,Yes,2,No,4.4,High,7,2,230728,Yes,1
450,64,Female,36.71,127,86,75.59,287,Yes,Low,Yes,0,No,6.5,High,10,1,45596,Yes,1
451,50,Male,37.27,156,106,231.17,153,No,Medium,No,2,No,8.0,High,2,3,118670,Yes,1
452,22,Male,20.72,151,91,79.09,181,Yes,Medium,Yes,2,Yes,7.6,Medium,4,5,481024,No,1
453,77,Male,33.7,128,96,189.85,138,No,Medium,No,5,No,5.7,Low,14,4,195329,Yes,1
454,78,Female,22.88,126,110,82.9,290,Yes,Low,No,1,No,8.1,Medium,9,3,99168,Yes,1
455,65,Male,35.26,175,63,197.12,316,Yes,Medium,No,4,No,7.8,Medium,14,3,54544,Yes,1
456,36,Female,39.93,97,117,76.11,310,Yes,Low,Yes,3,Yes,5.0,High,4,5,440797,Yes,1
457,21,Male,16.72,170,102,221.64,129,No,High,No,3,No,5.0,High,7,1,41225,Yes,1
458,52,Male,37.54,141,83,153.87,239,No,Medium,No,0,No,7.3,Medium,5,5,493594,No,1
459,66,Male,30.94,122,125,86.82,242,No,High,No,2,Yes,8.0,Medium,6,3,400579,No,1
460,34,Female,39.36,170,73,197.23,223,No,Medium,No,1,No,9.8,High,4,3,232781,No,1
461,61,Female,27.16,131,69,158.07,260,Yes,High,No,4,No,6.5,High,11,0,356418,No,1
462,45,Female,36.34,165,118,104.37,124,Yes,Medium,No,0,No,8.6,Medium,0,5,129228,No,1
463,47,Male,17.5,116,79,72.82,177,No,Low,No,2,No,4.7,High,7,3,294580,Yes,1
464,46,Male,24.05,97,56,145.24,178,No,Medium,No,5,No,9.3,Medium,3,0,300229,No,0
465,63,Female,17.61,112,85,85.41,247,No,Low,No,3,No,7.8,Low,4,1,158993,Yes,1
466,70,Female,39.41,153,87,86.95,306,No,High,No,3,No,7.8,Low,0,3,476418,Yes,1
467,23,Female,35.61,109,129,118.12,205,No,Medium,No,4,No,4.9,Low,2,4,276040,Yes,1
468,52,Female,36.46,105,101,183.48,223,Yes,High,No,4,Yes,4.2,Low,14,5,18785,Yes,1
469,77,Female,38.51,106,64,165.38,262,No,High,No,4,Yes,8.2,Low,1,3,123459,Yes,1
470,58,Female,18.04,169,95,82.42,248,No,Low,Yes,0,Yes,4.7,High,11,0,325529,Yes,1
471,54,Male,25.25,108,72,244.32,157,Yes,Medium,No,4,No,4.8,Medium,1,4,491202,No,1
472,41,Female,17.7,97,61,229.69,226,No,Low,No,0,No,5.1,Medium,12,1,353308,Yes,1
473,46,Male,21.06,127,93,116.66,228,No,Low,No,1,No,4.6,Medium,0,5,320949,Yes,1
474,66,Male,21.5,127,64,92.02,172,No,Low,Yes,2,No,7.8,Medium,5,2,437869,No,1
475,63,Female,27.26,142,98,239.63,171,No,High,No,3,No,6.5,Low,14,2,179541,Yes,1
476,70,Female,22.45,179,70,153.01,120,Yes,Medium,No,0,No,5.6,Low,14,0,397816,Yes,1
477,48,Male,18.42,120,64,126.01,130,No,Medium,No,2,Yes,6.6,High,7,1,430119,No,1
478,52,Female,20.02,133,63,158.26,177,No,Low,No,5,No,9.1,Medium,2,1,336686,Yes,1
479,77,Female,19.53,149,91,209.09,247,No,Medium,No,4,No,9.6,Medium,0,3,475754,Yes,1
480,50,Male,39.35,165,129,100.31,287,Yes,Medium,No,3,No,6.9,Medium,13,2,98136,Yes,1
481,69,Male,34.22,106,64,208.15,307,No,Medium,No,5,No,7.4,Low,9,3,378430,Yes,1
482,78,Male,39.23,168,112,204.9,163,No,Low,Yes,0,No,5.5,Medium,1,1,183742,Yes,1
483,38,Female,26.55,162,117,167.08,125,No,Medium,No,4,Yes,7.1,Medium,2,0,380049,Yes,1
484,49,Male,22.68,128,76,225.85,275,No,Medium,No,2,Yes,8.5,Medium,5,0,222634,Yes,1
485,40,Female,35.16,131,102,93.79,278,Yes,Low,Yes,1,No,7.0,Low,13,4,318423,Yes,1
486,50,Male,23.83,137,101,177.19,127,No,High,No,2,Yes,5.8,High,2,0,386445,No,0
487,20,Male,23.19,101,112,150.88,124,No,Low,Yes,0,Yes,7.5,Medium,8,2,18950,Yes,1
488,35,Male,21.58,178,122,146.01,225,No,Medium,No,1,Yes,9.7,Medium,11,4,165835,No,1
489,42,Female,19.11,107,102,115.46,301,Yes,Low,No,1,Yes,9.3,Medium,0,2,319045,Yes,1
490,59,Female,22.16,168,106,137.01,231,No,Low,No,4,No,8.6,Medium,6,3,62587,No,1
491,48,Male,24.53,95,101,89.47,136,No,High,No,2,No,5.7,Medium,9,3,160656,Yes,0
492,71,Male,32.18,132,92,115.29,285,No,High,No,0,No,5.4,Low,7,0,53284,Yes,1
493,75,Male,17.5,124,56,118.95,128,Yes,Medium,No,5,No,9.0,Medium,8,4,287182,Yes,1
494,20,Female,21.05,143,91,199.72,197,No,High,No,5,Yes,5.1,Low,7,2,314711,No,1
495,57,Male,35.42,151,53,78.74,133,No,High,No,1,Yes,7.6,Low,4,2,327181,Yes,1
496,63,Female,19.53,158,118,187.21,273,No,Medium,Yes,4,No,6.6,Low,0,1,440499,Yes,1
497,41,Male,24.22,171,54,109.85,232,No,High,No,5,No,6.8,Medium,14,0,436423,Yes,1
498,67,Male,36.75,105,124,84.74,309,No,Medium,Yes,1,Yes,6.7,Low,0,5,179328,Yes,1
499,49,Male,19.72,97,129,124.15,210,No,Medium,No,2,No,9.4,Low,13,3,185220,No,0
500,64,Male,17.99,178,90,110.41,144,Yes,High,Yes,5,Yes,4.5,Medium,14,5,56522,No,1
501,39,Male,27.63,179,53,169.37,283,No,Low,Yes,3,Yes,8.7,High,7,1,40371,Yes,1
502,40,Male,23.26,175,51,134.33,217,No,High,Yes,0,Yes,9.0,High,6,3,141819,Yes,1
503,19,Female,29.52,120,116,243.88,280,Yes,Low,Yes,3,No,9.7,High,4,3,106837,Yes,1
504,44,Male,35.29,99,70,243.44,122,Yes,High,No,2,No,6.7,Medium,9,2,160021,No,1
505,59,Female,19.29,145,119,149.87,258,Yes,Medium,No,3,Yes,7.0,Medium,2,3,186475,Yes,1
506,19,Male,29.94,165,92,213.12,231,No,Medium,No,2,No,9.8,Medium,8,4,7966,Yes,1
507,43,Male,28.13,159,118,72.39,305,No,Low,No,2,No,6.8,Low,3,3,361920,Yes,1
508,34,Female,19.46,109,58,168.61,311,No,High,Yes,4,No,7.0,Low,13,4,263291,Yes,1
509,57,Male,30.98,94,77,203.79,265,No,Low,No,3,Yes,6.0,Medium,5,3,442304,No,1
510,50,Female,22.57,112,75,109.05,166,No,Medium,Yes,1,Yes,4.2,Low,10,1,260118,Yes,0
511,26,Female,27.71,98,52,81.01,291,No,Medium,No,2,Yes,6.6,Medium,3,2,101447,No,0
512,60,Male,17.97,147,122,98.07,306,No,Low,No,3,No,7.9,Medium,8,1,245134,Yes,1
513,71,Female,27.03,148,98,149.53,169,No,High,No,1,No,8.1,Low,3,2,340251,No,1
514,65,Female,23.36,169,66,161.15,316,Yes,Low,Yes,0,Yes,4.0,High,13,1,24391,Yes,1
515,56,Male,35.74,143,112,138.56,276,No,Medium,Yes,1,No,8.8,Medium,7,0,324109,No,1
516,46,Female,17.37,135,104,149.2,243,No,Medium,No,3,No,7.0,Medium,10,3,176046,Yes,1
517,59,Male,26.05,111,72,154.64,209,Yes,Low,No,3,No,7.1,High,11,3,373832,No,1
518,72,Male,27.0,153,83,208.5,186,No,Low,No,1,No,9.8,Low,11,0,494954,No,1
519,43,Male,33.4,97,118,88.94,121,Yes,Medium,No,1,No,5.7,High,2,0,107424,Yes,1
520,52,Male,29.78,109,64,208.41,272,No,High,No,5,No,8.6,Medium,7,4,287725,Yes,1
521,67,Female,32.01,140,96,193.95,266,No,Low,No,2,Yes,7.4,Medium,14,1,181344,No,1
522,42,Male,34.65,167,52,203.5,287,Yes,Low,Yes,3,Yes,8.2,High,10,3,370285,Yes,1
523,41,Male,36.69,128,77,202.2,121,No,High,No,2,No,6.5,Medium,2,4,271169,No,1
524,30,Female,23.53,126,52,154.71,184,No,Low,Yes,2,No,5.7,Low,13,5,394386,Yes,1
525,77,Male,28.91,139,53,108.05,309,No,Medium,No,0,No,7.3,Low,10,3,304169,Yes,1
526,75,Male,36.16,123,80,166.59,210,Yes,Medium,No,3,No,6.2,Medium,4,0,183462,Yes,1
527,24,Female,39.75,164,94,242.44,301,No,Low,No,2,No,5.3,High,0,4,374525,Yes,1
528,74,Female,37.35,122,108,175.93,292,Yes,Medium,Yes,0,No,9.0,Low,5,5,336633,Yes,1
529,53,Female,24.92,120,94,71.99,235,No,High,No,5,No,6.9,Medium,14,4,285822,Yes,0
530,62,Female,20.68,143,124,80.75,168,Yes,Medium,No,2,Yes,9.1,High,10,4,404533,No,1
531,37,Female,27.75,133,86,248.72,188,No,Medium,No,2,No,6.8,Low,1,1,172307,No,1
532,18,Female,33.8,123,114,82.95,285,No,Medium,No,5,No,7.3,High,11,5,219024,Yes,1
533,25,Female,27.82,160,58,78.29,251,No,Medium,Yes,3,No,10.0,Low,2,4,329492,Yes,1
534,63,Male,27.6,151,66,133.54,264,No,Low,No,1,No,9.7,Low,10,3,203079,No,1
535,33,Female,36.12,112,114,244.48,245,No,Medium,No,5,No,5.6,Low,0,1,75649,Yes,1
536,31,Female,24.67,135,52,127.36,300,No,Medium,No,1,Yes,9.2,High,10,3,429723,No,1
537,29,Female,36.64,145,75,143.78,172,No,Low,Yes,3,Yes,6.3,Medium,5,5,256450,Yes,1
538,68,Male,25.76,96,102,184.13,231,Yes,High,No,1,No,4.4,Low,4,4,126493,No,1
539,40,Male,23.88,178,80,74.34,278,Yes,High,No,4,No,7.5,Medium,9,4,67784,Yes,1
540,32,Female,26.9,150,75,231.6,269,No,High,Yes,1,No,9.9,Medium,1,5,320367,No,1
541,45,Female,34.3,92,72,163.5,258,Yes,Low,No,5,No,9.8,Medium,14,3,274883,Yes,1
542,51,Female,19.02,127,79,154.03,281,No,High,No,2,Yes,4.8,Medium,10,2,202756,Yes,1
543,19,Male,20.71,173,59,224.93,232,Yes,Medium,No,2,Yes,8.6,Low,7,4,291760,Yes,1
544,49,Male,38.83,123,121,241.55,262,No,High,No,0,No,8.8,Low,8,4,355544,Yes,1
545,40,Female,20.21,133,113,146.22,233,No,High,No,5,No,6.2,Medium,13,1,352820,Yes,0
546,39,Male,29.63,119,71,101.04,257,No,High,Yes,3,No,8.0,Low,13,3,70283,No,1
547,68,Female,29.9,106,64,216.83,300,No,High,No,0,No,6.9,High,2,4,363725,Yes,1
548,42,Male,27.75,148,105,142.59,167,No,Low,No,2,No,5.4,Low,11,3,377396,Yes,1
549,75,Male,31.47,99,123,238.4,150,No,Medium,No,2,No,8.6,High,5,1,282689,Yes,1
550,79,Female,21.52,173,69,240.98,156,No,Low,Yes,0,Yes,5.6,Low,5,3,307320,No,1
551,78,Female,29.26,107,96,90.67,227,No,Medium,No,5,Yes,6.0,High,13,3,278746,No,1
552,39,Female,24.93,134,102,242.18,147,Yes,High,No,4,Yes,5.1,Low,9,1,323557,No,1
553,75,Female,31.88,148,102,136.29,278,No,Low,Yes,1,Yes,8.3,High,5,4,474910,No,1
554,75,Male,19.39,151,50,186.33,189,Yes,Medium,Yes,4,Yes,6.8,Low,7,3,198598,No,1
555,39,Male,29.7,148,51,76.26,133,Yes,Medium,Yes,4,No,6.7,High,11,2,477055,No,1
556,66,Male,20.45,138,107,230.0,241,No,Low,No,4,Yes,7.6,Medium,4,4,249444,Yes,1
557,69,Female,22.69,152,68,185.49,135,No,Low,No,5,Yes,4.9,Medium,9,1,290191,Yes,1
558,59,Male,21.25,176,111,185.84,144,No,Low,Yes,4,No,9.4,Low,9,0,434780,Yes,1
559,23,Female,20.39,121,127,232.39,286,No,Low,Yes,1,Yes,6.8,High,12,5,131160,No,1
560,32,Male,35.82,99,121,161.5,185,No,Medium,No,3,Yes,6.2,Low,7,2,266328,Yes,1
561,71,Female,22.86,100,61,143.89,157,No,Medium,Yes,0,No,4.8,Medium,11,4,73983,Yes,1
562,60,Female,38.25,159,75,225.9,288,No,Low,No,4,Yes,5.0,Medium,2,5,144348,No,1
563,77,Male,39.28,151,76,203.64,222,No,High,No,4,Yes,9.5,High,6,1,492630,Yes,1
564,54,Female,29.71,136,78,240.82,217,No,Medium,No,0,Yes,6.7,Medium,0,2,213218,No,1
565,50,Female,19.43,123,64,239.22,234,No,Medium,No,0,No,8.3,Low,3,4,389664,No,1
566,25,Male,24.99,106,95,138.82,159,No,Low,Yes,3,No,4.5,Medium,4,5,132136,No,1
567,70,Female,35.15,143,50,150.46,183,No,Medium,Yes,2,Yes,7.9,Low,6,0,279881,No,1
568,77,Female,24.82,165,109,116.08,208,No,Medium,No,3,No,9.5,Low,13,4,375803,No,1
569,61,Female,18.09,174,106,188.92,219,Yes,Medium,No,2,Yes,5.8,Medium,5,0,271601,No,1
570,61,Male,29.36,129,52,135.62,263,Yes,Medium,No,5,No,7.5,High,12,0,190594,Yes,1
571,22,Male,36.28,108,67,211.5,201,No,Low,Yes,1,No,9.6,High,5,3,147223,No,1
572,56,Female,35.1,156,101,91.88,196,No,High,No,3,Yes,8.3,Low,12,1,474174,No,1
573,21,Male,20.2,171,109,90.95,178,No,Medium,No,1,No,4.4,Medium,14,3,146987,Yes,0
574,23,Female,32.15,142,83,106.8,210,No,Medium,No,0,No,6.3,Low,1,0,204247,Yes,1
575,62,Female,21.29,153,109,85.17,217,No,High,No,3,No,4.5,Medium,10,1,161678,Yes,1
576,49,Female,21.24,172,75,181.61,258,No,Medium,Yes,5,No,9.2,Low,1,1,135646,Yes,1
577,69,Female,36.98,136,121,96.52,120,No,Medium,No,0,No,7.7,Medium,1,1,373135,Yes,1
578,47,Female,21.99,95,68,98.79,132,No,Medium,No,5,No,9.7,High,9,2,280842,No,1
579,64,Male,22.32,105,71,72.56,149,Yes,Low,No,5,No,4.1,Low,12,4,186154,Yes,1
580,52,Female,16.02,161,82,210.78,316,Yes,High,No,4,No,6.5,Medium,11,0,411897,Yes,1
581,72,Male,36.9,107,87,216.21,137,No,Medium,No,0,No,4.6,Low,7,1,330155,Yes,1
582,57,Male,35.02,141,84,99.16,197,No,Medium,No,5,No,6.1,High,6,5,149122,Yes,1
583,69,Female,31.06,137,116,203.11,260,No,High,No,4,No,5.0,Low,0,2,359915,Yes,1
584,33,Female,34.01,132,59,148.04,151,Yes,Medium,Yes,2,No,6.0,Medium,8,2,445398,Yes,1
585,30,Male,19.65,128,64,113.13,190,No,Medium,No,4,Yes,8.9,High,10,5,252581,No,1
586,67,Male,27.0,138,60,181.85,319,No,High,No,2,Yes,5.0,Low,10,0,469654,No,1
587,77,Male,24.43,101,73,102.13,169,No,Low,Yes,4,No,6.8,Medium,7,3,378980,No,1
588,59,Female,18.25,99,126,206.24,318,No,Low,No,4,No,9.5,Low,12,2,354891,Yes,1
589,47,Male,27.67,160,53,78.57,235,No,Low,Yes,1,No,10.0,High,8,0,156265,No,1
590,36,Female,38.1,144,62,242.64,232,No,High,Yes,1,No,5.5,Low,3,2,362974,No,1
591,34,Female,16.96,90,122,82.94,199,No,Low,No,0,No,9.6,High,4,0,473537,No,0
592,73,Female,23.0,138,106,174.3,150,No,Medium,No,5,Yes,5.6,High,10,1,346986,Yes,1
593,36,Male,20.98,125,86,232.39,170,No,Low,No,1,Yes,6.5,Medium,4,3,256291,Yes,0
594,45,Female,21.72,110,97,72.14,274,No,Medium,Yes,2,No,9.3,Medium,10,5,364902,Yes,1
595,75,Female,37.8,126,120,159.73,179,No,Medium,Yes,1,No,8.7,High,8,2,413233,No,1
596,72,Female,27.23,113,50,133.0,152,Yes,High,No,0,No,9.1,Low,14,5,210920,No,1
597,43,Female,27.19,144,109,174.46,300,No,Medium,No,3,No,8.8,Medium,7,2,424473,Yes,1
598,54,Female,34.25,114,61,110.58,246,No,Medium,Yes,2,No,5.4,Low,12,2,400140,Yes,1
599,43,Male,19.71,96,70,81.68,319,No,High,No,3,No,7.4,Medium,9,4,400656,No,0
600,70,Female,27.69,170,60,182.67,280,Yes,Medium,No,2,No,6.3,High,5,4,197979,No,1
601,79,Female,26.32,160,93,145.03,245,No,High,No,5,Yes,6.8,High,14,5,487149,No,1
602,40,Male,30.33,160,107,182.05,160,Yes,Medium,No,5,Yes,4.9,Medium,10,1,303354,No,1
603,26,Female,39.99,113,93,107.9,138,No,Medium,Yes,5,No,5.9,Medium,9,2,69904,Yes,1
604,29,Male,34.47,100,127,130.97,160,No,High,No,0,Yes,9.1,High,10,3,297881,Yes,1
605,70,Female,25.55,162,83,171.1,204,No,Medium,No,1,No,9.4,High,14,4,88127,No,1
606,18,Male,35.86,101,74,176.76,208,No,Low,Yes,3,Yes,7.7,Medium,9,0,325654,No,1
607,75,Male,20.1,124,53,137.02,161,No,Low,No,3,No,7.0,Low,0,0,338262,No,1
608,75,Female,16.73,152,113,120.41,239,No,High,No,1,No,8.3,Medium,14,0,332162,Yes,1
609,18,Female,20.91,157,65,119.27,142,No,High,No,0,Yes,7.7,Medium,6,1,111557,Yes,0
610,64,Female,24.17,146,59,101.45,152,Yes,Medium,Yes,1,No,9.9,Medium,8,2,144426,Yes,1
611,51,Male,28.25,102,115,128.57,139,No,High,No,4,No,5.1,High,11,2,75183,Yes,1
612,49,Male,30.76,112,84,105.9,272,No,Medium,No,4,No,6.7,High,3,5,478266,Yes,1
613,79,Male,37.85,172,55,184.09,209,No,Medium,Yes,5,Yes,9.5,Medium,3,4,389234,No,1
614,71,Female,28.24,128,68,172.43,223,No,Medium,No,4,No,9.5,Low,4,0,316163,No,1
615,65,Male,28.03,177,108,138.87,299,No,Medium,No,3,No,7.0,Low,14,1,309187,Yes,1
616,42,Male,17.21,169,102,128.65,131,Yes,Medium,No,5,No,4.8,Low,7,5,280683,Yes,1
617,57,Female,16.84,101,57,112.77,279,No,Low,No,3,No,8.9,Medium,10,3,382070,No,1
618,62,Male,29.23,123,127,166.38,280,No,Low,Yes,0,No,7.5,High,4,2,179647,Yes,1
619,70,Male,26.52,160,59,235.4,315,No,High,Yes,2,Yes,8.6,Medium,3,2,409201,No,1
620,18,Female,36.14,164,116,193.43,262,Yes,High,Yes,1,Yes,6.8,Medium,7,1,281563,Yes,1
621,33,Male,19.86,120,87,203.99,170,No,Medium,No,2,No,5.2,Low,10,5,97152,Yes,1
622,78,Female,16.6,151,78,220.19,125,Yes,High,Yes,3,No,4.1,Medium,4,5,343984,Yes,1
623,56,Female,26.78,102,64,133.29,210,No,Medium,No,1,Yes,7.4,High,7,4,243005,Yes,1
624,22,Female,21.7,120,72,81.32,316,No,High,Yes,3,No,5.0,High,0,1,357784,Yes,1
625,39,Female,17.19,91,95,182.06,188,No,Low,No,0,No,5.1,Low,2,5,111600,No,1
626,46,Female,33.39,104,77,103.96,282,No,Medium,Yes,5,Yes,6.6,High,6,4,314784,No,1
627,72,Male,18.68,146,75,172.43,242,Yes,Medium,No,1,Yes,6.7,Low,11,5,181509,No,1
628,20,Male,30.6,164,59,203.11,281,Yes,Low,Yes,3,No,5.6,Medium,0,2,176100,No,1
629,29,Female,22.75,123,96,211.05,310,No,Medium,No,4,Yes,4.8,Low,10,4,161886,Yes,1
630,43,Female,20.16,157,53,124.33,315,No,High,No,4,Yes,9.7,Medium,4,5,33552,Yes,1
631,33,Male,25.11,164,104,162.24,265,No,Medium,Yes,3,Yes,4.8,Low,5,4,102975,No,1
632,68,Female,35.23,118,115,181.77,234,No,High,No,2,No,6.1,Medium,13,4,80992,Yes,1
633,54,Female,25.41,155,116,217.51,273,Yes,Medium,No,5,No,5.8,Medium,11,5,126320,No,1
634,39,Female,34.02,105,56,207.05,230,No,Medium,No,0,Yes,9.2,Low,12,4,357406,Yes,1
635,74,Male,19.01,128,104,247.84,180,No,Medium,No,0,Yes,6.5,High,0,0,444669,No,1
636,46,Male,34.55,166,129,71.46,226,Yes,Low,Yes,3,No,4.7,Low,6,0,498313,No,1
637,31,Female,21.69,126,80,148.75,197,No,Medium,Yes,0,Yes,4.1,High,8,5,44724,Yes,1
638,45,Female,32.26,170,123,116.09,214,No,Medium,No,1,No,8.3,Medium,8,0,488958,Yes,1
639,22,Male,29.58,110,68,91.58,193,No,High,No,0,No,8.3,Medium,2,0,53576,Yes,0
640,64,Male,38.3,133,77,234.07,167,No,Medium,No,4,No,6.5,Medium,3,1,427533,Yes,1
641,66,Female,25.3,108,77,249.63,319,No,Medium,No,3,Yes,4.8,Low,14,3,15159,No,1
642,47,Female,17.59,160,68,102.51,215,Yes,Low,Yes,1,No,6.2,Medium,13,5,95027,Yes,1
643,63,Male,16.46,97,69,76.92,150,Yes,High,Yes,0,Yes,7.5,Medium,0,4,463958,Yes,1
644,79,Male,35.84,166,62,119.51,153,No,Medium,No,4,No,8.2,High,12,1,433806,No,1
645,69,Male,28.59,155,126,220.28,206,No,High,No,5,No,4.5,High,3,5,161481,No,1
646,22,Female,34.61,130,92,122.9,254,Yes,Medium,No,2,Yes,7.3,Low,13,0,490963,Yes,1
647,29,Male,21.63,164,60,80.24,202,No,Medium,Yes,0,Yes,5.7,Medium,4,4,388539,No,1
648,33,Female,24.28,177,97,79.45,254,No,Medium,No,4,No,7.7,Medium,6,3,25705,Yes,1
649,43,Male,16.72,159,64,146.94,166,Yes,Medium,Yes,5,Yes,7.9,Medium,4,5,250341,No,1
650,43,Male,39.08,150,66,237.73,255,Yes,Medium,No,5,No,9.5,High,7,4,259755,Yes,1
651,65,Male,32.03,115,103,121.47,248,No,Medium,Yes,4,No,6.5,Low,6,2,477866,No,1
652,38,Male,38.4,160,99,146.89,244,No,Medium,No,4,Yes,7.2,Medium,0,2,64201,No,1
653,56,Female,22.37,172,77,88.35,196,Yes,High,No,4,No,5.6,Medium,11,5,192057,Yes,1
654,53,Female,30.68,159,53,158.84,122,No,Low,No,2,No,5.7,Low,1,1,332042,Yes,1
655,50,Male,32.28,118,71,195.38,300,Yes,Medium,No,3,No,4.3,Medium,6,3,355313,Yes,1
656,79,Female,23.62,155,88,118.81,211,No,Low,No,4,Yes,5.7,Low,2,1,483283,No,1
657,47,Male,36.35,108,83,123.41,285,No,Low,No,3,No,4.4,Medium,1,4,435595,No,1
658,54,Male,38.73,157,93,221.56,298,No,Medium,No,5,Yes,9.8,Medium,10,3,252606,No,1
659,40,Male,37.24,147,91,71.87,262,No,Low,No,2,No,7.7,Low,11,5,364347,No,1
660,75,Male,33.74,159,89,184.56,219,No,Medium,Yes,5,Yes,5.0,Low,13,1,214082,No,1
661,27,Female,22.66,146,61,140.9,246,Yes,Low,No,2,No,4.7,High,8,4,308046,No,1
662,71,Male,22.76,126,51,123.71,314,Yes,Medium,No,5,Yes,6.2,High,11,0,445851,No,1
663,22,Male,39.12,150,77,188.37,311,No,Low,Yes,1,No,5.8,High,9,4,126106,Yes,1
664,53,Female,16.25,119,123,220.24,187,No,Low,Yes,1,No,5.7,High,12,1,139791,No,1
665,51,Male,33.19,160,116,170.51,252,Yes,High,Yes,4,No,6.8,Low,7,5,115530,Yes,1
666,69,Male,32.95,162,120,75.6,209,No,Medium,No,3,No,9.5,Low,7,5,392610,No,1
667,48,Male,30.94,114,121,153.05,208,No,High,Yes,5,No,7.4,Low,2,3,224086,Yes,1
668,27,Female,39.76,154,125,153.3,129,No,Low,Yes,2,No,7.1,High,10,3,312847,Yes,1
669,75,Male,23.49,95,59,167.88,127,No,High,Yes,0,No,8.8,High,9,0,23449,Yes,1
670,36,Female,24.16,107,106,190.77,131,No,Medium,Yes,1,No,4.0,Medium,8,1,91300,No,1
671,75,Male,17.89,99,86,73.48,183,Yes,Low,No,1,Yes,5.2,High,7,5,53429,Yes,1
672,49,Male,26.63,100,126,160.36,237,No,Medium,No,5,No,7.0,Medium,11,5,135546,No,1
673,18,Female,22.27,154,113,175.9,178,No,Medium,Yes,0,No,8.2,Low,1,0,180011,Yes,0
674,73,Male,24.24,166,128,131.8,314,No,Medium,Yes,3,No,6.9,Low,6,2,131850,Yes,1
675,22,Male,36.03,173,89,190.31,169,No,Medium,No,3,No,5.0,Low,7,5,18301,Yes,1
676,62,Female,38.45,154,109,111.07,270,No,Medium,No,3,No,9.6,Medium,11,4,360208,Yes,1
677,21,Female,20.46,141,97,127.13,159,Yes,Medium,Yes,4,No,6.0,Medium,6,2,189969,Yes,1
678,33,Female,24.94,156,68,243.3,241,Yes,Medium,Yes,4,Yes,8.7,High,8,2,379503,Yes,1
679,41,Female,38.29,171,121,132.65,216,No,High,No,5,Yes,9.3,Low,12,0,331483,Yes,1
680,33,Female,17.48,167,82,132.37,246,Yes,Medium,No,0,Yes,6.1,Medium,6,0,54089,Yes,1
681,72,Male,18.22,120,93,177.22,206,No,Medium,No,5,No,9.1,Medium,11,4,291713,Yes,1
682,19,Female,19.91,106,86,244.78,196,No,Medium,Yes,2,Yes,8.3,High,6,0,142472,No,1
683,66,Male,30.29,144,85,246.95,240,No,High,No,0,No,9.4,High,0,0,112738,Yes,1
684,45,Male,19.61,125,70,174.34,265,No,Medium,No,2,Yes,5.5,High,1,0,343563,Yes,1
685,49,Male,39.23,115,51,70.2,268,Yes,Low,No,0,Yes,9.6,Medium,13,5,31543,Yes,1
686,44,Female,26.72,142,80,232.12,230,No,Medium,No,4,No,4.4,Low,4,0,285932,Yes,1
687,37,Female,28.04,106,79,172.64,248,No,Medium,Yes,3,No,8.8,Medium,12,0,119943,Yes,1
688,41,Male,21.92,175,125,135.88,285,No,Medium,No,1,Yes,6.6,Low,12,2,97767,No,1
689,29,Female,27.3,114,93,219.26,160,Yes,Medium,Yes,0,No,5.1,Medium,10,2,362649,No,1
690,67,Female,31.89,91,61,141.97,289,No,Medium,No,0,Yes,4.5,Low,13,4,424628,Yes,1
691,52,Female,34.03,175,100,76.13,256,No,High,No,1,No,6.3,Medium,0,3,438519,Yes,1
692,77,Female,34.09,94,98,217.79,142,No,Medium,No,0,Yes,6.3,High,11,4,338820,Yes,1
693,50,Male,29.87,93,73,168.25,197,No,Medium,Yes,3,No,5.4,Low,9,5,420758,Yes,1
694,50,Male,37.7,125,73,130.87,130,No,Medium,Yes,5,Yes,5.3,High,14,5,234554,Yes,1
695,78,Female,35.62,95,109,115.16,190,No,Low,Yes,1,No,6.4,Low,6,5,61764,Yes,1
696,68,Male,34.17,110,60,176.88,278,Yes,High,Yes,1,Yes,6.5,Low,4,1,455307,No,1
697,60,Female,17.33,166,62,107.45,145,No,Medium,No,3,No,6.7,Medium,12,4,125210,Yes,1
698,54,Female,16.17,178,121,128.29,149,No,Medium,No,3,Yes,9.2,High,4,4,58335,Yes,1
699,29,Male,21.1,115,123,184.58,281,No,High,No,1,No,7.7,Medium,7,0,371685,No,1
700,20,Male,31.92,144,121,228.68,293,No,Low,No,3,No,4.1,Medium,8,0,485076,Yes,1
701,18,Male,25.87,128,113,165.92,221,Yes,High,No,5,No,7.1,Low,9,0,147730,Yes,1
702,50,Female,25.66,173,69,206.64,188,No,High,No,3,No,8.6,Low,0,3,365475,No,1
703,57,Male,37.23,122,121,207.35,252,Yes,High,No,5,No,4.3,Low,9,5,445305,Yes,1
704,27,Female,37.49,103,122,189.58,308,No,Low,Yes,3,No,6.5,Medium,3,0,97856,No,1
705,60,Male,37.82,145,120,114.25,285,No,Medium,Yes,1,No,6.7,High,14,1,150482,Yes,1
706,61,Male,23.53,170,127,226.02,275,Yes,Low,No,0,No,9.7,High,10,2,308424,Yes,1
707,46,Female,32.59,110,77,148.53,273,No,Medium,No,2,No,6.9,Low,1,1,369078,No,1
708,30,Female,22.52,135,51,77.96,180,No,Medium,No,1,Yes,8.5,Medium,13,3,93823,Yes,0
709,29,Female,20.57,105,92,114.03,225,No,Low,No,2,Yes,5.8,Medium,8,0,32881,Yes,0
710,48,Female,20.43,105,57,207.8,142,Yes,Medium,No,3,No,8.7,Low,8,4,454141,Yes,1
711,63,Female,24.21,173,62,82.44,293,No,Medium,No,3,No,5.9,Medium,0,2,363147,No,1
712,19,Female,26.32,118,84,96.53,232,Yes,High,No,0,No,6.6,Medium,2,5,346221,No,1
713,78,Female,35.94,97,72,194.96,149,Yes,Medium,No,3,Yes,6.9,Medium,9,3,207529,Yes,1
714,68,Female,18.88,177,95,230.67,186,No,Medium,Yes,2,No,9.6,Low,7,1,459384,No,1
715,67,Male,33.64,92,64,184.07,280,Yes,Medium,Yes,1,No,4.3,High,1,0,398547,No,1
716,52,Female,28.75,178,51,110.01,250,No,High,No,1,Yes,5.2,Medium,1,3,105021,No,1
717,40,Female,22.91,108,110,79.61,316,No,Medium,No,5,No,8.2,Low,1,3,393567,Yes,1
718,34,Male,27.83,155,125,180.72,240,No,Medium,No,0,No,7.5,Medium,12,4,169156,No,1
719,43,Female,23.2,168,113,78.53,202,No,Low,Yes,2,Yes,5.5,High,4,5,93164,Yes,1
720,25,Male,30.31,175,101,180.29,289,No,Medium,No,3,No,5.7,Medium,13,4,216191,No,1
721,46,Male,26.41,163,85,110.6,181,Yes,High,Yes,4,No,6.2,Medium,8,4,336231,Yes,1
722,43,Female,19.95,171,116,232.84,305,No,High,No,0,Yes,6.7,Low,6,5,174938,Yes,1
723,27,Male,18.8,111,118,155.52,176,No,Low,No,0,Yes,8.9,Medium,12,1,65252,No,0
724,43,Female,29.12,135,116,110.31,120,No,Medium,Yes,4,Yes,4.1,Medium,6,4,368365,No,1
725,79,Male,37.66,102,96,223.57,221,Yes,Low,Yes,1,Yes,9.4,Low,14,5,12792,Yes,1
726,51,Male,24.25,122,51,115.73,307,No,High,Yes,5,No,6.5,Medium,1,3,427108,Yes,1
727,68,Male,33.59,94,93,125.19,188,No,Medium,Yes,1,Yes,5.4,Medium,1,3,162010,Yes,1
728,58,Female,31.81,179,113,220.17,178,No,High,No,1,No,7.1,Medium,4,5,242715,Yes,1
729,24,Female,38.36,166,127,125.58,165,No,Medium,Yes,4,Yes,8.0,Low,11,3,85884,Yes,1
730,21,Male,35.7,116,77,143.83,225,No,High,No,3,No,4.3,Medium,13,2,445194,Yes,1
731,75,Male,29.6,167,103,132.58,153,No,High,Yes,3,Yes,8.3,High,6,2,225455,Yes,1
732,70,Female,31.77,113,123,90.95,220,No,Low,Yes,5,No,8.6,High,6,5,440908,Yes,1
733,67,Female,37.56,156,116,77.0,216,No,High,No,5,Yes,5.0,High,8,5,340254,Yes,1
734,62,Male,25.59,152,85,200.42,272,Yes,High,No,2,Yes,5.0,Medium,2,1,105932,No,1
735,28,Male,23.84,137,112,186.12,289,No,Medium,No,2,Yes,5.2,Low,13,5,25957,Yes,1
736,46,Female,16.26,152,74,120.83,148,No,High,Yes,1,Yes,8.8,Medium,0,4,281255,No,1
737,73,Female,35.84,167,97,123.21,272,No,Medium,Yes,4,Yes,5.6,Low,8,3,167839,No,1
738,53,Female,35.22,101,88,240.1,301,No,High,No,5,No,8.8,High,0,4,357112,Yes,1
739,42,Female,18.51,117,96,247.78,242,No,Low,No,0,Yes,7.2,High,7,5,475962,Yes,1
740,38,Female,29.84,133,70,155.22,192,Yes,Medium,Yes,3,No,8.6,Medium,13,3,315130,Yes,1
741,78,Male,27.14,132,79,214.44,314,No,Low,No,4,No,7.3,Low,14,2,6209,Yes,1
742,74,Female,18.85,106,80,202.6,262,No,High,No,5,No,6.0,High,13,3,283697,Yes,1
743,53,Male,39.53,129,75,123.52,123,No,High,Yes,2,No,9.5,High,4,1,395946,Yes,1
744,27,Female,21.15,138,71,80.54,157,No,Medium,No,5,No,8.3,Medium,7,0,244135,No,0
745,54,Male,17.61,174,70,95.66,139,Yes,Medium,Yes,3,No,6.9,Low,6,3,494909,Yes,1
746,26,Female,30.28,146,50,220.89,232,No,Medium,No,5,Yes,7.8,Medium,8,5,429952,No,1
747,41,Female,33.73,176,86,201.62,142,No,Medium,No,3,No,7.7,Low,1,1,91316,Yes,1
748,52,Male,16.78,173,126,189.58,284,No,Medium,Yes,4,No,6.1,Medium,8,2,20023,Yes,1
749,66,Male,31.81,153,95,93.52,309,No,Medium,No,5,Yes,6.5,Medium,9,2,286963,Yes,1
750,52,Female,28.78,164,58,185.19,230,No,Low,No,5,No,5.9,High,4,0,465629,Yes,1
751,65,Female,18.48,146,66,208.99,255,No,Low,Yes,2,Yes,10.0,Low,4,5,418652,No,1
752,53,Female,20.14,163,96,224.91,284,No,Medium,No,4,Yes,7.5,Medium,0,4,237411,Yes,1
753,35,Female,29.63,163,108,72.38,164,No,Medium,No,0,No,4.6,Low,5,4,204856,Yes,0
754,66,Female,23.11,159,103,193.21,216,Yes,High,No,3,Yes,7.1,Medium,9,3,320169,Yes,1
755,56,Male,38.52,177,61,73.44,152,No,Medium,Yes,4,Yes,4.3,High,9,2,343063,Yes,1
756,49,Male,35.65,165,113,197.24,254,No,Low,No,4,Yes,5.7,Medium,9,1,406930,No,1
757,41,Female,39.61,132,55,184.41,141,No,Medium,Yes,0,Yes,6.7,Medium,9,0,303464,No,1
758,40,Male,22.23,112,102,96.7,252,No,Medium,No,4,Yes,7.2,Low,2,4,37235,No,1
759,79,Male,39.27,116,65,207.9,134,No,Medium,No,3,Yes,9.9,Medium,12,3,92525,Yes,1
760,49,Male,26.35,147,54,82.3,140,No,Medium,Yes,1,Yes,9.9,Low,9,3,466458,Yes,1
761,54,Female,24.34,126,122,218.75,245,No,Medium,No,1,Yes,4.6,Medium,2,2,479971,Yes,1
762,29,Male,17.21,95,95,117.15,208,No,Medium,No,2,Yes,7.2,Low,2,1,37668,No,0
763,66,Female,17.27,154,63,193.99,136,No,Low,No,0,No,8.9,High,12,1,335212,Yes,1
764,72,Male,32.61,95,93,236.26,175,No,Medium,No,2,Yes,5.4,Low,3,4,54973,No,1
765,30,Female,26.99,139,112,131.17,169,No,Low,Yes,1,No,8.5,Low,8,3,172348,No,1
766,40,Male,21.44,111,101,160.52,254,Yes,Low,No,0,No,9.3,Medium,12,2,185418,No,1
767,42,Female,30.74,177,75,153.36,237,No,Low,Yes,4,No,8.0,High,7,1,21849,Yes,1
768,52,Female,22.07,114,102,98.37,241,No,Low,No,4,No,6.0,High,11,3,434009,Yes,1
769,58,Male,29.86,168,78,176.26,169,No,High,No,3,Yes,9.5,High,5,1,393171,No,1
770,47,Female,24.62,179,68,203.74,179,No,Low,No,5,No,9.3,Low,7,0,62297,No,1
771,34,Female,35.77,161,96,235.04,244,No,Low,Yes,1,Yes,8.3,Low,7,1,53287,No,1
772,66,Female,35.7,140,57,223.14,235,No,High,No,4,Yes,6.2,High,0,1,138609,Yes,1
773,79,Female,27.46,177,72,161.8,254,No,Medium,No,0,Yes,8.8,High,8,3,168939,No,1
774,37,Female,24.42,137,84,199.42,287,Yes,Medium,Yes,5,No,5.9,Medium,0,1,13307,Yes,1
775,65,Female,24.7,159,102,214.14,292,No,Medium,No,5,No,5.5,Medium,10,1,34051,Yes,1
776,42,Female,35.34,154,107,158.83,306,No,Medium,No,4,No,7.1,Low,1,0,190938,No,1
777,39,Female,23.88,149,54,90.78,207,No,Medium,No,2,No,10.0,High,8,1,425663,Yes,1
778,30,Male,21.02,135,65,148.83,224,No,Low,Yes,2,No,8.8,Low,6,1,408518,No,1
779,76,Male,18.03,125,66,221.65,174,No,High,Yes,2,Yes,8.4,Medium,9,3,338955,Yes,1
780,36,Female,27.2,147,81,177.4,183,No,Low,No,5,No,6.7,High,0,2,374911,Yes,1
781,66,Female,27.57,165,101,200.4,312,No,Low,No,2,No,5.9,Medium,2,0,216338,Yes,1
782,53,Male,36.18,127,69,103.35,301,No,Medium,No,2,No,9.1,Low,13,1,482826,Yes,1
783,29,Male,21.31,100,115,243.58,215,No,Medium,No,5,Yes,7.4,Low,0,2,235810,Yes,1
784,78,Male,25.14,101,50,142.73,287,No,Medium,Yes,3,No,8.9,Low,4,3,72438,Yes,1
785,58,Female,35.4,131,107,187.65,300,No,High,No,2,Yes,6.9,Medium,14,0,40791,No,1
786,36,Male,35.77,128,93,73.4,163,No,High,Yes,3,Yes,8.5,Medium,3,5,18739,Yes,1
787,29,Female,25.23,160,55,92.92,310,No,High,No,3,No,9.2,Low,7,3,388889,No,1
788,26,Female,27.02,100,99,210.77,249,Yes,Low,No,4,Yes,6.3,Low,8,2,241189,Yes,1
789,24,Male,23.28,125,121,244.23,268,No,High,No,5,Yes,4.1,Low,14,0,491103,No,1
790,45,Female,38.38,141,69,127.61,169,No,Medium,No,0,No,5.5,High,11,1,348365,Yes,1
791,31,Female,18.85,120,63,76.69,230,No,Low,No,2,No,9.5,High,3,2,191286,Yes,1
792,48,Female,38.41,122,54,134.96,299,Yes,Medium,No,0,Yes,8.1,Medium,14,3,89513,No,1
793,69,Female,32.41,102,90,73.14,256,No,Medium,No,1,Yes,8.4,High,2,0,306430,Yes,1
794,36,Male,28.76,107,89,104.63,218,Yes,Low,No,3,No,6.0,Medium,13,2,304851,No,1
795,75,Male,16.78,130,83,205.44,267,No,Medium,No,1,Yes,8.2,High,3,5,369841,Yes,1
796,64,Female,27.41,147,129,238.68,265,No,High,No,3,No,7.9,Medium,2,2,200862,No,1
797,33,Female,25.79,145,94,85.74,203,No,Low,No,2,No,5.1,High,5,3,274283,Yes,1
798,70,Male,19.87,113,120,170.42,149,No,Medium,No,1,No,9.8,Low,0,3,427183,Yes,1
799,22,Female,31.75,162,129,115.7,184,No,Medium,No,5,Yes,6.1,Medium,1,1,393622,Yes,1
800,52,Male,39.31,120,120,95.03,143,No,Medium,No,4,Yes,6.0,High,7,1,295930,Yes,1
801,29,Female,29.49,144,76,109.42,294,Yes,Low,No,1,No,6.2,Low,2,2,262999,Yes,1
802,42,Female,33.15,99,127,174.0,209,Yes,Medium,No,3,No,4.6,Low,3,3,19828,Yes,1
803,69,Male,17.64,149,127,81.72,225,No,Medium,Yes,5,No,7.7,Low,11,2,12224,Yes,1
804,76,Male,26.02,91,93,148.16,291,Yes,High,No,3,Yes,5.4,Low,0,4,450294,No,1
805,38,Male,18.79,104,82,94.34,276,Yes,High,Yes,0,Yes,8.8,Low,14,5,49173,No,1
806,53,Male,30.71,92,82,119.08,196,No,High,No,1,Yes,6.4,Medium,2,3,306774,Yes,1
807,70,Female,38.52,132,93,104.34,187,No,Low,No,4,No,6.8,Low,0,4,298515,Yes,1
808,40,Male,31.88,120,69,228.94,228,No,Low,No,2,No,7.9,Low,10,4,343538,Yes,1
809,33,Female,17.84,159,85,197.44,264,No,Medium,Yes,0,Yes,8.6,High,9,3,371452,No,1
810,74,Male,24.51,156,56,226.32,216,No,Medium,Yes,1,No,5.4,Medium,4,1,39594,Yes,1
811,56,Male,29.22,145,81,139.02,252,No,High,No,0,No,9.8,Low,0,2,388384,No,1
812,62,Female,25.68,152,116,126.41,211,No,High,Yes,1,No,7.7,Medium,11,0,53205,Yes,1
813,70,Male,36.01,164,88,138.51,207,No,Medium,Yes,2,No,4.0,Medium,8,0,432009,Yes,1
814,59,Male,35.55,104,73,73.34,169,No,Low,No,2,No,6.5,High,6,5,333465,Yes,1
815,75,Male,30.68,99,119,200.45,222,Yes,High,No,4,No,6.6,Low,10,3,377770,Yes,1
816,56,Male,24.96,127,103,132.96,231,No,Low,No,0,No,8.9,High,7,1,449168,Yes,0
817,31,Female,22.13,136,87,126.4,287,Yes,Low,No,4,No,5.8,High,8,1,429330,No,1
818,48,Female,18.54,146,123,177.67,165,No,High,No,1,No,6.0,High,9,1,295009,Yes,1
819,75,Male,24.52,139,129,148.52,298,No,Medium,No,2,Yes,4.4,Low,7,0,141258,Yes,1
820,22,Male,25.92,160,124,246.55,130,Yes,Low,No,2,No,5.7,Low,2,4,470988,No,1
821,52,Male,32.22,104,81,134.13,131,No,Medium,Yes,3,Yes,8.3,Medium,6,5,381031,Yes,1
822,40,Female,31.8,107,94,180.5,260,No,Low,No,3,No,7.8,Low,6,0,62704,Yes,1
823,46,Female,17.68,171,110,126.1,183,No,Medium,No,4,Yes,4.5,Low,13,1,175441,No,1
824,60,Female,25.49,177,119,248.31,127,No,Low,No,0,Yes,4.7,Low,6,0,132269,No,1
825,28,Female,20.36,91,102,150.12,312,No,High,Yes,1,Yes,6.3,Medium,11,0,188621,Yes,1
826,35,Male,19.76,173,100,184.14,128,No,Medium,No,4,Yes,8.5,Low,7,5,432210,No,1
827,64,Male,35.86,132,125,92.81,249,No,Medium,No,2,Yes,9.0,Low,3,2,73176,Yes,1
828,29,Male,17.01,115,105,201.94,197,Yes,Low,No,2,Yes,4.1,High,10,3,124738,Yes,1
829,26,Female,26.06,160,76,118.46,260,No,Low,No,2,Yes,6.0,Low,5,4,41417,Yes,1
830,27,Male,20.04,127,87,150.75,121,No,Medium,No,1,Yes,6.5,Medium,1,2,380080,Yes,0
831,75,Female,37.1,131,111,228.96,315,No,Medium,No,4,No,9.5,Medium,6,3,100153,No,1
832,61,Female,29.37,94,67,244.7,295,Yes,Low,No,1,Yes,7.0,High,8,1,328844,No,1
833,34,Male,21.55,100,113,146.42,193,No,Medium,Yes,5,No,5.6,High,4,5,69276,Yes,1
834,78,Male,28.06,154,126,220.26,250,No,High,No,2,No,6.3,Medium,3,5,174477,Yes,1
835,55,Male,33.56,123,79,79.6,315,No,Medium,No,3,Yes,6.6,High,1,2,40971,No,1
836,24,Female,38.99,90,98,222.56,253,No,Low,No,4,Yes,8.0,Medium,6,3,211600,No,1
837,63,Female,21.29,172,90,183.31,206,No,Medium,No,3,Yes,4.2,Medium,1,5,327884,Yes,1
838,30,Male,37.27,91,62,157.97,124,Yes,Medium,Yes,4,No,6.3,Low,1,2,110539,Yes,1
839,57,Male,38.42,174,83,230.19,250,Yes,Low,No,2,No,7.9,Medium,8,5,405509,No,1
840,59,Female,37.99,109,74,222.16,257,No,Medium,Yes,3,Yes,5.7,Medium,1,0,440592,No,1
841,26,Male,31.25,150,115,123.45,290,No,Medium,Yes,3,Yes,7.6,Medium,9,0,132377,Yes,1
842,67,Female,31.12,176,67,212.47,266,No,High,No,4,No,6.1,Medium,2,2,69314,No,1
843,44,Female,25.68,110,54,87.91,133,No,Medium,No,5,Yes,8.6,Low,2,2,422450,Yes,0
844,75,Male,34.06,177,68,218.1,268,No,Low,No,5,No,4.4,Medium,1,4,62679,Yes,1
845,19,Male,28.75,157,91,191.58,243,No,Medium,No,3,Yes,9.5,Medium,9,1,261961,Yes,1
846,22,Male,32.26,101,67,85.82,162,Yes,Low,Yes,3,Yes,5.0,Low,2,0,101284,Yes,1
847,46,Male,26.28,111,81,192.95,147,Yes,Low,Yes,2,Yes,5.0,Medium,8,5,289466,No,1
848,54,Female,33.56,109,70,174.49,268,No,Medium,No,4,No,9.0,Medium,10,2,236337,Yes,1
849,55,Female,35.79,171,59,177.02,283,No,High,No,4,Yes,9.2,High,14,3,470699,Yes,1
850,36,Female,19.51,90,86,122.36,143,No,High,Yes,0,Yes,4.6,Low,10,5,267987,No,0
851,25,Male,35.99,119,98,117.97,301,No,Low,No,4,Yes,9.5,Medium,10,1,316289,Yes,1
852,65,Female,28.97,113,62,207.26,285,No,High,No,2,Yes,5.6,Low,2,3,31216,No,1
853,62,Male,36.27,103,104,116.23,136,No,Low,No,3,No,7.7,Medium,4,5,382956,No,1
854,18,Male,26.35,125,66,150.33,269,No,Low,Yes,0,Yes,4.4,Low,11,1,198761,Yes,1
855,39,Male,25.1,158,58,195.06,202,No,High,No,3,No,6.3,Medium,14,3,453930,Yes,1
856,69,Male,37.96,164,93,84.33,164,No,High,No,4,Yes,6.7,High,6,0,124399,No,1
857,34,Male,22.03,113,127,177.02,193,Yes,Low,Yes,1,No,7.6,Low,0,2,113805,Yes,0
858,24,Male,36.26,149,95,176.09,308,No,Low,Yes,3,No,7.2,Medium,13,5,185988,Yes,1
859,42,Female,27.62,144,57,193.16,258,No,Low,Yes,5,No,6.8,Medium,0,2,375340,No,1
860,62,Male,28.34,166,86,136.59,180,Yes,Medium,No,4,No,9.8,Low,14,4,310443,Yes,1
861,21,Female,23.4,169,68,150.82,157,No,High,No,5,Yes,5.1,Medium,9,5,69723,Yes,1
862,53,Female,29.75,113,112,129.39,185,No,Low,Yes,2,No,4.9,Medium,12,2,131607,No,1
863,23,Male,23.81,166,95,215.47,152,No,Medium,No,5,No,8.3,Low,1,5,387407,No,1
864,77,Male,16.94,113,120,93.51,162,No,Low,No,4,Yes,4.4,High,0,0,12403,Yes,1
865,48,Male,22.53,143,75,243.33,278,No,Low,No,0,Yes,6.9,High,0,1,26013,Yes,1
866,36,Female,16.15,115,95,184.27,231,No,High,No,5,Yes,6.9,High,13,1,194508,Yes,1
867,78,Male,39.48,155,95,229.64,154,Yes,High,No,1,No,5.9,Medium,13,2,6604,No,1
868,61,Female,39.18,169,124,146.72,156,Yes,Low,Yes,1,Yes,9.6,Low,9,3,47229,No,1
869,71,Male,25.48,127,63,129.81,294,No,Low,No,1,No,5.7,High,3,2,411078,Yes,1
870,56,Male,33.48,154,112,232.13,219,No,Low,Yes,5,Yes,5.7,Medium,9,5,115828,No,1
871,44,Female,24.3,164,121,87.8,142,No,Medium,No,2,No,5.4,Medium,11,1,16594,Yes,0
872,27,Female,32.11,140,52,91.08,283,Yes,Low,No,1,No,4.9,High,11,5,339186,No,1
873,43,Male,35.33,124,77,123.88,287,No,Medium,Yes,3,No,6.2,High,2,4,497050,Yes,1
874,36,Female,38.72,132,78,242.76,208,Yes,Medium,Yes,2,Yes,8.1,Medium,0,1,335470,No,1
875,56,Female,25.61,118,67,183.95,134,No,Low,No,4,No,8.5,High,2,3,195928,No,1
876,79,Female,34.8,126,84,169.75,284,No,High,Yes,0,No,8.9,Medium,0,3,448620,No,1
877,20,Female,22.38,170,126,196.96,251,Yes,Low,Yes,2,No,5.2,Medium,2,4,172781,No,1
878,62,Female,39.77,147,125,145.15,269,No,High,No,0,No,4.2,Medium,3,5,256388,No,1
879,30,Male,16.62,143,96,206.45,141,Yes,Medium,No,2,No,9.8,Low,10,5,345094,No,1
880,67,Male,30.48,128,54,140.78,197,No,High,Yes,4,No,4.1,Medium,12,5,161305,No,1
881,45,Female,31.83,131,124,218.75,264,Yes,Low,No,0,No,9.8,High,10,3,54009,No,1
882,79,Male,32.51,117,108,118.11,191,No,Medium,No,2,No,9.0,Low,13,2,244432,No,1
883,75,Male,18.89,118,124,119.96,217,No,Low,No,0,No,9.5,Medium,13,2,288761,Yes,0
884,37,Female,38.52,132,108,164.03,209,No,High,No,1,No,6.3,Medium,7,1,388218,Yes,0
885,45,Male,20.35,92,96,147.54,228,Yes,Medium,Yes,1,No,5.2,Medium,2,0,196016,Yes,1
886,25,Female,30.95,99,62,186.66,213,No,Medium,Yes,5,Yes,7.6,Medium,2,2,469544,Yes,1
887,78,Female,21.34,148,127,135.57,199,No,Medium,Yes,1,No,8.4,High,12,2,430939,No,1
888,58,Male,23.37,103,82,111.5,213,No,High,Yes,3,Yes,4.8,Low,8,5,220478,Yes,1
889,56,Female,29.12,165,111,154.57,199,Yes,High,No,1,Yes,8.8,Medium,10,5,315609,Yes,1
890,18,Female,26.01,136,128,170.97,157,No,High,No,1,Yes,5.3,High,8,4,48415,Yes,1
891,20,Female,19.85,131,65,95.67,271,No,High,No,4,Yes,7.0,Medium,5,2,347604,Yes,1
892,30,Female,20.1,121,93,170.21,253,Yes,High,No,0,No,9.1,Low,9,1,351907,Yes,1
893,45,Female,26.04,121,107,127.47,315,Yes,Medium,No,0,Yes,5.2,Medium,3,5,111093,No,1
894,79,Male,34.17,131,55,140.64,253,No,Low,No,1,No,5.5,High,9,4,96842,No,1
895,74,Male,37.55,121,64,120.28,145,No,Low,No,0,Yes,4.4,Medium,4,2,246379,Yes,1
896,77,Female,18.02,115,53,237.65,220,No,Medium,No,2,No,4.9,Medium,12,1,164690,Yes,1
897,66,Female,25.43,90,105,193.0,288,No,Medium,Yes,5,No,4.9,High,8,4,24622,No,1
898,42,Male,18.41,145,113,117.24,194,No,Medium,Yes,1,Yes,5.2,High,0,0,323996,No,1
899,73,Female,16.4,91,117,186.11,157,No,Low,Yes,5,Yes,5.7,Medium,6,5,43052,Yes,1
900,50,Male,31.88,170,83,222.74,202,Yes,Medium,Yes,1,No,8.9,High,14,1,73225,Yes,1
901,55,Female,30.46,119,105,142.29,290,No,Low,No,3,No,9.5,Low,10,2,413115,Yes,1
902,70,Female,19.91,160,81,219.39,300,No,Medium,No,5,Yes,6.4,High,6,4,237708,Yes,1
903,23,Female,21.61,141,58,97.79,262,No,Medium,No,2,No,4.8,Medium,9,0,143026,Yes,1
904,75,Female,16.57,98,112,218.1,175,No,Low,No,1,No,5.3,Medium,0,1,372711,No,1
905,61,Female,36.04,111,121,167.25,224,No,High,No,1,Yes,8.4,Medium,13,0,227564,No,1
906,62,Female,39.39,123,127,110.14,303,No,Medium,Yes,0,No,8.1,Low,0,1,167161,Yes,1
907,49,Female,19.25,138,82,143.29,150,No,High,No,1,Yes,9.8,Medium,14,2,199087,No,0
908,62,Male,21.56,90,70,247.84,304,Yes,Low,Yes,5,No,4.1,Low,13,1,44818,No,1
909,78,Male,36.84,162,104,211.04,298,Yes,Low,No,5,No,8.5,Low,8,2,184920,No,1
910,64,Male,38.24,173,125,173.52,271,No,Low,Yes,1,Yes,7.0,Medium,6,1,92181,No,1
911,38,Female,26.07,142,106,90.73,177,No,Low,No,1,Yes,9.4,High,3,4,345737,No,1
912,33,Female,17.21,172,51,145.21,192,No,Low,No,1,Yes,7.5,Low,8,1,440366,Yes,1
913,71,Female,16.95,129,62,117.35,251,No,Low,No,3,No,6.7,Medium,11,1,209478,Yes,1
914,38,Female,29.77,134,53,82.78,129,No,High,Yes,2,No,8.0,Medium,4,3,350406,No,0
915,28,Female,25.43,157,99,167.6,310,No,High,No,5,No,9.0,Low,2,3,55806,Yes,1
916,77,Female,16.69,98,97,230.05,192,No,High,No,3,No,5.7,High,1,1,206361,No,1
917,54,Female,30.0,111,127,191.61,134,No,High,Yes,0,No,4.6,High,8,3,77672,No,1
918,53,Male,16.27,107,79,114.94,217,No,Medium,No,4,Yes,6.6,Low,3,2,256741,Yes,0
919,52,Female,34.9,165,78,173.25,182,No,Medium,No,1,No,5.3,High,6,3,491734,Yes,1
920,36,Male,23.35,132,57,239.78,138,No,Low,No,5,No,6.6,Medium,0,1,161636,Yes,1
921,37,Male,16.97,128,61,200.12,232,No,Low,Yes,0,Yes,9.9,Low,8,5,442721,Yes,1
922,74,Female,30.12,162,90,194.11,182,Yes,High,No,5,Yes,7.4,Medium,11,0,316293,Yes,1
923,35,Female,25.54,95,75,244.27,235,No,High,Yes,4,No,8.2,Medium,8,5,262168,Yes,1
924,64,Male,39.37,172,99,213.8,303,Yes,High,Yes,1,Yes,8.1,Medium,9,5,120765,Yes,1
925,58,Male,29.06,137,51,94.59,140,Yes,High,Yes,5,No,8.9,Medium,5,5,70657,Yes,1
926,66,Female,22.61,96,104,132.57,281,No,Low,Yes,1,Yes,9.7,Low,5,5,57347,Yes,1
927,31,Female,33.03,169,105,243.73,264,No,Medium,No,4,No,8.0,High,13,0,334894,No,1
928,32,Male,22.52,158,63,158.15,265,No,Medium,Yes,3,Yes,6.9,High,14,1,319287,No,1
929,48,Female,37.7,105,55,90.09,200,No,High,No,4,No,5.9,Medium,5,1,243401,Yes,1
930,18,Female,24.99,90,110,152.55,185,No,High,No,4,No,6.2,Low,4,0,457238,Yes,0
931,70,Female,29.2,126,61,195.46,298,No,Medium,No,5,Yes,6.0,Medium,10,4,170909,No,1
932,71,Male,17.21,172,62,249.56,184,No,Low,No,2,Yes,5.9,Medium,0,3,190619,Yes,1
933,71,Male,26.23,126,68,128.3,162,No,Low,No,1,Yes,8.2,High,3,4,15076,Yes,1
934,20,Male,35.98,170,93,162.54,176,No,Medium,No,5,No,7.5,High,9,2,213856,Yes,1
935,33,Female,35.34,153,108,228.34,257,No,High,Yes,1,No,5.2,High,0,5,138034,Yes,1
936,40,Female,21.38,179,86,133.95,156,No,Low,No,3,No,9.8,Medium,4,5,25407,Yes,1
937,74,Male,21.43,175,74,89.67,295,Yes,Low,Yes,3,Yes,6.6,High,12,0,357663,Yes,1
938,28,Male,35.62,151,65,240.81,239,No,Medium,Yes,2,No,7.4,Low,3,0,361833,Yes,1
939,29,Male,38.33,161,87,157.92,188,Yes,High,No,2,No,8.2,Medium,7,4,208050,Yes,1
940,27,Female,18.29,150,92,160.5,175,No,Medium,Yes,2,No,7.7,Low,0,2,322716,Yes,1
941,49,Male,26.8,122,63,181.82,238,No,Medium,No,3,Yes,5.9,High,7,4,315063,No,1
942,33,Male,24.1,155,55,70.64,283,No,Medium,Yes,4,No,8.8,High,13,2,220361,Yes,1
943,25,Female,36.9,119,72,237.6,278,Yes,Low,No,5,No,4.7,Low,7,1,228346,Yes,1
944,55,Female,18.0,109,109,135.06,174,Yes,Low,Yes,1,No,7.4,Medium,0,5,23703,No,1
945,29,Female,21.07,149,61,141.45,157,No,High,Yes,1,Yes,5.6,High,8,1,188463,Yes,1
946,41,Male,34.06,171,62,101.34,134,Yes,High,No,5,Yes,7.7,Medium,12,0,373404,Yes,1
947,45,Female,17.23,163,55,138.07,263,No,Medium,No,0,No,5.3,Medium,8,1,141627,Yes,1
948,70,Female,27.82,113,112,214.71,196,No,Medium,No,3,Yes,8.6,Medium,5,4,269036,No,1
949,25,Male,26.61,93,87,214.0,172,No,High,No,3,Yes,5.4,Medium,0,2,437391,No,1
950,75,Female,24.03,126,99,238.44,303,No,Medium,Yes,2,No,9.3,High,6,0,212097,Yes,1
951,45,Male,25.47,93,101,142.58,126,No,Low,No,5,No,9.2,Medium,6,1,444757,Yes,0
952,53,Male,28.72,166,89,197.57,304,No,Medium,No,0,No,6.2,Low,8,0,85749,Yes,1
953,43,Female,19.87,178,57,161.3,174,Yes,Medium,No,0,Yes,6.3,Low,0,0,52542,No,0
954,25,Female,29.73,166,110,214.72,171,No,Medium,Yes,3,No,8.2,Low,13,2,451206,No,1
955,75,Female,35.33,107,57,198.26,123,No,High,No,2,Yes,4.5,Medium,14,4,356573,Yes,1
956,77,Female,34.24,177,83,136.22,162,No,High,No,1,Yes,4.5,High,7,5,465241,Yes,1
957,67,Female,19.69,155,128,130.6,159,Yes,Low,No,2,Yes,4.8,Medium,13,4,100289,Yes,1
958,45,Female,19.58,137,109,115.44,240,Yes,Medium,Yes,1,No,7.4,High,11,3,162700,Yes,1
959,45,Male,22.44,122,106,173.77,149,No,Medium,No,3,No,4.9,High,12,4,172849,No,1
960,54,Male,24.67,147,95,243.49,257,No,Medium,No,2,No,5.7,Medium,10,1,348662,Yes,1
961,58,Female,25.8,172,71,106.01,222,No,Medium,Yes,0,Yes,7.9,Medium,7,3,228084,Yes,1
962,53,Male,32.31,162,89,87.15,126,No,Medium,No,5,No,4.1,Medium,6,3,203429,No,1
963,44,Female,17.36,117,94,91.49,283,No,High,No,4,Yes,5.1,Low,11,3,98022,Yes,1
964,71,Male,16.83,124,104,210.96,282,No,Medium,Yes,0,Yes,9.6,Medium,5,3,476304,No,1
965,34,Male,25.41,99,100,133.02,286,No,High,Yes,5,No,8.0,Medium,0,4,219264,Yes,1
966,26,Male,32.73,154,54,110.39,283,No,Low,Yes,1,Yes,5.8,Medium,10,3,363494,Yes,1
967,50,Female,20.64,131,62,133.51,228,No,Medium,Yes,3,No,4.3,Medium,9,1,47846,No,1
968,70,Male,31.4,174,77,186.16,139,No,Medium,Yes,2,No,7.5,Medium,10,1,64176,No,1
969,37,Female,22.24,98,129,168.42,168,No,High,Yes,3,Yes,5.3,Medium,7,0,81594,Yes,0
970,30,Male,37.27,149,111,203.85,215,Yes,Medium,Yes,3,No,9.8,Medium,11,1,341568,No,1
971,45,Male,37.5,104,73,131.03,178,No,Low,No,1,No,8.1,Low,4,5,81092,No,1
972,65,Male,23.13,146,56,151.37,296,Yes,Medium,No,3,Yes,9.8,Medium,3,0,394893,No,1
973,46,Male,21.52,158,87,88.35,209,Yes,Medium,No,2,No,9.1,Medium,4,1,484350,No,1
974,30,Male,25.87,111,86,83.15,145,No,High,No,0,No,6.9,High,4,3,55921,Yes,0
975,63,Female,21.77,153,117,153.21,155,No,Medium,Yes,3,No,8.0,Low,13,2,155297,Yes,1
976,52,Female,32.14,130,91,124.29,290,No,High,No,2,No,8.9,Medium,12,3,94861,No,1
977,78,Male,35.83,176,54,180.3,245,No,High,Yes,2,No,7.5,Medium,9,4,49084,Yes,1
978,23,Male,32.15,160,113,77.74,162,No,Low,No,1,No,4.4,Low,2,0,498884,No,1
979,35,Male,35.78,145,99,91.92,218,No,Medium,Yes,3,No,6.8,Medium,3,2,361000,Yes,1
980,68,Male,25.53,112,64,225.73,152,No,Medium,Yes,1,No,4.8,Medium,3,1,469115,No,1
981,22,Female,19.75,114,122,171.94,219,No,High,Yes,0,Yes,8.3,Medium,7,3,348980,Yes,0
982,64,Male,33.71,95,102,198.17,216,Yes,Low,No,0,No,8.1,Low,4,0,137189,Yes,1
983,42,Female,24.65,123,74,221.55,292,No,Low,Yes,5,Yes,10.0,Medium,5,0,496047,No,1
984,19,Male,32.11,152,58,153.49,164,No,Low,Yes,2,No,7.8,Low,9,1,12447,No,1
985,27,Female,22.5,98,87,206.99,207,Yes,Medium,Yes,3,Yes,8.8,Medium,1,0,196579,Yes,1
986,73,Male,17.95,149,71,164.43,262,No,Low,No,5,Yes,5.6,High,8,1,415412,Yes,1
987,47,Male,39.82,138,98,110.09,214,Yes,Medium,No,2,Yes,6.0,Low,7,1,496557,No,1
988,67,Female,19.75,140,117,130.78,136,Yes,High,No,3,Yes,9.5,Medium,7,3,269604,No,1
989,76,Male,39.72,149,64,158.26,259,No,Medium,No,1,Yes,8.5,Medium,9,0,320634,Yes,1
990,62,Male,39.45,159,114,127.04,141,No,Medium,No,0,Yes,7.9,Medium,4,4,387315,Yes,1
991,22,Male,35.05,126,103,130.39,270,No,High,Yes,5,No,5.5,Medium,4,4,379734,Yes,1
992,72,Female,31.83,120,79,130.73,209,No,Medium,No,5,No,8.2,Medium,14,3,418319,No,1
993,73,Male,29.87,130,69,92.11,197,No,Low,No,0,No,9.3,Low,2,3,192455,Yes,1
994,50,Male,36.79,151,82,85.24,259,No,Medium,No,1,No,5.4,Low,12,1,472798,Yes,1
995,71,Female,22.95,147,126,78.37,233,No,Medium,No,4,No,8.2,Medium,10,4,180978,Yes,1
996,18,Female,27.22,103,56,89.97,187,Yes,Low,No,4,No,6.4,Low,1,0,212048,No,0
997,35,Female,30.87,125,57,131.87,229,No,Medium,No,4,Yes,4.7,Low,8,4,498874,No,1
998,49,Male,25.87,125,77,176.9,298,No,High,No,3,Yes,8.6,Medium,14,3,205650,Yes,1
999,64,Male,26.26,168,94,103.87,244,No,Medium,No,5,Yes,5.0,Low,5,3,457357,Yes,1
1000,66,Male,23.93,97,122,229.84,260,No,Medium,Yes,1,No,5.5,Low,7,1,316470,Yes,1
1001,28,Female,29.54,115,129,215.51,176,No,Medium,Yes,3,Yes,8.7,Low,3,0,391736,Yes,0
1002,38,Male,36.41,125,123,163.69,174,Yes,High,No,3,No,8.5,Low,4,3,130899,Yes,1
1003,43,Male,20.84,137,60,200.36,201,No,High,Yes,1,Yes,5.5,High,9,5,442239,No,1
1004,42,Female,38.43,174,80,135.94,226,No,Medium,Yes,3,Yes,9.6,Low,4,0,348009,No,1
1005,39,Female,32.54,117,61,76.62,275,No,Medium,No,5,No,5.3,Medium,10,4,388572,No,1
1006,76,Female,35.76,157,127,232.78,221,No,Medium,No,1,Yes,10.0,Medium,9,1,300605,Yes,1
1007,44,Female,29.35,151,100,93.0,291,Yes,Medium,No,4,No,8.4,Medium,3,4,210347,Yes,1
1008,66,Female,34.71,169,93,240.63,266,No,Low,No,4,No,6.4,Low,10,5,10976,No,1
1009,30,Male,16.39,175,99,172.94,293,No,Medium,Yes,3,Yes,4.8,High,1,3,497642,Yes,1
1010,50,Female,35.64,165,66,125.0,230,Yes,Medium,No,0,No,5.9,High,13,3,57449,Yes,1
1011,51,Male,16.96,169,84,159.19,226,No,Low,No,1,Yes,5.2,Low,5,0,254746,Yes,1
1012,58,Male,37.36,140,50,160.29,221,No,Low,No,2,No,7.7,Low,3,3,402584,No,1
1013,52,Female,39.81,131,78,74.19,122,No,Low,No,2,No,6.1,Medium,13,5,401239,No,1
1014,18,Female,23.06,118,100,133.98,267,No,Medium,Yes,3,Yes,5.8,High,10,0,472727,Yes,1
1015,38,Female,21.05,171,113,203.18,144,No,Medium,Yes,0,No,8.5,Medium,3,5,358465,Yes,1
1016,65,Male,34.37,99,53,161.81,194,Yes,Low,No,1,Yes,5.4,Medium,9,2,112435,No,1
1017,72,Female,22.07,128,77,113.96,303,No,High,No,4,Yes,7.5,Low,2,3,329035,No,1
1018,23,Female,36.77,171,65,130.32,180,Yes,Medium,Yes,3,No,5.2,Medium,7,4,314808,No,1
1019,45,Female,18.47,90,112,225.35,242,Yes,Low,No,1,No,8.3,Low,5,4,448896,Yes,1
1020,34,Female,19.02,128,125,164.6,174,No,Low,No,1,No,7.8,Medium,8,0,185317,Yes,0
1021,22,Female,39.5,110,102,165.1,282,No,Medium,No,1,No,8.8,Low,4,5,145594,No,1
1022,48,Male,32.17,154,66,243.06,306,No,Low,No,0,No,4.4,Low,5,5,309865,No,1
1023,22,Male,36.33,104,89,127.76,158,No,Low,No,1,No,5.3,Medium,8,5,437644,Yes,1
1024,55,Male,23.78,93,62,156.32,304,No,Medium,No,0,No,4.9,Medium,3,5,150248,Yes,1
1025,20,Female,32.24,149,101,216.11,202,No,Medium,No,0,No,5.1,Medium,9,2,354113,Yes,1
1026,70,Female,30.26,150,107,206.6,314,No,High,Yes,5,Yes,4.6,High,6,3,220213,Yes,1
1027,40,Female,30.48,109,86,117.84,153,No,High,Yes,1,No,7.4,Low,12,5,24126,Yes,1
1028,54,Male,32.38,99,128,97.2,232,No,High,Yes,5,No,7.6,Medium,9,1,268240,No,1
1029,70,Female,29.81,176,125,196.13,288,Yes,Low,No,4,No,9.1,Medium,11,1,95111,Yes,1
1030,54,Female,26.3,123,110,116.38,269,No,Low,No,5,Yes,6.5,Medium,9,4,428056,Yes,1
1031,27,Female,22.62,137,128,236.08,146,No,High,No,5,No,7.2,High,10,3,321299,Yes,1
1032,27,Male,34.45,122,83,93.26,268,No,Medium,No,1,No,9.9,Low,10,1,444959,No,1
1033,36,Female,21.43,150,119,127.3,288,No,Medium,Yes,4,No,7.2,Low,5,0,416703,No,1
1034,34,Male,32.62,99,66,79.86,150,Yes,Low,Yes,3,No,7.4,Medium,5,3,384574,Yes,1
1035,38,Female,21.6,143,69,196.59,274,No,Low,No,2,No,10.0,Medium,5,4,75265,Yes,1
1036,31,Male,31.01,173,122,230.43,284,No,Low,Yes,3,No,10.0,Low,13,2,261243,Yes,1
1037,26,Male,33.93,154,108,184.46,313,No,Medium,Yes,0,No,6.5,Medium,3,0,478981,Yes,1
1038,63,Male,21.25,166,118,238.8,301,No,Low,No,3,Yes,7.8,Medium,9,0,238675,Yes,1
1039,18,Female,17.44,90,82,93.13,256,No,Medium,No,2,No,6.9,Medium,5,5,483798,No,0
1040,68,Female,19.14,94,127,85.79,202,Yes,Medium,Yes,2,Yes,8.3,Low,11,3,373655,Yes,1
1041,62,Male,30.54,169,66,220.91,289,No,Low,No,4,Yes,9.6,Low,6,2,185349,No,1
1042,30,Male,36.39,104,106,223.99,283,No,Low,No,3,No,5.9,Low,12,0,331230,Yes,1
1043,21,Female,17.08,117,50,219.59,129,No,Medium,Yes,0,Yes,8.9,Medium,13,2,36185,Yes,1
1044,79,Female,33.62,112,62,213.81,306,No,Low,No,5,No,7.9,Low,1,4,446109,Yes,1
1045,18,Male,24.19,106,76,135.2,159,No,Low,No,5,No,5.7,High,10,0,420597,Yes,1
1046,66,Female,27.48,102,119,109.14,173,No,Low,Yes,0,No,8.8,Low,8,1,53555,Yes,1
1047,57,Female,38.29,103,108,237.18,286,No,Medium,No,4,Yes,6.6,High,6,4,190898,No,1
1048,49,Female,23.97,100,55,125.26,254,No,Medium,No,5,Yes,4.7,Medium,2,4,467926,Yes,1
1049,51,Female,27.17,117,72,141.71,123,Yes,Low,No,4,Yes,10.0,Low,9,5,278908,Yes,1
1050,45,Male,16.33,131,59,195.92,262,Yes,Medium,No,5,Yes,6.6,Medium,9,0,325276,No,1
1051,48,Female,17.96,150,100,122.8,295,No,High,No,5,No,7.2,Medium,6,1,157954,No,1
1052,25,Female,22.21,153,68,217.44,125,No,Medium,Yes,3,No,8.8,Medium,9,2,175247,No,1
1053,56,Male,16.67,120,100,82.61,192,No,Low,No,4,No,9.8,Medium,9,1,171192,No,1
1054,43,Male,31.15,170,117,212.41,282,Yes,Medium,No,2,No,9.2,Medium,13,4,375151,Yes,1
1055,75,Female,26.23,162,91,178.33,319,No,Medium,Yes,0,No,7.2,Medium,4,0,405099,Yes,1
1056,51,Female,29.16,99,106,173.14,318,Yes,High,No,5,No,7.3,Medium,8,1,336900,Yes,1
1057,71,Female,20.19,97,117,152.51,315,No,High,Yes,2,Yes,5.7,Medium,5,1,263665,No,1
1058,71,Female,23.1,110,87,119.87,177,Yes,Medium,No,1,No,6.8,Low,10,4,255597,Yes,1
1059,20,Male,31.93,166,111,153.53,196,No,Medium,No,2,Yes,9.7,High,12,2,33293,Yes,1
1060,76,Male,39.17,148,56,151.01,138,Yes,High,No,0,No,8.4,High,6,1,29656,Yes,1
1061,67,Male,17.21,139,120,175.08,181,Yes,High,No,1,Yes,4.1,High,3,5,47604,Yes,1
1062,29,Female,37.37,158,99,120.68,190,No,Medium,No,3,No,4.7,Low,1,1,463926,Yes,1
1063,18,Female,29.85,159,101,83.97,257,Yes,Low,No,1,Yes,9.5,High,14,3,390699,Yes,1
1064,71,Female,29.53,119,75,96.12,144,No,Low,Yes,4,Yes,9.1,High,10,4,249860,Yes,1
1065,61,Female,28.01,106,75,195.85,291,No,Medium,Yes,0,No,6.9,Medium,3,3,308451,Yes,1
1066,22,Male,17.67,164,68,74.05,246,Yes,Medium,No,4,Yes,7.7,Medium,8,4,277248,Yes,1
1067,47,Male,18.16,109,58,224.16,177,No,High,Yes,2,Yes,5.7,High,2,4,30966,Yes,1
1068,47,Female,30.42,137,110,194.99,272,No,High,No,3,Yes,8.8,High,6,3,55710,No,1
1069,76,Male,24.18,162,69,208.26,239,No,Low,No,0,Yes,7.6,Medium,12,2,22822,Yes,1
1070,74,Female,38.01,91,99,220.48,230,No,Medium,Yes,3,No,8.2,Medium,13,2,401141,No,1
1071,34,Female,25.76,126,129,92.09,287,Yes,Low,Yes,5,No,6.2,High,3,4,470738,Yes,1
1072,65,Male,19.44,90,71,218.04,195,Yes,Medium,No,0,No,6.6,Low,2,3,363973,Yes,1
1073,64,Female,33.15,93,62,160.84,189,Yes,Medium,Yes,4,Yes,5.2,Low,13,1,9819,No,1
1074,40,Female,23.04,143,61,229.39,257,No,Low,No,2,Yes,9.7,High,13,4,403587,Yes,1
1075,32,Male,28.61,114,59,229.59,185,No,Low,Yes,1,No,9.7,High,13,5,206311,Yes,1
1076,54,Female,32.75,92,114,74.35,239,Yes,Low,Yes,3,Yes,8.9,High,4,4,16984,No,1
1077,38,Female,37.61,98,79,138.92,272,No,Low,No,0,Yes,9.6,Medium,1,0,224704,Yes,1
1078,31,Male,35.01,175,57,164.75,318,No,High,No,0,No,8.0,Medium,10,2,355441,Yes,1
1079,19,Female,32.23,176,70,192.1,206,No,Low,No,5,No,5.4,High,13,3,218349,No,1
1080,28,Male,32.31,165,71,121.51,258,Yes,Low,Yes,3,Yes,8.6,Medium,9,1,221389,Yes,1
1081,68,Female,38.7,163,67,115.39,241,Yes,Low,No,1,Yes,6.0,High,13,5,145352,No,1
1082,56,Male,23.1,123,115,138.63,283,No,High,No,2,No,6.6,Medium,3,1,398508,Yes,1
1083,55,Male,16.03,132,97,160.17,168,Yes,Medium,No,0,Yes,5.6,Low,6,5,338123,Yes,1
1084,77,Male,22.53,163,93,241.21,167,No,Low,No,0,No,6.5,Low,11,4,145254,Yes,1
1085,51,Female,21.23,111,58,207.18,234,No,Medium,Yes,3,No,8.1,Medium,11,1,49362,Yes,1
1086,55,Male,31.88,159,116,147.28,206,No,Medium,No,3,No,4.7,Medium,1,1,269720,No,1
1087,67,Male,31.21,91,103,79.79,126,No,Medium,No,0,Yes,4.6,Low,9,4,371726,No,1
1088,51,Male,30.24,155,75,100.33,196,No,Medium,No,0,Yes,8.1,Medium,5,2,5819,Yes,1
1089,35,Male,16.39,121,75,152.07,298,No,Low,No,5,No,8.7,Medium,4,0,442666,No,1
1090,47,Male,33.49,105,83,216.49,264,No,High,No,0,Yes,7.3,Medium,2,2,91145,Yes,1
1091,32,Female,23.76,165,57,138.53,279,No,Medium,Yes,4,Yes,5.1,Low,4,2,461615,Yes,1
1092,44,Female,31.96,90,59,166.93,273,No,Medium,No,0,Yes,6.6,Medium,14,0,188844,No,1
1093,68,Female,29.36,161,97,230.52,240,No,Low,Yes,2,Yes,8.5,Low,9,4,160385,Yes,1
1094,51,Female,24.23,137,104,234.48,243,No,High,No,2,No,8.1,Low,6,2,77248,Yes,1
1095,69,Female,19.23,139,103,108.84,269,No,Medium,Yes,5,No,4.7,Low,2,3,131308,Yes,1
1096,74,Female,18.27,102,127,77.85,260,No,Low,No,1,No,9.8,Medium,7,3,150929,Yes,1
1097,55,Female,35.96,104,89,124.97,244,No,Low,No,3,No,5.3,Low,14,0,32083,Yes,1
1098,50,Male,38.04,142,64,195.24,131,Yes,Medium,Yes,1,Yes,5.3,Low,6,3,222680,No,1
1099,41,Female,31.59,133,67,241.2,190,Yes,High,No,0,No,6.8,Low,3,4,294709,No,1
1100,32,Male,18.48,97,72,83.87,120,Yes,High,No,3,Yes,6.0,High,12,1,381409,Yes,0
1101,77,Male,25.65,163,111,75.13,280,Yes,Medium,Yes,0,Yes,9.9,High,14,4,249612,Yes,1
1102,47,Female,33.49,135,95,229.15,238,No,Medium,Yes,3,Yes,4.5,Low,12,0,10751,Yes,1
1103,72,Male,34.72,158,88,204.67,261,Yes,Low,No,5,No,5.8,Medium,4,1,296429,Yes,1
1104,59,Male,18.84,108,64,248.6,230,No,Medium,Yes,4,Yes,6.3,High,9,3,338294,No,1
1105,68,Male,16.0,127,102,141.42,183,Yes,High,No,4,No,7.0,Low,10,2,304546,No,1
1106,34,Male,33.09,100,113,144.89,162,Yes,Medium,No,4,No,4.1,Low,3,3,353420,No,1
1107,22,Female,24.56,132,112,101.02,305,No,Low,No,5,Yes,4.5,Low,1,4,352708,No,1
1108,46,Female,22.11,109,129,90.85,160,No,Low,No,1,No,5.5,High,11,4,401423,No,1
1109,21,Female,16.31,109,65,174.17,315,No,Low,No,3,No,7.3,Medium,14,0,381734,Yes,1
1110,27,Female,28.97,110,119,135.57,234,No,Medium,No,1,No,8.6,Low,8,2,7656,Yes,0
1111,73,Female,36.43,171,115,84.46,158,No,High,No,3,No,8.1,Low,0,2,391708,Yes,1
1112,34,Female,38.98,146,62,229.66,120,No,Low,No,0,Yes,7.4,High,7,1,415850,No,1
1113,27,Female,29.58,139,96,105.7,160,No,Medium,Yes,4,Yes,6.4,Medium,3,1,309916,Yes,1
1114,34,Female,28.35,163,58,204.75,292,Yes,Medium,Yes,4,Yes,9.2,Medium,8,4,31418,Yes,1
1115,77,Female,18.04,115,112,120.8,207,No,High,No,3,No,6.8,Low,2,0,477910,Yes,0
1116,37,Female,29.17,119,83,216.32,217,No,Medium,No,1,Yes,5.8,High,6,4,119915,No,1
1117,41,Male,25.12,162,78,91.31,207,No,Low,Yes,1,No,7.8,Low,14,5,107202,No,1
1118,22,Female,30.57,120,86,206.09,198,No,Low,No,2,Yes,8.2,High,2,2,478848,Yes,1
1119,51,Male,25.33,131,92,87.66,260,No,Medium,No,4,No,6.4,Low,14,2,228489,No,1
1120,23,Male,21.77,157,113,150.44,190,No,High,No,4,Yes,4.2,Low,9,4,100645,Yes,1
1121,70,Male,18.28,150,73,202.12,256,Yes,Low,No,1,Yes,4.6,Medium,11,2,220865,No,1
1122,19,Male,23.56,150,120,101.18,310,No,Medium,Yes,4,No,9.1,High,6,1,376931,Yes,1
1123,30,Female,18.32,159,83,121.42,218,No,Medium,No,1,Yes,4.3,Medium,1,2,37720,Yes,0
1124,79,Male,20.25,167,97,225.66,270,Yes,Medium,Yes,2,No,7.6,Low,2,1,391283,Yes,1
1125,60,Female,39.7,157,61,229.32,301,No,Low,No,3,No,5.1,Medium,7,3,305051,Yes,1
1126,60,Female,26.66,179,72,78.09,294,No,High,No,3,No,5.4,Medium,6,0,339247,No,1
1127,65,Male,28.76,106,128,100.26,286,No,Medium,No,2,No,5.6,Medium,10,0,240932,No,1
1128,28,Female,36.97,108,62,91.14,206,No,Medium,No,4,No,4.2,Medium,2,2,401676,Yes,1
1129,68,Male,39.89,140,94,102.34,273,Yes,Medium,No,0,No,5.1,Low,7,0,359648,Yes,1
1130,64,Male,29.99,159,114,244.63,120,No,High,No,4,No,7.9,Medium,12,5,196113,No,1
1131,74,Female,35.5,152,96,169.3,261,Yes,Medium,No,1,Yes,7.0,Medium,8,3,302426,Yes,1
1132,40,Female,23.85,164,107,154.26,231,No,Medium,No,5,No,8.8,High,1,2,435268,Yes,1
1133,72,Male,23.34,169,54,247.2,193,No,Medium,No,0,No,4.4,Medium,1,1,428528,Yes,1
1134,33,Female,25.66,119,126,170.25,184,No,Medium,No,2,Yes,9.3,Medium,14,3,491767,No,0
1135,48,Female,32.14,114,54,189.0,188,Yes,Low,Yes,3,No,10.0,Medium,6,5,403720,No,1
1136,28,Female,32.37,164,109,129.9,186,No,High,No,3,No,4.1,Medium,10,3,224054,No,1
1137,71,Male,23.57,160,70,138.78,296,No,High,No,4,No,9.8,Medium,7,0,90089,Yes,1
1138,33,Male,19.2,115,73,176.99,169,No,Medium,No,3,Yes,5.4,Medium,14,5,134976,No,1
1139,25,Female,31.18,145,67,82.56,177,No,Medium,No,4,Yes,8.2,High,4,1,388245,Yes,1
1140,21,Female,19.08,111,70,116.06,172,Yes,Low,Yes,1,Yes,5.8,Medium,1,4,284192,Yes,1
1141,57,Female,29.88,178,103,105.43,210,No,High,Yes,1,No,7.1,Low,13,3,92257,No,1
1142,21,Female,32.64,108,59,72.86,234,No,Medium,Yes,2,Yes,7.1,Low,9,0,462999,No,1
1143,73,Female,32.81,120,73,166.64,237,No,Medium,No,5,Yes,6.2,Medium,4,3,380497,No,1
1144,42,Male,34.08,115,109,170.99,176,No,High,Yes,1,Yes,8.3,Low,2,1,379251,No,0
1145,20,Female,36.95,131,106,139.11,205,Yes,Medium,No,4,Yes,7.6,Medium,12,1,296244,No,1
1146,49,Male,28.0,130,72,118.37,137,Yes,High,Yes,3,No,7.0,Medium,8,2,478663,No,1
1147,20,Female,33.53,112,71,187.37,135,No,Medium,No,1,No,9.9,Medium,1,4,241115,No,1
1148,44,Male,30.86,136,117,94.24,249,No,Medium,Yes,1,No,9.6,Medium,8,4,7632,Yes,1
1149,46,Female,20.48,102,83,163.35,132,No,Medium,No,4,Yes,9.7,Medium,1,0,184771,Yes,0
1150,49,Male,16.62,178,119,208.25,292,No,Medium,Yes,1,No,9.3,High,0,4,204673,No,1
1151,67,Female,22.83,155,77,99.57,199,No,High,No,3,No,5.5,Medium,9,1,367337,No,1
1152,78,Male,26.63,155,88,205.59,319,No,Medium,Yes,5,Yes,6.1,Medium,5,4,182118,Yes,1
1153,75,Male,30.81,105,91,206.94,162,No,Medium,Yes,3,No,5.4,Low,10,0,380442,No,1
1154,68,Male,36.4,162,72,80.79,319,Yes,Low,No,5,Yes,9.9,Medium,5,3,32694,Yes,1
1155,36,Male,20.71,117,119,73.38,173,No,Low,Yes,3,No,4.9,Low,3,4,115814,No,1
1156,38,Male,19.01,166,129,245.31,278,No,Medium,No,3,No,6.2,Medium,12,4,22343,No,1
1157,22,Male,39.12,124,51,104.81,256,No,Medium,No,0,No,5.2,Medium,1,1,226341,Yes,1
1158,35,Female,18.59,130,73,217.99,192,Yes,High,No,3,Yes,5.3,Medium,12,1,20406,No,1
1159,45,Male,27.48,166,66,171.13,167,No,Medium,No,0,No,5.5,Low,9,3,301919,No,1
1160,59,Female,30.05,120,114,117.6,137,No,Medium,No,3,No,7.8,Medium,11,5,67240,No,1
1161,78,Female,28.99,174,119,93.39,130,No,High,No,3,No,4.5,Medium,10,5,169561,No,1
1162,39,Female,18.06,121,118,159.4,309,No,Medium,No,4,No,7.4,Medium,2,2,471452,Yes,1
1163,38,Female,17.37,143,109,143.32,203,No,High,Yes,5,No,8.9,High,12,4,487654,Yes,1
1164,23,Female,18.53,161,99,195.8,138,No,Medium,No,3,Yes,8.6,Medium,5,1,216262,No,1
1165,18,Male,30.05,148,61,232.75,219,No,Low,No,1,Yes,4.9,Low,3,2,170094,No,1
1166,22,Male,29.06,130,96,214.94,235,No,Medium,Yes,3,No,9.5,Medium,4,4,203953,Yes,1
1167,58,Male,21.61,155,116,119.4,209,No,Low,No,2,No,8.6,Medium,10,4,365552,Yes,1
1168,29,Female,31.31,143,114,228.21,193,No,Medium,No,4,Yes,4.0,High,8,2,301573,Yes,1
1169,43,Male,35.68,129,76,220.01,143,No,Low,Yes,4,Yes,8.4,High,4,1,280314,Yes,1
1170,63,Male,17.0,117,97,237.24,132,No,Medium,Yes,3,Yes,8.4,Low,9,3,75954,No,1
1171,51,Male,27.96,126,111,152.56,244,No,Low,No,2,No,7.0,High,14,5,415691,Yes,1
1172,66,Male,32.54,154,93,208.34,235,No,Low,No,5,No,4.3,Low,10,4,163368,Yes,1
1173,31,Male,22.06,163,68,176.5,293,No,Medium,Yes,3,No,7.5,High,7,0,158195,No,1
1174,43,Female,23.39,144,108,125.89,300,No,Low,No,1,Yes,8.6,Low,1,0,132776,Yes,1
1175,62,Male,30.73,93,57,249.0,276,No,Low,No,4,No,5.6,Low,11,0,274104,No,1
1176,44,Female,37.55,99,104,76.9,283,No,Medium,No,4,No,8.0,High,13,3,184795,Yes,1
1177,26,Female,35.44,136,96,99.21,190,Yes,Low,Yes,5,Yes,6.1,Medium,5,5,325552,No,1
1178,43,Female,30.0,164,51,230.66,245,No,Low,No,2,Yes,7.4,High,10,4,102479,Yes,1
1179,74,Female,33.53,103,88,80.9,264,No,Low,Yes,0,No,6.3,Low,10,1,170411,Yes,1
1180,64,Female,24.76,127,94,229.63,295,No,High,Yes,5,No,5.8,Medium,5,1,40783,Yes,1
1181,74,Male,31.38,101,81,198.74,271,No,Medium,Yes,2,Yes,9.1,Medium,4,5,77542,No,1
1182,39,Male,27.19,134,114,76.6,301,Yes,Medium,No,1,No,8.5,Low,14,3,155902,Yes,1
1183,64,Male,20.56,106,87,147.28,238,No,High,No,2,Yes,6.1,Low,5,5,88349,Yes,1
1184,73,Female,32.84,169,126,205.8,210,No,Low,Yes,5,Yes,6.6,Low,13,4,348273,No,1
1185,47,Male,29.36,124,60,174.96,204,No,Medium,No,0,No,8.2,High,4,2,215427,Yes,1
1186,60,Male,24.61,155,59,238.46,227,No,High,Yes,1,No,8.9,High,1,2,21625,No,1
1187,65,Female,37.87,164,108,226.18,246,No,Medium,No,1,Yes,8.1,Medium,4,4,110390,Yes,1
1188,78,Female,16.5,130,104,129.88,240,No,High,No,0,No,7.2,Low,0,4,129242,Yes,1
1189,34,Female,23.58,156,69,85.23,248,No,High,No,3,Yes,9.7,Low,2,1,88987,Yes,1
1190,43,Female,17.37,118,66,239.97,314,Yes,Low,No,2,No,8.6,Medium,13,3,359134,Yes,1
1191,53,Male,34.4,107,117,163.11,125,Yes,High,No,5,Yes,4.7,High,6,3,389663,Yes,1
1192,18,Female,32.85,109,54,83.39,197,No,High,Yes,1,No,7.3,Medium,3,5,233221,Yes,0
1193,25,Female,23.95,103,109,216.98,302,Yes,Medium,No,5,No,6.5,Medium,7,1,45106,Yes,1
1194,66,Male,32.22,123,72,226.33,157,Yes,High,No,2,No,8.8,Medium,2,0,413791,No,1
1195,52,Male,25.5,138,95,185.1,280,Yes,Low,Yes,0,No,4.3,High,6,2,363243,No,1
1196,78,Female,34.15,143,101,150.55,235,No,Medium,Yes,4,No,6.5,Medium,13,4,442064,No,1
1197,69,Male,26.9,120,59,189.19,221,No,Low,No,0,No,5.9,High,1,5,77423,Yes,1
1198,32,Female,25.89,147,95,197.2,127,No,Low,No,2,No,4.8,Low,13,2,305047,No,1
1199,64,Female,38.43,131,77,230.75,197,Yes,Medium,Yes,1,No,6.3,Medium,7,2,225442,Yes,1
1200,73,Male,22.02,147,92,242.06,231,No,Medium,No,2,No,8.0,Medium,14,5,496820,No,1
1201,39,Male,18.89,171,75,162.58,267,No,Medium,No,4,No,6.2,Medium,12,3,345132,Yes,1
1202,31,Female,30.03,119,104,213.73,174,Yes,Medium,No,1,No,7.5,Medium,2,1,237204,No,1
1203,43,Female,39.26,114,97,243.61,167,No,Medium,No,4,Yes,7.6,Low,12,0,115258,No,1
1204,45,Female,25.07,152,78,97.22,303,No,Low,No,3,No,7.5,Low,5,0,75913,No,1
1205,40,Male,17.49,108,76,73.29,207,No,Medium,Yes,5,Yes,7.2,High,1,5,240083,No,1
1206,31,Female,24.14,161,67,226.41,129,No,High,No,0,Yes,4.7,Low,6,5,229872,Yes,1
1207,41,Female,28.14,97,109,105.15,171,No,Medium,No,3,No,5.3,High,12,1,40168,No,1
1208,19,Female,19.89,92,123,77.65,297,Yes,Medium,No,2,Yes,8.8,Medium,3,2,90078,Yes,1
1209,62,Female,31.79,156,118,98.82,153,No,Medium,No,3,No,7.0,Medium,5,1,235925,Yes,1
1210,43,Female,39.95,175,123,139.14,283,No,Medium,No,0,No,8.2,High,1,1,442094,Yes,1
1211,31,Male,26.84,170,70,109.47,180,No,Medium,No,1,No,7.4,High,2,4,346936,No,1
1212,76,Female,24.51,106,73,124.95,263,No,High,Yes,5,Yes,4.2,Medium,14,4,471717,Yes,1
1213,73,Female,25.62,103,52,245.55,198,No,Medium,No,4,No,8.8,Low,2,2,11902,Yes,1
1214,68,Female,18.76,98,111,196.79,137,No,Medium,Yes,1,No,4.4,High,3,3,218869,Yes,1
1215,24,Female,37.2,151,51,198.19,190,No,Medium,No,5,Yes,9.7,High,0,0,85624,No,1
1216,20,Male,25.96,110,115,87.04,294,No,Medium,No,3,No,5.3,High,12,4,339689,No,1
1217,64,Male,25.29,165,91,201.78,205,No,Medium,No,2,Yes,7.1,Medium,5,2,417680,Yes,1
1218,40,Male,31.83,126,83,203.08,151,No,Medium,No,3,No,4.4,Low,10,5,401750,Yes,1
1219,63,Female,26.61,100,91,188.75,162,No,Medium,Yes,0,No,9.4,High,5,1,82335,Yes,1
1220,60,Female,31.56,109,69,111.12,202,Yes,Medium,Yes,0,No,9.9,Low,3,4,274935,Yes,1
1221,64,Male,17.47,124,117,146.15,287,No,Medium,No,2,No,4.9,Low,7,1,14512,No,1
1222,77,Male,35.53,142,94,222.33,312,No,High,No,5,No,5.8,Low,4,1,232259,Yes,1
1223,62,Male,38.57,136,124,190.64,282,Yes,Medium,No,1,No,4.1,Low,9,4,288864,Yes,1
1224,35,Female,31.57,164,91,201.9,188,No,High,Yes,0,No,8.7,Medium,13,2,150635,No,1
1225,75,Female,38.91,141,96,175.73,169,No,Low,No,0,No,5.9,Low,3,5,188327,Yes,1
1226,55,Male,19.63,97,54,150.93,131,No,Low,No,2,No,7.5,Low,6,0,263478,No,1
1227,52,Male,27.46,93,98,206.63,204,No,Medium,Yes,1,No,4.2,Low,9,2,351900,No,1
1228,68,Male,30.44,116,86,82.23,242,No,High,Yes,3,Yes,8.3,Medium,14,3,198766,Yes,1
1229,32,Female,29.96,133,83,191.17,177,No,Medium,No,4,Yes,7.2,Medium,9,3,220109,Yes,1
1230,42,Female,25.64,129,122,249.5,202,No,Low,No,2,No,8.3,Medium,7,0,47094,Yes,1
1231,72,Female,24.11,136,119,210.43,310,No,Low,No,1,Yes,8.7,High,1,5,196576,Yes,1
1232,54,Male,19.04,133,67,122.3,296,No,Medium,No,4,No,4.5,Medium,12,3,99209,Yes,1
1233,45,Male,25.4,137,127,120.01,231,Yes,Low,Yes,2,No,7.5,Medium,0,1,428838,No,1
1234,27,Female,19.9,174,68,190.1,247,Yes,Medium,No,3,No,7.9,High,5,3,262079,No,1
1235,56,Male,33.62,141,127,231.25,155,No,Medium,Yes,3,Yes,7.1,Low,1,4,204325,Yes,1
1236,74,Female,21.01,173,89,174.03,173,Yes,Medium,No,1,No,5.1,Medium,10,1,226118,No,1
1237,34,Male,17.41,157,66,164.93,166,No,Low,No,1,No,8.8,Medium,7,2,158870,Yes,1
1238,56,Male,29.26,100,109,98.87,234,No,Low,No,3,No,10.0,High,12,5,356505,No,1
1239,39,Male,30.29,166,91,198.78,279,No,Medium,No,3,Yes,9.8,High,4,0,425383,Yes,1
1240,43,Male,36.93,162,121,196.41,243,Yes,Low,Yes,2,No,8.7,Low,1,4,52373,Yes,1
1241,79,Female,29.85,93,114,244.05,300,Yes,Medium,Yes,5,No,6.5,Medium,10,4,275525,No,1
1242,61,Male,24.29,165,102,124.03,279,Yes,High,No,5,No,6.0,Medium,11,0,147033,Yes,1
1243,42,Female,35.27,162,56,206.16,309,No,Low,No,1,No,4.4,Low,4,3,106683,Yes,1
1244,34,Female,28.97,166,54,148.13,284,No,Low,No,4,Yes,6.5,Low,1,0,394141,Yes,1
1245,30,Female,17.9,137,73,170.53,215,Yes,Low,No,3,Yes,4.9,Medium,5,0,150421,Yes,1
1246,37,Male,29.58,115,77,216.96,226,No,High,Yes,4,Yes,5.5,Low,7,3,246125,No,1
1247,42,Female,37.79,166,111,109.96,239,No,Low,No,1,Yes,9.4,Low,1,2,379477,No,1
1248,21,Female,25.51,128,66,131.72,220,No,High,No,1,No,9.8,Low,5,5,235945,Yes,1
1249,27,Female,23.11,147,69,209.2,222,Yes,Medium,No,0,No,9.7,Low,5,0,221917,Yes,1
1250,20,Male,19.44,108,52,172.68,285,No,Medium,No,3,No,5.2,Low,0,3,153943,Yes,1
1251,58,Male,19.63,177,86,86.64,277,No,Low,No,5,Yes,9.4,Medium,8,4,161215,No,1
1252,62,Female,26.39,172,64,147.43,305,No,Medium,No,5,No,4.8,Low,14,0,287351,Yes,1
1253,35,Male,30.3,166,100,175.59,151,Yes,Medium,Yes,1,No,7.0,High,11,5,461628,No,1
1254,64,Female,17.93,166,97,233.71,185,Yes,Medium,Yes,1,No,7.9,Low,7,0,467256,No,1
1255,53,Female,38.55,147,57,103.93,298,No,Medium,Yes,3,Yes,6.8,Medium,11,2,7622,Yes,1
1256,64,Male,34.12,117,62,215.07,130,Yes,Medium,Yes,0,Yes,9.7,High,13,2,370967,Yes,1
1257,39,Female,30.08,155,97,93.51,306,No,Medium,No,0,No,6.0,High,3,4,396719,No,1
1258,51,Male,35.88,99,52,113.6,267,No,Medium,No,0,No,7.2,Medium,6,2,165549,Yes,0
1259,64,Male,17.92,175,114,113.8,156,No,Medium,No,0,No,4.5,Medium,3,5,5913,Yes,1
1260,25,Female,27.44,166,122,227.95,221,No,Medium,No,2,No,9.1,Medium,7,4,461982,No,1
1261,57,Male,31.12,147,80,105.82,168,No,Low,No,3,No,6.5,High,9,0,280199,No,1
1262,66,Male,35.89,162,75,211.65,138,No,Medium,No,3,No,8.2,Low,1,3,108533,Yes,1
1263,61,Female,34.8,103,105,153.13,302,No,Medium,No,3,Yes,8.1,Medium,1,2,455607,Yes,1
1264,36,Female,22.65,173,83,249.84,287,No,Low,Yes,5,No,8.1,High,2,4,288729,Yes,1
1265,59,Male,38.58,104,58,221.04,126,No,Medium,No,0,Yes,7.0,Medium,13,2,425525,No,1
1266,58,Male,18.98,122,111,203.15,252,No,Low,Yes,0,Yes,5.7,Medium,3,2,146936,No,1
1267,54,Female,37.0,106,62,226.73,161,No,Low,No,5,No,7.8,Medium,10,1,419997,No,1
1268,23,Male,39.3,113,118,184.13,207,No,High,Yes,5,Yes,9.8,Low,12,0,99588,No,1
1269,69,Male,20.25,119,90,221.86,295,Yes,Medium,No,1,Yes,9.0,Medium,5,2,83133,Yes,1
1270,43,Male,33.33,151,126,117.0,254,No,Medium,Yes,2,Yes,4.7,Medium,14,3,136613,Yes,1
1271,51,Male,16.97,102,50,87.59,130,Yes,High,No,5,No,4.1,Medium,4,5,108166,Yes,1
1272,76,Male,25.73,151,96,180.87,296,No,Low,No,3,Yes,7.0,High,9,1,299127,No,1
1273,73,Male,28.39,136,53,148.24,277,No,High,No,2,Yes,8.7,High,12,4,145470,Yes,1
1274,76,Male,29.94,105,112,146.76,160,Yes,Low,No,5,No,5.9,Low,9,4,29759,No,1
1275,62,Female,38.46,155,101,164.81,122,Yes,Medium,No,3,No,8.2,Medium,6,3,225713,No,1
1276,23,Female,32.13,170,59,135.05,159,No,Medium,No,0,Yes,9.6,Medium,5,3,66353,No,1
1277,54,Female,27.55,132,77,182.69,170,No,High,Yes,0,No,6.8,Medium,13,5,326469,No,1
1278,74,Female,35.43,97,55,75.5,151,No,Medium,No,3,No,5.5,Medium,14,0,242556,Yes,1
1279,50,Female,38.81,92,76,244.58,167,No,Medium,No,4,Yes,9.5,Medium,14,3,191833,Yes,1
1280,70,Male,16.53,101,61,236.45,190,No,Medium,No,0,Yes,6.8,Medium,3,4,288262,Yes,1
1281,39,Male,39.58,173,111,238.35,318,Yes,Low,No,1,No,6.4,Medium,10,0,84284,Yes,1
1282,38,Male,18.07,105,101,135.7,267,No,Medium,Yes,5,No,6.1,High,9,3,353753,Yes,1
1283,23,Male,35.55,167,97,165.74,208,No,Low,No,0,Yes,6.5,Low,8,3,112752,Yes,1
1284,23,Female,22.73,169,116,241.74,228,No,Medium,No,1,Yes,8.0,Medium,6,4,477884,No,1
1285,72,Male,19.17,148,95,232.42,154,Yes,Medium,Yes,2,Yes,6.6,Medium,0,0,343623,Yes,1
1286,65,Male,26.56,138,123,212.24,227,No,High,No,0,No,5.9,High,7,1,418696,No,1
1287,21,Female,31.45,152,64,143.32,271,No,Medium,Yes,5,No,8.5,Low,3,1,175991,Yes,1
1288,47,Male,25.14,151,120,171.58,159,No,High,No,0,No,5.2,Medium,6,5,298225,No,1
1289,28,Male,17.31,138,85,212.72,171,No,Low,No,5,No,5.2,High,10,0,386646,Yes,1
1290,79,Female,30.39,140,63,119.14,231,Yes,Low,Yes,2,No,8.2,High,1,3,303692,Yes,1
1291,79,Male,37.66,122,127,182.76,158,No,Medium,No,5,No,9.2,High,11,3,79010,Yes,1
1292,47,Male,25.2,119,52,219.03,187,Yes,Medium,Yes,1,No,5.4,Medium,2,0,385432,No,1
1293,48,Male,21.19,148,116,197.34,308,No,Medium,Yes,4,No,5.1,High,0,1,257734,Yes,1
1294,41,Male,26.62,165,68,156.31,195,No,Medium,No,5,Yes,8.0,Medium,1,5,480007,No,1
1295,72,Male,17.16,104,125,175.23,184,No,Low,Yes,5,Yes,7.7,Medium,10,2,298032,No,1
1296,26,Female,35.69,171,103,247.96,181,Yes,Medium,Yes,1,No,6.7,Low,4,4,298752,Yes,1
1297,72,Female,35.83,112,118,178.36,121,No,Low,Yes,3,No,4.6,Medium,1,0,14401,Yes,1
1298,20,Female,30.11,167,59,211.41,253,No,Low,No,3,Yes,4.6,Medium,12,5,60417,No,1
1299,68,Female,24.47,134,82,200.79,241,No,Low,No,3,No,8.7,Medium,5,2,70976,Yes,1
1300,48,Female,35.19,151,62,196.27,194,Yes,Medium,No,5,No,6.7,Medium,5,4,320103,No,1
1301,57,Female,29.31,168,100,198.95,290,No,Medium,Yes,2,No,9.1,Low,5,2,50694,Yes,1
1302,54,Male,35.82,160,81,151.79,159,No,Low,Yes,1,No,7.4,Low,11,2,430637,No,1
1303,53,Female,31.16,104,124,155.35,208,No,Medium,No,5,Yes,7.7,Medium,10,4,54625,No,1
1304,41,Female,34.83,135,73,154.22,286,No,Medium,Yes,0,Yes,9.6,High,13,2,372737,No,1
1305,48,Male,30.37,153,84,75.99,147,No,High,No,5,Yes,5.0,Low,14,1,121545,Yes,1
1306,23,Male,25.94,135,119,113.39,199,Yes,Medium,No,3,No,7.3,High,2,5,286307,No,1
1307,19,Female,38.99,145,89,97.82,182,No,Low,No,1,Yes,4.3,Medium,10,0,10036,No,1
1308,37,Male,28.99,133,103,229.56,311,No,High,Yes,0,Yes,6.2,Medium,2,5,184990,Yes,1
1309,45,Female,30.52,164,93,119.49,259,No,Low,No,1,No,4.9,Medium,9,1,201593,No,1
1310,28,Male,21.29,118,111,94.92,160,No,Medium,No,2,No,5.1,Medium,6,1,132635,Yes,0
1311,21,Female,31.02,151,117,91.56,148,No,Medium,No,3,No,9.6,Low,12,4,132267,No,1
1312,32,Male,29.72,178,82,196.0,142,No,Low,No,4,No,7.7,Medium,12,4,364337,No,1
1313,23,Male,20.44,141,126,71.09,199,No,Medium,No,5,Yes,9.4,Medium,3,4,418942,Yes,1
1314,71,Female,17.43,143,105,154.83,170,No,Low,No,3,No,6.7,High,5,2,228125,Yes,1
1315,66,Female,30.5,177,85,91.4,231,No,High,Yes,3,No,7.6,Low,11,2,214083,No,1
1316,47,Female,34.33,146,103,222.94,224,No,Low,No,2,Yes,4.2,Medium,7,0,391570,Yes,1
1317,73,Female,28.56,172,68,242.52,164,No,Medium,Yes,0,No,6.8,High,2,2,82083,No,1
1318,55,Female,21.44,155,92,242.58,209,No,Medium,No,3,No,7.4,High,8,0,161204,No,1
1319,68,Male,32.0,111,61,149.55,269,Yes,Low,Yes,0,No,4.1,Low,8,1,305155,Yes,1
1320,79,Female,17.92,109,60,186.01,257,No,Medium,No,0,Yes,8.7,Medium,14,0,356097,Yes,1
1321,74,Female,26.6,122,119,177.95,254,No,High,No,2,No,5.8,Low,2,0,369790,Yes,1
1322,19,Male,19.92,161,61,133.01,208,No,Medium,Yes,3,No,6.7,High,5,4,180509,No,1
1323,32,Male,20.43,114,90,149.93,134,No,Medium,No,5,Yes,7.2,Medium,4,2,428248,Yes,0
1324,28,Female,20.86,135,74,81.58,196,Yes,Medium,Yes,2,No,10.0,High,3,3,304966,Yes,1
1325,25,Male,25.28,162,52,213.23,225,Yes,High,Yes,2,No,4.6,High,7,3,196646,No,1
1326,43,Male,17.23,146,52,113.34,293,No,Low,Yes,4,Yes,7.3,High,9,4,123026,Yes,1
1327,68,Female,25.55,176,77,152.89,209,Yes,Medium,Yes,5,No,7.2,High,8,5,265387,Yes,1
1328,62,Male,28.28,94,72,156.51,206,No,Low,Yes,2,Yes,4.4,Low,14,5,61909,Yes,1
1329,61,Male,27.6,144,97,170.93,180,No,High,No,4,No,7.8,Low,11,5,47786,Yes,1
1330,22,Female,25.19,150,116,217.22,227,No,Medium,No,0,No,5.7,Medium,8,1,397062,Yes,1
1331,23,Female,36.14,178,91,194.54,180,No,High,Yes,5,No,4.6,Medium,4,1,195614,Yes,1
1332,43,Male,19.49,97,89,189.35,170,No,High,No,5,Yes,5.1,Low,4,1,295076,Yes,1
1333,71,Male,28.14,105,55,164.81,285,Yes,Low,No,0,Yes,8.9,Medium,10,0,191518,Yes,1
1334,21,Female,17.49,137,69,87.27,131,No,Low,No,1,No,4.6,High,2,2,361331,No,1
1335,36,Male,17.71,150,60,142.36,196,Yes,Low,No,5,No,6.8,High,8,1,58371,No,1
1336,37,Male,29.77,104,76,242.32,231,Yes,Medium,Yes,1,No,5.2,Low,0,3,160642,Yes,1
1337,50,Male,29.58,154,70,249.2,185,No,Medium,No,0,No,5.0,Medium,11,0,66155,Yes,1
1338,37,Female,37.07,111,62,201.49,301,No,High,No,3,No,5.2,Medium,2,1,273559,Yes,1
1339,66,Male,29.39,92,84,110.95,286,Yes,Medium,Yes,1,Yes,7.0,High,6,1,105198,Yes,1
1340,29,Male,39.03,143,96,88.34,286,No,Medium,No,2,No,5.4,Medium,6,5,43227,Yes,1
1341,64,Female,17.17,103,77,144.66,234,Yes,High,Yes,5,No,4.6,High,4,5,490080,No,1
1342,18,Male,18.35,125,70,224.18,149,No,Low,No,1,Yes,8.8,High,5,2,329242,Yes,1
1343,43,Male,17.06,171,67,199.94,224,Yes,Low,Yes,5,Yes,7.2,High,3,2,385633,Yes,1
1344,31,Female,20.45,171,80,229.1,295,No,Medium,No,0,No,4.9,Medium,7,0,56807,No,1
1345,55,Female,28.99,156,109,180.84,150,Yes,Medium,No,3,No,6.8,High,3,3,401734,No,1
1346,54,Female,31.49,99,86,93.46,272,No,High,Yes,0,No,4.4,High,9,4,26460,No,1
1347,79,Female,17.09,138,70,90.66,315,No,Medium,Yes,3,Yes,7.5,Low,14,5,309584,Yes,1
1348,28,Male,38.7,154,63,78.64,298,No,High,No,5,No,6.0,Low,5,3,69042,Yes,1
1349,53,Male,36.21,146,109,172.07,132,No,Medium,No,1,No,4.6,High,4,5,458138,Yes,1
1350,30,Female,23.12,116,72,113.72,310,No,Low,No,2,No,5.1,Low,11,2,331768,Yes,1
1351,60,Female,17.85,164,78,202.19,247,No,Low,No,2,No,6.1,Medium,13,2,201472,Yes,1
1352,20,Male,20.08,94,96,193.52,289,No,Low,No,0,No,8.8,High,9,4,296540,No,1
1353,50,Female,19.05,160,79,127.26,301,No,Low,Yes,5,No,5.0,High,5,3,457113,No,1
1354,23,Male,18.96,172,87,101.82,220,No,Medium,No,3,No,4.7,Low,2,3,382477,Yes,0
1355,67,Female,28.45,146,76,88.43,186,Yes,Medium,Yes,1,No,7.1,Medium,12,4,391573,Yes,1
1356,73,Male,21.9,104,64,202.72,199,No,Medium,Yes,3,Yes,7.4,Medium,2,2,84935,No,1
1357,27,Female,24.6,165,108,151.08,303,No,Medium,No,3,Yes,4.5,Medium,9,0,215312,Yes,1
1358,22,Female,39.75,119,52,128.24,222,Yes,Low,No,3,Yes,5.7,High,6,3,6698,No,1
1359,40,Male,32.42,109,59,224.2,138,No,Medium,Yes,5,Yes,5.6,Medium,12,1,389769,No,1
1360,27,Female,38.78,126,128,176.85,293,No,Medium,No,1,No,5.1,High,0,3,221562,No,1
1361,61,Male,19.42,92,129,163.24,262,No,High,No,5,No,5.9,Low,0,3,181645,No,1
1362,19,Male,25.17,162,66,203.81,151,No,High,Yes,3,No,4.2,Medium,0,3,41194,Yes,1
1363,30,Male,29.31,130,60,216.8,296,No,High,No,5,No,7.9,High,5,2,49664,No,1
1364,57,Male,17.84,128,97,193.49,268,No,Medium,No,2,No,9.9,Medium,3,1,278560,Yes,1
1365,19,Male,16.1,115,54,149.2,184,No,Low,No,0,Yes,7.8,Low,13,3,50384,Yes,1
1366,37,Female,32.09,91,118,138.27,317,Yes,Low,No,4,Yes,6.2,High,5,0,157241,Yes,1
1367,18,Female,31.4,112,113,208.9,146,No,High,No,3,No,8.0,High,13,5,75110,Yes,1
1368,54,Male,25.86,112,63,163.22,270,Yes,Medium,No,2,Yes,7.4,Medium,13,5,103694,Yes,1
1369,26,Female,27.75,174,99,196.79,166,No,Medium,No,5,Yes,9.1,Medium,14,1,445894,Yes,1
1370,34,Male,25.97,105,75,230.27,131,No,High,No,2,Yes,7.7,Low,0,4,410915,Yes,0
1371,26,Female,16.58,98,121,234.86,204,No,Medium,Yes,0,Yes,7.8,High,3,0,22665,No,1
1372,28,Female,24.05,102,118,119.99,185,No,Low,No,0,Yes,5.3,High,3,4,217544,Yes,0
1373,32,Female,20.25,117,56,103.82,252,No,Low,No,4,No,6.5,Low,1,3,493292,Yes,1
1374,41,Female,18.36,116,65,117.03,256,No,Low,No,4,Yes,6.1,Low,0,2,218498,Yes,1
1375,55,Male,38.96,140,104,205.25,267,Yes,Medium,Yes,4,Yes,4.1,High,12,3,105026,Yes,1
1376,72,Male,30.38,153,127,136.61,229,No,Medium,No,1,No,5.9,Low,7,3,183071,No,1
1377,52,Female,33.49,141,105,101.21,201,No,High,No,1,Yes,6.9,High,5,4,22341,No,1
1378,47,Female,23.57,170,53,87.71,244,No,Medium,No,2,No,7.6,High,3,3,240234,Yes,1
1379,48,Male,25.44,127,97,128.92,182,No,Low,Yes,5,Yes,9.6,High,1,0,227918,Yes,1
1380,66,Female,21.69,154,66,94.5,191,No,Low,No,0,No,5.4,Medium,11,2,175277,No,1
1381,22,Male,18.33,107,85,98.15,217,No,Medium,No,3,No,4.9,Medium,12,4,54914,Yes,1
1382,79,Male,20.3,152,119,193.1,192,No,High,Yes,0,Yes,9.2,Low,4,1,338276,Yes,1
1383,77,Male,35.14,140,129,73.55,190,No,Low,Yes,1,Yes,9.7,Medium,8,5,273093,No,1
1384,61,Female,32.26,98,87,91.16,149,No,High,No,2,Yes,6.9,Medium,6,3,313928,No,1
1385,67,Male,29.13,102,111,221.99,244,No,Medium,Yes,3,No,4.7,Medium,3,5,261507,Yes,1
1386,31,Female,27.4,129,97,222.08,135,No,Low,No,4,No,6.9,Low,14,4,257022,Yes,1
1387,70,Male,38.14,144,59,129.26,252,No,High,Yes,4,Yes,4.7,Low,4,5,494138,No,1
1388,73,Female,17.75,168,85,85.83,276,No,Low,Yes,1,No,9.3,Medium,7,3,11621,Yes,1
1389,28,Female,22.73,132,78,196.89,166,No,Medium,No,2,Yes,8.2,High,10,3,245179,No,1
1390,26,Female,24.4,133,127,134.82,220,No,Low,No,5,No,5.4,Medium,12,4,66037,Yes,1
1391,51,Male,34.78,157,53,78.18,226,No,High,Yes,0,No,9.3,Medium,4,0,457319,Yes,1
1392,29,Male,39.82,122,93,98.41,245,No,High,No,1,No,7.8,Medium,11,1,204497,Yes,1
1393,52,Female,21.78,113,105,94.7,141,No,High,Yes,5,No,9.7,Low,5,3,176617,No,0
1394,52,Female,36.98,125,91,176.04,304,No,Low,Yes,5,No,9.9,High,12,0,219334,No,1
1395,18,Female,35.93,99,62,231.66,202,No,Low,No,0,No,4.0,Medium,9,3,10514,No,1
1396,57,Male,21.39,109,95,212.75,282,No,Medium,No,3,No,4.7,Low,5,3,307127,Yes,1
1397,39,Male,25.58,164,82,168.37,179,No,Low,No,0,Yes,7.3,Low,7,0,295800,No,1
1398,77,Male,25.83,101,70,145.99,317,Yes,Medium,No,3,Yes,9.7,High,12,3,473580,No,1
1399,46,Male,39.48,151,129,181.36,307,No,Medium,No,5,Yes,10.0,Medium,10,1,360765,Yes,1
1400,25,Female,20.34,107,128,149.89,177,No,Low,No,2,No,7.4,Low,4,5,355682,No,1
1401,28,Female,35.18,152,106,114.3,122,No,Medium,No,1,Yes,5.0,Medium,0,4,151353,No,1
1402,58,Male,24.02,173,118,192.26,281,No,High,No,0,Yes,5.0,Low,3,5,167543,No,1
1403,54,Male,33.54,114,119,227.18,164,No,High,No,2,Yes,8.6,Low,2,0,143825,No,1
1404,31,Female,26.08,101,116,137.12,169,No,Medium,Yes,2,No,7.6,High,1,5,144813,No,1
1405,77,Male,29.88,110,97,221.48,121,No,Medium,Yes,0,No,7.3,Low,6,2,72541,No,1
1406,47,Male,35.98,114,125,147.59,134,Yes,Low,Yes,4,Yes,6.8,High,12,3,257631,Yes,1
1407,52,Male,35.3,100,82,142.24,284,No,Low,No,5,No,8.4,Medium,12,4,187407,No,1
1408,38,Male,36.79,153,85,75.1,262,No,Medium,No,4,Yes,9.1,Low,6,1,294285,Yes,1
1409,54,Male,17.43,162,82,195.15,307,Yes,High,No,3,Yes,5.8,High,14,1,243326,No,1
1410,22,Male,32.61,139,80,215.35,215,No,Low,Yes,2,No,5.3,Medium,7,2,447691,No,1
1411,36,Female,19.36,151,70,189.44,204,Yes,Low,No,1,No,8.0,Medium,14,5,471116,No,1
1412,76,Male,25.98,178,76,97.24,311,No,Low,Yes,1,Yes,9.5,High,9,1,146189,No,1
1413,31,Male,29.17,138,121,88.59,230,Yes,Low,No,2,No,6.1,High,14,5,357366,Yes,1
1414,43,Female,25.67,103,111,173.11,299,Yes,Low,No,4,Yes,5.6,Low,4,4,6823,Yes,1
1415,79,Female,28.47,90,75,142.27,142,No,Medium,No,5,No,5.4,Low,14,2,25005,Yes,1
1416,21,Female,39.92,170,115,147.24,218,No,Medium,Yes,2,No,5.5,Medium,0,5,137210,Yes,1
1417,42,Male,19.25,114,61,244.2,156,Yes,Low,Yes,3,No,4.8,Low,5,0,170560,No,1
1418,62,Female,32.21,148,71,200.31,226,No,Low,Yes,2,No,7.6,Medium,5,5,54875,Yes,1
1419,59,Male,25.5,161,66,144.12,160,No,Medium,Yes,0,Yes,5.7,Low,10,5,421231,Yes,1
1420,42,Male,19.19,158,56,73.44,176,No,Medium,No,4,No,7.7,Medium,7,2,138484,Yes,1
1421,35,Male,19.81,94,117,76.14,216,No,Low,Yes,0,Yes,4.5,Low,12,0,84331,Yes,0
1422,57,Female,38.78,108,86,193.26,144,No,High,No,0,No,4.7,High,9,1,104070,No,1
1423,25,Female,37.11,112,87,220.79,229,No,Medium,No,2,No,7.2,High,14,4,280263,No,1
1424,56,Female,37.77,98,60,197.39,156,No,Medium,No,5,No,7.1,Low,1,5,278717,Yes,1
1425,57,Female,39.8,139,50,143.06,159,No,High,Yes,2,No,5.6,High,10,3,375800,No,1
1426,31,Female,21.0,105,74,75.6,204,Yes,Medium,No,5,Yes,9.0,Medium,8,2,80021,Yes,1
1427,49,Male,24.53,122,91,244.13,165,Yes,High,No,1,Yes,5.1,Medium,10,1,425159,No,1
1428,68,Male,32.06,91,101,247.54,307,No,High,No,5,Yes,6.2,Low,12,5,9017,Yes,1
1429,78,Male,27.61,103,73,168.89,221,Yes,Low,Yes,0,No,7.3,High,5,4,173110,No,1
1430,55,Male,26.04,90,102,82.72,217,No,High,No,2,No,9.2,Medium,0,3,461501,Yes,0
1431,50,Female,24.59,179,105,167.38,138,No,Low,Yes,1,No,6.5,Low,8,2,487322,No,1
1432,40,Female,30.25,147,112,230.62,210,No,Low,No,0,Yes,6.4,High,7,4,187182,Yes,1
1433,32,Male,29.81,178,57,192.4,256,No,High,No,1,No,7.5,Low,9,1,226120,Yes,1
1434,50,Female,19.87,105,108,199.6,188,No,High,Yes,4,No,5.9,High,0,5,427013,Yes,1
1435,42,Female,27.32,168,94,85.29,124,Yes,Medium,Yes,3,No,8.3,Medium,7,5,145258,Yes,1
1436,34,Male,29.28,179,76,89.17,273,No,Low,No,0,No,5.5,High,12,5,379226,No,1
1437,50,Male,29.69,136,101,92.92,266,No,Medium,Yes,2,Yes,8.9,Medium,6,2,289925,Yes,1
1438,64,Female,21.04,133,67,232.79,277,Yes,Medium,No,5,No,5.6,High,4,5,105155,No,1
1439,72,Female,33.81,169,65,164.65,167,No,Low,No,4,No,10.0,High,14,2,163624,No,1
1440,19,Male,16.6,103,115,212.48,231,No,High,Yes,1,Yes,5.9,High,12,5,142982,Yes,1
1441,31,Male,24.52,113,54,90.75,263,No,Medium,Yes,3,No,9.3,Medium,5,0,8871,Yes,0
1442,70,Male,34.73,144,52,236.98,318,Yes,Low,Yes,5,No,6.4,High,3,5,19627,No,1
1443,57,Female,29.53,104,129,217.81,137,No,Low,No,0,No,5.5,Medium,8,0,483359,Yes,1
1444,57,Male,22.27,172,119,110.46,303,No,Medium,No,3,No,5.4,Low,8,2,33586,Yes,1
1445,68,Male,32.68,161,56,227.35,268,No,Medium,No,4,No,9.1,High,12,4,181326,No,1
1446,56,Female,29.62,123,99,117.42,150,No,Low,No,3,Yes,5.9,Medium,14,1,342094,Yes,1
1447,68,Female,35.11,91,63,106.96,248,No,High,No,0,No,6.0,Low,9,3,329270,Yes,1
1448,23,Female,33.64,116,87,117.56,250,No,Low,Yes,4,Yes,5.2,Medium,13,0,59029,Yes,1
1449,23,Female,30.64,163,128,233.79,144,No,Medium,No,1,No,9.8,Medium,0,1,227124,No,1
1450,20,Female,27.72,176,96,234.81,127,No,Medium,Yes,0,Yes,5.5,Medium,11,5,180283,Yes,1
1451,24,Male,19.2,161,82,129.22,312,No,Low,Yes,3,Yes,5.5,Medium,8,2,109665,No,1
1452,68,Male,22.27,112,92,196.98,181,No,Medium,No,0,No,9.7,Low,2,1,52733,Yes,1
1453,25,Female,26.06,157,78,191.63,254,No,High,No,4,Yes,9.4,Medium,11,1,251577,Yes,1
1454,59,Female,30.38,103,106,215.18,126,No,Medium,No,3,Yes,5.5,High,1,5,249544,No,1
1455,69,Female,28.33,152,54,123.37,255,No,Medium,No,1,No,9.2,Medium,3,1,25300,Yes,1
1456,32,Female,22.92,154,109,161.82,138,No,High,No,5,Yes,5.5,Medium,3,2,209095,Yes,1
1457,64,Female,16.16,157,119,190.18,264,Yes,High,No,2,Yes,4.5,Low,8,0,170910,Yes,1
1458,46,Male,27.91,152,51,74.73,258,No,Low,Yes,1,Yes,8.9,Low,3,3,13828,No,1
1459,50,Male,22.86,179,119,137.81,230,No,Medium,Yes,0,No,8.6,Medium,4,4,380891,Yes,1
1460,69,Male,33.63,170,92,195.26,296,No,Low,No,2,Yes,5.8,Low,5,0,239182,No,1
1461,47,Male,16.57,176,53,115.47,130,No,Low,No,5,No,4.5,Medium,3,3,200909,Yes,1
1462,56,Female,30.04,153,105,242.39,160,Yes,Low,No,5,Yes,5.2,Medium,0,2,405058,Yes,1
1463,44,Male,38.6,121,108,75.43,309,No,High,No,4,Yes,8.6,Medium,12,3,113872,Yes,1
1464,53,Female,20.19,168,58,242.46,233,No,Medium,No,5,Yes,9.8,Medium,1,2,156131,No,1
1465,46,Female,27.32,102,52,109.02,299,Yes,Low,No,3,No,5.6,High,2,3,262353,No,1
1466,55,Female,18.19,155,97,78.79,313,No,Low,No,3,No,8.9,Low,3,0,381546,No,1
1467,74,Male,31.02,108,92,122.65,315,No,High,No,4,Yes,5.4,Medium,4,5,36430,Yes,1
1468,50,Female,29.21,113,50,211.53,211,No,Medium,No,5,Yes,8.1,High,12,5,384352,Yes,1
1469,78,Male,25.78,177,106,205.44,194,Yes,Medium,Yes,0,No,4.5,High,9,5,89445,No,1
1470,54,Male,28.51,100,102,107.59,186,Yes,High,No,1,No,7.5,Medium,9,2,297074,No,0
1471,44,Female,37.52,148,65,105.42,287,No,Medium,No,2,Yes,5.6,Medium,2,1,386849,No,1
1472,72,Female,20.71,175,100,185.66,124,No,Low,Yes,4,Yes,9.6,Low,10,5,466387,Yes,1
1473,50,Female,16.54,104,124,152.45,235,Yes,Medium,No,5,No,5.7,Low,0,2,223764,No,1
1474,79,Male,36.68,99,104,212.61,269,No,High,Yes,0,No,6.4,Medium,10,2,28221,Yes,1
1475,21,Female,29.85,130,50,74.34,237,No,High,Yes,0,Yes,9.0,Low,10,3,148478,Yes,1
1476,39,Male,37.38,116,77,179.87,284,No,Low,No,2,Yes,6.6,High,14,2,267403,No,1
1477,19,Female,30.33,149,102,201.52,130,No,Low,Yes,4,No,5.4,Medium,7,3,155452,No,1
1478,27,Female,35.44,162,107,248.81,163,No,Low,No,1,Yes,7.3,Low,7,0,291336,Yes,1
1479,22,Male,26.31,141,122,192.18,300,Yes,Medium,Yes,1,Yes,9.0,Low,12,2,373705,No,1
1480,76,Male,34.0,117,109,111.73,196,Yes,Medium,No,4,No,6.6,Medium,3,1,282877,Yes,1
1481,27,Male,37.91,154,108,89.47,237,Yes,Low,Yes,3,No,4.8,Low,14,1,492405,Yes,1
1482,50,Male,29.73,106,71,185.37,235,No,High,No,5,No,6.3,High,6,0,384610,No,1
1483,71,Male,20.34,133,57,164.17,308,No,Medium,No,1,No,9.7,High,14,5,186393,Yes,1
1484,55,Male,22.45,99,98,231.85,186,No,Medium,No,3,No,4.4,High,3,1,217201,Yes,1
1485,30,Female,20.77,152,91,200.79,132,Yes,High,No,4,Yes,6.5,Medium,13,3,410532,Yes,1
1486,48,Female,21.92,171,76,161.75,211,Yes,Medium,No,5,Yes,7.9,High,2,2,316092,Yes,1
1487,64,Male,23.35,136,88,142.65,130,No,Medium,Yes,0,Yes,4.5,Medium,6,4,217640,Yes,1
1488,53,Female,29.32,127,74,142.79,258,Yes,Medium,No,4,No,6.1,Medium,13,2,498186,No,1
1489,62,Male,30.11,159,87,110.73,204,No,High,Yes,0,No,9.6,Medium,5,2,357915,Yes,1
1490,41,Female,26.24,165,73,73.12,204,Yes,Low,No,4,Yes,4.2,Low,0,4,116491,Yes,1
1491,69,Female,30.77,142,73,173.48,254,Yes,High,No,3,Yes,8.5,Low,8,5,250329,No,1
1492,73,Male,17.96,167,109,108.23,136,Yes,Low,No,5,No,9.0,High,11,1,91919,No,1
1493,32,Male,18.11,133,99,107.5,167,No,Low,No,3,Yes,5.7,High,1,1,98653,No,1
1494,46,Male,20.12,163,115,92.57,261,No,Low,Yes,5,No,5.3,Medium,12,2,382192,Yes,1
1495,25,Female,28.43,143,63,104.13,310,No,High,No,4,No,9.5,Medium,2,1,193245,Yes,1
1496,22,Male,21.14,109,102,75.72,311,No,Medium,No,0,Yes,8.6,Medium,4,3,141786,No,0
1497,46,Female,22.8,168,81,191.36,216,Yes,Low,No,4,Yes,4.7,Medium,14,3,11043,Yes,1
1498,64,Male,25.61,120,97,142.25,194,No,High,Yes,0,Yes,5.3,Medium,2,4,192329,Yes,1
1499,21,Female,35.48,96,88,171.07,312,No,Medium,No,3,Yes,7.7,High,2,2,471274,No,1
1500,29,Female,16.33,147,89,184.65,281,No,High,No,2,No,6.5,Medium,7,5,451165,Yes,1
1501,62,Male,31.59,99,91,245.05,256,No,Low,Yes,1,Yes,7.0,Low,13,3,392097,No,1
1502,19,Female,32.05,99,126,82.29,196,Yes,Low,No,3,No,9.7,High,3,0,147625,No,1
1503,44,Female,35.17,128,125,145.23,247,Yes,Medium,Yes,4,No,6.5,Medium,12,1,99045,No,1
1504,48,Male,38.39,117,57,114.26,156,No,High,No,4,No,9.3,Medium,12,5,303672,No,1
1505,68,Female,16.48,119,128,155.81,149,No,Medium,No,0,No,8.0,Medium,9,2,296928,Yes,0
1506,68,Male,19.69,126,75,235.69,288,No,Medium,Yes,1,Yes,4.7,Medium,1,3,78904,No,1
1507,53,Male,37.27,156,61,200.32,292,No,High,Yes,5,Yes,8.5,Low,4,4,58192,No,1
1508,53,Male,27.0,132,92,189.15,166,No,Low,No,3,No,7.1,Low,1,3,273314,Yes,1
1509,43,Male,29.55,168,100,149.42,254,No,Medium,No,1,Yes,5.4,Medium,9,0,45896,No,1
1510,60,Female,31.91,174,112,190.8,261,Yes,Medium,No,1,Yes,5.7,Medium,10,3,211112,No,1
1511,44,Female,32.3,141,98,75.83,167,No,Low,No,3,No,7.3,Low,11,2,372431,No,1
1512,22,Female,38.36,145,76,175.52,253,No,Low,No,0,Yes,7.6,Medium,7,4,495288,No,1
1513,37,Male,39.93,165,58,169.68,153,No,High,No,5,Yes,9.8,High,14,4,361926,Yes,1
1514,28,Female,33.28,157,88,132.4,220,No,High,No,0,No,9.1,Low,2,0,90919,Yes,1
1515,79,Female,22.89,98,114,106.27,165,No,Low,Yes,0,Yes,5.2,High,13,2,49007,Yes,1
1516,27,Male,37.11,112,120,215.36,306,No,Low,Yes,2,Yes,8.6,High,1,0,210330,Yes,1
1517,57,Male,17.18,152,120,79.7,189,No,Low,No,1,Yes,4.0,High,2,0,65849,Yes,1
1518,55,Female,21.55,150,56,82.54,255,No,High,No,2,No,4.8,High,2,0,263540,Yes,1
1519,23,Male,37.54,129,121,149.29,143,No,Medium,Yes,0,No,5.2,Medium,0,3,117917,No,1
1520,25,Male,22.15,133,129,115.46,186,No,High,No,5,No,7.6,Medium,2,1,380782,Yes,0
1521,40,Male,21.3,175,116,204.18,123,Yes,High,No,3,Yes,5.2,Medium,2,3,147681,Yes,1
1522,64,Male,19.32,113,59,184.15,120,No,Medium,Yes,1,Yes,6.2,Medium,3,2,49610,Yes,1
1523,43,Female,36.62,140,120,209.06,153,Yes,Low,No,3,No,5.5,Low,12,5,104565,No,1
1524,63,Male,28.0,147,102,128.44,228,No,Medium,Yes,4,No,6.0,Medium,7,0,256016,No,1
1525,60,Male,32.2,179,106,203.29,128,No,Low,No,1,No,9.7,Low,8,0,337962,No,1
1526,29,Male,21.74,122,76,225.21,182,No,Low,No,3,No,10.0,High,0,1,286414,Yes,1
1527,43,Male,34.19,105,103,132.15,129,Yes,Low,No,0,No,8.1,High,0,4,157398,Yes,1
1528,30,Male,34.24,111,53,131.18,257,No,Medium,No,2,Yes,7.4,High,5,0,257803,No,1
1529,57,Male,23.5,146,72,231.99,297,No,Medium,No,3,Yes,8.3,Low,0,3,230572,Yes,1
1530,79,Male,25.86,151,97,78.96,163,No,Medium,Yes,5,No,8.6,Low,11,0,419747,No,1
1531,35,Male,21.03,171,91,133.03,237,No,Medium,No,4,Yes,8.4,High,4,2,193671,Yes,1
1532,42,Female,39.44,160,52,91.36,295,No,Low,No,0,Yes,4.5,Medium,13,1,444176,Yes,1
1533,50,Male,31.49,179,52,75.22,125,Yes,High,No,4,No,5.9,High,11,5,291498,Yes,1
1534,64,Female,38.43,161,77,90.32,240,Yes,Medium,No,5,Yes,6.1,High,0,4,348663,No,1
1535,57,Male,23.28,159,112,147.62,271,No,Low,No,5,Yes,6.2,Medium,12,5,43639,Yes,1
1536,77,Male,34.77,119,80,193.65,214,No,Medium,No,2,No,6.1,Low,7,2,219770,Yes,1
1537,60,Male,34.38,112,59,122.07,230,No,Medium,No,4,Yes,8.7,Low,11,3,108064,Yes,1
1538,29,Male,32.6,121,98,222.94,305,No,Low,No,5,No,8.5,Low,4,5,222352,Yes,1
1539,61,Female,39.18,175,70,148.77,224,No,Low,No,3,Yes,4.0,Medium,5,2,367428,No,1
1540,53,Male,25.45,146,102,244.28,183,Yes,High,Yes,5,No,5.8,High,3,5,448955,Yes,1
1541,65,Male,19.14,98,125,241.75,303,No,Low,No,5,Yes,7.7,Low,14,0,164200,Yes,1
1542,21,Female,32.12,120,103,209.19,259,Yes,Medium,No,3,No,4.7,Low,12,1,488728,Yes,1
1543,22,Female,33.5,160,106,237.83,282,No,High,Yes,0,Yes,4.4,Medium,7,0,355667,Yes,1
1544,73,Male,29.8,98,69,197.28,190,Yes,Medium,No,2,No,9.0,Medium,11,1,50832,Yes,1
1545,54,Female,20.96,102,98,231.2,223,Yes,Low,Yes,2,No,6.7,High,8,3,352701,Yes,1
1546,25,Female,28.11,147,56,112.57,208,No,High,No,1,Yes,9.1,Low,8,2,94220,No,1
1547,59,Female,23.49,92,78,132.18,125,No,Medium,No,1,Yes,8.9,High,0,5,61316,No,1
1548,66,Male,26.26,124,97,205.53,312,No,Medium,Yes,3,No,9.4,High,13,1,292934,Yes,1
1549,45,Male,31.49,110,62,146.42,229,Yes,Medium,Yes,5,Yes,4.3,High,6,2,333827,No,1
1550,48,Male,33.89,153,52,220.72,307,No,High,No,4,No,5.1,Low,3,5,10550,No,1
1551,75,Female,21.57,141,51,227.97,231,No,High,No,5,Yes,5.8,Medium,12,1,290913,Yes,1
1552,26,Male,25.73,123,65,123.95,315,No,High,No,5,No,4.8,High,12,0,105754,Yes,1
1553,71,Female,22.46,124,55,218.22,276,No,Medium,Yes,4,No,6.9,High,9,1,143210,No,1
1554,68,Male,20.77,104,94,97.77,285,No,High,Yes,0,Yes,8.8,Medium,10,1,254153,No,1
1555,46,Male,34.8,95,120,130.16,269,Yes,High,Yes,2,Yes,9.7,Medium,7,4,445620,Yes,1
1556,31,Female,37.82,174,54,163.23,246,No,High,Yes,3,Yes,9.3,Medium,14,5,458702,Yes,1
1557,57,Male,24.89,121,105,110.76,255,No,High,No,4,No,6.7,High,6,5,217936,Yes,1
1558,58,Female,34.03,141,120,174.27,182,Yes,Low,No,1,No,7.8,Low,0,3,371805,Yes,1
1559,39,Female,37.53,172,81,174.17,260,No,Medium,No,3,No,5.4,Low,0,5,341745,No,1
1560,28,Male,36.31,117,98,107.24,274,No,Low,No,0,Yes,6.4,Low,0,0,453032,No,1
1561,40,Female,20.39,174,62,213.22,265,Yes,Medium,No,3,Yes,9.2,High,1,0,341245,No,1
1562,18,Male,38.95,153,79,183.7,137,No,Low,Yes,4,No,4.2,Low,9,2,495831,Yes,1
1563,63,Male,25.04,168,74,127.2,196,Yes,High,Yes,0,No,7.2,Medium,1,1,268338,Yes,1
1564,54,Female,24.14,167,109,111.79,309,No,Medium,No,5,Yes,9.2,Medium,8,1,175327,No,1
1565,38,Male,17.5,108,108,228.18,261,No,Medium,No,1,No,4.7,Low,4,5,188751,Yes,1
1566,43,Female,27.67,104,77,220.43,258,Yes,Medium,No,1,Yes,9.9,Medium,0,1,296677,No,1
1567,63,Male,18.62,95,107,111.36,222,No,Low,No,4,No,4.1,Low,6,0,90401,No,1
1568,53,Male,21.96,162,69,76.41,236,Yes,Medium,No,0,Yes,9.3,Medium,9,4,246964,No,1
1569,71,Male,23.61,173,83,214.82,136,Yes,Medium,Yes,1,No,6.1,Medium,1,2,141687,No,1
1570,40,Male,35.41,127,54,180.79,298,Yes,High,No,0,No,4.8,Medium,2,1,372906,No,1
1571,74,Male,37.01,115,109,88.16,133,No,Low,No,3,No,4.9,Low,3,4,20084,Yes,1
1572,18,Female,23.26,171,92,175.72,176,No,Low,Yes,2,No,8.2,High,2,5,406232,No,1
1573,71,Female,36.61,140,106,151.39,212,No,Medium,No,2,Yes,9.2,High,2,3,232764,Yes,1
1574,72,Female,36.57,162,106,209.42,253,No,Low,No,2,No,7.8,Medium,8,0,162797,No,1
1575,68,Female,34.35,142,124,107.64,233,No,Low,No,1,No,9.6,Medium,11,3,39825,Yes,1
1576,57,Female,19.52,145,103,151.57,304,No,Low,No,4,Yes,9.1,Medium,14,0,49072,Yes,1
1577,32,Female,32.57,148,94,98.12,251,No,Medium,No,2,No,4.1,High,3,2,417017,No,1
1578,38,Male,38.68,159,86,242.35,258,No,Low,No,5,No,8.0,Medium,7,5,499352,No,1
1579,64,Male,32.38,167,97,210.17,228,Yes,Medium,No,4,Yes,5.8,Low,0,3,304390,No,1
1580,26,Female,23.96,147,103,202.61,238,No,High,Yes,2,No,6.7,High,12,2,421070,Yes,1
1581,70,Female,28.01,177,97,194.24,211,No,High,Yes,3,No,4.6,Medium,5,2,62793,No,1
1582,26,Male,31.5,102,55,146.2,130,No,Medium,Yes,2,Yes,5.7,Medium,14,2,173458,Yes,1
1583,27,Male,28.25,132,83,236.19,218,No,Medium,Yes,4,No,7.8,Medium,0,3,412358,Yes,1
1584,69,Male,18.88,165,112,83.13,127,No,Low,No,1,Yes,5.3,Low,4,3,22393,No,1
1585,74,Female,23.49,140,127,214.59,233,Yes,Low,No,5,Yes,7.9,High,6,3,401994,No,1
1586,70,Female,35.26,108,97,108.74,306,No,Low,No,3,No,9.5,Medium,12,1,235317,Yes,1
1587,43,Female,36.67,110,72,128.33,268,No,Medium,No,4,No,4.0,Low,11,2,237979,Yes,1
1588,58,Male,19.3,172,62,163.5,184,Yes,Medium,No,0,No,8.7,Medium,0,5,107284,No,1
1589,52,Male,38.86,113,96,210.88,212,No,High,Yes,2,No,7.8,Medium,8,1,151390,No,1
1590,69,Female,23.89,115,93,220.94,271,No,High,No,3,No,4.3,Low,11,0,314212,Yes,1
1591,42,Female,31.9,134,81,175.07,277,No,Low,Yes,1,No,8.7,Medium,10,3,243069,No,1
1592,43,Male,34.04,117,75,142.55,223,No,Medium,No,0,No,5.3,Medium,8,5,49778,No,1
1593,28,Male,35.49,171,102,240.37,218,No,Low,No,2,No,5.6,Low,5,4,496423,Yes,1
1594,55,Male,38.7,118,63,114.37,203,No,Medium,Yes,3,No,4.6,Medium,14,0,102506,Yes,1
1595,19,Male,23.51,106,101,214.56,304,No,Low,Yes,5,No,7.2,Low,13,2,399466,Yes,1
1596,24,Female,36.6,157,85,180.17,192,No,High,No,4,Yes,7.0,Medium,1,2,454377,No,1
1597,35,Male,19.16,133,57,137.84,264,No,High,Yes,2,No,6.1,Medium,1,5,179420,Yes,1
1598,44,Male,32.92,150,89,70.25,178,Yes,Low,No,3,No,5.0,Low,8,1,285847,No,1
1599,51,Male,33.81,157,71,150.39,150,Yes,High,No,2,Yes,9.0,Medium,12,3,436894,No,1
1600,44,Female,32.27,163,65,119.81,183,Yes,Medium,No,5,No,9.3,Medium,13,5,224530,No,1
1601,34,Female,22.06,114,109,88.78,167,No,Medium,No,3,No,7.2,Medium,13,3,319491,Yes,0
1602,60,Male,36.95,156,109,83.53,142,No,Medium,No,4,Yes,5.5,Medium,3,0,335637,Yes,1
1603,76,Male,20.05,91,59,132.56,317,No,Medium,Yes,2,No,4.6,Medium,14,5,420938,No,1
1604,61,Male,17.29,178,74,180.66,277,No,High,No,3,Yes,9.2,Medium,5,0,281038,No,1
1605,76,Female,33.22,138,80,220.75,174,Yes,High,No,0,No,4.6,Medium,12,0,324207,Yes,1
1606,68,Female,27.41,159,70,103.04,126,Yes,Medium,Yes,1,Yes,4.1,High,9,4,30772,Yes,1
1607,71,Female,36.38,115,82,146.44,231,Yes,High,No,5,Yes,6.8,Low,1,4,103290,No,1
1608,41,Male,25.2,161,80,140.55,225,No,High,Yes,3,Yes,8.4,High,14,2,172114,Yes,1
1609,42,Female,20.04,116,70,162.41,217,Yes,Medium,No,3,No,6.7,High,3,2,96168,No,1
1610,24,Male,36.07,178,85,215.73,131,No,Low,Yes,3,Yes,4.3,Medium,1,2,375898,Yes,1
1611,69,Male,29.17,107,114,169.66,179,No,Medium,No,2,No,8.1,High,14,5,493236,No,1
1612,23,Male,20.54,143,53,222.4,171,No,High,No,5,Yes,7.9,Medium,2,3,69181,Yes,1
1613,70,Female,33.29,90,117,163.34,274,No,Low,No,1,No,8.1,Low,1,2,446072,No,1
1614,41,Male,28.27,150,53,178.69,259,No,Medium,No,5,No,5.3,Medium,13,1,434032,Yes,1
1615,50,Female,30.5,92,58,148.73,260,Yes,Low,Yes,2,No,8.8,High,7,0,105210,Yes,1
1616,66,Female,27.06,157,79,218.16,191,No,High,Yes,3,Yes,6.9,Low,4,5,73475,Yes,1
1617,46,Male,35.89,130,94,236.29,309,Yes,High,Yes,5,Yes,7.2,Medium,4,3,494302,No,1
1618,60,Male,35.91,126,53,185.05,244,Yes,Medium,No,3,No,7.3,High,7,4,278814,Yes,1
1619,39,Female,33.03,140,118,217.74,276,No,Medium,No,1,No,5.7,High,10,0,112036,Yes,1
1620,43,Male,18.53,104,72,80.62,282,Yes,High,Yes,0,Yes,5.5,Low,14,2,390541,No,1
1621,45,Female,36.13,97,65,233.1,179,No,Low,No,2,Yes,4.0,Low,7,4,362286,Yes,1
1622,67,Male,32.1,127,71,104.01,276,Yes,High,Yes,0,No,6.4,Low,12,4,459788,Yes,1
1623,38,Female,32.73,172,121,116.17,150,No,Medium,No,5,Yes,6.9,Medium,6,4,347111,No,1
1624,66,Female,24.71,145,97,79.6,196,No,Medium,Yes,3,Yes,8.5,High,4,5,128303,No,1
1625,24,Female,37.1,136,111,243.77,195,No,Medium,No,3,No,4.4,Medium,6,0,407265,Yes,1
1626,34,Female,33.41,179,109,223.36,180,No,Medium,No,4,No,9.5,High,12,3,233301,No,1
1627,37,Male,18.7,99,129,234.37,121,No,High,No,4,No,5.6,High,0,0,254937,Yes,1
1628,58,Male,25.79,167,54,222.5,280,No,High,Yes,0,Yes,6.2,Medium,2,1,278172,Yes,1
1629,66,Female,37.27,138,129,156.32,319,No,High,Yes,4,No,4.3,Low,14,2,371906,Yes,1
1630,37,Female,17.13,130,56,236.33,309,Yes,Low,No,5,Yes,7.9,Medium,2,5,301664,Yes,1
1631,71,Male,39.07,172,100,244.51,240,No,Medium,No,1,Yes,8.3,Low,1,3,296731,Yes,1
1632,39,Male,32.3,119,114,160.46,178,Yes,Medium,Yes,5,No,9.6,Medium,5,5,454815,Yes,1
1633,45,Male,31.15,94,58,101.61,159,No,High,No,0,No,6.0,Low,2,3,285194,Yes,0
1634,78,Male,22.49,160,94,188.55,296,No,Medium,No,5,No,5.5,Low,14,2,331741,Yes,1
1635,57,Male,21.97,172,96,245.58,151,Yes,High,Yes,4,No,8.4,Medium,3,1,465615,Yes,1
1636,66,Male,38.61,120,116,226.99,157,No,High,No,4,Yes,8.2,Medium,2,4,402677,Yes,1
1637,24,Female,23.16,141,73,225.13,211,Yes,Medium,No,1,Yes,9.6,Low,6,2,248512,Yes,1
1638,18,Male,34.61,177,59,238.09,207,No,High,Yes,5,No,5.2,Medium,3,4,376053,Yes,1
1639,49,Male,25.43,112,122,230.91,260,No,High,No,1,No,8.2,Medium,4,2,174052,No,1
1640,30,Female,19.34,137,126,209.73,204,Yes,High,No,0,Yes,4.4,Medium,13,0,7118,No,1
1641,47,Male,16.26,129,97,199.29,301,No,Medium,No,2,No,6.9,Medium,6,5,214221,No,1
1642,40,Male,29.06,95,84,117.66,195,No,High,Yes,5,No,4.7,Medium,3,1,43394,No,1
1643,68,Male,39.42,127,103,181.84,247,Yes,Low,No,5,No,7.9,High,13,5,178381,Yes,1
1644,76,Male,24.86,130,120,163.87,132,No,Medium,Yes,1,No,7.6,Low,5,1,491219,No,1
1645,73,Male,24.57,116,65,225.15,158,No,Low,No,4,No,4.3,Low,8,2,274502,No,1
1646,36,Female,24.26,164,102,158.51,142,Yes,Low,No,0,No,5.9,Low,14,1,379997,Yes,1
1647,79,Male,28.49,158,89,92.99,229,Yes,High,Yes,2,Yes,6.4,Medium,5,4,47030,No,1
1648,49,Female,26.58,146,69,70.9,226,No,Medium,No,5,Yes,5.5,Medium,4,1,481889,Yes,1
1649,47,Female,37.12,106,118,192.02,211,No,Low,No,0,No,4.2,Medium,14,1,228320,Yes,1
1650,46,Male,28.13,160,94,168.98,261,No,Medium,Yes,4,Yes,5.9,Low,14,5,492186,Yes,1
1651,66,Female,28.19,136,55,129.57,264,No,High,Yes,2,No,8.8,Medium,11,1,323435,No,1
1652,62,Male,19.32,168,118,100.41,143,No,High,Yes,2,No,6.2,Medium,13,3,428138,No,1
1653,46,Female,39.59,102,98,154.01,305,No,Low,No,1,Yes,5.9,Low,12,2,260372,No,1
1654,47,Female,22.0,100,88,88.05,310,Yes,High,No,3,No,9.7,Medium,0,0,371808,Yes,1
1655,33,Male,17.76,179,51,130.5,153,Yes,Medium,No,4,No,4.2,High,7,0,68215,No,1
1656,57,Male,31.92,175,88,138.26,298,No,Medium,Yes,3,Yes,8.6,High,4,3,249012,Yes,1
1657,36,Male,30.29,113,70,153.81,231,Yes,Medium,No,4,No,6.9,Low,4,5,442663,Yes,1
1658,35,Male,25.96,162,89,153.99,257,Yes,High,No,0,No,9.7,High,2,3,378661,No,1
1659,18,Male,26.13,93,103,116.26,237,No,High,Yes,3,No,6.4,Low,9,0,298716,Yes,0
1660,31,Female,34.84,135,61,223.04,319,Yes,Low,Yes,5,Yes,8.2,Medium,11,4,163589,Yes,1
1661,68,Female,20.7,107,86,134.0,268,No,Medium,No,5,No,4.4,Low,1,0,25649,Yes,1
1662,64,Female,35.69,132,87,111.33,284,No,Medium,No,5,Yes,9.6,High,0,0,104692,Yes,1
1663,67,Female,31.57,169,64,101.65,126,Yes,Medium,No,2,No,6.1,Low,8,2,34927,Yes,1
1664,19,Female,26.06,122,56,128.06,209,Yes,Medium,No,1,Yes,7.1,Low,4,0,390643,Yes,1
1665,71,Female,26.99,99,127,82.16,132,No,Medium,No,4,No,4.8,High,9,0,409807,Yes,1
1666,45,Female,22.16,162,99,75.92,199,No,Medium,No,1,Yes,9.7,Medium,11,1,161904,Yes,1
1667,66,Male,34.05,148,114,178.93,149,No,Low,No,4,Yes,8.0,High,14,3,90638,Yes,1
1668,67,Male,28.31,120,116,181.45,278,No,Medium,Yes,5,Yes,4.3,Low,3,0,396810,No,1
1669,47,Female,23.7,117,93,165.33,252,No,High,No,2,No,4.9,Medium,6,0,461740,No,1
1670,55,Female,30.31,149,80,207.21,279,No,Medium,No,2,Yes,6.4,High,12,4,208522,No,1
1671,68,Male,39.9,92,92,77.05,135,No,High,No,2,No,5.3,Medium,3,0,305433,No,1
1672,21,Male,26.45,144,126,238.48,269,No,Low,No,2,Yes,5.8,High,10,2,251770,Yes,1
1673,18,Male,38.1,103,97,87.11,311,No,Medium,Yes,2,No,10.0,High,14,5,343555,No,1
1674,25,Male,24.28,147,110,191.32,291,No,Medium,Yes,5,No,8.0,Medium,1,4,398641,No,1
1675,46,Female,17.31,178,124,94.01,159,No,Low,Yes,1,Yes,9.5,Medium,8,0,428816,Yes,1
1676,72,Male,20.9,104,59,228.38,156,No,Low,No,0,Yes,6.6,Medium,7,5,246592,Yes,1
1677,56,Female,26.05,91,78,161.93,197,No,High,Yes,3,Yes,8.3,Low,11,2,347423,No,1
1678,20,Female,21.27,113,97,84.81,135,No,Medium,No,1,No,6.8,Medium,14,3,470670,Yes,0
1679,49,Female,16.01,167,111,181.01,162,Yes,Medium,No,5,Yes,6.0,High,3,0,405224,No,1
1680,27,Male,37.96,153,62,71.64,182,No,Medium,Yes,3,No,7.1,Medium,7,3,308320,No,1
1681,27,Male,36.25,160,93,209.68,134,Yes,High,No,0,Yes,6.6,High,11,0,109617,Yes,1
1682,36,Female,33.82,113,96,187.11,291,Yes,Medium,Yes,4,No,9.9,High,12,4,13801,Yes,1
1683,63,Female,20.03,116,113,108.27,256,No,High,No,0,No,7.0,High,8,4,410861,No,1
1684,51,Female,18.89,126,102,137.46,184,No,Medium,Yes,0,Yes,8.9,High,14,5,496705,Yes,1
1685,77,Male,17.62,128,126,71.41,163,Yes,Medium,No,5,No,8.0,Medium,1,2,30300,No,1
1686,50,Female,33.38,152,125,194.86,139,No,Low,No,4,No,6.9,High,3,1,411373,Yes,1
1687,40,Male,38.29,168,93,128.08,238,No,High,No,3,Yes,6.8,Medium,10,5,145087,No,1
1688,72,Female,26.33,115,77,172.89,317,No,Medium,No,2,No,6.1,Medium,5,5,326255,Yes,1
1689,45,Female,18.86,154,51,242.21,231,Yes,Medium,No,4,Yes,4.6,Medium,6,2,80705,No,1
1690,49,Female,28.3,93,106,123.9,242,Yes,Low,Yes,4,No,8.6,Medium,4,0,152345,Yes,1
1691,67,Male,24.37,118,106,248.24,280,No,Medium,No,0,Yes,9.5,Medium,9,3,116270,Yes,1
1692,24,Male,25.0,90,83,183.89,199,No,Low,Yes,4,No,5.3,Medium,11,3,33465,No,1
1693,46,Female,30.91,139,107,113.58,219,Yes,Medium,No,1,Yes,9.6,Low,9,0,481320,Yes,1
1694,25,Male,33.25,175,101,148.62,125,No,High,Yes,2,No,5.4,Low,12,1,328867,Yes,1
1695,18,Female,18.65,100,78,203.28,202,No,High,Yes,0,No,7.2,Medium,6,1,291903,Yes,1
1696,74,Male,16.85,163,84,150.37,150,Yes,Low,No,3,Yes,6.1,High,13,1,221600,Yes,1
1697,72,Male,39.86,148,124,82.33,185,No,High,Yes,3,Yes,4.7,Medium,10,0,478229,Yes,1
1698,20,Male,21.59,151,97,100.35,137,No,High,Yes,3,No,4.3,Low,14,4,80347,No,1
1699,41,Female,17.29,170,82,212.43,147,Yes,Medium,No,3,Yes,6.2,High,3,5,304238,Yes,1
1700,40,Male,20.56,125,124,186.71,187,Yes,Medium,Yes,3,No,4.3,High,7,4,29019,Yes,1
1701,76,Male,16.93,145,122,172.57,312,No,High,No,0,No,4.6,High,2,0,217870,Yes,1
1702,78,Female,25.4,179,127,100.17,233,No,Medium,No,1,No,4.9,Medium,12,4,7435,No,1
1703,25,Female,35.26,110,58,220.8,292,No,Medium,Yes,1,No,4.0,Low,2,1,136806,No,1
1704,71,Female,24.19,102,97,242.93,177,No,Medium,Yes,3,Yes,4.9,Medium,4,4,168997,Yes,1
1705,74,Female,26.66,98,116,77.36,294,No,Low,Yes,1,No,7.5,Medium,5,0,194757,No,1
1706,64,Male,32.21,100,85,84.05,313,No,High,No,2,Yes,8.9,Low,2,5,385324,No,1
1707,54,Male,28.21,164,120,229.25,299,No,Medium,Yes,1,Yes,5.2,Low,9,4,185218,Yes,1
1708,20,Male,36.67,159,93,216.8,283,Yes,Medium,No,4,Yes,4.5,High,14,4,365439,Yes,1
1709,68,Male,36.78,90,109,181.23,248,No,Low,No,3,No,8.4,Medium,1,4,274908,Yes,1
1710,50,Male,16.24,159,112,240.09,158,Yes,Medium,No,4,Yes,4.0,Low,4,4,396744,Yes,1
1711,45,Female,34.67,166,54,186.36,225,Yes,Medium,Yes,4,No,8.4,Medium,9,5,284603,No,1
1712,64,Male,27.06,175,125,108.88,120,No,Medium,No,3,No,4.8,Medium,5,0,75658,Yes,1
1713,25,Male,39.73,145,89,201.16,194,Yes,High,No,5,Yes,5.4,Low,2,2,379860,Yes,1
1714,51,Male,27.6,120,68,186.23,207,Yes,Low,No,0,No,4.7,Medium,6,4,35342,Yes,1
1715,52,Female,39.69,175,96,247.43,261,No,Low,Yes,5,Yes,5.5,Low,2,2,178893,No,1
1716,49,Female,34.11,126,114,108.5,318,No,Medium,No,1,Yes,8.8,High,14,5,177030,Yes,1
1717,41,Male,21.97,136,116,177.62,270,Yes,Medium,No,5,No,4.8,High,11,0,327117,Yes,1
1718,31,Female,28.92,167,67,210.43,290,No,Low,Yes,2,Yes,10.0,Medium,12,3,324137,No,1
1719,49,Female,39.81,136,99,131.02,269,Yes,Low,No,5,Yes,6.0,High,1,2,28135,Yes,1
1720,73,Female,36.58,158,79,138.34,179,Yes,High,No,5,Yes,9.5,Low,13,0,386967,Yes,1
1721,63,Female,18.34,147,115,229.82,274,No,Low,No,0,No,5.1,Medium,12,3,191597,No,1
1722,60,Female,32.95,125,54,142.76,303,Yes,High,No,2,No,5.1,Medium,9,4,124687,No,1
1723,33,Female,24.29,121,91,182.45,249,No,Medium,No,5,Yes,7.4,Medium,3,5,73500,Yes,1
1724,21,Female,16.17,153,54,230.06,286,Yes,Medium,No,3,Yes,4.3,Low,2,5,227072,No,1
1725,69,Male,25.68,160,99,107.77,298,No,Low,No,1,Yes,8.8,Medium,6,0,84114,No,1
1726,54,Male,21.63,131,107,246.74,229,No,High,No,5,Yes,6.6,Medium,7,1,182457,Yes,1
1727,71,Female,35.65,137,128,196.35,138,No,Low,Yes,0,No,8.2,Medium,2,3,94942,Yes,1
1728,38,Male,24.1,163,57,159.3,181,No,Medium,Yes,3,Yes,5.0,High,5,1,305037,No,1
1729,31,Male,35.86,170,80,147.57,190,No,Low,No,0,No,7.9,Medium,0,5,202741,Yes,1
1730,48,Female,16.01,119,61,241.79,314,No,High,No,4,No,7.6,High,4,5,173078,Yes,1
1731,72,Male,23.39,110,70,107.03,310,No,High,No,5,No,8.5,Low,1,4,10786,No,1
1732,65,Female,21.79,149,111,126.1,230,Yes,Medium,No,1,Yes,5.8,High,0,4,33878,Yes,1
1733,35,Female,21.61,102,82,125.4,252,Yes,Medium,No,1,No,9.6,Medium,12,2,191796,Yes,1
1734,24,Female,17.64,90,75,122.02,191,Yes,High,Yes,3,No,9.8,Low,6,5,111661,Yes,0
1735,27,Male,20.49,154,89,154.34,197,Yes,High,Yes,3,Yes,9.2,Medium,9,4,216203,No,1
1736,24,Male,29.33,122,114,248.05,308,No,Medium,Yes,3,No,7.4,Medium,3,2,355157,Yes,1
1737,50,Male,22.99,127,108,229.98,219,No,High,Yes,1,No,6.5,Low,4,3,82484,No,1
1738,40,Male,26.02,114,64,129.03,190,No,Medium,No,5,Yes,4.3,High,1,1,455680,No,1
1739,38,Female,25.04,115,50,146.12,126,No,Low,No,4,No,9.7,High,7,3,384829,Yes,1
1740,36,Female,37.02,166,60,190.51,169,Yes,Low,Yes,1,Yes,9.7,Medium,14,1,443684,No,1
1741,65,Male,37.73,148,104,73.09,165,Yes,Medium,No,3,Yes,4.1,Medium,10,0,475155,No,1
1742,78,Female,27.83,122,51,217.63,191,No,Medium,No,2,No,6.1,Low,12,3,237531,Yes,1
1743,36,Female,23.92,130,114,228.36,195,No,Low,No,5,No,9.3,High,9,0,480556,Yes,1
1744,53,Male,18.56,119,93,224.3,193,No,Low,No,4,No,4.5,Medium,13,1,473673,Yes,1
1745,46,Female,38.88,146,65,137.51,261,No,Medium,Yes,1,Yes,5.2,Low,2,5,171675,Yes,1
1746,77,Male,17.45,138,71,153.16,192,No,Low,No,2,No,9.9,Medium,6,5,203693,Yes,1
1747,35,Female,23.14,137,67,72.23,221,No,Low,Yes,5,No,9.1,Low,10,2,44837,Yes,1
1748,19,Male,23.15,161,96,141.89,213,Yes,High,No,4,No,9.5,Low,0,3,290998,Yes,1
1749,18,Female,23.69,138,79,152.88,188,No,Medium,No,1,No,4.9,Low,9,3,236761,Yes,1
1750,64,Female,19.94,136,59,233.26,184,Yes,Low,No,5,No,5.3,Low,0,2,490105,Yes,1
1751,22,Male,34.8,145,107,230.92,312,No,Medium,No,5,Yes,7.6,Low,13,2,285905,Yes,1
1752,37,Male,18.94,154,111,243.9,304,No,High,Yes,3,Yes,7.0,High,6,4,361550,Yes,1
1753,28,Male,31.24,101,129,229.32,181,No,Medium,No,1,Yes,5.8,High,0,5,57009,Yes,1
1754,59,Male,18.97,158,55,71.48,139,Yes,Low,No,5,No,9.3,Medium,11,4,476044,No,1
1755,19,Female,17.69,177,116,185.46,273,Yes,High,No,4,Yes,9.4,Medium,8,1,6455,Yes,1
1756,20,Female,37.83,95,90,82.28,163,No,Medium,No,3,No,5.8,Medium,8,5,63332,No,1
1757,40,Male,20.56,178,92,119.07,314,No,Medium,No,5,Yes,4.9,Medium,7,3,18682,Yes,1
1758,72,Female,35.71,154,126,174.1,317,No,Medium,No,0,No,4.9,Medium,7,2,476934,No,1
1759,29,Male,29.07,114,67,196.11,181,No,Medium,Yes,2,Yes,6.9,Medium,14,2,269034,Yes,1
1760,37,Male,17.87,90,107,187.83,226,No,Medium,Yes,5,No,4.8,Medium,3,5,183278,No,1
1761,22,Female,38.93,121,109,78.83,244,No,High,No,3,No,6.8,Medium,3,0,130362,Yes,1
1762,54,Female,21.93,92,76,88.65,164,No,Medium,No,3,Yes,6.8,Medium,4,4,264979,No,0
1763,55,Male,36.63,138,117,93.15,130,No,High,Yes,4,No,9.3,Medium,8,5,177681,Yes,1
1764,47,Male,20.05,108,71,86.45,319,No,Medium,No,5,No,5.8,High,2,5,326316,Yes,1
1765,26,Male,36.49,149,73,102.08,281,Yes,Medium,No,5,No,7.4,Medium,3,0,302340,Yes,1
1766,51,Female,16.32,118,89,193.93,207,No,Medium,No,4,No,8.5,High,9,2,207817,No,1
1767,70,Female,28.28,139,123,219.55,165,No,Low,No,2,Yes,7.6,High,4,3,99786,No,1
1768,61,Female,34.47,91,115,143.59,231,Yes,Low,Yes,4,No,9.7,Low,6,3,318613,Yes,1
1769,52,Female,38.44,162,89,194.7,200,No,High,No,3,No,7.6,Medium,4,0,62390,No,1
1770,69,Male,37.82,145,55,106.0,151,No,Medium,No,2,No,9.4,Medium,8,4,429851,No,1
1771,75,Male,35.67,106,67,245.19,217,No,Low,No,2,Yes,5.5,Medium,5,1,394484,Yes,1
1772,39,Male,37.32,149,79,133.0,124,No,Medium,No,1,Yes,7.4,Medium,2,5,45816,No,1
1773,61,Male,20.78,125,70,222.26,310,Yes,Low,No,3,No,7.3,Low,5,3,192571,Yes,1
1774,41,Male,22.82,150,111,240.17,148,No,High,No,3,Yes,9.9,High,5,1,252875,Yes,1
1775,34,Male,22.94,106,59,225.65,167,Yes,Low,No,4,Yes,5.2,High,14,5,274426,No,1
1776,27,Female,25.05,138,62,82.07,135,No,Medium,No,3,Yes,4.8,Medium,11,4,241569,Yes,1
1777,47,Female,25.44,165,125,187.06,272,No,Medium,No,5,No,7.7,Low,9,0,86454,No,1
1778,73,Male,29.07,149,58,91.62,191,No,Medium,Yes,4,Yes,5.3,High,0,4,15446,No,1
1779,76,Male,19.84,109,117,71.02,148,No,Low,No,3,No,7.8,Medium,6,2,21456,No,1
1780,63,Female,32.59,139,88,79.32,299,Yes,Medium,Yes,5,No,9.8,Medium,2,4,100490,Yes,1
1781,40,Female,20.02,92,73,234.91,165,No,High,No,1,Yes,9.7,Medium,0,0,401673,Yes,0
1782,49,Female,23.45,132,83,233.52,272,No,High,Yes,3,No,5.4,High,0,0,252782,Yes,1
1783,34,Female,28.08,146,110,110.65,142,No,Medium,No,1,No,5.0,Low,4,4,480048,No,1
1784,67,Male,35.11,139,90,168.47,281,No,Medium,Yes,3,Yes,7.4,High,13,5,303997,Yes,1
1785,68,Male,33.75,157,54,241.91,314,No,Low,No,3,Yes,7.5,Medium,9,0,441253,Yes,1
1786,34,Male,31.49,170,128,159.41,213,No,Low,Yes,0,Yes,8.0,Medium,9,2,110892,Yes,1
1787,31,Male,19.74,139,99,140.84,233,No,High,No,5,No,8.4,Medium,1,1,398168,Yes,0
1788,26,Male,29.13,126,53,156.98,153,No,High,No,3,Yes,7.6,Low,1,4,489354,Yes,0
1789,57,Female,18.1,135,100,212.24,279,No,Medium,Yes,1,No,4.7,Low,11,0,248208,Yes,1
1790,19,Male,25.06,131,101,155.91,236,Yes,Medium,No,2,No,8.7,Low,3,5,448911,Yes,1
1791,62,Female,25.92,104,88,210.99,148,No,Medium,No,1,No,4.5,Low,9,5,230800,No,1
1792,42,Male,16.96,122,57,147.71,128,Yes,Low,No,5,No,4.1,Medium,14,5,413439,No,1
1793,56,Male,22.58,169,94,115.36,313,No,Medium,Yes,3,Yes,8.6,Low,10,1,156952,No,1
1794,26,Male,38.94,100,77,128.77,304,No,High,Yes,4,Yes,7.3,Medium,11,2,363343,Yes,1
1795,71,Male,38.89,109,76,84.01,158,Yes,Medium,Yes,0,Yes,8.2,Medium,11,4,473980,No,1
1796,39,Male,24.46,113,114,159.53,254,No,Medium,Yes,4,No,6.3,Medium,14,0,206357,No,1
1797,60,Female,17.03,153,83,96.66,229,Yes,Low,Yes,0,No,4.1,Medium,14,1,272189,No,1
1798,63,Female,20.3,169,111,216.08,188,No,Low,No,0,No,6.0,Medium,6,2,300759,Yes,1
1799,21,Female,25.41,154,111,145.71,255,No,Medium,No,4,Yes,7.6,Low,7,3,135321,No,1
1800,43,Male,38.75,177,87,207.7,215,No,High,Yes,5,Yes,5.4,Low,10,0,459640,Yes,1
1801,75,Male,19.39,177,75,241.8,238,No,High,Yes,3,No,8.1,Medium,9,5,227679,Yes,1
1802,46,Female,34.32,162,73,222.91,237,No,High,No,1,No,8.8,Medium,6,5,251694,Yes,1
1803,62,Male,18.61,175,88,241.26,137,No,Medium,Yes,4,Yes,6.7,High,8,2,104699,No,1
1804,51,Male,39.55,165,70,172.23,221,Yes,Medium,No,2,No,9.3,Medium,6,1,486710,Yes,1
1805,40,Female,25.16,106,96,99.76,229,No,High,Yes,0,Yes,9.1,Low,3,5,218530,Yes,0
1806,54,Male,34.61,178,97,238.37,201,No,Medium,No,1,Yes,9.3,Medium,8,4,360675,No,1
1807,28,Female,24.22,150,62,226.33,296,No,High,No,2,No,8.0,Medium,8,1,324558,Yes,1
1808,23,Male,31.06,104,52,225.59,224,No,High,No,1,No,5.8,Low,2,5,231785,Yes,1
1809,35,Female,20.61,140,81,194.79,135,No,Medium,Yes,3,Yes,6.9,Low,9,4,297570,Yes,1
1810,38,Male,19.5,116,84,182.48,140,No,Medium,Yes,2,No,8.3,Medium,13,2,281257,Yes,1
1811,59,Male,38.51,175,68,72.65,257,No,Medium,No,5,No,5.3,High,7,2,62599,Yes,1
1812,53,Female,38.02,163,63,204.65,225,No,Low,No,5,No,8.4,Medium,0,1,331758,Yes,1
1813,58,Male,37.3,150,97,86.48,251,No,Medium,No,4,No,7.3,Medium,1,1,474138,No,1
1814,55,Male,31.01,147,117,116.76,163,No,High,No,1,Yes,4.6,Low,7,4,333581,No,1
1815,51,Female,35.4,120,94,169.27,242,No,High,Yes,5,Yes,7.3,Medium,12,0,226853,Yes,1
1816,34,Male,17.66,101,68,151.31,255,Yes,Low,No,5,No,4.4,Medium,7,1,154339,Yes,1
1817,54,Female,24.03,135,113,72.84,230,No,Medium,Yes,4,No,4.1,Medium,5,5,209939,Yes,1
1818,42,Male,23.53,120,115,218.32,236,Yes,Medium,No,4,Yes,9.3,High,7,0,56854,Yes,1
1819,55,Male,31.26,121,128,228.18,245,Yes,Medium,Yes,5,No,6.9,Medium,13,0,81396,Yes,1
1820,75,Male,24.54,121,115,192.74,302,No,Medium,Yes,1,No,7.3,Medium,13,0,129326,Yes,1
1821,29,Male,19.56,142,124,167.39,138,Yes,Medium,No,1,No,5.7,Low,7,2,16110,Yes,1
1822,40,Female,30.32,150,94,242.93,183,No,Medium,No,0,No,7.3,High,1,2,287687,Yes,1
1823,70,Male,35.55,135,123,91.59,159,No,Low,No,0,No,5.0,High,2,0,440470,Yes,1
1824,59,Female,25.17,174,116,202.82,170,No,Medium,No,2,Yes,8.5,High,6,0,100929,No,1
1825,39,Male,19.17,163,118,93.1,256,No,Medium,No,2,No,8.9,Low,2,2,390891,No,1
1826,38,Male,20.72,169,52,138.73,277,No,Low,Yes,2,Yes,9.1,Medium,12,4,81610,No,1
1827,44,Male,21.7,96,87,175.39,175,No,Medium,Yes,0,No,4.6,Medium,14,5,263560,No,1
1828,74,Male,23.2,93,126,202.68,200,No,Medium,No,4,No,7.3,High,14,3,362382,Yes,1
1829,48,Female,31.43,141,91,70.67,291,Yes,High,No,5,Yes,8.9,Medium,10,1,416016,No,1
1830,23,Female,30.42,178,89,116.91,306,No,Medium,No,3,Yes,4.8,High,1,0,409480,Yes,1
1831,44,Female,32.71,120,99,166.88,262,No,Medium,Yes,3,Yes,4.6,Medium,5,2,330678,No,1
1832,57,Female,24.7,164,84,165.92,315,Yes,Medium,No,5,No,8.9,Medium,1,0,222955,No,1
1833,51,Male,35.78,173,73,184.77,189,No,Low,No,1,Yes,8.8,Low,13,0,59025,Yes,1
1834,29,Female,20.9,125,66,124.69,247,No,Medium,Yes,0,Yes,6.7,Low,1,0,354185,Yes,1
1835,62,Female,27.26,143,89,167.3,245,Yes,High,No,1,No,4.7,Low,14,0,105886,Yes,1
1836,74,Male,35.22,143,123,104.16,180,Yes,Medium,No,3,Yes,7.1,Low,10,4,480494,Yes,1
1837,70,Male,20.32,106,115,103.64,199,Yes,Medium,No,1,Yes,6.4,Low,1,1,137572,No,1
1838,24,Male,18.64,164,93,173.78,240,No,Low,No,0,No,7.1,High,3,1,45887,No,1
1839,27,Male,37.21,119,72,193.39,220,No,High,No,0,No,6.6,Medium,13,2,362797,Yes,1
1840,62,Female,24.23,111,55,91.67,270,No,High,No,0,Yes,7.4,High,6,4,136886,Yes,1
1841,34,Female,32.41,132,115,92.1,196,Yes,Low,Yes,3,No,8.4,Medium,14,4,112091,Yes,1
1842,43,Male,16.61,116,70,171.75,294,No,Medium,No,0,No,8.6,High,5,1,150611,No,0
1843,38,Male,32.56,126,84,118.62,264,No,Low,No,2,No,7.9,Medium,4,2,304978,No,1
1844,45,Male,23.59,135,78,140.63,304,No,Medium,No,2,No,5.2,Low,3,4,455786,Yes,1
1845,79,Female,17.34,124,56,142.13,245,No,Low,Yes,5,No,6.4,Medium,1,2,343867,No,1
1846,75,Female,30.64,93,102,102.14,301,No,Low,No,0,No,4.4,Medium,10,1,189059,No,1
1847,63,Male,21.78,169,86,70.24,299,No,Low,Yes,2,Yes,6.7,Medium,7,0,386744,Yes,1
1848,19,Male,25.28,169,72,223.57,141,No,High,Yes,0,No,9.8,High,12,5,11086,No,1
1849,77,Female,17.93,174,57,198.7,202,Yes,High,No,3,No,7.9,Medium,11,5,278654,Yes,1
1850,71,Male,19.53,115,125,194.3,286,No,Low,No,2,No,4.9,Medium,1,5,477881,Yes,1
1851,60,Male,23.15,108,97,168.37,260,No,Medium,No,3,No,5.6,High,14,4,301976,Yes,1
1852,18,Female,18.15,170,59,196.17,197,No,Low,No,2,Yes,4.4,Medium,14,2,187575,No,1
1853,68,Male,37.86,134,128,238.42,214,No,Low,Yes,4,Yes,5.1,Low,10,0,19200,Yes,1
1854,70,Female,16.15,115,73,189.82,228,No,High,No,4,Yes,6.9,Medium,7,1,424329,No,1
1855,53,Male,27.61,111,96,117.72,313,No,Low,Yes,5,Yes,6.1,Medium,9,3,372812,No,1
1856,68,Male,18.96,147,102,172.7,229,No,Medium,No,5,No,5.2,Medium,13,5,35141,No,1
1857,43,Female,23.38,152,88,149.62,171,No,Medium,No,5,No,4.9,High,3,4,104668,No,1
1858,46,Female,38.23,117,116,170.16,222,Yes,Low,No,3,No,7.9,Low,11,4,251844,Yes,1
1859,38,Male,19.88,154,115,163.17,220,No,Medium,No,2,No,7.3,Medium,4,2,349330,Yes,1
1860,28,Female,39.18,133,55,224.58,261,No,High,No,4,Yes,9.1,High,14,1,455519,Yes,1
1861,57,Male,20.94,132,70,187.32,182,No,High,No,0,No,5.1,Medium,10,5,149480,Yes,1
1862,28,Male,33.8,126,122,103.98,318,Yes,Low,No,1,No,9.1,Medium,0,1,18594,No,1
1863,53,Female,29.12,155,123,81.34,147,Yes,High,Yes,4,No,7.5,Medium,1,4,440446,No,1
1864,66,Male,37.23,106,85,146.39,165,Yes,High,No,4,Yes,5.6,Medium,10,4,144298,Yes,1
1865,76,Male,29.3,129,52,72.81,147,Yes,Low,No,0,Yes,5.6,Medium,7,5,37212,No,1
1866,56,Female,28.83,127,127,127.29,121,Yes,Medium,No,4,Yes,6.3,High,0,5,267211,No,1
1867,57,Female,20.69,174,91,136.24,246,No,Low,Yes,4,No,6.8,Low,2,2,480324,No,1
1868,52,Male,19.99,150,94,137.61,136,Yes,Medium,Yes,4,Yes,4.5,Medium,1,2,50663,Yes,1
1869,71,Female,38.0,98,93,246.28,178,No,Medium,No,5,No,9.1,Low,9,3,316978,No,1
1870,51,Female,23.87,166,82,124.7,299,No,Low,No,5,No,4.7,Medium,4,0,280376,Yes,1
1871,72,Female,24.93,164,109,117.74,251,Yes,Low,No,2,No,6.9,Medium,11,2,343826,Yes,1
1872,64,Female,34.24,150,119,93.29,196,No,Medium,Yes,5,Yes,6.3,Low,3,0,171978,Yes,1
1873,41,Male,24.13,169,126,161.98,250,No,Medium,Yes,4,No,7.1,Medium,3,4,313146,Yes,1
1874,71,Male,38.85,105,75,97.66,234,No,Medium,No,1,No,9.3,Low,12,3,309435,Yes,1
1875,39,Male,33.71,91,70,180.93,284,Yes,Medium,No,5,Yes,9.9,Medium,3,3,139262,Yes,1
1876,22,Female,30.34,161,51,97.93,216,Yes,Low,No,2,No,4.1,Medium,10,3,366300,No,1
1877,73,Female,37.14,132,96,173.8,224,No,Medium,Yes,2,No,6.4,Low,3,1,348722,No,1
1878,50,Female,17.19,131,79,218.73,143,Yes,Low,No,3,Yes,8.9,Low,3,5,340033,No,1
1879,75,Female,22.17,166,76,77.65,319,No,High,No,4,No,6.0,Medium,5,5,165717,Yes,1
1880,53,Female,27.16,146,120,145.55,154,Yes,Medium,No,1,Yes,7.9,Medium,1,4,356301,No,1
1881,64,Female,21.45,170,69,152.99,121,No,Low,Yes,1,No,10.0,Low,12,1,360314,No,1
1882,37,Female,33.85,177,99,212.39,152,Yes,Low,No,3,No,7.9,High,12,1,95868,Yes,1
1883,36,Male,38.06,156,72,154.22,195,No,Low,No,1,Yes,4.7,Low,14,3,377636,No,1
1884,52,Male,26.17,119,62,172.16,205,Yes,Low,No,2,Yes,9.1,Medium,3,1,252454,No,1
1885,69,Female,24.21,102,53,212.42,257,No,Medium,No,0,Yes,9.8,Medium,13,4,266102,Yes,1
1886,60,Female,39.08,108,63,170.76,200,Yes,High,No,2,No,8.3,Low,6,4,112803,No,1
1887,34,Female,26.68,96,69,134.49,181,No,Medium,No,5,Yes,6.5,Low,6,1,150002,No,0
1888,79,Male,27.74,98,62,85.45,162,No,Medium,No,0,No,9.7,Medium,0,5,101177,No,0
1889,76,Male,24.44,172,52,201.38,316,No,Medium,No,1,Yes,9.8,Low,9,4,400811,No,1
1890,62,Female,37.83,143,127,226.8,240,Yes,Medium,No,4,Yes,9.6,Low,11,5,485603,No,1
1891,60,Female,29.65,175,96,244.61,178,No,Low,No,0,Yes,6.5,Medium,8,0,331546,No,1
1892,51,Male,34.29,171,52,236.79,128,Yes,Low,Yes,2,Yes,8.7,Medium,6,1,268362,No,1
1893,26,Male,35.48,150,50,213.54,196,No,High,Yes,2,Yes,7.9,Medium,10,3,223891,No,1
1894,43,Male,24.2,176,73,185.82,307,Yes,High,No,5,No,5.1,Medium,5,3,144747,No,1
1895,19,Male,26.41,91,84,210.66,182,No,Low,Yes,2,No,7.2,Medium,13,4,330591,No,1
1896,70,Female,36.36,139,63,147.78,171,Yes,Low,No,5,No,8.5,Medium,1,4,353747,Yes,1
1897,26,Male,24.72,164,116,177.06,142,Yes,High,No,2,Yes,9.4,Medium,5,3,422047,No,1
1898,26,Male,35.05,120,62,132.77,149,No,Medium,No,3,No,9.2,High,4,0,29384,Yes,1
1899,57,Female,38.58,122,96,128.81,290,No,High,No,1,No,4.9,Medium,8,3,198883,Yes,1
1900,34,Male,30.96,167,99,206.2,315,No,Low,No,4,No,6.9,Medium,11,1,307671,Yes,1
1901,18,Male,33.8,169,127,151.71,140,No,High,Yes,5,Yes,6.9,Low,0,3,99100,Yes,1
1902,42,Male,35.32,100,75,108.19,162,No,High,No,3,Yes,9.4,Low,4,2,344421,Yes,0
1903,78,Female,36.28,122,52,106.35,254,No,Low,No,1,No,4.0,Low,2,0,325609,No,1
1904,60,Male,25.48,96,100,224.65,135,Yes,Medium,No,5,No,8.4,Medium,8,0,21665,No,1
1905,57,Female,17.23,120,89,192.0,142,Yes,Low,No,0,No,7.7,Medium,11,3,177661,Yes,1
1906,59,Female,25.65,137,117,168.29,305,No,Medium,Yes,3,Yes,9.5,Low,0,2,433450,No,1
1907,42,Male,32.17,136,85,142.17,206,No,Medium,Yes,5,Yes,6.7,Medium,5,1,164966,No,1
1908,56,Male,26.81,167,100,147.55,150,No,Medium,No,3,No,7.9,Medium,2,3,462979,Yes,1
1909,52,Male,33.98,142,50,80.34,240,No,Medium,No,3,No,9.8,High,0,1,435159,Yes,1
1910,20,Male,24.57,169,82,151.88,188,No,Low,No,3,No,8.5,Medium,10,2,304833,Yes,1
1911,67,Female,31.23,108,56,213.18,253,No,Medium,No,0,Yes,4.4,High,14,3,310833,No,1
1912,54,Male,20.47,170,101,139.84,234,No,Medium,No,2,No,5.0,High,2,3,175396,Yes,1
1913,61,Male,33.98,179,60,139.04,312,Yes,High,Yes,3,Yes,8.9,High,14,1,332324,No,1
1914,61,Male,29.1,95,76,72.83,178,No,Low,No,1,Yes,6.0,Medium,1,3,295184,Yes,1
1915,68,Female,20.9,138,63,152.41,275,No,Medium,No,2,No,8.2,Medium,9,2,466688,Yes,1
1916,47,Male,23.01,162,129,74.56,265,No,Medium,No,0,No,8.2,Medium,11,3,30927,Yes,1
1917,55,Male,33.97,139,95,172.66,196,No,Medium,Yes,4,Yes,10.0,Medium,11,4,18514,Yes,1
1918,51,Female,27.58,170,125,161.22,257,No,Medium,Yes,0,No,6.8,Low,11,2,375945,No,1
1919,29,Female,21.18,101,59,221.2,126,Yes,Medium,No,4,No,8.4,Medium,7,0,61058,Yes,1
1920,36,Male,39.21,112,73,174.72,156,Yes,High,Yes,1,No,4.3,Low,2,1,311542,Yes,1
1921,54,Male,33.16,143,110,128.22,292,No,Low,No,4,Yes,6.8,Low,10,5,356377,Yes,1
1922,61,Male,38.97,158,67,162.92,205,No,High,No,5,Yes,5.1,Low,6,5,358092,No,1
1923,76,Male,26.25,148,58,195.95,135,No,Medium,Yes,3,No,9.0,Medium,9,2,404355,No,1
1924,76,Male,27.4,125,66,86.91,235,No,Medium,No,2,No,9.0,Low,5,5,319745,No,1
1925,66,Female,37.55,92,107,181.79,237,Yes,Medium,Yes,5,No,5.4,Medium,14,0,248128,No,1
1926,78,Female,28.6,147,62,234.99,133,No,High,No,2,Yes,5.9,High,6,0,66894,Yes,1
1927,34,Male,32.97,177,99,123.84,258,Yes,Medium,Yes,3,No,8.2,Medium,10,2,127262,Yes,1
1928,27,Male,22.05,144,55,182.79,206,No,High,No,2,No,8.4,High,6,0,84634,Yes,1
1929,74,Female,26.72,146,100,217.84,281,No,Low,No,0,No,7.9,Low,9,0,211866,Yes,1
1930,72,Male,18.96,106,85,162.13,307,No,Medium,Yes,3,No,10.0,High,0,5,155457,Yes,1
1931,66,Male,20.94,128,120,199.24,223,No,Medium,No,3,No,9.2,Low,3,4,109303,No,1
1932,64,Male,16.02,179,74,125.98,260,No,Medium,Yes,2,Yes,6.5,High,3,3,206682,No,1
1933,29,Male,16.94,157,60,125.09,286,No,Medium,No,5,No,6.0,Low,4,5,357688,Yes,1
1934,79,Male,39.45,144,93,190.17,163,No,Medium,No,4,No,7.6,Medium,13,5,485684,Yes,1
1935,33,Female,21.82,134,63,196.97,147,No,Medium,No,1,No,8.9,Low,9,4,287875,No,1
1936,41,Male,31.92,165,78,238.66,287,No,Medium,Yes,4,No,6.9,Medium,4,3,174959,No,1
1937,36,Male,36.14,90,123,110.47,135,No,Medium,Yes,0,Yes,8.4,Low,7,0,345763,Yes,0
1938,25,Male,29.22,110,99,154.28,169,No,Medium,No,3,No,4.1,Medium,3,3,197330,Yes,0
1939,48,Female,19.68,172,54,115.09,234,No,Medium,Yes,3,No,9.6,Medium,12,4,410041,No,1
1940,38,Female,33.47,110,121,84.42,275,No,Low,No,0,Yes,8.6,High,0,1,77586,No,1
1941,34,Female,30.41,141,118,142.58,187,No,High,Yes,1,No,6.4,Medium,14,1,92862,Yes,1
1942,40,Female,33.55,171,106,137.33,211,No,High,No,3,No,6.3,Medium,4,3,232976,Yes,1
1943,54,Male,34.47,132,75,118.68,240,No,Low,No,4,Yes,4.6,Low,0,1,343829,Yes,1
1944,71,Female,39.41,141,55,123.46,307,No,Low,No,0,Yes,8.9,Medium,11,2,48745,No,1
1945,33,Male,29.77,156,65,134.87,259,No,Low,No,3,Yes,8.6,Low,2,1,210020,Yes,1
1946,23,Male,24.2,133,109,247.99,135,No,High,No,4,Yes,7.8,High,14,3,359416,No,1
1947,25,Female,31.56,121,61,210.93,172,No,High,Yes,0,Yes,4.6,Low,7,0,249884,Yes,1
1948,42,Female,17.64,99,124,82.85,301,Yes,Low,No,0,No,5.6,Medium,9,4,91575,No,1
1949,35,Female,37.54,153,52,227.03,168,Yes,High,Yes,0,Yes,6.8,Medium,14,1,354241,No,1
1950,42,Female,18.87,168,112,183.99,283,No,Low,No,1,No,5.6,Medium,4,3,293964,Yes,1
1951,29,Female,23.87,158,113,230.31,181,No,Low,No,0,Yes,6.6,Medium,6,4,287336,Yes,1
1952,32,Male,35.58,157,111,131.51,203,No,High,Yes,5,No,5.4,Low,13,2,61968,Yes,1
1953,76,Female,30.34,117,55,153.61,273,No,High,No,2,Yes,6.1,Low,0,0,45642,No,1
1954,43,Female,25.45,142,68,231.32,175,No,High,Yes,2,No,7.9,High,5,5,125525,Yes,1
1955,58,Female,27.36,140,67,119.06,239,Yes,Medium,No,0,Yes,9.4,Medium,11,4,53145,No,1
1956,62,Male,36.51,142,129,234.79,209,No,Medium,No,3,Yes,6.3,Medium,13,5,382611,No,1
1957,43,Female,24.16,93,92,219.13,269,No,High,Yes,2,Yes,8.2,Medium,7,4,318558,Yes,1
1958,64,Male,36.87,168,122,246.5,239,No,Medium,No,4,No,4.8,Medium,5,3,438869,No,1
1959,49,Female,18.12,106,52,128.37,192,No,Low,No,4,Yes,7.2,Low,3,2,435715,No,1
1960,27,Female,34.64,156,121,112.44,188,No,Medium,No,3,No,9.5,Medium,10,1,55191,No,1
1961,33,Male,36.34,163,87,129.56,296,Yes,High,Yes,4,Yes,4.2,Medium,7,2,118316,Yes,1
1962,24,Female,20.36,136,117,241.84,217,Yes,High,No,5,Yes,5.6,Medium,14,0,364059,No,1
1963,34,Male,26.33,145,125,129.95,121,No,Medium,No,3,Yes,4.8,High,7,5,357019,Yes,1
1964,40,Male,19.97,112,93,171.74,172,No,Medium,Yes,4,No,7.2,Low,13,1,373014,No,0
1965,43,Male,32.96,107,129,142.66,238,No,Low,Yes,0,Yes,8.1,High,13,5,40048,Yes,1
1966,38,Female,28.85,90,112,141.32,126,No,Medium,No,4,Yes,4.3,Medium,5,2,347040,No,0
1967,39,Female,31.25,124,91,104.81,267,No,Medium,Yes,0,No,4.4,Low,7,0,362776,No,1
1968,75,Female,20.72,153,113,166.67,277,Yes,Low,No,4,Yes,9.2,Low,11,4,448756,Yes,1
1969,24,Male,21.08,147,103,222.89,194,Yes,High,No,4,No,6.7,Medium,5,4,364718,Yes,1
1970,31,Female,17.0,148,127,78.91,214,No,High,Yes,4,Yes,6.8,Medium,14,5,323458,Yes,1
1971,32,Male,23.73,90,126,230.06,314,No,Low,No,0,No,9.7,Low,3,5,74044,Yes,1
1972,70,Female,29.43,92,120,189.79,306,No,High,No,4,No,5.9,Medium,10,4,203726,No,1
1973,24,Male,36.59,156,125,181.01,313,Yes,Medium,No,4,Yes,9.4,Low,11,5,328271,No,1
1974,26,Male,32.01,126,86,182.66,122,Yes,Medium,No,5,Yes,9.8,Medium,5,4,312159,Yes,1
1975,68,Male,26.45,172,53,123.33,303,No,High,No,1,No,5.5,Low,14,5,317878,Yes,1
1976,65,Female,38.87,118,51,144.73,198,No,Low,No,0,No,7.1,High,8,1,150432,No,1
1977,25,Male,33.26,178,93,213.87,136,No,High,Yes,5,No,7.2,Low,7,5,237821,Yes,1
1978,67,Male,38.32,122,116,125.15,231,No,Medium,Yes,2,No,9.2,High,14,4,332200,No,1
1979,76,Male,28.66,150,117,154.6,171,No,High,Yes,3,Yes,5.8,Low,13,1,430173,Yes,1
1980,40,Male,22.21,179,125,73.53,126,No,Medium,No,1,No,8.8,Medium,6,1,495012,No,0
1981,46,Male,17.27,93,123,202.04,231,No,Low,No,5,No,9.8,Low,4,2,106122,Yes,1
1982,35,Male,33.43,103,111,145.19,252,No,Medium,Yes,5,No,9.0,Low,12,4,67502,Yes,1
1983,48,Female,18.91,122,50,164.56,173,No,Low,No,4,No,9.5,High,6,3,229515,Yes,1
1984,47,Female,23.27,111,66,90.64,180,No,Low,Yes,2,No,8.3,Medium,0,5,185900,No,0
1985,69,Male,28.78,137,65,248.51,228,No,Low,No,2,No,9.4,Low,7,4,310246,Yes,1
1986,56,Female,29.55,92,58,124.44,135,No,High,Yes,4,No,5.0,Low,4,3,407821,No,1
1987,52,Female,30.41,176,102,184.3,314,Yes,High,No,5,Yes,8.3,Low,6,4,76899,Yes,1
1988,35,Male,19.99,174,122,174.62,306,No,High,Yes,5,Yes,8.4,High,6,1,358161,Yes,1
1989,76,Male,25.11,112,108,211.32,166,Yes,High,Yes,4,Yes,6.6,High,7,4,174227,Yes,1
1990,59,Male,30.81,157,58,122.89,167,Yes,High,Yes,1,No,4.5,Medium,6,4,117109,Yes,1
1991,56,Female,39.28,110,61,206.07,240,Yes,Low,No,0,No,7.7,Medium,5,4,289277,Yes,1
1992,34,Male,33.46,132,90,138.85,183,Yes,High,No,1,Yes,4.3,High,11,4,444361,Yes,1
1993,31,Female,38.14,174,64,144.01,169,No,High,Yes,0,Yes,6.3,Medium,5,2,264458,No,1
1994,48,Male,34.29,115,115,191.09,160,No,Low,Yes,2,Yes,6.4,High,4,5,27720,No,1
1995,41,Female,30.2,130,124,211.17,319,No,Medium,No,3,Yes,10.0,Medium,4,2,426183,No,1
1996,52,Male,20.61,127,60,190.04,141,No,Medium,No,4,No,5.8,Low,3,1,446890,Yes,1
1997,61,Male,32.0,177,57,231.98,234,No,High,No,1,No,8.9,Medium,6,1,213791,Yes,1
1998,77,Female,30.96,100,104,121.33,301,No,Medium,No,2,No,4.3,Medium,12,3,408630,Yes,1
1999,62,Female,30.46,118,55,232.11,124,No,High,No,1,No,7.2,Medium,11,1,463863,Yes,1
2000,51,Female,27.75,149,102,93.56,264,No,Low,No,5,No,7.2,Low,10,2,8379,Yes,1
2001,20,Female,28.69,156,69,188.72,220,No,Low,No,0,No,7.8,Medium,13,1,254633,Yes,1
2002,54,Female,24.03,154,88,168.57,197,Yes,High,Yes,4,No,8.9,Medium,2,3,192731,Yes,1
2003,60,Female,28.46,150,121,159.03,160,No,Low,No,5,No,8.6,Medium,4,3,401367,Yes,1
2004,57,Male,20.74,108,83,125.96,211,No,Medium,Yes,0,No,8.6,Medium,14,2,242021,Yes,0
2005,43,Female,35.32,135,106,160.67,282,No,Medium,Yes,5,No,6.6,Medium,2,1,461814,Yes,1
2006,72,Male,20.46,138,68,99.12,287,No,High,Yes,0,Yes,8.4,Medium,7,5,59758,Yes,1
2007,40,Male,18.04,111,120,136.48,141,Yes,Low,Yes,0,No,6.9,High,14,3,252704,No,1
2008,61,Female,26.47,167,80,87.76,295,Yes,Low,Yes,5,Yes,4.4,Medium,4,1,449868,Yes,1
2009,56,Male,31.8,146,89,172.93,172,No,Medium,No,2,Yes,9.3,Medium,14,1,341284,Yes,1
2010,32,Female,26.51,103,63,87.24,212,No,Medium,No,4,Yes,9.3,Medium,10,5,73187,Yes,0
2011,73,Female,22.64,133,86,98.86,129,No,Medium,No,3,Yes,5.9,Medium,12,2,493383,Yes,1
2012,66,Male,29.4,105,93,85.38,265,No,High,Yes,1,No,9.5,High,9,2,283452,No,1
2013,21,Male,24.33,166,58,138.64,168,No,Medium,Yes,0,Yes,8.5,Medium,5,1,160833,Yes,0
2014,46,Female,38.39,101,107,221.55,190,No,High,No,4,No,6.4,Medium,0,4,80304,Yes,1
2015,39,Female,38.14,144,69,233.24,277,No,Low,No,1,Yes,6.0,Low,13,4,401374,No,1
2016,42,Male,28.06,140,99,82.94,138,Yes,Medium,No,4,No,9.9,Low,10,0,159847,Yes,1
2017,30,Male,23.87,128,69,184.22,174,Yes,High,No,5,No,8.3,Low,3,0,435061,No,1
2018,35,Male,33.69,122,85,193.19,307,No,Medium,No,1,Yes,6.3,Medium,8,0,496570,No,1
2019,50,Male,16.88,122,76,166.08,319,No,Low,Yes,4,No,7.9,Medium,14,2,413701,Yes,1
2020,33,Female,27.39,118,121,190.06,140,Yes,High,No,3,No,7.4,Low,14,1,120857,Yes,1
2021,62,Female,24.07,158,81,112.06,145,No,Medium,Yes,4,No,7.1,Medium,4,5,200624,No,1
2022,59,Female,38.09,159,50,158.14,147,No,High,Yes,4,No,7.9,Low,14,5,115946,No,1
2023,61,Female,16.29,120,66,140.36,286,No,Low,No,0,No,7.2,Low,0,3,389444,No,1
2024,79,Male,29.27,169,58,86.15,280,Yes,Medium,No,0,Yes,7.9,Medium,14,1,118002,Yes,1
2025,19,Male,33.78,120,94,182.6,159,No,High,No,0,No,9.4,Medium,3,1,101791,Yes,1
2026,72,Female,27.64,178,115,159.14,148,No,Medium,Yes,5,No,10.0,Medium,11,0,201398,No,1
2027,52,Female,18.05,135,81,119.53,139,No,Low,No,4,Yes,8.3,High,5,1,288931,Yes,1
2028,59,Female,39.34,166,94,155.26,139,No,Low,No,3,No,9.6,Medium,6,5,488363,Yes,1
2029,51,Female,28.43,141,58,209.55,193,No,Low,Yes,1,No,9.2,Low,6,0,226460,No,1
2030,47,Female,30.74,99,79,214.3,259,Yes,Medium,No,0,Yes,5.8,Low,7,1,240191,Yes,1
2031,76,Female,21.68,177,87,186.91,239,No,Medium,No,2,No,9.6,High,4,3,395468,No,1
2032,72,Female,27.6,163,109,154.19,216,No,Low,No,4,No,4.4,Medium,5,4,53793,No,1
2033,30,Female,26.3,130,50,173.63,239,No,Low,No,3,Yes,6.0,Medium,10,4,12153,Yes,1
2034,30,Female,17.8,166,54,139.3,144,No,Medium,No,3,No,7.8,High,10,2,175165,No,1
2035,35,Male,18.55,92,112,92.78,272,No,Medium,No,0,No,7.2,Low,1,3,60766,No,0
2036,49,Female,36.1,148,85,139.41,123,No,Medium,No,5,Yes,7.3,Medium,13,5,273075,Yes,1
2037,49,Male,21.76,141,114,165.46,123,No,Medium,No,0,No,8.8,Medium,11,1,32040,Yes,1
2038,52,Male,20.68,123,127,177.79,256,Yes,High,No,5,No,5.2,High,9,3,119329,Yes,1
2039,76,Female,28.12,138,122,238.44,262,No,Low,Yes,2,No,9.9,Medium,11,1,153344,No,1
2040,56,Female,34.45,117,73,209.92,145,Yes,Medium,No,2,Yes,6.6,High,1,3,397341,Yes,1
2041,63,Male,17.49,172,53,97.36,198,No,Medium,No,0,No,9.7,Medium,13,3,70939,Yes,1
2042,69,Male,29.84,176,127,101.35,209,Yes,Low,No,1,No,6.3,High,2,4,17801,Yes,1
2043,46,Female,18.86,102,117,88.09,190,No,Medium,No,0,No,7.6,Medium,3,3,373424,Yes,0
2044,79,Male,16.88,158,74,202.87,279,No,High,No,0,No,6.7,Low,5,2,458173,Yes,1
2045,66,Female,17.27,156,123,197.1,195,Yes,Low,No,3,Yes,8.1,Medium,5,1,32064,Yes,1
2046,46,Female,36.02,150,56,247.55,218,Yes,Low,No,0,Yes,5.1,Medium,2,0,8985,Yes,1
2047,79,Female,18.83,149,62,163.96,299,No,Medium,No,0,Yes,6.4,Medium,0,3,348940,Yes,1
2048,70,Male,17.08,160,117,218.75,246,No,Medium,No,0,No,4.4,Low,2,0,493693,No,1
2049,61,Male,26.51,113,92,173.76,151,No,Medium,Yes,1,No,7.6,Low,3,4,425831,No,1
2050,74,Female,36.26,152,106,227.34,128,No,Medium,Yes,3,No,9.8,Low,8,0,231349,Yes,1
2051,33,Male,22.3,175,85,199.78,197,No,High,No,4,No,4.3,High,9,2,326610,No,1
2052,73,Male,26.12,150,63,185.72,132,No,Low,No,4,Yes,8.0,Low,7,2,391196,Yes,1
2053,61,Male,16.96,112,121,171.72,303,Yes,Low,Yes,4,Yes,8.7,Medium,12,4,273693,Yes,1
2054,64,Male,26.78,119,76,200.13,243,No,Low,No,4,Yes,5.3,Medium,3,5,224138,Yes,1
2055,74,Male,29.86,149,86,145.54,291,Yes,Medium,Yes,3,No,5.6,High,6,2,337808,Yes,1
2056,27,Male,29.7,107,120,87.38,215,No,Medium,Yes,0,No,5.2,High,12,1,17801,Yes,0
2057,47,Male,23.98,145,125,77.2,202,No,High,Yes,4,No,5.8,High,12,5,381045,Yes,1
2058,42,Female,23.57,142,74,156.22,277,No,Medium,Yes,0,No,4.7,Medium,8,2,449955,Yes,1
2059,56,Male,18.56,96,116,177.87,263,No,Medium,Yes,4,No,6.2,High,1,5,234665,Yes,1
2060,37,Male,24.8,158,53,84.19,259,No,Low,No,1,Yes,6.2,Low,2,3,318524,Yes,1
2061,22,Male,18.39,161,128,121.64,313,No,Medium,Yes,0,No,8.8,Medium,0,2,53442,No,1
2062,18,Male,34.4,168,123,127.97,137,No,Low,No,3,Yes,8.8,High,7,5,277649,Yes,1
2063,47,Male,39.19,141,65,171.3,260,Yes,High,No,5,Yes,8.8,Medium,1,1,345050,No,1
2064,66,Male,39.28,93,68,120.13,212,No,Medium,Yes,1,No,7.4,High,6,4,326372,Yes,1
2065,20,Male,36.76,123,78,87.22,143,Yes,Low,Yes,5,No,6.0,Medium,6,2,475780,Yes,1
2066,62,Male,30.42,158,100,99.67,221,No,Medium,No,1,Yes,6.5,Medium,10,1,347273,No,1
2067,31,Female,32.82,122,67,101.31,259,No,Low,Yes,3,Yes,5.9,Medium,2,3,358839,No,1
2068,73,Male,22.84,158,107,221.69,179,No,Medium,No,1,Yes,7.5,Medium,1,0,68275,Yes,1
2069,47,Male,31.14,127,93,121.18,179,No,Low,No,0,Yes,9.6,Low,2,0,296765,Yes,1
2070,67,Male,26.94,115,65,198.64,219,Yes,Medium,No,2,No,5.7,Low,11,4,212046,Yes,1
2071,21,Male,27.57,90,114,172.21,120,No,Medium,No,2,No,6.8,High,7,4,190635,No,0
2072,35,Female,34.19,93,51,245.87,162,Yes,Medium,No,4,No,7.9,High,11,0,169487,Yes,1
2073,79,Female,22.77,128,105,119.11,174,Yes,Medium,No,4,Yes,9.1,Low,8,0,286682,No,1
2074,54,Female,23.63,143,128,98.51,287,No,Low,No,0,Yes,5.5,Medium,10,4,234641,No,1
2075,42,Female,38.19,179,77,79.37,311,Yes,Medium,No,3,Yes,5.7,Medium,7,0,336168,Yes,1
2076,65,Female,17.35,122,114,113.37,153,No,Medium,No,0,No,9.3,Medium,10,2,20332,No,0
2077,18,Female,27.66,122,54,193.13,153,No,Medium,Yes,4,No,4.5,Medium,1,5,474861,No,1
2078,70,Female,37.91,161,71,85.35,295,No,High,Yes,1,Yes,7.6,Medium,11,1,155234,Yes,1
2079,63,Female,30.65,109,62,114.05,280,Yes,Low,No,5,Yes,9.2,Medium,12,5,222948,Yes,1
2080,32,Female,29.11,105,114,223.96,315,No,Medium,No,0,Yes,9.5,High,8,4,291738,No,1
2081,26,Female,21.99,110,65,174.93,277,No,Medium,No,0,Yes,4.1,Medium,5,1,16793,Yes,1
2082,32,Female,24.24,134,113,82.51,229,No,Medium,Yes,3,Yes,6.2,Medium,11,3,287994,No,1
2083,66,Female,36.45,179,81,78.58,203,No,High,No,4,No,5.5,Medium,1,3,201274,Yes,1
2084,74,Female,29.42,176,129,81.0,209,No,Low,No,0,No,7.4,Medium,8,2,327582,Yes,1
2085,41,Female,28.35,171,100,239.54,198,Yes,High,No,1,Yes,7.8,Medium,4,3,28936,No,1
2086,21,Female,18.39,151,128,222.98,190,No,Low,No,5,Yes,10.0,Medium,14,4,379586,Yes,1
2087,29,Female,16.38,120,107,222.09,190,No,Medium,No,1,Yes,7.1,Medium,5,2,270971,Yes,0
2088,76,Male,39.13,131,95,236.36,233,No,Medium,No,2,Yes,7.3,Medium,0,5,493042,No,1
2089,75,Female,25.05,101,101,160.95,148,No,Low,No,4,No,6.5,Medium,11,2,431626,No,1
2090,54,Male,30.48,154,112,114.52,270,No,High,No,1,No,4.9,Medium,12,4,326033,Yes,1
2091,78,Female,17.91,162,125,142.24,281,No,Low,Yes,3,No,5.8,High,13,0,130306,No,1
2092,54,Female,32.39,92,109,199.4,262,No,High,No,5,No,5.5,Medium,1,1,313934,Yes,1
2093,60,Male,38.38,179,114,227.69,216,No,Medium,Yes,4,No,8.8,Medium,0,4,333496,No,1
2094,77,Female,29.82,98,104,148.32,172,Yes,Medium,No,1,Yes,7.3,Medium,3,0,65215,Yes,1
2095,23,Male,19.03,140,106,166.37,264,No,High,No,0,Yes,5.8,Low,1,0,195553,Yes,1
2096,56,Male,29.96,105,120,237.72,183,No,Medium,Yes,4,Yes,6.9,Low,12,3,236567,No,1
2097,73,Male,34.39,177,122,89.35,180,No,Low,No,1,No,5.3,Medium,0,5,158382,No,1
2098,63,Female,25.75,167,75,225.21,304,No,High,No,0,No,5.1,Low,2,2,171508,No,1
2099,41,Female,37.12,92,61,98.68,227,Yes,Low,Yes,2,No,9.2,Medium,3,2,63207,Yes,1
2100,28,Female,31.57,113,120,157.1,156,No,Medium,Yes,5,No,9.7,Low,3,3,328787,No,1
2101,79,Male,37.58,162,95,109.32,254,Yes,High,No,4,No,4.5,High,2,3,442803,Yes,1
2102,30,Male,30.96,102,96,178.53,127,No,Medium,No,4,No,8.6,Medium,1,2,82319,Yes,1
2103,51,Female,19.15,91,128,170.54,197,Yes,Low,No,1,No,6.7,Medium,11,4,78095,No,1
2104,42,Female,23.43,160,87,138.4,187,No,Low,No,2,No,6.3,Medium,7,4,123060,Yes,1
2105,24,Female,20.84,110,70,225.39,140,No,Low,No,3,Yes,8.1,Medium,9,4,47890,Yes,1
2106,69,Female,37.81,108,63,188.77,308,No,Medium,No,1,Yes,5.6,Low,12,4,100736,No,1
2107,21,Female,34.25,178,51,199.82,213,No,Low,Yes,1,Yes,4.1,Medium,10,3,143080,No,1
2108,76,Male,32.23,136,121,97.12,194,No,High,No,3,No,5.3,Low,1,1,326688,No,1
2109,25,Male,23.22,111,119,228.97,276,No,Medium,No,3,No,5.1,Low,4,1,243096,Yes,1
2110,37,Male,20.42,164,82,100.07,272,No,High,No,3,Yes,4.2,Low,6,2,435046,Yes,1
2111,46,Female,34.15,122,55,110.1,305,No,High,No,5,No,5.9,Low,8,1,115930,Yes,1
2112,71,Male,27.38,121,86,93.05,261,Yes,High,Yes,3,No,6.8,High,11,4,159348,Yes,1
2113,70,Male,21.42,153,63,149.26,197,No,Low,No,3,No,8.4,Medium,2,3,115079,Yes,1
2114,68,Male,30.8,174,86,229.79,185,No,Medium,Yes,0,No,6.0,Medium,0,4,453438,Yes,1
2115,62,Male,16.97,128,57,115.44,301,Yes,Medium,No,0,No,5.2,High,14,0,471254,Yes,1
2116,63,Male,23.83,173,126,137.28,314,Yes,Low,No,3,Yes,5.4,Low,8,3,391556,Yes,1
2117,27,Female,27.25,161,62,222.29,277,No,Medium,No,5,No,9.3,Medium,0,0,198591,No,1
2118,60,Male,19.55,131,89,181.21,265,No,High,Yes,5,Yes,5.2,High,7,0,259507,Yes,1
2119,51,Female,39.63,98,107,205.29,173,Yes,Low,No,2,No,9.3,High,1,2,320188,No,1
2120,74,Female,21.02,114,67,108.52,219,No,Low,No,5,Yes,6.7,Low,6,0,286328,Yes,1
2121,43,Female,19.13,178,106,198.97,140,No,Low,No,2,No,9.6,Medium,11,1,448298,Yes,1
2122,58,Female,20.88,91,87,110.97,172,Yes,High,No,3,No,6.4,Low,2,1,212398,Yes,0
2123,66,Female,34.46,108,81,247.72,202,No,High,No,5,No,5.1,Medium,5,0,288777,Yes,1
2124,75,Male,26.21,109,115,170.78,263,No,Low,No,0,No,7.3,Medium,5,2,173033,Yes,1
2125,20,Male,29.57,159,126,195.22,275,No,Medium,No,2,No,7.5,High,3,0,292512,No,1
2126,73,Female,16.5,106,74,91.31,123,No,High,No,0,Yes,7.8,Low,7,3,294189,Yes,0
2127,23,Female,16.83,178,107,115.12,174,No,Medium,No,1,No,6.5,Low,11,3,189259,No,1
2128,22,Female,26.7,157,124,95.15,134,Yes,Medium,Yes,0,Yes,4.3,Low,11,3,443351,No,1
2129,22,Male,35.6,173,82,140.23,183,No,Low,No,3,No,7.8,Low,4,3,337063,Yes,1
2130,71,Female,37.25,92,115,121.14,312,No,Medium,No,5,No,9.6,Low,6,0,376534,Yes,1
2131,64,Male,18.08,176,79,201.93,231,No,Medium,No,5,No,9.7,High,12,4,359025,No,1
2132,40,Female,28.92,140,83,89.57,263,No,High,No,4,No,7.6,Medium,4,4,328405,No,1
2133,66,Male,37.92,171,118,205.37,237,Yes,Low,No,3,No,4.1,Low,12,5,322608,No,1
2134,26,Female,25.31,115,97,78.23,139,No,Low,No,1,No,4.6,Medium,11,3,106454,No,1
2135,52,Male,35.91,145,89,106.36,183,Yes,Medium,Yes,5,No,9.0,High,3,5,394190,Yes,1
2136,37,Female,19.21,153,100,212.55,152,Yes,Medium,No,0,Yes,9.0,High,5,5,156814,Yes,1
2137,75,Male,38.45,97,129,203.7,200,No,High,Yes,2,No,9.7,Medium,2,2,159322,No,1
2138,66,Male,34.03,170,62,155.74,316,Yes,High,No,3,Yes,7.4,Low,5,2,400793,Yes,1
2139,78,Male,38.59,126,80,79.0,245,No,Low,Yes,5,No,9.2,High,5,0,468632,Yes,1
2140,76,Male,32.24,116,88,179.78,188,Yes,High,Yes,2,No,8.9,Medium,10,4,402521,No,1
2141,59,Male,24.72,134,112,143.21,305,No,Low,Yes,0,No,7.5,Medium,10,0,58202,Yes,1
2142,52,Male,38.52,93,97,126.98,286,No,Medium,No,5,No,8.7,High,5,1,97276,Yes,1
2143,67,Male,22.61,175,97,185.27,283,Yes,High,No,1,Yes,4.8,High,13,3,413167,No,1
2144,35,Female,23.97,179,110,148.59,213,Yes,Low,Yes,3,Yes,7.8,High,13,1,417748,Yes,1
2145,79,Female,32.82,177,61,86.64,187,No,Low,No,2,Yes,9.7,Low,10,1,345282,No,1
2146,34,Female,34.37,126,127,234.87,206,Yes,Medium,No,5,No,5.0,Medium,2,5,355218,No,1
2147,41,Female,38.31,160,105,210.13,140,Yes,Medium,No,3,Yes,8.5,High,12,2,307972,Yes,1
2148,20,Female,20.92,122,67,80.15,182,No,Medium,No,5,No,5.9,Medium,7,4,460730,Yes,1
2149,49,Male,35.15,120,76,164.51,204,No,Medium,No,3,No,8.9,Low,3,5,468878,No,1
2150,52,Male,33.73,144,77,85.01,253,No,High,Yes,2,No,8.2,Medium,10,5,23330,Yes,1
2151,55,Male,17.53,101,129,220.71,143,Yes,High,Yes,1,Yes,9.6,Low,1,3,149314,Yes,1
2152,30,Male,25.29,100,101,180.34,230,Yes,High,No,3,Yes,8.3,Medium,6,0,301484,No,1
2153,73,Male,22.79,177,65,101.04,300,No,Medium,Yes,1,No,6.5,High,10,3,361612,No,1
2154,78,Female,23.31,161,126,73.73,214,No,Low,No,1,No,4.1,Medium,7,0,65989,Yes,1
2155,64,Female,39.59,121,107,75.68,202,Yes,Low,Yes,0,No,8.8,Medium,10,0,280967,Yes,1
2156,42,Female,31.43,146,58,161.33,221,No,Medium,Yes,5,Yes,6.5,Medium,3,4,87119,No,1
2157,26,Female,33.22,127,75,202.19,197,Yes,High,Yes,2,No,8.0,High,5,1,384209,No,1
2158,21,Male,39.44,149,77,91.75,297,Yes,High,No,0,No,4.6,Medium,7,0,336748,Yes,1
2159,31,Male,25.05,175,126,109.83,243,No,Low,No,4,Yes,9.3,Medium,4,4,275425,No,1
2160,54,Male,35.24,108,85,128.91,259,Yes,Low,Yes,5,No,6.6,Medium,8,1,76734,Yes,1
2161,51,Female,26.43,173,58,109.25,303,No,Low,No,0,No,9.5,Medium,5,5,92951,Yes,1
2162,28,Male,36.87,145,96,140.44,239,Yes,Low,No,3,Yes,8.2,Medium,5,5,256100,Yes,1
2163,58,Female,20.34,103,127,170.73,134,No,Medium,No,3,Yes,4.7,Medium,11,1,46051,Yes,0
2164,73,Male,38.74,122,100,193.29,202,No,High,Yes,3,No,7.5,High,12,3,97215,No,1
2165,20,Male,21.25,99,125,243.48,287,No,Medium,Yes,4,No,9.5,Low,1,3,262767,Yes,1
2166,76,Female,23.83,169,106,237.55,288,Yes,Medium,No,1,Yes,8.8,Low,14,3,397370,No,1
2167,45,Male,34.15,153,81,172.62,316,No,Medium,No,3,Yes,6.5,Medium,6,2,62283,Yes,1
2168,46,Male,25.45,153,116,202.15,316,No,Low,No,5,No,9.7,Medium,8,1,64309,Yes,1
2169,26,Female,30.6,151,106,241.16,125,No,High,No,5,No,5.6,Medium,14,2,410564,Yes,1
2170,20,Male,26.67,157,103,85.02,186,No,Medium,Yes,0,No,6.3,High,4,3,330479,Yes,1
2171,42,Female,33.82,132,65,71.01,280,No,Low,No,1,Yes,8.5,Low,13,4,310268,Yes,1
2172,51,Male,21.48,169,111,75.36,290,No,Medium,No,0,Yes,5.4,Low,4,3,349653,Yes,1
2173,29,Male,17.4,148,105,171.4,241,No,Medium,No,0,No,7.1,Low,11,0,132211,No,1
2174,59,Male,23.2,141,72,207.31,268,No,Low,No,3,Yes,8.4,High,12,4,392104,No,1
2175,26,Male,27.38,108,66,136.07,203,No,Low,No,0,No,7.9,Low,10,4,352702,No,0
2176,32,Male,20.03,110,129,168.14,312,Yes,Medium,No,4,Yes,4.9,Medium,4,1,57466,No,1
2177,57,Male,24.52,111,87,162.95,230,No,Low,Yes,5,Yes,7.8,Medium,0,2,448153,No,1
2178,42,Male,25.6,98,121,87.06,264,No,Low,Yes,5,No,7.4,Medium,4,0,29459,Yes,1
2179,22,Male,17.38,98,79,127.89,255,No,Medium,No,5,No,7.3,Low,9,4,312220,No,1
2180,28,Female,30.0,162,107,73.5,183,No,Medium,No,1,No,9.0,Medium,7,2,15080,Yes,1
2181,76,Female,37.22,116,127,89.93,245,No,Medium,Yes,3,No,5.1,Medium,14,2,435029,No,1
2182,51,Male,19.64,106,71,216.13,147,No,High,Yes,3,No,8.5,High,2,0,287312,No,1
2183,41,Male,30.35,133,66,219.29,217,No,Medium,No,0,No,8.6,High,8,0,350241,Yes,1
2184,77,Female,31.95,134,64,214.35,260,No,Medium,No,0,Yes,8.3,Medium,8,3,235653,No,1
2185,32,Male,26.06,97,97,200.83,132,No,High,Yes,2,No,7.0,High,5,3,299036,Yes,1
2186,55,Male,32.83,169,81,212.8,285,No,Medium,No,2,Yes,6.4,Low,3,4,139037,Yes,1
2187,25,Female,25.86,107,126,190.78,272,Yes,Low,Yes,3,No,6.4,High,14,4,37438,Yes,1
2188,76,Male,28.11,122,89,190.57,309,Yes,Medium,No,3,No,8.4,Medium,3,4,406709,Yes,1
2189,22,Male,16.18,90,106,190.13,270,Yes,Medium,No,0,No,7.0,Medium,10,3,203952,No,1
2190,65,Female,32.6,165,107,162.53,205,Yes,Medium,Yes,4,No,6.0,Low,0,4,242034,Yes,1
2191,43,Male,31.87,95,65,135.4,140,No,High,No,4,Yes,7.8,Medium,13,4,181900,No,1
2192,35,Male,16.92,130,77,201.44,301,No,Medium,Yes,5,No,9.0,Low,9,3,370611,No,1
2193,23,Female,24.84,144,50,123.76,182,No,High,Yes,0,No,4.4,Medium,4,3,221207,Yes,0
2194,54,Male,39.5,94,90,167.72,277,No,Low,No,2,No,9.8,Low,4,4,426107,Yes,1
2195,77,Female,26.1,148,97,148.0,315,No,Medium,No,2,No,4.6,Medium,4,4,308099,Yes,1
2196,65,Male,28.05,169,80,119.79,230,No,High,No,4,Yes,7.1,Medium,11,2,378154,No,1
2197,30,Male,37.84,107,85,245.44,195,No,Low,Yes,3,No,7.4,Medium,0,1,264588,No,1
2198,45,Female,33.21,138,82,116.58,192,Yes,Low,No,0,No,4.8,Medium,0,3,414661,Yes,1
2199,22,Female,29.97,171,82,125.67,279,No,Medium,Yes,5,No,9.5,Low,9,1,300769,Yes,1
2200,30,Male,35.15,154,72,99.09,271,Yes,High,Yes,5,No,6.8,Low,11,3,226721,Yes,1
2201,34,Female,36.74,172,109,218.14,126,No,Low,No,3,Yes,4.9,Medium,1,5,350404,Yes,1
2202,67,Female,26.97,143,128,175.59,191,No,Medium,No,2,No,8.3,High,0,2,256314,No,1
2203,57,Male,27.4,150,79,180.35,248,No,Low,No,4,No,8.0,Medium,12,1,232140,No,1
2204,62,Male,25.27,97,94,217.7,250,Yes,Medium,No,3,No,9.8,Medium,14,2,247359,Yes,1
2205,49,Male,39.2,92,129,131.73,223,No,High,Yes,2,No,6.6,High,7,0,292537,No,1
2206,79,Female,32.73,114,88,104.85,147,No,Low,No,2,No,5.6,High,11,1,198916,Yes,1
2207,46,Female,18.0,158,94,105.71,162,Yes,Low,Yes,5,Yes,4.4,Medium,11,1,163755,Yes,1
2208,68,Female,36.71,144,127,201.87,216,Yes,Medium,Yes,2,No,8.4,Medium,3,5,26399,No,1
2209,75,Female,27.53,129,61,180.54,165,No,Medium,No,3,No,7.7,High,5,1,481110,Yes,1
2210,20,Male,17.65,172,81,107.14,120,Yes,Low,No,1,No,9.8,High,7,0,239013,Yes,1
2211,73,Female,29.19,171,105,96.11,285,No,Medium,No,4,No,8.3,Medium,13,0,418252,Yes,1
2212,57,Male,26.01,139,73,91.72,221,No,High,No,2,No,9.6,Medium,4,2,385135,Yes,0
2213,51,Female,37.07,122,62,183.0,154,No,Medium,No,3,No,9.9,Medium,5,0,481847,Yes,1
2214,57,Male,20.9,107,69,70.02,173,No,Medium,No,5,No,6.6,Medium,3,3,317085,No,1
2215,44,Male,35.84,146,128,73.3,143,No,Medium,No,0,No,4.9,High,5,4,293800,Yes,1
2216,30,Male,29.38,105,105,140.12,275,No,Medium,Yes,5,No,5.2,Medium,5,1,169420,Yes,1
2217,62,Female,17.31,169,102,194.44,141,No,Low,Yes,4,No,5.9,Low,2,2,424833,Yes,1
2218,50,Male,39.32,127,117,195.11,135,Yes,Medium,No,0,No,7.1,Low,3,2,177383,Yes,1
2219,23,Male,28.3,130,103,147.42,132,Yes,High,No,0,Yes,4.7,High,5,2,105606,Yes,1
2220,41,Female,22.98,96,83,194.39,219,No,Low,No,5,Yes,5.8,Medium,7,2,366521,No,1
2221,36,Male,27.27,167,77,163.8,219,No,Medium,No,3,Yes,5.8,Medium,12,1,113527,No,1
2222,33,Female,36.59,142,99,245.85,181,Yes,Low,Yes,5,No,4.0,Low,13,2,36766,Yes,1
2223,57,Female,23.32,152,51,99.24,290,No,Medium,Yes,1,No,6.1,Medium,13,1,78097,No,1
2224,45,Male,20.62,178,75,178.12,206,No,Medium,No,3,No,4.7,Low,6,2,231979,Yes,1
2225,50,Male,19.1,121,100,158.42,197,No,Medium,Yes,3,Yes,6.6,Medium,3,2,398073,Yes,1
2226,76,Female,23.15,127,96,105.0,279,No,Medium,No,4,Yes,5.2,Medium,13,4,115864,No,1
2227,76,Male,34.72,111,75,205.0,186,Yes,Low,Yes,3,No,8.9,Medium,2,3,495164,No,1
2228,65,Female,27.32,105,124,119.59,210,Yes,High,No,4,No,4.5,High,10,0,416482,Yes,1
2229,58,Female,21.46,141,123,138.71,304,No,Medium,No,2,No,9.2,Low,14,0,140417,Yes,1
2230,30,Female,19.99,118,110,137.47,312,Yes,Low,No,4,Yes,7.5,Low,7,0,415860,Yes,1
2231,60,Male,23.99,105,72,113.96,316,No,High,No,3,No,6.8,Low,5,3,339727,Yes,1
2232,62,Female,38.56,165,86,147.53,296,No,Low,No,2,No,7.3,Low,11,1,463983,Yes,1
2233,42,Male,24.23,106,90,155.2,152,No,Medium,No,2,No,6.3,Low,7,0,445747,No,0
2234,70,Male,39.71,153,101,203.96,234,No,Medium,No,1,Yes,4.8,Medium,8,0,210756,Yes,1
2235,59,Male,27.65,178,98,207.71,138,No,Medium,No,5,Yes,8.6,Medium,8,0,173569,Yes,1
2236,53,Male,20.3,102,76,98.54,283,No,Low,Yes,3,No,9.6,High,9,1,263289,Yes,1
2237,44,Female,37.39,161,55,176.7,317,No,Medium,No,0,No,9.7,Low,10,3,130061,No,1
2238,55,Male,27.05,145,123,231.32,243,No,Low,No,5,Yes,8.0,Medium,8,3,374734,Yes,1
2239,77,Female,33.03,94,115,89.58,262,No,Medium,No,3,No,6.5,High,9,5,312033,Yes,1
2240,24,Female,39.61,101,73,155.12,239,No,Medium,Yes,0,Yes,6.9,Low,0,5,418136,Yes,1
2241,22,Male,17.2,130,87,205.06,216,Yes,Medium,Yes,5,No,7.9,Medium,11,1,452487,No,1
2242,60,Female,18.32,92,77,180.07,143,Yes,High,No,1,Yes,8.9,Medium,13,4,120990,Yes,1
2243,62,Female,33.29,122,77,88.11,146,No,High,No,3,Yes,6.2,Medium,2,2,336994,Yes,1
2244,75,Male,22.76,175,115,141.39,296,No,Medium,No,5,No,9.5,Medium,8,1,226880,Yes,1
2245,74,Female,20.42,139,110,161.3,194,No,Medium,Yes,1,Yes,5.9,Medium,3,2,480442,Yes,1
2246,68,Female,16.94,145,95,249.25,142,No,Low,Yes,0,Yes,7.2,Medium,9,3,113519,Yes,1
2247,48,Female,16.52,98,118,102.15,280,No,High,Yes,4,No,9.8,Medium,11,2,455873,Yes,1
2248,40,Female,34.59,171,124,246.84,160,No,High,No,3,Yes,9.6,Low,1,5,270618,Yes,1
2249,59,Male,19.23,139,123,137.71,175,No,Low,Yes,2,No,8.2,High,0,0,249634,No,0
2250,27,Female,27.23,118,92,106.06,276,No,Medium,No,2,Yes,5.9,Medium,13,2,354912,Yes,1
2251,49,Female,30.54,128,108,144.54,278,No,High,Yes,1,No,5.3,Medium,4,5,291183,No,1
2252,60,Female,26.28,134,51,180.52,312,No,Low,No,4,No,4.5,High,13,2,19104,Yes,1
2253,70,Female,16.65,106,64,108.43,217,No,Medium,No,2,Yes,8.3,Medium,3,3,395548,No,1
2254,47,Male,34.8,145,86,122.46,265,No,Medium,No,2,No,7.0,Low,4,4,284930,No,1
2255,56,Female,16.25,135,120,223.82,125,No,Medium,No,3,No,7.4,Medium,10,2,222368,No,1
2256,48,Male,34.29,156,69,249.82,299,No,Low,No,2,Yes,6.8,High,4,3,51716,No,1
2257,35,Female,37.44,158,84,127.27,159,Yes,Low,No,0,No,6.9,Medium,7,0,135738,Yes,1
2258,53,Male,26.39,103,83,96.79,312,No,Low,No,1,No,7.4,High,5,2,180430,No,1
2259,19,Male,28.85,156,80,212.77,161,No,High,Yes,5,Yes,9.5,Low,2,2,390058,Yes,1
2260,31,Male,27.45,112,68,178.08,315,No,Medium,Yes,2,No,4.2,Low,14,0,318413,No,1
2261,30,Male,25.34,150,117,88.07,151,No,Medium,No,3,Yes,8.8,Medium,8,5,259311,Yes,1
2262,46,Male,37.3,112,73,240.42,129,No,Medium,No,5,No,6.3,Medium,7,5,420409,Yes,1
2263,29,Female,37.45,116,88,84.05,188,No,Low,No,0,Yes,8.5,Low,8,5,355094,No,1
2264,56,Female,24.06,143,103,182.56,128,No,High,No,5,No,9.7,High,3,1,21791,Yes,1
2265,19,Female,30.76,99,88,146.31,188,No,High,Yes,2,Yes,5.8,Low,12,4,469432,No,1
2266,49,Male,38.25,178,66,170.19,308,Yes,Medium,No,1,Yes,4.5,Low,7,0,124363,No,1
2267,30,Female,39.09,166,68,108.38,258,No,Medium,No,1,No,5.4,High,10,5,216462,Yes,1
2268,63,Male,28.22,105,97,193.86,218,No,Medium,No,1,Yes,5.3,Medium,2,0,345573,Yes,1
2269,44,Male,26.87,130,84,242.75,315,Yes,Medium,No,2,No,8.5,High,4,0,370951,Yes,1
2270,66,Female,22.69,144,81,152.52,193,No,Low,No,0,Yes,4.4,Low,13,1,273368,No,1
2271,58,Female,39.01,150,96,164.13,222,No,Medium,Yes,4,Yes,4.3,Low,6,0,373053,No,1
2272,34,Male,19.43,175,96,113.17,242,Yes,High,No,5,No,8.2,High,0,1,32685,No,1
2273,57,Male,29.92,170,113,230.54,221,No,Low,No,1,Yes,7.3,High,13,4,99045,No,1
2274,48,Female,22.78,176,95,244.81,127,No,Medium,No,0,No,6.5,Medium,0,1,23476,Yes,1
2275,51,Female,22.7,138,84,211.53,296,No,Low,No,3,No,7.5,Low,2,4,127214,Yes,1
2276,77,Female,25.72,162,66,167.7,271,No,Low,No,3,No,8.4,Medium,3,4,81598,Yes,1
2277,41,Female,39.97,141,91,242.22,280,No,Medium,No,0,Yes,4.6,Low,14,4,112474,Yes,1
2278,62,Male,17.32,91,78,97.69,138,No,Low,No,3,No,7.3,High,0,3,247483,Yes,1
2279,52,Female,29.89,139,119,156.13,121,No,High,No,3,No,8.9,Low,7,4,6484,Yes,0
2280,65,Female,17.98,175,66,166.77,174,No,Medium,Yes,1,Yes,6.2,High,1,1,359670,No,1
2281,23,Female,19.71,132,63,158.54,258,No,Low,No,2,No,8.6,Medium,10,3,24760,Yes,1
2282,36,Male,26.55,166,73,214.44,136,No,Medium,No,2,No,9.1,Medium,4,0,257132,Yes,1
2283,47,Male,28.25,97,106,190.67,289,No,High,Yes,2,Yes,8.9,High,12,0,11326,Yes,1
2284,24,Male,22.21,148,99,92.8,180,No,Low,No,2,No,7.9,Low,13,2,431450,No,1
2285,27,Male,23.59,154,106,132.36,250,No,Medium,No,0,No,8.3,High,5,4,206541,Yes,1
2286,58,Female,18.09,170,110,131.03,205,Yes,High,Yes,1,Yes,8.7,Low,10,2,478291,Yes,1
2287,49,Male,23.28,101,88,171.81,154,Yes,Low,No,0,Yes,8.4,Medium,5,4,431958,No,1
2288,51,Female,39.2,93,104,122.46,222,No,High,Yes,5,No,6.7,Medium,5,4,181750,Yes,1
2289,45,Female,38.67,166,85,91.11,185,No,Low,No,5,Yes,5.0,High,10,5,391946,Yes,1
2290,77,Female,24.04,130,86,187.66,120,Yes,Low,No,3,Yes,5.9,Low,0,1,337867,No,1
2291,32,Female,29.7,96,63,223.19,254,No,Medium,Yes,1,Yes,5.2,Medium,2,1,130477,Yes,1
2292,47,Male,37.83,176,76,237.69,267,Yes,Low,No,4,Yes,6.2,Medium,2,0,117325,Yes,1
2293,54,Male,16.15,177,80,245.06,290,Yes,Medium,Yes,2,No,6.9,Medium,7,3,192696,Yes,1
2294,46,Male,35.46,158,122,210.6,238,Yes,Medium,No,5,Yes,9.8,Low,5,0,466403,Yes,1
2295,39,Female,38.76,158,93,95.15,253,No,Low,No,5,Yes,9.8,Medium,1,4,481935,Yes,1
2296,21,Female,18.19,170,117,223.56,174,No,High,No,3,Yes,8.6,Low,12,5,134778,Yes,1
2297,37,Female,19.87,119,97,141.99,219,No,Medium,No,2,No,9.9,Medium,13,3,19963,No,0
2298,49,Female,39.06,162,106,201.38,140,No,Medium,No,2,No,10.0,High,0,2,481151,Yes,1
2299,53,Female,28.9,95,124,165.63,170,Yes,Medium,No,2,No,9.3,High,3,4,142310,Yes,1
2300,67,Male,16.34,178,71,219.15,293,No,Low,No,5,No,4.5,Medium,0,1,490076,Yes,1
2301,21,Female,22.18,108,53,146.59,282,Yes,Medium,No,4,Yes,6.6,Medium,4,0,131197,No,1
2302,44,Male,26.8,169,121,81.12,219,No,High,No,3,Yes,7.2,Low,11,0,194100,No,0
2303,34,Female,32.63,174,95,170.23,127,No,Low,No,2,No,4.7,Medium,10,2,446116,Yes,1
2304,29,Female,33.6,155,108,100.83,187,No,Medium,No,2,Yes,8.9,High,7,0,327638,Yes,1
2305,39,Male,39.89,99,83,243.79,226,Yes,Medium,No,1,Yes,4.9,Medium,9,0,244024,Yes,1
2306,34,Male,22.9,105,60,164.85,263,Yes,Medium,No,2,Yes,6.3,Medium,1,3,463007,Yes,1
2307,27,Female,28.92,126,80,169.64,186,No,High,Yes,1,No,4.4,High,7,4,184860,Yes,1
2308,71,Female,28.8,168,60,233.31,318,No,Low,Yes,3,No,7.1,Medium,12,3,308472,Yes,1
2309,18,Female,25.74,166,105,182.43,311,No,Low,Yes,3,No,7.6,Medium,7,3,453790,Yes,1
2310,39,Female,20.06,166,87,124.49,121,No,Low,Yes,3,No,8.4,Low,5,0,66790,Yes,1
2311,43,Male,39.46,121,70,123.3,120,No,Medium,Yes,1,No,6.0,Medium,7,4,264297,Yes,1
2312,73,Female,36.48,136,59,160.28,305,No,Low,Yes,5,No,7.5,Low,12,0,234275,Yes,1
2313,76,Male,27.96,161,75,225.99,120,No,High,Yes,5,Yes,8.4,Medium,1,5,469799,Yes,1
2314,35,Female,30.48,132,57,213.05,221,Yes,Medium,No,4,Yes,8.6,Medium,6,5,453917,No,1
2315,67,Male,21.45,171,57,243.29,234,No,Low,Yes,4,No,5.8,High,11,0,208197,No,1
2316,31,Male,29.05,125,109,82.94,254,No,Medium,Yes,5,Yes,4.4,Low,7,3,117962,No,1
2317,64,Female,32.68,115,121,118.3,207,No,Medium,No,5,Yes,4.2,Medium,3,5,478717,Yes,1
2318,46,Male,28.36,99,83,84.44,316,No,Low,No,2,Yes,8.6,Medium,13,1,256976,Yes,1
2319,29,Female,39.77,120,65,205.19,211,No,Low,Yes,3,Yes,6.3,Low,8,5,411021,No,1
2320,53,Male,30.67,118,62,95.35,137,No,Low,Yes,5,Yes,4.8,Medium,10,1,465096,Yes,1
2321,76,Female,24.9,94,125,87.98,207,No,Low,Yes,0,No,5.1,Low,5,3,353181,Yes,1
2322,52,Male,34.53,166,71,171.1,279,No,High,No,5,Yes,8.6,Low,11,3,259130,Yes,1
2323,69,Female,20.09,90,76,144.07,292,No,Medium,Yes,2,Yes,7.6,Low,2,0,425547,Yes,1
2324,78,Female,25.23,176,113,198.72,152,Yes,High,No,5,No,7.0,Medium,12,4,79860,No,1
2325,29,Male,24.33,92,51,157.66,192,No,High,No,4,No,7.7,High,3,5,471291,No,1
2326,24,Male,26.36,156,75,146.56,296,No,Low,No,4,No,4.8,Low,11,0,307776,No,1
2327,46,Male,34.76,160,118,146.59,280,No,High,No,3,No,5.9,High,3,0,383311,No,1
2328,28,Male,27.62,124,79,226.94,318,No,Low,Yes,1,Yes,6.2,Medium,0,2,231870,Yes,1
2329,50,Female,35.06,104,57,141.14,315,No,Low,No,2,No,5.9,Medium,13,0,354412,Yes,1
2330,23,Male,29.84,156,87,130.01,147,No,Medium,No,1,No,9.2,Medium,12,4,149297,Yes,1
2331,64,Female,24.21,119,110,130.94,206,Yes,Medium,No,4,No,7.5,High,9,0,188290,Yes,1
2332,32,Male,35.44,171,114,105.39,172,No,Medium,No,3,No,8.4,High,0,3,44859,Yes,1
2333,49,Female,21.72,164,116,224.92,163,No,Medium,Yes,4,No,5.4,High,0,4,457971,Yes,1
2334,68,Female,21.39,132,95,96.39,199,Yes,High,No,3,No,5.6,High,3,5,293640,Yes,1
2335,28,Female,28.11,149,121,233.55,302,No,Medium,No,5,No,5.4,Low,0,3,89392,No,1
2336,75,Female,22.26,129,92,121.02,257,Yes,Medium,Yes,0,No,8.1,High,13,2,5958,Yes,1
2337,40,Male,16.22,154,108,231.9,133,Yes,Medium,Yes,1,No,6.1,High,5,2,98399,Yes,1
2338,43,Male,31.56,118,95,212.35,222,No,Medium,Yes,2,No,6.4,Low,13,4,128951,Yes,1
2339,51,Female,28.27,163,121,174.76,155,No,Low,No,3,Yes,8.3,High,1,5,88408,No,1
2340,63,Male,26.69,108,84,190.5,153,No,High,Yes,5,No,9.8,Medium,0,1,353831,No,1
2341,51,Male,39.21,92,88,128.65,207,No,Medium,Yes,5,No,5.0,High,6,1,463673,Yes,1
2342,46,Female,29.71,125,100,173.36,265,No,Medium,No,0,Yes,4.4,High,5,4,154389,No,1
2343,21,Male,36.72,132,53,122.63,135,Yes,High,Yes,5,No,5.2,High,0,4,280728,Yes,1
2344,34,Male,19.35,104,129,142.41,284,Yes,High,No,5,No,8.4,High,11,3,174567,No,1
2345,52,Male,29.66,130,126,207.64,160,No,Low,No,0,No,5.2,Low,12,2,424808,Yes,1
2346,30,Female,36.83,179,100,113.91,144,No,Low,No,1,No,7.5,Low,13,4,305061,Yes,1
2347,58,Male,29.99,169,54,220.99,245,No,High,Yes,5,No,7.5,Low,9,0,354816,Yes,1
2348,56,Female,33.23,125,104,137.66,127,No,High,Yes,3,No,5.8,Low,11,3,61308,Yes,1
2349,32,Male,24.93,173,69,165.79,231,Yes,Medium,No,2,Yes,4.4,Medium,8,2,435958,No,1
2350,72,Male,18.22,166,73,239.55,213,No,Medium,No,2,Yes,6.4,Medium,5,3,94010,No,1
2351,46,Male,26.99,122,85,192.63,203,No,Medium,No,2,No,5.1,Medium,1,2,287465,Yes,1
2352,46,Female,25.47,94,83,186.21,265,No,Low,Yes,4,No,5.1,Medium,6,0,261987,Yes,1
2353,28,Female,36.81,167,103,198.09,187,Yes,High,No,4,No,7.1,High,2,2,434245,Yes,1
2354,69,Male,21.86,176,83,235.26,295,No,Medium,No,3,Yes,8.0,Medium,13,3,375942,Yes,1
2355,49,Female,39.2,103,66,114.73,317,Yes,High,No,5,Yes,4.5,Medium,14,2,126534,No,1
2356,19,Male,39.0,157,54,180.38,186,No,Medium,No,5,No,7.5,Low,6,3,116349,Yes,1
2357,64,Female,21.94,172,67,142.07,265,Yes,High,No,2,No,5.5,Low,13,4,102313,Yes,1
2358,31,Female,24.35,136,104,72.13,230,No,Medium,Yes,0,No,8.0,Medium,8,0,33858,No,0
2359,37,Male,37.49,143,102,92.55,137,No,High,Yes,5,No,8.9,Medium,4,3,46838,Yes,1
2360,39,Male,39.2,93,99,128.5,175,No,High,No,2,Yes,8.8,Medium,0,1,305480,Yes,0
2361,28,Male,26.64,172,121,171.7,270,No,Medium,Yes,3,Yes,6.2,Medium,4,1,331741,Yes,1
2362,44,Male,23.7,98,128,228.67,154,Yes,Medium,No,2,No,7.4,Medium,7,5,140840,Yes,1
2363,20,Female,28.63,142,94,212.4,253,No,Low,Yes,1,Yes,8.8,Low,7,5,116467,Yes,1
2364,34,Female,32.51,166,62,169.6,237,No,Medium,No,2,Yes,4.4,High,2,2,123901,Yes,1
2365,79,Female,22.56,167,65,83.3,145,No,High,Yes,5,Yes,7.6,Low,3,4,475638,No,1
2366,61,Male,33.68,149,62,121.46,180,No,Low,No,5,Yes,9.0,Medium,11,4,272321,No,1
2367,73,Male,17.24,135,69,136.01,207,No,High,No,0,Yes,6.2,High,7,1,429977,No,1
2368,45,Female,17.18,143,115,181.91,134,No,Medium,Yes,3,No,6.7,Low,7,2,78582,No,1
2369,46,Male,25.27,163,96,81.69,210,No,Low,Yes,3,No,8.2,Medium,6,4,186094,Yes,1
2370,38,Female,24.48,126,68,165.43,151,No,Low,No,0,Yes,4.4,Medium,5,4,167955,Yes,1
2371,64,Female,23.58,112,94,232.26,259,Yes,Medium,Yes,3,No,6.3,Medium,3,2,142673,No,1
2372,33,Female,27.78,116,86,196.98,252,Yes,Low,Yes,2,Yes,5.8,Low,9,3,79433,Yes,1
2373,54,Female,23.7,159,103,213.47,183,Yes,High,No,3,Yes,4.1,High,12,1,155145,Yes,1
2374,76,Female,20.61,179,55,192.7,318,Yes,Medium,No,2,No,5.2,Low,8,5,323405,Yes,1
2375,37,Male,23.43,155,63,107.19,205,No,Medium,Yes,3,No,6.4,Medium,1,4,179291,No,1
2376,23,Male,39.4,150,53,89.89,274,Yes,Low,No,5,No,5.2,Medium,1,3,271725,Yes,1
2377,36,Male,25.87,166,104,219.31,164,Yes,Medium,No,2,Yes,7.6,Low,0,3,389119,Yes,1
2378,74,Female,26.67,140,83,195.19,154,No,Medium,No,2,Yes,6.7,Medium,10,3,306946,Yes,1
2379,22,Female,29.84,139,76,173.51,145,No,Low,No,5,No,4.2,Low,14,3,129457,No,1
2380,20,Female,39.6,108,56,104.07,142,No,Medium,No,0,Yes,5.7,Medium,11,0,34698,Yes,1
2381,76,Female,21.8,90,52,178.6,260,No,High,No,0,No,4.1,Low,2,0,318263,Yes,1
2382,18,Male,32.35,129,96,75.64,250,Yes,Low,No,5,Yes,6.1,High,2,5,473196,No,1
2383,75,Male,33.18,121,51,91.39,148,Yes,Medium,No,4,No,5.6,Low,3,2,473196,No,1
2384,77,Female,30.58,111,129,126.14,313,No,High,Yes,0,No,8.1,High,2,1,65393,Yes,1
2385,55,Female,18.13,155,74,149.87,183,No,Low,No,2,No,5.8,High,9,2,10080,Yes,1
2386,32,Female,32.24,129,109,91.7,275,No,High,No,2,No,6.3,Medium,5,0,238814,Yes,1
2387,51,Male,17.54,127,128,91.59,283,No,Medium,No,3,Yes,8.4,Medium,8,2,69652,No,1
2388,78,Male,30.31,137,73,200.66,232,Yes,Low,Yes,3,Yes,6.9,Medium,7,2,73664,Yes,1
2389,52,Male,33.75,144,64,172.55,253,No,Low,No,4,No,7.3,High,5,3,125023,Yes,1
2390,66,Female,21.06,164,63,166.07,258,No,Low,Yes,2,Yes,9.0,Medium,7,4,67577,Yes,1
2391,42,Female,36.2,170,103,151.44,285,No,Low,No,4,Yes,5.2,High,7,0,158278,No,1
2392,41,Male,16.73,144,127,245.78,237,No,Low,No,2,Yes,9.9,Medium,9,0,428666,No,1
2393,29,Female,36.25,140,55,78.96,281,No,Medium,No,0,Yes,9.4,High,5,2,83117,Yes,1
2394,35,Male,27.05,149,127,102.51,186,No,Low,No,3,No,5.7,Medium,1,4,381634,Yes,1
2395,32,Female,21.22,97,67,186.55,227,No,Medium,No,5,No,9.4,High,4,2,127907,No,1
2396,61,Male,19.21,175,69,94.55,293,No,High,Yes,5,No,8.5,Low,3,1,49569,No,1
2397,33,Female,38.88,157,111,176.09,205,No,High,No,4,No,9.6,Medium,11,0,14811,No,1
2398,44,Male,17.74,164,129,172.2,148,No,Medium,Yes,1,No,8.1,Medium,5,3,229090,No,1
2399,25,Male,20.78,161,89,244.78,179,No,High,No,5,No,8.0,Medium,1,3,186568,Yes,1
2400,77,Male,24.35,98,88,229.01,173,No,Low,Yes,2,Yes,4.0,Medium,3,3,82641,Yes,1
2401,63,Male,30.89,179,101,240.2,212,No,Low,No,0,Yes,6.8,Medium,12,5,361041,No,1
2402,42,Male,29.08,91,81,90.45,188,Yes,Low,No,1,Yes,5.2,Low,7,5,91588,Yes,1
2403,34,Male,19.02,169,122,226.27,236,No,High,Yes,0,No,5.9,Medium,13,0,410176,Yes,1
2404,46,Female,22.95,159,76,93.24,128,No,High,No,0,No,9.9,Medium,0,0,393853,Yes,0
2405,70,Female,21.73,174,101,183.93,245,No,Medium,Yes,2,No,4.5,Medium,2,3,192904,No,1
2406,25,Female,21.13,179,112,199.61,196,No,Medium,Yes,0,Yes,8.3,High,14,0,358183,Yes,1
2407,32,Male,25.87,148,123,98.95,129,Yes,Medium,No,4,No,5.0,Low,3,3,23162,Yes,1
2408,44,Male,32.9,108,112,183.88,221,Yes,Low,No,1,No,4.0,Low,1,1,204711,No,1
2409,63,Female,21.22,117,66,79.44,315,No,Medium,No,0,Yes,7.0,Medium,11,1,436850,No,1
2410,67,Male,24.8,161,98,122.79,177,No,Medium,No,5,Yes,5.0,High,1,1,10530,No,1
2411,69,Male,25.38,103,72,235.81,232,Yes,Low,No,5,No,9.8,Medium,5,2,490772,Yes,1
2412,24,Male,39.43,113,121,100.91,299,Yes,Low,No,0,No,5.2,High,5,2,204696,Yes,1
2413,20,Male,38.91,133,62,81.75,281,No,High,No,3,Yes,5.2,Medium,2,4,389923,Yes,1
2414,46,Male,35.2,145,72,149.86,225,No,Medium,No,3,Yes,4.2,High,7,4,28128,No,1
2415,61,Female,21.8,179,106,223.11,154,No,Medium,No,4,Yes,6.0,Medium,11,4,337851,Yes,1
2416,70,Female,17.63,140,111,83.8,222,No,Medium,No,5,No,4.1,High,2,1,402681,No,1
2417,41,Female,23.61,121,103,134.0,222,No,High,No,3,No,7.0,Medium,1,1,357419,Yes,0
2418,77,Female,22.4,139,69,231.96,280,Yes,Medium,Yes,0,No,7.0,Medium,4,1,297142,Yes,1
2419,75,Female,28.14,130,101,91.27,319,Yes,Low,Yes,5,No,4.3,Low,12,0,240969,Yes,1
2420,20,Male,34.67,155,72,125.92,279,No,Medium,No,0,No,5.4,High,6,0,492327,No,1
2421,37,Male,36.6,114,84,210.12,302,No,Medium,Yes,1,No,9.0,Medium,0,1,486823,No,1
2422,63,Male,36.28,150,116,167.78,216,No,Low,Yes,5,Yes,6.8,High,1,3,294477,No,1
2423,32,Male,24.63,155,83,219.82,255,No,Medium,No,3,No,6.6,Low,1,4,229757,Yes,1
2424,42,Female,32.49,131,82,90.09,293,No,Medium,Yes,2,No,8.2,Low,7,2,333030,No,1
2425,47,Female,23.51,154,95,235.7,261,No,Medium,No,3,No,8.3,Medium,9,4,11522,No,1
2426,31,Female,17.46,125,94,238.28,255,Yes,Medium,No,0,No,8.6,Medium,5,3,444734,Yes,1
2427,24,Male,32.84,165,68,97.96,225,No,Medium,Yes,1,Yes,9.0,High,13,5,103504,No,1
2428,34,Female,16.24,98,64,76.1,190,Yes,High,Yes,3,No,5.4,Medium,12,0,356338,Yes,1
2429,79,Male,25.82,125,127,248.17,196,No,High,Yes,1,No,4.4,Low,12,1,302464,No,1
2430,61,Female,23.91,127,115,156.81,173,No,Medium,No,3,Yes,6.3,Medium,14,0,454523,No,1
2431,37,Female,32.64,122,88,172.97,140,No,Medium,No,4,No,9.1,Medium,14,0,209159,Yes,1
2432,53,Male,34.39,131,67,180.86,230,Yes,High,No,0,Yes,4.5,Medium,12,3,447191,Yes,1
2433,26,Male,23.3,150,119,212.14,194,Yes,High,No,0,Yes,7.5,High,3,0,115424,Yes,1
2434,55,Female,35.48,135,108,216.16,133,No,High,No,2,No,8.2,Low,3,0,381103,Yes,1
2435,65,Female,23.05,175,81,104.91,121,No,Low,No,0,No,6.9,High,4,4,432035,Yes,1
2436,74,Male,26.71,178,70,112.59,308,No,Low,Yes,2,Yes,5.5,Medium,2,4,492760,No,1
2437,77,Female,33.45,150,89,227.83,227,No,High,No,0,No,6.0,Low,11,5,62630,Yes,1
2438,39,Female,32.63,107,76,217.51,264,Yes,High,No,3,Yes,4.4,High,13,3,212478,Yes,1
2439,71,Male,39.7,159,51,181.17,197,No,Medium,Yes,3,Yes,5.8,Medium,3,1,61662,No,1
2440,70,Female,21.4,171,129,249.05,167,Yes,High,No,4,Yes,4.3,Medium,11,4,380449,Yes,1
2441,70,Male,31.9,169,88,202.33,210,Yes,High,Yes,3,Yes,8.4,Medium,3,5,113291,No,1
2442,19,Female,30.63,104,105,108.85,255,No,Medium,No,1,Yes,9.4,Low,6,0,401774,Yes,0
2443,41,Male,37.96,137,62,222.4,303,No,Medium,Yes,3,No,7.8,High,6,5,199154,No,1
2444,25,Female,19.75,161,105,144.65,136,No,Medium,Yes,2,No,7.9,Medium,0,5,462978,Yes,1
2445,28,Male,34.04,102,115,76.51,316,No,Medium,No,5,No,6.8,High,11,2,264434,No,1
2446,30,Female,29.64,132,127,127.86,131,No,High,No,4,No,4.9,Medium,2,4,340978,No,1
2447,34,Male,22.59,149,105,207.44,285,Yes,Medium,No,5,No,4.0,Low,14,5,449921,No,1
2448,25,Female,27.39,146,77,242.84,265,No,High,No,5,No,6.1,Medium,8,5,8513,Yes,1
2449,38,Female,24.01,160,113,119.7,145,No,High,No,1,No,8.5,High,5,2,407676,Yes,0
2450,35,Female,29.9,106,120,114.37,156,No,Low,No,1,No,9.8,High,5,1,453590,No,0
2451,47,Female,37.34,139,113,171.45,189,No,Low,Yes,0,No,6.6,Medium,3,0,423532,Yes,1
2452,35,Female,29.66,121,105,216.1,288,No,Medium,Yes,2,Yes,6.2,Low,9,4,471405,Yes,1
2453,63,Female,31.16,111,90,204.37,198,No,Low,No,5,Yes,6.7,Medium,8,1,201630,Yes,1
2454,64,Female,28.45,144,90,170.79,289,No,Medium,No,3,Yes,6.6,High,14,3,118860,Yes,1
2455,48,Female,17.23,146,53,183.65,209,No,Low,No,3,No,7.8,High,13,1,54512,Yes,1
2456,55,Female,21.59,102,106,113.58,160,Yes,Medium,No,0,No,8.4,Low,11,3,33669,Yes,0
2457,49,Male,27.81,136,79,147.86,294,No,Low,Yes,3,No,8.7,Low,2,3,370243,Yes,1
2458,28,Male,23.45,176,95,115.97,261,Yes,Low,No,1,Yes,7.9,Medium,7,4,366898,Yes,1
2459,62,Female,20.36,151,105,229.2,248,No,Low,No,3,No,6.6,Low,12,2,324704,Yes,1
2460,42,Male,28.1,143,80,90.26,136,Yes,High,No,5,No,9.7,High,5,3,36709,No,1
2461,50,Female,23.75,118,56,192.35,302,Yes,Medium,No,3,No,8.3,Medium,11,0,463486,No,1
2462,77,Female,22.19,111,126,116.85,172,No,High,No,1,No,6.6,High,1,4,354849,Yes,1
2463,55,Male,27.14,154,103,155.6,237,No,High,Yes,2,Yes,6.7,Low,2,5,237130,No,1
2464,58,Female,19.2,118,57,123.89,228,Yes,High,No,5,Yes,8.9,Medium,13,5,22011,No,1
2465,25,Female,38.27,137,104,128.18,278,No,Medium,Yes,2,Yes,6.6,Medium,0,3,24651,No,1
2466,28,Male,36.82,94,118,116.87,309,No,High,No,1,Yes,7.1,Medium,2,4,5566,No,1
2467,39,Male,32.98,124,93,205.5,255,Yes,Low,No,1,Yes,5.7,Medium,3,0,303670,Yes,1
2468,68,Female,18.55,163,62,135.83,277,No,Low,No,5,Yes,9.0,Medium,14,4,245058,No,1
2469,41,Male,34.62,172,69,200.74,196,Yes,High,No,4,No,7.1,High,13,4,269164,No,1
2470,58,Male,35.39,160,127,152.09,199,Yes,Low,No,4,Yes,7.3,Low,5,5,74066,Yes,1
2471,34,Female,34.43,135,81,168.5,313,No,High,Yes,3,No,9.3,High,9,3,286034,No,1
2472,29,Male,18.74,124,109,167.79,164,No,Medium,No,5,Yes,9.5,High,13,1,213355,Yes,1
2473,74,Male,31.45,134,99,245.65,137,No,Medium,No,5,Yes,8.9,Medium,6,4,343063,Yes,1
2474,63,Female,36.02,102,76,136.07,218,Yes,Low,No,3,Yes,4.4,Medium,2,3,48882,Yes,1
2475,49,Male,29.86,99,74,107.38,292,No,Medium,Yes,4,No,6.7,Low,13,5,30304,No,1
2476,32,Male,31.51,155,101,234.12,266,No,Medium,No,3,No,6.1,Medium,10,0,385160,No,1
2477,33,Female,27.0,159,117,101.47,187,Yes,Medium,No,2,No,5.3,Medium,12,0,314886,Yes,1
2478,71,Female,28.69,161,70,220.2,202,Yes,Medium,No,2,Yes,9.5,Medium,6,1,218465,Yes,1
2479,39,Female,16.83,114,67,97.04,169,Yes,Low,Yes,0,No,9.3,Medium,12,0,67124,Yes,1
2480,45,Male,31.34,133,88,188.57,144,No,Medium,No,4,No,6.8,High,3,3,169445,Yes,1
2481,37,Female,17.95,149,64,97.1,285,Yes,Medium,No,2,Yes,4.8,Medium,0,1,134925,No,1
2482,50,Female,26.44,136,102,236.16,240,No,Low,No,0,No,4.1,High,0,5,96354,No,1
2483,27,Male,23.02,129,87,171.7,283,Yes,Low,No,1,Yes,6.6,Medium,7,3,43451,No,1
2484,57,Female,29.09,96,97,129.27,187,Yes,Medium,No,5,Yes,4.2,High,9,5,57754,No,1
2485,49,Female,19.2,135,101,95.26,175,Yes,Medium,No,2,No,7.7,Medium,6,5,411885,No,1
2486,67,Female,32.6,112,121,136.81,158,No,Medium,No,0,No,7.7,Medium,3,1,209012,Yes,1
2487,77,Female,35.08,172,77,196.9,182,Yes,Low,No,3,No,9.4,Low,0,1,25754,Yes,1
2488,50,Male,19.92,135,65,139.29,247,No,Medium,No,5,Yes,5.1,Low,5,3,129779,Yes,1
2489,19,Female,18.5,175,65,114.3,254,No,Medium,No,0,Yes,6.2,Medium,10,1,107047,Yes,1
2490,50,Female,19.49,102,84,173.93,241,No,Medium,No,2,No,9.2,High,11,3,403063,No,1
2491,50,Male,37.05,110,66,145.21,305,No,Medium,No,3,Yes,6.8,Medium,10,0,86472,Yes,1
2492,58,Female,28.68,90,122,99.85,178,No,Medium,Yes,3,No,4.4,Low,9,0,244832,No,1
2493,30,Male,27.21,108,101,97.72,167,No,Low,Yes,0,No,4.7,Medium,6,4,305590,Yes,1
2494,47,Male,18.56,149,61,197.34,252,No,Medium,No,0,No,8.9,Medium,5,2,364820,No,1
2495,50,Male,31.59,122,97,245.44,155,Yes,Medium,No,2,Yes,8.5,Medium,11,2,65489,Yes,1
2496,30,Female,36.83,93,71,111.96,207,Yes,Medium,No,3,Yes,9.3,High,5,0,240473,Yes,1
2497,69,Male,35.88,92,98,209.17,144,No,High,No,4,No,4.7,Medium,7,4,120363,No,1
2498,43,Male,31.03,141,101,85.77,292,No,Medium,No,0,No,8.6,Medium,13,2,336733,No,1
2499,39,Male,17.81,117,128,138.68,138,No,Medium,Yes,4,Yes,7.9,Medium,14,3,464461,No,1
2500,56,Female,18.7,159,50,161.2,254,Yes,High,No,4,No,5.4,High,5,3,136994,No,1
2501,19,Female,17.18,159,115,118.37,305,No,Low,No,3,No,9.8,Medium,1,1,237775,Yes,1
2502,55,Female,22.18,144,113,165.32,185,No,High,Yes,2,No,7.4,Medium,6,2,103711,Yes,1
2503,56,Female,19.26,146,57,228.87,199,No,Low,No,4,No,9.4,Medium,12,5,317405,No,1
2504,43,Female,22.24,176,74,240.0,286,No,High,Yes,2,No,9.2,High,9,3,172432,Yes,1
2505,63,Female,25.24,105,115,88.1,244,No,Low,Yes,0,No,6.0,Low,13,2,411006,No,1
2506,75,Female,38.63,113,122,118.93,265,Yes,Medium,Yes,3,Yes,7.2,Low,12,1,490116,Yes,1
2507,67,Male,30.65,158,122,246.24,222,No,Medium,No,1,No,6.6,Low,3,0,150639,Yes,1
2508,32,Male,36.04,130,126,118.68,248,No,High,No,3,No,8.3,High,10,4,287487,Yes,1
2509,51,Male,33.05,166,119,194.69,310,No,Low,No,1,No,7.5,Low,10,5,191865,No,1
2510,59,Male,18.7,136,128,115.62,250,No,High,No,5,Yes,8.7,High,2,1,167214,No,1
2511,72,Female,33.66,165,100,134.15,246,No,Medium,Yes,0,No,4.1,Medium,7,1,268634,No,1
2512,61,Male,22.6,158,102,104.43,140,Yes,Low,Yes,2,Yes,8.1,Medium,9,1,216190,Yes,1
2513,66,Male,31.34,120,64,224.13,245,No,Medium,Yes,0,Yes,5.9,High,11,4,133369,Yes,1
2514,57,Male,24.18,119,99,228.88,243,No,Medium,No,3,Yes,5.3,Medium,11,3,65928,No,1
2515,28,Male,39.94,107,120,123.44,277,No,Medium,No,1,No,8.8,Medium,4,2,164498,Yes,1
2516,78,Female,22.33,133,124,218.25,130,No,High,No,5,No,4.5,Low,3,0,123888,Yes,1
2517,20,Female,22.7,116,87,134.48,141,No,High,Yes,1,No,5.4,Medium,10,0,88401,Yes,1
2518,76,Female,38.34,115,89,87.82,230,No,Medium,Yes,3,No,5.2,High,3,5,432264,Yes,1
2519,23,Male,16.59,149,115,206.45,244,Yes,High,No,3,No,6.5,High,4,4,183650,Yes,1
2520,26,Female,32.72,107,88,177.36,176,Yes,Low,No,0,No,5.9,Medium,11,0,231896,No,1
2521,23,Male,33.41,178,123,119.39,208,No,Low,No,4,Yes,8.3,High,3,5,365058,No,1
2522,26,Female,36.07,145,66,115.54,250,No,High,Yes,1,Yes,8.2,High,2,5,167795,Yes,1
2523,56,Female,39.39,120,56,245.61,277,No,High,No,3,No,6.0,High,3,4,283322,Yes,1
2524,48,Female,39.41,148,88,225.25,247,No,Low,No,0,Yes,6.6,Medium,9,4,133272,No,1
2525,49,Female,17.57,91,117,215.76,164,No,Medium,No,4,No,5.2,Medium,14,2,197358,Yes,1
2526,58,Female,35.72,128,84,93.04,155,No,High,Yes,2,Yes,8.0,High,12,2,42622,No,1
2527,67,Male,31.51,150,100,205.93,206,No,Low,Yes,3,No,6.4,Medium,12,4,46834,Yes,1
2528,29,Female,31.54,152,96,108.62,237,No,Low,No,4,No,4.8,High,4,2,144127,Yes,1
2529,25,Male,19.08,107,85,245.93,191,No,Medium,Yes,2,Yes,4.8,Low,11,3,397385,No,1
2530,25,Male,31.6,106,113,79.38,311,No,High,No,5,Yes,5.9,Low,1,1,422903,No,1
2531,67,Male,39.58,128,62,133.38,301,No,High,Yes,2,Yes,8.5,Medium,6,0,191390,Yes,1
2532,45,Male,37.88,160,67,147.16,187,No,High,Yes,0,No,4.2,Low,13,0,438064,Yes,1
2533,79,Male,26.54,143,70,218.36,297,Yes,Medium,No,1,Yes,5.5,High,13,0,176901,Yes,1
2534,37,Female,16.96,165,114,207.92,222,No,Medium,Yes,3,No,5.0,Low,4,0,109762,Yes,1
2535,79,Female,24.7,124,57,137.5,278,No,Low,Yes,4,No,9.7,Medium,8,3,78929,Yes,1
2536,64,Female,35.83,100,97,171.8,148,No,High,Yes,5,No,8.2,Low,13,3,86396,No,1
2537,76,Female,32.84,150,92,220.41,306,No,Medium,No,5,Yes,5.4,Low,5,1,263665,Yes,1
2538,24,Male,27.02,133,102,73.28,283,Yes,Medium,No,2,Yes,5.2,Low,10,4,179685,Yes,1
2539,28,Female,17.32,157,76,214.39,224,No,High,No,5,No,9.1,High,0,2,259946,No,1
2540,37,Female,26.25,114,68,240.44,192,No,Low,No,1,Yes,5.1,High,8,1,132000,Yes,1
2541,33,Male,27.26,137,72,75.77,238,No,High,No,2,No,10.0,Medium,4,0,484888,No,0
2542,21,Male,38.29,121,99,78.2,204,No,Medium,No,3,Yes,5.7,High,14,2,88451,No,1
2543,23,Female,31.39,173,100,132.01,314,No,Medium,No,3,No,4.5,High,14,1,145653,Yes,1
2544,75,Female,23.48,93,92,85.8,208,Yes,Low,No,5,No,8.1,Medium,8,0,86617,No,1
2545,39,Male,28.61,127,100,156.27,208,No,High,No,0,No,7.7,Medium,0,1,350681,Yes,0
2546,43,Female,17.59,152,118,201.17,195,No,High,No,3,No,10.0,Medium,13,0,50101,No,1
2547,20,Female,39.34,136,90,172.04,258,No,Low,No,3,Yes,8.8,Low,1,5,29940,No,1
2548,58,Female,24.64,90,121,105.36,235,No,Low,Yes,3,No,6.6,Low,2,0,73907,No,0
2549,77,Female,27.47,92,60,187.87,258,No,High,No,1,Yes,8.1,Medium,11,5,16016,Yes,1
2550,59,Male,24.53,175,129,193.27,273,No,Low,No,4,Yes,8.9,Low,4,3,421159,Yes,1
2551,31,Male,32.38,151,101,237.84,172,Yes,Medium,No,4,Yes,7.1,High,13,0,59617,Yes,1
2552,28,Male,31.89,153,72,96.42,261,No,Medium,No,5,No,5.6,High,5,1,88292,No,1
2553,35,Female,33.17,106,98,194.62,183,No,High,No,3,No,5.3,Low,4,2,474801,No,1
2554,71,Female,22.44,167,87,234.06,257,Yes,Medium,Yes,4,No,5.8,High,0,3,7237,Yes,1
2555,29,Female,23.58,151,96,160.28,150,Yes,Medium,No,5,No,9.1,High,3,5,368922,Yes,1
2556,40,Female,19.01,124,121,135.12,155,No,High,No,3,No,6.3,Medium,5,2,332407,No,0
2557,29,Female,31.73,102,56,100.73,129,No,Low,No,4,No,5.7,Medium,3,5,468196,Yes,1
2558,30,Male,16.96,124,115,226.02,145,Yes,Low,No,4,Yes,8.8,Low,3,4,287996,Yes,1
2559,42,Female,30.34,132,126,140.96,139,Yes,Low,Yes,5,Yes,4.2,Low,4,2,403974,Yes,1
2560,62,Female,36.87,91,111,236.48,244,Yes,High,Yes,2,Yes,7.6,Medium,7,4,442538,Yes,1
2561,68,Male,37.38,145,78,222.6,163,Yes,Medium,Yes,5,Yes,9.2,Medium,4,4,312147,No,1
2562,75,Female,26.78,166,87,137.8,181,No,Low,Yes,1,Yes,6.5,Low,6,3,90895,No,1
2563,36,Male,27.02,140,82,173.3,198,No,Medium,No,2,Yes,5.6,Medium,7,2,276320,Yes,1
2564,72,Male,17.85,143,78,74.89,128,No,Medium,Yes,2,No,7.0,High,5,5,34658,No,1
2565,63,Male,32.1,105,128,117.38,190,No,High,Yes,4,No,8.3,Medium,5,0,392182,Yes,1
2566,53,Male,35.71,107,72,197.85,209,No,Low,No,0,No,7.1,Medium,14,3,141746,No,1
2567,62,Male,21.87,96,52,192.02,143,No,Medium,No,0,No,4.0,High,14,3,416126,Yes,1
2568,25,Female,26.11,134,94,133.61,259,No,Medium,Yes,1,No,4.5,Medium,13,0,295092,No,1
2569,46,Male,36.13,125,57,215.55,179,No,Low,No,3,Yes,8.3,Low,1,2,454157,Yes,1
2570,72,Male,37.05,130,78,112.45,203,No,High,Yes,4,No,6.4,High,12,5,464788,Yes,1
2571,70,Female,21.84,131,51,153.03,239,No,Low,No,1,Yes,8.7,High,12,3,32749,No,1
2572,72,Female,29.21,96,99,155.06,197,No,Medium,No,2,Yes,7.9,Low,9,4,260941,Yes,1
2573,49,Male,20.62,104,114,131.35,135,Yes,High,No,4,Yes,7.5,Medium,4,0,97356,No,1
2574,68,Female,18.45,149,69,241.84,148,No,Medium,Yes,2,Yes,9.4,Medium,0,5,133390,Yes,1
2575,61,Female,37.87,129,101,195.4,279,No,Low,Yes,1,No,4.1,Low,8,1,293822,Yes,1
2576,35,Male,35.69,172,86,167.06,238,No,High,No,0,No,4.9,Low,6,3,465982,No,1
2577,23,Male,34.24,126,121,161.89,154,No,Low,Yes,1,Yes,7.7,Low,1,5,153498,Yes,1
2578,35,Female,17.17,155,76,98.67,162,No,Medium,No,5,Yes,4.4,High,5,4,312562,Yes,1
2579,36,Male,36.25,144,96,136.99,215,No,High,Yes,4,Yes,7.9,Low,9,2,438925,Yes,1
2580,39,Male,26.51,166,55,191.1,238,No,High,No,4,No,9.9,Medium,8,2,130400,Yes,1
2581,54,Female,24.22,169,109,236.42,172,No,Medium,No,3,Yes,9.3,Low,11,0,164752,Yes,1
2582,49,Male,29.12,145,94,216.96,139,Yes,Low,No,0,No,7.5,High,4,4,376347,Yes,1
2583,73,Male,18.19,133,93,124.07,234,No,High,No,4,Yes,9.4,High,2,0,142240,No,1
2584,58,Male,34.16,146,67,148.11,127,No,Low,Yes,0,No,4.7,Medium,10,3,497849,No,1
2585,76,Male,29.98,95,114,84.93,241,No,Low,No,4,Yes,6.7,Low,9,0,205263,No,1
2586,20,Male,20.48,121,74,88.39,161,No,High,No,0,No,6.6,Medium,10,1,239929,No,0
2587,45,Female,20.52,163,76,154.64,196,No,Medium,No,5,Yes,6.0,High,3,0,445292,Yes,1
2588,27,Female,20.42,107,56,165.44,189,No,Low,No,1,No,4.0,Medium,2,0,108845,Yes,0
2589,68,Male,17.37,157,93,117.52,230,No,Medium,No,0,Yes,9.3,Medium,0,3,107209,Yes,1
2590,52,Female,30.11,162,78,185.7,135,No,Low,No,2,No,8.7,Low,9,4,268224,Yes,1
2591,78,Male,36.17,96,93,196.61,188,No,Low,No,5,Yes,7.9,Low,13,5,82333,Yes,1
2592,46,Male,16.42,97,85,123.84,172,No,Low,No,1,No,4.8,Low,10,5,186047,No,1
2593,71,Male,17.18,153,68,206.52,292,No,High,No,4,Yes,6.3,High,12,1,385451,No,1
2594,32,Male,29.75,96,55,107.01,298,No,High,No,4,Yes,9.5,Medium,14,0,303162,No,1
2595,50,Male,35.67,130,74,167.97,125,No,Medium,No,3,Yes,7.7,Medium,6,3,203723,Yes,1
2596,24,Female,23.84,129,80,214.77,242,No,Low,No,5,No,7.6,High,7,3,352631,Yes,1
2597,29,Female,24.39,92,58,166.66,152,No,Medium,No,2,Yes,9.5,High,1,5,108424,No,0
2598,66,Male,30.31,106,123,233.43,134,No,Medium,Yes,5,Yes,7.4,Low,7,3,78775,No,1
2599,47,Female,22.58,155,86,80.53,133,Yes,Medium,Yes,3,Yes,7.6,Low,11,4,219432,No,1
2600,38,Male,16.64,168,76,175.9,286,No,High,Yes,5,No,6.1,High,8,0,279071,Yes,1
2601,48,Female,33.65,141,62,171.12,182,No,Medium,No,1,Yes,6.2,High,6,2,268088,No,1
2602,75,Male,31.02,111,90,188.86,124,No,Medium,No,3,No,8.1,Medium,10,5,57420,No,1
2603,78,Female,29.94,93,115,220.01,240,No,High,No,1,No,5.9,High,0,5,24503,Yes,1
2604,41,Male,33.8,95,73,200.65,209,No,Medium,No,3,No,7.4,Low,3,1,420672,Yes,1
2605,37,Male,32.21,127,93,212.25,226,No,Medium,No,0,Yes,5.7,Low,6,2,277319,No,1
2606,54,Female,20.94,115,109,121.99,299,No,Medium,Yes,1,No,5.0,Medium,5,4,161002,Yes,1
2607,21,Female,24.46,100,58,139.75,135,Yes,Low,No,1,Yes,6.7,High,10,5,139377,No,1
2608,45,Male,19.03,179,51,182.82,218,Yes,Medium,Yes,0,Yes,5.3,Medium,13,0,479097,Yes,1
2609,61,Female,19.12,106,105,169.62,285,No,Medium,No,0,Yes,9.4,Medium,7,2,132412,Yes,1
2610,79,Male,32.23,177,79,243.0,172,Yes,Low,No,2,No,5.8,Low,5,2,452163,Yes,1
2611,37,Female,36.61,120,71,103.63,196,No,Low,No,0,Yes,7.6,Medium,9,5,236293,Yes,1
2612,77,Female,39.11,166,124,133.23,212,No,High,No,3,Yes,5.6,High,5,2,306681,Yes,1
2613,41,Male,31.08,124,62,173.1,300,No,Medium,Yes,0,No,5.5,Low,9,1,115681,No,1
2614,67,Female,20.42,105,120,226.23,293,No,Low,No,0,Yes,6.1,Medium,5,0,38136,No,1
2615,66,Female,18.54,168,65,237.28,217,No,Low,Yes,1,No,9.5,High,6,3,425778,No,1
2616,68,Male,35.51,107,94,130.49,217,No,Medium,No,1,No,6.3,Medium,4,0,235568,Yes,1
2617,49,Female,29.89,151,114,82.08,262,No,Low,No,5,Yes,8.9,High,11,5,443169,Yes,1
2618,58,Male,30.84,116,60,145.89,178,Yes,Low,No,0,Yes,5.2,Medium,10,2,474946,Yes,1
2619,53,Male,34.76,124,119,140.98,297,No,High,No,2,Yes,4.3,Medium,8,0,342768,Yes,1
2620,75,Male,32.88,134,69,247.57,256,No,Medium,No,1,No,8.7,Low,6,3,225336,Yes,1
2621,70,Male,36.03,124,112,147.59,145,Yes,Medium,No,3,No,7.3,Medium,0,1,449915,No,1
2622,51,Male,17.35,117,61,125.03,122,No,Low,Yes,5,Yes,7.0,Medium,10,0,219545,Yes,0
2623,53,Female,33.94,98,111,135.77,219,No,Medium,No,3,No,5.6,Low,11,0,417410,Yes,1
2624,19,Male,36.42,165,91,141.45,166,No,Low,No,0,No,4.4,High,11,1,85312,Yes,1
2625,32,Male,22.87,104,118,217.88,124,Yes,Medium,No,0,No,6.9,Medium,13,1,245600,Yes,0
2626,51,Female,31.37,110,107,84.58,181,No,Low,No,2,No,9.2,Low,8,5,365559,No,1
2627,53,Female,23.54,141,54,126.97,203,No,Low,No,0,Yes,4.7,Low,10,2,90992,No,1
2628,23,Female,38.99,124,76,243.94,252,No,Medium,No,5,Yes,9.6,Low,5,2,219055,Yes,1
2629,56,Male,16.8,140,77,97.56,257,No,High,No,4,No,5.6,Medium,10,5,451565,No,1
2630,59,Male,29.92,172,75,203.67,199,No,Low,No,4,No,7.2,High,7,1,497912,Yes,1
2631,68,Male,20.0,144,98,134.15,182,Yes,Medium,No,0,Yes,4.4,Medium,8,3,88117,Yes,1
2632,68,Female,33.09,176,70,174.72,144,No,Medium,No,5,Yes,6.6,Low,10,2,66241,Yes,1
2633,75,Male,20.22,166,50,87.92,163,Yes,Medium,Yes,4,Yes,4.8,Low,10,3,234716,No,1
2634,71,Female,21.65,133,107,125.15,272,Yes,High,No,3,No,4.3,Medium,13,1,206623,Yes,1
2635,78,Male,27.86,154,128,160.16,277,Yes,Medium,Yes,5,No,9.8,Medium,1,0,133923,Yes,1
2636,29,Female,37.96,177,104,111.71,133,No,High,No,5,No,8.4,Low,1,5,40629,Yes,1
2637,20,Male,21.08,169,75,167.54,205,No,Low,Yes,0,Yes,8.3,Low,4,1,181323,Yes,1
2638,62,Male,19.46,114,74,109.56,290,Yes,High,No,3,Yes,4.5,Low,13,1,18895,No,1
2639,35,Male,34.22,176,126,187.02,275,No,Low,Yes,3,Yes,9.6,Medium,4,4,456765,No,1
2640,57,Female,28.01,136,82,232.78,138,Yes,Low,No,4,No,6.8,Medium,11,1,250488,No,1
2641,38,Female,37.88,169,121,85.39,221,No,Low,No,2,Yes,9.1,High,9,2,494248,No,1
2642,32,Male,19.52,145,118,108.99,289,No,Low,Yes,3,Yes,4.1,Medium,9,0,397514,No,1
2643,50,Male,31.5,127,55,222.0,139,No,Medium,No,4,Yes,5.8,Medium,1,3,362488,Yes,1
2644,52,Male,21.59,100,72,183.68,198,No,Medium,No,2,No,10.0,Low,9,4,326062,Yes,1
2645,43,Female,19.76,156,79,84.17,258,No,Medium,No,5,Yes,6.6,Low,3,5,148864,Yes,1
2646,25,Male,32.4,104,127,157.54,301,No,Low,No,4,No,9.3,Medium,8,2,330550,Yes,1
2647,53,Male,30.25,90,103,107.76,217,Yes,Medium,No,4,No,6.0,Low,3,0,20430,Yes,1
2648,65,Male,34.12,96,60,105.84,240,Yes,Medium,No,0,Yes,7.2,Medium,0,3,44130,No,1
2649,47,Male,23.43,90,80,239.32,271,No,Medium,No,5,Yes,9.1,Low,4,0,178572,Yes,1
2650,40,Female,26.75,138,55,207.08,317,No,Low,No,5,No,7.6,Low,1,2,395896,No,1
2651,59,Female,25.73,162,60,195.32,136,No,Low,No,1,No,8.4,Low,13,5,470060,Yes,1
2652,61,Male,39.62,118,126,113.01,275,Yes,Medium,Yes,2,No,5.4,High,5,5,74120,Yes,1
2653,31,Male,23.01,115,61,91.34,169,No,High,Yes,4,Yes,4.9,Medium,0,0,66397,Yes,0
2654,31,Female,23.08,176,115,226.75,302,Yes,Medium,No,3,No,5.4,Low,6,1,388356,Yes,1
2655,19,Female,24.51,134,102,71.06,129,Yes,Low,Yes,3,Yes,7.0,Low,6,0,59455,Yes,1
2656,72,Male,29.55,160,85,139.86,268,No,Low,No,1,No,8.8,Medium,14,1,56078,Yes,1
2657,54,Female,22.06,101,66,119.97,177,No,Low,Yes,2,No,6.1,Medium,3,5,36088,Yes,1
2658,22,Female,37.97,121,77,172.67,281,No,Medium,No,0,No,7.4,Low,8,2,205127,Yes,1
2659,55,Male,22.38,109,71,115.09,214,No,Medium,No,2,No,8.8,High,2,4,248719,No,1
2660,62,Female,37.5,140,56,126.02,226,No,Low,Yes,3,No,5.4,Medium,4,1,242163,Yes,1
2661,58,Female,18.48,170,64,223.01,290,Yes,Medium,Yes,3,Yes,9.3,Medium,4,5,407813,No,1
2662,79,Male,31.76,125,60,178.57,258,No,Medium,Yes,0,No,9.7,Medium,7,0,7013,Yes,1
2663,71,Male,37.77,156,73,96.22,152,No,Medium,No,0,No,4.2,High,9,5,234823,Yes,1
2664,77,Female,20.05,90,116,200.76,305,No,Low,No,3,Yes,4.4,Medium,9,0,88640,No,1
2665,78,Male,39.24,116,79,107.34,165,No,Medium,No,4,No,4.5,Low,3,0,98979,No,1
2666,64,Female,26.87,129,119,147.94,308,No,Medium,Yes,4,No,8.7,Medium,0,5,149537,No,1
2667,31,Male,38.7,173,115,186.39,309,No,High,No,0,No,5.1,Low,10,2,484229,Yes,1
2668,73,Female,32.24,103,110,118.95,248,Yes,High,Yes,5,Yes,8.4,High,4,3,201641,Yes,1
2669,56,Male,23.24,158,127,139.14,268,Yes,Low,No,4,Yes,6.6,Low,0,0,120184,No,1
2670,42,Female,20.52,176,90,202.15,181,No,Low,Yes,0,No,9.0,Medium,2,0,163559,Yes,1
2671,37,Female,23.29,168,100,238.82,311,No,Medium,No,2,Yes,8.9,Low,5,1,396189,No,1
2672,19,Female,18.23,95,93,165.26,206,No,Medium,No,2,No,9.8,Low,0,4,203011,Yes,0
2673,56,Male,19.45,122,62,71.79,192,No,High,Yes,2,No,5.5,Medium,9,5,8219,Yes,1
2674,23,Male,18.51,144,61,130.92,303,No,Medium,Yes,0,Yes,5.4,Medium,13,0,406293,Yes,1
2675,34,Female,26.15,108,58,141.75,120,No,High,No,0,No,4.2,Medium,13,2,400926,No,1
2676,76,Female,35.09,166,97,131.05,140,No,Medium,No,4,Yes,6.5,Low,12,3,424394,Yes,1
2677,42,Male,19.39,118,98,148.53,141,Yes,High,No,4,No,6.8,Medium,2,3,51994,No,0
2678,74,Male,19.13,150,102,183.88,301,No,Medium,Yes,4,Yes,9.8,Low,6,3,378325,Yes,1
2679,45,Male,31.44,159,105,91.8,123,No,Medium,Yes,1,No,9.0,Medium,1,2,496239,No,1
2680,19,Male,20.73,168,89,119.07,184,Yes,Medium,Yes,0,No,5.0,Medium,5,3,240046,Yes,1
2681,52,Male,18.34,169,73,161.38,298,No,High,Yes,5,Yes,8.8,Medium,6,5,149036,No,1
2682,54,Male,20.0,113,121,126.8,182,No,Low,Yes,2,No,5.1,Low,11,3,223210,Yes,1
2683,22,Female,38.17,112,82,248.4,262,No,High,Yes,2,No,4.5,High,11,1,295432,No,1
2684,18,Male,35.72,99,72,147.66,155,No,Medium,No,1,Yes,9.0,Medium,1,3,35714,Yes,0
2685,57,Female,24.5,143,126,226.56,148,Yes,Medium,No,1,No,9.9,Low,10,1,270746,Yes,1
2686,29,Male,31.74,130,103,231.37,299,No,High,No,2,No,4.5,Medium,10,1,355168,Yes,1
2687,73,Male,28.89,138,102,220.48,293,No,High,No,0,No,8.9,Low,4,1,271240,No,1
2688,53,Female,32.25,106,98,78.44,188,Yes,High,No,2,Yes,9.2,Medium,9,2,367782,Yes,1
2689,62,Female,32.38,145,127,240.59,276,No,Low,No,2,No,4.7,High,11,0,338796,Yes,1
2690,40,Male,31.09,134,127,93.17,230,Yes,High,No,5,No,5.7,High,9,4,217147,Yes,1
2691,64,Female,22.39,119,129,76.19,294,No,Medium,No,1,No,8.4,Medium,0,5,296754,Yes,1
2692,48,Female,16.94,133,98,144.59,272,No,Medium,No,1,Yes,8.8,Low,2,5,71815,No,1
2693,28,Female,26.93,163,109,105.03,263,No,High,No,4,No,6.1,Low,13,3,254005,Yes,1
2694,27,Female,37.38,144,114,103.16,219,No,Low,No,1,No,5.0,Medium,0,4,108253,Yes,1
2695,20,Male,29.67,108,81,121.81,160,No,Low,No,5,No,7.9,Medium,11,0,332729,Yes,0
2696,71,Female,35.98,118,128,114.71,312,Yes,Medium,No,5,No,8.2,Low,2,1,43419,Yes,1
2697,31,Male,39.8,91,70,193.26,316,No,Low,Yes,2,Yes,7.0,High,3,1,490992,Yes,1
2698,33,Male,19.93,125,67,103.62,267,Yes,Medium,No,5,No,4.9,Low,11,1,134213,Yes,1
2699,27,Male,32.6,108,109,167.76,316,Yes,Low,No,4,Yes,9.1,Medium,11,1,309878,Yes,1
2700,46,Male,32.18,96,62,247.56,283,No,Low,No,2,No,7.9,Low,4,3,126898,Yes,1
2701,27,Female,39.52,115,73,147.83,305,No,Medium,Yes,0,No,9.2,Medium,3,0,123276,No,1
2702,29,Female,39.65,168,79,185.54,167,No,Medium,Yes,0,Yes,9.6,Low,3,0,238422,Yes,1
2703,47,Male,32.48,127,51,244.49,249,Yes,Low,No,1,Yes,8.8,Low,8,0,265855,No,1
2704,58,Male,21.85,92,74,94.78,276,No,Low,No,4,Yes,9.8,Medium,8,4,218057,Yes,1
2705,18,Male,35.17,169,99,145.35,263,No,Medium,Yes,5,Yes,9.7,High,8,5,404755,No,1
2706,22,Male,18.57,155,63,223.03,282,Yes,High,No,3,No,7.7,Medium,10,1,288898,Yes,1
2707,37,Female,34.74,160,55,237.82,230,No,High,Yes,0,Yes,8.4,Low,4,2,271367,Yes,1
2708,25,Male,37.84,132,125,178.22,181,Yes,Low,No,5,No,8.2,High,10,5,163392,No,1
2709,60,Female,25.19,151,79,95.82,226,No,Medium,No,0,No,7.7,Low,12,0,316483,No,1
2710,29,Male,31.14,160,79,232.26,225,No,Low,Yes,0,No,4.1,Medium,4,4,141374,Yes,1
2711,18,Male,26.32,113,87,101.4,251,No,Medium,No,0,Yes,6.1,Medium,1,3,461262,Yes,0
2712,74,Male,26.51,128,107,133.52,232,Yes,High,Yes,1,No,4.6,Medium,5,1,378313,Yes,1
2713,71,Male,23.45,157,90,137.59,187,Yes,Medium,No,4,No,5.8,Low,1,4,361295,No,1
2714,37,Female,34.29,133,106,150.51,298,Yes,Medium,Yes,0,Yes,4.4,High,9,5,220880,No,1
2715,45,Female,38.47,94,85,212.23,208,Yes,Low,No,5,Yes,9.5,Medium,12,2,288385,Yes,1
2716,74,Female,38.58,144,113,214.39,280,Yes,High,Yes,5,No,6.7,High,4,2,300578,No,1
2717,60,Male,20.19,119,65,199.54,197,No,Medium,No,1,No,5.1,Medium,10,3,192803,Yes,1
2718,54,Male,36.99,118,127,73.98,271,Yes,Medium,No,4,Yes,7.5,High,12,0,309036,No,1
2719,64,Female,33.7,115,121,171.67,194,No,Medium,Yes,4,No,5.2,Medium,14,0,297942,Yes,1
2720,54,Female,22.07,172,63,204.55,144,No,Low,Yes,3,No,8.8,Low,11,4,141210,Yes,1
2721,29,Male,17.61,115,80,150.03,275,Yes,High,Yes,2,No,5.8,Medium,11,5,381285,Yes,1
2722,54,Male,22.43,126,115,240.09,126,No,Low,Yes,0,Yes,5.9,High,4,4,260922,No,1
2723,66,Female,37.89,142,117,218.29,232,Yes,Medium,No,1,Yes,9.2,High,3,5,107156,No,1
2724,66,Male,31.2,119,114,184.87,155,No,Medium,No,4,Yes,7.4,Medium,4,0,205748,No,1
2725,73,Male,33.31,92,104,81.24,129,No,Low,Yes,3,Yes,9.3,Medium,6,0,184973,Yes,1
2726,61,Female,22.17,132,127,187.42,232,Yes,Low,No,2,No,6.5,High,9,4,280677,Yes,1
2727,73,Male,33.27,96,89,234.08,155,No,Medium,No,4,No,6.1,High,12,1,113672,Yes,1
2728,45,Female,16.67,138,74,138.3,137,Yes,Medium,No,4,No,7.0,Low,1,5,431601,No,1
2729,64,Male,25.01,162,74,220.86,253,No,Low,Yes,0,No,4.4,Medium,14,5,378498,No,1
2730,32,Female,31.04,130,52,126.37,254,No,Low,Yes,2,Yes,4.9,Medium,0,2,477696,Yes,1
2731,23,Male,19.51,166,118,172.62,221,Yes,High,No,2,Yes,5.3,Low,3,2,364653,No,1
2732,61,Female,35.75,168,75,186.72,259,No,High,Yes,1,No,8.9,High,6,3,317088,No,1
2733,76,Female,21.64,143,89,192.04,288,No,High,Yes,3,No,8.4,Medium,0,2,63594,Yes,1
2734,78,Female,31.65,158,87,228.86,310,Yes,Medium,Yes,5,No,5.2,Medium,3,5,213793,Yes,1
2735,37,Female,25.72,116,87,112.23,144,Yes,Medium,Yes,1,No,5.7,High,14,4,466196,Yes,1
2736,67,Male,30.31,97,117,117.23,300,No,Low,No,3,No,9.7,Low,14,1,146586,No,1
2737,31,Male,18.58,121,56,196.73,152,No,Low,No,1,No,4.5,High,13,4,418833,No,1
2738,19,Female,16.41,173,79,101.89,206,No,High,Yes,3,No,7.3,Medium,5,0,137422,No,0
2739,26,Male,37.83,153,68,153.57,192,No,High,No,5,No,7.1,High,5,5,360086,No,1
2740,54,Male,22.47,99,84,73.61,125,Yes,High,No,0,No,8.4,Medium,0,0,314462,Yes,0
2741,37,Male,35.67,102,82,95.38,309,No,Medium,No,3,No,5.6,Low,6,5,89195,No,1
2742,43,Male,39.98,152,82,192.19,313,No,High,No,5,Yes,9.6,Medium,13,2,355314,No,1
2743,46,Male,21.07,124,127,204.54,256,No,High,No,1,Yes,6.5,Medium,4,1,449574,No,1
2744,18,Female,22.36,150,87,90.76,186,No,Medium,No,2,No,5.7,Medium,5,5,236293,Yes,1
2745,72,Female,31.91,143,59,110.99,263,No,Low,No,4,Yes,6.0,Medium,0,3,264207,No,1
2746,52,Female,39.17,97,106,87.8,212,Yes,Medium,Yes,5,No,6.1,Medium,6,4,459394,No,1
2747,23,Female,37.98,118,77,148.01,227,Yes,Low,No,5,No,5.2,Medium,3,3,80805,No,1
2748,54,Male,28.07,130,127,92.7,302,No,High,No,5,No,9.6,Medium,2,3,325609,No,1
2749,70,Male,35.08,119,87,148.71,287,No,Medium,No,3,Yes,5.0,High,11,3,267752,Yes,1
2750,76,Female,19.26,175,65,201.78,145,No,Medium,Yes,3,No,9.3,Medium,10,3,489096,No,1
2751,22,Male,39.46,110,70,193.01,157,No,Medium,Yes,2,No,6.4,High,12,4,120471,Yes,1
2752,50,Male,39.14,165,55,120.48,282,No,Medium,No,0,No,5.6,Low,14,0,474873,Yes,1
2753,66,Female,19.93,100,90,191.28,315,No,Low,No,1,Yes,5.2,High,3,4,446866,No,1
2754,68,Male,23.19,91,64,236.99,306,No,High,No,0,No,7.0,Medium,8,0,438050,Yes,1
2755,31,Female,18.4,139,52,132.55,261,No,Low,Yes,3,No,8.0,Medium,4,0,236765,Yes,1
2756,29,Female,22.52,130,92,129.24,294,No,High,No,3,Yes,9.4,Medium,11,4,398383,No,1
2757,59,Male,35.58,155,96,172.86,222,No,High,Yes,5,Yes,7.9,Medium,4,4,446554,Yes,1
2758,37,Male,25.08,92,63,114.19,318,No,Low,No,5,No,6.9,Low,7,4,124467,No,1
2759,70,Female,18.12,169,115,187.28,319,No,High,No,0,Yes,4.2,Low,14,5,135885,Yes,1
2760,67,Female,24.21,140,78,219.81,161,No,Medium,Yes,1,Yes,9.5,Low,6,0,175615,Yes,1
2761,41,Male,39.55,157,53,152.68,298,Yes,Medium,Yes,3,Yes,9.4,Medium,2,4,139328,Yes,1
2762,76,Female,31.11,176,75,192.31,266,No,Medium,Yes,3,No,6.3,Low,12,1,400695,No,1
2763,60,Female,25.99,173,61,187.34,185,Yes,Medium,No,0,No,4.2,Low,14,2,356655,Yes,1
2764,79,Female,20.0,114,51,76.96,294,No,Low,No,4,Yes,8.4,Low,0,2,197550,No,1
2765,51,Male,39.67,119,66,103.01,312,Yes,High,No,5,No,8.8,Low,11,1,309083,No,1
2766,42,Female,35.7,171,84,230.84,161,No,Medium,Yes,2,No,7.3,High,10,2,425226,No,1
2767,67,Male,22.76,100,59,239.0,157,No,Low,No,3,Yes,6.4,Medium,12,0,262974,Yes,1
2768,46,Female,17.68,106,92,210.48,260,Yes,Medium,Yes,1,Yes,9.1,High,1,4,106120,Yes,1
2769,74,Male,17.36,115,70,235.82,225,Yes,Medium,Yes,4,Yes,5.2,Medium,2,4,276126,No,1
2770,56,Female,18.89,112,64,125.11,291,No,Medium,Yes,0,No,6.6,High,10,5,378477,Yes,1
2771,48,Male,29.94,145,84,114.59,271,No,Low,No,0,No,4.1,Medium,0,4,317770,Yes,1
2772,73,Male,38.29,141,109,139.17,215,Yes,Medium,Yes,1,No,5.0,Medium,0,1,324421,Yes,1
2773,64,Male,27.92,137,93,79.96,277,Yes,Low,No,5,No,9.6,Medium,7,1,245754,No,1
2774,60,Female,36.23,109,54,215.78,189,No,Medium,Yes,5,Yes,7.5,Medium,12,0,107305,Yes,1
2775,67,Female,26.7,91,122,247.15,157,No,High,No,4,Yes,8.8,Medium,7,1,81176,Yes,1
2776,40,Female,33.01,177,67,218.33,216,Yes,Low,No,1,Yes,6.9,High,1,5,241847,No,1
2777,61,Male,33.56,120,70,169.9,227,No,Low,Yes,3,Yes,9.0,High,7,4,377314,No,1
2778,55,Female,20.18,116,121,123.15,238,No,High,Yes,4,Yes,7.2,Medium,10,5,393404,Yes,1
2779,37,Male,24.67,91,123,105.59,270,Yes,Low,No,2,No,4.0,High,12,0,471492,Yes,1
2780,40,Female,31.3,167,100,135.53,193,No,Low,Yes,2,Yes,9.4,High,13,0,30702,Yes,1
2781,79,Male,17.7,93,90,190.05,176,Yes,Medium,Yes,1,No,4.9,Medium,1,4,457310,Yes,1
2782,62,Male,24.68,102,73,150.47,229,Yes,High,No,2,No,6.7,High,12,3,66541,Yes,1
2783,69,Male,28.84,124,73,238.13,198,Yes,High,Yes,1,Yes,6.9,Low,10,4,109330,Yes,1
2784,33,Female,39.91,161,87,223.76,270,No,High,No,3,No,4.3,Low,4,0,157206,Yes,1
2785,67,Female,27.39,155,93,88.43,155,No,Medium,Yes,5,No,4.3,Low,0,3,278497,Yes,1
2786,59,Female,35.59,95,106,93.67,176,No,High,Yes,3,No,8.6,High,8,4,475133,Yes,1
2787,77,Male,26.37,120,108,191.72,248,Yes,Low,No,1,No,5.8,Low,3,4,372754,No,1
2788,72,Male,35.11,99,83,111.54,319,Yes,Medium,Yes,3,No,6.5,Low,9,3,413454,Yes,1
2789,25,Female,30.29,110,124,212.39,122,No,Medium,No,2,No,7.4,Low,13,3,329910,Yes,1
2790,67,Female,37.28,163,72,176.44,133,Yes,Low,No,3,Yes,6.2,Medium,10,2,112247,Yes,1
2791,38,Female,25.86,112,92,111.37,153,No,Medium,Yes,2,No,8.7,Medium,1,5,313740,Yes,0
2792,18,Male,30.5,92,89,156.16,189,No,Medium,No,5,No,9.3,Low,0,3,219224,No,1
2793,72,Male,31.12,121,96,143.09,188,No,Medium,No,5,No,4.4,Medium,5,1,412638,No,1
2794,25,Male,26.02,109,90,227.17,298,Yes,Medium,No,2,Yes,7.8,Low,10,3,374498,Yes,1
2795,46,Male,19.46,163,96,75.79,223,No,Medium,Yes,0,No,5.9,Low,7,0,255174,No,1
2796,49,Male,18.25,118,69,231.25,148,Yes,Medium,No,3,No,7.5,High,3,3,385692,No,1
2797,55,Female,16.4,141,126,187.37,167,No,Low,Yes,3,Yes,6.9,High,0,4,427854,Yes,1
2798,22,Male,36.96,135,114,202.76,213,No,Medium,Yes,1,No,6.0,Medium,0,1,184062,Yes,1
2799,64,Male,21.68,123,117,70.47,198,No,Low,No,1,Yes,4.6,Medium,5,3,75264,No,1
2800,39,Male,21.08,173,73,183.08,236,No,Low,Yes,4,Yes,7.4,High,1,1,331900,No,1
2801,64,Male,33.66,150,85,175.93,263,No,High,Yes,2,Yes,4.7,Medium,14,5,197357,Yes,1
2802,51,Male,23.68,161,94,166.7,304,Yes,Low,No,5,Yes,4.9,Medium,4,2,329697,Yes,1
2803,18,Female,28.15,160,51,211.46,257,Yes,Low,No,5,Yes,9.9,Medium,14,1,291173,No,1
2804,72,Male,19.9,159,77,170.06,266,No,Low,Yes,0,No,5.9,Low,1,4,187923,Yes,1
2805,72,Male,39.03,100,75,224.28,186,No,High,Yes,2,No,7.5,Medium,8,2,241655,No,1
2806,43,Male,36.44,171,72,111.87,283,No,Low,No,3,Yes,5.6,Medium,1,3,455442,Yes,1
2807,60,Female,36.73,178,128,215.08,251,No,Medium,No,4,No,9.2,Medium,4,5,255805,Yes,1
2808,27,Female,25.76,152,85,102.28,194,No,Low,No,2,Yes,5.7,Low,3,5,23384,Yes,1
2809,47,Female,34.3,110,55,216.36,280,No,High,No,4,No,6.2,High,10,5,428305,No,1
2810,67,Male,19.45,92,84,239.28,147,No,High,Yes,2,Yes,7.7,Low,0,1,92926,Yes,1
2811,35,Female,16.21,171,87,130.42,240,Yes,Medium,Yes,3,Yes,9.2,Medium,9,2,169079,No,1
2812,34,Male,16.48,177,84,165.38,128,No,High,Yes,3,No,8.9,Medium,8,3,225431,Yes,1
2813,43,Male,30.08,99,123,188.5,253,No,Medium,No,2,No,5.6,Medium,2,5,465942,Yes,1
2814,25,Female,26.93,116,102,84.3,242,No,High,Yes,5,No,9.0,Low,9,5,249665,Yes,1
2815,64,Male,28.43,101,87,158.93,168,No,High,No,5,No,8.2,Medium,7,5,68182,No,1
2816,57,Male,16.18,96,108,134.91,210,No,Low,No,0,No,9.9,Low,3,5,173531,No,0
2817,66,Male,26.14,106,92,227.04,244,No,Medium,Yes,3,Yes,9.6,Medium,10,3,201483,Yes,1
2818,29,Female,33.23,154,53,227.8,195,No,High,No,1,No,7.2,Medium,12,1,7015,Yes,1
2819,44,Male,26.62,153,54,196.14,269,No,Medium,Yes,0,No,8.5,High,12,5,223362,No,1
2820,25,Male,33.57,115,117,188.03,223,No,High,No,2,Yes,7.4,High,8,5,349226,Yes,1
2821,42,Female,21.59,104,94,202.06,295,Yes,Medium,No,0,Yes,7.6,High,4,1,58901,Yes,1
2822,63,Male,35.52,122,129,135.88,268,Yes,Medium,No,1,Yes,4.6,High,1,2,242917,Yes,1
2823,21,Male,30.12,151,74,142.81,152,No,Medium,No,3,Yes,4.0,Low,7,1,136102,No,1
2824,50,Female,21.06,136,127,169.67,303,No,High,No,3,No,4.3,High,12,3,142673,No,1
2825,18,Male,21.68,124,60,238.85,276,Yes,Medium,No,5,No,9.8,Low,3,4,422605,Yes,1
2826,36,Male,31.07,154,78,200.32,172,Yes,Low,No,3,No,4.8,Medium,13,2,441314,Yes,1
2827,48,Male,35.92,161,83,169.18,159,No,Medium,Yes,5,No,4.3,Low,1,4,482311,No,1
2828,33,Male,25.98,165,63,208.67,137,No,High,No,1,Yes,5.9,High,5,5,188050,Yes,1
2829,31,Male,22.2,172,73,136.76,294,No,Medium,No,0,Yes,7.5,Medium,0,4,123307,Yes,1
2830,70,Female,36.81,114,108,201.48,132,No,Low,No,2,No,9.7,Medium,7,3,91985,Yes,1
2831,65,Female,32.06,146,88,143.92,274,No,Low,No,2,No,8.2,High,8,4,22231,Yes,1
2832,22,Female,26.75,121,75,120.34,309,No,High,No,0,No,5.7,Medium,6,0,317087,No,0
2833,58,Female,27.71,152,92,179.75,193,No,Low,No,3,No,9.6,Medium,12,2,422492,Yes,1
2834,43,Male,20.9,101,85,193.64,215,No,Medium,Yes,5,No,4.2,Low,12,3,120196,Yes,1
2835,79,Male,31.04,152,88,152.67,224,No,Low,No,2,No,9.9,High,8,1,388911,Yes,1
2836,45,Male,24.61,166,110,171.79,292,Yes,Low,No,3,No,4.4,High,1,3,362096,No,1
2837,19,Male,39.9,90,65,194.93,250,Yes,Medium,Yes,4,No,8.5,High,10,1,181867,No,1
2838,67,Male,27.52,140,108,208.19,269,No,Low,No,4,Yes,4.3,Low,0,3,461560,Yes,1
2839,23,Female,27.66,159,55,231.2,274,No,High,No,2,No,9.6,Low,6,0,471729,No,1
2840,26,Female,29.58,97,105,133.82,302,No,Medium,Yes,0,Yes,4.7,Medium,3,2,265086,Yes,1
2841,50,Male,38.0,157,57,241.27,186,No,Medium,Yes,0,No,4.3,Medium,9,5,238708,No,1
2842,58,Male,35.22,94,76,184.71,152,No,Medium,No,0,Yes,9.3,Medium,7,5,19294,Yes,1
2843,42,Male,26.83,178,120,211.79,121,Yes,High,Yes,3,No,4.6,Medium,2,4,67996,Yes,1
2844,65,Female,33.25,175,76,195.96,194,Yes,Medium,No,4,No,8.8,High,6,3,389607,Yes,1
2845,30,Male,30.07,128,95,107.0,293,No,Low,No,3,Yes,8.5,High,6,2,145276,Yes,1
2846,26,Male,27.82,112,90,82.86,193,No,Low,No,1,No,7.6,Low,10,2,483160,No,0
2847,70,Male,20.62,157,128,200.73,280,No,Medium,Yes,1,Yes,6.3,Low,14,2,106374,No,1
2848,30,Female,27.13,141,74,161.99,305,No,High,No,2,Yes,9.5,Low,9,2,350138,No,1
2849,48,Male,21.9,93,67,196.4,254,No,Medium,No,1,No,9.2,Medium,8,2,158424,Yes,1
2850,58,Female,37.96,136,61,155.83,262,Yes,Low,Yes,0,Yes,6.6,Medium,10,4,264894,No,1
2851,28,Female,24.05,110,100,126.2,145,No,Medium,No,2,No,5.4,Medium,3,5,120156,Yes,0
2852,21,Female,38.85,145,88,121.3,258,No,Medium,No,4,Yes,5.6,High,13,4,187139,No,1
2853,51,Female,28.79,155,59,201.5,247,No,Medium,Yes,5,No,5.3,Medium,9,3,222475,No,1
2854,78,Female,31.16,148,123,119.82,285,No,Low,No,4,No,7.2,Medium,12,5,421829,Yes,1
2855,55,Female,29.03,96,126,198.64,146,No,Low,No,1,No,9.2,Medium,13,5,477406,No,1
2856,63,Male,19.11,138,103,139.11,254,Yes,Low,Yes,1,No,8.6,Medium,0,1,421920,Yes,1
2857,21,Male,25.02,105,78,208.76,248,No,Low,Yes,4,Yes,8.8,Medium,6,3,349799,Yes,1
2858,55,Male,18.38,106,90,95.71,140,No,High,No,1,No,6.7,High,9,2,13133,No,0
2859,36,Female,30.95,173,58,106.9,198,No,Low,Yes,1,No,5.9,Medium,11,1,232368,Yes,1
2860,23,Male,26.72,176,112,193.46,277,No,Medium,Yes,3,Yes,8.5,High,13,5,199021,Yes,1
2861,51,Female,34.67,164,126,170.84,213,No,Medium,Yes,5,No,8.8,Medium,5,3,193393,Yes,1
2862,35,Female,21.29,123,86,106.7,127,No,Medium,No,5,No,8.2,Low,10,1,452416,Yes,0
2863,30,Female,19.95,122,63,232.51,202,Yes,High,Yes,4,No,4.2,High,0,5,348717,Yes,1
2864,58,Male,25.75,115,122,119.67,122,Yes,Medium,No,4,Yes,7.5,Medium,8,4,223813,No,1
2865,40,Female,38.24,155,121,145.79,174,No,High,No,1,Yes,6.1,Medium,9,2,310960,Yes,1
2866,36,Female,33.05,152,88,106.41,262,No,Low,No,0,Yes,5.2,Medium,7,1,485812,No,1
2867,62,Male,26.05,176,89,139.84,155,Yes,Low,No,3,Yes,8.2,Medium,9,0,217687,No,1
2868,28,Male,28.41,130,103,158.5,125,Yes,Low,No,0,Yes,5.6,Medium,3,2,288005,Yes,1
2869,18,Female,18.02,175,52,123.14,240,No,Low,No,1,No,9.5,High,14,4,152551,No,1
2870,41,Female,39.63,147,104,208.44,161,No,Medium,No,4,No,5.8,High,14,4,341783,Yes,1
2871,79,Male,31.99,168,82,140.91,169,Yes,High,No,0,No,7.3,Medium,4,3,165530,Yes,1
2872,71,Male,22.85,99,120,201.31,231,No,Low,No,5,No,9.0,High,7,5,238764,Yes,1
2873,24,Male,30.06,104,68,107.27,265,No,High,No,2,Yes,6.4,High,1,0,344178,Yes,0
2874,42,Female,18.63,131,83,137.87,169,No,Medium,No,0,Yes,9.0,Medium,5,1,419036,No,0
2875,38,Male,39.18,146,127,71.45,149,Yes,Medium,No,4,No,8.3,Medium,9,3,210518,Yes,1
2876,32,Male,20.19,176,99,206.55,158,No,Low,Yes,5,No,9.5,Low,1,4,180036,No,1
2877,18,Male,31.55,106,96,182.66,235,No,Low,No,1,No,6.0,Medium,14,1,191905,No,1
2878,29,Female,21.89,149,95,217.21,259,Yes,High,Yes,0,No,4.6,Low,11,4,456933,Yes,1
2879,75,Male,33.22,98,105,152.01,178,No,Low,No,1,Yes,6.6,Low,10,4,159471,No,1
2880,24,Male,34.64,125,106,213.95,195,Yes,High,No,3,No,8.7,High,7,0,421974,No,1
2881,32,Male,32.16,162,100,186.56,291,No,Medium,Yes,2,No,6.7,Medium,4,2,386887,No,1
2882,38,Male,30.75,169,103,70.65,251,No,High,Yes,4,Yes,5.6,High,11,1,274802,Yes,1
2883,36,Male,37.42,125,77,115.66,283,Yes,Medium,Yes,4,No,4.2,Medium,9,0,233492,Yes,1
2884,77,Female,17.89,137,68,158.9,167,Yes,Low,Yes,1,Yes,5.9,Medium,2,5,257762,Yes,1
2885,46,Female,23.94,140,76,181.36,261,No,Medium,No,2,No,8.3,Low,1,4,134622,No,1
2886,42,Female,21.96,159,97,81.81,200,No,Low,No,5,No,4.9,High,3,4,85801,Yes,1
2887,50,Male,39.71,163,68,196.91,168,No,Medium,No,4,No,6.0,Low,7,0,453378,No,1
2888,66,Female,25.35,169,100,167.84,186,No,Low,No,0,No,4.1,Medium,0,5,418281,No,1
2889,49,Female,33.58,157,56,164.64,196,No,Medium,No,4,No,8.3,Low,9,1,450177,Yes,1
2890,66,Female,32.43,111,78,122.57,256,No,Low,No,0,No,9.3,Low,14,4,52467,Yes,1
2891,52,Male,21.09,166,92,177.07,140,No,High,No,4,No,7.4,Low,2,5,103041,No,1
2892,61,Male,21.74,169,118,74.95,224,Yes,Medium,No,0,No,4.2,Medium,12,1,409627,Yes,1
2893,55,Female,22.75,95,107,81.65,191,Yes,High,No,3,Yes,5.3,High,0,0,114109,Yes,1
2894,43,Female,25.87,115,57,202.1,135,No,Low,No,1,No,6.6,Medium,1,4,198480,Yes,1
2895,28,Male,21.62,164,91,127.94,263,No,Medium,Yes,5,Yes,7.5,Medium,9,3,168769,Yes,1
2896,52,Male,16.47,177,125,132.45,147,No,Medium,No,5,Yes,7.0,High,10,3,413378,Yes,1
2897,25,Female,37.11,92,91,107.51,298,No,Medium,No,3,Yes,9.5,Medium,14,4,207643,Yes,1
2898,63,Male,39.17,141,62,150.21,303,No,High,No,5,No,9.6,High,6,2,158582,Yes,1
2899,31,Female,24.2,163,75,79.36,199,No,High,No,0,No,4.6,Medium,0,4,324992,Yes,0
2900,27,Male,24.12,149,67,124.07,176,Yes,Low,No,5,No,4.8,High,8,4,182997,Yes,1
2901,19,Female,16.17,152,91,164.88,229,Yes,High,No,1,No,6.1,Medium,7,4,76664,Yes,1
2902,63,Female,32.33,154,100,153.81,171,No,Medium,Yes,2,Yes,6.5,Low,0,0,31841,No,1
2903,26,Male,35.81,141,65,249.94,293,No,High,No,0,No,7.5,Low,9,4,43746,Yes,1
2904,20,Female,19.52,179,52,139.98,285,No,Medium,Yes,5,No,8.6,Low,0,4,478569,Yes,1
2905,38,Female,19.83,165,128,139.66,203,No,High,Yes,4,No,4.8,Medium,1,0,353124,No,1
2906,43,Female,34.96,103,94,160.64,167,No,High,No,4,No,8.8,High,1,4,466736,Yes,1
2907,25,Male,30.79,178,71,104.25,246,Yes,Low,Yes,2,Yes,7.7,Medium,5,3,24180,Yes,1
2908,65,Male,17.08,161,72,227.73,288,No,Medium,Yes,3,No,9.9,High,0,3,10444,No,1
2909,19,Male,30.94,157,108,173.01,217,No,Low,No,0,No,7.9,Medium,3,5,370379,Yes,1
2910,23,Female,23.41,117,111,104.58,237,Yes,Medium,No,4,No,8.3,Medium,6,4,221918,No,1
2911,45,Male,24.85,160,117,212.82,306,No,High,Yes,1,Yes,5.2,Low,12,0,74344,No,1
2912,70,Female,34.47,99,103,76.18,212,No,High,No,2,No,8.6,Medium,12,4,79216,Yes,1
2913,46,Female,35.46,146,106,246.86,186,No,Medium,No,3,No,4.5,Medium,11,4,51487,Yes,1
2914,43,Male,25.61,155,72,225.73,193,Yes,Medium,Yes,3,Yes,7.9,High,8,5,421543,Yes,1
2915,42,Male,38.73,179,109,174.34,203,Yes,Low,No,1,No,4.3,Medium,9,1,425050,Yes,1
2916,29,Female,25.76,139,122,90.03,313,Yes,Low,No,5,No,4.7,Medium,2,5,482849,No,1
2917,22,Female,34.52,103,104,108.75,274,Yes,Medium,No,1,No,4.6,Low,3,2,459914,Yes,1
2918,51,Male,27.61,105,129,120.3,279,No,Low,No,5,Yes,4.3,Medium,4,0,30826,Yes,1
2919,65,Male,37.54,143,112,113.39,303,No,Low,No,2,Yes,5.9,High,4,2,76654,Yes,1
2920,54,Male,37.79,132,105,159.55,129,No,Medium,No,1,Yes,10.0,Medium,1,1,371161,Yes,0
2921,32,Female,18.1,131,104,240.02,287,No,Low,Yes,4,Yes,6.1,Low,12,2,361216,Yes,1
2922,61,Female,38.48,170,74,149.95,264,Yes,Low,No,3,No,8.6,Medium,4,4,281851,Yes,1
2923,53,Female,35.81,111,75,189.08,305,No,Low,No,5,No,4.8,Medium,9,3,227175,No,1
2924,32,Female,34.99,157,98,193.94,237,No,High,No,1,No,6.7,Medium,0,0,125919,Yes,1
2925,60,Female,20.82,108,112,226.88,216,No,Low,No,0,No,5.1,Medium,6,0,161047,Yes,1
2926,65,Male,35.32,155,94,76.09,125,Yes,High,No,1,No,5.2,High,13,4,279740,Yes,1
2927,40,Male,36.4,128,122,142.78,286,No,Low,Yes,5,No,4.6,Medium,14,5,451423,Yes,1
2928,23,Female,22.94,162,128,211.25,137,No,High,No,3,Yes,6.6,Low,4,2,435083,Yes,1
2929,63,Female,38.85,108,88,216.68,191,No,Medium,No,4,No,4.5,High,5,0,387124,Yes,1
2930,67,Male,17.2,105,114,236.92,208,Yes,High,No,1,Yes,9.5,Medium,13,5,96679,Yes,1
2931,61,Male,19.6,143,118,196.5,161,No,High,No,4,No,6.7,High,8,1,270961,Yes,1
2932,76,Male,28.9,114,105,114.13,123,No,Medium,No,0,No,9.0,Medium,2,1,293993,Yes,1
2933,60,Male,29.82,107,58,161.02,139,Yes,High,No,5,No,9.9,Low,0,2,77018,No,1
2934,62,Female,31.48,112,119,75.82,147,No,Medium,Yes,3,No,8.1,Low,7,1,210925,Yes,1
2935,38,Male,16.41,174,77,186.45,287,Yes,Medium,No,2,No,9.4,Low,1,3,322497,No,1
2936,40,Female,39.05,100,94,169.77,312,No,Medium,Yes,3,No,4.8,High,1,4,420500,Yes,1
2937,60,Male,17.07,128,75,190.03,223,No,High,Yes,5,Yes,9.0,Medium,9,0,264221,No,1
2938,72,Male,19.43,157,77,237.43,163,No,High,No,2,Yes,5.6,High,12,5,106627,Yes,1
2939,33,Male,16.34,114,89,193.71,142,No,Low,No,2,No,6.8,High,3,4,318899,Yes,1
2940,64,Female,29.6,152,64,127.68,304,Yes,Medium,No,3,Yes,7.9,Medium,4,2,278835,No,1
2941,70,Female,38.37,119,55,105.77,166,No,High,No,5,No,9.4,High,0,4,268709,No,1
2942,77,Male,31.98,134,76,223.83,132,No,High,No,2,No,9.5,Medium,10,0,46878,No,1
2943,32,Female,35.74,179,87,104.98,263,No,High,Yes,5,No,4.6,Low,2,5,484755,Yes,1
2944,42,Female,16.32,150,117,99.09,302,No,Low,No,4,No,6.2,Medium,10,0,86386,Yes,1
2945,53,Male,29.01,140,124,107.19,214,No,Medium,No,0,No,8.8,Low,7,2,460181,Yes,1
2946,28,Male,27.03,98,113,161.59,312,No,Medium,No,1,No,8.2,High,5,0,186539,No,0
2947,68,Female,27.98,165,79,92.35,135,No,Low,No,5,No,4.2,High,2,1,331700,No,1
2948,32,Female,17.73,91,52,238.86,238,Yes,Medium,No,5,Yes,6.7,High,13,5,140191,Yes,1
2949,21,Female,32.43,94,111,243.93,284,Yes,Medium,No,2,No,9.0,High,11,5,446082,No,1
2950,38,Male,28.08,151,61,245.28,299,No,Low,No,5,Yes,8.4,Medium,6,4,350718,Yes,1
2951,30,Male,34.36,158,79,77.04,236,No,Low,No,5,Yes,6.5,Medium,10,3,123146,Yes,1
2952,39,Female,27.65,141,87,240.32,129,No,Low,Yes,2,No,8.4,Low,5,3,250170,Yes,1
2953,36,Male,19.59,175,109,249.53,241,Yes,Medium,Yes,3,No,7.3,High,4,3,70777,Yes,1
2954,51,Male,31.56,94,87,239.64,157,No,Medium,No,5,No,9.5,Low,7,2,255058,Yes,1
2955,31,Female,20.14,148,64,190.77,163,No,Low,No,4,Yes,7.5,High,7,3,140404,Yes,1
2956,78,Female,36.94,157,67,196.22,214,No,Medium,No,1,No,6.4,High,2,5,259902,Yes,1
2957,21,Male,30.71,98,101,92.01,193,No,Low,No,5,Yes,9.2,Low,7,5,171909,Yes,1
2958,65,Male,19.77,111,78,227.37,301,No,High,No,2,No,4.3,Low,9,4,439469,No,1
2959,70,Female,39.1,116,109,80.74,232,No,Low,No,4,No,9.4,Medium,8,0,53475,Yes,1
2960,69,Male,28.44,99,70,127.19,170,No,High,No,1,Yes,8.2,High,12,1,149470,Yes,1
2961,63,Male,17.75,169,66,248.41,171,No,Medium,Yes,3,No,9.6,High,11,3,435289,Yes,1
2962,44,Female,31.04,150,67,146.02,317,No,High,No,5,No,5.5,Medium,12,3,30363,No,1
2963,46,Female,22.08,140,106,93.61,211,No,Low,No,2,No,8.2,High,9,3,383464,Yes,1
2964,64,Male,35.29,99,86,244.47,178,No,Low,No,3,Yes,8.9,Low,2,1,57225,No,1
2965,45,Male,35.63,95,109,247.15,132,No,High,Yes,5,No,8.2,Medium,10,4,189294,Yes,1
2966,52,Male,39.49,151,87,103.67,288,No,Low,Yes,3,No,5.3,Medium,7,3,154732,Yes,1
2967,25,Female,28.04,94,61,225.66,131,Yes,Medium,No,2,No,5.7,Low,7,0,116001,Yes,1
2968,33,Male,26.92,159,124,140.28,169,No,Medium,No,4,No,7.4,Medium,11,2,245882,Yes,1
2969,59,Male,34.08,152,122,138.65,176,No,Medium,No,4,No,6.7,High,6,1,380553,Yes,1
2970,53,Female,19.18,145,50,117.29,297,No,High,No,3,No,8.4,High,7,4,67402,Yes,1
2971,47,Female,29.13,148,107,78.05,238,No,High,No,3,No,6.3,Medium,0,5,260443,Yes,1
2972,35,Male,29.11,152,52,118.24,176,No,Medium,Yes,5,No,9.2,High,2,0,148817,Yes,1
2973,19,Female,18.15,178,112,79.68,301,Yes,Medium,No,0,No,6.6,Low,5,1,368049,No,1
2974,66,Female,26.03,148,70,236.39,313,No,High,No,1,No,4.2,High,11,5,64604,No,1
2975,30,Male,36.48,140,72,189.11,127,No,High,Yes,5,Yes,4.1,Low,14,1,146095,Yes,1
2976,21,Female,36.55,139,58,229.59,225,No,Low,Yes,3,No,7.9,Medium,6,2,477968,Yes,1
2977,43,Female,18.38,93,104,199.11,310,No,Medium,Yes,3,No,7.2,Low,6,2,161033,Yes,1
2978,42,Male,18.18,137,68,93.63,256,No,Low,No,1,Yes,7.3,High,10,5,362787,Yes,1
2979,47,Female,22.3,121,111,239.3,307,No,High,No,2,No,8.7,Low,5,5,323978,No,1
2980,28,Male,36.99,140,88,231.98,239,No,Low,No,4,No,6.3,Low,14,4,54679,No,1
2981,24,Male,19.09,141,125,132.65,182,No,Medium,No,2,No,10.0,Medium,12,3,39179,Yes,1
2982,48,Female,33.28,163,76,90.08,191,No,Medium,No,1,No,9.7,Low,11,5,196766,Yes,1
2983,61,Female,18.43,123,95,196.75,250,Yes,High,No,1,No,4.1,Low,11,2,452453,Yes,1
2984,27,Female,30.96,125,83,201.11,132,No,High,Yes,0,No,9.4,Medium,11,4,25581,No,1
2985,56,Male,24.55,159,82,231.43,256,No,Low,No,5,Yes,8.1,Low,10,1,199124,Yes,1
2986,30,Female,34.93,132,99,79.48,171,Yes,Medium,No,5,No,7.0,Low,3,3,349453,No,1
2987,48,Male,21.61,105,69,95.51,181,Yes,High,No,5,No,7.5,Low,4,0,79953,No,0
2988,24,Female,31.34,148,89,177.68,238,No,Medium,Yes,5,No,9.1,Low,8,1,156094,No,1
2989,73,Female,21.66,142,107,181.44,228,No,Medium,No,0,No,9.7,Medium,0,4,336472,Yes,1
2990,66,Female,33.13,108,80,76.05,127,No,High,No,4,No,7.4,Medium,1,0,461071,Yes,1
2991,59,Male,36.97,178,87,141.45,214,No,Medium,No,5,Yes,5.1,Medium,4,1,415440,Yes,1
2992,78,Female,19.04,130,94,175.15,244,Yes,Medium,Yes,3,Yes,7.8,Low,4,2,375017,No,1
2993,59,Female,36.8,170,90,202.82,292,No,Low,Yes,1,No,4.5,Medium,11,4,125400,Yes,1
2994,73,Male,30.25,136,58,126.91,172,Yes,Medium,No,0,Yes,7.8,Medium,6,0,100987,No,1
2995,53,Male,19.05,143,58,157.1,182,No,High,No,2,No,8.9,Medium,7,5,5234,No,1
2996,37,Female,26.26,144,112,216.53,214,No,Low,No,5,Yes,6.1,Medium,9,2,447481,No,1
2997,21,Female,19.86,108,128,241.7,200,No,Medium,No,0,No,4.4,Low,5,5,85853,Yes,1
2998,71,Female,32.81,151,126,111.46,176,No,Low,No,2,Yes,8.2,Low,5,5,486215,Yes,1
2999,24,Male,34.21,148,71,115.55,301,Yes,Low,No,0,No,6.0,Medium,4,0,8138,Yes,1
3000,71,Male,18.54,154,65,239.17,266,No,High,Yes,2,No,5.5,Low,4,3,87728,Yes,1
