Customer_ID,Age,Gender,City,Tenure_Months,Monthly_Income,Monthly_Charges,Data_Usage_GB,Voice_Usage_Minutes,SMS_Usage,Support_Calls,Complaints,Satisfaction_Score,Internet_Package,Contract_Type,Device_Type,Payment_History,Discount,Previous_Upgrades,Churn
1,56,Male,Bhaktapur,26,223069,6542.79,45.87,1356,1289,12,6,3.05,Standard,Two Year,Feature Phone,Good,No,2,1
2,69,Female,Lalitpur,35,124470,1311.27,13.91,2360,1250,3,7,1.25,Basic,Two Year,iPhone,Excellent,No,3,1
3,46,Male,Butwal,79,179277,7900.23,125.56,707,828,11,1,4.58,Premium,Monthly,Android,Good,No,5,0
4,32,Male,Dharan,67,108887,5145.11,83.95,907,803,6,3,4.92,Basic,Monthly,Feature Phone,Poor,No,2,1
5,60,Female,Kathmandu,87,101542,5381.5,124.87,88,1077,10,7,1.59,Basic,One Year,iPhone,Average,Yes,3,1
6,25,Male,Pokhara,29,195221,1991.69,42.9,2123,977,1,6,2.18,Basic,One Year,Android,Excellent,No,4,1
7,38,Male,Pokhara,34,69112,2302.34,68.41,439,3,0,8,1.06,Basic,Two Year,iPhone,Good,No,2,1
8,56,Female,Pokhara,97,162012,5445.13,112.77,262,1462,0,4,4.15,Standard,Monthly,Android,Average,No,1,0
9,36,Male,Bhaktapur,41,79010,7322.95,119.03,1517,1333,9,5,2.25,Basic,Two Year,iPhone,Excellent,No,2,1
10,40,Female,Lalitpur,41,227866,7867.93,75.09,1699,602,13,7,3.36,Basic,Monthly,Feature Phone,Average,Yes,2,1
11,28,Female,Pokhara,23,44485,1985.23,56.73,2144,1112,13,4,1.16,Basic,Monthly,Android,Good,No,5,1
12,28,Female,Butwal,71,109299,1505.9,55.47,2028,319,5,8,3.86,Standard,Monthly,Feature Phone,Average,Yes,4,1
13,41,Female,Pokhara,3,125584,923.01,35.77,1521,1398,11,3,3.12,Standard,Two Year,iPhone,Average,No,5,1
14,53,Female,Biratnagar,58,152139,7012.23,65.76,459,500,4,7,3.9,Standard,One Year,iPhone,Good,No,4,0
15,57,Male,Dharan,32,40607,2710.36,40.69,1306,1257,0,2,4.16,Premium,Two Year,Android,Average,No,5,0
16,41,Male,Kathmandu,31,81597,513.59,127.13,1228,1360,9,4,1.36,Standard,One Year,Android,Poor,No,2,1
17,20,Female,Dharan,82,94554,2178.64,114.24,1098,570,2,7,3.31,Basic,Monthly,Android,Excellent,No,3,0
18,39,Female,Biratnagar,43,199593,3053.31,77.14,1351,184,14,9,3.6,Premium,One Year,Android,Poor,Yes,4,1
19,19,Male,Biratnagar,7,35187,7932.4,65.84,1273,1461,10,6,3.07,Basic,Monthly,Android,Good,Yes,4,1
20,41,Female,Kathmandu,105,23985,4426.56,48.29,634,555,6,0,1.73,Basic,One Year,iPhone,Average,Yes,3,0
21,61,Female,Butwal,1,194124,2035.35,107.56,439,1203,11,3,4.18,Standard,Monthly,Feature Phone,Excellent,Yes,0,1
22,47,Female,Lalitpur,61,170635,3011.14,183.86,1920,1099,8,1,4.99,Premium,One Year,Android,Excellent,Yes,4,0
23,55,Male,Biratnagar,14,198394,2977.31,137.45,295,892,12,1,4.88,Premium,One Year,Android,Average,Yes,4,0
24,19,Male,Lalitpur,52,212317,647.94,149.14,1604,1295,8,6,4.11,Basic,Monthly,iPhone,Good,No,3,1
25,38,Female,Biratnagar,96,71514,1513.87,167.04,1786,54,14,2,2.67,Standard,Monthly,Android,Good,Yes,3,0
26,50,Female,Chitwan,6,38608,5713.97,70.98,1732,862,5,2,2.35,Standard,Monthly,Feature Phone,Average,Yes,2,1
27,29,Male,Kathmandu,103,218334,1401.88,13.51,2157,76,2,5,1.27,Basic,Two Year,iPhone,Good,No,2,0
28,39,Male,Biratnagar,10,243190,2230.51,124.89,2349,295,0,5,2.67,Basic,Monthly,iPhone,Excellent,No,0,1
29,61,Female,Chitwan,71,91327,3130.53,38.55,1214,1242,2,0,1.62,Standard,One Year,Android,Average,Yes,0,0
30,42,Female,Dharan,90,208297,6183.01,114.24,830,1300,9,0,2.02,Basic,Monthly,Android,Excellent,Yes,0,1
31,66,Male,Bhaktapur,98,225066,4868.01,148.16,1398,745,1,5,4.57,Basic,Monthly,Android,Average,No,1,0
32,44,Male,Chitwan,30,37221,5667.5,156.94,1332,1289,10,6,4.87,Basic,One Year,Android,Good,No,3,0
33,59,Male,Pokhara,100,68506,4752.59,61.07,769,899,4,8,4.79,Basic,One Year,iPhone,Average,No,4,0
34,45,Female,Biratnagar,21,40968,5626.94,102.97,1216,42,7,3,1.77,Basic,One Year,Android,Good,No,3,1
35,33,Male,Chitwan,60,147677,521.32,124.57,320,1384,4,9,4.6,Basic,One Year,Android,Average,No,3,0
36,32,Female,Lalitpur,81,233678,7481.74,164.08,619,1251,0,5,1.57,Basic,One Year,iPhone,Average,Yes,0,1
37,64,Male,Bhaktapur,97,179009,1331.9,152.52,548,226,2,2,3.03,Premium,Monthly,Android,Good,Yes,3,0
38,68,Male,Butwal,74,213507,3546.87,197.61,2207,1086,11,3,3.57,Basic,Monthly,Android,Average,Yes,1,1
39,61,Male,Biratnagar,115,200580,6282.79,2.61,297,170,4,8,2.85,Standard,Monthly,iPhone,Good,No,5,1
40,69,Male,Pokhara,63,192903,3764.23,88.06,682,962,6,0,4.81,Premium,Monthly,Android,Average,Yes,4,0
41,20,Female,Butwal,111,194005,7601.32,51.95,1389,761,4,4,2.33,Premium,Two Year,Android,Average,No,5,1
42,54,Female,Chitwan,42,198379,4006.92,24.86,2181,849,13,6,3.11,Basic,One Year,Android,Good,No,0,1
43,68,Male,Butwal,51,199412,7062.05,182.39,599,306,9,2,1.3,Basic,Monthly,iPhone,Poor,Yes,2,1
44,24,Female,Butwal,64,122951,6581.21,199.59,1550,567,4,1,4.41,Standard,Two Year,Android,Good,Yes,5,0
45,38,Male,Bhaktapur,76,128306,7857.4,36.94,1409,991,6,1,2.65,Premium,Two Year,Android,Good,Yes,4,0
46,26,Male,Dharan,56,237410,7449.11,8.65,710,33,12,0,3.8,Basic,Monthly,Android,Excellent,No,5,1
47,56,Male,Butwal,80,63601,7235.93,55.74,656,826,14,4,3.73,Standard,Two Year,Android,Average,No,2,1
48,35,Male,Butwal,41,227028,5987.03,167.14,1868,129,7,2,3.71,Premium,Monthly,Android,Good,No,2,0
49,21,Female,Biratnagar,32,92178,3252.49,59.48,2065,1417,13,6,3.03,Standard,Two Year,iPhone,Good,Yes,3,1
50,42,Male,Dharan,15,236383,1295.94,12.32,842,1174,7,0,2.11,Standard,Monthly,iPhone,Poor,Yes,4,1
51,31,Male,Bhaktapur,62,179826,5664.84,11.45,1893,654,6,8,3.5,Standard,One Year,iPhone,Good,No,1,0
52,67,Female,Pokhara,27,194382,7839.91,86.06,894,629,12,1,4.85,Basic,Monthly,Android,Good,Yes,3,1
53,26,Male,Chitwan,28,89893,5949.53,186.43,959,1407,13,7,4.34,Standard,Two Year,Android,Average,Yes,2,0
54,43,Male,Bhaktapur,81,106799,7465.47,57.9,1702,1040,2,9,1.44,Standard,Monthly,iPhone,Excellent,No,5,1
55,19,Male,Bhaktapur,64,68367,6532.29,86.0,961,593,10,3,1.09,Standard,Monthly,iPhone,Good,Yes,4,1
56,37,Female,Kathmandu,110,33201,1723.36,21.28,1918,1037,1,5,3.0,Premium,One Year,Feature Phone,Average,No,3,0
57,45,Male,Bhaktapur,59,153811,2369.03,99.22,2425,80,0,8,4.1,Premium,One Year,Android,Average,No,4,0
58,64,Female,Dharan,114,33231,3063.99,139.61,2070,1230,5,6,2.26,Basic,One Year,Android,Good,No,5,0
59,24,Male,Kathmandu,58,193567,1761.95,54.96,1766,203,12,7,3.8,Standard,One Year,iPhone,Average,No,0,1
60,61,Male,Chitwan,2,172240,4862.38,60.05,2471,1402,8,6,4.73,Standard,One Year,Feature Phone,Average,No,1,1
61,25,Female,Butwal,36,183696,7815.88,168.55,44,22,2,1,2.84,Standard,Monthly,Feature Phone,Average,No,1,0
62,64,Male,Biratnagar,114,161707,6210.94,3.06,1886,613,4,8,1.98,Standard,Monthly,Feature Phone,Poor,No,1,1
63,52,Male,Biratnagar,71,29964,3675.4,127.66,80,1185,8,0,4.67,Standard,Monthly,Feature Phone,Good,Yes,2,0
64,31,Female,Chitwan,13,178857,533.78,79.38,142,143,13,1,2.89,Standard,Two Year,iPhone,Average,Yes,2,1
65,34,Female,Chitwan,15,246118,2849.57,60.38,1540,103,13,2,2.63,Standard,Monthly,Android,Average,Yes,1,1
66,53,Female,Dharan,89,233869,4450.69,131.86,2122,1405,8,2,2.41,Premium,Monthly,iPhone,Poor,No,4,1
67,67,Female,Lalitpur,87,235862,2931.88,167.1,1206,1478,6,9,2.69,Basic,One Year,Android,Good,No,0,1
68,57,Female,Butwal,60,228000,1332.76,112.12,1742,1440,13,3,3.69,Basic,Monthly,Android,Good,Yes,2,0
69,21,Male,Chitwan,22,32336,3820.74,7.19,1082,323,3,4,2.73,Standard,Monthly,iPhone,Good,Yes,5,0
70,19,Female,Bhaktapur,63,97475,2399.4,92.82,1126,1194,10,5,2.3,Premium,One Year,iPhone,Excellent,Yes,3,1
71,23,Male,Dharan,90,178484,7319.24,93.09,1750,575,1,0,3.97,Basic,Monthly,iPhone,Average,No,3,1
72,59,Male,Biratnagar,97,102212,1263.16,109.22,565,273,1,7,1.81,Basic,One Year,Android,Average,No,2,0
73,21,Male,Pokhara,75,95379,868.64,134.52,2180,451,3,5,1.81,Premium,Monthly,Android,Good,No,1,0
74,46,Female,Dharan,74,65591,539.86,4.84,2492,880,0,9,3.79,Premium,Monthly,Feature Phone,Average,Yes,4,0
75,35,Female,Biratnagar,25,81750,2960.52,100.9,2297,124,13,8,4.47,Premium,Two Year,iPhone,Poor,Yes,0,1
76,43,Male,Kathmandu,101,110648,5452.9,118.07,1330,1406,3,4,1.96,Basic,Monthly,Android,Average,Yes,3,1
77,61,Female,Dharan,48,116134,5978.1,69.33,174,316,11,6,1.76,Premium,Monthly,iPhone,Good,No,2,1
78,51,Female,Biratnagar,43,186526,3899.46,134.0,2232,106,13,3,3.68,Standard,Two Year,Feature Phone,Good,Yes,4,0
79,27,Female,Lalitpur,117,118537,5632.46,46.41,1282,906,10,5,3.48,Standard,Monthly,Android,Excellent,No,1,1
80,53,Female,Dharan,38,82672,3199.36,64.16,1382,1486,5,5,2.79,Basic,Monthly,Android,Good,No,0,0
81,31,Male,Dharan,41,47228,5508.55,192.59,957,429,5,3,1.38,Standard,Monthly,Android,Good,Yes,0,1
82,48,Male,Butwal,45,34429,804.47,70.27,531,703,6,5,1.37,Basic,One Year,Android,Good,No,3,1
83,65,Female,Chitwan,88,104294,3430.65,69.95,951,1360,4,7,4.11,Basic,Monthly,Android,Average,No,3,0
84,32,Male,Butwal,40,218880,6431.37,119.54,2333,971,8,4,2.81,Standard,One Year,Android,Average,No,5,0
85,25,Female,Dharan,110,233958,6522.55,194.22,206,361,1,1,4.43,Basic,Monthly,Android,Excellent,Yes,2,0
86,31,Female,Chitwan,120,135577,5871.12,196.63,1865,795,1,8,3.3,Basic,Monthly,Android,Average,No,0,1
87,40,Male,Biratnagar,97,204087,2031.79,116.35,1722,431,3,3,3.47,Standard,One Year,Android,Poor,No,1,0
88,57,Male,Pokhara,17,108074,2354.04,1.22,410,674,14,3,4.74,Premium,Monthly,Feature Phone,Average,Yes,1,1
89,38,Male,Pokhara,88,88936,7970.67,180.23,1303,858,3,6,1.66,Basic,Monthly,iPhone,Poor,No,2,1
90,33,Female,Dharan,101,231979,1275.34,114.48,674,1429,3,9,3.17,Premium,One Year,Android,Poor,Yes,0,1
91,62,Male,Lalitpur,57,77378,1854.97,73.83,1759,1013,0,9,1.23,Standard,Two Year,Android,Good,No,3,1
92,35,Female,Kathmandu,2,57310,1475.2,166.01,195,1400,3,5,2.44,Standard,Monthly,Android,Average,No,5,1
93,64,Male,Biratnagar,96,121827,2957.41,80.57,783,1175,11,3,1.59,Standard,Monthly,iPhone,Average,No,1,1
94,41,Male,Chitwan,62,234755,2076.32,7.77,950,1345,4,5,1.75,Standard,Monthly,iPhone,Excellent,Yes,4,1
95,43,Female,Dharan,88,219899,4232.66,164.39,1243,1237,8,2,4.74,Basic,Two Year,Feature Phone,Good,No,2,0
96,42,Female,Biratnagar,9,186328,4070.16,109.63,730,575,2,6,3.44,Basic,Two Year,iPhone,Good,Yes,1,1
97,62,Female,Dharan,68,227500,7261.29,68.29,1105,1088,14,5,4.57,Standard,Two Year,Feature Phone,Good,Yes,4,1
98,58,Female,Lalitpur,81,119862,760.55,50.93,1370,892,2,2,2.77,Premium,Monthly,Android,Poor,No,4,0
99,46,Female,Bhaktapur,17,58889,2899.1,119.17,1949,269,13,0,3.39,Basic,Monthly,Feature Phone,Good,Yes,1,1
100,32,Female,Bhaktapur,117,71428,4974.93,42.4,300,1123,4,9,1.13,Standard,Monthly,iPhone,Good,No,2,1
101,62,Female,Lalitpur,50,130502,5036.01,65.45,1983,1128,9,4,2.88,Premium,Monthly,Android,Good,Yes,4,0
102,18,Female,Chitwan,112,188279,4100.95,127.67,1805,1154,5,9,3.26,Premium,One Year,Android,Good,No,4,0
103,42,Male,Butwal,94,70255,6617.49,176.43,2294,1412,2,1,1.07,Basic,Monthly,Android,Good,Yes,0,1
104,24,Female,Lalitpur,40,125824,970.42,107.05,1101,1344,0,6,4.16,Standard,One Year,Android,Good,No,5,0
105,26,Female,Dharan,58,242603,6616.16,152.06,496,437,9,6,2.18,Basic,Two Year,iPhone,Good,No,5,1
106,41,Male,Chitwan,75,25409,4210.66,152.85,735,1042,7,3,2.81,Premium,Monthly,iPhone,Good,Yes,5,0
107,18,Female,Pokhara,85,62438,1503.21,133.21,262,224,11,5,3.14,Basic,One Year,Android,Good,No,0,0
108,61,Male,Lalitpur,21,246431,7142.76,49.92,2434,989,0,0,4.97,Premium,Monthly,Android,Good,No,5,0
109,25,Male,Chitwan,18,27869,5369.22,173.49,955,459,1,1,1.4,Premium,Monthly,Feature Phone,Poor,No,0,1
110,41,Female,Lalitpur,55,207934,1726.59,87.82,1543,393,2,5,3.22,Premium,Monthly,Android,Good,Yes,4,1
111,28,Male,Lalitpur,29,239009,752.37,9.8,857,1249,5,1,3.12,Premium,Monthly,Android,Excellent,No,4,0
112,68,Female,Butwal,24,45958,1558.32,49.68,1365,911,3,3,1.28,Basic,Monthly,Android,Average,No,2,1
113,34,Male,Butwal,74,227374,5065.98,153.34,2443,1383,3,3,3.54,Basic,One Year,Feature Phone,Excellent,No,3,0
114,25,Male,Dharan,109,170840,1844.72,14.76,2048,1453,14,9,2.15,Standard,One Year,iPhone,Good,No,0,1
115,52,Male,Chitwan,17,247402,2193.22,30.33,1452,14,8,8,1.42,Standard,Monthly,Android,Good,Yes,5,1
116,52,Female,Chitwan,18,177217,688.55,139.15,2410,559,5,9,1.71,Basic,Two Year,Android,Excellent,Yes,3,1
117,50,Female,Kathmandu,42,95622,5921.98,178.63,259,1003,11,6,4.29,Standard,Two Year,Android,Good,Yes,0,0
118,22,Male,Lalitpur,112,46442,6577.73,127.11,158,413,1,6,1.42,Premium,One Year,Android,Excellent,Yes,5,0
119,59,Male,Bhaktapur,84,101948,6476.36,45.24,439,1378,6,0,2.87,Premium,Monthly,iPhone,Poor,Yes,0,1
120,56,Female,Lalitpur,101,45596,1456.76,11.63,1604,1480,14,4,1.78,Basic,Monthly,Android,Average,No,5,1
121,58,Female,Lalitpur,45,95791,7274.76,123.41,323,998,12,2,1.65,Standard,One Year,Android,Good,No,2,1
122,45,Male,Chitwan,82,62406,5542.09,10.43,2182,1219,2,2,1.82,Standard,Two Year,iPhone,Excellent,Yes,2,0
123,24,Male,Lalitpur,17,60524,7231.46,122.93,2410,114,8,5,2.97,Premium,Monthly,Android,Excellent,No,1,1
124,26,Female,Biratnagar,73,174404,3853.7,45.89,1294,1440,5,3,1.95,Standard,One Year,Feature Phone,Average,Yes,0,1
125,25,Female,Lalitpur,14,130160,3777.16,181.03,2046,1375,7,7,1.39,Premium,Monthly,Android,Average,No,0,1
126,29,Female,Biratnagar,49,166836,6384.02,95.54,26,975,12,3,4.21,Premium,One Year,Android,Excellent,No,0,1
127,51,Female,Butwal,29,178635,1199.73,45.56,2246,1098,12,7,3.16,Premium,Monthly,Feature Phone,Good,No,2,1
128,50,Female,Bhaktapur,95,238747,4406.56,170.78,1188,35,0,3,1.63,Standard,One Year,Android,Good,Yes,5,0
129,65,Male,Dharan,4,187442,6772.88,51.55,435,241,1,2,2.89,Premium,One Year,Android,Excellent,No,0,1
130,40,Female,Chitwan,82,25062,6726.44,62.01,1164,62,5,4,1.27,Premium,Monthly,Android,Average,No,1,1
131,41,Male,Lalitpur,20,64645,7671.0,167.02,1167,665,2,4,3.32,Basic,Monthly,Android,Average,No,4,1
132,54,Female,Biratnagar,120,142759,5737.04,62.45,169,508,0,9,2.36,Basic,Two Year,Feature Phone,Excellent,No,1,0
133,52,Male,Biratnagar,120,27244,2058.28,82.62,2464,187,5,9,1.41,Premium,One Year,Android,Average,Yes,5,1
134,61,Female,Butwal,47,157444,652.1,70.19,2448,734,4,0,1.73,Basic,One Year,Android,Poor,No,4,1
135,57,Female,Biratnagar,107,105501,4095.62,24.16,1823,92,12,7,2.38,Standard,One Year,iPhone,Average,Yes,2,1
136,39,Male,Dharan,108,137450,4352.78,8.74,858,4,8,7,4.23,Premium,Two Year,Android,Average,No,5,0
137,44,Male,Pokhara,9,215543,2301.97,145.18,2068,1461,5,7,1.7,Premium,Monthly,Feature Phone,Average,Yes,3,1
138,52,Female,Kathmandu,77,36956,1435.23,129.38,1716,1189,4,9,1.44,Basic,Two Year,Android,Good,No,5,1
139,18,Female,Dharan,79,191545,4896.56,57.19,263,1469,0,3,3.06,Standard,Monthly,Android,Excellent,No,2,0
140,52,Female,Bhaktapur,27,164966,6231.92,59.82,1930,24,14,8,3.23,Standard,Monthly,Android,Average,No,3,1
141,54,Female,Dharan,15,249990,7948.66,189.06,1441,507,0,9,1.36,Basic,One Year,Android,Good,No,4,1
142,64,Female,Butwal,92,220658,6187.27,197.55,1294,97,10,2,2.14,Premium,Two Year,Android,Poor,Yes,3,1
143,31,Male,Butwal,101,36709,6452.24,95.21,898,1291,0,6,2.05,Standard,Monthly,Android,Average,No,4,1
144,20,Male,Dharan,119,232330,5123.46,160.69,1340,661,6,5,1.74,Premium,Monthly,iPhone,Good,No,5,0
145,18,Female,Lalitpur,19,138428,7894.42,147.6,996,1416,5,8,2.26,Basic,One Year,Android,Excellent,No,3,1
146,22,Male,Pokhara,90,35210,5299.67,60.17,1543,1308,13,3,1.15,Standard,Monthly,Android,Excellent,Yes,4,1
147,43,Male,Lalitpur,52,200582,6951.9,12.65,1158,683,4,3,3.61,Premium,Two Year,Android,Average,Yes,5,0
148,31,Male,Lalitpur,26,122081,7593.38,29.37,2068,1132,3,5,4.95,Standard,One Year,Android,Average,Yes,3,0
149,56,Female,Dharan,89,189746,7473.94,167.82,572,26,10,7,3.54,Basic,Two Year,Android,Excellent,No,4,0
150,44,Male,Chitwan,26,120025,3360.62,146.51,501,54,13,2,2.44,Premium,Monthly,Android,Average,Yes,1,1
151,26,Female,Chitwan,26,168805,1089.97,133.2,619,1156,12,7,3.67,Premium,Monthly,Feature Phone,Good,Yes,0,1
152,32,Male,Chitwan,46,171152,1789.05,27.0,2402,1075,12,7,3.29,Standard,One Year,Android,Poor,Yes,1,1
153,32,Female,Pokhara,92,204484,944.17,128.35,1184,780,10,6,4.39,Standard,Monthly,Android,Good,Yes,2,1
154,43,Male,Lalitpur,49,144476,1290.48,154.66,602,297,7,6,3.49,Basic,One Year,Android,Good,Yes,3,0
155,59,Female,Kathmandu,82,210043,1884.88,172.26,156,1422,10,4,3.54,Premium,Monthly,Android,Good,Yes,5,0
156,30,Female,Bhaktapur,96,190781,3058.21,3.63,1023,1041,7,1,1.89,Premium,Monthly,iPhone,Excellent,No,4,1
157,68,Male,Chitwan,53,79846,4576.55,137.21,2002,817,4,1,2.66,Basic,Two Year,Android,Poor,Yes,1,0
158,49,Female,Chitwan,3,85480,5837.62,4.8,1654,854,14,9,2.38,Basic,One Year,Android,Average,Yes,1,1
159,56,Female,Butwal,66,72960,2081.96,141.67,706,558,3,7,1.05,Premium,Monthly,Android,Good,No,5,1
160,66,Female,Lalitpur,97,192224,5543.92,127.49,2234,1269,14,5,2.25,Basic,Two Year,Feature Phone,Average,No,4,1
161,69,Female,Lalitpur,42,178322,5781.94,30.52,1453,502,1,7,2.94,Premium,One Year,Android,Poor,Yes,3,1
162,49,Female,Pokhara,19,105765,4689.67,153.46,1812,1112,6,2,3.4,Premium,One Year,iPhone,Average,Yes,5,0
163,21,Female,Pokhara,17,137265,7277.13,14.6,929,202,4,0,4.74,Premium,Monthly,Android,Average,Yes,2,0
164,47,Female,Chitwan,108,68137,1332.46,165.45,1779,945,2,5,1.96,Standard,Monthly,Android,Excellent,No,2,1
165,54,Female,Lalitpur,33,233083,1828.41,53.12,2054,239,8,1,1.61,Standard,Two Year,iPhone,Good,Yes,5,1
166,40,Male,Kathmandu,76,138922,3714.99,138.08,861,489,8,8,4.48,Basic,Monthly,Android,Good,No,2,1
167,56,Male,Bhaktapur,49,141280,1450.35,184.81,2132,1036,10,4,4.77,Standard,Monthly,Android,Good,No,4,0
168,62,Female,Dharan,56,197484,4747.22,68.63,1624,648,14,4,2.95,Standard,Monthly,Android,Good,Yes,1,1
169,32,Female,Lalitpur,63,63876,3488.0,101.08,1357,1338,10,9,1.46,Standard,Monthly,Android,Good,No,5,1
170,60,Male,Butwal,3,114547,2634.47,93.16,134,684,9,7,2.94,Basic,One Year,Android,Average,No,2,1
171,46,Male,Dharan,107,224736,1774.92,32.36,588,1221,13,5,1.44,Basic,Monthly,Android,Average,No,1,1
172,53,Male,Lalitpur,49,70227,3015.04,118.47,1573,242,10,2,4.53,Basic,Monthly,Android,Poor,No,5,1
173,30,Female,Biratnagar,55,183522,5059.7,148.86,514,506,7,8,3.83,Premium,Two Year,Android,Excellent,No,2,1
174,49,Male,Pokhara,26,104433,4818.39,183.46,841,1066,0,9,1.96,Standard,One Year,iPhone,Good,Yes,2,1
175,24,Female,Butwal,99,93704,1727.18,170.31,2269,1353,11,3,4.55,Basic,Monthly,Android,Good,No,5,0
176,68,Female,Bhaktapur,72,26861,1436.9,102.49,1628,1452,2,9,3.55,Standard,One Year,Android,Average,No,3,0
177,39,Male,Chitwan,52,81914,700.08,144.08,579,612,1,3,4.81,Basic,Monthly,iPhone,Good,No,4,0
178,45,Female,Butwal,100,83888,593.19,160.36,1061,161,3,1,4.92,Premium,Monthly,Android,Good,No,3,0
179,19,Female,Lalitpur,117,99286,7098.58,99.2,1489,655,1,2,1.01,Standard,One Year,Feature Phone,Average,No,1,1
180,59,Female,Chitwan,118,81293,838.17,23.97,359,958,11,3,1.48,Basic,One Year,iPhone,Average,No,1,1
181,62,Female,Lalitpur,7,233596,5984.16,88.15,1574,620,10,6,3.19,Basic,Two Year,iPhone,Excellent,No,5,1
182,23,Male,Chitwan,46,88515,7039.89,168.65,631,1458,7,2,4.82,Premium,One Year,Android,Good,No,4,0
183,45,Male,Bhaktapur,46,174596,1235.43,119.73,2183,1256,0,7,4.98,Standard,Two Year,iPhone,Poor,Yes,2,0
184,45,Female,Pokhara,100,27065,3772.26,145.17,1901,110,3,7,3.27,Basic,Two Year,iPhone,Average,Yes,4,0
185,61,Female,Bhaktapur,16,188756,7717.27,37.87,93,933,4,9,1.7,Standard,One Year,iPhone,Average,No,2,1
186,61,Male,Biratnagar,24,108720,6756.04,192.9,2183,1255,13,1,1.65,Basic,Two Year,Android,Good,Yes,0,1
187,37,Female,Kathmandu,61,184437,4172.78,81.41,1729,749,9,3,4.06,Basic,One Year,iPhone,Good,No,0,0
188,47,Male,Pokhara,54,78876,6219.28,131.07,1781,708,3,7,3.37,Premium,Monthly,iPhone,Good,No,4,1
189,28,Female,Bhaktapur,62,174776,6750.33,4.76,1712,272,7,0,3.2,Basic,Monthly,Android,Excellent,No,0,0
190,45,Female,Biratnagar,1,208929,3110.2,26.34,2054,806,1,0,2.86,Premium,Monthly,iPhone,Excellent,No,0,1
191,42,Male,Kathmandu,49,156694,7191.15,156.62,1265,40,8,3,3.9,Standard,Two Year,Android,Excellent,Yes,1,0
192,56,Male,Biratnagar,25,103797,4028.55,193.63,145,559,1,1,4.43,Basic,One Year,iPhone,Average,Yes,2,0
193,50,Male,Lalitpur,10,245027,4458.56,64.69,676,465,1,0,2.21,Premium,One Year,iPhone,Good,Yes,5,1
194,18,Male,Dharan,118,111141,7997.81,8.4,1219,1100,12,7,1.88,Standard,Monthly,Android,Good,Yes,0,1
195,44,Female,Lalitpur,80,245779,6824.77,72.81,2016,489,1,1,3.68,Standard,Monthly,iPhone,Good,No,3,0
196,69,Male,Chitwan,16,238772,3213.28,4.48,1010,116,11,3,4.66,Premium,Monthly,Feature Phone,Excellent,Yes,1,1
197,30,Female,Pokhara,58,230404,577.59,39.28,878,433,9,2,2.39,Premium,Two Year,Android,Average,No,2,1
198,58,Male,Lalitpur,72,122390,5196.31,150.74,1541,1042,7,1,2.09,Basic,Two Year,Android,Excellent,Yes,1,1
199,20,Male,Butwal,29,116856,5779.35,187.48,2152,993,2,7,1.9,Basic,One Year,iPhone,Good,No,3,0
200,56,Female,Biratnagar,103,86201,5381.02,18.4,1919,195,9,2,2.02,Standard,Monthly,Android,Average,No,5,1
201,23,Male,Pokhara,92,183766,7758.97,112.02,1426,618,10,8,1.54,Basic,Monthly,Android,Good,No,2,1
202,25,Male,Dharan,6,109766,6972.28,51.52,652,1474,13,9,3.39,Standard,Monthly,iPhone,Average,No,4,1
203,44,Male,Butwal,16,42995,3866.24,28.67,1684,424,9,4,2.12,Basic,Monthly,Feature Phone,Average,Yes,4,1
204,26,Male,Lalitpur,20,112320,971.43,44.58,1506,1417,14,8,3.46,Standard,Two Year,Android,Excellent,No,1,1
205,54,Female,Chitwan,80,100141,4070.44,115.97,714,1307,13,2,1.33,Basic,Monthly,Android,Good,No,5,1
206,50,Female,Bhaktapur,71,234071,5669.33,13.96,948,33,7,4,1.46,Premium,One Year,iPhone,Average,No,4,0
207,68,Male,Chitwan,105,159491,5057.82,87.41,135,294,6,9,3.14,Premium,One Year,iPhone,Excellent,No,2,0
208,59,Male,Butwal,78,199024,4536.03,27.91,1051,1006,9,5,3.05,Basic,Monthly,iPhone,Poor,Yes,3,1
209,61,Male,Kathmandu,43,184909,4016.14,55.26,1261,1274,3,8,2.09,Premium,Monthly,Android,Average,No,3,1
210,41,Female,Lalitpur,26,90799,2703.21,38.96,1762,338,6,7,4.31,Basic,Two Year,Android,Poor,No,4,1
211,32,Female,Butwal,90,199949,2580.1,176.71,1633,617,10,1,1.75,Standard,Monthly,Android,Average,Yes,0,1
212,49,Female,Kathmandu,78,65687,4251.74,141.89,1923,1463,7,1,2.44,Basic,One Year,iPhone,Average,Yes,0,0
213,49,Female,Kathmandu,71,57276,1704.52,173.82,2471,179,5,4,3.22,Premium,Monthly,Android,Excellent,No,5,0
214,41,Male,Biratnagar,33,54523,3055.14,77.31,323,621,5,4,4.47,Standard,Two Year,Feature Phone,Excellent,No,0,0
215,58,Male,Pokhara,26,217127,2929.84,63.37,1510,1251,2,4,2.67,Basic,Monthly,Android,Excellent,No,4,0
216,69,Male,Biratnagar,45,74615,4903.5,76.74,1995,618,4,3,2.59,Premium,One Year,Feature Phone,Good,Yes,4,0
217,66,Female,Lalitpur,84,247714,1000.12,4.69,107,642,9,7,3.32,Basic,One Year,Android,Good,Yes,4,1
218,66,Male,Kathmandu,63,30514,6722.52,145.22,1053,22,1,4,2.27,Premium,Monthly,iPhone,Good,No,2,1
219,69,Female,Dharan,67,67456,4717.84,70.6,327,1350,11,0,3.84,Basic,Monthly,Feature Phone,Good,Yes,0,0
220,29,Female,Butwal,52,27233,5531.2,63.35,821,1177,4,9,1.99,Premium,Two Year,Feature Phone,Good,Yes,1,1
221,56,Male,Bhaktapur,68,21102,5773.2,120.03,183,618,4,4,4.29,Standard,Monthly,Feature Phone,Excellent,Yes,5,0
222,19,Male,Kathmandu,26,86133,2686.13,87.81,1015,1169,6,0,2.09,Premium,One Year,Android,Poor,Yes,2,1
223,20,Male,Butwal,75,66715,4027.79,196.19,1378,251,3,3,4.97,Premium,One Year,Android,Average,No,5,0
224,66,Female,Dharan,2,236265,7671.84,71.89,2085,301,13,0,2.27,Premium,Monthly,Android,Average,Yes,5,1
225,54,Female,Bhaktapur,14,130545,6250.29,123.17,1114,1093,10,5,4.52,Standard,Monthly,Android,Good,No,2,1
226,66,Male,Biratnagar,108,124085,7771.68,63.02,1218,1116,5,5,2.59,Premium,Monthly,Android,Good,No,4,0
227,34,Male,Biratnagar,30,129101,6096.91,198.13,1897,162,8,0,1.98,Standard,One Year,iPhone,Good,No,4,0
228,66,Female,Pokhara,49,157328,1817.0,89.58,1843,1104,3,7,1.9,Basic,One Year,iPhone,Poor,No,2,1
229,19,Male,Butwal,12,128684,984.02,127.19,830,1086,10,3,4.4,Premium,Two Year,Android,Good,No,4,0
230,19,Female,Kathmandu,90,84800,4832.46,26.22,2406,611,13,1,2.24,Standard,One Year,iPhone,Good,No,0,1
231,45,Female,Chitwan,44,114937,3183.6,146.87,2315,1459,5,0,2.35,Basic,Two Year,Android,Good,Yes,2,0
232,40,Male,Biratnagar,33,61548,2565.93,54.57,1368,1071,12,2,1.79,Standard,Monthly,iPhone,Excellent,Yes,5,1
233,54,Male,Biratnagar,13,223162,6554.08,90.27,2373,444,11,6,4.85,Standard,One Year,Android,Average,No,2,1
234,49,Male,Pokhara,78,229272,3252.45,176.74,1823,73,8,9,1.98,Standard,Monthly,Android,Poor,Yes,2,1
235,50,Male,Bhaktapur,88,193439,2877.51,194.14,2271,825,9,9,1.99,Standard,Monthly,Android,Average,Yes,4,1
236,18,Female,Pokhara,98,148845,6874.91,85.49,1613,541,11,7,4.78,Basic,One Year,Feature Phone,Average,No,2,1
237,36,Female,Dharan,108,133815,6847.16,167.13,452,156,0,4,4.6,Standard,One Year,Feature Phone,Average,No,1,0
238,19,Female,Kathmandu,26,240994,3172.75,11.62,1667,1289,7,6,2.0,Premium,Monthly,Android,Average,No,1,1
239,61,Male,Butwal,21,221454,6743.74,169.67,1171,255,0,1,4.46,Standard,One Year,Android,Good,No,0,0
240,43,Female,Lalitpur,28,147602,6880.84,126.27,841,1062,3,3,2.0,Standard,Monthly,iPhone,Average,Yes,2,1
241,49,Male,Lalitpur,48,146270,3679.48,98.25,1090,1078,2,5,1.34,Basic,Two Year,Android,Excellent,No,2,1
242,23,Male,Butwal,100,146320,998.55,178.1,524,1051,3,4,4.28,Basic,Monthly,iPhone,Average,No,5,0
243,49,Male,Bhaktapur,40,177277,511.88,169.22,134,936,13,5,4.09,Standard,Monthly,Android,Average,Yes,4,1
244,21,Male,Dharan,66,45570,4424.69,60.09,1459,117,6,1,2.18,Basic,One Year,iPhone,Average,No,5,0
245,28,Male,Biratnagar,106,181327,3080.57,158.51,1810,369,12,6,1.36,Standard,One Year,Android,Excellent,No,3,1
246,34,Male,Bhaktapur,73,41182,7978.49,20.8,1014,208,13,7,1.83,Standard,One Year,Android,Good,Yes,5,1
247,55,Female,Biratnagar,87,59373,6293.08,164.73,242,586,8,8,4.08,Standard,One Year,Android,Good,Yes,3,0
248,41,Male,Biratnagar,79,63019,6209.57,135.42,655,848,8,5,4.86,Standard,Two Year,Feature Phone,Poor,No,2,1
249,22,Female,Lalitpur,77,213691,7664.32,18.49,1992,315,9,6,2.04,Premium,One Year,Android,Good,No,0,1
250,69,Female,Bhaktapur,23,36043,7157.93,136.93,691,1416,0,0,4.27,Basic,One Year,iPhone,Good,No,1,0
251,51,Male,Dharan,81,196604,2886.41,116.52,977,443,14,8,1.91,Standard,One Year,Android,Average,Yes,2,1
252,23,Male,Pokhara,48,217008,1744.9,119.32,952,1282,9,5,3.72,Premium,Two Year,Android,Good,No,2,0
253,39,Male,Biratnagar,2,39239,6094.19,58.88,115,1221,0,3,1.33,Premium,Monthly,Feature Phone,Average,Yes,0,1
254,28,Female,Chitwan,84,161488,3337.05,54.03,2174,627,8,9,3.34,Standard,One Year,Android,Poor,No,0,1
255,65,Male,Chitwan,20,154484,4048.79,152.74,651,444,3,8,2.08,Standard,One Year,Feature Phone,Good,No,3,1
256,33,Female,Pokhara,59,101976,5227.98,52.11,1721,569,11,0,4.7,Basic,Monthly,Feature Phone,Excellent,No,2,0
257,50,Male,Chitwan,46,44406,7309.05,89.81,1969,581,12,1,2.16,Basic,One Year,iPhone,Good,No,2,1
258,26,Male,Kathmandu,3,21875,3643.16,139.26,717,604,13,2,2.59,Standard,Monthly,Android,Average,No,4,1
259,23,Female,Biratnagar,55,188138,6374.88,16.84,51,740,2,0,4.36,Basic,Monthly,iPhone,Average,Yes,1,0
260,33,Female,Pokhara,12,156824,2512.55,119.32,2133,907,12,1,2.75,Premium,Two Year,Feature Phone,Excellent,No,4,1
261,46,Male,Bhaktapur,40,237825,5734.79,118.29,1222,648,8,1,1.95,Standard,Monthly,Feature Phone,Average,No,4,1
262,20,Female,Biratnagar,66,229097,511.85,137.16,798,304,4,6,3.19,Basic,One Year,iPhone,Good,No,1,0
263,37,Female,Pokhara,100,152425,7036.3,74.62,1486,338,11,9,4.36,Basic,Monthly,Android,Good,No,2,1
264,53,Female,Lalitpur,78,178058,727.85,90.35,935,528,5,5,2.73,Standard,One Year,iPhone,Good,No,3,0
265,36,Female,Dharan,16,237979,5845.65,66.66,568,53,0,8,1.53,Basic,Monthly,Android,Average,No,1,1
266,43,Female,Bhaktapur,83,34691,846.94,161.83,2268,1135,0,4,2.53,Premium,Monthly,Android,Poor,No,0,0
267,20,Male,Dharan,34,220919,2496.84,26.99,1913,683,12,8,4.82,Premium,Two Year,iPhone,Good,Yes,2,0
268,36,Male,Lalitpur,44,68075,4229.02,192.63,2116,418,13,9,1.29,Premium,Monthly,iPhone,Excellent,Yes,1,1
269,37,Female,Biratnagar,110,30794,3649.54,127.33,1723,304,6,8,2.63,Standard,Monthly,iPhone,Average,No,1,1
270,49,Male,Bhaktapur,6,219542,1938.77,177.49,2330,1461,9,1,3.59,Premium,Monthly,iPhone,Good,Yes,5,1
271,24,Male,Dharan,77,167478,3003.61,85.82,1176,84,14,8,1.31,Standard,Monthly,Android,Good,No,1,1
272,69,Female,Chitwan,64,95930,5957.8,67.12,2050,251,7,2,2.38,Standard,Monthly,Android,Good,Yes,3,0
273,58,Male,Dharan,100,177944,5519.43,180.24,1853,125,10,2,4.76,Standard,Monthly,Android,Good,Yes,4,0
274,50,Female,Pokhara,22,61708,1038.61,20.68,363,609,7,8,1.12,Basic,One Year,Android,Good,No,4,1
275,57,Female,Biratnagar,18,135492,6104.87,24.3,1219,1428,13,6,4.01,Basic,Two Year,Android,Excellent,No,5,1
276,56,Male,Kathmandu,12,126629,897.84,60.57,2078,303,12,7,4.37,Premium,One Year,Feature Phone,Average,No,1,1
277,35,Female,Dharan,52,171872,4571.95,192.0,2268,1051,6,6,2.11,Premium,One Year,Android,Excellent,No,1,1
278,57,Female,Bhaktapur,118,194469,2450.47,126.98,964,847,12,8,1.86,Standard,Monthly,Android,Good,No,4,1
279,18,Female,Bhaktapur,94,143313,4907.68,111.28,945,1289,10,7,4.66,Standard,Two Year,Android,Good,Yes,3,0
280,28,Female,Butwal,117,188981,2459.96,141.37,2070,1075,8,3,4.06,Standard,Monthly,iPhone,Average,No,2,0
281,45,Female,Dharan,51,41352,7887.18,84.08,1350,654,0,1,1.45,Standard,Two Year,Android,Good,No,4,0
282,42,Male,Biratnagar,104,121975,2822.96,151.86,2023,643,1,4,1.85,Standard,Monthly,Android,Poor,Yes,1,1
283,67,Male,Biratnagar,71,113848,2314.7,79.25,1807,857,12,1,3.49,Premium,Two Year,Android,Average,No,3,0
284,40,Female,Lalitpur,96,166510,2588.49,165.45,2266,510,2,3,2.68,Standard,One Year,Android,Poor,Yes,3,0
285,48,Female,Butwal,48,239993,7223.55,54.19,1959,206,12,1,3.02,Basic,Monthly,iPhone,Excellent,Yes,5,1
286,47,Male,Dharan,19,64999,5271.64,56.23,2176,573,11,4,4.81,Premium,Two Year,iPhone,Good,No,1,1
287,59,Female,Chitwan,6,38482,5980.13,104.95,2175,874,12,5,2.68,Standard,Monthly,Android,Good,No,0,1
288,52,Male,Lalitpur,84,183543,7385.08,86.72,71,510,4,0,4.53,Standard,One Year,Feature Phone,Good,Yes,3,0
289,24,Female,Butwal,27,67279,7339.04,129.98,2179,200,3,7,3.64,Standard,Two Year,Android,Excellent,No,4,0
290,33,Female,Dharan,53,129413,6042.09,73.49,314,822,3,1,1.49,Standard,Monthly,Android,Excellent,Yes,0,1
291,43,Female,Dharan,107,74213,1983.68,46.88,2132,1307,14,4,3.98,Basic,Monthly,iPhone,Average,No,5,0
292,65,Female,Lalitpur,101,133909,6825.3,94.49,484,1380,7,7,3.08,Basic,One Year,iPhone,Average,No,2,1
293,69,Female,Chitwan,48,33026,2028.32,112.63,2325,1070,7,4,1.9,Standard,One Year,Android,Good,No,4,0
294,66,Female,Butwal,7,105184,6071.74,29.38,1689,1019,10,2,2.16,Standard,Two Year,iPhone,Poor,No,5,1
295,19,Female,Dharan,59,25435,5642.02,111.79,653,136,6,5,3.23,Basic,One Year,Android,Excellent,No,5,0
296,18,Male,Dharan,69,159565,6191.67,64.53,1374,129,0,0,3.41,Standard,Monthly,Feature Phone,Average,No,5,0
297,65,Male,Butwal,11,223299,4495.14,79.1,1544,1218,9,0,4.87,Premium,Two Year,iPhone,Good,No,1,1
298,29,Male,Kathmandu,15,79321,5290.45,56.58,229,1017,14,7,4.42,Basic,Two Year,Android,Good,Yes,0,1
299,22,Female,Lalitpur,64,153835,7649.9,186.35,2156,1387,3,6,1.82,Premium,Monthly,Android,Average,No,5,1
300,54,Female,Lalitpur,3,40389,1258.16,136.98,2095,431,0,9,4.1,Premium,Monthly,iPhone,Average,No,5,1
301,49,Female,Bhaktapur,69,51498,2816.35,53.23,257,1092,10,9,1.03,Premium,Monthly,iPhone,Average,No,5,1
302,26,Female,Chitwan,23,83755,5085.18,129.36,355,1481,13,2,1.52,Premium,Two Year,iPhone,Good,No,4,1
303,58,Female,Pokhara,53,121545,7730.41,169.87,2130,539,4,7,1.8,Standard,Monthly,Feature Phone,Poor,No,5,1
304,52,Female,Kathmandu,37,55825,1216.81,80.92,1596,334,2,7,3.39,Standard,Two Year,Android,Good,No,3,0
305,36,Female,Butwal,9,36934,669.12,166.16,519,525,2,0,1.78,Standard,Two Year,iPhone,Good,Yes,1,1
306,65,Male,Butwal,15,25574,918.12,31.73,1584,557,3,9,2.46,Basic,Monthly,Android,Good,No,0,1
307,33,Female,Butwal,3,150698,893.04,164.73,810,908,1,6,1.97,Basic,Monthly,Android,Average,No,3,1
308,20,Male,Kathmandu,93,189251,7308.62,108.52,1155,1039,6,1,2.35,Basic,Monthly,iPhone,Average,No,5,1
309,37,Male,Dharan,70,152659,5909.43,45.37,2368,1479,11,1,4.77,Basic,Monthly,Android,Good,No,1,0
310,41,Female,Butwal,17,62782,5578.3,82.02,248,509,12,1,4.99,Premium,Monthly,Android,Average,No,1,0
311,50,Female,Butwal,26,205484,4419.3,197.61,169,208,3,4,3.74,Premium,One Year,iPhone,Good,No,0,0
312,41,Male,Chitwan,21,80561,6364.64,156.93,1798,1181,4,6,3.29,Premium,One Year,Android,Average,No,0,1
313,69,Male,Biratnagar,72,228296,1667.36,115.44,1644,1360,11,3,3.83,Basic,Two Year,Feature Phone,Good,No,0,0
314,28,Female,Biratnagar,21,155481,3439.56,23.92,352,1264,13,3,4.09,Basic,Monthly,Android,Good,No,4,0
315,66,Female,Bhaktapur,11,147159,4175.03,84.14,193,57,1,8,3.96,Premium,One Year,Android,Good,No,1,1
316,25,Male,Bhaktapur,38,222391,1328.07,53.35,1386,815,5,9,1.33,Standard,Two Year,Android,Excellent,No,5,0
317,53,Female,Butwal,72,46751,3646.35,15.13,2128,1328,8,8,2.24,Premium,Monthly,Android,Average,No,2,1
318,55,Female,Chitwan,106,58174,2873.76,108.9,1104,1368,7,6,2.37,Premium,Monthly,Feature Phone,Excellent,Yes,3,1
319,57,Female,Butwal,88,142678,766.87,177.95,838,1037,7,9,2.48,Standard,One Year,Android,Average,No,0,1
320,37,Male,Bhaktapur,35,76572,1525.52,135.44,1721,1382,1,3,2.38,Basic,Two Year,Android,Average,Yes,1,0
321,52,Male,Kathmandu,119,81416,6230.28,50.69,2283,376,14,7,4.15,Basic,Monthly,Android,Average,No,5,1
322,65,Male,Kathmandu,14,163113,635.28,115.14,1632,242,3,9,3.99,Basic,One Year,iPhone,Good,Yes,3,1
323,42,Female,Dharan,119,174299,7506.9,188.7,643,992,7,2,1.02,Standard,Two Year,Android,Good,Yes,2,1
324,52,Female,Pokhara,14,55201,1148.18,144.86,597,1168,10,2,2.19,Premium,Monthly,iPhone,Good,No,3,1
325,42,Male,Biratnagar,10,56069,6494.29,138.21,442,890,0,6,3.49,Basic,Monthly,iPhone,Good,No,2,1
326,46,Male,Chitwan,12,233262,7239.62,193.66,1414,414,7,8,1.48,Basic,One Year,Android,Excellent,No,5,1
327,35,Male,Lalitpur,38,46370,7558.52,159.98,1249,393,2,3,1.28,Standard,Monthly,Feature Phone,Good,Yes,0,1
328,63,Female,Biratnagar,108,246090,7006.08,28.19,773,728,7,3,4.31,Basic,One Year,iPhone,Average,No,4,0
329,35,Male,Lalitpur,119,145342,2656.63,70.18,766,357,5,0,2.81,Premium,Monthly,Android,Average,No,2,0
330,19,Male,Pokhara,110,162658,2998.15,193.06,707,1181,6,0,4.42,Basic,Two Year,iPhone,Average,No,0,0
331,52,Female,Pokhara,34,201303,3699.09,98.45,742,673,1,2,4.29,Premium,Two Year,iPhone,Average,No,3,0
332,33,Female,Butwal,41,145758,1544.73,23.22,1586,17,14,6,4.57,Premium,Monthly,Feature Phone,Average,Yes,5,1
333,58,Female,Bhaktapur,10,156394,667.04,92.26,766,727,0,8,1.19,Premium,Monthly,Android,Average,No,3,1
334,53,Male,Pokhara,17,85294,7018.41,139.7,261,560,5,3,1.74,Basic,One Year,iPhone,Excellent,No,3,1
335,50,Female,Pokhara,17,99468,4655.97,199.51,727,1370,11,1,2.18,Basic,Monthly,Android,Good,No,5,1
336,21,Female,Lalitpur,67,180371,5065.42,65.46,454,1081,2,5,1.54,Premium,One Year,Android,Excellent,Yes,5,0
337,50,Male,Bhaktapur,62,110715,7452.41,103.3,800,154,3,5,2.94,Premium,Monthly,iPhone,Excellent,No,4,0
338,31,Female,Pokhara,95,90793,5488.4,176.06,503,486,12,8,4.2,Standard,Monthly,iPhone,Good,Yes,1,0
339,38,Male,Biratnagar,115,197573,5681.4,71.7,2451,150,14,3,4.8,Standard,Monthly,iPhone,Average,Yes,2,0
340,65,Male,Dharan,1,208206,6402.26,22.74,1553,1382,8,7,4.56,Basic,Monthly,iPhone,Good,Yes,5,1
341,37,Female,Pokhara,12,131672,1372.61,189.84,189,367,2,2,2.83,Premium,Monthly,iPhone,Poor,No,1,1
342,25,Female,Dharan,103,160849,3201.22,98.2,1040,1070,1,1,3.55,Basic,One Year,Feature Phone,Average,Yes,3,0
343,24,Female,Bhaktapur,4,162321,7761.56,101.05,888,206,1,8,1.92,Basic,One Year,Android,Poor,No,4,1
344,20,Female,Butwal,42,140902,7421.98,124.62,2390,449,1,5,2.61,Basic,One Year,Android,Average,No,0,0
345,34,Female,Chitwan,13,41390,7130.56,1.7,867,923,5,7,4.48,Premium,Monthly,iPhone,Good,No,4,1
346,50,Female,Bhaktapur,98,40369,3890.66,186.3,1517,696,1,9,1.12,Basic,Monthly,Android,Excellent,No,5,1
347,65,Male,Lalitpur,106,163953,6928.95,72.93,715,569,10,8,3.13,Standard,Monthly,Android,Average,Yes,1,1
348,29,Male,Chitwan,85,29587,862.97,79.99,2426,142,6,0,4.49,Standard,Monthly,iPhone,Average,No,3,0
349,68,Female,Biratnagar,86,244872,1613.88,35.65,51,1423,6,0,1.49,Basic,One Year,iPhone,Average,No,2,0
350,39,Male,Kathmandu,4,225399,3604.76,76.25,196,1120,6,4,4.93,Standard,One Year,Android,Good,Yes,4,1
351,39,Female,Dharan,82,127009,4125.44,160.98,2132,1070,13,8,1.05,Basic,Monthly,Feature Phone,Average,No,1,1
352,63,Male,Dharan,69,238983,2476.3,160.2,2094,190,12,6,4.54,Basic,One Year,Android,Excellent,Yes,1,0
353,47,Male,Dharan,19,239219,3173.58,187.22,1522,139,1,6,2.41,Standard,Monthly,Android,Average,Yes,0,1
354,55,Male,Bhaktapur,2,158905,1720.82,81.24,2335,614,6,1,1.53,Standard,Two Year,Android,Excellent,Yes,2,1
355,55,Female,Dharan,12,67013,4168.51,142.04,85,1254,9,2,1.63,Basic,Two Year,Android,Poor,No,1,1
356,62,Male,Butwal,81,137341,6453.82,101.94,152,1363,7,3,3.8,Premium,Monthly,Android,Good,No,2,0
357,68,Female,Dharan,74,147785,5460.2,161.0,1948,924,7,1,4.48,Premium,One Year,Android,Average,No,3,0
358,25,Male,Lalitpur,98,214692,1308.44,142.8,935,1072,13,9,3.56,Standard,One Year,iPhone,Good,Yes,5,0
359,44,Male,Biratnagar,6,166826,4156.86,74.21,2149,623,1,8,4.71,Standard,Monthly,iPhone,Poor,Yes,4,1
360,44,Male,Dharan,8,127584,5732.35,68.0,1936,1476,4,4,4.37,Basic,Two Year,Android,Excellent,No,1,0
361,51,Male,Dharan,51,98113,4474.21,51.24,1874,1339,13,6,1.04,Premium,One Year,Android,Average,No,3,1
362,38,Male,Chitwan,11,247703,3437.57,115.73,1371,1345,5,8,3.68,Standard,One Year,Android,Good,Yes,0,1
363,47,Female,Biratnagar,63,106784,5164.36,192.8,604,86,8,4,2.22,Basic,One Year,iPhone,Poor,Yes,2,1
364,50,Female,Dharan,57,55282,7764.79,40.81,2394,1497,5,5,2.82,Premium,Monthly,Android,Average,Yes,5,1
365,45,Male,Bhaktapur,12,187809,1211.81,19.96,1168,281,9,3,1.38,Standard,Monthly,iPhone,Average,No,3,1
366,64,Male,Pokhara,73,248499,3425.12,24.76,2277,763,5,7,2.13,Standard,Monthly,Android,Excellent,No,2,1
367,50,Male,Butwal,2,44124,3549.54,156.84,1768,1097,9,0,3.53,Basic,Monthly,Feature Phone,Poor,No,5,1
368,22,Male,Bhaktapur,8,90102,4827.25,70.67,2200,452,9,0,1.87,Basic,Two Year,Android,Average,Yes,2,1
369,65,Female,Kathmandu,11,153268,1641.31,45.65,2224,46,14,4,3.59,Premium,Monthly,iPhone,Average,Yes,1,1
370,36,Male,Bhaktapur,53,81527,1824.82,71.22,1912,1119,5,9,4.69,Standard,Two Year,iPhone,Good,Yes,2,0
371,21,Female,Chitwan,100,150371,2640.21,129.42,2449,937,8,8,1.02,Basic,Two Year,iPhone,Poor,No,3,1
372,52,Male,Chitwan,10,150942,7669.03,109.81,993,30,9,1,4.14,Standard,Two Year,iPhone,Excellent,No,0,1
373,66,Female,Dharan,85,116651,6005.81,148.97,1462,533,6,2,3.57,Standard,Monthly,iPhone,Good,Yes,1,0
374,34,Male,Bhaktapur,84,105395,5462.7,68.48,253,16,0,7,1.19,Basic,Monthly,iPhone,Good,Yes,4,1
375,61,Male,Chitwan,112,31345,6627.18,90.95,1497,1235,0,4,4.16,Standard,Monthly,iPhone,Average,No,0,0
376,45,Female,Pokhara,8,144544,1456.82,21.29,1613,1258,13,2,1.9,Standard,Two Year,Android,Good,No,3,1
377,47,Male,Biratnagar,36,54077,6945.0,15.54,790,391,3,5,2.06,Basic,Two Year,Android,Average,Yes,1,1
378,46,Male,Bhaktapur,93,150429,4961.25,92.99,2368,1006,14,5,1.37,Basic,Monthly,Android,Average,No,5,1
379,63,Male,Butwal,106,217472,3014.97,61.02,325,353,11,4,3.14,Basic,Monthly,iPhone,Average,No,5,1
380,23,Female,Pokhara,76,32055,6618.91,122.95,21,304,1,4,2.99,Standard,One Year,Android,Good,No,2,0
381,52,Male,Dharan,14,123693,6519.23,9.56,290,508,2,5,2.39,Standard,Monthly,iPhone,Average,No,0,1
382,58,Male,Biratnagar,112,105283,6842.81,25.23,440,711,11,1,1.68,Basic,Two Year,Android,Average,Yes,1,1
383,54,Female,Butwal,54,64484,1366.38,173.17,883,1418,6,5,4.35,Standard,Two Year,Android,Good,No,4,0
384,41,Female,Dharan,114,97514,7770.21,113.7,1896,1454,13,1,4.51,Standard,One Year,Android,Average,No,4,0
385,46,Female,Butwal,85,110135,7697.2,142.7,1029,684,6,2,3.16,Standard,One Year,Android,Good,Yes,4,0
386,66,Male,Dharan,86,55771,3181.02,168.55,1080,785,13,1,1.98,Basic,One Year,iPhone,Good,No,5,1
387,63,Male,Butwal,21,208726,994.21,93.3,126,856,11,0,1.38,Standard,Monthly,Android,Average,No,1,1
388,48,Male,Biratnagar,108,197612,1752.92,152.45,1868,176,2,0,4.47,Standard,Two Year,Android,Average,No,0,0
389,52,Female,Pokhara,50,234223,7946.23,105.39,2348,1429,12,8,1.38,Standard,Two Year,Feature Phone,Average,Yes,2,1
390,50,Male,Butwal,94,130284,4722.6,45.33,1153,300,1,3,1.05,Premium,Monthly,Android,Good,No,0,1
391,69,Male,Butwal,39,137399,3174.66,68.19,568,444,14,4,2.88,Basic,Monthly,Android,Excellent,No,2,1
392,38,Female,Lalitpur,20,124885,2661.52,98.58,1640,1150,12,9,3.93,Premium,Monthly,iPhone,Average,Yes,0,1
393,49,Female,Bhaktapur,88,180449,2427.44,64.06,1857,1372,12,6,2.83,Premium,Two Year,Android,Good,No,0,1
394,40,Female,Biratnagar,87,246639,5481.15,67.77,2255,20,0,1,1.21,Standard,Monthly,Android,Good,No,1,0
395,50,Female,Dharan,7,200645,3645.41,68.14,1531,1015,8,9,3.76,Premium,One Year,Android,Good,No,4,1
396,20,Female,Biratnagar,9,193805,7740.58,25.45,1397,710,9,8,3.57,Standard,Monthly,Android,Good,No,4,1
397,35,Male,Chitwan,1,149344,5628.82,17.84,38,700,2,3,3.73,Basic,Two Year,Android,Poor,No,4,1
398,42,Female,Dharan,26,162832,6440.33,10.25,878,1443,8,9,1.84,Standard,One Year,Android,Average,Yes,4,1
399,59,Male,Biratnagar,38,133226,2695.56,23.08,1436,151,14,9,4.18,Premium,Monthly,Android,Excellent,No,0,1
400,48,Male,Pokhara,38,119250,1093.9,69.4,1304,1183,14,0,2.92,Basic,Monthly,Android,Good,Yes,4,1
401,20,Female,Dharan,118,45762,4158.67,119.18,429,858,3,7,3.15,Standard,Monthly,Android,Average,Yes,0,0
402,57,Female,Dharan,61,202058,2859.36,38.44,1446,1466,14,3,3.18,Premium,One Year,Android,Average,No,2,1
403,63,Female,Biratnagar,44,185404,2015.62,177.71,1713,95,9,6,2.15,Premium,One Year,Android,Average,Yes,3,1
404,41,Male,Dharan,86,191172,7644.82,161.87,643,1375,5,2,2.0,Basic,Monthly,Android,Excellent,Yes,3,1
405,67,Female,Lalitpur,44,156016,3829.91,104.58,675,1098,12,8,1.02,Basic,Monthly,iPhone,Good,Yes,2,1
406,49,Female,Bhaktapur,74,68825,1810.31,145.12,787,877,6,4,2.59,Basic,Monthly,Feature Phone,Good,No,0,1
407,64,Female,Dharan,119,33877,1989.88,73.9,37,639,9,4,2.94,Standard,Two Year,iPhone,Average,No,4,0
408,39,Female,Bhaktapur,62,181062,2605.32,8.32,2251,1382,13,2,3.97,Premium,Monthly,iPhone,Poor,No,1,1
409,40,Female,Biratnagar,6,149065,7994.87,180.96,2472,1156,5,8,1.27,Standard,Two Year,iPhone,Poor,Yes,0,1
410,19,Male,Butwal,17,128443,2510.09,26.43,1836,399,0,2,4.7,Premium,One Year,Android,Good,Yes,0,0
411,44,Male,Kathmandu,51,119612,2966.01,189.64,1800,1162,5,1,2.06,Premium,One Year,Android,Average,Yes,2,0
412,59,Male,Kathmandu,114,137674,5444.96,114.8,27,245,10,8,2.47,Standard,Monthly,Android,Average,Yes,2,1
413,19,Female,Butwal,38,135074,2704.71,61.81,724,1314,13,8,1.19,Basic,Monthly,Android,Average,No,1,1
414,43,Female,Butwal,24,206355,2118.53,99.61,1361,111,5,9,3.61,Basic,One Year,Android,Good,Yes,4,0
415,34,Female,Butwal,51,154330,1689.78,100.82,1179,1193,4,3,3.84,Basic,Monthly,Feature Phone,Poor,No,3,0
416,57,Male,Pokhara,10,51629,2845.12,5.63,550,1263,2,3,4.72,Basic,Monthly,Feature Phone,Good,No,5,1
417,50,Female,Kathmandu,120,188651,1294.37,71.74,2041,1360,9,9,2.35,Basic,Two Year,Android,Excellent,Yes,4,1
418,26,Female,Butwal,72,174030,639.85,148.23,1735,1161,2,5,2.03,Basic,Monthly,iPhone,Average,Yes,4,1
419,60,Female,Pokhara,21,190537,6534.81,102.5,2263,1259,10,8,3.9,Standard,Monthly,Android,Average,No,5,1
420,65,Male,Chitwan,120,236925,1534.21,49.6,1780,793,9,7,3.83,Standard,One Year,iPhone,Excellent,No,5,0
421,56,Female,Dharan,70,35775,6319.83,67.69,1366,1026,12,9,4.75,Basic,Two Year,iPhone,Good,No,0,1
422,46,Male,Pokhara,85,227647,6481.57,172.75,1816,115,6,2,1.82,Standard,Monthly,Android,Good,Yes,1,1
423,59,Female,Kathmandu,57,245705,4534.4,105.58,1705,1495,7,5,3.82,Standard,One Year,iPhone,Average,No,0,0
424,43,Male,Biratnagar,39,185279,2822.61,106.14,1822,1154,13,6,1.27,Standard,One Year,iPhone,Excellent,Yes,2,1
425,52,Male,Chitwan,88,173625,1587.75,192.33,63,933,2,5,2.92,Standard,Two Year,Android,Average,Yes,5,0
426,67,Male,Kathmandu,33,204704,6026.04,64.86,508,1424,2,2,1.48,Standard,Monthly,Android,Excellent,Yes,3,1
427,42,Female,Dharan,59,20055,5010.4,96.43,200,1224,6,8,3.61,Premium,Two Year,Feature Phone,Excellent,Yes,1,0
428,41,Female,Pokhara,18,108697,5415.9,162.53,2441,291,9,3,3.41,Basic,Monthly,iPhone,Good,No,1,1
429,30,Male,Lalitpur,56,183945,565.02,152.02,647,341,11,1,1.2,Basic,Monthly,iPhone,Good,Yes,4,1
430,24,Male,Bhaktapur,92,121505,7456.38,53.89,976,1014,6,8,2.28,Basic,Monthly,Android,Good,No,0,1
431,53,Female,Dharan,57,100720,997.18,31.07,2134,1239,10,2,2.58,Standard,Monthly,Android,Average,Yes,4,0
432,62,Female,Kathmandu,116,217277,3251.04,140.44,1568,584,8,5,1.99,Standard,One Year,iPhone,Good,Yes,4,1
433,37,Male,Butwal,96,98199,3520.34,52.27,1135,1389,13,4,1.15,Standard,One Year,Android,Excellent,No,1,1
434,18,Female,Pokhara,76,176390,510.17,184.61,1801,1492,5,1,2.28,Basic,Monthly,Android,Poor,No,3,1
435,25,Female,Butwal,48,53734,4228.17,26.72,670,1441,14,0,4.17,Standard,Monthly,Android,Excellent,No,2,0
436,63,Female,Butwal,42,233299,6146.07,64.34,1896,26,12,8,2.44,Standard,Monthly,Android,Good,Yes,4,1
437,33,Female,Butwal,27,169594,6674.51,11.9,1287,454,6,2,2.29,Basic,Monthly,Android,Good,Yes,5,1
438,31,Male,Butwal,74,162728,7095.48,140.96,360,917,10,6,4.77,Standard,Monthly,Android,Poor,No,3,1
439,29,Female,Butwal,110,166965,4157.89,178.36,1828,579,9,8,1.17,Premium,Monthly,Android,Average,No,5,1
440,68,Female,Chitwan,52,36493,5229.77,127.54,2465,13,0,8,4.07,Premium,Monthly,Feature Phone,Excellent,Yes,4,0
441,40,Male,Kathmandu,42,154704,1096.4,187.61,2164,97,6,9,2.93,Basic,Monthly,Android,Average,No,3,1
442,32,Male,Dharan,32,115872,4160.29,26.57,1374,278,1,5,4.78,Premium,Two Year,Android,Good,No,0,0
443,45,Female,Kathmandu,106,239720,1661.12,18.46,468,489,6,7,2.57,Basic,Monthly,iPhone,Good,No,5,1
444,51,Female,Dharan,26,81779,3272.32,167.84,1461,984,2,8,3.83,Standard,Monthly,Android,Average,No,2,1
445,19,Female,Bhaktapur,25,189524,2969.79,171.25,96,960,8,2,1.28,Basic,Monthly,Android,Good,No,1,1
446,49,Female,Pokhara,75,164338,3676.55,166.38,915,623,12,5,4.72,Premium,Monthly,Android,Poor,Yes,0,1
447,40,Male,Lalitpur,23,141187,4787.27,159.99,568,206,4,4,2.38,Basic,One Year,iPhone,Good,No,4,1
448,39,Male,Chitwan,98,136603,7271.57,73.08,817,1256,6,6,3.1,Basic,Two Year,iPhone,Average,No,4,0
449,68,Male,Pokhara,57,81607,3458.63,44.27,1472,596,7,6,1.55,Premium,One Year,Android,Good,No,2,1
450,42,Female,Chitwan,52,36940,7858.48,185.83,1528,694,12,8,4.78,Standard,One Year,iPhone,Excellent,Yes,5,1
451,39,Female,Dharan,104,175075,6192.71,62.09,834,1262,11,0,3.69,Premium,Monthly,Feature Phone,Average,No,5,0
452,39,Female,Kathmandu,87,147880,4336.11,80.28,2202,249,1,5,1.22,Basic,Monthly,Android,Good,Yes,2,1
453,66,Female,Butwal,93,118408,5330.2,140.21,1603,739,10,4,1.62,Standard,One Year,iPhone,Good,No,2,1
454,69,Male,Bhaktapur,31,54815,1266.68,59.38,665,305,0,3,2.6,Premium,Two Year,Android,Average,No,4,0
455,59,Male,Bhaktapur,64,181941,6833.91,164.01,1845,1486,6,9,1.87,Standard,Two Year,Android,Good,No,4,1
456,23,Female,Biratnagar,71,69297,4867.68,14.94,739,1259,14,0,2.22,Premium,Monthly,Android,Excellent,No,1,1
457,32,Male,Lalitpur,104,80107,7895.51,158.45,1542,1314,5,3,4.99,Premium,Monthly,iPhone,Excellent,No,2,0
458,60,Female,Bhaktapur,33,102793,5273.22,120.77,1089,1062,5,9,3.63,Standard,Monthly,iPhone,Poor,No,3,1
459,54,Female,Butwal,85,167754,6755.84,115.03,1486,997,1,6,4.69,Basic,Monthly,iPhone,Good,No,1,0
460,50,Male,Kathmandu,2,39622,6498.22,92.22,667,717,2,3,2.74,Basic,Two Year,Android,Good,No,3,1
461,25,Female,Lalitpur,18,50408,3090.96,56.13,811,182,3,0,3.84,Basic,Monthly,Android,Excellent,No,0,0
462,61,Female,Dharan,47,159909,2447.08,93.35,598,644,2,9,2.84,Standard,Monthly,iPhone,Poor,No,2,1
463,61,Male,Pokhara,33,215282,3728.7,90.56,2068,29,1,0,2.31,Premium,Two Year,Android,Excellent,No,1,1
464,22,Female,Dharan,101,166479,4004.31,117.17,2176,1411,2,0,3.08,Standard,Monthly,Android,Excellent,No,5,0
465,56,Female,Butwal,98,180381,2300.64,57.03,479,766,13,9,2.71,Premium,Monthly,Android,Excellent,Yes,1,1
466,21,Male,Butwal,84,222990,7209.48,16.44,2333,1166,5,4,4.92,Premium,Monthly,Android,Good,No,0,0
467,23,Female,Bhaktapur,35,113190,4569.11,29.87,1181,614,8,6,2.98,Premium,Monthly,Android,Average,Yes,0,1
468,62,Male,Lalitpur,51,169967,7838.33,140.14,63,1442,3,8,4.24,Premium,Monthly,iPhone,Good,No,0,1
469,49,Female,Kathmandu,114,237984,6575.13,5.48,1553,1004,5,7,3.67,Standard,One Year,Android,Average,No,1,0
470,69,Male,Dharan,118,20370,4667.79,171.43,1002,73,0,1,2.92,Premium,One Year,iPhone,Good,Yes,4,0
471,47,Male,Biratnagar,18,134212,7602.8,139.19,2329,1078,11,8,2.9,Standard,One Year,Android,Good,Yes,3,1
472,64,Male,Dharan,110,20486,4286.56,153.85,652,961,5,3,2.37,Standard,One Year,iPhone,Average,No,5,0
473,52,Female,Chitwan,88,43762,7153.3,167.36,2219,23,11,9,1.43,Standard,Two Year,Android,Average,No,5,1
474,57,Male,Chitwan,72,46613,3186.09,25.42,2280,1045,2,4,4.05,Standard,Monthly,Feature Phone,Poor,Yes,3,0
475,69,Male,Kathmandu,30,23196,3339.82,164.67,1277,427,8,4,4.67,Standard,Two Year,Android,Average,No,5,0
476,33,Male,Kathmandu,44,246009,3635.98,101.42,642,1055,3,3,1.87,Standard,Monthly,iPhone,Good,Yes,0,1
477,30,Male,Chitwan,53,120565,4599.69,177.22,1997,862,6,5,4.7,Basic,Monthly,Android,Average,No,5,1
478,67,Male,Biratnagar,10,96349,4651.18,177.43,380,338,3,0,1.93,Basic,Monthly,iPhone,Excellent,No,4,1
479,59,Female,Lalitpur,87,84839,4222.99,5.81,2387,511,10,1,3.12,Standard,Monthly,Android,Good,No,4,0
480,47,Female,Chitwan,52,192988,2795.01,77.19,2289,1093,5,3,2.37,Premium,Two Year,Android,Good,Yes,0,1
481,36,Female,Kathmandu,49,28572,7454.05,105.75,229,671,13,3,1.46,Standard,Monthly,Android,Average,No,2,1
482,34,Female,Bhaktapur,11,179297,4914.4,135.99,950,1111,6,7,1.21,Basic,Monthly,iPhone,Excellent,Yes,1,1
483,36,Female,Pokhara,66,65853,3558.04,57.95,1626,876,1,8,2.46,Premium,One Year,Android,Excellent,No,2,1
484,45,Female,Biratnagar,58,200462,5383.83,51.18,508,570,9,3,1.19,Premium,Monthly,iPhone,Average,No,4,1
485,43,Female,Butwal,90,183347,6259.75,76.87,620,763,5,5,1.42,Premium,Two Year,Feature Phone,Average,No,0,1
486,54,Male,Biratnagar,36,92379,7705.46,100.69,793,1242,7,3,1.57,Standard,Two Year,Android,Good,No,1,1
487,43,Female,Bhaktapur,33,152177,4246.62,190.28,897,712,14,3,1.01,Basic,Monthly,Feature Phone,Good,Yes,3,1
488,40,Male,Bhaktapur,47,136074,1340.74,152.66,1507,588,12,8,1.61,Basic,Monthly,Android,Average,Yes,5,1
489,26,Male,Butwal,13,210968,3805.74,86.43,719,766,12,3,3.31,Standard,Monthly,iPhone,Excellent,No,4,1
490,29,Female,Dharan,40,63209,4092.28,11.82,2480,1293,14,5,4.28,Basic,Monthly,Feature Phone,Good,No,1,1
491,18,Male,Kathmandu,89,248247,7227.46,34.54,1977,818,11,8,1.77,Basic,Monthly,Feature Phone,Good,Yes,1,1
492,18,Male,Chitwan,68,193559,3461.01,91.73,275,77,5,2,1.32,Premium,Monthly,Android,Average,Yes,2,1
493,64,Male,Dharan,42,169123,7649.93,162.95,1193,9,1,6,3.92,Standard,One Year,Feature Phone,Average,No,3,0
494,51,Male,Lalitpur,19,114244,4138.49,76.76,2194,1491,3,6,1.03,Basic,Monthly,Android,Average,Yes,2,1
495,49,Female,Biratnagar,82,228472,7803.35,108.16,411,1359,0,0,3.94,Basic,Monthly,Android,Average,No,2,0
496,65,Female,Butwal,101,120300,561.49,178.47,1012,635,14,1,1.52,Standard,Monthly,Android,Excellent,No,2,1
497,42,Female,Biratnagar,94,218033,7241.12,182.85,2469,1209,6,4,1.91,Basic,One Year,Android,Good,No,2,1
498,57,Female,Dharan,19,211228,7483.4,43.94,2341,1144,7,7,1.48,Standard,Monthly,iPhone,Excellent,No,4,1
499,62,Female,Bhaktapur,58,134682,7707.66,9.68,864,591,9,5,1.99,Basic,Monthly,Android,Excellent,No,3,1
500,18,Female,Chitwan,23,77175,598.07,61.78,158,717,1,6,4.19,Premium,Monthly,Feature Phone,Poor,No,2,1
501,33,Female,Biratnagar,54,157921,1787.76,139.46,122,564,9,2,1.53,Premium,Monthly,iPhone,Average,No,4,1
502,56,Female,Lalitpur,80,121551,5403.23,190.27,1285,1297,14,5,4.98,Standard,Monthly,Feature Phone,Excellent,No,5,0
503,22,Female,Bhaktapur,65,38976,691.05,16.33,1160,409,4,8,2.31,Premium,Two Year,iPhone,Good,No,4,1
504,39,Female,Lalitpur,12,150617,977.07,6.67,1257,357,10,2,4.69,Basic,One Year,iPhone,Good,Yes,1,0
505,46,Male,Chitwan,24,119794,2158.09,176.95,503,97,7,5,1.76,Standard,One Year,Android,Good,No,1,1
506,20,Female,Biratnagar,34,76866,4343.3,149.88,243,1006,10,6,1.75,Standard,Two Year,Android,Excellent,No,0,1
507,29,Male,Pokhara,53,137752,4594.27,198.46,1313,240,7,4,3.26,Standard,One Year,Android,Good,Yes,4,0
508,43,Male,Dharan,8,67078,756.96,79.96,1868,556,14,9,1.2,Basic,One Year,Android,Excellent,Yes,0,1
509,33,Male,Biratnagar,18,51113,1777.75,83.79,1904,710,4,7,4.2,Basic,Monthly,Android,Excellent,Yes,4,1
510,68,Male,Dharan,57,35401,4247.79,35.29,2181,1137,7,7,2.76,Basic,One Year,iPhone,Good,No,2,0
511,54,Female,Chitwan,112,163956,4954.55,24.05,1484,1264,13,5,3.8,Standard,Monthly,Android,Good,Yes,2,1
512,39,Male,Biratnagar,5,235432,1613.01,116.16,663,155,5,6,1.7,Premium,Monthly,Android,Average,Yes,0,1
513,46,Female,Dharan,26,188635,3491.31,73.49,1275,351,14,2,3.57,Standard,Monthly,Android,Average,No,2,0
514,31,Female,Butwal,30,185486,7283.01,16.98,477,43,14,6,3.38,Premium,One Year,Android,Good,No,2,1
515,45,Male,Dharan,54,167214,7991.74,177.51,2442,591,4,6,4.02,Basic,Monthly,iPhone,Poor,Yes,1,1
516,22,Female,Biratnagar,13,91492,7904.11,40.47,1647,1335,12,3,2.19,Premium,One Year,iPhone,Excellent,No,2,1
517,64,Male,Kathmandu,83,230536,7112.56,149.97,630,137,13,9,4.73,Standard,One Year,Feature Phone,Good,Yes,1,1
518,66,Male,Biratnagar,29,226329,3459.95,57.16,226,435,10,3,4.85,Basic,Monthly,Android,Excellent,Yes,3,0
519,47,Female,Biratnagar,3,96693,5649.31,162.77,1563,753,3,2,4.47,Standard,Monthly,Android,Average,Yes,4,1
520,63,Female,Dharan,90,55135,3624.44,24.56,1486,142,4,9,3.29,Standard,Monthly,Android,Excellent,No,1,1
521,69,Male,Lalitpur,104,223304,5363.95,151.46,936,1023,11,6,2.68,Basic,Monthly,Feature Phone,Good,No,5,0
522,22,Female,Pokhara,58,47862,2820.74,20.53,2388,1322,3,4,1.23,Premium,One Year,Android,Excellent,Yes,5,0
523,29,Female,Lalitpur,76,156262,5046.52,89.94,2160,261,0,2,4.79,Premium,One Year,Android,Average,Yes,1,0
524,33,Female,Dharan,2,90199,4428.19,147.07,1451,511,2,5,4.81,Basic,Monthly,Android,Good,Yes,1,1
525,43,Male,Lalitpur,75,125366,683.6,35.47,1201,672,7,5,1.07,Standard,Two Year,Android,Good,No,5,1
526,43,Male,Bhaktapur,108,24331,6430.27,57.85,2166,61,6,5,2.43,Basic,Two Year,Android,Average,No,4,1
527,65,Female,Kathmandu,28,203258,589.23,173.09,2292,1446,11,1,4.52,Premium,Monthly,iPhone,Average,No,4,0
528,38,Female,Lalitpur,82,64648,2698.67,177.14,871,1419,14,9,1.32,Basic,One Year,iPhone,Excellent,No,4,1
529,56,Female,Butwal,77,48549,544.43,9.94,460,30,6,6,1.79,Basic,Monthly,Android,Poor,No,5,1
530,53,Female,Chitwan,101,232854,3321.51,34.45,739,1353,10,6,4.91,Standard,One Year,Android,Average,Yes,2,0
531,50,Female,Butwal,86,45761,973.7,24.38,604,948,2,9,4.39,Basic,Monthly,Android,Average,Yes,1,0
532,47,Male,Chitwan,76,23262,7351.33,36.76,2034,801,8,3,4.65,Basic,One Year,iPhone,Excellent,Yes,4,0
533,54,Female,Biratnagar,2,202331,3617.59,194.07,83,1192,14,5,1.57,Basic,Monthly,iPhone,Good,No,3,1
534,40,Male,Bhaktapur,101,92572,3946.22,110.78,787,265,5,3,1.85,Basic,Two Year,Feature Phone,Average,No,5,1
535,27,Female,Kathmandu,7,204544,3123.88,94.15,579,307,7,3,3.42,Basic,Monthly,Android,Good,No,4,1
536,22,Male,Butwal,26,107858,5206.3,196.91,1753,458,7,5,3.01,Premium,Monthly,iPhone,Excellent,Yes,0,1
537,53,Female,Kathmandu,90,104667,6383.06,111.83,689,1208,2,8,2.19,Premium,Monthly,Feature Phone,Poor,Yes,0,1
538,51,Male,Butwal,88,24677,5361.1,132.56,1562,333,3,6,4.54,Standard,One Year,iPhone,Poor,Yes,1,0
539,69,Female,Biratnagar,76,224580,6111.55,67.22,1291,514,13,1,4.61,Standard,One Year,Android,Poor,No,1,0
540,48,Male,Chitwan,16,150334,7294.8,77.04,2435,440,5,5,2.17,Standard,Two Year,iPhone,Good,No,1,1
541,27,Male,Pokhara,23,231937,6976.6,119.29,637,672,1,4,1.62,Standard,Two Year,iPhone,Good,No,2,1
542,36,Male,Bhaktapur,40,121437,5555.44,14.89,2014,390,11,5,1.6,Standard,One Year,Android,Good,No,5,1
543,49,Male,Butwal,60,201689,2109.78,51.92,1141,934,11,7,2.94,Standard,Monthly,Android,Good,Yes,0,1
544,18,Male,Butwal,73,237101,5282.77,40.17,1311,559,10,7,1.53,Standard,Monthly,iPhone,Average,Yes,0,1
545,22,Male,Biratnagar,32,169667,4295.62,4.16,1103,253,11,2,2.89,Standard,Two Year,iPhone,Average,Yes,1,1
546,62,Female,Bhaktapur,15,238531,5879.14,107.84,2478,1358,6,8,2.85,Standard,Two Year,Feature Phone,Average,Yes,5,1
547,21,Male,Chitwan,101,80148,6746.99,112.65,1183,1423,1,5,4.54,Standard,Monthly,Android,Average,No,0,0
548,33,Female,Chitwan,13,66926,6070.41,77.4,1952,1189,10,6,2.18,Premium,One Year,iPhone,Average,No,0,1
549,41,Female,Butwal,5,95271,6849.21,54.48,1371,1283,4,8,3.24,Standard,One Year,Android,Good,Yes,2,1
550,33,Female,Pokhara,75,54457,979.0,130.76,483,1027,11,6,3.97,Premium,One Year,Feature Phone,Average,Yes,3,0
551,19,Female,Pokhara,74,62531,737.15,27.8,1680,118,3,9,3.38,Premium,Two Year,Android,Good,No,1,0
552,66,Female,Kathmandu,52,224335,2438.75,104.2,1968,995,8,8,4.82,Basic,Monthly,Android,Good,No,3,0
553,45,Male,Bhaktapur,77,224372,7255.0,153.85,2230,469,12,0,3.41,Standard,Two Year,Android,Average,No,3,0
554,49,Male,Bhaktapur,41,148027,6677.44,33.7,79,1493,12,0,4.61,Standard,Monthly,iPhone,Good,Yes,2,0
555,44,Male,Chitwan,53,214243,5620.45,150.9,352,784,14,2,1.98,Standard,Monthly,Android,Good,No,0,1
556,37,Female,Kathmandu,110,65771,5755.69,152.4,95,1093,1,8,3.24,Standard,Monthly,iPhone,Excellent,Yes,1,0
557,41,Male,Biratnagar,50,113135,5950.03,12.93,1798,693,6,0,3.17,Basic,One Year,Android,Excellent,No,4,0
558,29,Male,Bhaktapur,15,86354,7569.52,4.74,2384,864,12,0,4.96,Premium,One Year,Android,Good,Yes,3,0
559,67,Male,Kathmandu,106,132743,6741.43,194.81,209,775,6,4,1.82,Premium,One Year,Android,Good,Yes,5,1
560,52,Male,Kathmandu,120,188361,5175.43,39.48,1932,1393,6,7,1.56,Standard,One Year,Android,Average,Yes,3,1
561,50,Male,Butwal,7,53892,5492.87,164.61,315,180,0,1,3.45,Basic,One Year,Android,Good,Yes,2,0
562,50,Female,Chitwan,40,222268,2103.05,112.81,196,1028,7,3,1.89,Premium,Monthly,iPhone,Excellent,Yes,3,1
563,68,Male,Kathmandu,28,149662,5429.89,53.63,819,1220,1,5,3.56,Standard,Two Year,Android,Good,No,3,1
564,60,Female,Dharan,32,115057,3685.09,26.86,825,46,14,0,4.89,Standard,Monthly,Android,Average,Yes,3,0
565,54,Female,Pokhara,99,58409,1647.21,99.84,1762,633,14,3,4.79,Standard,One Year,Android,Good,No,2,0
566,29,Female,Dharan,15,185542,6548.02,82.06,234,1163,4,3,1.92,Premium,Monthly,Android,Excellent,No,0,1
567,20,Female,Pokhara,112,169457,4326.85,140.08,1899,1450,1,8,1.68,Basic,Monthly,Android,Average,Yes,5,1
568,18,Female,Lalitpur,100,174368,7830.69,180.93,616,588,12,8,3.24,Premium,Monthly,Feature Phone,Good,No,3,1
569,50,Male,Chitwan,85,138566,2612.6,161.24,1737,309,4,5,3.35,Standard,Two Year,Android,Average,No,1,0
570,57,Male,Butwal,70,81716,4105.03,55.62,1375,273,6,7,3.65,Standard,Monthly,iPhone,Average,Yes,5,0
571,27,Male,Biratnagar,65,109152,3859.97,175.91,147,839,5,9,3.97,Basic,Monthly,iPhone,Average,No,3,1
572,60,Female,Dharan,4,46382,1405.85,166.84,1312,1413,12,3,3.4,Basic,One Year,Android,Average,No,3,1
573,61,Male,Dharan,11,96675,3695.86,185.9,1578,458,14,9,1.45,Basic,Monthly,iPhone,Average,No,1,1
574,46,Male,Lalitpur,108,248668,2656.65,92.27,1797,732,11,7,4.16,Basic,Two Year,Android,Good,Yes,2,0
575,30,Female,Pokhara,26,42419,1702.4,153.95,638,360,4,2,1.32,Basic,Two Year,Android,Good,No,4,0
576,29,Female,Butwal,61,244393,2616.17,118.74,2415,1017,3,1,1.08,Standard,One Year,iPhone,Poor,No,1,1
577,48,Female,Lalitpur,37,101238,2249.39,62.79,161,1092,7,5,4.08,Basic,Monthly,iPhone,Excellent,Yes,4,0
578,63,Female,Chitwan,23,245825,6005.55,198.89,264,661,10,4,3.19,Basic,Monthly,Feature Phone,Average,No,0,1
579,19,Male,Butwal,93,190363,730.81,8.62,1333,698,13,7,3.79,Standard,Monthly,iPhone,Good,No,0,1
580,68,Female,Chitwan,85,32397,5130.97,33.29,1734,1454,7,0,2.53,Basic,Monthly,Android,Average,No,3,0
581,67,Female,Kathmandu,112,77888,6204.96,178.62,1155,884,0,9,1.04,Standard,Monthly,iPhone,Average,Yes,5,1
582,52,Male,Bhaktapur,109,55169,4105.43,13.05,2281,757,9,2,2.32,Standard,Two Year,iPhone,Good,Yes,3,1
583,40,Male,Kathmandu,109,82182,7486.74,177.48,1929,1055,1,6,3.43,Basic,One Year,iPhone,Good,Yes,2,0
584,34,Female,Chitwan,113,112476,5809.11,143.33,2267,620,2,9,1.9,Basic,Monthly,iPhone,Good,Yes,4,1
585,43,Male,Dharan,91,62249,6109.43,8.3,2472,181,12,3,3.75,Standard,Monthly,Feature Phone,Good,No,0,1
586,25,Female,Butwal,103,179413,1977.0,86.43,440,685,0,9,4.18,Basic,One Year,Android,Good,No,0,0
587,46,Female,Pokhara,40,95603,6329.72,151.14,26,680,10,4,2.82,Premium,Monthly,Android,Poor,No,3,1
588,43,Male,Biratnagar,77,197216,6740.71,117.04,1568,247,2,7,4.5,Standard,Two Year,iPhone,Good,No,3,0
589,27,Male,Pokhara,23,212844,3209.5,187.24,2353,619,9,0,4.42,Basic,Monthly,iPhone,Good,Yes,2,0
590,43,Female,Butwal,16,99360,2100.22,173.66,690,1320,11,0,4.51,Standard,Two Year,iPhone,Average,No,3,1
591,51,Female,Kathmandu,94,33444,3387.88,67.2,2456,29,7,6,3.64,Standard,One Year,Android,Poor,No,5,0
592,68,Female,Biratnagar,61,196719,6047.06,17.84,435,1325,3,8,2.22,Basic,Two Year,Android,Average,No,3,1
593,58,Male,Butwal,68,143662,3632.29,188.91,1026,1499,12,3,2.93,Basic,Monthly,Android,Average,No,5,0
594,24,Female,Chitwan,104,118843,6024.89,103.94,1756,872,12,7,3.84,Standard,Monthly,iPhone,Good,No,5,1
595,21,Female,Dharan,80,30974,1351.73,15.81,447,947,6,9,1.84,Premium,One Year,Android,Good,No,2,1
596,67,Female,Pokhara,31,132150,6545.09,163.5,353,1375,6,6,3.96,Basic,Two Year,iPhone,Good,No,3,1
597,62,Female,Chitwan,53,189455,2399.06,173.83,2339,984,10,1,3.19,Standard,One Year,Feature Phone,Excellent,No,5,0
598,28,Female,Biratnagar,106,114826,2366.97,128.25,2386,316,4,4,1.38,Basic,One Year,Android,Average,No,5,1
599,46,Male,Biratnagar,25,232624,4927.86,90.05,546,736,11,8,3.23,Standard,Monthly,Android,Average,Yes,3,1
600,53,Female,Pokhara,44,117648,1025.89,132.77,1215,1420,0,8,1.27,Standard,Monthly,Android,Good,No,3,1
601,42,Female,Chitwan,12,245121,697.23,141.63,1773,1112,9,2,1.06,Standard,Monthly,Android,Excellent,Yes,4,1
602,38,Female,Lalitpur,90,154028,2457.71,178.71,1692,1257,3,2,4.56,Premium,One Year,Android,Good,No,0,0
603,53,Female,Chitwan,101,159149,4535.51,191.22,2388,167,6,1,2.96,Basic,Monthly,Android,Good,No,1,0
604,27,Male,Biratnagar,112,56490,7307.12,103.35,1575,742,13,6,3.17,Standard,Monthly,Android,Excellent,No,0,1
605,54,Male,Chitwan,97,144713,6848.26,159.9,2048,125,4,5,2.12,Basic,One Year,Android,Good,Yes,4,1
606,26,Male,Dharan,92,75612,4178.35,192.94,1674,572,1,4,3.17,Premium,Two Year,iPhone,Good,Yes,1,0
607,41,Female,Butwal,9,120474,777.89,31.1,473,119,13,6,1.68,Premium,One Year,Feature Phone,Excellent,No,0,1
608,52,Female,Kathmandu,12,56159,4514.4,4.64,765,1451,7,3,3.98,Premium,One Year,Android,Poor,Yes,2,0
609,66,Male,Dharan,69,59710,5785.97,173.92,1923,1008,1,4,4.29,Basic,Two Year,iPhone,Excellent,No,4,0
610,52,Male,Lalitpur,54,234608,3043.73,39.86,948,1213,10,8,4.42,Standard,Monthly,Android,Average,No,2,1
611,65,Male,Bhaktapur,116,164878,1332.97,9.45,867,1451,7,8,1.43,Standard,Monthly,Android,Excellent,No,2,1
612,53,Female,Butwal,54,133096,2589.26,32.86,887,559,12,3,3.23,Premium,One Year,iPhone,Average,No,0,1
613,35,Female,Kathmandu,28,229417,6286.92,77.44,793,1225,10,5,4.24,Standard,Monthly,Android,Good,Yes,5,1
614,66,Male,Bhaktapur,56,231463,3134.33,44.63,2150,1082,1,1,1.51,Premium,Monthly,Android,Excellent,No,1,0
615,56,Male,Pokhara,99,127412,6589.86,61.75,562,696,10,2,1.4,Standard,Monthly,Android,Average,No,5,1
616,49,Male,Bhaktapur,69,114924,2896.41,195.08,341,222,4,8,4.27,Standard,One Year,Feature Phone,Good,No,3,0
617,41,Female,Butwal,98,26458,1726.66,141.18,805,1034,3,5,4.19,Basic,Monthly,Android,Average,No,3,0
618,40,Female,Chitwan,110,150993,3768.86,142.73,559,792,0,7,2.79,Basic,Monthly,iPhone,Poor,Yes,4,0
619,49,Female,Butwal,98,55524,3892.06,19.84,2319,813,13,4,1.44,Basic,Monthly,iPhone,Excellent,No,2,1
620,54,Male,Dharan,77,157925,620.81,146.69,1808,309,11,1,3.06,Basic,Monthly,Android,Average,No,4,0
621,29,Male,Bhaktapur,103,60477,1377.84,148.13,468,1011,7,6,2.58,Basic,Two Year,Android,Good,No,0,0
622,66,Female,Biratnagar,106,52222,1886.95,132.29,509,748,9,5,3.07,Premium,Two Year,Android,Average,No,2,0
623,30,Male,Kathmandu,109,38320,1351.9,46.46,1925,1057,11,1,2.76,Standard,Two Year,Android,Excellent,No,3,0
624,40,Female,Kathmandu,112,114154,3061.45,85.18,483,1018,2,5,3.27,Premium,Two Year,Android,Good,No,0,0
625,42,Male,Bhaktapur,58,72243,7734.67,169.41,333,1363,12,7,3.91,Standard,Monthly,Android,Good,No,0,1
626,52,Male,Kathmandu,78,196687,4319.17,134.37,1975,480,3,0,4.1,Premium,Two Year,Android,Excellent,Yes,5,0
627,58,Male,Biratnagar,75,168424,5206.67,146.82,404,573,3,3,3.6,Standard,Monthly,Android,Poor,No,4,0
628,47,Male,Butwal,42,92833,3172.9,117.89,314,824,4,0,1.8,Basic,One Year,Android,Good,Yes,4,0
629,34,Female,Kathmandu,38,113476,2926.16,90.47,1258,1116,2,1,2.59,Standard,Monthly,Android,Good,No,5,0
630,66,Male,Bhaktapur,68,134560,673.6,152.05,781,627,8,0,1.28,Standard,Two Year,Feature Phone,Average,Yes,1,0
631,37,Female,Lalitpur,53,154275,4252.5,14.52,1118,1156,3,5,2.81,Standard,Monthly,Android,Good,Yes,3,1
632,65,Female,Lalitpur,33,59267,4127.07,134.96,2411,843,13,5,4.88,Premium,Monthly,iPhone,Good,No,3,1
633,42,Female,Pokhara,71,57941,1683.73,199.44,1757,988,9,0,3.57,Standard,Two Year,Feature Phone,Good,No,4,0
634,39,Male,Dharan,56,102809,6232.43,156.26,2209,418,14,3,1.62,Standard,One Year,Android,Average,No,3,1
635,30,Female,Kathmandu,105,45368,4195.06,58.82,1242,1491,10,3,2.07,Premium,One Year,Android,Average,No,3,1
636,36,Female,Dharan,72,97186,3042.45,56.29,1962,1467,10,7,1.26,Standard,One Year,Android,Average,Yes,0,1
637,66,Female,Butwal,101,50984,1601.82,133.78,2473,29,3,5,1.73,Basic,Monthly,Feature Phone,Average,No,5,1
638,53,Male,Bhaktapur,51,193013,4641.21,179.27,247,297,5,1,2.95,Standard,One Year,iPhone,Average,No,5,0
639,29,Male,Kathmandu,74,223990,6146.13,116.01,430,1084,14,4,2.38,Standard,Monthly,Android,Good,Yes,2,1
640,58,Female,Chitwan,43,203755,2615.0,105.95,710,457,7,3,1.82,Standard,Two Year,iPhone,Good,No,2,0
641,36,Male,Biratnagar,15,20801,2140.96,32.92,897,303,12,9,1.59,Premium,One Year,iPhone,Excellent,Yes,1,1
642,29,Female,Kathmandu,38,126538,4414.51,143.38,806,957,6,3,3.62,Basic,Two Year,Android,Good,Yes,2,0
643,26,Female,Kathmandu,15,132201,1665.07,140.76,2129,339,3,7,3.23,Standard,Monthly,iPhone,Average,No,5,1
644,24,Male,Dharan,5,67965,5499.6,193.42,1370,447,3,4,4.37,Premium,Monthly,iPhone,Poor,No,3,1
645,45,Female,Dharan,93,105269,5040.08,60.74,1759,1325,4,2,1.73,Standard,Monthly,Android,Good,Yes,5,0
646,31,Male,Lalitpur,83,161041,1153.12,151.53,2006,880,9,9,4.39,Standard,Monthly,Feature Phone,Excellent,Yes,0,1
647,48,Male,Biratnagar,54,55969,773.9,87.38,898,539,4,3,3.31,Standard,Monthly,Android,Good,No,5,0
648,69,Female,Bhaktapur,51,233341,5152.16,112.14,1627,484,11,0,2.06,Standard,Two Year,iPhone,Good,No,2,1
649,36,Male,Kathmandu,10,183521,2707.2,163.47,1633,76,0,5,2.09,Standard,Monthly,Android,Average,Yes,3,1
650,64,Male,Lalitpur,12,111679,1148.34,45.18,2423,514,12,9,2.56,Premium,One Year,Feature Phone,Good,No,5,1
651,33,Female,Dharan,118,176777,6195.72,69.23,90,943,7,3,2.84,Basic,Monthly,iPhone,Good,No,3,0
652,22,Female,Pokhara,4,211375,2855.33,154.89,2330,658,9,5,1.33,Standard,Monthly,iPhone,Average,Yes,4,1
653,52,Male,Biratnagar,95,48363,3947.0,114.52,325,91,12,1,4.37,Basic,One Year,Feature Phone,Good,No,5,0
654,29,Male,Lalitpur,18,181792,2276.1,19.39,781,465,4,4,1.49,Standard,Two Year,Android,Average,Yes,4,1
655,42,Female,Lalitpur,80,161044,5204.88,86.61,607,465,2,8,2.93,Standard,Monthly,Android,Good,Yes,2,0
656,69,Male,Butwal,104,53351,2761.16,117.74,2141,1063,2,7,2.53,Basic,Monthly,Android,Good,Yes,4,0
657,38,Male,Lalitpur,36,131023,7760.16,181.99,2209,689,3,2,3.05,Standard,Monthly,Android,Good,Yes,3,0
658,53,Male,Butwal,25,187217,5772.11,38.51,1628,1352,11,0,4.55,Basic,Two Year,Android,Good,No,3,0
659,40,Male,Kathmandu,87,107948,1525.42,161.38,121,1308,6,9,4.96,Standard,One Year,iPhone,Good,No,4,0
660,33,Male,Kathmandu,76,240686,3625.21,26.99,1649,946,4,2,1.08,Standard,Two Year,iPhone,Excellent,No,0,0
661,56,Male,Dharan,98,239188,3390.66,49.2,1624,553,0,7,2.57,Basic,Monthly,Android,Good,No,4,1
662,62,Male,Pokhara,36,76235,4506.85,49.43,212,1089,13,2,4.27,Basic,Two Year,Feature Phone,Good,Yes,0,0
663,59,Female,Chitwan,101,34855,6814.48,175.62,1105,108,11,4,2.31,Standard,Two Year,iPhone,Average,Yes,4,1
664,56,Female,Chitwan,67,187241,4875.67,40.6,2477,1438,12,1,3.6,Standard,Two Year,Feature Phone,Good,No,3,0
665,31,Female,Chitwan,9,197476,961.68,157.61,319,91,4,0,4.97,Basic,Monthly,Feature Phone,Poor,Yes,5,1
666,48,Female,Dharan,61,170641,5415.62,92.9,473,1002,13,9,3.59,Premium,One Year,Android,Poor,No,3,1
667,22,Female,Butwal,53,145074,561.99,199.82,638,367,4,4,1.44,Basic,One Year,iPhone,Average,No,4,1
668,52,Male,Dharan,18,74437,6349.7,167.98,656,819,5,4,4.37,Standard,One Year,Android,Good,Yes,1,0
669,40,Male,Biratnagar,43,199578,5499.77,148.2,2368,422,13,5,4.87,Standard,Monthly,iPhone,Good,Yes,0,1
670,46,Male,Biratnagar,35,176810,2815.89,174.27,798,571,6,1,3.85,Basic,One Year,iPhone,Excellent,Yes,1,0
671,60,Male,Pokhara,63,157844,2693.31,127.17,1499,861,4,8,2.68,Basic,Two Year,Android,Good,Yes,3,0
672,28,Female,Biratnagar,119,110410,6487.05,168.89,2269,1263,14,1,4.79,Standard,One Year,Feature Phone,Average,Yes,0,0
673,35,Male,Chitwan,98,39731,6375.03,52.96,2369,434,12,1,4.87,Basic,One Year,iPhone,Good,No,5,0
674,64,Male,Chitwan,105,161203,3142.27,20.44,2064,211,10,4,4.74,Basic,One Year,Feature Phone,Good,No,4,0
675,29,Female,Dharan,78,86324,2742.11,123.57,1667,1423,13,8,2.65,Standard,One Year,Android,Good,No,0,1
676,26,Male,Lalitpur,4,205169,4698.69,87.5,356,525,1,3,4.16,Standard,Monthly,Feature Phone,Good,Yes,0,1
677,27,Male,Biratnagar,93,101720,562.74,85.86,2099,467,13,5,3.62,Basic,Monthly,iPhone,Poor,No,2,1
678,61,Female,Dharan,41,116433,1120.0,105.82,2014,1193,1,1,1.72,Standard,One Year,iPhone,Good,Yes,5,0
679,34,Male,Kathmandu,45,22889,1446.27,72.92,2027,791,12,3,3.14,Standard,Monthly,iPhone,Good,No,0,1
680,55,Male,Kathmandu,50,29569,1890.59,125.59,1802,874,3,8,3.99,Standard,One Year,iPhone,Excellent,No,5,0
681,24,Male,Lalitpur,79,107193,4340.14,7.08,1091,209,0,1,4.58,Standard,Two Year,iPhone,Average,Yes,3,0
682,63,Male,Lalitpur,28,226749,7941.81,194.01,2051,255,6,0,4.45,Premium,One Year,Android,Good,Yes,5,0
683,30,Male,Lalitpur,42,105192,5394.6,185.02,1293,72,12,3,1.62,Standard,Two Year,iPhone,Good,No,1,1
684,57,Female,Dharan,80,107154,959.74,187.12,1269,146,0,3,2.95,Basic,Monthly,iPhone,Average,No,1,0
685,59,Female,Kathmandu,76,228542,4441.85,73.64,1315,1363,2,0,2.91,Basic,Monthly,iPhone,Good,Yes,5,0
686,26,Female,Chitwan,116,128073,4224.84,106.85,347,316,9,3,4.59,Basic,Monthly,Android,Excellent,No,4,0
687,67,Female,Lalitpur,69,239894,1581.26,190.87,816,605,6,2,1.01,Basic,Two Year,Android,Good,Yes,2,1
688,44,Female,Pokhara,98,27612,7402.04,180.57,1223,574,10,1,3.95,Basic,Two Year,Android,Poor,Yes,1,0
689,19,Female,Butwal,106,71644,3805.74,158.26,684,1177,11,9,3.47,Standard,Monthly,iPhone,Average,Yes,1,1
690,22,Male,Dharan,1,52069,7959.19,82.06,982,1278,11,3,4.69,Basic,Monthly,Android,Poor,No,0,1
691,46,Female,Lalitpur,39,101741,3650.54,113.3,1649,1374,5,7,2.83,Standard,Monthly,Android,Average,Yes,5,1
692,54,Female,Butwal,96,178403,5059.68,158.79,1413,546,14,6,3.63,Standard,One Year,iPhone,Good,No,3,0
693,55,Male,Bhaktapur,90,75897,1285.72,55.33,1288,834,14,8,4.89,Premium,One Year,Android,Good,No,5,0
694,36,Male,Lalitpur,17,165006,3906.71,125.66,1203,311,6,7,3.98,Standard,One Year,Feature Phone,Good,Yes,5,1
695,25,Female,Kathmandu,112,161167,2290.74,165.76,392,807,4,0,1.27,Premium,Two Year,Android,Good,No,3,0
696,65,Male,Biratnagar,91,242566,6766.74,141.78,304,764,7,1,1.67,Premium,One Year,Feature Phone,Good,No,4,1
697,62,Female,Lalitpur,88,122544,6379.4,96.42,826,133,5,1,4.29,Premium,Monthly,Android,Good,Yes,3,0
698,18,Male,Dharan,35,38706,6681.35,117.34,666,947,11,7,2.34,Standard,Monthly,Android,Average,No,1,1
699,39,Female,Biratnagar,46,194588,5927.07,197.75,1624,1152,3,3,3.82,Standard,Two Year,Android,Good,No,0,0
700,69,Male,Bhaktapur,42,123602,6745.12,120.8,2203,435,13,8,3.8,Standard,One Year,iPhone,Average,No,3,0
701,34,Male,Pokhara,118,248080,2006.22,157.34,115,1303,10,1,4.97,Standard,Monthly,Android,Excellent,No,2,0
702,24,Female,Biratnagar,39,54629,3890.33,145.59,293,357,0,3,2.88,Basic,Monthly,Android,Excellent,No,2,0
703,42,Female,Butwal,90,197982,5688.85,140.6,1220,929,1,0,3.95,Basic,One Year,Feature Phone,Good,Yes,2,0
704,62,Female,Chitwan,49,239612,5280.44,143.56,1792,882,11,2,1.2,Basic,Monthly,Android,Good,No,3,1
705,21,Female,Lalitpur,62,144746,5872.66,91.43,803,251,5,5,2.85,Basic,One Year,iPhone,Good,Yes,0,0
706,53,Female,Bhaktapur,38,40431,2181.94,95.36,1320,134,3,8,1.75,Basic,One Year,iPhone,Good,Yes,3,1
707,23,Male,Bhaktapur,23,207805,1238.26,94.1,151,522,2,0,4.36,Standard,Monthly,Android,Average,No,1,0
708,48,Female,Biratnagar,22,60088,7376.05,7.62,1410,803,6,4,4.36,Basic,One Year,iPhone,Average,Yes,3,1
709,36,Female,Pokhara,4,195207,4701.29,48.97,2440,659,6,1,1.95,Standard,Monthly,iPhone,Excellent,No,5,1
710,61,Male,Kathmandu,49,189087,1653.69,31.76,1169,318,1,6,2.27,Premium,Monthly,Android,Average,No,2,1
711,56,Male,Lalitpur,59,51385,6450.77,177.4,1830,79,7,3,3.81,Standard,Monthly,Android,Good,No,2,0
712,44,Female,Bhaktapur,73,90199,7361.97,55.72,2050,1214,14,4,3.95,Premium,One Year,iPhone,Excellent,Yes,5,0
713,27,Male,Pokhara,68,58677,1771.73,28.55,827,1476,14,7,3.63,Basic,One Year,Android,Good,No,0,1
714,43,Male,Chitwan,71,138104,6630.59,24.83,763,1367,10,1,4.99,Premium,Monthly,Android,Good,Yes,4,0
715,36,Female,Bhaktapur,87,32818,7499.19,140.3,70,1053,0,2,4.47,Basic,Two Year,iPhone,Excellent,Yes,2,0
716,56,Male,Pokhara,2,239294,7537.71,2.21,1201,413,10,4,2.67,Premium,Monthly,Android,Good,No,2,1
717,20,Male,Dharan,49,83001,7356.17,94.79,75,367,9,9,2.31,Basic,One Year,Feature Phone,Good,No,4,1
718,62,Female,Kathmandu,88,175049,4598.16,24.66,763,1006,6,3,3.39,Standard,One Year,Android,Average,Yes,3,0
719,30,Female,Kathmandu,104,69832,3171.58,170.08,2495,992,9,4,4.27,Basic,One Year,Android,Good,Yes,2,0
720,67,Male,Bhaktapur,119,60931,554.55,191.73,462,595,11,2,2.9,Standard,Monthly,iPhone,Poor,Yes,0,1
721,45,Male,Butwal,95,103990,956.84,191.79,1954,1017,0,8,3.95,Basic,Monthly,Android,Average,No,3,1
722,37,Female,Bhaktapur,111,229966,3716.29,88.95,2393,700,12,7,1.08,Standard,Monthly,iPhone,Good,Yes,3,1
723,45,Male,Biratnagar,31,92204,3494.95,129.26,1681,1044,11,5,4.7,Standard,Monthly,Feature Phone,Good,Yes,2,1
724,25,Male,Lalitpur,111,65784,1885.35,120.34,99,548,14,0,4.1,Premium,Two Year,Android,Excellent,Yes,3,0
725,58,Male,Pokhara,40,126305,3466.1,70.66,396,245,13,3,2.58,Standard,Monthly,Android,Average,No,3,1
726,56,Female,Bhaktapur,48,29921,1809.88,89.37,2400,282,2,6,2.54,Standard,Monthly,Android,Good,No,0,1
727,18,Male,Lalitpur,51,54959,6865.93,13.8,460,613,2,9,1.41,Basic,Monthly,iPhone,Average,No,3,1
728,20,Male,Biratnagar,43,52328,2736.46,159.34,145,930,9,4,4.26,Standard,One Year,Android,Excellent,Yes,5,0
729,30,Female,Dharan,98,159931,4989.23,48.92,1737,805,13,3,4.07,Basic,One Year,Android,Good,No,2,0
730,45,Male,Dharan,55,109506,4271.32,92.64,238,231,1,8,3.52,Premium,Monthly,iPhone,Average,No,2,1
731,66,Male,Lalitpur,88,94408,889.12,96.64,967,315,13,7,1.41,Basic,Monthly,Android,Good,No,5,1
732,42,Female,Bhaktapur,49,143852,7566.75,112.58,297,837,9,2,2.05,Standard,One Year,Android,Excellent,Yes,5,1
733,50,Female,Kathmandu,90,235838,4454.19,163.76,614,1359,12,5,2.84,Standard,Monthly,Feature Phone,Excellent,No,5,1
734,55,Female,Pokhara,80,46708,2937.93,138.68,954,410,4,3,2.06,Standard,One Year,Android,Average,No,4,1
735,23,Female,Pokhara,57,38847,1685.95,132.95,2038,244,3,6,2.74,Standard,Two Year,Android,Good,Yes,1,0
736,61,Male,Dharan,111,75989,3038.95,105.82,160,386,12,0,1.9,Basic,Monthly,Android,Good,No,4,1
737,62,Male,Dharan,77,243713,653.84,20.1,1650,688,5,0,2.4,Basic,Monthly,Feature Phone,Good,Yes,0,1
738,49,Female,Kathmandu,15,145383,3226.69,81.0,896,357,1,5,3.61,Premium,Monthly,Android,Good,Yes,0,1
739,62,Female,Butwal,27,24922,4486.14,191.51,1749,1021,13,9,4.57,Basic,Two Year,Android,Good,No,2,1
740,64,Male,Bhaktapur,68,221000,7039.0,199.11,129,613,3,6,2.54,Standard,One Year,Android,Excellent,No,1,1
741,38,Female,Dharan,80,72335,5655.31,146.37,1095,797,11,8,3.77,Standard,Monthly,Feature Phone,Excellent,No,4,1
742,33,Male,Dharan,64,146913,1336.87,46.28,2013,21,6,6,1.54,Standard,Monthly,Android,Good,No,1,1
743,38,Female,Dharan,94,164613,1608.1,21.28,1242,18,0,8,3.16,Basic,One Year,Android,Good,No,2,0
744,28,Male,Pokhara,108,39551,3710.93,83.54,815,1310,12,9,4.69,Standard,Monthly,iPhone,Good,No,3,1
745,54,Female,Bhaktapur,30,170453,1967.81,171.46,2049,275,10,8,1.11,Standard,Monthly,Android,Poor,No,2,1
746,53,Female,Biratnagar,36,133319,708.87,144.65,748,658,2,7,2.07,Standard,One Year,iPhone,Good,No,2,1
747,52,Male,Bhaktapur,67,75673,6537.61,176.89,1557,897,0,6,1.53,Premium,One Year,iPhone,Good,Yes,1,1
748,36,Female,Lalitpur,86,121531,646.42,123.54,1060,551,1,2,3.13,Basic,Monthly,Android,Average,No,0,0
749,37,Male,Kathmandu,113,42948,6730.17,26.94,334,678,8,2,3.72,Premium,Monthly,iPhone,Excellent,Yes,3,0
750,35,Male,Butwal,86,112264,1580.78,23.84,96,602,9,4,1.23,Basic,Two Year,Android,Excellent,Yes,3,1
751,64,Male,Dharan,114,79072,7810.09,10.55,1660,1095,4,6,1.28,Basic,Monthly,Android,Excellent,Yes,0,1
752,58,Male,Dharan,114,87560,5029.05,113.85,731,364,12,9,4.48,Basic,One Year,iPhone,Good,No,1,1
753,66,Male,Bhaktapur,119,233321,6012.37,49.33,1557,794,3,6,2.82,Basic,One Year,Android,Good,No,1,0
754,31,Female,Butwal,49,153558,1328.63,147.14,1887,1358,11,0,2.85,Standard,Monthly,Android,Excellent,No,0,0
755,32,Female,Dharan,76,86691,6965.78,137.56,873,651,3,7,4.78,Basic,One Year,Android,Average,Yes,4,0
756,48,Male,Butwal,55,161154,6793.94,64.3,1181,589,7,0,2.28,Standard,Monthly,Feature Phone,Good,Yes,1,1
757,18,Female,Biratnagar,85,122781,5397.45,36.18,1617,198,11,3,4.59,Basic,One Year,Feature Phone,Excellent,No,0,0
758,20,Male,Chitwan,56,104105,4267.06,21.38,1932,16,2,1,4.9,Basic,One Year,Android,Good,Yes,4,0
759,33,Female,Kathmandu,68,27086,5911.17,147.73,284,217,14,4,1.97,Basic,Two Year,Android,Excellent,No,2,1
760,40,Female,Butwal,95,147818,544.46,90.64,352,740,11,5,3.06,Premium,One Year,Feature Phone,Good,No,3,0
761,28,Female,Pokhara,44,87853,4943.31,65.38,2255,649,11,3,3.14,Basic,Monthly,Android,Average,No,0,1
762,29,Female,Lalitpur,31,121925,6855.55,171.47,1106,146,3,3,4.46,Premium,Monthly,Android,Average,No,1,0
763,27,Male,Pokhara,58,90027,3176.75,119.13,839,1233,1,6,2.22,Basic,Monthly,iPhone,Good,Yes,3,1
764,49,Male,Dharan,87,35916,1312.17,104.08,1322,669,5,3,4.19,Standard,Two Year,Android,Poor,No,4,0
765,33,Female,Biratnagar,118,35248,3656.58,148.93,1585,1437,11,1,4.88,Basic,Two Year,iPhone,Good,Yes,3,0
766,25,Female,Biratnagar,53,219119,5953.28,163.3,1214,664,8,3,4.36,Basic,Monthly,Feature Phone,Average,Yes,5,0
767,55,Male,Pokhara,84,44226,1304.76,137.53,1546,855,11,6,4.64,Premium,Monthly,Android,Excellent,No,0,0
768,29,Female,Kathmandu,79,176097,2045.36,88.56,318,329,3,0,3.83,Standard,Monthly,iPhone,Average,Yes,2,0
769,41,Male,Pokhara,23,68380,1606.64,76.48,2268,894,10,3,4.62,Basic,Two Year,iPhone,Good,Yes,4,0
770,45,Male,Bhaktapur,28,27848,6477.11,154.56,1178,1375,5,5,1.66,Basic,Monthly,Feature Phone,Good,Yes,4,1
771,25,Male,Dharan,16,34274,971.69,104.06,291,1186,3,7,3.85,Basic,One Year,Android,Excellent,No,4,1
772,45,Female,Dharan,37,74545,5649.4,141.17,554,100,13,7,3.93,Premium,Monthly,Feature Phone,Good,Yes,3,1
773,53,Male,Pokhara,21,116494,3248.43,178.19,2098,326,1,8,2.76,Premium,Monthly,Android,Excellent,Yes,2,1
774,43,Female,Lalitpur,79,135981,6168.43,183.26,1164,326,12,4,1.32,Standard,Monthly,Android,Good,Yes,0,1
775,25,Male,Lalitpur,17,186305,7732.88,56.27,88,1178,13,1,3.49,Standard,Monthly,Android,Average,No,0,1
776,67,Female,Dharan,114,36304,1359.09,38.39,846,9,5,2,1.21,Premium,Monthly,Feature Phone,Good,No,3,1
777,45,Female,Chitwan,37,31294,2857.89,53.0,1189,352,11,1,2.53,Standard,Monthly,Android,Good,No,5,0
778,45,Female,Lalitpur,77,46425,6575.94,150.52,1003,182,6,8,2.57,Premium,Monthly,Feature Phone,Good,No,0,1
779,54,Male,Pokhara,19,219783,2496.19,74.64,500,454,3,5,5.0,Standard,Monthly,Android,Good,No,0,1
780,58,Male,Lalitpur,30,130777,2113.4,35.5,2360,5,11,0,2.2,Basic,Two Year,iPhone,Good,No,2,0
781,53,Female,Dharan,45,244383,6690.33,20.58,2035,1356,10,2,4.28,Standard,One Year,Android,Poor,Yes,3,1
782,44,Female,Kathmandu,18,160497,7903.12,66.14,1472,1356,6,6,1.21,Standard,One Year,Android,Average,No,3,1
783,34,Female,Butwal,78,111549,4676.6,28.09,2153,1281,12,6,3.12,Standard,Monthly,iPhone,Excellent,No,4,1
784,26,Male,Lalitpur,62,113464,2585.37,32.12,1059,210,10,4,3.15,Basic,One Year,Android,Good,No,0,1
785,50,Male,Bhaktapur,36,196062,3489.24,137.09,647,50,7,2,3.51,Standard,Monthly,Android,Average,No,1,0
786,37,Male,Kathmandu,100,126748,1775.98,4.93,137,1468,10,6,4.24,Standard,Monthly,iPhone,Poor,No,5,1
787,30,Male,Chitwan,84,224818,6214.15,24.39,2337,1009,2,4,4.05,Basic,Monthly,Android,Average,No,2,0
788,45,Female,Bhaktapur,52,88295,6301.06,169.03,181,376,14,5,4.04,Standard,Monthly,iPhone,Excellent,No,2,1
789,65,Female,Pokhara,19,36091,7063.41,169.14,1696,639,1,2,2.73,Standard,Monthly,Android,Average,No,5,1
790,46,Male,Butwal,109,139943,699.52,66.52,186,769,4,5,3.91,Standard,Monthly,Android,Good,No,5,0
791,30,Male,Pokhara,44,151074,4714.86,18.5,319,1074,1,6,2.97,Premium,Monthly,Feature Phone,Average,No,1,1
792,63,Female,Butwal,7,70411,2106.92,141.29,2095,153,9,7,1.27,Standard,Monthly,Android,Good,No,4,1
793,52,Male,Butwal,44,192030,3056.62,72.67,581,581,4,1,4.56,Standard,One Year,iPhone,Poor,No,1,0
794,23,Male,Pokhara,117,115696,6387.17,10.05,2223,787,9,1,4.56,Standard,One Year,Android,Average,Yes,5,0
795,35,Male,Bhaktapur,68,171779,1940.25,32.41,1367,790,14,5,2.29,Standard,Two Year,Android,Good,No,5,1
796,68,Male,Bhaktapur,34,166320,5287.56,28.31,1164,1333,12,7,4.66,Premium,Monthly,Android,Good,No,1,1
797,22,Male,Butwal,66,91309,5409.25,118.23,1571,1422,5,4,4.03,Standard,Monthly,Android,Good,No,4,0
798,64,Male,Bhaktapur,69,229394,7655.7,179.73,580,133,7,0,2.6,Standard,Two Year,Android,Average,No,1,0
799,42,Female,Butwal,55,202792,6313.71,158.82,1207,219,5,0,2.33,Basic,Monthly,Android,Good,No,4,1
800,19,Male,Dharan,10,166109,6527.26,109.76,1709,162,3,9,4.9,Basic,One Year,Android,Average,No,5,1
801,27,Male,Butwal,96,87421,4487.01,85.01,331,970,2,8,3.85,Basic,Monthly,Android,Good,Yes,5,0
802,47,Female,Dharan,42,232939,1900.86,124.12,2443,647,13,3,2.52,Standard,Monthly,Feature Phone,Average,No,5,1
803,67,Female,Kathmandu,41,60612,3691.73,89.32,1389,568,13,9,3.57,Basic,Monthly,Android,Average,Yes,0,1
804,62,Female,Biratnagar,77,239103,4621.17,49.97,2217,945,1,0,3.29,Basic,Two Year,iPhone,Average,No,4,0
805,22,Male,Kathmandu,103,33450,5588.14,136.16,1931,688,12,7,3.1,Standard,Monthly,Android,Good,No,5,1
806,50,Female,Pokhara,69,29491,5057.82,174.78,600,114,0,1,3.58,Basic,Monthly,iPhone,Good,No,3,0
807,18,Male,Biratnagar,10,137026,3454.83,75.2,996,1495,1,1,3.15,Basic,One Year,Android,Good,Yes,3,0
808,35,Male,Lalitpur,10,94804,2489.85,168.47,196,1172,1,0,3.62,Basic,One Year,Android,Good,Yes,1,0
809,49,Male,Pokhara,102,113293,1761.73,86.79,2421,1264,14,0,4.63,Standard,Two Year,Android,Poor,No,3,0
810,64,Female,Chitwan,91,139498,5703.84,80.87,533,122,4,8,4.97,Standard,Monthly,Android,Average,Yes,4,1
811,66,Female,Kathmandu,60,157863,5340.49,6.64,2376,803,8,0,3.84,Premium,One Year,Feature Phone,Poor,No,0,0
812,28,Female,Bhaktapur,51,125475,5655.29,139.36,138,838,0,5,4.71,Basic,Monthly,Android,Average,No,4,0
813,38,Female,Kathmandu,21,48314,3293.96,161.69,1562,1092,3,6,4.43,Basic,Monthly,Feature Phone,Poor,No,2,1
814,43,Female,Bhaktapur,8,71883,2468.06,133.05,786,825,9,3,2.18,Basic,One Year,Feature Phone,Average,Yes,1,1
815,42,Male,Biratnagar,65,245191,6197.91,31.12,992,62,6,4,4.73,Premium,Monthly,Android,Excellent,No,5,0
816,39,Male,Chitwan,92,107086,6302.36,21.56,935,732,10,3,1.28,Standard,One Year,Android,Good,No,0,1
817,44,Male,Biratnagar,113,216701,3917.12,115.0,1457,1039,13,3,2.32,Standard,Two Year,Feature Phone,Good,No,1,1
818,66,Male,Chitwan,103,121291,5089.28,80.9,606,1413,9,9,3.56,Premium,Monthly,Android,Good,Yes,2,1
819,30,Female,Kathmandu,78,29967,3301.4,86.39,370,589,2,0,3.11,Basic,Two Year,iPhone,Excellent,Yes,3,0
820,50,Female,Bhaktapur,85,232826,5764.6,193.59,1549,947,7,5,3.17,Basic,One Year,Feature Phone,Good,No,2,0
821,51,Male,Biratnagar,30,63220,6767.91,145.06,2262,1281,2,9,4.18,Standard,One Year,iPhone,Average,Yes,3,1
822,58,Female,Chitwan,85,225235,5661.75,82.95,1493,216,7,9,1.78,Premium,Two Year,iPhone,Excellent,No,1,1
823,52,Female,Butwal,49,156019,4344.37,4.8,515,478,12,6,4.93,Standard,Monthly,iPhone,Good,No,1,1
824,18,Male,Pokhara,9,190491,3939.93,7.79,1890,1137,1,6,2.75,Premium,Two Year,iPhone,Good,No,5,1
825,38,Male,Pokhara,17,76131,5317.4,137.28,292,1403,4,7,4.8,Standard,Monthly,Android,Good,Yes,5,1
826,65,Female,Biratnagar,69,239786,5598.58,167.71,2119,976,3,6,2.53,Premium,Two Year,Android,Good,Yes,1,0
827,23,Female,Bhaktapur,58,48876,4690.47,141.83,282,236,10,5,3.41,Standard,Monthly,iPhone,Good,No,5,1
828,45,Male,Butwal,57,239516,5187.07,81.77,2200,475,8,7,2.8,Basic,Two Year,Feature Phone,Good,No,4,0
829,34,Male,Biratnagar,62,121448,1224.42,7.2,2377,597,2,2,3.7,Standard,Two Year,Android,Average,Yes,0,0
830,22,Male,Kathmandu,95,171043,7638.24,193.51,1616,128,11,8,1.73,Standard,One Year,Android,Good,No,4,1
831,48,Female,Chitwan,52,213611,6430.8,197.28,2083,509,10,2,2.6,Standard,One Year,Android,Excellent,No,2,1
832,22,Male,Dharan,61,249192,3304.46,110.32,1784,164,4,3,1.27,Basic,One Year,Feature Phone,Good,No,0,0
833,55,Male,Kathmandu,40,69228,4721.09,15.06,214,276,9,9,3.39,Basic,Monthly,Android,Average,Yes,1,1
834,20,Female,Pokhara,38,94495,854.93,108.65,1806,256,8,5,4.85,Basic,Monthly,iPhone,Good,No,1,0
835,40,Female,Chitwan,43,48261,809.21,178.58,1486,1155,12,7,1.18,Premium,Monthly,Feature Phone,Average,No,1,1
836,54,Female,Biratnagar,63,126601,2380.99,136.32,2370,991,5,2,3.64,Basic,One Year,Android,Excellent,No,3,0
837,54,Female,Kathmandu,19,81260,5672.76,144.28,1091,569,1,9,4.1,Standard,Monthly,Feature Phone,Good,No,2,1
838,27,Female,Lalitpur,100,232443,6891.11,17.91,1790,1280,0,5,1.85,Standard,Monthly,Feature Phone,Poor,Yes,4,1
839,27,Male,Dharan,50,235865,4693.89,22.2,1164,140,11,4,2.09,Premium,Monthly,Feature Phone,Good,Yes,5,1
840,36,Male,Bhaktapur,33,154418,4491.0,26.34,1542,685,10,4,1.81,Premium,Monthly,Android,Good,No,2,1
841,34,Female,Butwal,13,247415,3517.32,180.97,851,686,0,4,2.19,Premium,Monthly,Android,Average,Yes,3,1
842,38,Female,Butwal,78,247026,1711.98,105.64,581,1232,6,8,1.44,Standard,Monthly,iPhone,Poor,No,3,1
843,31,Female,Bhaktapur,120,76176,1387.66,158.52,60,715,13,6,2.48,Premium,Monthly,Android,Good,No,2,1
844,26,Female,Lalitpur,97,72300,6205.1,23.94,1499,1022,11,8,2.48,Basic,One Year,Android,Excellent,Yes,3,1
845,63,Female,Pokhara,62,162412,7456.28,185.6,390,1074,1,8,4.23,Standard,Monthly,Feature Phone,Average,Yes,5,0
846,18,Male,Chitwan,93,53012,3937.12,164.41,1225,1282,6,5,4.2,Premium,Two Year,iPhone,Good,No,0,0
847,68,Male,Bhaktapur,43,186465,5445.84,45.73,676,177,0,5,4.19,Basic,One Year,Android,Good,No,1,0
848,62,Male,Lalitpur,49,122153,7358.43,174.96,609,921,3,3,3.27,Premium,Monthly,Android,Poor,No,4,1
849,30,Male,Biratnagar,36,226205,1175.85,53.43,250,542,9,7,2.3,Standard,Monthly,iPhone,Average,No,3,1
850,21,Female,Dharan,108,176629,6278.61,41.86,828,1379,14,1,2.64,Standard,One Year,Feature Phone,Average,Yes,4,1
851,18,Male,Butwal,10,215276,5126.13,53.58,1391,1341,14,4,2.27,Basic,Monthly,Android,Excellent,No,1,1
852,66,Female,Dharan,95,93273,4989.78,182.08,498,962,12,0,3.33,Standard,Two Year,Android,Excellent,No,5,0
853,57,Female,Lalitpur,6,132328,2694.05,183.2,1252,363,10,9,4.75,Basic,Monthly,iPhone,Average,Yes,2,1
854,49,Female,Dharan,57,130304,5629.2,66.47,2345,1078,3,1,2.14,Basic,One Year,Android,Good,Yes,5,0
855,51,Male,Pokhara,1,126637,6460.98,141.38,1792,1179,14,0,2.84,Premium,Two Year,Android,Excellent,No,1,1
856,45,Female,Pokhara,71,168348,1346.44,135.47,2120,1067,4,5,3.62,Premium,One Year,Android,Good,No,4,0
857,48,Male,Kathmandu,58,74639,4501.41,161.51,1904,592,13,1,4.38,Basic,Two Year,Android,Average,Yes,0,0
858,25,Male,Bhaktapur,91,141939,1259.49,60.01,1053,541,13,3,2.01,Standard,Two Year,Android,Average,Yes,2,1
859,56,Female,Kathmandu,21,27310,7044.31,102.52,1782,321,9,4,2.12,Standard,Two Year,iPhone,Good,Yes,3,1
860,43,Female,Dharan,92,186239,4307.28,133.87,767,647,14,6,4.54,Standard,Two Year,Android,Good,No,0,0
861,51,Female,Butwal,80,122944,6559.74,6.23,483,13,14,9,1.32,Standard,Monthly,Feature Phone,Good,No,1,1
862,20,Male,Lalitpur,56,235952,3260.64,75.97,773,1380,0,0,3.42,Standard,Monthly,iPhone,Good,No,4,0
863,67,Female,Chitwan,110,161463,1438.09,139.48,1860,617,6,4,4.44,Standard,Monthly,iPhone,Average,No,4,0
864,29,Male,Dharan,87,142013,811.24,51.27,602,358,10,3,4.69,Premium,Two Year,Android,Average,No,4,0
865,18,Female,Chitwan,116,201693,2611.32,191.58,2225,1341,1,6,1.05,Standard,Monthly,Feature Phone,Excellent,No,1,1
866,61,Female,Pokhara,20,161964,2331.75,7.0,38,1098,11,9,2.48,Basic,Monthly,Feature Phone,Excellent,No,2,1
867,22,Male,Chitwan,102,96733,4702.64,191.66,74,193,14,6,2.03,Standard,One Year,Android,Good,Yes,3,1
868,47,Male,Chitwan,54,229658,663.04,44.14,1770,362,10,7,3.27,Standard,Monthly,Android,Poor,No,0,1
869,47,Male,Butwal,25,187214,4404.28,10.72,740,1119,14,3,3.53,Standard,One Year,Android,Good,Yes,1,0
870,34,Male,Chitwan,28,196751,3438.29,59.2,1583,1063,12,3,5.0,Standard,Two Year,Android,Good,No,4,0
871,65,Male,Dharan,5,192687,4828.42,157.47,2352,767,10,9,3.05,Standard,One Year,Android,Good,Yes,3,1
872,64,Male,Lalitpur,120,198625,5768.13,150.74,1575,396,12,4,3.21,Basic,One Year,Android,Excellent,No,4,0
873,40,Female,Chitwan,21,129264,5255.69,42.56,1439,106,1,4,2.66,Standard,One Year,Android,Poor,No,1,1
874,32,Female,Biratnagar,18,99071,7884.83,40.16,2187,1040,7,2,1.59,Standard,One Year,Android,Good,Yes,4,1
875,54,Male,Chitwan,47,192074,1536.99,128.87,2164,526,14,4,2.21,Premium,Monthly,Feature Phone,Average,Yes,1,1
876,38,Female,Chitwan,70,142611,3723.03,92.16,2187,1010,8,4,1.99,Standard,Monthly,iPhone,Good,No,4,1
877,31,Male,Kathmandu,57,90658,3686.23,158.67,1580,783,5,7,4.2,Standard,Monthly,Feature Phone,Good,No,1,0
878,19,Female,Lalitpur,93,29852,3627.9,5.8,1196,524,10,6,3.18,Standard,One Year,Android,Good,No,4,0
879,28,Female,Dharan,19,25387,5478.49,122.47,1288,1066,0,7,2.18,Basic,One Year,iPhone,Average,No,3,1
880,68,Male,Pokhara,97,147571,4173.71,146.4,1815,625,0,4,2.96,Basic,Monthly,iPhone,Good,No,3,0
881,56,Male,Kathmandu,65,117295,4380.74,198.68,2460,349,13,1,1.88,Standard,One Year,iPhone,Excellent,No,4,1
882,55,Male,Dharan,109,150381,3742.67,136.08,1186,1053,10,7,1.74,Basic,Monthly,Android,Good,No,4,1
883,51,Female,Bhaktapur,3,59994,7937.75,47.14,1890,1464,6,8,4.44,Standard,Monthly,Android,Average,Yes,1,1
884,55,Male,Lalitpur,42,136912,7456.71,22.53,2287,1005,7,1,4.78,Basic,Monthly,Feature Phone,Excellent,No,1,0
885,67,Female,Biratnagar,21,184797,2807.93,128.54,179,541,2,0,1.32,Premium,One Year,Android,Average,Yes,1,1
886,51,Male,Lalitpur,99,223754,1336.95,105.11,658,1478,8,5,4.06,Basic,One Year,Android,Average,Yes,2,0
887,35,Female,Bhaktapur,105,151632,6798.24,179.93,1075,961,3,2,2.81,Standard,Monthly,Android,Good,No,4,0
888,47,Female,Bhaktapur,40,144210,7978.78,145.59,353,93,3,0,2.56,Standard,One Year,Feature Phone,Average,No,5,0
889,32,Male,Bhaktapur,67,76565,2694.57,102.44,911,1318,2,5,3.76,Standard,Monthly,Android,Good,No,4,0
890,44,Female,Butwal,25,21312,3183.39,81.31,2036,898,7,7,2.07,Basic,Two Year,iPhone,Good,No,4,1
891,68,Female,Pokhara,109,169277,7562.25,81.47,371,88,8,8,1.08,Standard,Monthly,Android,Average,Yes,4,1
892,51,Male,Chitwan,102,145882,5833.47,46.03,1382,502,0,5,1.86,Basic,Two Year,Android,Good,No,1,0
893,69,Female,Lalitpur,109,162667,2717.29,4.45,945,766,1,5,1.74,Basic,One Year,Android,Poor,Yes,1,1
894,55,Male,Dharan,55,107566,4857.85,115.41,1443,213,0,0,1.14,Basic,One Year,Android,Good,No,2,0
895,50,Male,Butwal,84,41329,7581.72,43.27,2463,1445,13,4,2.29,Basic,One Year,Feature Phone,Average,No,1,1
896,41,Male,Dharan,52,88187,6588.6,42.46,2425,525,3,2,2.9,Premium,Monthly,iPhone,Average,No,5,0
897,32,Male,Chitwan,44,95542,6063.75,25.95,1439,191,9,6,3.94,Standard,One Year,Android,Average,Yes,4,0
898,47,Female,Chitwan,109,128237,6027.47,38.73,79,693,6,8,2.3,Standard,Monthly,Android,Poor,No,4,1
899,59,Female,Biratnagar,98,134476,1835.15,7.33,20,641,13,5,1.78,Premium,Monthly,Android,Average,Yes,0,1
900,68,Female,Bhaktapur,85,55645,6685.11,135.17,1598,1247,6,4,1.92,Basic,One Year,Feature Phone,Good,Yes,1,1
901,34,Male,Pokhara,56,107502,2570.89,80.88,330,554,11,6,4.56,Standard,Monthly,Android,Good,Yes,0,1
902,22,Female,Biratnagar,55,244454,7477.75,112.74,2235,386,5,8,1.82,Premium,Monthly,Android,Average,Yes,4,1
903,46,Female,Kathmandu,112,107310,3234.8,127.75,2259,680,12,4,4.52,Premium,Two Year,Android,Average,Yes,1,0
904,21,Male,Butwal,87,89619,6932.45,194.52,727,775,10,4,2.79,Basic,Two Year,Android,Good,Yes,4,0
905,27,Male,Butwal,70,53513,2496.75,14.58,1201,1497,4,9,4.74,Standard,One Year,Android,Good,Yes,0,0
906,34,Female,Pokhara,115,28749,4358.95,84.17,1800,202,10,3,2.63,Basic,Two Year,iPhone,Good,No,0,1
907,27,Male,Chitwan,117,181855,1301.64,49.93,1543,1009,3,4,1.71,Standard,Two Year,Android,Excellent,No,3,0
908,34,Male,Dharan,77,80645,5450.89,95.87,2433,446,11,6,3.2,Standard,One Year,Feature Phone,Excellent,No,3,0
909,37,Male,Butwal,113,233933,6770.59,184.17,1383,899,12,2,3.35,Premium,Two Year,Feature Phone,Poor,No,1,1
910,41,Male,Pokhara,87,73175,5888.35,145.07,877,1091,13,3,3.54,Basic,Monthly,Android,Average,Yes,1,1
911,22,Female,Butwal,73,235288,4424.44,132.73,2394,1115,7,8,2.65,Basic,One Year,Android,Excellent,No,1,1
912,51,Male,Butwal,81,213781,838.37,88.81,2181,777,6,1,1.19,Basic,Monthly,iPhone,Poor,Yes,1,1
913,23,Male,Bhaktapur,66,168395,7500.81,134.55,938,177,10,7,3.51,Basic,One Year,iPhone,Good,No,1,1
914,19,Male,Kathmandu,19,70762,5791.17,7.44,628,828,10,8,4.73,Basic,Two Year,Android,Excellent,Yes,1,1
915,30,Male,Bhaktapur,83,239292,6093.98,117.66,328,558,9,4,4.83,Premium,Monthly,Android,Good,No,5,0
916,60,Male,Kathmandu,120,84222,6460.1,111.2,2468,1026,0,6,3.39,Basic,One Year,Feature Phone,Poor,No,1,0
917,60,Male,Butwal,7,185565,6108.08,69.98,1363,102,5,5,1.08,Basic,Two Year,Android,Good,No,0,1
918,65,Male,Biratnagar,118,209400,3808.37,41.1,231,1296,13,0,1.42,Standard,Two Year,iPhone,Average,Yes,0,1
919,28,Male,Dharan,63,32213,6002.16,161.7,2384,115,1,7,4.34,Premium,Monthly,iPhone,Excellent,No,0,1
920,68,Female,Chitwan,42,117367,5187.7,11.72,204,858,3,8,4.32,Premium,Two Year,Android,Average,No,5,0
921,64,Male,Butwal,42,198002,6905.12,14.86,1248,463,4,9,4.78,Standard,Monthly,iPhone,Good,No,4,1
922,40,Female,Kathmandu,59,178785,6518.45,88.66,1407,103,7,0,3.26,Basic,One Year,Feature Phone,Good,No,2,0
923,33,Male,Kathmandu,20,127157,810.31,51.26,1259,258,5,7,4.46,Premium,Monthly,Android,Average,No,4,1
924,48,Male,Kathmandu,73,223795,3341.65,149.35,265,1331,10,2,4.3,Standard,Monthly,Feature Phone,Average,No,1,0
925,28,Male,Butwal,17,249408,760.37,127.2,258,1390,1,5,3.36,Standard,Monthly,Android,Poor,No,2,1
926,33,Male,Pokhara,27,52583,1265.56,154.73,1848,928,4,9,4.13,Premium,Monthly,iPhone,Good,No,0,1
927,25,Female,Biratnagar,47,148792,5010.58,65.61,1434,809,14,7,1.5,Premium,One Year,iPhone,Excellent,No,0,1
928,21,Male,Pokhara,2,99944,7053.66,148.36,539,641,4,4,3.56,Premium,Monthly,iPhone,Average,No,3,1
929,57,Male,Chitwan,63,42369,1398.69,172.6,1633,806,5,7,4.81,Basic,Two Year,Android,Poor,No,1,1
930,21,Female,Butwal,62,199000,3883.17,69.71,296,1022,0,6,1.65,Standard,Two Year,Android,Good,No,1,1
931,42,Female,Kathmandu,100,220022,7331.59,68.64,1025,1325,7,6,3.98,Premium,One Year,Feature Phone,Poor,Yes,3,1
932,20,Male,Biratnagar,19,135844,6607.26,180.09,2269,559,2,6,2.28,Standard,Monthly,Android,Good,Yes,4,1
933,49,Female,Biratnagar,17,39510,4397.51,10.91,233,26,4,8,4.27,Basic,One Year,iPhone,Average,No,3,0
934,20,Female,Lalitpur,69,32120,6286.79,70.69,625,507,6,5,3.79,Standard,Monthly,Feature Phone,Good,No,5,0
935,44,Female,Chitwan,39,119847,4420.2,24.62,497,526,2,5,4.7,Basic,Monthly,Android,Average,Yes,1,0
936,46,Male,Dharan,82,118575,1685.69,6.77,527,774,13,8,3.85,Standard,Two Year,Android,Poor,No,5,1
937,49,Male,Dharan,117,149269,1435.52,23.46,1118,1388,9,5,2.64,Premium,Monthly,Feature Phone,Good,No,5,0
938,67,Male,Biratnagar,118,25295,1912.76,86.82,1997,952,14,6,1.04,Standard,Two Year,Feature Phone,Average,Yes,5,1
939,68,Female,Butwal,71,40460,3131.92,137.7,161,297,12,6,4.17,Standard,Monthly,Android,Excellent,No,0,0
940,36,Male,Kathmandu,81,34963,7478.97,58.57,2389,776,14,1,2.63,Basic,Monthly,iPhone,Good,No,3,1
941,38,Female,Kathmandu,39,97116,6497.59,170.09,1737,360,5,7,3.68,Premium,Monthly,Feature Phone,Average,No,2,1
942,22,Male,Biratnagar,36,238894,3746.01,88.09,480,503,4,5,1.42,Standard,One Year,Android,Excellent,No,0,1
943,35,Male,Pokhara,40,47328,4198.08,193.68,689,587,6,3,4.56,Standard,Monthly,Android,Average,Yes,4,0
944,45,Female,Chitwan,45,104629,2492.07,190.88,2121,29,9,6,2.74,Standard,Monthly,Android,Good,No,0,1
945,59,Male,Kathmandu,4,144034,5782.65,154.88,2344,1462,14,7,4.68,Basic,One Year,Android,Good,No,4,1
946,39,Female,Biratnagar,102,41605,6520.74,186.55,1864,1363,10,0,3.83,Standard,Two Year,iPhone,Average,No,0,0
947,38,Female,Kathmandu,25,130901,2291.79,141.71,1638,125,2,9,1.49,Standard,One Year,iPhone,Excellent,Yes,1,1
948,23,Male,Dharan,69,195885,813.66,179.22,419,595,12,3,3.32,Premium,Monthly,Android,Excellent,No,5,0
949,18,Female,Biratnagar,30,197443,5179.17,48.06,687,1389,13,3,4.64,Basic,Monthly,Feature Phone,Good,No,4,1
950,22,Male,Chitwan,76,128241,4718.84,69.74,1542,1466,1,9,4.2,Basic,One Year,Android,Good,No,4,0
951,58,Male,Biratnagar,68,67598,3515.98,150.83,1354,262,3,8,2.67,Standard,One Year,Android,Excellent,Yes,3,0
952,29,Female,Lalitpur,88,211848,5329.2,85.49,1314,935,2,5,4.82,Standard,Two Year,Android,Good,Yes,0,0
953,43,Male,Biratnagar,29,92258,4629.6,167.63,1492,871,14,3,2.07,Standard,One Year,iPhone,Average,Yes,4,1
954,63,Female,Biratnagar,73,60969,2379.36,175.65,2179,1245,3,0,2.5,Premium,Monthly,Android,Good,No,4,0
955,51,Male,Butwal,68,187984,3482.97,60.65,258,1,6,7,4.0,Basic,Monthly,Android,Excellent,Yes,0,1
956,66,Male,Dharan,51,189446,3710.85,164.87,1063,393,4,8,1.93,Basic,One Year,Feature Phone,Excellent,No,0,1
957,31,Male,Chitwan,24,223374,7101.86,31.7,1332,305,3,4,3.06,Basic,Monthly,Feature Phone,Excellent,Yes,2,1
958,43,Male,Butwal,14,82784,7706.78,67.51,1636,1169,13,4,3.92,Premium,Two Year,Android,Average,No,3,1
959,62,Male,Biratnagar,69,200954,7197.51,104.08,2264,529,14,9,3.58,Basic,Monthly,Android,Good,No,4,1
960,44,Female,Chitwan,18,167000,5893.84,46.06,2449,527,5,7,1.62,Standard,One Year,iPhone,Poor,No,0,1
961,26,Female,Lalitpur,42,41274,4887.45,116.27,1741,1331,6,7,3.52,Standard,Monthly,iPhone,Good,No,4,1
962,43,Female,Chitwan,57,149994,5669.46,116.16,1760,964,11,4,3.29,Standard,Monthly,Feature Phone,Good,No,2,1
963,64,Female,Kathmandu,83,54416,7543.32,42.17,1535,670,13,3,3.23,Basic,One Year,Android,Average,Yes,2,1
964,39,Female,Butwal,12,237220,2374.99,159.33,2231,1363,10,5,4.3,Standard,One Year,Android,Good,Yes,4,0
965,64,Female,Chitwan,82,212070,4513.4,126.7,1292,351,4,9,1.74,Standard,Monthly,iPhone,Average,No,3,1
966,47,Male,Dharan,17,120434,5672.06,64.23,1064,809,11,4,4.01,Premium,Monthly,iPhone,Average,No,1,1
967,60,Male,Lalitpur,30,180119,5594.35,47.2,1555,208,6,7,4.04,Premium,One Year,iPhone,Good,Yes,4,0
968,65,Female,Bhaktapur,88,194428,2392.09,175.87,555,957,2,8,3.89,Standard,Two Year,Feature Phone,Good,No,2,0
969,34,Female,Biratnagar,75,188206,4900.49,167.31,2178,204,6,0,3.02,Premium,Monthly,iPhone,Average,No,3,0
970,43,Male,Chitwan,99,218114,6469.35,46.72,968,624,11,8,2.58,Basic,One Year,Android,Poor,No,5,1
971,53,Male,Biratnagar,23,71310,4063.09,8.09,882,720,14,8,2.58,Premium,Monthly,iPhone,Average,No,0,1
972,18,Male,Pokhara,81,100758,6449.74,161.1,1041,635,2,5,3.94,Standard,One Year,Android,Good,Yes,5,0
973,25,Female,Kathmandu,1,163435,3199.12,123.49,453,1038,13,9,2.99,Standard,One Year,Android,Poor,No,3,1
974,66,Female,Butwal,79,236221,7540.7,21.08,1423,857,5,4,2.35,Basic,Monthly,Feature Phone,Good,No,3,1
975,52,Female,Kathmandu,32,195635,4504.46,117.88,802,1451,7,6,3.5,Standard,One Year,iPhone,Excellent,No,4,0
976,69,Male,Pokhara,9,50628,4969.61,90.98,1007,475,12,7,4.35,Basic,Monthly,Android,Good,No,3,1
977,32,Male,Pokhara,15,89672,735.21,155.14,188,297,14,8,1.25,Standard,Monthly,Android,Good,No,0,1
978,64,Female,Butwal,28,66246,1777.02,42.61,728,556,5,8,4.89,Basic,One Year,Android,Good,Yes,5,1
979,39,Female,Chitwan,24,162233,5247.0,91.18,984,1117,9,9,1.39,Standard,Monthly,Android,Average,No,4,1
980,31,Male,Pokhara,60,109110,3649.03,32.09,1622,106,10,2,3.05,Standard,One Year,iPhone,Average,No,2,0
981,43,Male,Bhaktapur,35,243510,4311.23,191.55,248,1442,2,7,3.24,Standard,Monthly,iPhone,Good,Yes,0,1
982,45,Male,Biratnagar,86,22810,972.29,155.97,1204,1301,11,0,1.55,Standard,One Year,Android,Excellent,Yes,4,1
983,40,Male,Biratnagar,27,210932,6756.01,147.61,446,127,4,6,4.66,Basic,Monthly,Android,Excellent,No,4,0
984,31,Female,Lalitpur,83,228271,6383.79,138.35,141,458,8,4,2.89,Basic,Monthly,Android,Excellent,Yes,1,1
985,41,Male,Dharan,109,91688,1890.15,85.24,2216,37,7,1,1.57,Standard,One Year,Android,Excellent,No,0,0
986,19,Male,Pokhara,76,85548,5257.47,184.73,130,197,5,1,3.85,Premium,Monthly,Android,Average,No,3,0
987,62,Male,Pokhara,20,213435,6637.36,15.51,1264,356,8,7,3.65,Standard,Two Year,iPhone,Average,Yes,0,1
988,43,Female,Bhaktapur,65,31162,5306.41,160.85,1947,6,1,4,4.85,Standard,One Year,iPhone,Good,No,0,0
989,31,Female,Kathmandu,85,107858,2827.99,43.83,83,1355,12,2,2.77,Premium,Monthly,Feature Phone,Good,No,1,0
990,68,Male,Kathmandu,49,93535,5420.83,65.48,1397,518,10,0,2.07,Premium,Two Year,iPhone,Good,No,3,0
991,24,Male,Biratnagar,109,158291,2078.46,104.37,928,193,8,6,1.24,Standard,Monthly,iPhone,Excellent,Yes,5,1
992,20,Male,Biratnagar,1,90864,2886.91,156.75,1791,315,9,2,3.93,Standard,Monthly,Android,Good,No,1,1
993,64,Female,Chitwan,10,154693,2300.52,167.87,1528,1024,12,6,3.47,Premium,Monthly,Android,Good,No,1,1
994,40,Female,Butwal,47,138371,4676.94,117.16,32,1085,9,1,4.89,Premium,Two Year,iPhone,Poor,Yes,1,0
995,63,Female,Dharan,59,109792,1311.7,81.2,1196,342,5,3,3.85,Standard,One Year,Android,Average,No,0,0
996,60,Male,Bhaktapur,96,195505,7499.83,189.35,258,600,8,1,4.73,Standard,One Year,iPhone,Good,No,5,0
997,64,Female,Butwal,62,227922,3001.34,50.06,682,1041,11,3,4.97,Standard,One Year,Android,Excellent,No,1,0
998,62,Male,Butwal,103,86188,2142.28,160.82,1129,619,3,4,2.71,Standard,One Year,Feature Phone,Average,No,2,0
999,35,Male,Lalitpur,86,206023,4224.12,122.8,713,1394,4,7,1.6,Premium,One Year,Android,Good,Yes,3,1
1000,55,Male,Butwal,18,101718,2577.48,76.0,1201,821,1,1,1.78,Standard,Monthly,Android,Excellent,No,5,1
1001,52,Female,Lalitpur,112,56558,4511.78,1.27,1524,234,2,9,2.27,Basic,Monthly,Feature Phone,Average,No,3,1
1002,68,Male,Butwal,46,148938,3113.82,89.87,1922,1092,0,2,3.04,Basic,Monthly,Android,Average,No,5,0
1003,32,Female,Bhaktapur,32,166731,1490.5,56.07,95,446,3,9,1.49,Premium,Two Year,Feature Phone,Good,No,1,1
1004,42,Female,Lalitpur,27,54413,2494.21,21.76,348,609,11,4,2.21,Standard,One Year,Android,Good,No,5,0
1005,54,Male,Kathmandu,92,30435,3788.3,15.96,1459,7,1,8,2.23,Standard,One Year,iPhone,Excellent,Yes,0,1
1006,45,Male,Lalitpur,18,204983,727.2,70.16,1272,461,11,9,1.02,Basic,Monthly,Android,Poor,No,5,1
1007,27,Female,Lalitpur,39,48067,6279.82,123.34,2219,999,14,4,2.42,Standard,Monthly,Android,Good,No,4,1
1008,56,Male,Bhaktapur,49,107794,5163.68,167.67,91,1334,1,8,1.46,Basic,Two Year,iPhone,Average,Yes,4,1
1009,34,Female,Bhaktapur,93,113823,5010.2,37.53,244,133,0,3,2.72,Standard,Monthly,Android,Good,No,0,0
1010,56,Male,Lalitpur,82,89224,4595.37,85.5,2427,384,9,9,1.79,Standard,One Year,Android,Poor,No,1,1
1011,39,Female,Dharan,44,224297,4927.35,79.0,830,55,11,4,4.29,Standard,Monthly,iPhone,Good,Yes,1,1
1012,43,Female,Pokhara,72,21379,7509.89,103.17,2068,992,1,8,1.32,Premium,One Year,Feature Phone,Good,No,2,1
1013,61,Female,Dharan,54,122547,564.27,162.11,697,1383,3,3,4.46,Basic,One Year,Android,Good,No,4,0
1014,42,Female,Bhaktapur,95,128541,858.5,111.18,310,1137,5,4,3.32,Basic,One Year,Android,Good,Yes,4,0
1015,34,Male,Dharan,34,178696,1936.2,169.48,1501,1111,12,4,2.83,Basic,Monthly,iPhone,Good,Yes,3,1
1016,30,Male,Dharan,71,242572,1754.76,104.19,2271,137,11,3,3.2,Basic,One Year,iPhone,Excellent,Yes,1,0
1017,37,Female,Chitwan,36,239499,1858.96,121.17,1245,1131,6,3,2.5,Basic,Monthly,Feature Phone,Average,No,0,1
1018,42,Female,Chitwan,18,134634,5539.58,88.04,585,534,6,4,1.51,Standard,Two Year,Android,Average,Yes,1,1
1019,21,Male,Kathmandu,38,148701,3946.12,164.8,1835,143,6,5,4.06,Standard,One Year,iPhone,Good,No,1,0
1020,27,Male,Butwal,59,77745,7938.34,184.84,530,868,14,6,4.71,Premium,Monthly,Android,Good,Yes,2,1
1021,20,Male,Lalitpur,9,202877,2201.64,128.19,943,655,3,5,4.8,Basic,One Year,Android,Average,Yes,5,1
1022,58,Male,Pokhara,73,123915,2831.23,164.34,2345,55,11,0,3.68,Standard,One Year,Android,Good,No,5,0
1023,62,Male,Kathmandu,110,163588,7881.81,12.74,35,619,4,1,2.64,Premium,Two Year,Android,Average,Yes,0,0
1024,35,Male,Lalitpur,72,230494,6738.19,181.32,2423,1029,13,6,2.91,Basic,Monthly,Android,Average,No,2,1
1025,64,Female,Dharan,51,236915,4023.49,38.6,375,541,10,2,3.63,Standard,Monthly,Android,Average,Yes,2,1
1026,53,Male,Bhaktapur,35,149560,4659.48,52.05,849,446,11,9,4.29,Standard,Two Year,Feature Phone,Excellent,Yes,2,0
1027,64,Male,Chitwan,82,175915,6823.83,11.61,1121,1408,2,1,2.5,Standard,Two Year,iPhone,Excellent,No,5,0
1028,39,Female,Biratnagar,5,156984,4107.35,193.11,1110,1330,0,5,4.67,Standard,Monthly,Android,Average,No,2,1
1029,51,Male,Pokhara,14,172586,2045.18,170.55,1766,873,13,3,2.3,Basic,Monthly,Feature Phone,Poor,No,1,1
1030,64,Male,Dharan,92,238431,6713.33,182.72,233,638,7,4,3.12,Standard,Monthly,Feature Phone,Poor,No,5,1
1031,25,Male,Biratnagar,30,208104,4533.29,169.6,1740,1325,9,5,4.85,Standard,Monthly,Android,Average,Yes,5,0
1032,57,Male,Chitwan,4,179869,1647.82,96.43,468,1428,10,2,4.75,Basic,Monthly,Android,Excellent,Yes,3,1
1033,66,Male,Dharan,39,157521,4291.89,184.89,1588,610,6,0,3.78,Premium,Monthly,Android,Average,No,1,0
1034,61,Female,Butwal,84,152797,3599.03,193.93,729,836,13,2,2.3,Standard,Two Year,Android,Average,No,2,1
1035,36,Male,Butwal,64,101406,7076.32,101.01,399,779,8,2,1.88,Standard,Monthly,Android,Average,No,2,1
1036,59,Female,Biratnagar,25,29304,1445.42,35.95,1908,836,13,5,1.32,Premium,One Year,Android,Average,Yes,3,1
1037,58,Female,Bhaktapur,28,224130,7064.07,132.07,1067,509,9,3,3.83,Standard,One Year,Android,Good,Yes,4,0
1038,54,Male,Dharan,76,145555,4341.58,195.11,558,1096,3,6,3.01,Basic,One Year,Android,Good,No,0,0
1039,23,Female,Lalitpur,66,164735,3532.73,174.56,772,811,11,1,3.29,Standard,One Year,Android,Average,Yes,2,0
1040,69,Male,Dharan,107,90320,1714.75,172.5,554,563,14,3,2.89,Premium,One Year,Android,Average,No,2,0
1041,43,Female,Bhaktapur,78,226080,5756.13,186.83,692,264,11,7,2.93,Standard,Two Year,Android,Good,Yes,1,0
1042,51,Female,Dharan,22,114488,7451.05,178.9,1084,1250,4,5,3.29,Premium,One Year,Android,Good,No,2,1
1043,62,Male,Biratnagar,31,95591,3315.33,155.48,587,1216,4,9,4.66,Basic,Monthly,Android,Poor,No,2,1
1044,23,Male,Bhaktapur,23,115044,2311.89,143.94,1456,1397,12,2,1.12,Basic,Monthly,iPhone,Poor,No,0,1
1045,54,Male,Chitwan,48,163748,4661.5,53.69,434,9,6,9,4.21,Standard,Two Year,iPhone,Average,No,1,0
1046,50,Male,Pokhara,20,45192,6471.39,124.65,468,301,12,1,2.56,Standard,One Year,Android,Good,No,4,1
1047,39,Male,Bhaktapur,38,175794,528.26,104.78,629,1382,8,2,3.98,Basic,Two Year,Feature Phone,Average,No,2,0
1048,38,Female,Dharan,55,158518,5235.33,172.53,2021,804,7,0,4.79,Premium,Monthly,iPhone,Poor,No,2,0
1049,23,Female,Chitwan,68,139304,4973.87,98.85,1817,1075,6,0,2.23,Basic,Monthly,Android,Average,No,4,1
1050,23,Female,Pokhara,79,155797,2886.14,26.42,724,98,13,1,1.36,Basic,Monthly,Android,Good,Yes,3,1
1051,65,Female,Butwal,88,236669,3885.67,1.99,2306,592,0,2,1.93,Premium,Monthly,Android,Poor,No,4,1
1052,21,Female,Lalitpur,89,108207,2352.22,135.9,1085,1036,11,8,1.89,Standard,One Year,Android,Good,No,4,1
1053,47,Female,Biratnagar,1,208704,6424.14,110.43,753,1413,9,7,3.97,Premium,Two Year,Android,Good,No,1,1
1054,28,Female,Dharan,7,218017,5259.01,66.86,819,356,12,8,1.25,Basic,One Year,Android,Good,No,5,1
1055,47,Male,Dharan,57,93741,4495.34,34.63,2077,927,5,6,1.2,Basic,Monthly,Feature Phone,Good,No,4,1
1056,48,Male,Butwal,95,36365,3443.95,93.88,1880,10,9,6,3.77,Premium,One Year,Android,Good,Yes,1,0
1057,41,Female,Lalitpur,12,85792,2685.38,20.96,2206,80,14,4,3.23,Premium,One Year,Android,Excellent,No,5,1
1058,26,Female,Butwal,106,215929,6670.52,67.89,1910,1284,14,6,2.67,Standard,One Year,Android,Good,No,4,1
1059,20,Male,Kathmandu,5,166776,3885.56,76.46,750,5,8,3,3.3,Basic,One Year,Feature Phone,Good,No,2,0
1060,68,Male,Butwal,108,70575,4260.86,93.66,215,1481,12,4,3.94,Standard,One Year,Android,Good,Yes,2,0
1061,48,Male,Chitwan,50,180974,4406.22,93.86,1117,372,6,0,1.41,Basic,Monthly,Android,Good,Yes,5,0
1062,57,Male,Pokhara,42,139641,3862.75,52.14,1658,480,0,3,3.21,Premium,One Year,Android,Average,Yes,3,0
1063,54,Female,Dharan,102,152267,2420.66,170.19,1678,221,8,2,4.3,Basic,One Year,Android,Average,Yes,5,0
1064,53,Male,Butwal,12,73517,1402.55,71.75,1145,1104,2,1,2.45,Premium,Monthly,Android,Average,Yes,4,1
1065,41,Female,Dharan,103,54012,1239.03,46.69,283,514,13,1,4.05,Standard,Monthly,iPhone,Poor,Yes,0,1
1066,48,Female,Bhaktapur,18,162487,6180.97,35.99,939,1083,8,7,4.38,Standard,Monthly,Android,Average,No,4,1
1067,23,Female,Lalitpur,66,190606,2176.46,65.19,180,220,3,0,4.28,Premium,Monthly,Android,Average,Yes,5,0
1068,19,Male,Butwal,74,41686,917.55,14.44,1276,348,14,7,3.6,Basic,Two Year,Android,Excellent,No,0,1
1069,37,Male,Pokhara,79,228270,6481.38,7.55,1830,227,8,8,3.87,Premium,Monthly,Feature Phone,Poor,No,5,1
1070,45,Female,Chitwan,94,179815,1655.46,121.42,789,289,12,5,4.15,Basic,Monthly,Android,Good,No,4,1
1071,28,Female,Kathmandu,108,52161,5188.6,124.21,330,292,14,0,3.93,Standard,Monthly,iPhone,Excellent,Yes,1,0
1072,21,Female,Dharan,17,212385,3039.82,106.39,246,809,7,9,2.81,Standard,Monthly,Android,Good,Yes,2,1
1073,32,Male,Lalitpur,68,22402,1448.6,152.69,292,1216,6,6,1.64,Premium,One Year,Android,Good,No,0,1
1074,23,Female,Biratnagar,71,83190,3608.61,8.79,336,955,3,4,2.24,Basic,One Year,iPhone,Good,No,0,1
1075,66,Male,Pokhara,62,203623,611.07,187.26,1942,1497,8,8,1.83,Standard,Monthly,Android,Average,Yes,4,1
1076,47,Female,Biratnagar,41,33275,6807.84,19.92,2358,1280,3,6,2.45,Standard,Two Year,Android,Average,Yes,2,1
1077,55,Female,Pokhara,95,179254,4351.23,135.13,1512,387,0,4,2.96,Basic,Monthly,Android,Excellent,No,3,0
1078,68,Female,Pokhara,115,34915,1543.7,27.55,1914,614,5,1,4.84,Basic,One Year,Android,Poor,No,0,0
1079,19,Male,Chitwan,119,20909,2277.35,176.1,1621,1421,3,3,4.84,Standard,Two Year,Android,Excellent,No,2,0
1080,32,Male,Chitwan,103,134110,3859.81,102.63,1812,365,9,1,4.08,Basic,One Year,Android,Average,No,2,0
1081,28,Female,Chitwan,119,85908,1916.52,17.38,1470,657,2,8,4.92,Standard,Two Year,Android,Good,Yes,0,0
1082,25,Male,Butwal,34,147337,2514.49,123.73,2442,289,11,1,4.99,Premium,Two Year,Android,Good,No,1,0
1083,43,Female,Bhaktapur,70,42620,4507.89,2.81,1945,1332,4,1,4.54,Premium,Two Year,iPhone,Excellent,Yes,5,0
1084,68,Male,Pokhara,114,54112,6744.57,155.43,586,1301,2,1,1.32,Standard,Monthly,Android,Average,Yes,1,1
1085,62,Male,Lalitpur,102,225123,3513.8,130.47,271,1487,10,0,2.7,Standard,One Year,iPhone,Excellent,No,4,0
1086,61,Male,Biratnagar,45,22431,5877.31,43.31,1576,188,8,8,3.14,Basic,Two Year,Android,Good,Yes,5,1
1087,22,Female,Chitwan,58,106590,7075.13,75.58,2374,917,11,7,1.5,Standard,Two Year,iPhone,Good,Yes,5,1
1088,23,Male,Butwal,51,82175,2122.26,2.55,694,1201,5,1,4.23,Premium,Two Year,iPhone,Good,No,4,0
1089,43,Male,Chitwan,34,137472,6553.94,139.04,2331,923,14,1,1.59,Basic,Two Year,iPhone,Poor,Yes,2,1
1090,21,Female,Biratnagar,44,52624,6180.52,65.21,2135,987,2,4,2.53,Standard,One Year,iPhone,Good,Yes,0,1
1091,36,Female,Biratnagar,15,227193,3177.03,114.75,1622,374,4,3,1.28,Premium,Monthly,Android,Average,Yes,1,1
1092,37,Female,Dharan,78,81264,7921.4,191.39,533,759,7,1,3.1,Standard,Monthly,Android,Average,No,2,0
1093,50,Female,Pokhara,70,133766,2469.29,60.59,461,1477,13,7,3.39,Standard,Monthly,iPhone,Good,No,1,1
1094,37,Male,Chitwan,50,183030,2411.02,198.06,20,216,7,7,3.94,Basic,Monthly,Android,Excellent,No,0,1
1095,66,Male,Biratnagar,101,152767,6291.94,126.91,2425,1065,5,3,2.36,Standard,Monthly,Android,Good,No,1,1
1096,29,Male,Bhaktapur,114,120211,3759.93,49.18,1158,193,4,3,3.36,Basic,Monthly,Android,Good,No,3,0
1097,64,Male,Bhaktapur,32,139502,2980.96,87.92,922,1350,14,8,3.94,Standard,Monthly,Android,Good,Yes,4,1
1098,18,Male,Chitwan,67,201004,1839.97,148.35,1643,1396,4,3,4.05,Standard,Two Year,iPhone,Excellent,No,5,0
1099,43,Female,Butwal,3,64225,6239.99,89.85,1240,1488,0,9,2.21,Premium,Monthly,Android,Excellent,No,1,1
1100,31,Male,Biratnagar,86,152475,6397.41,14.63,2341,162,1,8,1.27,Basic,Monthly,Android,Good,No,0,1
1101,55,Male,Dharan,86,234418,4749.23,34.55,875,275,14,2,1.15,Standard,One Year,Feature Phone,Average,Yes,0,1
1102,54,Male,Pokhara,74,225463,7679.85,158.47,1037,363,11,1,4.07,Standard,Two Year,Android,Average,Yes,3,0
1103,28,Female,Pokhara,51,189708,2886.22,130.03,1203,774,10,7,2.54,Basic,Monthly,Android,Average,No,0,1
1104,53,Female,Butwal,67,30839,2147.14,114.4,2240,479,3,2,1.54,Standard,Monthly,iPhone,Excellent,No,3,1
1105,30,Male,Dharan,76,216618,5581.0,34.36,604,688,5,1,1.74,Basic,Monthly,Android,Excellent,Yes,2,1
1106,60,Female,Pokhara,93,198901,6188.06,167.71,474,459,10,7,4.06,Basic,Monthly,Feature Phone,Good,Yes,1,1
1107,20,Female,Dharan,48,160302,2186.79,192.19,215,1288,6,7,3.4,Basic,Monthly,Android,Excellent,Yes,0,0
1108,50,Female,Kathmandu,17,71977,1074.58,9.14,618,538,0,4,3.01,Basic,One Year,Android,Average,Yes,4,0
1109,23,Female,Chitwan,7,191304,6578.87,16.53,1352,973,7,8,3.49,Premium,Two Year,Android,Good,Yes,1,1
1110,67,Female,Pokhara,13,133050,7823.76,177.06,1779,1409,11,5,1.55,Basic,One Year,Android,Good,No,3,1
1111,27,Female,Bhaktapur,120,245864,5335.04,163.29,575,84,0,4,2.28,Premium,Monthly,Feature Phone,Good,No,1,1
1112,22,Female,Biratnagar,66,45651,2584.0,123.97,1537,1339,8,2,2.5,Standard,Monthly,iPhone,Good,No,1,1
1113,40,Male,Dharan,4,117919,7975.04,189.05,458,242,14,6,2.26,Standard,Monthly,iPhone,Average,No,0,1
1114,27,Male,Dharan,10,59963,7199.5,129.64,378,1492,3,8,4.46,Standard,Monthly,Android,Good,Yes,4,1
1115,61,Female,Lalitpur,103,206944,4350.35,43.98,1077,879,11,3,3.33,Premium,One Year,Feature Phone,Good,Yes,2,0
1116,19,Male,Butwal,88,137776,6689.91,146.0,1131,1365,14,6,3.92,Premium,Two Year,iPhone,Excellent,No,4,1
1117,30,Male,Lalitpur,17,99198,6618.65,129.5,2083,1200,6,2,1.95,Premium,Monthly,Android,Good,Yes,5,1
1118,57,Female,Pokhara,52,164811,7510.99,197.16,440,1153,10,1,2.06,Premium,Two Year,iPhone,Average,No,3,1
1119,19,Male,Lalitpur,6,150697,6806.93,43.57,572,656,13,0,1.9,Basic,Two Year,Feature Phone,Good,Yes,5,1
1120,37,Female,Lalitpur,83,83294,5327.59,119.98,1169,1106,5,5,3.75,Premium,Monthly,iPhone,Average,No,4,0
1121,18,Female,Kathmandu,69,199428,5069.78,156.25,1051,1383,14,4,2.4,Premium,Monthly,Android,Average,Yes,4,1
1122,54,Female,Dharan,96,21789,4005.18,68.46,1511,87,12,1,2.62,Basic,Monthly,Feature Phone,Good,No,3,1
1123,26,Male,Bhaktapur,74,170492,5198.64,76.56,899,741,8,2,3.84,Premium,One Year,Android,Average,No,4,0
1124,34,Male,Butwal,9,109297,6464.12,177.69,1905,984,13,8,4.89,Standard,Monthly,iPhone,Good,No,2,1
1125,26,Male,Bhaktapur,91,188678,7767.78,81.43,871,470,1,2,1.65,Premium,Monthly,Android,Average,No,1,1
1126,28,Male,Kathmandu,77,189712,4004.66,125.32,529,1377,14,6,1.25,Premium,Two Year,Feature Phone,Poor,No,2,1
1127,32,Female,Kathmandu,83,138341,4802.4,177.96,1879,415,14,0,1.78,Premium,Monthly,Android,Good,No,5,1
1128,41,Female,Lalitpur,21,64135,3836.04,42.76,1783,1074,10,6,3.94,Premium,Monthly,Android,Average,Yes,1,1
1129,55,Male,Chitwan,24,57067,5513.66,196.39,985,681,6,8,1.78,Basic,One Year,Android,Poor,No,1,1
1130,52,Female,Dharan,102,209492,5224.4,140.69,1878,1086,10,7,3.34,Basic,Two Year,Android,Average,Yes,4,0
1131,47,Female,Biratnagar,4,37357,633.75,99.73,933,1112,4,6,3.36,Basic,Monthly,Feature Phone,Average,Yes,1,1
1132,48,Male,Dharan,24,190923,4558.71,86.75,1410,1213,12,9,2.18,Basic,Monthly,Feature Phone,Average,No,3,1
1133,66,Female,Biratnagar,59,58262,1163.65,190.92,1531,898,6,7,1.27,Standard,One Year,Android,Average,No,2,1
1134,22,Male,Lalitpur,99,227925,697.88,41.94,2085,600,0,3,2.6,Standard,One Year,Android,Good,No,1,0
1135,61,Female,Biratnagar,3,78643,6433.98,63.02,2123,1371,10,1,1.75,Standard,Two Year,Android,Poor,Yes,4,1
1136,67,Male,Kathmandu,68,172606,2439.87,62.25,1078,1199,10,8,1.74,Standard,Monthly,Android,Poor,No,4,1
1137,31,Female,Bhaktapur,101,111270,3054.91,58.51,813,1387,9,2,3.09,Premium,One Year,iPhone,Good,Yes,4,0
1138,28,Female,Biratnagar,40,183944,980.63,94.24,1616,775,8,3,3.69,Standard,Monthly,iPhone,Average,No,0,1
1139,26,Male,Dharan,48,158761,1846.25,197.85,1826,900,0,6,1.3,Standard,Two Year,Android,Good,Yes,2,0
1140,51,Male,Butwal,54,89103,6242.04,177.87,366,482,13,1,3.31,Basic,Monthly,Android,Average,Yes,4,1
1141,29,Male,Lalitpur,35,106268,4201.48,66.26,1075,1142,4,7,1.98,Basic,Monthly,iPhone,Excellent,Yes,3,1
1142,52,Male,Chitwan,95,106310,7105.01,85.15,927,168,13,9,3.69,Standard,Monthly,Android,Average,No,4,1
1143,52,Female,Lalitpur,56,239803,3479.32,134.23,1043,146,7,7,4.24,Standard,Monthly,Android,Good,No,0,1
1144,18,Female,Pokhara,108,57412,2515.26,4.41,595,1460,0,4,4.23,Standard,Monthly,Android,Average,No,2,0
1145,57,Male,Lalitpur,89,67734,3107.0,164.21,218,438,6,8,2.48,Standard,Monthly,Android,Good,No,1,1
1146,39,Female,Kathmandu,40,107793,5845.79,176.08,1385,887,1,7,3.27,Basic,Monthly,Android,Good,No,2,0
1147,46,Male,Bhaktapur,77,221002,4662.54,171.58,2018,1212,6,0,4.17,Basic,Monthly,Feature Phone,Average,Yes,1,0
1148,25,Male,Bhaktapur,68,42228,7281.43,75.64,1274,159,6,8,1.24,Premium,Two Year,Android,Average,Yes,1,1
1149,28,Female,Butwal,46,140627,5016.27,92.94,2368,813,8,4,3.42,Basic,Monthly,iPhone,Excellent,No,4,0
1150,58,Female,Biratnagar,78,97924,4197.64,3.47,1036,401,5,8,4.35,Standard,One Year,Android,Excellent,No,5,0
1151,54,Male,Kathmandu,13,31319,6393.15,80.48,45,585,3,8,2.49,Premium,One Year,iPhone,Good,Yes,3,1
1152,31,Male,Pokhara,27,26475,7606.5,92.62,1578,863,6,9,2.82,Basic,Monthly,Android,Excellent,No,3,1
1153,47,Male,Kathmandu,6,248163,3168.84,181.49,2387,1041,6,9,3.79,Standard,Monthly,Android,Poor,No,5,1
1154,52,Female,Lalitpur,17,234766,2374.07,178.9,2223,139,3,2,1.27,Standard,Two Year,Android,Good,No,4,1
1155,38,Female,Kathmandu,36,165800,5121.63,193.25,490,1138,1,7,2.54,Standard,Monthly,iPhone,Average,No,0,1
1156,54,Female,Kathmandu,104,49545,4241.55,177.14,2487,327,12,6,2.18,Basic,Monthly,iPhone,Good,No,1,1
1157,22,Female,Butwal,113,116636,7918.89,2.63,670,224,10,6,1.07,Premium,Monthly,Feature Phone,Good,No,5,1
1158,36,Male,Pokhara,99,232758,3967.71,128.65,905,557,8,9,1.78,Basic,Monthly,Android,Poor,Yes,3,1
1159,31,Male,Lalitpur,81,249822,1057.49,14.58,949,438,13,1,2.58,Standard,Monthly,Android,Good,No,2,1
1160,43,Male,Chitwan,105,249484,7830.27,55.25,1764,385,7,1,1.79,Standard,Two Year,Android,Good,Yes,0,1
1161,21,Male,Butwal,2,212828,6826.9,116.08,895,520,4,1,3.41,Basic,Two Year,Android,Good,No,4,1
1162,42,Male,Chitwan,77,219847,1836.88,140.42,961,1276,13,1,2.79,Basic,Two Year,Android,Excellent,Yes,0,0
1163,62,Male,Butwal,52,189771,7284.54,131.27,1328,619,4,3,1.16,Basic,Monthly,iPhone,Excellent,Yes,3,1
1164,59,Female,Bhaktapur,66,187893,3055.0,10.76,591,1121,0,6,2.1,Standard,Two Year,Android,Poor,Yes,5,0
1165,42,Female,Dharan,52,50615,3328.34,21.62,73,786,10,1,1.08,Basic,One Year,Feature Phone,Good,No,4,0
1166,35,Male,Butwal,92,33746,7297.94,26.59,624,1094,8,4,2.43,Premium,Two Year,Android,Good,No,3,1
1167,57,Male,Biratnagar,43,237529,4475.87,19.19,344,550,10,6,2.04,Basic,One Year,Android,Average,No,1,1
1168,25,Female,Kathmandu,90,173817,1533.22,36.47,904,446,13,8,3.75,Premium,Monthly,iPhone,Excellent,No,0,1
1169,56,Female,Bhaktapur,22,21245,3267.92,138.01,284,1113,9,7,2.23,Premium,Two Year,Android,Poor,Yes,5,1
1170,57,Female,Pokhara,111,137408,5915.73,166.34,401,1453,10,8,2.5,Standard,Monthly,Feature Phone,Poor,Yes,1,1
1171,31,Female,Chitwan,107,132143,1806.38,82.35,1256,1242,7,6,3.9,Standard,Two Year,iPhone,Average,Yes,2,0
1172,49,Male,Dharan,55,175925,4926.73,138.86,2400,106,4,2,2.92,Basic,Monthly,iPhone,Average,No,1,1
1173,68,Male,Dharan,67,47632,5714.56,40.8,1401,1499,9,0,3.23,Premium,Two Year,Feature Phone,Poor,No,0,0
1174,55,Male,Butwal,99,32856,3078.9,194.68,2270,915,5,9,4.37,Standard,Monthly,Android,Good,No,2,1
1175,50,Male,Kathmandu,60,207965,5704.11,70.65,2125,1477,11,6,1.83,Premium,Monthly,Android,Good,Yes,3,1
1176,40,Male,Pokhara,58,221713,7131.56,169.33,1537,903,9,5,4.96,Standard,One Year,Feature Phone,Good,No,5,0
1177,32,Female,Biratnagar,12,88049,4040.88,189.13,1553,543,10,1,4.6,Premium,One Year,Android,Average,No,2,0
1178,50,Male,Pokhara,88,78182,3371.82,173.08,1811,1149,9,0,2.15,Standard,One Year,Android,Good,No,0,0
1179,42,Female,Kathmandu,69,153873,2383.69,14.35,566,1170,7,9,4.57,Premium,Monthly,Android,Average,No,4,1
1180,34,Male,Biratnagar,84,248953,5031.54,130.41,890,279,5,3,4.02,Basic,Monthly,Android,Average,No,2,0
1181,50,Male,Pokhara,103,230503,7098.89,24.9,2170,23,9,3,4.72,Standard,Monthly,iPhone,Average,Yes,3,1
1182,64,Male,Biratnagar,39,190821,2934.96,2.13,1243,951,13,5,3.76,Standard,Monthly,Android,Poor,No,2,1
1183,19,Male,Butwal,13,224829,3471.77,11.3,884,119,3,4,3.7,Standard,One Year,Android,Average,Yes,5,0
1184,31,Male,Butwal,41,75654,3549.69,183.31,1985,1320,2,8,1.01,Standard,Monthly,Android,Good,Yes,1,1
1185,57,Female,Kathmandu,57,222646,4706.09,181.78,417,854,6,7,2.9,Standard,Monthly,Android,Poor,Yes,4,1
1186,57,Female,Kathmandu,53,248639,2213.07,45.94,1781,1015,12,8,1.8,Basic,Two Year,Feature Phone,Average,No,0,1
1187,68,Female,Biratnagar,109,75381,6666.58,109.87,411,943,1,9,2.3,Standard,Monthly,iPhone,Good,No,4,1
1188,56,Male,Lalitpur,12,78601,2717.02,191.05,2173,1105,6,6,4.92,Standard,One Year,Android,Excellent,Yes,1,0
1189,68,Male,Bhaktapur,13,166154,5790.22,99.84,1632,447,0,8,1.34,Basic,Monthly,Android,Excellent,No,4,1
1190,23,Female,Dharan,120,165720,4349.12,79.32,1097,995,12,2,3.89,Premium,Monthly,Android,Excellent,No,1,0
1191,23,Male,Pokhara,74,20364,4894.23,97.17,1320,1493,9,8,1.69,Basic,One Year,Android,Excellent,Yes,5,1
1192,20,Male,Pokhara,97,185640,1847.07,158.25,2178,1446,4,1,1.03,Basic,Monthly,iPhone,Good,No,2,0
1193,24,Female,Lalitpur,57,230718,6012.67,95.98,2291,1047,14,8,3.01,Standard,One Year,Android,Excellent,No,0,1
1194,68,Male,Lalitpur,40,222566,1914.65,156.87,2142,1084,8,5,1.64,Premium,Two Year,Android,Good,Yes,1,1
1195,25,Female,Lalitpur,118,225704,1351.05,86.91,383,83,12,3,4.86,Standard,Two Year,iPhone,Average,Yes,1,0
1196,59,Male,Chitwan,80,27436,4600.1,51.15,2306,224,14,1,1.81,Premium,Two Year,iPhone,Average,Yes,2,1
1197,69,Female,Chitwan,45,106713,5819.73,65.97,1444,185,12,9,1.77,Standard,One Year,iPhone,Good,No,1,1
1198,32,Male,Biratnagar,35,177826,875.27,16.49,865,374,0,2,1.13,Premium,Monthly,iPhone,Excellent,No,0,0
1199,64,Male,Chitwan,3,80194,1020.46,99.98,1347,71,7,4,2.32,Basic,Monthly,Android,Average,No,3,1
1200,46,Female,Butwal,120,44544,6520.09,30.47,411,73,8,8,1.1,Premium,One Year,Android,Poor,No,4,1
1201,50,Male,Butwal,5,211252,6567.75,162.5,1060,1364,8,6,3.0,Standard,One Year,Android,Good,Yes,5,1
1202,69,Male,Kathmandu,90,83295,2339.79,84.7,2079,152,7,2,3.02,Standard,Monthly,Android,Good,Yes,5,0
1203,47,Female,Dharan,11,163710,5114.21,153.24,2066,95,3,3,1.21,Basic,Monthly,Android,Excellent,Yes,1,1
1204,56,Male,Biratnagar,71,216787,3823.85,190.94,165,444,13,1,1.96,Premium,Monthly,iPhone,Excellent,Yes,4,1
1205,44,Female,Dharan,117,89409,5245.22,170.05,1325,1133,13,7,4.33,Standard,Monthly,iPhone,Average,Yes,5,1
1206,53,Male,Pokhara,56,234178,6971.59,190.34,1592,1481,6,5,2.85,Premium,Monthly,Android,Average,Yes,4,1
1207,46,Male,Bhaktapur,10,146839,1098.92,114.02,2236,827,0,2,2.74,Basic,One Year,Android,Average,No,5,1
1208,55,Male,Kathmandu,106,133759,6334.88,33.9,2237,1074,6,4,3.8,Basic,Monthly,iPhone,Excellent,Yes,3,0
1209,50,Male,Pokhara,116,37157,4197.72,187.14,2052,376,5,4,3.86,Basic,One Year,Android,Poor,No,1,0
1210,54,Female,Pokhara,34,196637,4730.95,173.83,784,764,4,0,4.05,Standard,One Year,Android,Poor,Yes,0,0
1211,44,Male,Biratnagar,67,221068,5404.49,173.02,1389,1096,0,4,4.32,Premium,Monthly,iPhone,Average,No,1,0
1212,50,Female,Lalitpur,72,85888,7419.67,138.96,518,211,7,5,1.93,Standard,Monthly,Android,Average,No,4,1
1213,21,Male,Lalitpur,31,207167,925.4,125.36,1986,1455,9,9,1.27,Basic,Monthly,Android,Average,Yes,2,1
1214,39,Male,Dharan,75,84947,721.07,3.93,1185,723,0,9,2.52,Standard,One Year,Android,Excellent,Yes,3,0
1215,19,Male,Kathmandu,109,238194,1836.96,149.86,1780,1191,0,1,4.42,Standard,One Year,iPhone,Good,No,0,0
1216,27,Male,Lalitpur,71,90880,7898.36,19.22,137,774,13,2,1.31,Basic,Monthly,iPhone,Excellent,No,0,1
1217,22,Female,Pokhara,109,24507,5863.07,52.69,384,330,14,9,3.3,Premium,Monthly,iPhone,Average,Yes,4,1
1218,27,Female,Lalitpur,66,123134,5109.81,110.75,2001,750,2,4,3.8,Basic,Monthly,Android,Good,No,0,0
1219,50,Female,Chitwan,70,63988,852.79,90.89,155,1166,12,2,2.93,Premium,One Year,iPhone,Good,Yes,4,0
1220,55,Female,Lalitpur,41,118421,7093.33,4.14,1120,1468,7,4,2.02,Standard,Monthly,Feature Phone,Good,Yes,0,1
1221,30,Male,Pokhara,63,167937,6595.68,164.97,1891,823,7,4,2.31,Basic,One Year,Android,Average,Yes,0,1
1222,48,Female,Dharan,32,122591,5486.0,175.88,37,393,13,7,1.29,Premium,One Year,Android,Good,No,5,1
1223,64,Female,Biratnagar,20,149614,3043.48,136.69,1910,511,14,9,2.17,Standard,Monthly,iPhone,Good,No,5,1
1224,53,Male,Kathmandu,57,47213,1028.79,108.67,2470,685,6,8,1.18,Standard,One Year,Feature Phone,Poor,No,4,1
1225,62,Male,Bhaktapur,98,207026,4850.29,192.19,224,620,4,7,3.91,Standard,Monthly,Feature Phone,Poor,No,3,1
1226,41,Male,Lalitpur,50,77450,5897.71,24.87,518,1351,14,2,4.59,Basic,Monthly,Android,Poor,Yes,0,1
1227,69,Male,Butwal,80,155549,1206.8,147.84,2391,603,7,0,3.53,Premium,Monthly,Feature Phone,Poor,No,1,0
1228,32,Female,Butwal,25,82222,5253.26,26.54,614,1282,1,2,3.63,Standard,Monthly,Android,Average,No,2,0
1229,46,Female,Dharan,12,157605,2647.75,76.99,581,1460,7,0,2.89,Premium,Monthly,Android,Average,Yes,5,1
1230,25,Male,Pokhara,71,200467,6231.83,117.51,1324,717,11,8,1.62,Standard,One Year,Feature Phone,Average,No,4,1
1231,22,Male,Bhaktapur,39,174468,4547.12,147.68,2231,348,10,2,1.03,Basic,Two Year,Feature Phone,Good,No,0,1
1232,46,Male,Bhaktapur,17,32755,1467.78,1.74,2391,514,1,7,2.38,Basic,One Year,iPhone,Excellent,No,5,1
1233,64,Female,Chitwan,45,151937,4448.9,52.86,659,1472,9,5,4.01,Premium,Monthly,Feature Phone,Average,Yes,3,0
1234,21,Female,Bhaktapur,11,162245,3468.03,108.1,1946,398,4,2,4.84,Premium,Two Year,iPhone,Average,No,5,0
1235,29,Male,Butwal,70,209977,1852.67,107.04,2275,213,10,8,2.72,Standard,Monthly,Android,Good,Yes,1,1
1236,62,Male,Biratnagar,23,189169,6811.37,127.89,334,561,12,7,2.46,Basic,Monthly,Feature Phone,Good,Yes,4,1
1237,19,Female,Pokhara,91,53371,582.71,61.47,2371,1312,3,2,2.78,Standard,Monthly,Feature Phone,Good,No,1,0
1238,44,Male,Pokhara,110,162326,2840.96,108.57,920,1282,14,6,2.71,Premium,One Year,Android,Good,Yes,5,0
1239,48,Male,Lalitpur,70,155090,594.46,38.77,2306,257,12,4,3.5,Premium,Monthly,Android,Good,Yes,2,0
1240,68,Female,Lalitpur,38,25192,1220.05,38.19,1770,1411,0,1,3.94,Basic,One Year,Android,Excellent,No,3,0
1241,68,Male,Lalitpur,2,22015,2728.22,115.74,823,693,4,7,4.14,Basic,Monthly,iPhone,Excellent,Yes,4,1
1242,53,Female,Butwal,86,128154,907.03,137.41,1580,1288,6,0,3.6,Standard,One Year,iPhone,Good,Yes,4,0
1243,53,Male,Butwal,84,219988,4974.73,24.96,1472,1336,0,3,2.75,Basic,One Year,Feature Phone,Excellent,No,0,0
1244,43,Male,Dharan,89,48343,1151.47,25.44,1263,1063,1,3,4.8,Premium,Two Year,Android,Good,Yes,1,0
1245,60,Female,Butwal,79,89306,5762.85,113.5,2342,997,11,9,3.84,Standard,Two Year,iPhone,Good,No,4,0
1246,44,Female,Butwal,113,25829,894.82,54.75,1690,819,14,4,2.71,Premium,One Year,Feature Phone,Good,Yes,1,0
1247,22,Male,Butwal,93,54381,944.82,79.09,2047,209,13,3,2.79,Basic,Monthly,Android,Excellent,No,2,1
1248,37,Female,Butwal,72,131451,2789.94,80.75,1788,271,8,0,4.27,Standard,One Year,iPhone,Excellent,Yes,0,0
1249,28,Male,Biratnagar,37,232153,7224.29,36.53,2020,1159,11,6,2.76,Standard,Monthly,Android,Average,Yes,2,1
1250,27,Male,Butwal,49,38263,5310.45,1.26,1109,598,4,9,3.07,Basic,Two Year,iPhone,Good,Yes,0,1
1251,57,Female,Dharan,52,204332,6275.98,170.78,1466,1083,13,1,2.17,Standard,Two Year,iPhone,Excellent,Yes,0,1
1252,55,Male,Bhaktapur,33,194378,1561.64,143.29,2322,1038,12,9,4.36,Standard,Monthly,iPhone,Average,No,1,1
1253,23,Male,Bhaktapur,22,242283,6755.94,138.42,2192,1022,6,2,3.09,Premium,One Year,Android,Average,No,5,0
1254,25,Female,Chitwan,114,78418,561.1,109.75,1189,254,1,4,3.21,Basic,Monthly,Android,Average,No,0,0
1255,40,Female,Biratnagar,111,241970,2097.93,140.49,634,736,6,7,4.52,Premium,Monthly,iPhone,Good,Yes,2,0
1256,64,Male,Lalitpur,5,20148,5120.69,187.2,2452,721,6,9,4.68,Premium,One Year,Android,Good,Yes,5,1
1257,43,Female,Kathmandu,103,152826,3314.35,133.47,406,534,6,7,4.3,Standard,Monthly,Android,Average,Yes,2,1
1258,63,Female,Butwal,18,46745,7881.45,53.75,2450,1258,4,1,1.26,Standard,Two Year,Android,Good,Yes,5,1
1259,60,Female,Chitwan,38,92914,727.54,114.54,1425,1154,8,8,2.77,Basic,Monthly,Android,Excellent,Yes,2,1
1260,29,Female,Kathmandu,118,206905,7989.49,89.02,143,1023,1,5,2.37,Standard,Two Year,iPhone,Average,Yes,1,1
1261,43,Male,Dharan,117,171212,5177.21,111.73,1833,16,3,8,1.85,Standard,One Year,iPhone,Average,Yes,1,1
1262,30,Male,Bhaktapur,37,225979,4690.3,104.0,1644,881,1,3,4.64,Standard,Two Year,iPhone,Excellent,No,3,0
1263,57,Male,Chitwan,94,80653,946.34,171.9,1201,953,7,2,4.56,Standard,Monthly,iPhone,Excellent,No,4,0
1264,35,Female,Dharan,115,243607,2549.97,130.71,747,825,11,4,2.86,Premium,Monthly,Android,Average,Yes,3,1
1265,42,Female,Chitwan,95,212593,7434.97,38.56,1161,991,10,4,1.54,Standard,Two Year,Android,Good,Yes,3,1
1266,50,Female,Pokhara,64,98315,3156.85,13.54,2395,877,0,3,1.05,Premium,One Year,Feature Phone,Good,No,0,0
1267,64,Female,Dharan,10,51075,5462.4,85.45,378,184,8,6,2.75,Standard,Monthly,Android,Average,No,0,1
1268,57,Female,Bhaktapur,79,181769,7996.22,4.11,462,1414,11,7,1.16,Premium,One Year,Android,Excellent,Yes,3,1
1269,60,Female,Bhaktapur,42,205616,2473.02,64.34,2231,1446,12,4,3.44,Standard,Two Year,iPhone,Good,No,4,1
1270,29,Female,Biratnagar,48,29795,4820.61,74.24,992,1465,13,8,3.43,Standard,One Year,Android,Good,No,3,1
1271,61,Male,Chitwan,44,84555,5723.28,75.74,380,1035,4,6,4.6,Basic,One Year,Android,Average,No,1,0
1272,53,Male,Butwal,82,203276,1734.7,195.89,872,79,10,6,1.76,Basic,Two Year,Android,Excellent,No,2,1
1273,65,Female,Bhaktapur,87,220826,1615.04,61.48,1644,808,11,7,2.49,Standard,Monthly,Feature Phone,Average,No,3,1
1274,21,Female,Chitwan,97,215932,3922.31,53.78,1631,301,2,3,4.44,Premium,Two Year,Android,Average,Yes,0,0
1275,22,Female,Biratnagar,16,123107,3393.59,26.75,1776,1239,11,9,2.9,Standard,One Year,Android,Average,No,4,1
1276,54,Male,Butwal,54,71529,5856.62,102.69,1043,1271,10,5,1.24,Basic,Monthly,iPhone,Average,No,0,1
1277,25,Male,Dharan,102,162744,1021.32,31.58,1927,1295,3,4,1.44,Basic,Monthly,Feature Phone,Excellent,No,1,0
1278,59,Female,Biratnagar,35,205310,7791.25,123.64,1950,132,0,0,4.25,Standard,Monthly,Android,Average,No,5,0
1279,66,Female,Pokhara,98,247650,607.08,31.88,260,1028,2,8,3.97,Standard,One Year,Android,Good,No,0,0
1280,45,Male,Butwal,28,187022,5009.88,115.76,685,755,10,1,4.5,Premium,One Year,Android,Excellent,No,5,0
1281,48,Male,Chitwan,2,31009,4719.74,165.43,1185,628,7,5,1.48,Standard,Two Year,Android,Good,No,0,1
1282,26,Male,Bhaktapur,94,198168,1510.37,9.46,995,1009,11,7,4.04,Standard,Two Year,iPhone,Average,No,4,0
1283,68,Male,Bhaktapur,13,170616,1631.87,84.53,2059,772,1,2,3.62,Standard,Monthly,Android,Good,No,5,0
1284,46,Female,Chitwan,41,206800,6445.08,92.75,2098,140,1,4,1.93,Premium,One Year,Android,Good,No,4,0
1285,31,Male,Chitwan,80,49381,7156.72,158.42,242,482,8,6,4.9,Standard,One Year,iPhone,Average,No,0,1
1286,57,Male,Chitwan,59,147769,2622.63,94.12,1847,1328,4,3,3.28,Basic,Monthly,iPhone,Average,No,0,1
1287,58,Female,Lalitpur,69,176359,3784.73,113.94,2333,344,4,4,4.63,Basic,One Year,Feature Phone,Good,No,3,0
1288,39,Male,Butwal,119,84610,3162.46,158.45,1325,1293,0,0,4.44,Premium,Monthly,iPhone,Good,No,1,0
1289,28,Male,Bhaktapur,92,88122,1044.1,112.39,807,1131,12,3,2.33,Basic,Monthly,Android,Good,No,5,1
1290,40,Male,Butwal,53,88184,5549.03,72.3,2448,473,5,6,3.14,Basic,Monthly,iPhone,Average,Yes,3,1
1291,18,Female,Biratnagar,103,191153,6688.95,18.08,575,1105,7,9,2.73,Basic,One Year,Android,Good,Yes,4,0
1292,63,Male,Bhaktapur,45,234709,2786.6,146.25,2129,1107,5,6,3.84,Premium,One Year,Android,Average,No,3,0
1293,54,Female,Lalitpur,20,196384,7926.32,174.36,866,1313,13,9,3.35,Basic,One Year,iPhone,Average,No,3,1
1294,38,Female,Chitwan,24,107228,1068.89,194.04,1114,1094,14,9,4.14,Premium,One Year,Android,Excellent,Yes,5,1
1295,43,Male,Pokhara,61,92943,5463.43,185.39,1579,174,6,3,1.05,Standard,Monthly,Android,Average,No,0,1
1296,63,Male,Chitwan,91,233862,3861.71,159.69,159,841,13,5,3.75,Standard,Monthly,Feature Phone,Average,No,0,1
1297,53,Male,Dharan,94,100770,3849.51,129.05,1383,1486,3,4,2.28,Premium,Monthly,iPhone,Excellent,No,5,0
1298,40,Male,Chitwan,58,72726,3932.34,156.51,609,1418,1,0,1.9,Standard,Monthly,iPhone,Average,No,1,0
1299,18,Female,Lalitpur,109,173283,2440.11,86.98,1769,865,0,7,4.2,Standard,Two Year,iPhone,Good,No,2,0
1300,68,Male,Butwal,27,180552,5866.72,119.36,560,1114,11,6,1.36,Basic,One Year,Android,Good,Yes,2,1
1301,57,Male,Bhaktapur,26,67780,5911.82,70.39,2442,468,5,4,1.91,Standard,Monthly,iPhone,Average,No,5,1
1302,32,Male,Chitwan,7,208210,2617.98,66.02,310,1457,8,9,1.81,Premium,Monthly,Feature Phone,Excellent,No,5,1
1303,38,Female,Bhaktapur,42,241454,6764.8,151.58,2110,1272,9,9,2.68,Premium,One Year,Android,Good,No,3,0
1304,64,Male,Kathmandu,47,62503,2876.34,91.33,1275,643,4,6,2.29,Standard,One Year,iPhone,Good,Yes,1,1
1305,26,Male,Biratnagar,53,77893,5938.2,43.22,1255,680,11,9,3.88,Premium,One Year,iPhone,Average,Yes,1,1
1306,26,Female,Butwal,59,197265,1407.5,41.19,27,954,1,2,3.8,Premium,Monthly,Android,Excellent,Yes,4,0
1307,27,Female,Bhaktapur,38,81358,1765.26,171.98,1677,848,0,7,2.3,Premium,One Year,Android,Good,Yes,0,1
1308,69,Male,Pokhara,69,100857,2868.47,135.87,502,240,2,4,2.75,Standard,Monthly,Android,Good,Yes,5,0
1309,43,Male,Biratnagar,87,229254,4954.05,109.66,2109,701,3,1,1.83,Standard,Two Year,Android,Excellent,Yes,5,0
1310,58,Male,Dharan,92,140457,5341.34,80.79,352,339,6,1,3.68,Premium,Monthly,Android,Good,No,5,0
1311,52,Male,Dharan,98,173189,3472.67,86.73,1276,792,8,3,2.58,Standard,Monthly,Feature Phone,Good,No,5,0
1312,69,Male,Pokhara,53,210128,1083.79,12.43,1059,743,7,6,1.53,Premium,One Year,Android,Excellent,Yes,4,1
1313,42,Female,Chitwan,15,137928,3302.26,91.53,2136,1494,8,9,1.51,Basic,Monthly,Android,Average,No,2,1
1314,43,Female,Biratnagar,96,78706,5665.76,159.3,2120,462,6,3,2.29,Basic,One Year,Android,Good,Yes,1,0
1315,28,Male,Bhaktapur,26,221501,5532.47,78.21,704,800,9,8,3.99,Basic,Monthly,Feature Phone,Average,Yes,2,1
1316,55,Male,Biratnagar,48,160548,1701.47,77.33,1013,1298,7,1,1.1,Basic,Monthly,Android,Good,No,0,1
1317,19,Female,Chitwan,95,102806,558.38,4.13,1817,14,7,5,2.03,Premium,Two Year,iPhone,Good,Yes,0,1
1318,24,Male,Lalitpur,19,75006,6147.36,92.11,1844,1064,0,3,1.65,Basic,Monthly,iPhone,Average,Yes,5,1
1319,35,Male,Butwal,9,107238,1297.76,6.04,1825,207,11,5,4.83,Standard,Monthly,iPhone,Average,Yes,0,1
1320,44,Male,Pokhara,64,220990,1117.62,114.5,1722,1083,13,9,3.82,Basic,Monthly,Android,Good,No,2,1
1321,51,Male,Chitwan,93,214227,520.26,101.85,82,364,14,8,1.93,Basic,Two Year,Android,Good,No,1,1
1322,44,Male,Lalitpur,54,218393,3744.51,168.16,280,1263,11,9,1.83,Basic,One Year,Android,Good,Yes,4,1
1323,34,Female,Biratnagar,51,65798,4274.48,116.77,877,607,14,8,4.43,Premium,Two Year,Android,Excellent,No,1,1
1324,60,Male,Biratnagar,39,97271,5282.48,65.36,1283,159,8,8,1.76,Premium,Two Year,Android,Average,Yes,1,1
1325,61,Male,Chitwan,4,50177,2720.48,103.73,1508,396,1,8,4.99,Standard,One Year,iPhone,Excellent,Yes,3,1
1326,68,Male,Bhaktapur,3,247320,5828.19,140.24,1150,793,11,2,2.13,Premium,Monthly,Android,Poor,Yes,1,1
1327,41,Female,Biratnagar,120,148022,1769.99,19.7,2050,499,10,8,1.34,Premium,Two Year,Android,Average,No,4,1
1328,42,Female,Bhaktapur,64,150156,6739.93,124.59,199,208,13,2,3.76,Standard,Monthly,iPhone,Poor,Yes,3,1
1329,24,Female,Bhaktapur,29,102215,4788.86,183.41,374,1156,6,9,3.44,Basic,Two Year,Android,Excellent,No,1,1
1330,69,Female,Butwal,116,63013,4879.17,60.53,953,1404,12,2,5.0,Basic,One Year,Android,Good,No,3,0
1331,23,Male,Bhaktapur,11,102600,2073.32,125.7,608,432,9,4,4.21,Basic,One Year,Feature Phone,Average,No,1,1
1332,41,Female,Kathmandu,97,116099,1055.82,164.44,1780,608,9,5,2.72,Basic,Monthly,Android,Good,No,0,1
1333,50,Male,Butwal,102,73450,3985.44,102.85,624,388,12,8,3.71,Standard,One Year,Android,Good,No,0,1
1334,66,Male,Lalitpur,58,249700,5117.09,143.88,2248,996,4,0,4.27,Basic,One Year,Android,Excellent,No,1,0
1335,46,Female,Lalitpur,75,199000,1212.85,62.89,193,582,3,7,3.05,Premium,Monthly,iPhone,Good,No,3,1
1336,60,Female,Biratnagar,27,142640,7629.01,61.91,2421,431,0,3,2.09,Premium,Two Year,iPhone,Good,No,4,1
1337,39,Female,Biratnagar,97,112403,7853.11,133.85,373,1297,0,9,1.84,Basic,One Year,Android,Excellent,No,0,1
1338,43,Female,Bhaktapur,21,196454,4590.93,141.38,1358,350,2,6,2.18,Premium,Monthly,iPhone,Excellent,No,3,1
1339,45,Female,Butwal,39,119290,7625.52,187.46,453,133,13,5,4.39,Premium,One Year,Android,Poor,Yes,4,1
1340,67,Male,Butwal,95,236110,1845.84,45.74,2349,1089,14,5,2.52,Basic,One Year,Android,Good,No,3,0
1341,38,Female,Kathmandu,102,151832,690.66,94.18,278,638,0,6,2.15,Standard,Two Year,iPhone,Average,No,1,1
1342,66,Female,Bhaktapur,46,44142,795.57,50.85,887,1228,7,3,4.22,Basic,One Year,Android,Good,No,0,0
1343,24,Female,Kathmandu,66,130189,4906.34,16.94,2072,1321,2,5,1.13,Basic,Monthly,Android,Good,No,0,1
1344,34,Male,Dharan,91,127532,962.31,81.24,2023,116,10,2,3.38,Standard,Monthly,Android,Average,No,0,1
1345,37,Female,Bhaktapur,36,168362,7689.09,75.44,615,1290,9,4,4.49,Standard,Monthly,Feature Phone,Excellent,Yes,1,1
1346,58,Male,Pokhara,75,222107,1564.5,54.82,1688,148,1,1,2.64,Basic,Monthly,Feature Phone,Average,Yes,4,0
1347,66,Female,Pokhara,111,151436,2785.42,60.1,413,1217,5,2,2.08,Standard,One Year,iPhone,Good,Yes,4,0
1348,37,Female,Chitwan,82,76921,6668.88,72.72,355,178,3,8,2.97,Premium,Monthly,Feature Phone,Excellent,No,5,1
1349,39,Male,Bhaktapur,65,39797,2140.55,197.78,2130,147,12,5,3.87,Standard,Monthly,iPhone,Average,No,5,0
1350,45,Female,Butwal,63,52535,2322.26,156.81,63,464,12,2,3.07,Standard,One Year,Feature Phone,Average,Yes,0,0
1351,57,Male,Biratnagar,99,66300,5317.32,15.21,2220,975,13,1,1.03,Premium,Monthly,Android,Average,Yes,5,1
1352,66,Male,Lalitpur,35,67176,2570.65,174.61,873,568,10,4,1.31,Standard,Monthly,iPhone,Good,Yes,4,1
1353,24,Male,Chitwan,31,36105,2130.86,127.03,294,1028,13,9,3.89,Basic,One Year,iPhone,Excellent,No,5,0
1354,18,Female,Biratnagar,28,159011,2406.33,178.23,445,525,12,4,2.6,Premium,Monthly,Feature Phone,Average,Yes,5,1
1355,49,Female,Pokhara,103,99472,4179.86,69.0,502,279,10,0,4.14,Premium,One Year,Android,Poor,Yes,0,0
1356,30,Female,Bhaktapur,1,193101,7745.75,93.44,233,498,12,2,3.6,Basic,One Year,Android,Good,No,4,1
1357,47,Male,Chitwan,25,166935,6741.78,179.35,2146,835,3,6,3.33,Standard,Two Year,Feature Phone,Good,No,0,1
1358,40,Female,Bhaktapur,43,98097,2634.58,55.24,158,435,1,8,4.61,Standard,Monthly,iPhone,Good,No,4,0
1359,68,Male,Pokhara,102,161519,3225.3,183.18,969,815,1,4,1.09,Basic,Monthly,Feature Phone,Good,No,3,0
1360,36,Female,Chitwan,84,116160,3983.84,165.87,117,1239,10,3,1.62,Basic,One Year,iPhone,Average,Yes,0,1
1361,49,Male,Pokhara,67,66940,7841.97,196.13,683,686,5,2,3.5,Basic,Monthly,iPhone,Good,Yes,5,1
1362,47,Male,Kathmandu,63,229019,1792.93,65.53,2265,827,4,9,1.26,Premium,Monthly,Android,Poor,No,5,1
1363,46,Male,Pokhara,51,105001,3181.12,47.91,2223,968,8,8,3.58,Basic,Monthly,Android,Poor,No,0,1
1364,66,Female,Butwal,2,170714,5970.7,66.84,1093,1160,3,6,4.94,Basic,One Year,iPhone,Average,No,5,1
1365,62,Male,Butwal,82,247870,7729.58,190.98,498,611,4,6,4.52,Basic,Two Year,Feature Phone,Good,No,2,0
1366,46,Male,Bhaktapur,108,246971,1667.56,67.28,2295,594,14,7,3.36,Premium,Two Year,iPhone,Average,No,0,1
1367,47,Male,Lalitpur,64,218715,2205.35,113.48,2216,1303,0,9,4.58,Premium,Two Year,Android,Good,Yes,4,0
1368,33,Male,Pokhara,74,27928,2192.71,81.33,1101,131,11,0,1.47,Standard,Monthly,iPhone,Good,No,3,1
1369,57,Male,Biratnagar,69,68002,656.99,79.85,181,392,11,3,2.82,Basic,One Year,iPhone,Excellent,Yes,3,0
1370,36,Male,Butwal,9,104853,5030.87,39.48,1520,480,1,4,2.71,Standard,Monthly,Feature Phone,Good,No,4,1
1371,35,Female,Dharan,2,134614,5530.27,107.88,1470,627,2,4,2.35,Premium,Two Year,Android,Average,No,1,1
1372,18,Female,Lalitpur,34,137517,5018.94,170.03,414,418,4,0,1.0,Standard,Two Year,Android,Excellent,Yes,5,0
1373,31,Male,Kathmandu,60,176089,1034.92,10.85,820,1225,11,2,4.56,Standard,Two Year,Android,Poor,No,0,1
1374,68,Female,Chitwan,102,99064,1019.23,177.96,205,651,4,1,4.11,Basic,Two Year,Android,Average,No,3,0
1375,64,Female,Chitwan,61,139694,2077.9,133.43,577,657,3,6,3.61,Basic,One Year,Feature Phone,Excellent,No,4,0
1376,67,Male,Butwal,31,164385,2677.21,123.73,2000,461,13,4,1.52,Basic,One Year,Android,Good,No,3,1
1377,19,Male,Lalitpur,10,152631,6399.08,125.55,465,1225,9,2,2.51,Premium,Two Year,Feature Phone,Good,No,3,1
1378,45,Male,Butwal,114,70893,1695.43,59.96,849,151,2,7,4.7,Standard,One Year,Feature Phone,Average,No,4,0
1379,66,Female,Chitwan,76,35167,830.69,83.61,2154,221,8,0,3.47,Standard,Two Year,Android,Poor,No,2,0
1380,67,Male,Dharan,36,231951,3454.91,160.06,1292,78,0,0,3.41,Premium,Two Year,Feature Phone,Average,No,3,0
1381,47,Female,Pokhara,118,58598,3622.94,61.97,1833,1223,5,5,4.65,Premium,One Year,Android,Good,No,3,0
1382,55,Male,Lalitpur,85,158595,3881.81,94.53,535,98,6,0,3.24,Basic,Monthly,iPhone,Average,No,1,0
1383,68,Female,Bhaktapur,49,69777,6701.78,4.91,1620,911,9,3,3.39,Basic,Monthly,Android,Average,No,2,1
1384,21,Male,Pokhara,111,179511,1235.04,146.98,966,212,3,5,2.38,Premium,Monthly,Feature Phone,Average,No,1,1
1385,18,Male,Pokhara,70,136378,5779.57,84.12,1245,1166,9,0,2.49,Premium,Monthly,iPhone,Good,No,4,1
1386,25,Female,Pokhara,112,101060,3034.59,105.55,1618,701,2,8,3.74,Standard,Monthly,Feature Phone,Excellent,Yes,5,0
1387,46,Female,Bhaktapur,49,33285,2824.85,23.82,1698,1412,7,3,2.28,Premium,One Year,iPhone,Good,Yes,0,1
1388,56,Female,Dharan,3,162045,7494.07,198.35,775,1397,8,8,3.24,Basic,Monthly,Android,Good,No,4,1
1389,20,Female,Kathmandu,74,142970,2363.51,61.19,344,1075,12,8,2.12,Basic,Two Year,Android,Average,No,2,1
1390,49,Female,Dharan,5,42694,5318.99,127.36,706,966,0,5,1.66,Standard,Monthly,Android,Average,No,5,1
1391,27,Female,Dharan,110,186846,2563.46,116.67,1518,134,14,6,2.82,Premium,Two Year,Android,Average,No,4,0
1392,27,Male,Dharan,90,155374,4303.58,157.23,1708,410,14,0,1.87,Standard,Monthly,Feature Phone,Good,Yes,2,1
1393,36,Female,Biratnagar,61,173463,6397.2,59.47,2019,1493,14,4,4.59,Standard,One Year,Android,Good,Yes,5,0
1394,63,Male,Butwal,85,24611,7112.92,151.43,2467,1135,14,2,2.21,Basic,One Year,Feature Phone,Excellent,No,1,1
1395,51,Male,Chitwan,109,29372,6790.23,77.12,887,784,10,9,3.39,Basic,One Year,Feature Phone,Excellent,Yes,3,1
1396,50,Female,Butwal,90,175384,4866.36,82.82,236,1067,11,9,2.05,Premium,One Year,Android,Average,Yes,4,1
1397,40,Male,Lalitpur,102,165152,2366.12,134.87,1020,1420,9,5,2.03,Basic,Monthly,Android,Excellent,No,4,1
1398,45,Female,Dharan,108,100618,5459.25,157.07,2008,260,8,3,2.4,Standard,Monthly,Feature Phone,Good,Yes,5,1
1399,49,Female,Kathmandu,26,132945,5824.29,133.71,951,742,6,8,4.66,Premium,Monthly,Android,Average,No,3,1
1400,67,Male,Lalitpur,72,128397,580.19,180.08,2032,544,0,6,2.57,Standard,Monthly,Android,Good,Yes,4,0
1401,24,Male,Butwal,5,116213,3794.08,57.75,259,387,6,3,4.29,Premium,One Year,Android,Good,No,4,1
1402,46,Female,Chitwan,15,40874,6824.47,180.22,1229,1499,4,5,1.79,Standard,One Year,Feature Phone,Good,No,5,1
1403,25,Female,Bhaktapur,16,213609,4171.91,27.04,67,1433,9,1,1.19,Standard,Two Year,iPhone,Average,No,0,1
1404,18,Male,Butwal,1,224986,2835.32,132.25,1268,15,12,2,4.13,Basic,Two Year,Android,Average,Yes,5,1
1405,20,Male,Pokhara,16,152669,7038.48,109.98,1187,661,12,6,3.17,Standard,Monthly,Android,Poor,No,5,1
1406,41,Male,Butwal,37,31600,1669.11,99.43,894,101,6,3,3.01,Standard,Monthly,Android,Average,Yes,5,0
1407,40,Male,Pokhara,3,154819,2048.34,62.87,1917,1209,11,9,2.09,Basic,One Year,Android,Excellent,Yes,0,1
1408,25,Female,Bhaktapur,52,99415,5655.29,101.24,2199,950,8,6,1.29,Premium,Monthly,Feature Phone,Excellent,Yes,3,1
1409,64,Female,Butwal,47,229625,3143.27,33.19,644,930,7,8,2.93,Standard,One Year,Android,Excellent,No,1,0
1410,54,Female,Kathmandu,95,175887,5847.63,74.49,1879,24,5,4,4.47,Basic,One Year,iPhone,Average,No,4,0
1411,20,Female,Kathmandu,13,235572,1682.78,20.64,1990,1095,1,0,1.48,Basic,One Year,Android,Average,No,5,0
1412,68,Male,Lalitpur,120,114348,2392.02,114.8,620,17,7,4,4.72,Basic,Two Year,Android,Excellent,No,4,0
1413,50,Male,Bhaktapur,80,125736,1674.86,20.06,2401,569,11,5,2.1,Standard,Two Year,Android,Excellent,Yes,1,1
1414,45,Female,Dharan,55,44714,7646.83,32.91,1963,1016,13,1,3.13,Premium,Two Year,iPhone,Poor,No,4,0
1415,64,Female,Kathmandu,107,169962,3540.53,18.01,1836,1355,3,7,1.27,Standard,Two Year,iPhone,Good,No,1,1
1416,25,Female,Butwal,21,212581,3029.15,76.88,2103,1120,7,1,2.7,Basic,Two Year,Android,Average,Yes,3,0
1417,51,Female,Bhaktapur,66,212896,606.52,168.55,1668,830,14,8,1.5,Basic,Monthly,Android,Excellent,Yes,3,1
1418,52,Female,Chitwan,54,155797,1650.63,181.47,1847,1035,6,1,1.19,Basic,Two Year,iPhone,Poor,Yes,1,1
1419,49,Female,Pokhara,27,194277,3658.52,15.31,242,1034,3,2,4.87,Standard,Monthly,Android,Excellent,No,1,0
1420,41,Female,Butwal,38,171756,1013.77,127.28,1766,162,7,7,3.92,Basic,One Year,Android,Poor,Yes,2,1
1421,31,Female,Pokhara,90,242933,4330.54,137.19,549,1306,10,5,3.88,Basic,Monthly,Android,Good,Yes,0,0
1422,49,Female,Pokhara,58,208983,3912.62,107.22,2308,871,10,0,1.36,Basic,Monthly,Android,Average,No,0,1
1423,63,Male,Dharan,62,249150,6253.76,133.73,153,834,11,3,4.72,Standard,Monthly,iPhone,Good,Yes,5,1
1424,60,Female,Bhaktapur,102,131573,5448.52,47.5,410,1264,10,4,2.88,Standard,Monthly,Android,Good,Yes,4,0
1425,33,Male,Bhaktapur,46,33092,3844.6,98.44,121,856,1,2,4.41,Premium,Monthly,Android,Good,No,4,0
1426,21,Male,Lalitpur,89,115918,2184.96,78.78,2060,1068,8,0,1.05,Standard,Monthly,Android,Poor,Yes,1,1
1427,69,Female,Pokhara,11,190842,5951.48,18.85,2020,969,5,2,2.19,Standard,Two Year,iPhone,Good,No,5,1
1428,54,Female,Lalitpur,72,45457,5808.97,125.49,968,592,6,8,4.98,Basic,Two Year,Android,Poor,No,1,1
1429,38,Male,Dharan,8,91667,1649.72,99.55,1588,254,9,1,2.71,Basic,One Year,Android,Average,Yes,0,1
1430,31,Male,Pokhara,97,110751,7360.64,55.76,860,66,0,0,4.55,Standard,Two Year,Android,Good,No,5,0
1431,48,Female,Lalitpur,117,82894,983.04,95.26,2073,917,2,6,2.31,Basic,One Year,iPhone,Poor,Yes,5,1
1432,65,Male,Lalitpur,71,81305,912.78,155.28,213,613,13,6,3.1,Standard,Two Year,Android,Excellent,Yes,4,1
1433,35,Female,Chitwan,64,163684,1905.13,160.53,761,973,9,4,4.42,Basic,One Year,iPhone,Good,Yes,0,0
1434,24,Female,Lalitpur,102,229699,7320.96,130.26,492,602,4,1,3.42,Basic,One Year,iPhone,Good,Yes,3,0
1435,27,Female,Bhaktapur,21,188161,4399.99,94.08,2283,1065,14,0,3.9,Basic,Two Year,Feature Phone,Average,No,0,0
1436,24,Male,Lalitpur,72,246367,6409.56,115.57,57,383,11,4,1.92,Premium,Monthly,iPhone,Poor,Yes,0,1
1437,50,Male,Pokhara,115,72137,2208.82,77.62,1718,1257,6,9,1.62,Basic,Monthly,iPhone,Excellent,Yes,1,1
1438,40,Female,Lalitpur,118,20559,4176.66,26.18,490,965,0,3,1.92,Basic,One Year,iPhone,Average,No,4,0
1439,38,Male,Kathmandu,63,86249,3187.17,77.74,1533,484,8,8,2.97,Basic,Monthly,iPhone,Excellent,Yes,3,1
1440,36,Male,Biratnagar,85,57361,6708.71,106.54,1032,38,4,4,4.2,Standard,Monthly,iPhone,Average,Yes,0,1
1441,65,Male,Pokhara,64,100720,669.53,120.17,1803,10,12,9,2.42,Standard,Monthly,Android,Average,No,0,1
1442,36,Male,Kathmandu,120,35261,2328.82,187.22,1986,623,11,1,3.26,Basic,Two Year,Android,Good,No,1,0
1443,53,Male,Dharan,20,40372,1644.31,155.69,122,408,2,3,4.22,Premium,Two Year,iPhone,Excellent,Yes,5,0
1444,46,Male,Pokhara,8,75355,6943.92,31.25,1754,107,6,8,1.96,Standard,Monthly,iPhone,Poor,Yes,2,1
1445,35,Male,Bhaktapur,58,248748,4006.58,35.66,1755,1117,9,7,4.53,Standard,Monthly,iPhone,Average,Yes,4,0
1446,19,Female,Biratnagar,46,118560,3531.65,21.0,61,83,7,2,4.81,Standard,Monthly,iPhone,Good,Yes,4,0
1447,18,Male,Biratnagar,31,208992,3871.12,147.9,2133,57,9,7,1.16,Premium,One Year,Feature Phone,Average,Yes,4,1
1448,64,Male,Bhaktapur,114,183616,7789.43,141.52,212,1316,9,1,1.24,Standard,Monthly,Android,Average,Yes,0,1
1449,22,Male,Biratnagar,93,20037,6877.01,197.29,1081,1039,2,2,1.36,Basic,Monthly,Android,Poor,Yes,0,1
1450,37,Male,Bhaktapur,112,194104,5797.77,104.88,1696,990,6,4,4.11,Standard,Monthly,Android,Good,Yes,0,0
1451,28,Male,Kathmandu,9,229305,2678.59,165.46,2419,837,6,9,1.76,Basic,Monthly,Feature Phone,Good,Yes,5,1
1452,59,Male,Dharan,15,61420,1738.8,115.71,345,604,3,9,3.9,Premium,Monthly,Android,Excellent,No,2,1
1453,19,Male,Chitwan,94,117243,7410.75,174.94,1140,968,9,7,2.77,Basic,One Year,iPhone,Average,Yes,0,1
1454,20,Male,Pokhara,26,242624,3673.07,144.48,127,164,8,0,4.35,Standard,Monthly,Android,Average,Yes,4,0
1455,40,Female,Bhaktapur,10,149380,2590.67,128.93,2218,436,0,3,4.23,Basic,One Year,Android,Good,No,5,0
1456,29,Male,Pokhara,29,54600,4031.91,113.46,1117,726,0,0,4.84,Basic,Monthly,iPhone,Poor,Yes,4,0
1457,37,Male,Dharan,118,199357,7383.86,144.87,354,402,4,0,2.0,Standard,Monthly,Android,Average,No,1,1
1458,22,Male,Kathmandu,80,213080,3403.0,84.51,1962,1409,12,4,1.92,Standard,Monthly,Android,Good,No,2,1
1459,54,Male,Chitwan,36,109520,4719.81,20.22,2059,1161,2,5,1.13,Standard,One Year,Android,Average,Yes,3,1
1460,55,Female,Dharan,84,25167,6522.25,8.96,823,715,9,0,2.64,Basic,One Year,Android,Good,Yes,0,0
1461,47,Female,Kathmandu,109,20432,3703.49,96.33,1868,813,12,5,2.84,Standard,Two Year,Android,Excellent,No,3,0
1462,26,Female,Biratnagar,118,89687,2251.56,120.26,786,721,8,4,4.86,Basic,Monthly,Android,Excellent,Yes,0,0
1463,51,Female,Pokhara,37,91947,7958.94,16.69,1297,530,4,3,4.32,Standard,Monthly,iPhone,Average,No,2,0
1464,61,Female,Butwal,86,116324,7674.28,58.09,1428,292,6,9,1.67,Standard,Monthly,Android,Good,Yes,2,1
1465,52,Female,Chitwan,71,70903,6826.09,65.08,2326,1498,0,4,4.19,Standard,Monthly,Android,Good,No,4,0
1466,69,Female,Biratnagar,23,243231,5662.8,113.0,1508,1022,1,7,1.71,Basic,Monthly,Android,Excellent,Yes,2,1
1467,39,Female,Dharan,41,205221,2711.49,56.42,53,461,14,8,1.31,Premium,Monthly,Android,Excellent,Yes,5,1
1468,61,Female,Chitwan,104,238712,7350.6,20.03,2393,1396,10,1,4.35,Basic,Monthly,Android,Excellent,Yes,5,0
1469,41,Female,Biratnagar,93,207840,2566.68,33.81,856,1185,11,5,4.9,Basic,One Year,iPhone,Good,No,3,0
1470,34,Female,Kathmandu,80,211256,6506.07,35.62,2044,641,3,2,1.35,Standard,One Year,iPhone,Poor,No,3,1
1471,27,Female,Bhaktapur,102,85792,7386.94,168.7,1659,43,14,1,4.26,Basic,Monthly,Feature Phone,Excellent,No,2,1
1472,47,Female,Pokhara,28,53439,5022.53,57.58,758,1106,8,0,4.44,Basic,Monthly,Feature Phone,Excellent,Yes,3,0
1473,63,Female,Lalitpur,48,184329,6522.92,143.22,1509,891,4,3,1.48,Premium,One Year,iPhone,Excellent,No,5,1
1474,40,Female,Lalitpur,38,195746,6437.71,114.0,1347,635,4,7,2.13,Premium,Monthly,iPhone,Average,No,0,1
1475,49,Female,Kathmandu,31,71248,1948.68,195.43,1905,538,8,2,3.93,Standard,One Year,iPhone,Good,No,1,0
1476,34,Male,Dharan,14,234674,5509.43,55.29,136,861,7,4,4.23,Basic,Two Year,iPhone,Average,Yes,5,0
1477,67,Female,Pokhara,117,196443,1201.01,32.52,1524,518,1,9,2.42,Basic,Two Year,iPhone,Excellent,No,4,1
1478,68,Male,Dharan,97,249354,4308.88,11.36,2470,1434,6,4,1.64,Standard,Monthly,Android,Excellent,No,1,1
1479,34,Female,Pokhara,73,219068,1716.77,48.95,2053,1364,0,4,3.59,Standard,One Year,Android,Average,No,3,0
1480,31,Female,Kathmandu,91,188369,3622.62,137.13,1719,710,9,8,3.81,Basic,One Year,iPhone,Good,No,4,0
1481,26,Male,Pokhara,88,205345,6747.37,17.97,1943,88,10,7,3.01,Premium,Monthly,iPhone,Average,Yes,1,1
1482,57,Female,Bhaktapur,77,212328,7903.76,49.7,1630,1253,10,7,1.58,Basic,One Year,Android,Average,No,1,1
1483,19,Male,Dharan,90,54743,2884.7,171.21,2300,1041,14,0,4.38,Basic,Monthly,Android,Average,No,3,0
1484,62,Male,Kathmandu,29,219824,4489.67,117.01,1327,672,8,0,3.58,Basic,Two Year,Android,Average,Yes,4,0
1485,42,Male,Bhaktapur,51,99803,4334.74,14.83,995,863,2,1,4.48,Standard,Monthly,Feature Phone,Average,No,5,0
1486,56,Female,Pokhara,49,95117,7658.01,10.49,2076,889,12,7,4.73,Basic,Monthly,Android,Average,No,5,1
1487,26,Female,Kathmandu,43,221123,4089.38,13.16,734,1304,1,9,4.22,Basic,One Year,iPhone,Good,Yes,4,0
1488,39,Female,Pokhara,92,42076,5743.3,188.43,1945,421,3,0,4.83,Basic,Monthly,Feature Phone,Average,No,1,0
1489,60,Male,Dharan,92,226384,7413.42,170.12,2446,875,3,3,4.82,Premium,Monthly,Android,Excellent,No,4,0
1490,63,Male,Kathmandu,72,107483,3300.34,169.14,2448,701,2,8,3.48,Standard,Monthly,Feature Phone,Good,No,5,1
1491,21,Female,Pokhara,87,154035,7265.92,184.92,863,337,1,1,3.91,Basic,Monthly,Feature Phone,Good,Yes,4,0
1492,43,Female,Dharan,93,139217,7380.92,101.55,379,265,4,2,3.8,Premium,One Year,Android,Excellent,Yes,0,0
1493,46,Female,Bhaktapur,5,223394,7479.97,50.22,2243,802,3,5,3.48,Basic,Monthly,Android,Average,Yes,3,1
1494,62,Female,Butwal,42,164938,2528.35,80.87,504,1378,4,9,1.08,Standard,Monthly,Android,Average,No,5,1
1495,51,Female,Bhaktapur,7,124504,3502.67,144.05,1448,359,12,2,2.42,Standard,Monthly,Android,Poor,No,3,1
1496,40,Male,Pokhara,42,183377,7027.97,175.33,2100,1013,11,3,1.4,Standard,Monthly,Feature Phone,Good,No,0,1
1497,54,Male,Kathmandu,36,213475,3193.71,87.58,1508,216,11,8,2.2,Basic,One Year,Android,Average,Yes,1,1
1498,28,Male,Lalitpur,105,233968,5001.9,107.54,715,320,7,8,1.27,Premium,Monthly,Feature Phone,Good,No,2,1
1499,23,Female,Bhaktapur,27,125649,1385.41,186.42,2224,849,10,9,4.68,Standard,Two Year,Android,Good,Yes,5,1
1500,35,Male,Bhaktapur,58,146244,922.06,22.39,584,718,14,4,2.81,Premium,Monthly,Feature Phone,Good,No,1,1
1501,38,Male,Dharan,46,52813,3589.95,172.6,1851,991,1,6,1.76,Standard,Monthly,Android,Average,No,0,1
1502,59,Male,Biratnagar,66,86729,4841.87,32.7,221,1235,8,8,3.34,Premium,One Year,iPhone,Average,No,4,1
1503,53,Male,Lalitpur,25,211758,3445.24,97.29,1218,952,9,7,1.79,Standard,Monthly,Android,Poor,No,0,1
1504,58,Male,Pokhara,73,24512,4833.02,44.47,1287,1226,0,6,4.22,Basic,Monthly,Android,Good,Yes,3,0
1505,55,Female,Butwal,117,173738,4363.13,120.99,1489,716,7,7,2.22,Standard,Monthly,Android,Poor,No,4,1
1506,51,Male,Kathmandu,27,167702,5642.8,112.16,93,984,11,4,2.26,Premium,Monthly,Android,Excellent,Yes,1,1
1507,34,Female,Biratnagar,1,137907,5371.49,76.62,115,895,4,4,4.48,Premium,One Year,Android,Good,No,4,0
1508,54,Female,Pokhara,87,225591,3681.84,172.8,1916,1176,1,4,3.24,Basic,One Year,iPhone,Average,No,3,0
1509,42,Female,Chitwan,74,151708,3687.46,132.3,192,1452,7,0,4.55,Standard,Monthly,Android,Poor,No,0,0
1510,55,Female,Butwal,42,154847,1555.84,144.52,1942,286,4,5,2.65,Premium,One Year,iPhone,Good,No,1,0
1511,29,Female,Bhaktapur,52,219029,4349.29,30.98,2222,756,9,4,2.38,Premium,Two Year,iPhone,Excellent,Yes,2,1
1512,40,Male,Chitwan,25,84591,4903.84,176.75,2356,1344,14,7,3.02,Basic,Two Year,iPhone,Excellent,No,2,1
1513,59,Male,Bhaktapur,54,229633,4073.67,34.24,277,1459,13,7,1.25,Standard,Monthly,Feature Phone,Poor,No,0,1
1514,39,Female,Bhaktapur,67,225888,2942.81,45.33,2241,495,9,1,1.62,Standard,Monthly,iPhone,Good,Yes,1,1
1515,38,Female,Chitwan,6,31351,5912.36,26.48,349,1172,12,5,1.88,Basic,Monthly,Android,Average,No,1,1
1516,44,Female,Butwal,58,135400,1059.96,88.63,1274,541,13,9,4.27,Premium,Monthly,Android,Average,Yes,4,1
1517,48,Male,Dharan,70,140533,7358.3,177.65,180,634,2,9,3.94,Standard,Monthly,Android,Good,No,5,0
1518,23,Female,Chitwan,53,123627,654.83,51.24,205,1349,6,5,1.77,Standard,Monthly,Android,Excellent,No,0,1
1519,44,Male,Pokhara,66,206256,7717.63,75.38,162,938,3,2,2.11,Premium,Monthly,Android,Average,No,4,1
1520,57,Female,Biratnagar,58,148381,3967.67,169.37,659,1052,10,0,4.78,Basic,One Year,Android,Average,Yes,0,0
1521,51,Male,Biratnagar,82,115707,3595.02,123.95,2094,1282,10,6,1.34,Premium,Monthly,Android,Good,Yes,3,1
1522,29,Female,Chitwan,87,220252,2423.33,150.57,221,697,9,9,3.19,Standard,Monthly,Android,Excellent,No,0,1
1523,62,Male,Pokhara,2,101678,575.53,43.59,1634,74,11,4,3.09,Premium,Monthly,iPhone,Good,No,4,1
1524,24,Female,Dharan,76,93309,2560.93,143.58,491,497,14,9,3.9,Standard,One Year,Android,Average,No,1,1
1525,27,Male,Biratnagar,22,245074,1320.5,46.29,2326,1439,5,4,2.05,Basic,One Year,Android,Excellent,Yes,0,1
1526,62,Male,Pokhara,37,30778,5448.66,197.48,2122,721,9,7,4.74,Standard,Two Year,Android,Excellent,No,1,1
1527,34,Male,Dharan,20,163573,2893.06,112.42,930,1363,7,4,2.64,Standard,Two Year,Android,Good,Yes,3,1
1528,43,Male,Pokhara,103,132713,6253.84,139.43,1591,307,0,4,2.14,Standard,One Year,Android,Excellent,No,2,1
1529,38,Male,Bhaktapur,24,153180,2051.87,24.56,1049,703,1,0,2.35,Standard,Two Year,Android,Good,No,2,1
1530,45,Male,Biratnagar,112,245977,7251.76,50.88,1093,883,13,1,2.39,Standard,Monthly,Android,Average,No,4,1
1531,63,Male,Dharan,84,56382,4422.36,28.81,2179,1264,12,4,1.8,Standard,One Year,Android,Average,Yes,0,1
1532,19,Female,Biratnagar,65,242426,1358.8,78.64,2213,252,7,6,4.71,Standard,One Year,Android,Good,No,3,0
1533,60,Female,Bhaktapur,65,95787,3506.34,57.54,249,935,14,2,1.7,Premium,One Year,Android,Excellent,No,3,1
1534,18,Female,Chitwan,81,43341,2050.7,146.85,1766,1243,6,0,4.53,Standard,Monthly,Android,Excellent,No,1,0
1535,68,Female,Bhaktapur,1,228286,1997.64,22.63,1349,396,9,1,2.62,Premium,Monthly,iPhone,Average,No,5,1
1536,53,Female,Biratnagar,117,165439,4297.77,150.66,480,985,8,2,2.08,Basic,Monthly,Android,Poor,No,4,1
1537,68,Male,Biratnagar,116,139967,5539.19,10.1,826,1359,1,8,1.79,Premium,One Year,iPhone,Excellent,Yes,3,1
1538,43,Male,Butwal,109,246280,7337.14,41.2,1951,1052,7,7,3.02,Standard,Two Year,iPhone,Good,No,0,1
1539,46,Male,Dharan,94,151066,4266.22,158.6,2293,493,5,3,3.68,Standard,Monthly,Android,Average,No,3,0
1540,38,Male,Chitwan,105,220940,7743.79,148.81,78,958,14,7,4.59,Standard,Two Year,Feature Phone,Good,Yes,2,0
1541,28,Male,Bhaktapur,111,163074,7562.26,95.79,1119,1177,0,8,3.61,Standard,Monthly,Android,Average,Yes,4,0
1542,57,Female,Dharan,3,105820,6987.97,10.95,2495,991,3,2,2.93,Basic,Two Year,Android,Excellent,Yes,1,1
1543,28,Female,Kathmandu,46,79949,4249.83,122.37,747,1254,13,5,1.13,Basic,Two Year,Android,Excellent,No,0,1
1544,53,Female,Dharan,55,166772,1556.78,81.94,1175,101,14,7,4.66,Basic,Monthly,Feature Phone,Excellent,Yes,2,1
1545,66,Female,Kathmandu,75,230377,2134.28,63.99,517,826,1,9,4.61,Standard,Monthly,Feature Phone,Average,No,3,0
1546,56,Male,Chitwan,88,82543,5357.53,128.44,929,176,6,6,2.51,Basic,Monthly,iPhone,Excellent,No,4,0
1547,57,Male,Bhaktapur,86,180390,3663.16,87.89,1348,983,8,8,1.12,Basic,Two Year,Android,Good,No,4,1
1548,52,Male,Bhaktapur,64,240931,1601.01,19.39,2134,926,5,6,3.93,Basic,Monthly,Feature Phone,Average,No,0,1
1549,51,Female,Pokhara,108,47610,4092.45,183.27,249,231,3,0,4.17,Basic,One Year,Android,Good,No,1,0
1550,64,Male,Biratnagar,45,223571,630.73,155.92,352,11,4,8,3.17,Premium,Monthly,iPhone,Excellent,No,2,1
1551,41,Female,Lalitpur,26,224446,6004.22,12.22,2344,1209,10,4,2.61,Standard,Two Year,Feature Phone,Good,Yes,5,1
1552,39,Male,Butwal,77,85226,1051.86,105.49,1916,760,0,5,4.4,Premium,Monthly,iPhone,Average,No,1,0
1553,22,Male,Dharan,65,65167,5218.35,17.59,1627,931,12,1,1.77,Standard,Monthly,Android,Excellent,Yes,0,1
1554,50,Female,Chitwan,24,228851,6447.58,167.62,740,265,3,1,2.76,Premium,Monthly,iPhone,Average,No,0,1
1555,53,Male,Lalitpur,74,179011,1494.83,122.99,2211,1158,12,3,1.1,Standard,Monthly,Android,Excellent,Yes,2,1
1556,64,Male,Dharan,35,212437,4389.79,35.32,1294,756,9,3,1.66,Standard,Monthly,Android,Good,No,4,1
1557,37,Female,Lalitpur,24,87381,6343.01,5.13,710,1054,2,4,4.76,Standard,One Year,iPhone,Good,No,4,0
1558,36,Male,Chitwan,28,66710,2454.75,7.28,76,455,8,6,3.31,Basic,Monthly,Android,Good,Yes,2,1
1559,52,Female,Bhaktapur,100,36766,1721.87,101.97,2375,258,5,0,4.22,Standard,One Year,Android,Average,Yes,1,0
1560,69,Male,Chitwan,80,122416,3026.14,147.14,2241,1127,14,9,2.95,Premium,Monthly,iPhone,Excellent,No,2,1
1561,60,Male,Dharan,104,32780,4660.24,25.05,1505,430,3,3,4.34,Premium,Monthly,iPhone,Average,No,5,0
1562,34,Male,Lalitpur,16,68458,4814.6,45.04,769,1405,2,8,3.16,Standard,Monthly,Android,Good,No,4,1
1563,62,Male,Biratnagar,59,76221,1481.57,66.12,697,468,11,7,1.02,Premium,One Year,Android,Average,No,1,1
1564,60,Male,Butwal,81,21509,3931.77,44.4,579,1230,14,2,4.6,Premium,Monthly,Feature Phone,Average,Yes,3,0
1565,51,Male,Butwal,115,109493,2512.12,78.88,1682,646,12,5,1.59,Standard,Monthly,Android,Good,Yes,1,1
1566,26,Male,Biratnagar,54,185418,6815.18,112.36,1724,446,3,8,2.8,Premium,One Year,iPhone,Excellent,No,4,0
1567,43,Male,Biratnagar,79,233871,2851.81,137.3,1998,782,7,7,2.91,Basic,Monthly,Feature Phone,Average,Yes,0,1
1568,19,Female,Bhaktapur,16,136850,6790.28,192.79,368,1112,11,6,1.19,Basic,One Year,Android,Poor,No,1,1
1569,26,Female,Dharan,15,197946,3714.23,186.24,1110,194,4,6,1.21,Basic,Monthly,Android,Good,No,1,1
1570,26,Male,Kathmandu,98,177220,5949.39,114.46,2397,1437,12,0,4.05,Premium,Monthly,Android,Good,No,0,0
1571,57,Male,Chitwan,11,51533,4325.45,147.1,2261,1145,14,4,2.2,Basic,One Year,iPhone,Average,Yes,4,1
1572,34,Female,Butwal,65,128144,5164.72,190.22,1198,461,10,6,2.64,Basic,Monthly,iPhone,Good,Yes,3,1
1573,18,Male,Biratnagar,79,142402,3465.17,17.61,1739,1139,0,1,3.26,Basic,Monthly,iPhone,Poor,No,3,0
1574,42,Male,Chitwan,90,98467,6261.55,2.12,2333,195,4,5,2.49,Basic,One Year,Android,Average,Yes,2,1
1575,60,Female,Butwal,115,21359,3688.92,6.93,2235,35,7,1,4.1,Standard,Monthly,Android,Good,No,3,0
1576,57,Male,Biratnagar,68,139119,3930.96,113.11,2212,66,10,2,4.54,Basic,One Year,Android,Good,No,3,0
1577,59,Male,Dharan,43,241140,4382.59,152.8,2253,644,14,0,1.24,Standard,Two Year,iPhone,Average,Yes,1,1
1578,42,Female,Butwal,69,211385,6738.68,74.05,905,1304,11,2,3.54,Basic,One Year,iPhone,Good,Yes,2,1
1579,56,Male,Bhaktapur,99,40344,5445.34,109.5,884,1034,3,6,2.27,Basic,Monthly,Android,Good,Yes,3,1
1580,52,Male,Kathmandu,13,138499,3118.7,103.76,805,321,13,4,3.33,Premium,One Year,iPhone,Good,Yes,1,1
1581,20,Female,Kathmandu,10,89778,5527.4,19.86,476,239,1,3,2.94,Premium,Monthly,iPhone,Good,No,2,1
1582,67,Male,Biratnagar,75,40601,5318.2,65.0,364,1016,12,7,2.33,Standard,Monthly,Feature Phone,Average,Yes,1,1
1583,54,Female,Butwal,82,170188,7482.64,4.87,573,1083,14,7,1.38,Basic,Two Year,Android,Good,Yes,0,1
1584,61,Male,Bhaktapur,98,208057,6810.62,23.03,1040,649,2,0,3.24,Premium,Monthly,Android,Excellent,No,4,0
1585,61,Male,Pokhara,103,121013,5355.85,162.56,807,561,13,8,1.45,Standard,Monthly,Android,Average,No,4,1
1586,68,Female,Chitwan,41,50782,3061.3,166.05,1839,164,10,8,1.62,Standard,Monthly,iPhone,Average,No,4,1
1587,47,Female,Chitwan,106,131095,6346.82,160.59,724,830,8,1,4.93,Standard,Two Year,iPhone,Good,No,3,0
1588,55,Male,Lalitpur,50,200891,4814.06,145.64,1147,188,13,1,2.27,Basic,Monthly,iPhone,Good,No,4,1
1589,51,Female,Bhaktapur,87,235488,7889.52,158.87,2314,91,6,7,3.34,Standard,Monthly,Android,Good,Yes,4,1
1590,29,Female,Butwal,71,220107,2356.3,134.53,831,288,2,5,2.09,Standard,One Year,iPhone,Good,No,2,1
1591,36,Male,Dharan,59,117123,1097.42,134.3,972,1098,4,2,4.46,Standard,One Year,Android,Good,Yes,2,0
1592,54,Male,Dharan,39,64458,1024.19,133.8,834,1451,2,1,2.13,Basic,Monthly,iPhone,Good,No,5,0
1593,61,Male,Lalitpur,3,242628,5300.23,103.29,1568,1408,9,4,2.47,Premium,Two Year,Android,Average,Yes,2,1
1594,66,Female,Biratnagar,76,144225,7544.45,73.31,163,1076,3,7,3.43,Basic,Monthly,Android,Average,No,3,1
1595,34,Female,Butwal,7,159152,514.49,146.31,882,174,11,5,4.48,Standard,Monthly,Android,Excellent,Yes,5,1
1596,27,Female,Lalitpur,49,239815,5943.28,60.43,1236,473,7,2,4.26,Standard,Monthly,Android,Excellent,Yes,5,0
1597,66,Female,Kathmandu,26,185029,5427.99,109.04,1827,1384,13,8,2.06,Standard,One Year,Android,Good,No,4,1
1598,64,Male,Chitwan,33,164980,5992.28,87.24,394,269,2,7,4.32,Basic,Monthly,Android,Average,No,3,0
1599,29,Female,Butwal,101,116188,3165.54,56.05,696,406,2,9,3.8,Standard,Two Year,Android,Good,Yes,3,0
1600,33,Male,Lalitpur,48,246952,6653.72,194.96,1309,1147,10,5,4.96,Basic,Two Year,Android,Good,No,3,0
1601,41,Female,Kathmandu,79,141292,835.3,52.49,575,693,10,0,4.74,Standard,Monthly,iPhone,Good,Yes,3,0
1602,36,Male,Bhaktapur,2,110570,6165.73,62.55,882,375,7,1,3.13,Basic,Two Year,Android,Good,No,3,1
1603,25,Male,Lalitpur,105,242396,2503.04,33.16,2141,1415,9,3,4.0,Premium,Monthly,Feature Phone,Poor,No,3,1
1604,48,Male,Biratnagar,71,229359,4076.28,164.77,900,181,12,1,3.28,Premium,Monthly,Feature Phone,Average,No,5,0
1605,38,Female,Biratnagar,32,143791,6669.77,117.73,2293,35,9,2,3.38,Premium,One Year,Android,Good,No,4,0
1606,34,Male,Biratnagar,4,198554,2535.19,122.99,1862,1235,6,7,1.41,Premium,One Year,Android,Excellent,No,2,1
1607,40,Male,Butwal,20,145291,1889.06,164.29,2375,133,6,8,1.01,Basic,One Year,Android,Excellent,Yes,5,1
1608,54,Female,Dharan,114,118375,5609.85,69.24,985,864,9,5,1.19,Premium,Monthly,iPhone,Good,Yes,1,1
1609,33,Male,Dharan,117,58314,4500.46,39.53,2415,923,1,3,4.87,Basic,Two Year,iPhone,Average,Yes,1,0
1610,23,Female,Chitwan,36,225993,4358.03,40.48,495,689,11,1,1.51,Standard,One Year,Android,Average,No,1,1
1611,25,Female,Lalitpur,32,234840,2425.77,146.79,1358,490,6,6,1.18,Basic,Monthly,Android,Poor,No,0,1
1612,42,Male,Bhaktapur,28,128880,761.6,123.21,544,840,9,9,2.24,Premium,Two Year,Android,Good,No,2,1
1613,35,Male,Lalitpur,77,120326,3577.02,42.06,1468,987,10,6,3.35,Standard,Two Year,Android,Good,Yes,4,1
1614,42,Female,Chitwan,1,166903,1299.2,29.87,581,1461,9,9,4.79,Standard,Monthly,Feature Phone,Good,No,3,1
1615,29,Male,Kathmandu,60,141026,7294.92,25.02,588,838,2,8,3.8,Premium,One Year,Android,Excellent,No,1,0
1616,32,Female,Chitwan,56,171197,809.38,125.93,1225,1069,13,4,2.11,Standard,Two Year,Android,Good,No,2,1
1617,43,Female,Biratnagar,35,82451,3737.38,1.02,125,667,6,9,4.76,Standard,Two Year,Android,Average,No,4,1
1618,58,Female,Butwal,112,65708,891.84,4.65,2258,1424,12,3,1.14,Basic,Monthly,iPhone,Average,No,1,1
1619,62,Male,Kathmandu,30,37682,1216.58,78.52,1180,1019,3,9,4.92,Premium,One Year,Android,Average,No,2,0
1620,43,Female,Butwal,54,122406,5441.5,138.58,719,431,12,5,1.23,Premium,Two Year,Android,Good,No,5,1
1621,64,Male,Biratnagar,36,233896,5353.33,139.31,1163,1451,7,1,4.02,Premium,Monthly,Android,Good,Yes,4,0
1622,49,Male,Pokhara,55,186866,747.89,86.59,91,747,7,1,1.18,Basic,One Year,Android,Good,No,5,1
1623,27,Male,Chitwan,89,79372,508.49,138.52,774,827,5,8,4.73,Basic,One Year,iPhone,Excellent,Yes,2,0
1624,33,Male,Chitwan,80,59477,1091.14,104.7,924,516,12,6,1.43,Standard,Monthly,Android,Average,Yes,3,1
1625,24,Female,Bhaktapur,58,204935,6222.49,195.41,71,461,11,6,1.2,Basic,Monthly,iPhone,Good,No,2,1
1626,34,Male,Lalitpur,83,241013,4884.32,33.33,1023,965,2,4,4.56,Basic,One Year,Android,Good,No,2,0
1627,40,Female,Kathmandu,65,189809,785.89,120.53,1307,180,5,6,1.38,Standard,Monthly,Android,Average,No,0,1
1628,43,Female,Dharan,69,153692,4160.73,98.76,1282,144,5,8,4.19,Premium,Monthly,iPhone,Average,No,3,0
1629,38,Male,Butwal,51,186129,5840.22,39.7,2322,1288,2,9,3.99,Premium,Monthly,Android,Good,Yes,5,0
1630,39,Female,Kathmandu,22,191210,7017.14,150.25,704,734,10,4,3.4,Basic,One Year,iPhone,Poor,No,2,1
1631,24,Female,Bhaktapur,88,230462,7505.27,55.83,1792,405,3,8,2.51,Basic,Monthly,Android,Excellent,Yes,3,1
1632,31,Male,Bhaktapur,107,73024,2955.8,76.96,1650,812,14,0,4.66,Basic,One Year,Feature Phone,Average,Yes,2,0
1633,32,Female,Butwal,109,160749,1518.74,75.59,2124,968,1,2,4.48,Standard,One Year,Android,Poor,No,3,0
1634,24,Female,Dharan,116,195183,2276.94,49.6,969,954,14,6,2.7,Standard,Monthly,Android,Average,Yes,4,1
1635,26,Female,Lalitpur,101,175146,6321.29,86.71,1693,483,0,3,1.93,Standard,One Year,Android,Good,No,1,0
1636,68,Female,Butwal,53,37824,7786.13,95.2,2436,481,1,1,2.09,Premium,One Year,Android,Average,No,0,1
1637,65,Male,Butwal,100,151837,3997.95,149.1,2299,1260,6,2,1.88,Standard,Monthly,iPhone,Good,Yes,1,1
1638,25,Female,Biratnagar,36,196511,2790.15,153.25,1445,338,9,6,3.17,Standard,Two Year,Android,Poor,Yes,2,1
1639,67,Female,Dharan,68,117151,3718.93,32.55,1604,267,4,7,4.47,Standard,Monthly,Feature Phone,Average,No,2,1
1640,40,Female,Lalitpur,36,68926,2786.1,118.96,1066,265,8,8,4.09,Standard,Monthly,Android,Poor,Yes,4,1
1641,46,Female,Chitwan,52,187932,2423.66,179.34,1310,527,2,5,4.18,Standard,Monthly,Android,Average,Yes,2,0
1642,35,Male,Biratnagar,53,32975,4953.13,22.65,2185,1115,1,9,2.79,Premium,Monthly,iPhone,Good,No,5,1
1643,48,Female,Pokhara,82,94877,618.02,95.11,1643,1271,14,8,2.29,Standard,Monthly,Feature Phone,Good,No,3,1
1644,47,Male,Dharan,50,244749,2446.64,150.32,1196,1042,3,3,4.03,Premium,Monthly,Android,Average,Yes,5,0
1645,69,Female,Lalitpur,80,97870,5460.37,122.69,2335,871,1,4,4.17,Basic,Monthly,Feature Phone,Average,Yes,1,0
1646,56,Male,Bhaktapur,41,101371,740.47,21.02,2180,1413,10,0,3.78,Basic,One Year,Feature Phone,Excellent,Yes,2,0
1647,52,Male,Biratnagar,18,177620,1124.01,79.92,2233,1411,6,8,1.13,Premium,Monthly,Feature Phone,Good,Yes,4,1
1648,35,Male,Lalitpur,22,120970,2700.47,101.94,1051,925,9,8,3.36,Standard,Two Year,Feature Phone,Excellent,Yes,0,1
1649,59,Male,Kathmandu,66,241647,7083.54,199.17,450,1118,5,8,2.39,Standard,One Year,Feature Phone,Poor,Yes,5,1
1650,56,Male,Butwal,21,118066,6236.65,36.54,1335,429,7,2,1.78,Standard,One Year,iPhone,Poor,No,1,1
1651,34,Female,Pokhara,100,189808,666.17,196.5,912,794,12,9,3.78,Basic,One Year,iPhone,Good,Yes,4,0
1652,31,Female,Chitwan,44,81562,4262.85,75.85,1093,940,4,9,2.07,Standard,One Year,Android,Average,Yes,4,1
1653,48,Female,Butwal,103,60409,2560.16,40.86,126,1060,1,9,4.65,Premium,One Year,Android,Good,No,1,0
1654,41,Male,Kathmandu,47,235173,5364.84,83.41,764,1416,12,7,2.19,Premium,One Year,iPhone,Average,No,4,1
1655,52,Female,Kathmandu,39,29834,5911.65,123.19,1499,1314,3,2,3.22,Standard,Monthly,Feature Phone,Average,Yes,0,0
1656,61,Male,Pokhara,29,122192,6971.47,43.49,2390,302,0,5,4.31,Premium,Monthly,Android,Average,No,0,0
1657,62,Male,Chitwan,54,20840,4065.62,59.0,2376,400,1,4,2.61,Premium,Two Year,iPhone,Good,No,2,0
1658,51,Female,Bhaktapur,90,230481,7958.38,171.05,641,822,3,7,4.31,Standard,One Year,Android,Good,No,3,0
1659,20,Female,Biratnagar,85,51568,7849.9,199.8,1014,343,5,2,3.89,Basic,Monthly,Android,Poor,No,2,1
1660,54,Male,Dharan,17,30846,7116.25,64.32,164,862,3,0,4.68,Basic,Monthly,Android,Average,Yes,3,1
1661,60,Male,Chitwan,80,156971,4811.52,30.62,840,517,3,8,2.3,Standard,Monthly,Android,Good,No,1,1
1662,57,Female,Dharan,60,106038,3485.05,158.84,431,1400,13,9,1.42,Basic,Monthly,Feature Phone,Average,No,4,1
1663,43,Female,Lalitpur,31,217173,3232.9,120.49,133,164,10,8,2.72,Basic,Two Year,Android,Good,No,2,1
1664,40,Female,Kathmandu,115,189845,590.94,20.98,2466,1036,9,2,4.14,Premium,Monthly,iPhone,Good,No,4,0
1665,61,Female,Lalitpur,73,149789,2368.81,189.41,143,24,9,1,2.8,Standard,Monthly,Android,Poor,No,2,1
1666,56,Male,Bhaktapur,95,127460,5891.06,16.53,105,1146,1,3,2.05,Premium,Monthly,Feature Phone,Average,No,2,0
1667,32,Female,Lalitpur,78,94723,5027.24,125.45,66,128,8,7,1.11,Standard,Monthly,iPhone,Good,No,0,1
1668,66,Female,Chitwan,49,223834,7373.17,85.36,1919,816,11,5,2.25,Standard,Monthly,Android,Average,No,3,1
1669,21,Female,Lalitpur,101,124194,875.17,111.77,1592,1017,9,9,3.85,Basic,Two Year,Android,Poor,Yes,1,1
1670,46,Male,Bhaktapur,2,131417,1664.57,43.43,1758,594,7,0,1.59,Premium,Two Year,Android,Average,No,4,1
1671,39,Male,Bhaktapur,116,155383,6419.33,137.93,2025,1332,7,7,2.36,Basic,Two Year,Android,Excellent,No,2,1
1672,42,Male,Bhaktapur,48,76888,3188.81,191.98,823,435,4,4,1.08,Standard,One Year,Android,Excellent,Yes,4,1
1673,30,Male,Chitwan,110,61616,1387.59,92.23,2456,181,2,5,3.89,Basic,One Year,Feature Phone,Good,Yes,0,0
1674,35,Female,Bhaktapur,14,203206,7973.38,105.07,2009,615,5,4,4.52,Basic,Two Year,iPhone,Average,No,1,0
1675,50,Male,Kathmandu,59,242297,6404.38,48.72,1089,743,13,9,3.27,Basic,Two Year,Android,Good,No,3,1
1676,33,Female,Butwal,97,26083,3565.56,178.48,1211,42,8,4,1.1,Standard,Two Year,Feature Phone,Average,No,3,1
1677,62,Female,Bhaktapur,99,163670,6675.11,194.26,65,403,7,2,1.87,Premium,Two Year,Android,Average,No,2,1
1678,59,Female,Lalitpur,58,102476,5604.53,157.47,559,604,6,3,2.75,Standard,One Year,Android,Good,No,1,0
1679,61,Female,Biratnagar,103,112416,6424.81,109.01,106,655,13,4,3.35,Standard,Monthly,iPhone,Good,No,3,1
1680,19,Male,Lalitpur,58,22580,6614.05,191.4,1428,262,10,1,2.99,Premium,Monthly,Android,Average,No,1,1
1681,52,Male,Biratnagar,111,142834,1135.47,31.62,284,69,14,5,4.66,Standard,One Year,Android,Excellent,No,4,0
1682,59,Male,Lalitpur,51,132148,5172.3,96.22,722,660,7,1,4.75,Premium,One Year,Android,Average,No,0,0
1683,51,Female,Chitwan,84,208467,550.89,107.98,1493,1315,3,3,1.43,Standard,Two Year,iPhone,Good,No,1,1
1684,47,Female,Lalitpur,2,62321,825.92,98.89,2299,1237,5,0,1.55,Premium,Two Year,Feature Phone,Good,No,1,1
1685,30,Female,Chitwan,115,29386,7279.85,160.68,205,871,14,3,2.43,Standard,One Year,iPhone,Average,No,3,1
1686,30,Female,Chitwan,41,73171,4456.73,134.41,345,821,14,6,2.68,Basic,Monthly,iPhone,Average,Yes,5,1
1687,35,Female,Bhaktapur,83,170594,6019.26,26.21,1226,146,13,7,3.34,Basic,Monthly,Android,Poor,No,2,1
1688,49,Male,Kathmandu,101,216604,6788.76,69.94,416,24,4,1,4.09,Basic,Monthly,Android,Excellent,No,2,0
1689,49,Female,Biratnagar,82,242832,7621.9,68.48,1524,1346,11,2,1.54,Standard,Monthly,iPhone,Good,No,5,1
1690,52,Male,Bhaktapur,16,165707,7020.15,113.56,1446,1132,1,0,4.21,Premium,One Year,Android,Poor,No,5,0
1691,56,Female,Bhaktapur,4,151743,4124.84,59.0,1460,692,7,6,3.44,Standard,Monthly,Android,Excellent,No,5,1
1692,63,Female,Butwal,12,53545,3019.78,24.34,1108,250,2,3,4.92,Premium,Monthly,Android,Good,No,4,0
1693,69,Male,Chitwan,29,205151,1658.7,131.08,975,481,13,9,3.6,Standard,Monthly,Feature Phone,Poor,Yes,3,1
1694,46,Male,Chitwan,7,46855,3502.41,170.36,574,714,4,7,3.86,Standard,One Year,Android,Good,Yes,3,1
1695,66,Female,Biratnagar,14,55790,3248.7,186.39,1060,815,7,4,1.78,Basic,Monthly,Feature Phone,Good,Yes,0,1
1696,46,Female,Lalitpur,119,71012,4696.81,194.54,2458,681,10,8,4.08,Standard,Two Year,Android,Average,Yes,2,0
1697,61,Female,Lalitpur,12,137827,5491.32,156.44,63,174,14,5,1.32,Standard,Monthly,iPhone,Good,Yes,3,1
1698,33,Female,Dharan,99,34260,7837.44,28.8,920,1370,8,9,3.63,Premium,Monthly,Android,Average,No,5,0
1699,61,Male,Bhaktapur,5,216211,5962.9,170.77,1743,1193,12,1,1.22,Standard,One Year,Feature Phone,Good,No,4,1
1700,64,Female,Dharan,81,21074,5328.11,80.59,501,1,14,0,1.46,Standard,Two Year,Android,Poor,No,0,1
1701,27,Male,Pokhara,106,193748,3013.19,146.25,2056,638,8,0,1.43,Basic,One Year,Android,Average,Yes,2,0
1702,47,Female,Pokhara,32,160547,758.78,106.72,1306,705,13,8,1.21,Standard,One Year,Android,Excellent,Yes,2,1
1703,42,Male,Dharan,74,229486,2660.94,165.89,1217,361,4,0,2.28,Premium,Two Year,Android,Good,Yes,2,0
1704,56,Male,Lalitpur,43,166192,6263.36,85.68,1484,1319,1,2,4.98,Standard,One Year,Feature Phone,Average,No,0,0
1705,37,Female,Pokhara,81,174219,2039.54,13.3,585,569,6,1,2.39,Basic,Monthly,iPhone,Good,Yes,4,1
1706,22,Male,Butwal,69,21986,5841.41,111.81,2287,589,10,3,4.04,Basic,One Year,iPhone,Excellent,Yes,4,0
1707,18,Female,Lalitpur,45,183502,4848.35,35.09,791,201,10,0,1.53,Standard,Two Year,Android,Average,Yes,3,0
1708,47,Male,Chitwan,106,75479,1788.93,193.14,1238,1004,6,0,2.82,Standard,One Year,iPhone,Good,No,3,0
1709,66,Female,Bhaktapur,9,234038,2462.19,105.87,2476,1312,14,3,1.74,Basic,Two Year,Feature Phone,Good,No,2,1
1710,20,Male,Kathmandu,49,150833,4222.28,111.16,490,1085,11,3,1.77,Premium,Monthly,iPhone,Good,Yes,5,1
1711,62,Female,Bhaktapur,33,22176,3637.81,181.55,1390,125,12,6,1.4,Standard,Monthly,Android,Good,Yes,1,1
1712,31,Female,Dharan,100,104258,6339.23,125.29,2233,991,7,7,2.73,Basic,One Year,iPhone,Good,Yes,3,1
1713,47,Male,Lalitpur,100,135188,6008.03,61.24,691,48,7,7,1.3,Premium,Monthly,iPhone,Excellent,No,4,1
1714,67,Male,Dharan,18,104153,4809.31,59.92,1194,845,4,7,4.64,Standard,Two Year,Android,Excellent,No,2,1
1715,21,Male,Butwal,9,212990,6667.06,100.81,130,178,14,8,2.79,Premium,Two Year,Android,Average,Yes,4,1
1716,35,Male,Lalitpur,62,178187,4720.02,173.46,1046,492,0,0,4.35,Basic,Two Year,Android,Excellent,Yes,2,0
1717,54,Female,Bhaktapur,57,97442,7732.92,159.15,363,1456,12,8,4.92,Basic,Two Year,Feature Phone,Average,Yes,0,1
1718,42,Male,Butwal,29,60002,2129.18,192.59,1492,571,10,9,3.71,Basic,Monthly,Android,Good,No,3,1
1719,65,Female,Butwal,114,77124,5855.99,15.31,2399,301,12,7,4.61,Basic,Two Year,Android,Excellent,No,5,0
1720,18,Male,Butwal,78,157682,3274.58,54.4,2331,963,3,0,1.54,Premium,Monthly,iPhone,Good,Yes,0,1
1721,63,Female,Biratnagar,25,69752,2592.25,16.96,2150,989,3,6,4.32,Basic,Monthly,iPhone,Poor,No,3,1
1722,32,Female,Lalitpur,15,98947,1852.91,150.46,796,1192,14,8,2.08,Premium,One Year,Feature Phone,Excellent,No,5,1
1723,26,Female,Pokhara,6,138972,4643.78,29.03,2401,976,10,3,2.89,Premium,Monthly,Android,Poor,No,5,1
1724,32,Female,Pokhara,120,94716,2116.02,20.88,1423,268,2,8,3.59,Standard,Two Year,iPhone,Average,No,5,0
1725,66,Male,Lalitpur,42,199065,2002.63,112.77,677,1387,7,0,4.61,Premium,Monthly,Android,Good,Yes,4,0
1726,41,Male,Lalitpur,29,30073,7928.99,82.89,1853,623,2,8,4.64,Basic,Two Year,Android,Average,No,4,0
1727,21,Female,Biratnagar,79,57251,6513.11,143.31,1852,99,12,5,1.37,Basic,Monthly,Android,Excellent,No,1,1
1728,29,Male,Pokhara,93,116496,6112.08,97.92,473,214,4,3,2.46,Standard,Two Year,iPhone,Average,No,4,1
1729,54,Male,Lalitpur,4,222509,6455.45,85.64,760,624,1,4,4.17,Basic,One Year,iPhone,Excellent,No,2,1
1730,54,Female,Lalitpur,82,58897,7766.92,85.67,1789,96,5,6,3.81,Premium,One Year,Android,Excellent,Yes,1,0
1731,60,Male,Dharan,114,201978,4799.58,174.5,2400,818,14,9,1.11,Premium,Monthly,Android,Good,Yes,2,1
1732,23,Male,Biratnagar,57,71616,2151.83,79.65,2377,629,5,3,2.8,Premium,One Year,iPhone,Good,No,1,0
1733,56,Male,Biratnagar,49,24482,6966.57,67.35,1463,547,7,7,4.32,Premium,Monthly,Android,Good,No,2,1
1734,63,Female,Bhaktapur,44,127990,6070.48,68.37,1768,336,7,2,3.95,Standard,One Year,Android,Average,No,1,0
1735,41,Male,Biratnagar,103,242036,3607.31,40.12,2421,358,0,1,2.65,Standard,One Year,Android,Average,Yes,3,0
1736,28,Female,Kathmandu,80,224008,4051.77,172.28,843,1313,4,0,3.94,Basic,Monthly,Android,Excellent,Yes,5,0
1737,30,Male,Pokhara,75,190646,3584.39,30.18,164,1419,1,5,3.2,Premium,Monthly,Android,Good,No,3,0
1738,51,Male,Bhaktapur,14,63284,7474.57,181.81,2026,815,9,1,4.65,Basic,Monthly,iPhone,Excellent,Yes,1,1
1739,42,Male,Kathmandu,3,92932,3076.49,57.41,1087,359,11,7,3.35,Premium,Two Year,Android,Good,Yes,0,1
1740,24,Female,Lalitpur,115,27338,7726.13,179.99,1806,1014,4,9,2.6,Premium,One Year,Feature Phone,Average,No,1,1
1741,69,Female,Dharan,114,193790,7327.04,158.37,1429,346,9,3,4.45,Basic,Two Year,iPhone,Poor,Yes,0,0
1742,21,Male,Dharan,62,163572,5228.91,116.82,1782,1147,11,8,1.2,Basic,One Year,Android,Average,No,5,1
1743,25,Female,Lalitpur,106,162617,4848.66,134.22,929,551,8,3,4.6,Standard,Two Year,iPhone,Excellent,Yes,2,0
1744,37,Male,Bhaktapur,64,81480,3275.67,65.84,780,537,3,3,3.79,Premium,Monthly,Android,Good,No,1,0
1745,46,Female,Biratnagar,102,156313,637.54,115.27,1536,653,7,7,4.76,Premium,Monthly,iPhone,Good,Yes,0,1
1746,68,Female,Butwal,45,240386,1457.17,59.19,550,421,0,7,2.0,Standard,One Year,iPhone,Good,Yes,5,0
1747,62,Male,Dharan,106,173893,6156.73,81.05,1379,335,7,4,3.78,Premium,One Year,Feature Phone,Average,No,1,0
1748,63,Male,Butwal,82,24695,4036.55,153.17,2047,56,5,2,4.24,Basic,One Year,Feature Phone,Average,No,3,0
1749,27,Male,Lalitpur,58,228138,1623.79,49.54,2197,1016,7,1,3.81,Standard,Monthly,Android,Average,Yes,3,0
1750,60,Male,Butwal,20,34318,2479.71,167.93,1027,911,5,8,1.84,Standard,Monthly,iPhone,Average,Yes,1,1
1751,51,Female,Chitwan,58,70934,7608.78,75.8,1557,716,10,8,2.1,Basic,Monthly,Android,Poor,No,1,1
1752,43,Female,Bhaktapur,112,173403,3253.5,106.9,1293,1099,2,4,3.27,Standard,One Year,Feature Phone,Average,No,4,0
1753,58,Female,Kathmandu,89,141282,7307.61,188.45,966,1489,14,7,2.79,Premium,One Year,Android,Excellent,Yes,5,1
1754,66,Male,Bhaktapur,57,203744,2784.77,136.57,1181,284,11,6,3.94,Premium,Monthly,iPhone,Good,Yes,3,1
1755,20,Male,Pokhara,102,111891,4574.15,129.48,1318,721,14,2,2.51,Standard,One Year,Android,Average,No,2,0
1756,23,Female,Biratnagar,77,227932,653.58,142.61,1021,385,10,4,4.44,Premium,Monthly,Android,Good,Yes,1,1
1757,22,Male,Biratnagar,68,244757,4414.06,183.7,2208,949,7,8,2.73,Basic,One Year,Android,Average,Yes,4,1
1758,22,Female,Bhaktapur,119,88754,5277.07,50.45,1987,769,4,3,1.16,Premium,One Year,Android,Good,No,5,0
1759,64,Female,Lalitpur,78,105677,2257.29,123.03,901,1282,11,2,1.07,Basic,Monthly,Android,Poor,No,1,1
1760,40,Female,Lalitpur,97,122320,4842.03,80.68,1867,839,9,6,3.59,Standard,Monthly,Android,Excellent,Yes,3,0
1761,66,Female,Chitwan,92,153909,5353.76,3.36,1995,10,4,7,3.16,Basic,Monthly,Android,Average,No,0,1
1762,26,Female,Chitwan,52,145261,5651.65,25.93,1650,971,14,4,3.17,Premium,Two Year,Android,Excellent,No,5,1
1763,52,Male,Biratnagar,37,125338,6323.02,65.67,192,671,11,7,4.16,Basic,One Year,Android,Good,Yes,0,0
1764,37,Male,Chitwan,8,60077,2835.04,113.43,492,259,6,4,2.5,Basic,Monthly,Android,Good,No,3,1
1765,66,Male,Dharan,44,99915,4758.33,176.41,1466,392,5,8,4.98,Standard,Monthly,Feature Phone,Excellent,No,2,0
1766,59,Female,Dharan,98,155311,7861.84,158.43,517,599,8,6,4.78,Basic,Two Year,iPhone,Average,Yes,5,0
1767,52,Female,Kathmandu,108,237420,7236.08,111.11,2236,1392,6,4,1.05,Basic,One Year,Android,Average,No,4,1
1768,67,Female,Chitwan,5,49669,7644.99,15.7,1008,1207,2,8,4.58,Standard,Monthly,Android,Average,No,1,1
1769,35,Female,Kathmandu,118,68624,3396.02,57.9,1625,1039,10,4,3.72,Basic,Monthly,Android,Excellent,No,1,0
1770,34,Male,Chitwan,69,95147,6401.96,73.98,2495,755,10,7,3.01,Basic,One Year,Feature Phone,Poor,No,1,1
1771,41,Male,Biratnagar,31,155222,5149.23,124.72,438,1109,11,3,3.33,Basic,Monthly,Android,Average,Yes,4,0
1772,20,Female,Biratnagar,45,162181,1120.51,13.92,1390,710,4,8,4.37,Basic,Monthly,iPhone,Good,Yes,4,0
1773,49,Female,Kathmandu,9,177088,6679.85,106.51,733,1033,8,5,4.8,Standard,Two Year,Android,Good,Yes,3,1
1774,52,Female,Bhaktapur,106,163008,5578.26,180.39,2269,476,10,5,3.24,Standard,Two Year,Android,Average,No,4,0
1775,55,Male,Biratnagar,32,162108,1991.88,141.38,198,1187,12,2,1.73,Standard,Two Year,iPhone,Good,No,1,1
1776,30,Male,Bhaktapur,33,190308,1098.04,159.62,2124,23,14,2,3.56,Basic,Monthly,Android,Average,No,5,0
1777,64,Male,Lalitpur,67,165093,6777.67,136.65,1949,311,9,3,1.3,Standard,Monthly,Android,Poor,Yes,1,1
1778,42,Female,Dharan,30,56943,1091.76,42.11,965,1261,13,0,3.54,Standard,Monthly,Feature Phone,Good,No,4,0
1779,26,Female,Kathmandu,114,133694,1185.15,22.99,2038,461,1,5,4.23,Standard,Two Year,Android,Good,No,4,0
1780,21,Male,Butwal,76,232079,3705.56,166.07,758,1485,0,0,2.41,Basic,One Year,Android,Excellent,No,3,0
1781,31,Female,Biratnagar,29,201088,1510.98,139.41,1976,1261,10,3,1.28,Basic,Two Year,Android,Good,Yes,0,1
1782,54,Male,Pokhara,3,174316,7352.52,115.44,131,21,7,6,3.77,Basic,Two Year,Feature Phone,Poor,No,4,1
1783,51,Female,Lalitpur,90,214099,4027.13,38.67,734,179,7,5,2.36,Basic,One Year,iPhone,Good,No,0,1
1784,28,Male,Bhaktapur,57,143351,4768.63,121.07,1421,790,1,7,2.0,Basic,Monthly,Android,Excellent,Yes,2,1
1785,58,Female,Biratnagar,30,58985,7460.8,7.23,1958,729,13,3,3.76,Standard,Monthly,Feature Phone,Average,Yes,0,1
1786,20,Male,Kathmandu,9,152574,4476.97,24.65,1401,1498,12,8,4.88,Standard,Monthly,Android,Good,No,4,1
1787,45,Male,Butwal,26,73836,3151.93,63.07,832,748,7,9,3.98,Premium,Monthly,Android,Good,No,1,1
1788,46,Male,Chitwan,2,119714,6478.66,89.3,1228,715,4,7,2.97,Standard,Monthly,Android,Average,No,1,1
1789,26,Male,Butwal,62,23770,3821.38,24.99,56,338,1,4,3.4,Standard,One Year,iPhone,Good,No,4,0
1790,20,Male,Pokhara,3,62865,2888.52,24.87,1848,530,6,5,1.57,Standard,Monthly,iPhone,Good,Yes,3,1
1791,42,Male,Bhaktapur,46,73811,5924.22,145.45,1271,691,6,4,4.25,Basic,One Year,Android,Average,Yes,5,0
1792,51,Female,Lalitpur,68,24001,6512.04,114.37,829,161,2,5,3.42,Standard,Two Year,Android,Average,No,4,0
1793,29,Female,Butwal,25,80848,6437.87,107.21,42,1084,13,0,4.86,Standard,Monthly,Feature Phone,Excellent,No,4,1
1794,59,Female,Kathmandu,51,72635,7832.56,91.03,1546,1108,0,3,4.92,Standard,Monthly,iPhone,Average,No,5,0
1795,26,Male,Pokhara,13,40946,6400.0,195.33,815,489,10,8,2.42,Premium,Monthly,iPhone,Good,No,3,1
1796,32,Male,Kathmandu,103,217206,6274.5,10.91,515,4,3,3,4.95,Basic,Monthly,Android,Good,No,3,0
1797,57,Female,Biratnagar,44,115852,6931.14,36.94,919,75,1,1,4.83,Basic,One Year,iPhone,Average,No,2,0
1798,42,Male,Chitwan,35,111103,501.39,129.85,444,1276,3,5,3.56,Standard,One Year,iPhone,Excellent,Yes,2,0
1799,22,Male,Lalitpur,55,243116,3218.24,28.14,2085,6,7,1,2.33,Standard,One Year,Feature Phone,Good,No,2,0
1800,28,Male,Kathmandu,87,63744,6032.02,118.29,2002,680,1,2,4.01,Basic,Monthly,Android,Good,Yes,3,0
1801,51,Male,Bhaktapur,9,137729,4997.89,113.98,1488,472,0,6,2.08,Standard,Monthly,iPhone,Good,No,0,1
1802,41,Male,Biratnagar,2,190231,1831.79,194.23,1253,1161,10,3,3.52,Basic,One Year,Feature Phone,Excellent,Yes,4,1
1803,32,Female,Biratnagar,61,246884,2778.0,176.79,1817,1381,13,0,1.1,Standard,Monthly,Android,Excellent,No,2,1
1804,55,Female,Lalitpur,118,43671,3025.94,189.17,2278,811,14,8,3.51,Basic,Monthly,iPhone,Average,No,0,1
1805,25,Female,Biratnagar,41,167522,4758.71,23.61,584,837,14,5,4.81,Standard,Two Year,Feature Phone,Good,Yes,4,0
1806,22,Female,Bhaktapur,44,165980,6736.99,173.76,1324,602,2,8,1.94,Premium,Monthly,Android,Average,No,5,1
1807,65,Female,Kathmandu,64,208347,7493.69,26.69,1876,1186,9,2,4.11,Premium,Two Year,iPhone,Average,No,5,0
1808,43,Male,Lalitpur,31,195430,6125.69,126.95,152,317,6,4,2.17,Premium,Monthly,Android,Poor,No,5,1
1809,35,Male,Dharan,108,200119,6822.13,144.3,468,1481,12,8,3.83,Standard,Monthly,Android,Good,No,0,1
1810,23,Male,Biratnagar,47,186590,4025.72,33.01,2331,1276,11,5,3.8,Standard,One Year,Android,Excellent,Yes,5,0
1811,54,Male,Biratnagar,2,77813,3423.31,126.9,1850,1224,5,1,1.74,Standard,Two Year,Android,Good,Yes,1,1
1812,65,Female,Bhaktapur,96,116748,3445.31,11.44,2178,1188,5,0,3.39,Basic,Two Year,iPhone,Good,Yes,1,0
1813,30,Female,Chitwan,82,157878,5120.29,59.36,869,231,6,8,4.44,Basic,Monthly,Android,Excellent,No,5,0
1814,45,Female,Chitwan,77,124733,1431.78,184.31,1281,327,7,0,2.53,Basic,Two Year,Feature Phone,Excellent,No,4,0
1815,22,Male,Butwal,110,191963,4846.21,35.17,1500,237,2,4,3.84,Standard,Monthly,Android,Good,No,0,0
1816,30,Female,Biratnagar,69,146865,5488.5,13.99,920,1143,2,0,3.7,Standard,Monthly,iPhone,Excellent,No,0,0
1817,34,Male,Dharan,58,103551,3791.82,89.29,778,949,9,4,2.03,Basic,Monthly,Android,Poor,No,5,1
1818,67,Female,Kathmandu,106,149335,7648.75,170.27,1559,894,12,4,4.67,Standard,Monthly,Android,Poor,No,3,1
1819,57,Female,Lalitpur,44,59220,5061.6,16.26,1919,618,7,6,3.25,Standard,One Year,Android,Poor,No,2,1
1820,62,Male,Biratnagar,74,37158,2150.0,71.75,881,249,11,6,2.42,Standard,Monthly,Android,Poor,No,4,1
1821,49,Male,Pokhara,56,100992,4094.12,180.06,1867,1359,12,9,1.66,Standard,Two Year,Feature Phone,Good,Yes,0,1
1822,46,Female,Lalitpur,43,178660,5565.53,24.51,2260,1307,13,0,2.89,Basic,One Year,iPhone,Excellent,Yes,2,0
1823,68,Female,Butwal,89,82576,2927.22,62.82,534,197,12,8,3.92,Basic,Two Year,Feature Phone,Good,Yes,5,0
1824,20,Male,Chitwan,34,108027,1097.31,155.91,987,415,6,0,3.49,Premium,One Year,iPhone,Good,Yes,4,0
1825,57,Female,Dharan,101,175260,4875.77,109.1,1611,731,9,4,3.91,Basic,One Year,iPhone,Average,Yes,0,0
1826,51,Female,Biratnagar,30,243687,7609.03,166.63,103,1418,4,6,4.17,Standard,Monthly,Android,Good,No,5,0
1827,57,Male,Bhaktapur,71,78830,4138.04,23.21,817,937,3,7,2.76,Standard,One Year,Android,Average,Yes,1,0
1828,44,Female,Pokhara,70,155091,7295.82,184.19,2147,1174,5,1,3.08,Premium,Two Year,iPhone,Good,No,0,0
1829,30,Male,Biratnagar,118,32419,6762.68,187.05,1621,1288,8,0,4.95,Standard,One Year,Android,Good,No,1,0
1830,62,Female,Dharan,55,53697,1605.6,31.91,541,1243,5,3,4.87,Standard,Monthly,Android,Good,Yes,5,0
1831,50,Male,Butwal,67,104932,5811.27,7.74,1242,1239,7,3,2.66,Basic,Monthly,Android,Good,Yes,1,0
1832,23,Female,Kathmandu,13,139712,3765.99,197.98,1614,1338,0,9,3.74,Premium,Two Year,Android,Excellent,No,3,0
1833,41,Male,Pokhara,3,115428,2376.85,96.97,253,215,11,5,2.07,Standard,Monthly,Android,Average,No,5,1
1834,36,Female,Butwal,26,159045,5652.04,114.84,1862,1358,13,0,1.61,Basic,Two Year,Android,Good,Yes,5,1
1835,33,Male,Biratnagar,57,106649,6069.96,123.57,2311,1382,5,0,4.07,Standard,Monthly,Android,Excellent,No,3,0
1836,57,Female,Kathmandu,24,142649,1849.22,158.14,1436,1184,13,2,2.74,Standard,Monthly,Android,Excellent,No,2,1
1837,45,Female,Pokhara,53,31136,7358.34,162.59,1609,814,13,4,1.71,Basic,One Year,Android,Poor,Yes,4,1
1838,50,Female,Kathmandu,70,104739,6133.6,39.59,1489,609,1,5,4.04,Standard,Monthly,Android,Good,Yes,2,1
1839,65,Female,Kathmandu,43,82502,7500.32,48.09,412,510,2,4,4.66,Premium,Monthly,Android,Average,No,3,0
1840,58,Female,Pokhara,60,182357,2878.05,175.49,28,917,5,4,4.73,Standard,Monthly,Feature Phone,Average,No,2,0
1841,30,Female,Pokhara,58,43039,7545.01,164.08,632,156,1,8,3.39,Standard,One Year,iPhone,Good,No,4,0
1842,60,Female,Kathmandu,49,86720,3263.88,123.91,1963,161,3,1,2.92,Standard,Monthly,Feature Phone,Good,No,4,0
1843,62,Female,Butwal,42,143168,904.77,198.95,734,41,5,0,1.57,Standard,Monthly,Android,Good,No,0,1
1844,42,Female,Dharan,76,108263,6222.27,147.3,1947,1203,4,5,4.17,Standard,Two Year,Android,Poor,No,2,0
1845,59,Male,Chitwan,113,79155,5776.31,43.95,129,302,5,8,4.78,Standard,Monthly,iPhone,Excellent,No,3,0
1846,53,Male,Pokhara,100,36911,4984.33,169.48,853,1353,14,6,4.56,Basic,Monthly,Android,Good,Yes,0,1
1847,44,Female,Biratnagar,66,20916,4174.2,83.53,285,1013,5,7,4.01,Basic,One Year,Android,Good,Yes,2,0
1848,55,Male,Lalitpur,11,79052,741.24,8.19,1416,763,7,4,1.02,Premium,One Year,iPhone,Good,Yes,5,1
1849,24,Female,Bhaktapur,103,220182,5184.48,64.96,2051,1452,8,9,2.63,Premium,Monthly,iPhone,Excellent,Yes,4,1
1850,22,Female,Kathmandu,98,37790,3626.26,152.95,995,1373,4,3,2.64,Basic,Two Year,Android,Excellent,No,3,0
1851,60,Male,Kathmandu,90,234233,4701.57,192.08,1638,119,5,5,4.58,Standard,One Year,Android,Good,No,5,0
1852,62,Female,Bhaktapur,18,156278,3719.91,55.95,974,1098,5,2,1.26,Premium,Monthly,iPhone,Good,No,2,1
1853,68,Female,Chitwan,85,141937,7745.42,50.06,1689,673,5,0,3.12,Basic,One Year,Android,Good,No,4,0
1854,48,Male,Bhaktapur,100,105053,5030.82,113.16,1369,660,1,3,1.54,Standard,Monthly,Feature Phone,Average,No,4,0
1855,40,Male,Pokhara,104,69950,6119.27,162.53,1594,122,3,8,3.65,Basic,Monthly,Feature Phone,Average,No,5,1
1856,59,Female,Bhaktapur,52,136211,7522.6,149.56,2243,652,0,3,4.17,Standard,Two Year,Feature Phone,Good,Yes,2,0
1857,27,Male,Kathmandu,46,76361,4936.99,112.43,1078,1205,13,0,3.57,Premium,Monthly,Android,Good,No,2,0
1858,49,Male,Bhaktapur,44,81451,590.47,126.65,1977,920,11,3,4.18,Premium,Two Year,Android,Poor,No,3,0
1859,60,Female,Lalitpur,22,57696,757.19,49.18,868,1013,0,6,3.43,Standard,Monthly,Feature Phone,Good,No,0,1
1860,47,Male,Biratnagar,53,232713,5767.54,87.08,982,788,0,2,1.76,Standard,Monthly,Android,Good,Yes,4,0
1861,56,Male,Pokhara,59,219298,2593.14,51.82,1845,256,6,9,2.53,Standard,Monthly,Android,Good,Yes,0,1
1862,48,Female,Bhaktapur,94,122395,4845.35,177.0,2341,756,0,5,4.83,Basic,Monthly,Android,Excellent,No,0,0
1863,35,Male,Kathmandu,114,144121,2017.08,23.4,2121,597,5,0,2.15,Basic,One Year,Android,Poor,Yes,4,0
1864,53,Male,Butwal,107,66728,2526.87,136.27,907,1292,1,3,1.25,Premium,One Year,iPhone,Good,No,2,0
1865,19,Female,Biratnagar,30,75401,4284.81,52.8,764,1203,5,2,2.54,Basic,One Year,Feature Phone,Good,Yes,4,0
1866,31,Female,Pokhara,8,217298,7816.77,95.64,2344,790,5,0,2.47,Standard,One Year,iPhone,Average,Yes,5,1
1867,30,Female,Kathmandu,98,45103,5122.03,60.58,1461,1172,11,2,2.88,Standard,One Year,iPhone,Good,Yes,0,0
1868,46,Male,Chitwan,57,185335,7521.11,65.33,1268,1171,10,3,3.24,Premium,Two Year,Android,Good,Yes,3,0
1869,29,Female,Lalitpur,111,227693,7695.35,52.82,195,679,2,4,4.97,Standard,Monthly,Android,Good,Yes,4,0
1870,56,Female,Dharan,73,70044,2060.82,150.81,585,1032,14,5,4.02,Standard,Two Year,Android,Good,No,3,0
1871,19,Male,Chitwan,115,77730,2833.95,73.78,1707,1201,7,1,1.14,Standard,Monthly,Android,Excellent,Yes,2,1
1872,49,Female,Dharan,20,45825,6274.94,145.55,1428,795,10,1,3.85,Standard,One Year,Android,Excellent,Yes,2,1
1873,30,Female,Lalitpur,104,227328,7000.73,91.76,281,1418,3,5,4.3,Standard,Two Year,iPhone,Excellent,No,5,0
1874,63,Female,Bhaktapur,25,57271,4394.2,109.9,550,607,12,4,4.58,Premium,Monthly,Android,Excellent,Yes,3,1
1875,44,Female,Pokhara,19,97256,7949.2,109.11,1897,330,6,0,2.7,Standard,One Year,Feature Phone,Poor,Yes,3,1
1876,66,Male,Bhaktapur,5,197804,586.79,195.19,1414,55,3,2,2.25,Standard,Two Year,Feature Phone,Good,No,4,1
1877,58,Female,Lalitpur,75,86433,2746.94,74.05,1726,1230,0,4,4.36,Premium,Monthly,Android,Excellent,Yes,2,0
1878,34,Female,Lalitpur,79,233702,5173.71,42.33,1240,104,5,1,4.11,Premium,Two Year,Android,Good,Yes,3,0
1879,57,Male,Lalitpur,72,121999,4019.67,182.45,967,546,4,0,3.14,Basic,Monthly,iPhone,Good,No,1,0
1880,48,Female,Dharan,83,43572,1374.52,35.79,604,792,8,8,1.47,Basic,One Year,Feature Phone,Good,Yes,4,1
1881,51,Male,Biratnagar,87,58546,3258.4,167.05,1640,1378,14,4,3.61,Premium,Two Year,Feature Phone,Average,No,4,0
1882,41,Male,Kathmandu,27,166222,690.85,30.89,2369,488,13,1,1.26,Standard,Monthly,Android,Good,Yes,1,1
1883,62,Male,Pokhara,40,74165,5320.6,132.09,1175,1073,13,9,1.4,Standard,Monthly,Android,Good,No,2,1
1884,52,Female,Bhaktapur,96,83690,7195.57,30.96,1771,1110,14,3,2.32,Basic,Monthly,Android,Good,No,3,1
1885,65,Male,Bhaktapur,26,204736,7136.56,184.69,2101,302,8,2,2.48,Standard,Monthly,Android,Good,Yes,3,1
1886,23,Male,Chitwan,27,233407,5746.58,113.44,551,1024,11,6,2.85,Standard,Monthly,Android,Excellent,Yes,2,1
1887,36,Male,Dharan,62,226271,3993.28,66.53,1251,1404,10,0,2.36,Standard,Two Year,iPhone,Average,No,1,1
1888,47,Female,Lalitpur,83,56948,4340.24,28.92,2013,649,12,9,1.14,Basic,Two Year,Android,Good,No,1,1
1889,24,Female,Butwal,50,188102,1526.89,74.87,1717,647,7,3,1.63,Basic,One Year,Feature Phone,Good,Yes,1,1
1890,27,Female,Lalitpur,42,47007,3057.63,141.3,1565,1385,14,6,1.46,Premium,Two Year,Android,Good,Yes,4,1
1891,58,Female,Lalitpur,29,120819,1907.96,77.61,1457,380,6,9,2.72,Premium,One Year,Android,Good,No,3,1
1892,49,Female,Butwal,39,111207,6659.0,49.97,390,161,13,4,1.85,Premium,One Year,Android,Excellent,No,0,1
1893,51,Female,Bhaktapur,60,241993,7360.65,115.9,428,18,1,3,2.17,Standard,One Year,Android,Good,Yes,4,1
1894,45,Female,Chitwan,41,96772,4526.92,84.15,1426,973,13,3,2.89,Standard,One Year,iPhone,Average,No,4,1
1895,32,Male,Kathmandu,33,42024,5958.23,34.0,1921,242,7,1,1.94,Premium,Monthly,Android,Good,Yes,3,1
1896,47,Male,Butwal,83,190456,1410.99,31.64,1490,128,2,7,1.98,Premium,Monthly,Feature Phone,Average,No,2,1
1897,54,Male,Dharan,101,102912,5064.01,141.78,636,1199,5,3,4.33,Premium,Two Year,Feature Phone,Average,No,5,0
1898,46,Male,Biratnagar,83,169229,5770.93,194.96,90,408,9,1,3.19,Basic,Monthly,Feature Phone,Average,No,3,1
1899,39,Female,Pokhara,97,105481,3895.76,47.39,103,791,6,8,4.43,Standard,Monthly,Android,Good,Yes,2,1
1900,21,Male,Dharan,111,108553,2324.55,154.86,2276,942,11,9,3.06,Standard,One Year,Android,Average,No,3,1
1901,37,Male,Butwal,16,152828,7080.31,18.43,278,1107,5,6,4.64,Standard,Two Year,Android,Average,No,4,1
1902,49,Male,Kathmandu,23,219184,6071.82,76.93,1345,1399,4,2,2.02,Standard,One Year,iPhone,Good,Yes,5,0
1903,53,Male,Bhaktapur,7,242075,7248.93,101.83,951,221,3,6,3.47,Standard,Monthly,Feature Phone,Good,No,1,1
1904,67,Female,Biratnagar,26,122488,6638.02,54.48,2349,1348,1,0,3.01,Standard,One Year,Android,Good,No,4,0
1905,21,Female,Biratnagar,96,116741,7927.81,106.39,413,1474,8,0,4.67,Premium,Two Year,iPhone,Excellent,No,4,0
1906,44,Female,Biratnagar,12,209123,1941.3,176.64,2485,1439,13,3,2.67,Basic,One Year,Feature Phone,Good,No,0,1
1907,34,Male,Lalitpur,72,215667,1150.61,188.94,1354,444,6,3,4.42,Standard,Monthly,Feature Phone,Good,No,4,0
1908,29,Female,Pokhara,5,98210,3027.52,21.01,1949,617,6,3,3.26,Basic,One Year,Android,Average,No,4,1
1909,39,Male,Bhaktapur,106,194166,1467.53,55.1,1740,1348,3,8,3.83,Premium,Monthly,Android,Good,No,4,0
1910,34,Female,Bhaktapur,92,238961,4423.48,195.85,645,522,13,5,4.55,Basic,Two Year,Android,Good,No,5,0
1911,27,Female,Biratnagar,117,246457,5247.72,54.81,1912,165,4,2,4.99,Premium,One Year,iPhone,Average,Yes,0,0
1912,18,Female,Bhaktapur,69,155607,4837.16,138.85,1856,707,5,5,3.92,Standard,One Year,Android,Good,No,2,0
1913,39,Female,Pokhara,49,207107,2444.3,51.44,581,742,11,1,2.26,Basic,One Year,Android,Good,Yes,5,0
1914,43,Female,Pokhara,26,67367,7316.18,71.92,1813,1261,10,1,2.2,Standard,Two Year,Android,Good,No,5,1
1915,35,Male,Chitwan,5,168190,658.79,39.06,960,1008,11,6,2.24,Premium,Monthly,Android,Good,Yes,0,1
1916,67,Female,Butwal,22,210884,3110.1,171.4,2129,912,1,2,1.39,Basic,Monthly,Android,Average,No,1,1
1917,31,Male,Butwal,79,79884,5892.44,176.65,1185,1036,3,6,1.21,Basic,Monthly,iPhone,Good,Yes,2,1
1918,64,Male,Chitwan,13,217240,6251.97,60.09,1885,1280,14,2,3.32,Standard,One Year,Feature Phone,Good,No,5,1
1919,46,Male,Kathmandu,28,164352,3620.89,164.89,1911,1233,12,1,4.24,Basic,One Year,Android,Average,No,5,0
1920,29,Male,Butwal,33,165818,626.82,72.29,1659,364,3,3,1.14,Premium,One Year,iPhone,Good,No,0,1
1921,53,Male,Pokhara,107,122572,5135.33,20.7,1570,224,11,3,3.27,Standard,One Year,iPhone,Excellent,Yes,1,0
1922,52,Female,Pokhara,23,73251,973.21,151.86,801,995,12,2,2.49,Standard,Monthly,Android,Average,Yes,1,1
1923,69,Female,Butwal,97,104821,1308.92,119.69,1714,193,3,8,4.57,Basic,Monthly,iPhone,Excellent,No,3,0
1924,29,Female,Pokhara,107,103583,5376.88,55.6,616,1219,6,5,1.58,Basic,Monthly,Android,Average,No,3,1
1925,24,Female,Chitwan,18,30207,2843.66,51.35,2076,1423,12,4,3.25,Basic,One Year,iPhone,Excellent,Yes,5,0
1926,46,Male,Biratnagar,114,222199,3110.23,195.15,2343,56,6,5,4.88,Standard,Two Year,iPhone,Poor,No,5,0
1927,28,Female,Biratnagar,117,47757,4151.05,172.64,2294,212,6,7,2.38,Standard,One Year,iPhone,Poor,Yes,4,1
1928,50,Female,Bhaktapur,30,167298,7839.34,162.15,2253,1302,6,4,3.97,Basic,Monthly,Android,Average,No,2,0
1929,23,Male,Dharan,26,246340,7740.82,26.48,375,1403,1,3,4.53,Premium,Monthly,iPhone,Excellent,No,0,0
1930,64,Male,Dharan,16,212479,3621.96,151.28,2060,116,4,6,1.74,Standard,Two Year,iPhone,Good,Yes,4,1
1931,32,Female,Biratnagar,77,178278,2491.24,43.69,411,1474,9,4,4.97,Basic,Monthly,iPhone,Good,Yes,2,0
1932,49,Female,Lalitpur,39,171328,2769.44,195.5,598,598,1,3,4.24,Basic,Monthly,iPhone,Excellent,No,5,0
1933,68,Male,Chitwan,33,53822,2515.86,11.37,1660,409,4,4,1.55,Basic,Monthly,iPhone,Poor,Yes,3,1
1934,28,Female,Pokhara,26,61340,4491.84,71.08,2487,1390,11,3,2.24,Basic,One Year,Android,Average,No,0,1
1935,40,Female,Butwal,48,203306,5051.45,86.3,2028,811,5,7,3.5,Standard,Monthly,Android,Good,No,1,0
1936,43,Female,Biratnagar,65,63351,4165.85,165.02,1743,928,2,7,4.54,Premium,Monthly,iPhone,Good,Yes,1,0
1937,51,Female,Chitwan,113,126311,3559.96,153.48,183,1136,5,0,1.78,Premium,One Year,iPhone,Poor,No,4,1
1938,63,Male,Biratnagar,38,199743,2084.64,75.62,657,1187,14,2,3.92,Premium,Monthly,Android,Good,Yes,4,1
1939,51,Male,Kathmandu,2,95320,4118.79,113.55,2084,3,4,3,2.08,Basic,Monthly,Android,Average,Yes,0,1
1940,46,Male,Pokhara,113,122565,3058.27,167.28,189,22,3,1,4.22,Basic,One Year,Android,Poor,No,1,0
1941,21,Female,Kathmandu,6,186229,4561.97,4.62,359,920,9,4,3.73,Premium,Two Year,Android,Average,No,4,1
1942,34,Female,Pokhara,46,39937,5563.92,160.63,745,744,8,7,3.09,Standard,Monthly,Android,Average,No,1,1
1943,52,Female,Chitwan,50,205362,5249.84,189.43,1953,601,10,1,3.6,Basic,Monthly,Android,Good,Yes,3,0
1944,30,Female,Bhaktapur,38,197779,3968.68,7.38,1054,987,13,8,4.51,Basic,Monthly,Android,Average,No,4,1
1945,58,Female,Biratnagar,106,31219,4670.39,10.07,1665,1115,7,6,2.55,Standard,One Year,Android,Average,No,5,0
1946,56,Male,Biratnagar,88,29399,2636.42,69.56,152,468,11,5,4.08,Standard,Two Year,iPhone,Good,Yes,2,0
1947,32,Female,Lalitpur,18,146733,681.8,18.47,842,969,6,7,1.64,Premium,Monthly,Android,Excellent,No,4,1
1948,46,Female,Butwal,27,249920,5187.65,96.38,973,1178,10,1,3.8,Basic,Monthly,Android,Good,Yes,3,0
1949,46,Male,Kathmandu,41,178729,2394.26,146.01,2146,626,14,4,4.0,Basic,Monthly,iPhone,Good,No,0,1
1950,28,Female,Biratnagar,72,40047,5517.15,113.81,365,206,0,3,2.77,Standard,Monthly,Feature Phone,Good,No,1,0
1951,69,Male,Chitwan,92,227167,6102.56,40.09,628,1013,8,7,4.17,Basic,Monthly,Android,Good,Yes,5,1
1952,49,Male,Bhaktapur,74,105693,7369.46,131.31,658,80,8,0,3.23,Standard,Two Year,Feature Phone,Excellent,No,0,1
1953,19,Male,Butwal,17,120931,7685.92,137.29,1067,614,5,2,4.75,Standard,One Year,Android,Excellent,Yes,4,0
1954,64,Male,Chitwan,119,223226,578.95,186.56,1514,482,6,9,1.45,Basic,Monthly,Android,Good,No,2,1
1955,31,Male,Kathmandu,62,195963,7927.81,30.21,1244,591,12,7,1.52,Standard,Two Year,Android,Good,No,0,1
1956,37,Female,Lalitpur,29,157852,5622.64,138.77,2198,1430,2,4,4.37,Basic,Monthly,iPhone,Good,Yes,2,0
1957,39,Male,Biratnagar,58,47050,5326.43,182.37,2423,1126,4,3,4.37,Standard,Monthly,Android,Poor,Yes,4,0
1958,28,Male,Chitwan,70,93551,614.1,100.81,169,1263,6,5,2.88,Standard,Two Year,iPhone,Excellent,No,2,0
1959,44,Female,Butwal,78,88666,6959.25,73.0,1569,1288,0,4,4.86,Basic,Monthly,Android,Good,No,2,0
1960,20,Female,Pokhara,22,244691,1591.19,34.98,1347,32,11,2,3.72,Standard,Two Year,Android,Good,No,3,0
1961,34,Male,Bhaktapur,118,102016,6779.98,173.49,1584,34,0,4,4.93,Standard,One Year,Android,Average,Yes,0,0
1962,61,Female,Butwal,6,133135,616.72,79.46,69,1272,4,3,3.13,Basic,Two Year,Android,Poor,No,4,1
1963,45,Female,Chitwan,26,73010,5344.73,185.05,1525,999,8,0,1.81,Basic,One Year,Android,Poor,Yes,3,1
1964,46,Male,Bhaktapur,39,58165,3761.01,169.7,354,1073,6,0,2.78,Basic,Monthly,iPhone,Average,No,2,0
1965,38,Male,Biratnagar,12,31528,2005.75,75.95,1395,279,0,6,4.92,Premium,Two Year,Android,Good,Yes,3,0
1966,64,Female,Pokhara,99,140840,1306.71,115.21,687,151,12,3,2.48,Basic,Monthly,iPhone,Poor,No,3,1
1967,33,Male,Lalitpur,14,200680,3800.96,6.41,1692,700,12,0,4.83,Standard,One Year,Android,Excellent,Yes,2,0
1968,54,Male,Butwal,22,156986,1424.79,53.38,2394,734,14,5,4.19,Premium,One Year,Feature Phone,Good,No,4,1
1969,37,Female,Lalitpur,51,57136,4148.35,142.34,1035,1018,11,0,2.77,Standard,One Year,iPhone,Average,No,1,0
1970,23,Male,Pokhara,23,162251,5189.13,135.9,355,1253,4,7,3.17,Basic,One Year,iPhone,Good,No,3,1
1971,36,Male,Bhaktapur,48,106008,6705.38,71.32,685,664,14,8,3.43,Basic,Two Year,iPhone,Poor,No,0,1
1972,22,Male,Biratnagar,71,32076,5589.87,161.91,100,922,7,2,3.66,Basic,Two Year,Android,Excellent,No,2,0
1973,20,Male,Chitwan,104,143911,989.0,47.93,2154,1311,7,6,1.31,Basic,Two Year,Android,Good,No,1,1
1974,18,Male,Pokhara,50,175855,2805.74,92.79,1819,1418,11,4,4.73,Standard,Monthly,iPhone,Average,Yes,3,1
1975,55,Female,Kathmandu,89,136625,2659.84,95.03,277,452,1,2,3.39,Basic,Two Year,Android,Average,No,2,0
1976,32,Female,Bhaktapur,13,197788,7362.74,68.82,1010,619,6,4,4.72,Standard,One Year,Android,Average,No,2,0
1977,51,Male,Lalitpur,85,70298,7008.37,190.98,204,1056,9,9,3.53,Basic,Two Year,iPhone,Good,Yes,3,1
1978,52,Female,Butwal,105,74304,3276.11,139.64,1735,1386,4,6,2.72,Basic,Two Year,Android,Good,Yes,5,0
1979,66,Male,Pokhara,10,99360,1033.66,108.3,142,1134,8,6,3.27,Basic,Monthly,Feature Phone,Good,No,5,1
1980,42,Male,Lalitpur,117,89835,7205.8,102.59,624,1144,2,8,4.32,Basic,Monthly,iPhone,Good,Yes,0,1
1981,41,Male,Bhaktapur,55,132424,7161.42,32.7,923,15,0,7,2.3,Basic,Two Year,iPhone,Good,No,2,0
1982,29,Male,Lalitpur,9,159190,6910.6,75.07,1557,738,12,3,4.83,Standard,Monthly,Android,Good,No,2,1
1983,35,Male,Pokhara,79,227364,6838.11,134.88,2001,714,3,4,2.86,Standard,One Year,iPhone,Good,Yes,3,0
1984,32,Female,Bhaktapur,52,76911,4101.91,184.99,1414,713,6,4,4.82,Basic,Two Year,Android,Average,Yes,1,0
1985,61,Female,Kathmandu,2,224561,1830.74,163.48,2372,97,0,9,4.52,Standard,Monthly,Android,Good,Yes,2,1
1986,33,Male,Pokhara,25,123088,4081.16,60.78,1328,115,1,1,4.07,Basic,Two Year,Feature Phone,Poor,Yes,2,0
1987,44,Female,Chitwan,13,35185,4209.48,87.36,1885,964,13,6,2.87,Basic,Two Year,Android,Average,Yes,3,1
1988,25,Male,Dharan,98,192864,4174.49,17.5,1961,1494,4,6,3.35,Premium,Monthly,iPhone,Good,No,5,0
1989,63,Female,Biratnagar,51,231282,4540.79,21.33,2329,1462,8,8,4.35,Premium,One Year,iPhone,Good,No,2,0
1990,42,Male,Pokhara,58,70613,2432.43,94.58,1617,1304,13,8,3.18,Premium,Monthly,Feature Phone,Poor,Yes,3,1
1991,34,Female,Bhaktapur,34,184999,3246.81,106.51,510,348,0,3,3.95,Basic,One Year,Android,Average,Yes,0,0
1992,46,Male,Butwal,35,20386,3756.4,53.54,1074,231,11,4,4.16,Premium,Monthly,Android,Excellent,No,3,0
1993,25,Male,Biratnagar,102,243225,1483.41,128.91,721,1134,3,6,3.05,Standard,Two Year,Feature Phone,Average,No,5,0
1994,32,Female,Pokhara,3,223800,3915.23,140.97,1311,1375,11,9,3.14,Standard,Monthly,iPhone,Average,Yes,1,1
1995,44,Female,Kathmandu,106,227353,6578.52,60.52,2079,1035,13,6,1.79,Premium,One Year,iPhone,Poor,Yes,2,1
1996,63,Male,Butwal,120,50020,6710.45,151.93,1234,983,2,9,1.98,Premium,One Year,iPhone,Good,No,0,1
1997,67,Female,Kathmandu,59,62678,3586.73,41.92,1443,638,13,7,4.62,Standard,Monthly,Android,Good,Yes,2,1
1998,69,Male,Chitwan,70,237767,4391.06,109.31,1580,284,4,7,4.36,Premium,Two Year,Android,Average,No,2,0
1999,24,Female,Butwal,119,81394,752.38,161.05,1961,635,4,1,1.04,Standard,Two Year,Android,Good,No,5,0
2000,20,Female,Lalitpur,48,220017,5558.24,107.86,2158,544,9,8,4.48,Standard,One Year,iPhone,Good,No,3,0
2001,46,Male,Dharan,64,135377,3534.54,181.68,619,391,1,3,1.1,Basic,One Year,Android,Good,No,2,1
2002,61,Female,Butwal,113,141716,3841.08,12.64,1829,1193,4,0,2.83,Premium,One Year,iPhone,Excellent,No,5,0
2003,41,Female,Biratnagar,19,207486,7052.55,118.07,2368,76,8,0,1.27,Standard,One Year,iPhone,Poor,No,0,1
2004,20,Male,Butwal,67,205888,3963.76,112.79,1154,296,4,4,4.88,Premium,Monthly,Android,Excellent,Yes,5,0
2005,37,Female,Bhaktapur,82,75918,658.94,132.41,99,329,14,6,4.89,Standard,One Year,Android,Excellent,No,5,0
2006,63,Male,Dharan,103,242353,2206.18,166.85,855,1086,10,4,3.44,Premium,One Year,iPhone,Good,Yes,5,0
2007,32,Male,Bhaktapur,73,135640,4067.15,145.44,671,269,9,2,2.57,Standard,One Year,Feature Phone,Excellent,No,4,0
2008,42,Male,Lalitpur,116,213766,3682.97,158.27,436,215,1,6,3.05,Standard,Monthly,iPhone,Good,Yes,5,0
2009,47,Male,Butwal,76,180527,6952.78,58.47,1490,1213,6,0,4.05,Premium,Monthly,Android,Excellent,Yes,2,0
2010,31,Male,Kathmandu,5,124446,4566.03,78.11,2085,1098,14,0,1.89,Basic,One Year,Android,Good,No,5,1
2011,24,Female,Kathmandu,67,189807,5672.27,125.73,1097,509,5,1,2.77,Standard,Monthly,iPhone,Average,No,3,1
2012,34,Male,Pokhara,11,114702,4019.92,111.14,1923,578,6,0,3.95,Standard,Monthly,iPhone,Good,Yes,1,0
2013,61,Male,Chitwan,94,125509,3797.42,192.26,765,1116,7,8,2.58,Basic,Monthly,Android,Average,No,2,1
2014,37,Female,Biratnagar,68,113608,3847.15,38.18,2022,1076,9,3,1.13,Basic,One Year,Android,Average,No,5,0
2015,53,Female,Dharan,69,134310,3581.91,70.9,259,495,4,6,3.03,Basic,Two Year,Android,Good,No,5,0
2016,26,Female,Chitwan,1,163181,4539.38,114.98,1964,947,1,4,3.95,Basic,Two Year,Android,Excellent,No,3,1
2017,55,Male,Butwal,91,65802,2378.33,173.72,2485,93,6,6,4.91,Premium,Monthly,Android,Good,Yes,2,0
2018,65,Male,Chitwan,92,219092,7182.91,185.94,875,624,6,6,1.15,Premium,Monthly,iPhone,Good,Yes,4,1
2019,39,Male,Pokhara,63,54622,2998.14,67.87,1816,228,7,0,3.16,Standard,Two Year,Android,Average,No,4,0
2020,19,Female,Chitwan,29,129935,1606.43,14.35,1791,249,6,0,2.8,Basic,Two Year,iPhone,Good,No,0,0
2021,41,Male,Dharan,82,137919,1224.13,84.9,439,1414,9,2,1.97,Premium,Monthly,Android,Good,No,4,1
2022,25,Female,Lalitpur,12,153669,600.67,79.47,2283,720,6,9,3.55,Standard,Two Year,Android,Poor,No,3,1
2023,28,Male,Pokhara,77,191669,3671.42,197.31,728,979,13,1,1.65,Premium,Monthly,iPhone,Poor,Yes,4,1
2024,30,Female,Lalitpur,41,192026,1907.08,86.78,1687,181,12,6,2.14,Standard,One Year,Feature Phone,Good,No,3,1
2025,34,Male,Butwal,2,89519,662.36,61.84,1373,266,8,2,4.13,Basic,Monthly,Android,Good,Yes,2,1
2026,25,Male,Pokhara,37,207187,4400.15,73.71,2055,1003,7,6,2.84,Standard,Two Year,Android,Good,No,0,0
2027,38,Male,Butwal,45,194223,5599.84,79.99,699,280,14,8,4.97,Standard,One Year,Android,Excellent,Yes,5,1
2028,35,Female,Butwal,80,168112,1143.13,164.49,506,961,1,0,2.55,Premium,Monthly,iPhone,Excellent,No,5,0
2029,47,Female,Chitwan,48,64772,3956.91,17.12,642,666,1,2,2.85,Standard,One Year,Feature Phone,Good,Yes,5,0
2030,35,Male,Lalitpur,24,142431,6077.22,63.98,1458,1106,6,5,2.2,Standard,Monthly,Android,Good,No,0,1
2031,63,Male,Butwal,99,116090,7893.55,193.3,238,1209,9,8,1.95,Standard,Monthly,iPhone,Average,No,5,1
2032,64,Male,Lalitpur,22,214904,5503.93,31.47,2448,530,14,4,4.69,Standard,Monthly,Android,Average,Yes,4,1
2033,48,Female,Lalitpur,100,178988,2336.3,148.78,2154,1371,10,2,4.0,Basic,One Year,Android,Excellent,No,5,0
2034,55,Male,Pokhara,11,64871,5874.15,71.92,1504,422,12,7,2.33,Standard,Monthly,Feature Phone,Good,No,5,1
2035,49,Male,Bhaktapur,119,46372,4984.47,116.78,2478,980,14,4,3.8,Basic,One Year,Android,Good,No,1,0
2036,28,Male,Chitwan,58,212779,2088.49,20.81,710,453,9,5,4.86,Basic,One Year,Android,Average,Yes,4,0
2037,62,Male,Butwal,46,59080,6883.33,61.98,2049,266,2,1,1.3,Basic,One Year,Feature Phone,Excellent,No,5,0
2038,42,Female,Lalitpur,29,126242,3705.53,100.67,1032,506,0,3,2.06,Basic,Monthly,Android,Poor,No,1,1
2039,50,Female,Biratnagar,35,62722,7714.83,47.11,466,1165,8,0,1.8,Basic,Monthly,Android,Average,Yes,4,1
2040,55,Male,Bhaktapur,112,49048,5921.76,108.83,2367,315,13,3,4.48,Premium,Monthly,Android,Average,No,3,0
2041,58,Male,Butwal,118,105205,5334.22,44.73,2475,763,14,0,1.72,Basic,Monthly,Android,Good,Yes,3,1
2042,25,Female,Biratnagar,15,160849,5962.65,130.37,394,1255,13,3,2.23,Standard,One Year,Android,Good,Yes,5,1
2043,28,Female,Chitwan,60,74711,4085.73,180.97,2300,1320,13,1,3.18,Standard,Two Year,Android,Good,Yes,5,0
2044,39,Male,Chitwan,95,187403,4289.2,18.01,1942,897,2,5,3.48,Basic,Monthly,iPhone,Poor,No,1,1
2045,68,Female,Lalitpur,42,40968,6884.06,44.11,657,952,0,5,4.23,Premium,One Year,Feature Phone,Excellent,No,0,0
2046,41,Female,Lalitpur,105,205041,5606.96,169.04,1790,874,5,7,2.63,Standard,Monthly,Android,Excellent,No,1,0
2047,58,Male,Dharan,43,31292,7229.32,126.68,2253,915,3,8,3.14,Premium,Monthly,iPhone,Average,No,2,1
2048,34,Female,Dharan,80,191866,7181.2,16.66,2145,21,13,7,4.86,Standard,One Year,iPhone,Excellent,No,0,1
2049,29,Female,Butwal,74,99459,7823.68,97.78,1524,383,0,0,2.19,Standard,One Year,Android,Excellent,No,1,0
2050,63,Male,Pokhara,49,70192,5751.61,42.74,213,1149,3,2,1.99,Premium,Two Year,Android,Average,No,2,1
2051,49,Male,Bhaktapur,64,178775,4267.26,40.62,1419,102,7,5,3.84,Basic,One Year,iPhone,Average,Yes,2,1
2052,32,Female,Butwal,32,104193,1747.34,188.19,2354,899,10,0,4.08,Standard,Monthly,iPhone,Excellent,No,5,0
2053,33,Male,Bhaktapur,64,89165,5790.35,152.55,1525,732,6,7,2.66,Standard,One Year,Android,Poor,Yes,4,0
2054,39,Female,Lalitpur,115,87650,2686.83,139.55,1766,109,14,5,1.85,Premium,Two Year,Android,Average,No,5,1
2055,45,Male,Chitwan,2,207588,2622.11,48.55,269,1495,11,0,4.12,Basic,One Year,Android,Good,No,1,1
2056,37,Female,Lalitpur,24,149858,2287.16,24.6,1244,1088,0,9,3.68,Standard,Two Year,Android,Good,No,3,0
2057,50,Male,Chitwan,87,121398,7063.42,174.3,555,1495,9,1,4.5,Basic,Monthly,iPhone,Good,No,5,0
2058,27,Female,Dharan,66,242182,7009.73,2.17,2367,669,11,5,4.38,Premium,Two Year,iPhone,Good,No,4,0
2059,57,Female,Butwal,38,117885,5232.28,78.23,1126,1099,8,9,1.82,Standard,Monthly,iPhone,Good,No,5,1
2060,49,Female,Dharan,31,173329,4047.36,56.24,477,1042,5,7,4.33,Premium,One Year,Feature Phone,Average,No,5,0
2061,67,Male,Chitwan,115,120588,5540.86,114.5,1407,383,1,4,1.7,Premium,One Year,Feature Phone,Average,No,0,0
2062,50,Male,Lalitpur,104,123356,5054.22,50.85,59,189,2,0,4.45,Standard,Monthly,iPhone,Good,Yes,3,0
2063,19,Female,Dharan,26,103509,3618.01,62.93,1559,761,6,9,4.08,Standard,Two Year,Android,Excellent,No,2,0
2064,50,Female,Kathmandu,29,242345,3347.23,170.16,2175,359,2,1,3.28,Standard,Monthly,Android,Excellent,No,0,0
2065,50,Male,Bhaktapur,67,71672,3370.96,121.03,280,874,12,3,3.57,Standard,Monthly,Android,Good,No,4,0
2066,58,Male,Biratnagar,78,214380,4918.5,29.99,1661,885,2,3,1.42,Standard,Two Year,iPhone,Poor,No,5,0
2067,30,Male,Chitwan,25,228655,5357.52,145.57,1267,1475,4,6,1.16,Basic,Monthly,Feature Phone,Excellent,Yes,2,1
2068,47,Male,Chitwan,48,42113,3888.06,42.28,145,78,2,1,2.32,Standard,Monthly,Android,Poor,No,5,1
2069,50,Male,Kathmandu,65,20694,7765.19,87.17,1249,595,2,6,4.29,Premium,One Year,iPhone,Average,No,2,0
2070,30,Male,Butwal,53,35588,1128.84,129.67,1326,1195,10,6,2.86,Basic,One Year,Feature Phone,Excellent,No,2,0
2071,69,Female,Butwal,67,212828,3102.85,55.11,2121,1235,4,6,1.89,Premium,Two Year,iPhone,Good,Yes,3,1
2072,43,Male,Butwal,118,215157,3643.06,77.44,2413,885,13,2,4.34,Basic,One Year,iPhone,Average,Yes,4,0
2073,39,Female,Biratnagar,90,212214,626.91,147.1,155,1014,4,5,1.91,Standard,Two Year,Android,Excellent,No,4,1
2074,56,Male,Pokhara,18,84373,3237.18,187.64,2397,1468,11,5,4.26,Basic,Two Year,Android,Excellent,No,5,0
2075,19,Male,Kathmandu,9,105603,2552.82,106.32,1479,148,8,3,2.81,Standard,One Year,Android,Average,No,3,1
2076,55,Female,Biratnagar,38,26704,4295.27,2.98,155,9,0,0,2.85,Basic,Monthly,iPhone,Excellent,No,4,0
2077,56,Female,Dharan,87,60136,3023.08,68.35,832,791,13,8,2.09,Standard,One Year,Android,Good,Yes,2,1
2078,43,Male,Kathmandu,21,87507,5946.37,80.33,871,1078,0,1,4.6,Standard,Monthly,Android,Average,No,2,0
2079,63,Female,Chitwan,65,67361,4324.49,68.5,1764,871,10,8,1.36,Premium,Monthly,iPhone,Excellent,Yes,5,1
2080,67,Female,Bhaktapur,21,78847,1473.22,87.82,1958,179,13,7,1.58,Standard,One Year,iPhone,Poor,No,2,1
2081,32,Female,Kathmandu,27,126359,6125.46,126.9,890,743,8,0,3.54,Premium,Two Year,Android,Average,Yes,4,0
2082,51,Female,Pokhara,106,162513,1244.22,25.1,1492,380,4,6,4.4,Premium,Monthly,Feature Phone,Average,Yes,1,0
2083,59,Male,Lalitpur,70,248084,6792.87,55.25,654,1445,3,9,1.38,Basic,Monthly,Android,Good,Yes,0,1
2084,61,Female,Dharan,119,138906,7485.67,102.02,1671,450,1,2,3.94,Basic,Monthly,Android,Poor,No,1,0
2085,66,Male,Biratnagar,44,34677,2918.34,63.8,688,1116,11,9,3.97,Basic,Monthly,Android,Excellent,No,3,1
2086,57,Male,Dharan,100,47818,7446.07,198.23,1313,1436,8,9,3.33,Standard,Monthly,Android,Good,Yes,1,1
2087,28,Male,Dharan,28,21868,6447.56,86.85,288,393,5,8,2.95,Standard,One Year,Android,Average,Yes,5,1
2088,20,Male,Kathmandu,45,103591,7418.27,174.09,880,964,14,4,2.28,Premium,Monthly,iPhone,Good,Yes,1,1
2089,23,Female,Kathmandu,17,143962,5497.03,179.41,501,1354,8,2,2.41,Standard,Monthly,iPhone,Good,No,5,1
2090,26,Female,Pokhara,40,87264,2267.33,167.37,1281,432,4,7,3.7,Premium,Two Year,Android,Average,Yes,3,0
2091,23,Male,Bhaktapur,116,93168,7208.92,10.33,2352,953,3,2,1.26,Basic,One Year,iPhone,Poor,No,1,1
2092,26,Male,Kathmandu,3,163115,1881.99,189.6,122,1186,6,6,3.34,Basic,Monthly,Feature Phone,Good,No,0,1
2093,56,Male,Kathmandu,76,91939,2097.95,26.62,1473,945,4,6,2.11,Premium,One Year,Android,Poor,No,4,1
2094,48,Male,Bhaktapur,103,35732,2532.97,7.85,811,1063,7,6,2.87,Basic,Monthly,Android,Excellent,Yes,3,1
2095,49,Female,Pokhara,76,75244,2781.85,83.46,1697,765,7,0,3.24,Premium,Two Year,Android,Poor,No,1,0
2096,58,Male,Biratnagar,66,169598,4358.6,39.73,258,907,12,4,4.54,Basic,Monthly,Android,Good,Yes,2,1
2097,67,Female,Dharan,120,29340,5850.93,37.66,1608,84,1,0,3.32,Premium,Two Year,Android,Good,No,2,0
2098,29,Male,Biratnagar,46,42394,7446.56,58.28,901,783,12,6,1.91,Premium,Two Year,Android,Good,No,3,1
2099,25,Male,Kathmandu,86,118557,1163.28,50.43,2255,815,14,7,1.32,Standard,One Year,Feature Phone,Poor,No,2,1
2100,25,Male,Bhaktapur,87,155174,7657.77,137.27,907,1114,4,6,3.51,Premium,Monthly,Android,Average,No,0,1
2101,67,Male,Kathmandu,30,39159,7409.92,38.17,1299,1408,9,0,3.18,Basic,Two Year,Feature Phone,Average,No,1,0
2102,45,Female,Butwal,69,142366,904.99,109.08,943,1216,7,2,3.69,Basic,Monthly,Android,Good,Yes,0,0
2103,37,Female,Lalitpur,9,216164,3202.41,197.3,813,1276,2,9,2.84,Basic,Monthly,Android,Average,No,0,1
2104,64,Female,Biratnagar,85,26212,6598.58,87.04,695,1267,6,2,4.3,Basic,Monthly,Android,Average,No,4,0
2105,24,Male,Butwal,11,248432,5086.82,128.73,2459,706,2,6,4.68,Standard,One Year,Feature Phone,Poor,No,1,1
2106,28,Male,Chitwan,69,57405,6343.2,193.9,1701,269,14,3,1.16,Premium,Monthly,iPhone,Excellent,No,3,1
2107,37,Female,Lalitpur,99,150632,5892.75,28.39,1511,840,5,2,3.98,Basic,Two Year,iPhone,Excellent,No,2,0
2108,33,Female,Kathmandu,91,97061,4225.78,84.3,1869,1042,1,5,1.14,Premium,Monthly,Android,Good,No,4,1
2109,21,Male,Pokhara,113,114296,809.14,170.19,1296,1063,5,9,2.78,Premium,Two Year,Android,Good,No,0,0
2110,23,Male,Biratnagar,66,75186,4882.01,186.53,691,515,5,5,2.85,Standard,Monthly,iPhone,Average,Yes,2,0
2111,39,Female,Chitwan,88,195311,864.25,120.65,858,1056,7,9,3.78,Premium,Monthly,iPhone,Good,No,1,0
2112,43,Male,Lalitpur,31,244065,5027.95,29.54,1332,449,4,4,2.41,Premium,Monthly,Android,Good,Yes,0,1
2113,20,Male,Biratnagar,33,143145,6503.08,180.39,1093,684,13,5,4.28,Standard,Two Year,Android,Good,No,0,1
2114,58,Female,Bhaktapur,39,30532,4887.44,35.71,23,624,0,2,2.37,Standard,Monthly,Android,Average,No,1,0
2115,59,Male,Pokhara,94,230126,7977.66,71.22,1674,884,14,9,2.37,Standard,One Year,Android,Good,No,3,1
2116,31,Female,Lalitpur,46,223084,3919.0,75.73,1928,318,7,4,1.89,Basic,Monthly,iPhone,Poor,Yes,4,1
2117,28,Male,Bhaktapur,37,236351,6116.21,90.01,1913,1147,11,8,3.74,Basic,Two Year,Android,Poor,No,1,1
2118,35,Female,Butwal,115,86540,5504.1,158.24,1942,1395,8,3,1.31,Standard,Monthly,iPhone,Poor,No,2,1
2119,29,Male,Kathmandu,92,123021,7935.74,160.63,1305,1374,0,1,2.45,Basic,Monthly,iPhone,Average,No,2,1
2120,40,Female,Bhaktapur,60,23271,5849.14,144.21,554,1346,4,4,2.07,Premium,One Year,iPhone,Average,No,0,0
2121,29,Female,Lalitpur,31,196554,1730.23,5.4,1104,487,11,2,1.92,Standard,Monthly,iPhone,Average,No,5,1
2122,30,Female,Dharan,11,20209,7666.38,113.4,1399,450,5,2,1.24,Standard,Monthly,iPhone,Average,Yes,4,1
2123,42,Female,Lalitpur,87,242071,5508.33,149.75,665,352,3,3,1.76,Basic,Monthly,iPhone,Average,No,3,1
2124,62,Male,Dharan,2,156611,945.04,89.48,43,1139,13,3,2.78,Standard,One Year,iPhone,Average,Yes,3,1
2125,68,Male,Butwal,104,39977,5431.76,189.04,1336,954,10,4,3.01,Basic,Monthly,iPhone,Average,No,5,0
2126,36,Female,Kathmandu,105,225214,7123.4,164.94,576,1036,1,6,2.08,Basic,Monthly,Android,Average,No,2,1
2127,63,Male,Dharan,27,129920,4827.81,127.99,375,319,4,3,3.6,Premium,One Year,Android,Good,No,3,0
2128,53,Male,Dharan,99,148156,3155.15,13.42,2027,1188,13,6,2.34,Basic,Monthly,Android,Excellent,Yes,2,1
2129,62,Male,Bhaktapur,2,119588,6656.82,130.82,889,84,13,8,2.47,Standard,One Year,Android,Excellent,Yes,4,1
2130,25,Male,Bhaktapur,103,88684,6368.84,182.4,594,247,3,2,4.13,Basic,One Year,iPhone,Good,No,5,0
2131,46,Male,Kathmandu,101,143862,4581.37,76.51,48,1455,12,4,3.21,Premium,Two Year,iPhone,Good,No,0,1
2132,49,Female,Bhaktapur,21,25607,1657.71,167.79,2424,567,6,3,4.81,Standard,Monthly,iPhone,Average,No,2,1
2133,68,Female,Biratnagar,58,236194,2382.4,63.32,384,683,5,8,2.44,Standard,One Year,Android,Excellent,No,4,1
2134,61,Female,Kathmandu,5,114786,6038.63,114.45,428,643,2,4,4.31,Premium,Monthly,Android,Good,No,5,1
2135,35,Female,Pokhara,52,146406,6545.62,130.04,1334,478,8,9,3.95,Standard,Monthly,Android,Excellent,No,2,1
2136,23,Male,Dharan,45,203011,2594.49,135.92,1196,712,13,1,4.56,Basic,One Year,Android,Average,Yes,1,0
2137,35,Male,Lalitpur,85,169666,3259.89,176.63,238,367,3,9,4.83,Standard,Monthly,iPhone,Good,Yes,2,0
2138,36,Female,Pokhara,93,209454,1082.24,47.69,2240,356,14,0,1.03,Basic,Monthly,Android,Average,Yes,4,1
2139,39,Male,Dharan,20,27399,5850.96,53.21,627,407,10,6,1.35,Standard,One Year,Android,Excellent,Yes,3,1
2140,54,Male,Biratnagar,61,146812,526.83,141.1,1055,1368,4,0,3.7,Standard,Monthly,Android,Average,No,2,0
2141,49,Female,Dharan,38,176189,849.06,36.26,1559,178,13,7,2.56,Premium,Monthly,Android,Good,No,0,1
2142,58,Male,Dharan,20,118662,532.58,93.39,877,1448,2,8,4.28,Basic,Monthly,Android,Average,No,4,1
2143,20,Female,Dharan,114,53617,5339.9,4.99,1622,1466,7,6,1.05,Basic,Monthly,Android,Excellent,No,3,1
2144,45,Female,Butwal,25,158570,3630.4,29.05,988,1329,10,8,4.23,Premium,Monthly,Android,Average,Yes,4,1
2145,27,Male,Biratnagar,2,122826,2731.6,136.09,1520,366,6,9,1.54,Premium,Monthly,Android,Excellent,No,2,1
2146,68,Male,Chitwan,32,149851,7345.26,149.74,1125,1059,10,5,2.16,Premium,Monthly,iPhone,Good,No,1,1
2147,52,Female,Chitwan,26,131077,1946.02,23.95,1660,462,10,6,4.88,Standard,One Year,Android,Good,No,1,0
2148,46,Female,Chitwan,70,70624,3420.26,46.31,1736,827,14,2,1.21,Basic,Monthly,iPhone,Average,Yes,0,1
2149,32,Male,Kathmandu,41,29628,7552.34,20.68,636,1169,6,8,2.4,Premium,One Year,Android,Excellent,Yes,5,1
2150,50,Female,Bhaktapur,67,151401,3703.3,87.25,245,145,7,2,1.34,Basic,Two Year,Feature Phone,Good,No,5,1
2151,24,Female,Biratnagar,97,58619,4660.2,26.1,2438,379,6,5,4.41,Basic,Monthly,iPhone,Average,No,0,0
2152,29,Female,Pokhara,1,27032,1102.53,88.02,47,167,2,3,3.81,Basic,Monthly,Android,Good,No,3,1
2153,66,Male,Butwal,51,199166,6426.25,146.69,1014,1298,2,8,4.2,Standard,One Year,Android,Average,No,1,1
2154,47,Female,Pokhara,5,58034,3670.69,136.99,35,86,1,0,3.11,Basic,Monthly,Android,Average,No,2,1
2155,38,Male,Pokhara,13,122658,6503.86,56.81,352,153,12,8,2.43,Premium,One Year,iPhone,Good,Yes,4,1
2156,48,Female,Pokhara,19,141123,2403.48,135.08,502,496,0,3,1.01,Basic,Monthly,Android,Good,Yes,4,1
2157,41,Male,Butwal,12,106158,3668.59,185.61,585,314,4,9,2.11,Basic,Monthly,Android,Good,No,1,1
2158,37,Female,Chitwan,48,75264,6399.12,70.16,2181,722,11,4,3.06,Standard,Monthly,Feature Phone,Good,No,1,1
2159,54,Male,Pokhara,25,114120,7804.08,66.49,2105,1297,3,0,3.66,Standard,Monthly,Android,Good,Yes,4,0
2160,21,Male,Butwal,57,67850,947.19,114.72,473,763,14,0,1.92,Premium,Monthly,Android,Excellent,No,3,1
2161,45,Male,Butwal,115,24722,6593.42,49.85,185,261,12,5,1.56,Premium,Monthly,Feature Phone,Average,No,4,1
2162,61,Female,Bhaktapur,35,37772,2755.17,130.66,2272,486,10,9,1.81,Basic,Monthly,iPhone,Good,No,0,1
2163,37,Female,Butwal,76,106105,4630.57,166.62,897,453,1,0,2.42,Premium,One Year,iPhone,Excellent,Yes,2,0
2164,41,Female,Chitwan,94,192751,2675.69,92.4,264,442,0,1,1.59,Standard,Monthly,Feature Phone,Good,Yes,1,0
2165,67,Male,Pokhara,5,219843,5100.84,136.22,1914,1285,13,2,1.63,Standard,Two Year,Feature Phone,Good,No,5,1
2166,66,Female,Butwal,98,24576,3153.52,130.73,1376,542,13,6,1.18,Standard,Monthly,Feature Phone,Good,No,1,1
2167,68,Male,Kathmandu,22,177779,3002.11,8.69,962,1128,2,1,4.43,Premium,Monthly,Android,Excellent,No,3,0
2168,49,Female,Butwal,103,119404,784.54,37.5,1972,349,12,4,1.88,Basic,Monthly,Android,Good,Yes,0,1
2169,58,Male,Lalitpur,77,192704,1602.2,178.81,1302,823,5,8,4.29,Basic,One Year,Android,Average,Yes,4,0
2170,53,Male,Lalitpur,57,61476,7378.09,187.84,1765,437,12,9,2.75,Standard,One Year,iPhone,Good,Yes,0,1
2171,51,Male,Lalitpur,47,181357,7987.08,156.31,429,168,1,7,3.53,Basic,Monthly,Android,Average,Yes,0,1
2172,53,Female,Butwal,54,44154,6353.9,184.33,2377,1366,9,7,1.3,Standard,Monthly,Android,Average,Yes,3,1
2173,19,Female,Chitwan,3,171126,2651.09,61.92,2135,1253,14,1,3.33,Standard,Two Year,Android,Good,Yes,3,1
2174,32,Female,Pokhara,53,37165,3518.34,50.29,2181,22,12,0,2.16,Premium,Two Year,iPhone,Average,No,5,1
2175,51,Male,Biratnagar,84,34439,6046.28,77.48,2287,987,6,8,1.38,Basic,Monthly,iPhone,Good,No,4,1
2176,53,Male,Biratnagar,31,138211,7763.85,12.01,2287,675,10,9,4.63,Basic,One Year,Android,Good,No,5,0
2177,23,Female,Biratnagar,69,64518,3916.03,162.16,1516,280,6,3,3.41,Premium,Monthly,iPhone,Excellent,No,4,0
2178,56,Female,Chitwan,88,239123,6721.42,196.85,405,721,10,8,1.97,Standard,Monthly,Android,Average,No,2,1
2179,59,Female,Bhaktapur,104,46962,7813.02,164.98,949,252,2,6,2.68,Premium,One Year,Android,Average,Yes,0,0
2180,68,Male,Dharan,118,205006,7051.05,111.44,424,403,13,5,2.43,Premium,One Year,Feature Phone,Good,Yes,4,1
2181,68,Male,Kathmandu,33,57763,2203.62,59.76,511,132,0,9,3.8,Premium,Monthly,iPhone,Average,Yes,3,0
2182,29,Male,Kathmandu,72,136189,560.24,40.34,376,1297,8,8,3.43,Standard,Two Year,Android,Average,No,2,0
2183,20,Male,Lalitpur,88,130290,4190.61,73.45,234,617,10,9,1.08,Standard,One Year,Feature Phone,Excellent,Yes,5,1
2184,62,Male,Lalitpur,50,215166,4485.21,133.73,1423,231,4,3,1.79,Basic,Monthly,Android,Average,Yes,2,1
2185,35,Female,Butwal,84,130814,2009.38,89.97,771,544,1,0,2.91,Standard,Monthly,iPhone,Good,Yes,3,0
2186,57,Male,Biratnagar,16,39464,2635.06,186.88,846,78,14,4,2.78,Premium,Monthly,iPhone,Average,No,4,1
2187,38,Male,Butwal,114,193108,6238.65,170.99,1257,1058,7,5,3.07,Basic,Monthly,Android,Poor,No,3,1
2188,32,Male,Dharan,116,143980,4027.6,21.38,1141,494,11,5,3.86,Basic,One Year,Android,Poor,Yes,4,0
2189,50,Male,Biratnagar,76,247021,2880.16,27.17,685,1133,9,0,3.73,Premium,Monthly,Android,Good,Yes,3,0
2190,52,Male,Lalitpur,77,184342,5169.7,135.57,2048,1344,9,6,2.49,Basic,Monthly,Android,Excellent,Yes,3,1
2191,43,Female,Pokhara,109,62299,5395.7,46.92,573,327,3,7,4.51,Basic,Two Year,Android,Good,Yes,1,0
2192,25,Male,Bhaktapur,106,236877,6270.47,158.41,1592,966,10,4,1.25,Premium,Two Year,Android,Good,Yes,4,1
2193,53,Male,Butwal,39,51541,1675.32,118.68,347,689,9,1,3.34,Basic,One Year,iPhone,Good,Yes,0,0
2194,65,Male,Bhaktapur,89,93545,6061.38,46.74,1208,383,11,1,4.8,Basic,One Year,iPhone,Average,No,1,0
2195,47,Female,Bhaktapur,46,233615,4995.71,96.26,169,1387,6,4,3.2,Standard,One Year,iPhone,Good,Yes,1,0
2196,40,Female,Bhaktapur,96,243070,931.79,81.81,1075,1255,13,6,2.82,Premium,One Year,Android,Good,No,1,0
2197,59,Female,Lalitpur,88,149188,6330.84,174.76,676,1437,12,6,1.54,Standard,Monthly,Android,Good,Yes,1,1
2198,61,Male,Kathmandu,112,228150,3373.1,7.4,1956,1317,4,3,4.24,Standard,Monthly,Android,Average,No,0,0
2199,31,Female,Lalitpur,47,234042,2977.86,179.27,312,546,12,2,2.5,Standard,One Year,Feature Phone,Excellent,No,1,0
2200,31,Male,Bhaktapur,44,49765,3860.56,130.76,976,1197,2,8,3.8,Standard,Monthly,iPhone,Good,No,5,0
2201,19,Male,Lalitpur,9,43769,3096.31,147.77,1104,391,9,6,1.79,Basic,Monthly,Feature Phone,Poor,No,0,1
2202,54,Female,Bhaktapur,104,239073,3037.14,1.52,1632,1125,7,1,1.17,Basic,One Year,Android,Good,No,5,0
2203,22,Male,Chitwan,114,238476,6560.58,126.02,435,1316,1,0,2.22,Standard,Monthly,iPhone,Average,No,0,1
2204,55,Male,Biratnagar,87,40156,1433.79,118.11,2074,1108,0,1,2.13,Premium,Monthly,iPhone,Poor,Yes,5,0
2205,62,Male,Kathmandu,50,236908,7779.5,107.9,937,908,4,2,4.49,Premium,Monthly,iPhone,Good,Yes,1,0
2206,58,Female,Chitwan,77,201553,4661.99,157.39,104,1224,10,4,4.46,Standard,Monthly,iPhone,Average,Yes,2,1
2207,64,Male,Pokhara,60,164507,1871.93,111.62,976,684,3,2,3.14,Premium,Two Year,Android,Average,Yes,0,0
2208,31,Male,Lalitpur,96,220722,1484.12,171.56,1441,540,10,9,1.08,Basic,One Year,iPhone,Average,Yes,1,1
2209,56,Female,Pokhara,114,197408,4936.32,47.29,1955,296,9,8,1.91,Premium,Two Year,iPhone,Average,Yes,3,1
2210,42,Male,Butwal,15,187207,5247.5,161.39,1814,55,14,9,3.56,Premium,Monthly,Android,Average,No,3,1
2211,37,Male,Lalitpur,36,93631,897.69,36.68,1436,1495,6,3,1.41,Standard,One Year,Feature Phone,Average,No,4,1
2212,19,Female,Dharan,113,57909,2322.51,162.81,1090,1039,14,6,3.8,Basic,One Year,Android,Poor,No,0,1
2213,56,Male,Dharan,63,89487,6465.96,188.15,1541,65,12,3,1.05,Standard,Monthly,iPhone,Excellent,Yes,0,1
2214,23,Male,Biratnagar,69,172540,872.18,67.8,1521,957,8,2,3.73,Standard,Monthly,iPhone,Excellent,Yes,5,0
2215,34,Male,Chitwan,86,243681,6913.16,106.45,2493,1495,5,9,4.38,Basic,One Year,iPhone,Excellent,Yes,3,0
2216,42,Male,Biratnagar,80,67655,5436.22,132.01,2493,1046,10,0,2.88,Standard,Two Year,Android,Average,No,0,0
2217,45,Male,Butwal,41,185413,3758.17,16.81,755,701,0,8,4.32,Premium,Two Year,iPhone,Good,No,0,0
2218,19,Female,Bhaktapur,74,215254,3098.25,99.32,1172,759,14,0,4.13,Premium,Monthly,Android,Good,Yes,3,0
2219,52,Female,Biratnagar,24,71786,644.37,72.76,1292,485,7,0,3.69,Basic,Monthly,Feature Phone,Poor,No,1,0
2220,54,Female,Biratnagar,82,88304,6689.11,174.62,760,1438,1,0,2.78,Basic,One Year,Android,Excellent,No,5,0
2221,22,Female,Dharan,49,123606,1570.41,175.46,1882,820,3,4,2.09,Standard,Monthly,Android,Excellent,Yes,3,1
2222,18,Male,Bhaktapur,18,197586,2821.56,140.46,150,887,2,6,4.44,Premium,Monthly,Feature Phone,Good,No,2,0
2223,57,Male,Dharan,7,140938,4768.3,131.49,1783,1328,5,6,3.59,Standard,Monthly,Android,Average,Yes,3,1
2224,29,Male,Lalitpur,4,185051,2344.94,147.0,1732,176,1,9,4.19,Standard,Monthly,Android,Good,No,5,1
2225,53,Male,Bhaktapur,90,241959,4228.55,73.83,342,194,4,0,3.21,Basic,Monthly,iPhone,Average,No,3,0
2226,62,Male,Chitwan,69,100981,6570.07,81.5,842,1036,10,5,1.69,Standard,One Year,Android,Average,Yes,5,1
2227,40,Female,Biratnagar,60,75107,4029.03,111.19,562,875,8,8,4.92,Premium,Two Year,Android,Good,Yes,1,1
2228,64,Female,Dharan,55,152232,7617.33,187.67,2133,165,14,5,1.73,Standard,Monthly,Android,Average,Yes,3,1
2229,48,Male,Bhaktapur,16,107897,6856.25,145.08,1875,1173,2,3,4.64,Premium,Monthly,Feature Phone,Average,Yes,3,1
2230,28,Male,Butwal,99,92577,2997.79,110.65,2098,1364,1,9,1.83,Standard,One Year,Android,Poor,No,1,1
2231,27,Male,Butwal,90,235375,3499.72,154.31,904,556,1,8,2.49,Premium,Monthly,iPhone,Good,No,3,1
2232,20,Female,Biratnagar,82,161918,3674.95,74.81,210,1197,14,2,2.76,Basic,Two Year,Android,Excellent,No,1,1
2233,31,Male,Chitwan,29,124180,5196.35,146.36,434,166,8,9,4.69,Basic,Monthly,Android,Good,No,2,1
2234,33,Male,Pokhara,23,39924,2650.97,82.72,1858,708,5,3,4.55,Basic,Two Year,Android,Average,Yes,1,0
2235,27,Male,Dharan,117,131193,7769.37,56.65,1833,717,1,3,4.29,Standard,Monthly,Feature Phone,Good,Yes,0,0
2236,46,Female,Chitwan,14,164954,5065.13,122.34,1780,96,2,3,2.51,Basic,Two Year,Android,Good,Yes,0,0
2237,27,Male,Kathmandu,79,231346,3495.51,137.69,1089,678,14,5,1.02,Standard,One Year,Android,Excellent,Yes,5,1
2238,29,Female,Kathmandu,49,237627,5337.57,92.4,1741,403,13,6,3.73,Premium,Two Year,Android,Good,Yes,1,1
2239,47,Female,Kathmandu,33,21095,3465.54,113.53,394,1100,0,8,2.64,Standard,One Year,Android,Average,No,3,0
2240,58,Female,Biratnagar,25,124205,6633.47,139.12,577,1260,1,2,4.03,Basic,One Year,Android,Average,Yes,4,0
2241,18,Female,Butwal,21,192055,4758.81,153.77,1300,290,14,7,4.18,Premium,One Year,Android,Excellent,No,4,1
2242,22,Female,Lalitpur,17,34123,814.78,179.22,1964,135,1,7,2.76,Standard,One Year,Android,Average,Yes,2,1
2243,37,Female,Dharan,23,244740,1825.68,71.55,1616,888,10,0,3.99,Standard,Two Year,iPhone,Good,Yes,2,0
2244,25,Male,Butwal,57,217687,6987.45,190.34,1148,880,1,4,4.36,Premium,Monthly,Android,Average,No,4,0
2245,60,Male,Lalitpur,107,246265,4721.75,127.82,1380,366,6,9,4.71,Premium,Monthly,Android,Good,No,4,0
2246,29,Male,Lalitpur,81,65278,7627.58,157.75,1344,547,2,4,3.33,Standard,Monthly,Android,Poor,No,1,1
2247,18,Female,Butwal,58,117911,1043.17,140.25,1120,901,12,7,4.11,Premium,Monthly,Android,Average,No,4,1
2248,37,Male,Dharan,14,241362,2714.45,41.91,1554,247,14,7,2.98,Standard,Two Year,Android,Good,Yes,0,1
2249,45,Female,Biratnagar,93,71999,1951.58,15.22,1273,765,13,1,1.17,Standard,Monthly,Android,Good,No,2,1
2250,60,Female,Chitwan,20,51153,4653.8,145.53,1722,1237,10,2,1.62,Standard,One Year,iPhone,Average,No,5,1
2251,54,Female,Lalitpur,30,38344,3370.95,102.7,51,69,3,1,1.51,Standard,One Year,Android,Good,No,2,1
2252,64,Male,Pokhara,19,57656,1679.55,140.74,1651,745,1,0,1.69,Standard,Two Year,Android,Average,No,0,1
2253,54,Female,Butwal,53,221587,5320.64,95.89,77,995,4,1,1.04,Standard,One Year,iPhone,Good,Yes,2,1
2254,29,Female,Butwal,103,21212,4522.24,63.13,1147,328,13,9,4.43,Basic,Monthly,iPhone,Good,No,4,1
2255,54,Male,Kathmandu,56,140385,2560.52,57.72,331,1039,8,5,3.24,Standard,Two Year,Android,Good,No,2,0
2256,66,Male,Chitwan,77,160073,4098.29,146.38,1772,1197,11,0,2.53,Standard,Monthly,Android,Good,No,0,0
2257,66,Female,Kathmandu,82,98784,6093.04,56.08,2021,698,8,5,2.64,Premium,One Year,Android,Excellent,No,2,0
2258,61,Female,Butwal,23,118723,2039.54,143.22,1417,805,6,0,2.85,Basic,Monthly,Feature Phone,Average,No,5,1
2259,45,Male,Butwal,62,101144,2696.79,77.41,1802,273,11,1,1.3,Premium,Monthly,iPhone,Average,Yes,5,1
2260,64,Male,Lalitpur,110,187499,3095.83,154.41,2302,523,7,7,2.1,Premium,Two Year,Android,Good,No,5,1
2261,32,Male,Chitwan,33,51368,6100.45,29.42,1432,218,12,5,4.41,Standard,One Year,Android,Good,No,5,1
2262,23,Female,Bhaktapur,103,221891,6851.92,41.79,1451,1023,13,8,3.97,Premium,Monthly,iPhone,Good,No,4,1
2263,61,Male,Pokhara,104,81160,3322.91,137.5,821,512,4,0,3.25,Standard,One Year,Android,Good,No,5,0
2264,37,Male,Dharan,18,176926,2724.66,112.49,258,1422,4,4,2.92,Premium,Monthly,iPhone,Good,No,5,0
2265,67,Male,Lalitpur,73,30715,7170.85,41.57,1795,1134,11,6,2.04,Standard,Monthly,Feature Phone,Excellent,Yes,1,1
2266,31,Female,Butwal,33,232773,7995.24,180.66,1338,463,2,8,2.89,Basic,One Year,Android,Good,No,5,1
2267,19,Male,Dharan,32,78784,5527.65,55.91,131,1116,5,8,3.39,Standard,One Year,Android,Poor,No,4,1
2268,26,Male,Lalitpur,61,149193,7924.85,84.79,2371,450,0,3,3.85,Standard,Two Year,Android,Excellent,Yes,5,0
2269,54,Male,Pokhara,54,119644,5449.75,41.26,1348,1419,2,3,1.67,Basic,One Year,Android,Excellent,No,2,0
2270,37,Male,Butwal,17,46797,6000.95,78.22,309,923,10,3,4.25,Premium,One Year,iPhone,Poor,No,5,1
2271,43,Male,Pokhara,19,67573,3414.92,98.84,2275,932,1,2,2.38,Basic,Monthly,Android,Average,Yes,3,1
2272,46,Female,Dharan,91,96120,3747.26,59.75,1829,478,6,7,3.01,Standard,Monthly,Android,Good,No,2,1
2273,18,Female,Bhaktapur,70,34780,1581.02,154.05,601,315,8,4,3.43,Standard,Monthly,Android,Poor,No,5,1
2274,52,Female,Lalitpur,99,57905,6670.63,79.39,389,670,3,6,2.95,Premium,Two Year,Feature Phone,Good,No,5,0
2275,23,Male,Biratnagar,120,172645,7482.94,146.17,239,697,6,9,3.29,Standard,Monthly,Android,Excellent,Yes,2,0
2276,54,Female,Lalitpur,101,136049,5175.79,42.21,1916,992,7,5,1.45,Premium,Monthly,Android,Average,No,0,1
2277,22,Female,Kathmandu,34,149651,3077.35,76.03,368,1376,9,8,2.73,Premium,One Year,Android,Average,Yes,3,1
2278,50,Female,Chitwan,84,53359,1655.12,2.6,2322,767,1,2,2.12,Standard,Monthly,iPhone,Good,Yes,0,1
2279,66,Male,Chitwan,25,86062,2488.67,151.97,471,1262,6,5,1.34,Premium,Two Year,Android,Poor,Yes,5,1
2280,68,Male,Kathmandu,68,93391,2415.58,125.55,2209,1127,12,2,1.77,Basic,Monthly,Android,Excellent,No,0,1
2281,31,Female,Butwal,74,63463,5101.46,163.75,108,906,11,1,3.41,Premium,One Year,Feature Phone,Average,Yes,4,0
2282,29,Female,Chitwan,74,119596,7587.78,91.67,890,877,2,2,1.79,Basic,Monthly,Android,Good,Yes,1,0
2283,59,Male,Pokhara,88,115018,862.04,160.15,1179,1052,7,1,1.72,Premium,Monthly,Android,Average,Yes,2,1
2284,37,Male,Dharan,85,36571,507.67,129.87,2062,88,5,1,3.21,Basic,Two Year,iPhone,Good,Yes,3,0
2285,67,Female,Dharan,11,248348,5001.36,1.72,1894,374,2,9,4.62,Basic,One Year,Android,Good,Yes,2,1
2286,41,Male,Chitwan,91,170214,2630.45,51.49,542,1420,7,6,4.15,Basic,Monthly,Android,Excellent,Yes,0,0
2287,60,Female,Chitwan,16,45104,7104.11,99.28,929,363,10,9,4.62,Basic,Monthly,Android,Good,No,1,1
2288,51,Male,Kathmandu,90,28625,2954.38,124.12,461,146,12,2,3.33,Standard,Monthly,iPhone,Excellent,No,0,1
2289,42,Female,Butwal,61,59199,2673.03,14.05,57,313,2,7,2.64,Standard,Monthly,Feature Phone,Good,No,2,0
2290,67,Female,Bhaktapur,94,140725,2521.33,141.31,1900,547,8,1,3.92,Premium,Monthly,iPhone,Excellent,No,4,0
2291,46,Male,Chitwan,113,166998,1586.4,109.16,229,795,10,6,2.05,Standard,One Year,Android,Average,No,2,1
2292,56,Female,Biratnagar,80,51218,4861.48,105.63,1620,1475,2,2,1.31,Basic,Monthly,Android,Good,No,0,1
2293,48,Female,Chitwan,7,195544,1761.6,59.12,1000,898,0,8,2.38,Standard,Monthly,Android,Average,Yes,3,1
2294,64,Female,Bhaktapur,16,111916,3684.73,119.37,400,100,12,6,2.2,Basic,One Year,iPhone,Poor,No,3,1
2295,60,Male,Kathmandu,99,143182,3957.29,6.47,1580,106,1,8,3.7,Premium,Monthly,iPhone,Good,Yes,3,0
2296,67,Male,Bhaktapur,16,40566,653.69,13.88,413,856,3,1,3.21,Standard,One Year,iPhone,Good,No,3,0
2297,40,Male,Kathmandu,40,207197,626.05,147.04,1093,936,12,5,1.55,Standard,One Year,Feature Phone,Good,No,3,1
2298,61,Female,Pokhara,12,53205,4401.6,65.06,415,290,10,4,4.63,Basic,Monthly,Android,Average,Yes,5,0
2299,55,Male,Kathmandu,35,129084,5720.26,70.05,1796,1372,1,1,3.37,Basic,Monthly,Android,Average,No,1,0
2300,37,Female,Pokhara,113,49717,7566.07,42.47,2099,616,3,3,2.83,Premium,Monthly,Feature Phone,Average,Yes,1,0
2301,40,Female,Pokhara,21,201056,1843.39,89.68,564,587,3,3,4.75,Standard,One Year,Android,Excellent,Yes,4,0
2302,62,Male,Kathmandu,50,127292,1274.44,11.35,1104,1250,3,7,1.39,Premium,One Year,Android,Average,No,3,1
2303,69,Male,Biratnagar,43,176207,890.66,60.77,572,595,0,6,4.16,Standard,One Year,Android,Average,No,0,0
2304,33,Female,Lalitpur,100,179236,3770.31,105.9,1484,976,8,4,2.46,Premium,Two Year,Android,Good,Yes,0,1
2305,67,Female,Kathmandu,112,225561,5173.61,93.66,1173,1073,9,8,3.78,Premium,One Year,Android,Average,No,2,1
2306,59,Male,Chitwan,17,58562,6804.15,199.93,1397,867,10,0,4.72,Basic,One Year,Feature Phone,Average,No,3,0
2307,25,Male,Biratnagar,32,220182,5619.84,78.36,2265,969,6,3,3.07,Premium,Monthly,Android,Good,Yes,0,0
2308,67,Male,Biratnagar,41,40169,2062.71,78.01,1706,721,1,4,1.09,Basic,Monthly,Android,Good,No,5,1
2309,38,Female,Chitwan,6,210930,3963.28,101.21,1759,157,2,7,1.12,Standard,Monthly,Android,Excellent,No,4,1
2310,18,Female,Lalitpur,88,41604,7327.6,38.87,713,327,12,2,2.32,Standard,One Year,iPhone,Excellent,No,0,1
2311,25,Female,Biratnagar,27,109670,2950.56,175.38,2214,1100,7,4,4.13,Standard,Monthly,Android,Excellent,Yes,5,0
2312,46,Female,Pokhara,20,134605,4240.48,114.88,1759,734,6,2,2.15,Basic,One Year,iPhone,Average,No,5,1
2313,49,Female,Dharan,25,108738,7689.24,39.23,517,632,3,6,2.34,Standard,One Year,Android,Poor,No,4,1
2314,55,Male,Lalitpur,66,151756,6010.31,158.89,2115,1477,3,9,4.14,Premium,Monthly,Android,Average,No,3,1
2315,22,Male,Butwal,9,148140,6108.05,7.83,1215,1333,8,2,1.46,Premium,One Year,iPhone,Good,Yes,2,1
2316,64,Female,Chitwan,92,122537,2392.51,196.53,632,326,14,6,4.39,Standard,Monthly,Android,Good,Yes,2,1
2317,39,Female,Lalitpur,53,131301,3610.24,173.16,1358,507,4,1,2.06,Basic,Monthly,Android,Good,Yes,1,1
2318,64,Male,Kathmandu,61,28007,1117.57,116.35,395,869,13,6,1.2,Premium,One Year,iPhone,Average,Yes,3,1
2319,51,Male,Dharan,38,134915,5048.94,23.15,825,1130,12,8,1.47,Premium,One Year,Android,Average,Yes,0,1
2320,18,Male,Lalitpur,3,137419,1277.98,43.84,940,240,10,4,4.81,Standard,Monthly,Feature Phone,Good,No,2,1
2321,43,Male,Pokhara,84,61787,6769.32,56.61,894,434,4,5,2.81,Basic,Monthly,Android,Poor,Yes,5,1
2322,60,Female,Dharan,70,69582,6609.15,48.97,1463,1051,14,9,2.03,Premium,Monthly,iPhone,Good,No,4,1
2323,27,Male,Kathmandu,103,225863,4502.04,100.01,1439,703,6,2,3.09,Premium,Monthly,iPhone,Excellent,Yes,5,0
2324,47,Female,Bhaktapur,97,248870,1558.75,188.97,1565,1272,0,9,3.73,Basic,Two Year,Android,Average,No,4,0
2325,67,Male,Chitwan,55,103629,691.84,89.39,1230,1387,2,4,2.28,Premium,Monthly,Android,Good,Yes,0,0
2326,35,Male,Dharan,1,25782,6475.32,132.65,1025,1495,1,4,3.9,Standard,Two Year,Android,Good,No,0,1
2327,34,Male,Chitwan,101,86770,5001.05,138.03,2100,588,10,2,2.01,Premium,Two Year,Feature Phone,Average,No,3,1
2328,43,Female,Lalitpur,70,77645,5831.97,174.44,2136,412,9,7,1.45,Standard,Monthly,iPhone,Poor,No,0,1
2329,25,Female,Biratnagar,45,123509,2778.55,7.73,611,568,5,5,3.2,Standard,Monthly,Android,Average,Yes,0,1
2330,64,Male,Kathmandu,98,183068,4321.12,81.46,1234,1188,10,2,1.6,Basic,One Year,Android,Good,Yes,0,1
2331,57,Female,Bhaktapur,47,49204,6103.81,157.16,2168,988,11,0,4.76,Premium,Monthly,Android,Poor,No,2,0
2332,66,Female,Kathmandu,79,37152,3969.22,163.16,1528,1071,5,9,1.0,Standard,One Year,iPhone,Excellent,Yes,3,1
2333,29,Male,Chitwan,109,206258,5010.38,185.54,1328,483,9,0,4.02,Premium,Monthly,Feature Phone,Excellent,Yes,0,0
2334,44,Male,Kathmandu,26,110555,6422.96,140.86,933,1181,0,9,2.12,Basic,Monthly,Android,Poor,Yes,0,1
2335,25,Female,Bhaktapur,14,236096,2114.15,49.79,409,667,13,1,4.38,Premium,Monthly,iPhone,Average,No,5,1
2336,42,Female,Biratnagar,54,39689,994.47,101.63,179,150,13,9,1.24,Standard,Monthly,Android,Good,No,5,1
2337,63,Female,Lalitpur,71,201762,4488.68,7.44,911,224,5,4,4.81,Basic,One Year,iPhone,Excellent,Yes,4,0
2338,21,Male,Pokhara,46,245114,965.94,129.74,1090,1283,9,6,1.41,Basic,Two Year,Android,Average,Yes,2,1
2339,50,Male,Kathmandu,31,103251,6249.18,111.3,1489,1410,1,0,4.15,Basic,Monthly,iPhone,Good,Yes,0,0
2340,18,Female,Dharan,88,208392,5894.09,133.7,715,255,10,0,3.07,Premium,Monthly,Feature Phone,Excellent,Yes,2,0
2341,36,Male,Pokhara,59,215298,7112.85,186.1,777,60,3,3,2.72,Standard,Monthly,iPhone,Average,No,3,0
2342,48,Male,Chitwan,95,207163,5296.72,137.77,2222,395,5,9,2.12,Basic,Monthly,Feature Phone,Poor,No,3,1
2343,33,Female,Lalitpur,29,126565,1003.98,64.77,358,1420,2,5,4.37,Basic,One Year,Android,Excellent,Yes,5,0
2344,31,Female,Butwal,106,230373,2398.64,40.55,1996,1185,2,8,1.8,Standard,One Year,Feature Phone,Average,No,1,1
2345,65,Male,Lalitpur,96,173014,6559.49,171.07,814,379,11,0,3.88,Basic,Monthly,Feature Phone,Poor,No,4,1
2346,22,Male,Kathmandu,17,58712,1753.49,39.67,1742,1466,2,9,2.78,Standard,One Year,Android,Good,No,1,0
2347,58,Female,Dharan,14,216349,5738.6,33.16,1617,348,3,4,4.99,Standard,One Year,Android,Average,Yes,2,0
2348,43,Male,Biratnagar,104,69632,6351.94,42.12,918,30,8,8,3.45,Standard,Monthly,Feature Phone,Excellent,No,4,1
2349,45,Male,Lalitpur,36,189103,2975.84,102.26,1187,70,3,7,1.42,Standard,One Year,Android,Average,Yes,5,1
2350,19,Female,Kathmandu,58,40478,2917.23,25.71,122,396,12,6,2.68,Basic,Monthly,Android,Excellent,No,0,1
2351,67,Female,Kathmandu,112,42551,4683.52,187.69,112,1461,3,9,1.27,Basic,One Year,iPhone,Average,Yes,5,1
2352,23,Male,Pokhara,24,68068,6959.65,193.28,994,1,3,1,2.14,Premium,Monthly,Android,Average,No,5,0
2353,26,Male,Lalitpur,109,113608,2179.3,194.79,1467,928,6,8,2.37,Premium,Monthly,iPhone,Good,No,4,1
2354,50,Male,Kathmandu,63,55561,7559.44,8.79,138,561,4,7,4.41,Standard,One Year,Android,Excellent,Yes,4,0
2355,58,Female,Pokhara,118,153964,4993.39,189.29,2052,1158,11,9,4.35,Basic,One Year,Android,Average,Yes,3,1
2356,42,Male,Dharan,91,44395,7940.95,199.49,2096,145,1,9,1.05,Standard,One Year,iPhone,Good,No,1,1
2357,65,Male,Bhaktapur,25,38756,1172.1,188.54,1554,178,6,8,3.13,Premium,Monthly,Android,Poor,No,3,1
2358,30,Female,Dharan,59,238782,1449.22,134.52,1409,263,2,8,1.89,Standard,One Year,Feature Phone,Excellent,No,3,0
2359,26,Female,Butwal,32,185723,6699.81,140.54,494,1334,10,8,2.28,Premium,Monthly,iPhone,Excellent,Yes,1,1
2360,30,Male,Pokhara,116,86333,6985.67,25.33,454,203,0,2,1.09,Basic,One Year,Android,Good,Yes,3,0
2361,48,Female,Pokhara,82,224817,3840.94,174.99,1277,698,8,6,4.0,Standard,One Year,iPhone,Good,No,4,0
2362,58,Female,Kathmandu,110,200378,5855.53,12.87,74,1053,4,0,4.8,Standard,Monthly,iPhone,Poor,No,2,0
2363,28,Male,Chitwan,18,172418,7006.68,64.23,950,58,9,8,1.88,Standard,Monthly,Feature Phone,Poor,Yes,0,1
2364,21,Female,Chitwan,37,133561,823.46,198.24,1335,1032,0,8,2.37,Standard,Two Year,iPhone,Average,No,0,1
2365,51,Female,Biratnagar,26,48024,4804.63,85.04,331,987,10,2,1.83,Standard,One Year,Android,Average,Yes,3,1
2366,55,Male,Chitwan,9,246022,6901.1,27.1,1591,1347,0,4,4.72,Premium,Two Year,Android,Good,No,1,1
2367,63,Female,Pokhara,99,191890,3486.16,193.89,976,166,0,7,1.04,Premium,Monthly,Feature Phone,Good,No,4,1
2368,21,Male,Biratnagar,64,25947,2767.88,196.84,2385,1360,11,5,3.34,Basic,One Year,iPhone,Poor,No,3,1
2369,55,Male,Dharan,72,226225,6467.8,38.22,1920,906,8,9,4.48,Standard,One Year,Android,Excellent,Yes,4,1
2370,36,Female,Kathmandu,20,237312,3018.4,173.1,776,1402,12,9,1.75,Premium,One Year,iPhone,Excellent,Yes,4,1
2371,23,Female,Dharan,54,147192,523.81,78.69,1452,897,7,8,3.36,Basic,One Year,Android,Good,No,5,0
2372,51,Female,Lalitpur,106,114238,7696.79,76.89,1283,790,10,2,1.2,Standard,Monthly,Android,Good,No,0,1
2373,35,Male,Butwal,86,87428,4940.92,53.28,1875,241,12,6,4.26,Basic,One Year,iPhone,Poor,Yes,2,1
2374,30,Female,Butwal,83,180826,6646.38,9.9,1113,907,14,5,2.1,Basic,One Year,Android,Average,Yes,2,1
2375,58,Male,Pokhara,30,83355,6689.76,54.33,763,1183,12,4,4.96,Premium,Monthly,iPhone,Average,Yes,1,1
2376,40,Female,Pokhara,53,209313,998.08,11.7,2343,776,5,3,4.69,Standard,Monthly,Android,Excellent,No,2,0
2377,36,Female,Biratnagar,92,220032,1781.45,184.95,252,1258,9,4,3.93,Standard,One Year,Android,Good,Yes,3,0
2378,62,Female,Kathmandu,99,149958,2833.41,132.68,2121,1476,14,3,2.99,Basic,Monthly,Android,Good,Yes,0,1
2379,28,Male,Bhaktapur,107,164490,2905.24,177.44,276,198,14,2,4.07,Basic,Monthly,Android,Average,No,0,0
2380,18,Female,Pokhara,63,246494,5440.9,143.74,2048,1056,5,6,1.52,Premium,One Year,Android,Good,No,4,1
2381,41,Female,Bhaktapur,11,239665,5173.5,27.13,2157,407,5,5,2.24,Standard,Monthly,Feature Phone,Average,No,3,1
2382,24,Male,Dharan,31,206256,4209.42,188.18,1781,1112,3,3,1.11,Basic,Monthly,Android,Excellent,Yes,3,1
2383,42,Male,Bhaktapur,49,155905,2084.48,180.08,1949,220,4,8,3.58,Premium,One Year,iPhone,Average,No,4,0
2384,38,Female,Chitwan,112,226502,3364.88,70.27,1478,1092,9,0,4.22,Standard,Monthly,Android,Good,Yes,5,0
2385,32,Female,Kathmandu,103,192905,4576.95,23.2,1668,1317,2,0,4.79,Standard,One Year,Feature Phone,Poor,Yes,5,0
2386,18,Female,Butwal,100,151637,4009.89,141.13,427,1260,2,8,3.75,Standard,Monthly,Android,Good,No,4,0
2387,29,Male,Butwal,94,191252,1454.69,145.94,1712,1183,9,6,3.93,Basic,Two Year,Android,Good,No,0,0
2388,24,Male,Bhaktapur,87,38402,5371.33,179.47,1997,839,6,1,4.58,Standard,Monthly,iPhone,Good,No,3,0
2389,32,Male,Butwal,19,193917,1047.89,11.48,2433,787,4,9,4.75,Standard,Monthly,iPhone,Average,No,2,1
2390,38,Male,Dharan,12,95851,3336.46,29.2,2418,1313,7,4,2.97,Basic,One Year,Android,Good,No,2,0
2391,36,Female,Kathmandu,15,32834,5825.22,120.05,1342,553,4,3,1.44,Standard,Monthly,Android,Good,Yes,0,1
2392,46,Male,Chitwan,31,87850,650.18,124.21,1949,577,11,0,2.87,Standard,One Year,Android,Excellent,No,2,1
2393,42,Male,Kathmandu,43,57180,4774.87,7.69,1202,532,3,8,3.22,Standard,One Year,Android,Poor,Yes,2,1
2394,50,Male,Pokhara,101,154955,3008.91,79.99,861,334,13,5,3.53,Basic,One Year,Android,Excellent,No,3,0
2395,66,Female,Bhaktapur,37,129688,566.24,117.25,1003,1020,2,5,4.96,Premium,Monthly,Android,Good,No,3,0
2396,49,Female,Kathmandu,79,226659,1927.87,147.84,1780,245,11,3,4.67,Premium,Two Year,iPhone,Average,No,1,0
2397,66,Male,Dharan,29,126520,7557.1,63.91,1398,1346,1,1,2.59,Basic,Monthly,Feature Phone,Good,Yes,3,0
2398,52,Male,Butwal,114,31695,4408.62,97.3,640,610,2,7,1.45,Premium,Monthly,Android,Good,Yes,1,1
2399,61,Female,Lalitpur,107,147135,7979.2,163.0,949,328,6,7,1.86,Standard,Monthly,iPhone,Average,No,5,1
2400,55,Female,Kathmandu,26,174195,4436.13,190.83,2468,546,7,2,1.7,Standard,One Year,Android,Good,No,3,1
2401,43,Female,Bhaktapur,108,78481,4579.52,46.83,1750,338,14,6,2.42,Premium,Two Year,Android,Good,Yes,4,1
2402,28,Female,Chitwan,2,93438,3438.82,51.36,994,1194,4,6,4.51,Basic,Monthly,iPhone,Good,Yes,3,1
2403,52,Female,Butwal,84,131491,2825.3,188.02,411,1133,10,4,2.75,Basic,Two Year,iPhone,Good,Yes,1,0
2404,25,Female,Chitwan,15,168645,2386.59,79.79,371,993,0,4,3.27,Basic,One Year,Feature Phone,Good,Yes,2,0
2405,63,Female,Bhaktapur,116,141844,3075.65,143.95,1709,806,2,7,1.72,Standard,Monthly,iPhone,Average,Yes,3,0
2406,31,Female,Butwal,4,114910,3948.88,122.84,595,1033,3,3,2.97,Basic,One Year,Android,Poor,Yes,2,1
2407,27,Male,Pokhara,86,76494,1939.94,57.83,1713,1225,9,0,4.49,Standard,Monthly,Android,Good,Yes,2,0
2408,19,Male,Butwal,50,163360,2186.56,131.06,1331,1280,12,0,4.09,Basic,Two Year,iPhone,Average,No,3,0
2409,63,Male,Pokhara,38,66978,2536.59,131.46,542,1285,12,8,1.32,Standard,One Year,Android,Poor,No,3,1
2410,26,Male,Chitwan,23,223492,3869.45,118.9,745,692,11,3,4.45,Basic,Monthly,Android,Average,Yes,4,1
2411,20,Male,Chitwan,59,137845,5396.1,20.83,181,429,3,0,2.1,Standard,Two Year,Android,Poor,No,5,1
2412,38,Male,Bhaktapur,90,150621,6921.1,199.04,1957,1089,11,1,3.66,Basic,Monthly,Feature Phone,Good,Yes,1,1
2413,43,Female,Pokhara,115,227167,2653.49,80.68,678,805,0,9,1.59,Standard,Two Year,iPhone,Good,No,3,1
2414,25,Female,Chitwan,75,74672,1877.96,128.01,1592,611,9,6,3.7,Premium,Monthly,Android,Good,No,2,0
2415,65,Male,Pokhara,28,81821,3341.36,177.27,2149,34,8,1,1.14,Basic,One Year,Feature Phone,Average,Yes,2,1
2416,19,Male,Chitwan,120,103661,7207.87,85.23,543,556,11,0,3.4,Premium,One Year,iPhone,Average,Yes,3,0
2417,23,Female,Butwal,66,89224,573.96,155.01,23,490,9,9,3.58,Premium,One Year,Android,Good,No,1,1
2418,45,Female,Kathmandu,8,109405,5584.01,194.39,1598,253,14,8,1.98,Premium,Monthly,Android,Excellent,Yes,5,1
2419,46,Female,Dharan,29,74796,4078.7,72.43,1094,16,14,4,4.75,Standard,Two Year,iPhone,Excellent,Yes,2,0
2420,43,Male,Lalitpur,11,195778,1707.85,81.65,1304,260,3,3,1.18,Basic,Monthly,Android,Good,No,5,1
2421,42,Female,Dharan,101,148554,2907.66,181.21,1642,1279,1,3,4.57,Basic,Monthly,iPhone,Good,Yes,5,0
2422,29,Male,Butwal,18,143777,2187.13,32.77,897,727,12,0,2.53,Standard,Monthly,Feature Phone,Good,No,4,1
2423,22,Male,Biratnagar,55,24023,7083.74,6.69,1111,1447,8,2,3.86,Standard,One Year,Android,Good,No,2,0
2424,51,Female,Dharan,50,233708,4114.05,181.87,1186,500,13,0,3.61,Standard,Monthly,iPhone,Good,No,1,0
2425,65,Female,Kathmandu,14,187807,4723.21,164.5,1597,1015,3,4,1.67,Standard,One Year,Android,Average,No,0,1
2426,54,Male,Biratnagar,118,92959,4952.66,194.54,1694,285,3,4,2.28,Basic,Two Year,Android,Average,No,4,1
2427,32,Female,Chitwan,74,59218,5297.13,12.59,1628,6,10,8,3.12,Basic,Two Year,iPhone,Good,Yes,4,0
2428,61,Female,Lalitpur,99,163285,4216.67,32.08,1237,1222,5,7,4.39,Premium,Monthly,iPhone,Excellent,No,0,1
2429,53,Male,Lalitpur,9,249766,634.05,21.96,1710,658,7,4,4.82,Premium,One Year,iPhone,Average,No,4,1
2430,32,Female,Chitwan,99,48460,3010.42,137.0,333,936,4,4,1.08,Standard,Monthly,Android,Good,No,4,1
2431,60,Male,Chitwan,11,144579,1879.05,121.6,749,1441,11,6,2.41,Basic,Two Year,iPhone,Good,No,4,1
2432,65,Male,Pokhara,63,84680,5601.07,72.51,403,51,7,1,3.67,Premium,Two Year,Android,Average,No,2,0
2433,40,Female,Chitwan,108,51017,925.28,12.43,1808,242,0,6,3.11,Basic,Two Year,Android,Good,No,2,0
2434,23,Male,Bhaktapur,76,249608,4728.53,128.29,1832,1242,12,0,4.77,Standard,One Year,Android,Excellent,Yes,3,0
2435,63,Male,Dharan,67,112038,2079.74,114.45,2344,517,3,4,1.07,Basic,Monthly,iPhone,Average,Yes,3,1
2436,67,Female,Chitwan,53,182062,7616.34,23.47,1115,969,0,5,2.75,Standard,Monthly,Android,Good,No,2,1
2437,61,Female,Bhaktapur,39,39515,3016.56,181.87,1172,108,2,9,3.68,Premium,Monthly,Android,Average,Yes,4,1
2438,60,Female,Chitwan,78,181063,2939.16,40.59,1568,1374,10,0,1.87,Premium,Monthly,Android,Excellent,Yes,1,1
2439,62,Male,Pokhara,56,158706,7425.39,148.96,1884,920,6,8,3.9,Standard,Two Year,iPhone,Good,No,0,0
2440,38,Male,Bhaktapur,28,228106,3630.11,177.13,770,65,0,8,1.32,Premium,Monthly,Android,Good,No,3,1
2441,40,Female,Dharan,75,227524,7721.47,116.32,1002,1033,4,0,2.8,Standard,Two Year,iPhone,Excellent,No,4,0
2442,60,Male,Kathmandu,39,180449,681.28,50.12,247,201,0,3,3.7,Standard,Two Year,Android,Average,Yes,3,0
2443,33,Female,Bhaktapur,25,53001,2797.58,62.54,2063,900,5,7,2.07,Standard,Two Year,iPhone,Average,Yes,5,1
2444,64,Female,Butwal,21,21391,5496.45,177.26,1997,213,8,1,1.3,Basic,One Year,iPhone,Good,Yes,1,1
2445,32,Male,Pokhara,10,216278,7181.43,60.35,2084,67,2,7,4.83,Premium,Monthly,Android,Good,No,5,1
2446,42,Female,Biratnagar,43,129388,2423.04,149.49,1628,758,10,9,4.66,Premium,Monthly,Android,Good,No,4,1
2447,53,Male,Dharan,15,62215,7478.58,198.04,31,865,10,8,4.71,Basic,One Year,Android,Poor,No,2,1
2448,28,Male,Bhaktapur,83,99720,4955.91,199.96,1542,326,13,8,4.91,Basic,Monthly,iPhone,Good,Yes,1,1
2449,68,Female,Butwal,48,47114,6507.56,107.16,711,1073,11,0,1.74,Basic,Monthly,Android,Good,Yes,3,1
2450,32,Male,Butwal,86,162954,3479.05,165.48,1759,1040,14,8,1.63,Premium,One Year,Android,Poor,No,4,1
2451,21,Female,Dharan,21,133142,2091.35,198.06,1545,522,5,3,1.14,Basic,Two Year,Android,Good,Yes,5,1
2452,38,Male,Dharan,60,168345,7334.27,75.56,89,1329,3,7,4.57,Basic,Two Year,Android,Average,No,4,0
2453,30,Male,Butwal,116,126206,7498.52,51.23,2175,1415,5,8,4.01,Basic,Monthly,iPhone,Excellent,Yes,0,1
2454,39,Male,Chitwan,108,65647,4231.81,23.73,2268,987,1,2,3.53,Basic,Two Year,Android,Poor,Yes,0,0
2455,36,Female,Butwal,96,233737,548.71,29.04,1592,1147,3,5,4.71,Standard,One Year,iPhone,Average,Yes,5,0
2456,51,Male,Chitwan,50,215964,1323.37,170.86,648,1003,12,2,3.3,Premium,One Year,Feature Phone,Average,No,0,1
2457,31,Female,Biratnagar,23,62679,4797.71,118.16,1307,503,12,0,1.52,Basic,Monthly,Android,Poor,Yes,2,1
2458,21,Male,Pokhara,13,20427,678.33,174.87,925,1248,6,9,1.71,Basic,One Year,iPhone,Good,No,4,1
2459,65,Male,Lalitpur,69,248024,3476.84,158.1,2370,755,10,5,1.53,Premium,One Year,Android,Excellent,No,4,1
2460,69,Female,Chitwan,4,149669,2775.27,135.08,595,1341,5,4,2.23,Premium,One Year,iPhone,Good,No,3,1
2461,63,Female,Butwal,92,86267,5857.61,122.25,2192,472,8,2,2.52,Basic,Monthly,Android,Average,No,2,0
2462,44,Female,Butwal,78,20799,916.84,10.62,2040,857,10,3,4.19,Basic,Two Year,Feature Phone,Average,No,0,0
2463,46,Female,Kathmandu,72,75659,4165.48,174.58,878,540,6,1,1.77,Premium,Two Year,Android,Average,No,4,0
2464,64,Female,Butwal,9,245481,4843.36,84.15,764,1381,0,9,3.9,Standard,Two Year,iPhone,Good,Yes,0,1
2465,45,Male,Pokhara,115,27025,5129.68,112.4,2199,868,5,9,2.96,Premium,Monthly,iPhone,Good,No,1,0
2466,52,Male,Bhaktapur,35,34481,3538.68,5.37,134,877,10,3,5.0,Basic,Monthly,Android,Good,Yes,2,0
2467,25,Female,Bhaktapur,101,45411,2782.76,187.28,500,939,2,3,4.11,Standard,Monthly,Android,Average,Yes,0,0
2468,33,Male,Butwal,21,247966,5618.7,180.65,1000,876,7,2,4.88,Standard,One Year,iPhone,Good,No,2,0
2469,59,Male,Kathmandu,58,125928,6856.77,109.11,1044,1452,12,5,2.37,Premium,Two Year,Android,Good,No,5,1
2470,53,Male,Chitwan,18,143014,5702.13,115.89,2398,796,0,0,1.49,Premium,Monthly,Feature Phone,Poor,No,4,1
2471,47,Female,Pokhara,97,166033,7490.77,141.3,1620,471,9,8,3.02,Basic,Two Year,Feature Phone,Excellent,No,1,1
2472,35,Male,Kathmandu,72,172839,5879.48,53.67,961,837,1,9,1.5,Standard,One Year,iPhone,Average,No,3,1
2473,19,Male,Chitwan,115,71690,6234.64,45.16,974,1323,2,2,2.97,Basic,Monthly,Android,Good,No,1,0
2474,66,Male,Pokhara,113,72870,1759.27,135.13,1680,83,13,2,2.08,Premium,Monthly,Android,Excellent,No,2,1
2475,30,Female,Butwal,81,187207,3646.55,21.78,787,376,2,2,2.96,Premium,Monthly,Feature Phone,Average,No,1,0
2476,21,Male,Bhaktapur,43,215586,4137.91,91.36,2458,1336,6,6,4.8,Premium,One Year,Android,Poor,Yes,4,0
2477,43,Male,Pokhara,95,106928,2422.2,99.06,853,1343,12,7,2.16,Basic,Monthly,Android,Good,Yes,2,1
2478,42,Female,Butwal,98,229870,4464.05,76.89,2210,203,7,1,4.97,Basic,One Year,Android,Average,No,2,0
2479,47,Female,Biratnagar,6,90765,2680.94,37.87,2395,1378,14,0,1.92,Basic,One Year,Feature Phone,Good,No,4,1
2480,28,Male,Lalitpur,86,43772,5656.27,71.71,1801,1008,8,4,1.83,Basic,Monthly,Android,Excellent,No,5,1
2481,24,Male,Pokhara,78,150417,4027.16,68.17,647,1317,6,7,3.18,Standard,Monthly,Feature Phone,Good,No,0,1
2482,48,Female,Lalitpur,67,38799,3941.05,100.35,396,503,7,2,4.37,Premium,One Year,Android,Good,No,3,0
2483,61,Female,Pokhara,12,132051,7877.32,135.26,109,1168,10,5,4.0,Standard,Monthly,Android,Good,No,5,1
2484,27,Female,Lalitpur,100,149941,3443.34,193.68,1040,538,14,2,3.89,Standard,Two Year,iPhone,Excellent,Yes,5,0
2485,56,Female,Biratnagar,12,43555,3217.22,29.69,1085,16,5,5,2.13,Premium,One Year,Android,Good,Yes,1,1
2486,30,Female,Bhaktapur,109,112152,2889.53,174.73,1990,574,1,3,1.09,Premium,Monthly,Android,Excellent,Yes,5,0
2487,48,Female,Dharan,66,147219,7210.62,57.55,1078,575,0,6,1.65,Standard,One Year,iPhone,Good,No,3,1
2488,24,Female,Chitwan,2,170405,4225.43,118.68,1537,1014,2,9,2.4,Basic,One Year,Android,Poor,No,3,1
2489,66,Male,Lalitpur,15,155333,5000.11,109.8,143,1062,8,0,4.89,Basic,Monthly,Android,Average,Yes,5,1
2490,59,Female,Biratnagar,23,139833,1856.14,111.83,2124,129,12,0,4.68,Standard,Monthly,Android,Excellent,No,4,0
2491,59,Female,Lalitpur,29,89002,4557.07,144.95,1499,114,6,4,1.8,Premium,One Year,iPhone,Average,No,0,1
2492,53,Male,Bhaktapur,81,66553,2559.86,76.96,2302,1473,1,8,3.9,Standard,Monthly,iPhone,Good,Yes,3,0
2493,37,Female,Lalitpur,96,23088,5979.78,64.5,2459,949,13,4,3.32,Standard,Monthly,Android,Good,No,2,0
2494,21,Female,Biratnagar,7,65783,6743.96,170.71,1535,1068,0,3,1.2,Premium,One Year,Android,Excellent,No,5,1
2495,24,Male,Butwal,94,21115,5861.08,44.8,1874,215,1,7,2.49,Premium,One Year,Android,Good,No,0,0
2496,18,Female,Biratnagar,28,221186,5976.83,36.87,1386,847,14,4,2.94,Premium,Two Year,Android,Good,No,4,1
2497,61,Male,Dharan,14,219198,4343.56,4.11,71,1438,2,0,3.67,Premium,Monthly,Android,Excellent,No,5,0
2498,62,Male,Dharan,44,92908,5840.89,42.9,1593,688,13,6,2.18,Basic,Monthly,Android,Excellent,No,3,1
2499,59,Male,Dharan,30,89109,3670.15,104.19,1521,1002,5,3,4.74,Basic,One Year,iPhone,Average,No,5,0
2500,64,Male,Kathmandu,81,22978,5386.17,108.16,2072,264,11,9,2.81,Standard,One Year,Feature Phone,Excellent,Yes,4,1
2501,30,Female,Bhaktapur,32,128943,2442.79,51.63,651,1463,8,4,1.99,Standard,One Year,iPhone,Poor,Yes,1,1
2502,39,Male,Butwal,110,29422,1023.18,15.38,1881,616,7,5,2.27,Standard,Monthly,Android,Good,Yes,4,1
2503,38,Male,Kathmandu,70,194698,3601.05,149.18,1252,1404,9,6,4.01,Basic,Monthly,Android,Average,No,2,1
2504,39,Female,Bhaktapur,115,109233,3963.34,151.84,2284,300,8,1,3.56,Premium,One Year,iPhone,Good,Yes,4,0
2505,45,Male,Butwal,88,76174,2423.05,199.57,2067,984,10,0,3.97,Basic,One Year,Android,Excellent,No,0,0
2506,26,Male,Lalitpur,6,247428,5957.82,180.11,555,1194,10,2,2.17,Premium,Monthly,Feature Phone,Good,No,1,1
2507,43,Male,Butwal,27,57743,1051.63,185.29,749,405,7,9,2.31,Standard,Monthly,Feature Phone,Good,No,5,1
2508,26,Male,Biratnagar,82,221533,2170.61,159.84,1295,1378,6,0,2.59,Basic,Two Year,Android,Average,No,5,0
2509,32,Female,Kathmandu,88,208271,6114.24,123.49,2070,160,5,3,1.75,Basic,Two Year,Android,Excellent,Yes,2,1
2510,27,Male,Lalitpur,101,150288,3778.43,26.58,1045,25,7,5,3.76,Basic,Monthly,Android,Average,No,1,1
2511,41,Female,Biratnagar,120,149000,5789.63,124.84,2217,82,5,4,2.32,Basic,Monthly,Android,Average,Yes,2,1
2512,59,Female,Bhaktapur,24,142778,4756.14,12.14,2071,172,1,3,2.3,Standard,Monthly,iPhone,Good,Yes,5,0
2513,25,Male,Butwal,102,49430,7630.35,177.17,1540,998,12,6,2.08,Basic,Monthly,Feature Phone,Good,No,1,1
2514,41,Male,Biratnagar,34,48834,4983.47,96.88,1914,793,8,5,2.81,Premium,Monthly,Feature Phone,Good,No,3,1
2515,33,Male,Lalitpur,40,44435,611.52,139.8,487,1093,8,2,4.09,Basic,Monthly,Android,Average,Yes,4,0
2516,66,Male,Kathmandu,47,107212,3146.58,11.4,2137,834,2,8,4.34,Basic,One Year,Feature Phone,Average,Yes,0,0
2517,43,Female,Kathmandu,79,75797,1572.96,107.32,220,5,8,4,4.22,Premium,One Year,iPhone,Excellent,No,0,0
2518,44,Female,Dharan,75,194626,7434.75,60.95,327,795,1,9,3.48,Standard,Two Year,Feature Phone,Excellent,Yes,3,0
2519,54,Female,Butwal,86,74555,1280.09,57.71,2065,1218,11,0,2.12,Standard,One Year,Feature Phone,Excellent,Yes,1,0
2520,21,Male,Biratnagar,118,105350,3407.8,78.54,941,524,13,5,3.94,Basic,Monthly,Android,Good,No,4,0
2521,67,Female,Dharan,24,34716,2195.74,1.13,2359,62,2,4,1.16,Basic,Monthly,Android,Average,No,3,1
2522,41,Male,Lalitpur,65,80261,6850.41,93.87,902,1036,13,9,4.19,Standard,Two Year,Android,Good,No,1,0
2523,36,Male,Dharan,18,178600,2814.25,97.83,605,760,5,7,4.12,Standard,Two Year,Android,Good,No,4,0
2524,53,Male,Pokhara,44,21995,7939.2,172.76,1740,204,13,3,3.68,Basic,Monthly,iPhone,Average,Yes,1,1
2525,56,Male,Bhaktapur,76,42414,789.62,90.26,528,896,3,0,1.39,Standard,Monthly,Android,Poor,No,0,1
2526,27,Male,Dharan,57,164916,1462.08,73.35,24,39,7,1,4.99,Premium,Two Year,Android,Good,No,4,0
2527,42,Female,Bhaktapur,107,187731,2184.79,198.95,2360,1188,0,7,4.03,Basic,Monthly,Android,Good,No,0,0
2528,35,Female,Lalitpur,28,35522,6583.3,114.67,379,1054,12,9,3.94,Premium,Monthly,Feature Phone,Poor,No,0,1
2529,36,Male,Pokhara,104,149632,7088.88,95.05,233,876,5,7,1.26,Basic,Two Year,Android,Average,No,4,1
2530,53,Female,Kathmandu,71,94034,1035.89,99.69,1479,824,1,4,2.59,Premium,Two Year,Android,Excellent,Yes,3,0
2531,27,Male,Butwal,23,62322,743.45,162.03,582,908,5,5,1.34,Premium,One Year,Android,Average,No,1,1
2532,50,Male,Chitwan,85,87638,6084.18,68.79,64,397,13,1,2.44,Basic,Monthly,Android,Good,No,4,1
2533,67,Male,Chitwan,34,121334,1500.14,78.44,653,1482,0,8,3.28,Premium,One Year,iPhone,Good,No,5,0
2534,22,Female,Butwal,11,159596,1497.49,151.42,1455,1246,14,5,4.52,Standard,One Year,Android,Excellent,Yes,0,1
2535,64,Male,Lalitpur,86,50846,667.75,15.52,1230,633,1,8,2.13,Basic,One Year,Android,Good,Yes,1,1
2536,66,Male,Pokhara,106,93643,873.56,173.17,1769,1101,8,9,3.49,Standard,Monthly,iPhone,Average,Yes,4,1
2537,52,Female,Pokhara,35,211168,2477.57,86.61,613,838,5,2,1.66,Premium,Two Year,Android,Average,Yes,3,1
2538,61,Female,Bhaktapur,116,134930,987.54,116.68,1444,599,7,5,2.42,Premium,Monthly,Feature Phone,Good,Yes,4,1
2539,51,Female,Kathmandu,93,234876,3266.59,151.74,2313,624,6,9,4.79,Basic,Monthly,Feature Phone,Poor,Yes,4,1
2540,50,Male,Biratnagar,42,198775,6745.81,53.94,1946,937,8,4,3.99,Standard,Monthly,iPhone,Average,No,2,0
2541,38,Male,Dharan,28,44399,2947.4,178.17,876,883,8,8,3.18,Basic,One Year,Android,Average,No,5,1
2542,34,Female,Pokhara,82,226232,5958.76,195.87,1912,1451,10,9,2.01,Standard,One Year,Android,Average,No,1,1
2543,39,Male,Butwal,78,243734,1204.32,99.36,571,424,3,0,2.52,Standard,One Year,Android,Average,Yes,4,0
2544,65,Female,Biratnagar,82,239739,5445.31,187.45,62,386,6,8,1.63,Basic,Monthly,Android,Average,No,0,1
2545,54,Female,Chitwan,92,143182,2875.6,1.22,198,1262,4,4,2.41,Standard,Two Year,Android,Poor,No,0,1
2546,32,Male,Biratnagar,24,68591,6123.15,178.95,1500,1003,6,0,1.6,Premium,Monthly,Android,Excellent,No,2,1
2547,52,Male,Kathmandu,8,171786,1521.89,62.9,626,857,3,9,4.18,Standard,Monthly,Android,Excellent,Yes,0,1
2548,45,Female,Butwal,106,55877,7234.13,62.99,691,622,11,7,1.32,Premium,One Year,Android,Average,Yes,4,1
2549,24,Female,Kathmandu,118,104106,2319.33,46.39,946,89,9,6,1.76,Basic,Monthly,Feature Phone,Average,No,1,1
2550,49,Female,Biratnagar,109,98018,3148.53,64.09,36,384,10,5,3.76,Premium,One Year,iPhone,Excellent,No,2,0
2551,28,Female,Dharan,53,119854,7626.36,43.48,1155,1162,10,1,4.61,Basic,Monthly,Android,Good,Yes,5,0
2552,27,Male,Lalitpur,72,210208,4838.62,181.27,1658,996,0,4,4.86,Standard,Monthly,iPhone,Excellent,Yes,2,0
2553,26,Female,Pokhara,4,184486,3243.29,179.91,1073,646,3,2,4.34,Premium,Monthly,Feature Phone,Average,Yes,3,1
2554,31,Female,Butwal,91,140832,7622.02,21.34,1235,1267,14,1,1.85,Premium,Monthly,Android,Good,No,3,1
2555,30,Female,Lalitpur,100,106576,2968.08,29.43,2246,421,12,9,2.14,Basic,Monthly,Android,Excellent,No,1,1
2556,42,Male,Biratnagar,5,230015,1211.53,172.54,635,1205,9,0,4.48,Standard,Monthly,Android,Good,No,1,1
2557,19,Male,Pokhara,97,196540,7976.37,80.39,331,1218,14,8,4.56,Standard,One Year,iPhone,Good,No,2,1
2558,52,Female,Bhaktapur,49,249913,2508.84,34.69,2092,873,2,1,3.56,Basic,Monthly,Android,Good,No,4,0
2559,24,Male,Lalitpur,98,230774,6884.43,102.62,2438,52,8,0,2.25,Standard,One Year,iPhone,Excellent,Yes,4,1
2560,38,Male,Lalitpur,30,223180,1741.56,83.92,544,985,4,6,1.9,Standard,One Year,iPhone,Excellent,Yes,3,1
2561,35,Male,Biratnagar,72,249610,5985.15,44.61,2297,1013,3,8,4.41,Standard,Two Year,iPhone,Average,No,1,0
2562,20,Female,Chitwan,103,112508,4433.37,144.43,1493,684,7,5,1.82,Basic,Two Year,Android,Average,Yes,1,1
2563,59,Female,Biratnagar,63,66835,7856.8,126.63,2445,178,14,7,3.65,Basic,Monthly,Android,Poor,No,4,1
2564,56,Male,Lalitpur,47,214405,4646.23,20.83,907,292,4,6,4.87,Premium,Monthly,Android,Excellent,Yes,3,1
2565,58,Female,Pokhara,26,62464,687.61,185.15,1944,374,2,8,3.82,Standard,One Year,Android,Average,No,4,0
2566,66,Female,Dharan,57,132454,5029.08,112.14,2027,1082,1,6,2.03,Standard,One Year,iPhone,Poor,Yes,4,1
2567,28,Male,Chitwan,37,173995,1589.87,50.79,481,1077,14,5,2.13,Standard,Monthly,Feature Phone,Excellent,No,2,1
2568,56,Male,Biratnagar,98,136062,6489.06,42.05,2432,1268,7,0,1.37,Basic,One Year,iPhone,Good,No,1,1
2569,41,Female,Dharan,7,212927,6924.26,28.05,2171,1172,11,8,3.74,Standard,One Year,Android,Excellent,No,2,1
2570,63,Male,Butwal,40,87445,4115.7,85.5,447,795,1,9,3.07,Basic,One Year,Android,Good,Yes,2,1
2571,36,Female,Biratnagar,92,130454,6374.16,27.97,488,1391,13,4,1.83,Premium,One Year,iPhone,Average,No,4,1
2572,21,Female,Lalitpur,39,141906,1588.33,83.75,1034,15,7,1,1.91,Premium,Monthly,Feature Phone,Average,Yes,3,1
2573,43,Male,Dharan,62,118384,4190.59,30.61,1624,175,4,7,1.04,Premium,Monthly,Android,Good,Yes,4,1
2574,55,Female,Lalitpur,103,218691,3454.58,131.7,889,1429,7,3,4.91,Standard,Monthly,iPhone,Poor,Yes,5,0
2575,59,Female,Bhaktapur,92,197218,5084.88,157.26,905,1490,4,2,4.31,Standard,Monthly,Android,Good,No,3,0
2576,49,Male,Dharan,78,80032,833.58,110.36,1293,128,0,0,2.58,Premium,Two Year,Android,Good,No,1,0
2577,56,Male,Dharan,53,133521,6140.92,136.33,350,1246,11,4,4.78,Standard,Monthly,iPhone,Average,Yes,5,1
2578,62,Male,Biratnagar,114,136378,1093.47,187.74,1975,883,12,2,3.71,Standard,Monthly,iPhone,Good,Yes,5,0
2579,63,Female,Lalitpur,102,37140,5423.54,128.04,606,1267,10,3,4.01,Standard,Monthly,Android,Excellent,Yes,5,0
2580,53,Male,Butwal,4,22670,638.43,73.47,220,425,13,8,3.72,Standard,One Year,iPhone,Excellent,No,0,1
2581,57,Male,Kathmandu,106,56519,6739.16,90.45,473,353,10,6,4.03,Standard,One Year,iPhone,Good,No,1,0
2582,54,Male,Chitwan,82,64512,1810.25,172.24,845,749,1,4,1.68,Standard,One Year,Android,Average,No,4,0
2583,50,Male,Kathmandu,108,208883,4366.23,27.01,130,743,13,7,3.25,Standard,Two Year,iPhone,Excellent,No,3,0
2584,53,Female,Chitwan,112,123565,2461.2,65.82,927,1349,5,5,4.4,Premium,Monthly,Android,Good,No,5,0
2585,20,Female,Butwal,25,165763,5919.85,115.88,1792,1026,2,9,1.08,Standard,Monthly,Android,Excellent,Yes,0,1
2586,26,Male,Dharan,7,125156,2910.13,135.6,1587,478,7,1,1.49,Standard,One Year,iPhone,Good,Yes,5,1
2587,25,Female,Dharan,102,185334,5934.57,152.94,1252,975,4,6,1.98,Basic,Two Year,Android,Average,No,3,1
2588,50,Male,Biratnagar,28,205964,2636.53,64.32,2100,1104,2,0,2.18,Premium,Monthly,Android,Excellent,No,3,1
2589,23,Male,Bhaktapur,69,45595,6143.55,30.03,574,43,11,2,1.73,Basic,Monthly,Android,Good,No,0,1
2590,58,Female,Lalitpur,67,208279,729.54,191.01,1923,154,9,0,3.5,Standard,One Year,iPhone,Poor,No,0,0
2591,56,Female,Lalitpur,108,184512,2624.84,16.2,126,946,6,0,2.18,Premium,Monthly,Android,Good,No,1,1
2592,21,Male,Lalitpur,95,28630,4239.75,20.07,2293,927,13,4,1.63,Standard,Monthly,Android,Poor,No,2,1
2593,30,Male,Biratnagar,111,182322,837.95,99.49,2246,98,7,5,4.62,Basic,Two Year,iPhone,Good,No,5,0
2594,66,Female,Chitwan,106,245406,1895.26,164.03,1413,1420,3,2,3.78,Basic,Monthly,Android,Good,Yes,0,0
2595,19,Male,Dharan,20,249820,7509.03,155.13,186,170,12,2,1.98,Premium,One Year,Android,Average,Yes,5,1
2596,22,Female,Butwal,83,127461,7826.26,187.6,2367,147,12,2,2.44,Basic,Monthly,Android,Excellent,No,2,1
2597,61,Male,Lalitpur,112,228590,6048.12,29.18,1424,122,10,0,3.96,Basic,Monthly,Android,Good,Yes,2,0
2598,44,Male,Kathmandu,11,94191,2391.5,75.77,2102,111,8,4,4.16,Standard,One Year,iPhone,Average,Yes,2,1
2599,49,Female,Lalitpur,104,215863,2453.88,57.15,2474,1022,5,0,1.71,Standard,Monthly,Android,Average,No,2,1
2600,38,Female,Dharan,67,235190,5343.43,172.31,1545,1011,13,9,4.75,Standard,One Year,Android,Excellent,Yes,0,0
2601,25,Female,Biratnagar,87,120591,1382.0,98.18,333,1153,0,9,4.14,Standard,Monthly,Android,Average,No,5,0
2602,55,Female,Butwal,7,83753,7612.32,6.34,835,67,4,2,4.43,Premium,Monthly,iPhone,Excellent,No,3,1
2603,25,Female,Bhaktapur,23,80520,2186.1,141.88,762,827,4,5,1.58,Premium,Monthly,Android,Poor,No,5,1
2604,67,Female,Butwal,61,24008,7997.27,78.35,845,891,6,5,1.57,Premium,Two Year,Android,Average,No,5,1
2605,20,Female,Kathmandu,71,195536,4218.0,106.7,1144,1309,6,2,2.22,Basic,Monthly,iPhone,Good,Yes,0,1
2606,61,Male,Lalitpur,110,127408,6285.72,178.86,588,1028,5,8,1.26,Standard,Monthly,Android,Good,Yes,0,1
2607,20,Male,Lalitpur,34,20496,516.38,52.09,1258,1141,14,7,1.36,Standard,Monthly,Android,Average,No,4,1
2608,39,Male,Pokhara,106,119767,7165.6,48.81,1978,229,14,2,1.57,Standard,One Year,Feature Phone,Excellent,Yes,4,1
2609,23,Female,Chitwan,19,43212,2525.02,53.38,2129,159,7,4,3.85,Basic,Monthly,iPhone,Average,No,1,1
2610,19,Female,Kathmandu,58,40637,5509.53,68.28,388,1317,1,4,1.12,Standard,Two Year,Android,Excellent,No,2,1
2611,40,Female,Pokhara,9,65227,6547.66,22.36,1411,185,13,4,1.33,Premium,Two Year,iPhone,Good,Yes,2,1
2612,61,Male,Butwal,48,233485,1731.11,139.75,113,1013,12,2,4.78,Standard,Monthly,iPhone,Average,Yes,4,1
2613,19,Female,Bhaktapur,115,139753,3818.82,42.27,1478,876,12,4,1.33,Standard,Monthly,Feature Phone,Good,Yes,3,1
2614,55,Female,Chitwan,82,140118,4203.77,185.3,2117,551,6,4,3.15,Standard,Two Year,Android,Excellent,Yes,1,0
2615,34,Male,Kathmandu,41,234418,2840.9,43.92,783,1247,9,3,3.57,Standard,Monthly,iPhone,Good,Yes,5,0
2616,52,Female,Lalitpur,48,29884,4113.17,51.87,2103,1175,14,3,4.83,Standard,Two Year,Feature Phone,Good,No,3,0
2617,51,Male,Butwal,45,136481,2881.59,60.11,1453,1163,6,1,4.6,Basic,Monthly,Android,Average,No,4,0
2618,40,Male,Kathmandu,106,88259,3205.61,153.94,2167,1390,3,8,2.76,Standard,Monthly,iPhone,Good,Yes,5,0
2619,47,Female,Lalitpur,25,69810,5519.98,86.09,348,1151,11,6,4.77,Premium,Two Year,Android,Excellent,No,3,1
2620,69,Female,Dharan,116,149926,5244.45,164.05,725,1374,9,0,2.73,Premium,Monthly,Feature Phone,Good,Yes,2,0
2621,25,Female,Chitwan,78,24761,2241.99,157.19,240,146,1,4,3.68,Standard,Monthly,Feature Phone,Good,Yes,4,0
2622,39,Male,Dharan,108,224238,7231.12,185.97,1834,1308,3,1,2.04,Basic,One Year,Android,Average,No,5,0
2623,61,Male,Dharan,25,36375,6970.91,151.56,1881,1492,3,9,3.55,Premium,Two Year,Android,Excellent,No,3,1
2624,53,Male,Lalitpur,19,176290,4318.12,11.33,1015,1241,11,5,3.15,Basic,Monthly,Android,Poor,No,1,1
2625,22,Female,Bhaktapur,39,181637,3749.38,167.62,1041,435,11,6,3.43,Basic,Two Year,Android,Good,No,1,0
2626,30,Female,Butwal,119,122654,3326.42,187.68,129,731,5,1,3.73,Standard,One Year,Android,Average,No,0,0
2627,46,Female,Biratnagar,79,52975,5804.51,198.74,168,1168,13,5,1.69,Standard,Two Year,Android,Good,No,5,1
2628,48,Female,Lalitpur,80,178145,5537.5,25.93,2473,1300,6,2,2.21,Premium,One Year,iPhone,Good,No,4,0
2629,64,Male,Bhaktapur,27,220798,1971.35,123.04,718,59,2,8,3.94,Premium,One Year,iPhone,Good,No,4,1
2630,33,Male,Biratnagar,104,152955,5535.94,40.69,1453,842,14,3,1.66,Basic,Two Year,Android,Excellent,Yes,5,1
2631,59,Male,Butwal,74,219494,2393.23,53.24,127,1398,9,2,2.38,Basic,Monthly,iPhone,Average,No,4,1
2632,47,Male,Dharan,63,200701,639.19,149.37,408,403,0,2,3.67,Standard,Two Year,Feature Phone,Average,Yes,2,0
2633,33,Female,Chitwan,68,215242,5744.07,195.56,444,880,2,1,4.75,Premium,Monthly,Android,Excellent,Yes,2,0
2634,29,Female,Chitwan,115,94489,5335.95,119.38,1111,1137,8,8,1.3,Basic,Monthly,Android,Average,Yes,4,1
2635,34,Female,Butwal,19,28381,3581.07,170.27,2019,614,0,7,3.07,Standard,One Year,Android,Good,No,5,1
2636,33,Male,Butwal,28,174310,4442.65,2.77,1683,335,12,4,1.33,Standard,Monthly,Android,Excellent,Yes,3,1
2637,29,Male,Kathmandu,85,164867,7603.77,8.29,1547,830,7,8,2.52,Premium,One Year,iPhone,Excellent,No,2,1
2638,25,Female,Bhaktapur,111,247036,4964.0,119.75,2046,284,1,1,1.7,Basic,One Year,Android,Good,No,5,0
2639,37,Female,Dharan,78,82999,5434.13,78.41,2388,128,5,5,3.6,Premium,Monthly,iPhone,Good,No,4,0
2640,20,Male,Bhaktapur,33,69907,979.33,178.06,1875,314,2,6,4.03,Standard,Monthly,iPhone,Good,Yes,2,0
2641,33,Female,Butwal,112,160710,1744.96,61.09,466,959,6,5,1.99,Basic,One Year,Android,Average,No,5,1
2642,47,Male,Pokhara,10,90467,2757.14,86.98,1617,70,1,2,3.85,Basic,Two Year,Android,Average,No,0,0
2643,62,Male,Pokhara,83,62623,4545.34,106.05,229,344,3,9,2.79,Basic,Two Year,iPhone,Excellent,Yes,1,1
2644,40,Male,Biratnagar,30,189564,6324.43,55.33,868,1121,9,9,2.13,Standard,Monthly,iPhone,Poor,No,0,1
2645,45,Female,Biratnagar,22,177483,2909.31,181.79,1882,1323,8,9,3.09,Premium,Two Year,Android,Good,Yes,4,1
2646,68,Female,Pokhara,3,130724,3172.87,93.44,2437,175,5,8,2.52,Basic,Monthly,Feature Phone,Good,No,5,1
2647,57,Male,Butwal,101,171606,2421.13,85.41,1984,883,3,7,1.92,Standard,Monthly,iPhone,Average,No,1,1
2648,22,Female,Butwal,105,180253,2409.57,170.1,1607,1098,1,7,4.03,Premium,Monthly,Android,Average,No,3,0
2649,37,Male,Biratnagar,82,123069,7616.48,63.08,1671,142,9,7,4.19,Standard,Monthly,Android,Good,Yes,4,0
2650,57,Male,Lalitpur,75,39996,5265.93,163.68,1936,930,13,8,4.2,Standard,One Year,Android,Good,No,3,0
2651,61,Male,Butwal,48,223161,1669.26,25.33,1938,1046,8,0,2.53,Standard,One Year,Android,Good,Yes,3,0
2652,18,Male,Pokhara,2,125682,5916.86,37.37,596,180,14,7,1.68,Basic,Two Year,iPhone,Poor,No,2,1
2653,47,Female,Bhaktapur,76,103609,5915.16,190.22,1685,1068,3,1,4.36,Standard,One Year,Android,Poor,No,2,0
2654,38,Male,Butwal,54,223738,5498.53,168.65,708,1492,8,3,2.32,Basic,Monthly,Android,Average,Yes,1,1
2655,37,Male,Dharan,6,180477,1510.4,78.19,809,91,13,0,3.99,Standard,One Year,Android,Average,No,1,1
2656,23,Female,Butwal,107,121490,3559.94,128.05,1011,1292,1,5,4.27,Premium,Monthly,Android,Average,Yes,5,0
2657,39,Male,Lalitpur,40,91325,1300.67,188.65,2230,33,6,9,4.07,Basic,One Year,Android,Good,No,2,1
2658,35,Male,Biratnagar,108,48930,6624.65,43.16,996,677,10,0,2.56,Basic,Monthly,iPhone,Poor,No,1,1
2659,25,Female,Butwal,93,134426,5413.79,12.74,1375,1387,10,4,4.75,Premium,Monthly,Android,Poor,No,5,0
2660,56,Female,Chitwan,94,37529,4304.03,107.96,1707,1156,4,8,3.64,Basic,Monthly,Android,Poor,Yes,0,1
2661,49,Female,Kathmandu,2,73546,3072.62,29.38,369,758,7,0,3.3,Basic,Two Year,Android,Good,Yes,4,0
2662,50,Male,Pokhara,73,27942,1881.87,38.28,1791,381,10,8,3.79,Standard,One Year,Android,Good,No,0,0
2663,33,Female,Dharan,111,27548,1298.36,178.42,445,965,13,3,1.18,Premium,Two Year,Android,Average,No,4,1
2664,29,Female,Dharan,2,135248,7769.3,2.47,346,1300,7,2,2.56,Basic,Monthly,Feature Phone,Good,No,5,1
2665,55,Male,Dharan,93,169368,1997.36,163.55,1149,1179,13,7,4.52,Premium,Two Year,iPhone,Good,No,2,0
2666,69,Male,Chitwan,97,202088,949.06,103.87,274,386,13,5,1.64,Standard,Monthly,Feature Phone,Poor,No,0,1
2667,51,Male,Dharan,74,117780,7712.5,112.3,2057,534,3,6,2.66,Standard,One Year,Android,Excellent,No,3,0
2668,31,Male,Dharan,98,20296,4617.14,134.68,2425,199,12,8,2.62,Standard,Monthly,iPhone,Average,Yes,0,1
2669,53,Male,Biratnagar,108,87945,6474.93,86.86,2010,274,3,4,2.42,Basic,Monthly,iPhone,Average,No,1,1
2670,50,Female,Bhaktapur,55,79980,828.24,24.01,463,500,14,1,3.25,Basic,Two Year,iPhone,Good,Yes,0,0
2671,40,Female,Kathmandu,72,76782,4752.09,21.46,132,458,7,2,4.98,Basic,One Year,Android,Average,No,2,0
2672,67,Female,Chitwan,101,185301,3486.57,151.12,1073,49,2,2,2.02,Basic,Two Year,Android,Poor,No,2,1
2673,62,Male,Kathmandu,118,116382,6289.73,44.99,708,969,6,3,3.82,Premium,Monthly,iPhone,Excellent,No,1,1
2674,19,Male,Pokhara,60,73444,788.19,6.59,1010,987,7,9,4.03,Standard,One Year,iPhone,Good,No,4,0
2675,58,Male,Biratnagar,97,55036,3512.68,195.94,1893,531,7,6,3.34,Standard,Monthly,iPhone,Average,Yes,1,1
2676,38,Female,Butwal,111,59322,6493.05,196.1,65,1003,10,9,1.39,Premium,Monthly,Android,Excellent,No,5,1
2677,19,Female,Bhaktapur,6,178239,4420.23,76.25,1214,627,9,5,3.29,Premium,Two Year,Android,Poor,No,4,1
2678,44,Male,Biratnagar,108,71667,4625.29,6.08,776,1115,3,2,4.81,Premium,One Year,Feature Phone,Average,Yes,2,0
2679,26,Female,Kathmandu,104,114527,1228.74,145.73,1396,1479,8,6,2.37,Premium,Two Year,Android,Average,No,2,1
2680,18,Male,Chitwan,109,103337,1492.48,166.37,1246,338,14,3,3.56,Standard,Monthly,iPhone,Good,Yes,5,0
2681,28,Female,Pokhara,19,71468,5577.5,25.88,1269,1076,9,9,4.84,Basic,Two Year,Android,Average,No,4,1
2682,20,Female,Pokhara,96,92894,5562.85,27.96,583,3,3,7,4.19,Basic,One Year,iPhone,Good,Yes,0,0
2683,69,Female,Biratnagar,27,204156,7843.28,164.62,2228,280,7,6,3.75,Basic,One Year,Android,Poor,No,0,1
2684,40,Male,Butwal,1,83138,5839.65,184.46,2292,1313,5,6,4.88,Basic,Monthly,Android,Good,Yes,1,1
2685,43,Female,Chitwan,107,42588,4199.33,158.36,1360,72,4,8,1.68,Premium,Two Year,Android,Average,No,2,1
2686,21,Female,Butwal,116,82901,6929.96,40.95,1457,1160,14,7,4.09,Premium,Two Year,iPhone,Average,No,0,1
2687,35,Male,Butwal,33,168743,1283.55,82.89,114,767,3,0,2.63,Standard,Monthly,Android,Excellent,No,2,0
2688,23,Female,Dharan,40,103038,3869.72,120.57,1822,970,4,6,2.44,Standard,One Year,iPhone,Good,No,1,1
2689,52,Male,Chitwan,32,241736,2653.32,32.9,968,997,14,2,3.08,Standard,Monthly,Android,Good,Yes,3,1
2690,39,Male,Kathmandu,69,182717,1284.78,42.91,572,1416,12,3,1.14,Basic,One Year,Feature Phone,Poor,No,2,1
2691,60,Male,Biratnagar,17,158709,6226.27,57.29,85,207,14,5,2.25,Premium,Two Year,Android,Good,Yes,3,1
2692,32,Male,Biratnagar,8,151732,4330.94,102.39,1517,259,10,4,1.66,Basic,Monthly,Android,Average,No,2,1
2693,39,Male,Dharan,57,127211,4675.77,102.65,684,929,0,7,1.55,Standard,One Year,Feature Phone,Good,Yes,4,1
2694,54,Female,Lalitpur,42,26922,3584.41,163.04,199,262,6,1,2.35,Basic,Monthly,iPhone,Good,No,5,1
2695,69,Male,Biratnagar,98,113697,3952.53,150.85,1502,782,7,4,4.21,Premium,One Year,iPhone,Average,No,3,0
2696,59,Male,Pokhara,9,195793,1370.13,182.83,221,504,11,4,1.8,Standard,Two Year,Android,Average,No,4,1
2697,29,Male,Kathmandu,120,208328,5546.88,166.75,1518,202,8,2,3.13,Standard,Monthly,Feature Phone,Good,Yes,5,0
2698,64,Male,Chitwan,87,137217,3743.36,51.52,1561,1370,12,9,3.99,Basic,Monthly,iPhone,Average,Yes,4,1
2699,66,Female,Biratnagar,35,89506,6625.76,66.93,1332,51,2,4,1.96,Standard,One Year,iPhone,Excellent,No,1,1
2700,59,Male,Kathmandu,114,220015,1972.15,100.58,1968,1379,14,3,4.7,Standard,One Year,Feature Phone,Average,No,1,0
2701,55,Female,Dharan,71,144338,2037.91,3.84,713,362,8,4,4.47,Basic,Monthly,iPhone,Good,Yes,0,0
2702,35,Male,Biratnagar,79,47843,5343.2,180.88,1739,44,9,9,2.0,Premium,Monthly,Android,Poor,No,3,1
2703,62,Female,Chitwan,53,160118,6845.03,9.82,1287,826,4,8,4.96,Premium,Monthly,Android,Average,No,0,1
2704,52,Male,Bhaktapur,54,240408,4041.48,65.17,1811,1401,9,6,3.68,Standard,Monthly,iPhone,Average,No,3,1
2705,47,Male,Chitwan,84,215057,5952.15,114.27,1741,788,5,0,2.14,Basic,One Year,iPhone,Poor,No,1,1
2706,41,Female,Chitwan,114,231155,7994.97,104.05,1641,1435,0,2,3.72,Premium,Monthly,iPhone,Average,No,1,0
2707,59,Male,Chitwan,25,123064,7926.99,131.24,1217,770,8,8,3.66,Basic,One Year,Android,Good,No,5,0
2708,47,Female,Biratnagar,67,247997,6082.53,105.98,1577,141,8,3,3.42,Basic,Monthly,iPhone,Average,Yes,5,1
2709,31,Male,Lalitpur,62,146417,6046.9,46.57,1552,1281,5,3,3.85,Basic,Monthly,iPhone,Average,Yes,1,0
2710,23,Female,Chitwan,55,136585,2357.14,41.01,2311,796,7,9,2.07,Basic,Monthly,Android,Poor,No,3,1
2711,20,Male,Dharan,46,50346,6751.55,181.54,2127,36,3,5,4.92,Standard,One Year,Android,Average,Yes,1,0
2712,33,Male,Pokhara,24,239356,3538.27,53.53,123,44,4,2,4.43,Basic,Monthly,Feature Phone,Good,No,0,0
2713,24,Female,Pokhara,98,143152,7714.95,56.91,1714,919,4,2,3.98,Standard,Two Year,Android,Good,Yes,4,0
2714,69,Male,Dharan,46,131769,1110.71,83.18,1030,1069,6,8,1.11,Standard,Monthly,Android,Excellent,No,5,1
2715,31,Male,Kathmandu,22,122391,3768.8,28.75,1787,564,6,4,3.36,Standard,Monthly,Android,Average,Yes,3,1
2716,26,Male,Lalitpur,11,242456,4668.8,101.95,2144,300,6,6,3.83,Standard,Monthly,Android,Average,Yes,4,1
2717,32,Male,Kathmandu,48,204598,3538.67,133.34,1061,287,4,4,4.42,Premium,Monthly,Android,Average,No,0,0
2718,38,Male,Dharan,8,93143,2079.34,157.41,1577,785,3,5,4.78,Standard,Two Year,Feature Phone,Poor,Yes,2,1
2719,52,Male,Pokhara,39,56787,4947.41,142.58,1227,268,7,7,4.66,Basic,Two Year,Android,Excellent,No,5,0
2720,19,Female,Butwal,107,53583,6169.38,30.38,1700,790,0,7,2.62,Standard,Monthly,Feature Phone,Good,Yes,1,0
2721,44,Female,Pokhara,35,163635,5336.29,91.76,1698,1085,0,1,4.59,Basic,One Year,Android,Good,No,5,0
2722,19,Female,Bhaktapur,49,197132,2258.37,8.68,2334,580,5,8,1.0,Basic,One Year,Feature Phone,Average,No,5,1
2723,52,Male,Chitwan,46,141943,5987.06,4.54,800,1265,1,9,2.41,Premium,Two Year,Android,Excellent,No,5,1
2724,35,Female,Butwal,38,184762,2426.73,88.59,965,935,11,5,1.46,Basic,Monthly,iPhone,Good,No,0,1
2725,31,Male,Pokhara,8,131233,1814.02,51.34,1850,353,2,6,4.53,Standard,Monthly,Android,Good,Yes,2,1
2726,37,Male,Biratnagar,54,245784,5680.01,136.99,567,967,3,2,4.71,Basic,One Year,Android,Excellent,No,3,0
2727,35,Male,Biratnagar,37,34925,6820.9,145.12,2227,70,13,3,2.02,Premium,Monthly,Android,Excellent,No,0,1
2728,27,Male,Kathmandu,91,237859,4111.55,179.19,2466,834,1,5,2.47,Basic,One Year,iPhone,Poor,No,3,1
2729,42,Female,Butwal,92,103184,4485.44,152.38,2194,412,9,6,4.94,Basic,Two Year,Android,Average,Yes,4,0
2730,19,Male,Kathmandu,40,171180,2770.61,10.6,1817,611,6,5,3.26,Standard,Monthly,Feature Phone,Poor,No,4,1
2731,42,Female,Chitwan,34,96515,4209.64,74.95,1900,1084,14,4,2.99,Standard,Two Year,Android,Good,No,3,1
2732,50,Male,Chitwan,96,219330,1489.87,55.33,967,614,9,1,3.0,Standard,Two Year,Android,Average,No,4,0
2733,53,Female,Bhaktapur,79,156427,7668.73,77.84,2277,1475,0,6,3.78,Standard,Two Year,Android,Excellent,No,4,0
2734,48,Female,Dharan,108,66069,6502.7,32.86,2217,1416,2,4,4.82,Basic,One Year,iPhone,Good,No,1,0
2735,31,Female,Dharan,17,245407,5509.8,20.44,50,528,1,8,2.47,Standard,One Year,Android,Excellent,Yes,3,1
2736,18,Female,Lalitpur,33,120854,4536.46,104.68,631,1328,12,3,1.69,Standard,Monthly,Android,Good,Yes,3,1
2737,63,Female,Kathmandu,47,74471,6441.27,144.36,1884,190,8,9,1.74,Standard,Two Year,iPhone,Good,No,2,1
2738,33,Female,Chitwan,110,52705,4210.68,140.68,321,77,7,1,1.08,Basic,Monthly,Android,Average,No,5,0
2739,63,Male,Dharan,52,194981,2749.8,90.74,702,888,2,6,3.22,Standard,Monthly,iPhone,Excellent,Yes,1,0
2740,69,Female,Kathmandu,118,239678,1702.81,104.93,276,1324,4,6,4.72,Premium,Monthly,Android,Good,Yes,0,0
2741,20,Male,Chitwan,80,148501,5356.89,103.75,959,948,2,0,3.85,Premium,One Year,iPhone,Good,No,1,0
2742,52,Female,Pokhara,93,136361,7470.69,138.62,2076,16,13,4,4.97,Basic,Monthly,Feature Phone,Average,Yes,0,1
2743,58,Male,Kathmandu,9,204811,1652.14,10.54,796,814,10,2,4.64,Standard,One Year,Android,Excellent,No,3,0
2744,23,Female,Pokhara,33,227892,1850.14,142.27,751,433,12,8,2.97,Standard,One Year,Android,Average,Yes,1,1
2745,42,Female,Kathmandu,60,107273,3752.05,116.86,1248,1066,11,8,2.95,Basic,Monthly,Feature Phone,Excellent,Yes,2,1
2746,30,Male,Lalitpur,113,43241,6551.75,40.42,2091,1091,10,6,3.51,Standard,Monthly,iPhone,Good,No,5,1
2747,51,Female,Bhaktapur,93,178486,2704.42,10.76,2062,1403,11,8,1.44,Standard,Monthly,Android,Good,No,4,1
2748,25,Female,Biratnagar,77,70818,2404.35,22.6,989,211,10,1,3.43,Basic,Monthly,iPhone,Excellent,No,0,0
2749,38,Female,Dharan,21,171967,5149.75,105.41,122,202,5,9,2.86,Basic,Monthly,Android,Good,Yes,4,1
2750,51,Male,Biratnagar,58,112307,4517.11,151.92,1103,725,4,7,3.57,Basic,Monthly,Feature Phone,Good,No,5,0
2751,21,Female,Biratnagar,85,213481,951.65,67.6,1129,108,10,9,3.26,Basic,Two Year,iPhone,Average,No,3,1
2752,42,Male,Pokhara,69,206396,1111.17,76.45,786,967,1,9,2.24,Basic,One Year,iPhone,Poor,Yes,3,1
2753,32,Female,Butwal,10,86920,5322.6,186.9,391,283,13,9,3.43,Basic,One Year,Feature Phone,Good,Yes,3,1
2754,21,Female,Chitwan,6,204627,3988.43,43.39,698,940,9,0,2.46,Basic,Monthly,iPhone,Average,No,4,1
2755,62,Male,Biratnagar,120,138642,7782.33,21.65,2013,1248,7,2,1.78,Premium,Monthly,Android,Average,No,5,1
2756,29,Female,Lalitpur,115,85453,5588.99,69.34,221,736,5,7,3.7,Premium,One Year,Feature Phone,Average,No,3,0
2757,49,Female,Biratnagar,13,42689,575.55,149.44,1645,1141,13,7,2.23,Standard,One Year,Android,Average,No,3,1
2758,49,Male,Kathmandu,65,215428,4107.64,125.59,108,931,14,9,4.56,Premium,Monthly,Android,Good,No,4,1
2759,45,Female,Pokhara,20,244083,3608.36,83.74,2187,602,2,7,1.8,Basic,Monthly,Android,Average,No,3,1
2760,30,Male,Butwal,57,159324,1300.35,192.99,2223,1363,12,6,3.4,Standard,Two Year,Feature Phone,Good,No,5,0
2761,48,Male,Kathmandu,111,50844,7424.07,147.26,2016,1304,14,1,3.29,Basic,Monthly,iPhone,Average,Yes,0,1
2762,31,Male,Butwal,46,115687,6537.58,13.31,418,490,12,2,1.79,Premium,Monthly,Android,Average,Yes,1,1
2763,37,Female,Kathmandu,8,43365,2225.64,149.18,1743,18,0,8,2.76,Basic,Monthly,Android,Average,No,0,1
2764,35,Male,Kathmandu,10,157098,2419.86,5.78,207,1198,4,1,3.7,Basic,One Year,Android,Average,Yes,3,1
2765,46,Male,Dharan,73,118303,740.14,130.41,1095,1492,11,6,2.27,Basic,One Year,Android,Good,No,5,0
2766,23,Female,Bhaktapur,113,48523,2725.38,42.89,671,800,10,0,1.46,Premium,Monthly,Feature Phone,Poor,No,5,1
2767,49,Male,Bhaktapur,105,161554,4884.67,139.59,1574,759,1,2,3.46,Basic,Monthly,iPhone,Good,Yes,3,0
2768,46,Female,Chitwan,67,132105,3656.33,62.65,1523,1165,12,0,1.9,Basic,Monthly,Feature Phone,Average,Yes,3,1
2769,60,Female,Pokhara,11,68888,7769.42,174.73,606,1486,1,5,3.73,Basic,Monthly,Android,Average,No,3,1
2770,19,Female,Lalitpur,12,133884,920.6,68.05,249,928,8,3,4.36,Premium,Monthly,iPhone,Good,No,4,1
2771,40,Female,Lalitpur,10,126968,4935.73,124.32,1173,297,10,0,1.49,Standard,Monthly,Android,Good,No,5,1
2772,36,Male,Lalitpur,25,70110,6937.32,57.9,74,1493,12,4,2.75,Standard,Monthly,Feature Phone,Average,No,1,1
2773,48,Male,Dharan,49,241716,4105.56,183.53,290,704,14,3,2.78,Standard,One Year,Feature Phone,Average,Yes,4,0
2774,68,Male,Kathmandu,49,151565,522.22,156.42,1143,814,9,9,3.53,Standard,One Year,Feature Phone,Good,No,4,1
2775,22,Male,Bhaktapur,89,207266,2321.01,49.42,989,802,6,9,2.34,Basic,Two Year,iPhone,Good,No,5,1
2776,36,Male,Pokhara,11,102001,2928.27,189.81,1572,372,5,1,2.67,Standard,One Year,Android,Good,Yes,3,1
2777,51,Female,Kathmandu,62,59767,7744.96,72.07,1397,1491,14,6,1.05,Premium,Two Year,iPhone,Poor,Yes,0,1
2778,27,Male,Butwal,118,49550,7338.3,130.72,1195,927,12,7,1.49,Standard,Two Year,Android,Good,Yes,5,1
2779,42,Male,Bhaktapur,36,164905,7618.78,148.83,2397,950,0,3,3.28,Premium,Monthly,Android,Excellent,Yes,0,1
2780,19,Male,Bhaktapur,39,154042,6693.19,5.56,135,1461,14,8,1.86,Premium,Monthly,Android,Average,No,2,1
2781,28,Female,Biratnagar,53,118315,3137.36,191.83,342,843,13,2,1.58,Standard,One Year,Android,Good,No,5,1
2782,67,Female,Biratnagar,90,115494,7294.07,69.54,1615,946,9,5,2.3,Standard,One Year,iPhone,Average,Yes,1,1
2783,48,Male,Dharan,78,147424,7862.63,38.77,2296,442,1,6,1.65,Premium,Two Year,Android,Good,No,5,1
2784,32,Female,Pokhara,103,133855,3125.53,170.29,379,1479,10,6,1.24,Basic,One Year,Android,Average,Yes,2,1
2785,26,Male,Butwal,56,102681,2454.17,140.88,47,1271,6,5,2.14,Basic,Monthly,Android,Average,No,4,1
2786,40,Male,Pokhara,104,121489,4601.87,18.26,1274,141,14,8,1.66,Standard,Monthly,iPhone,Good,No,2,1
2787,36,Female,Pokhara,1,200249,1903.64,24.29,1438,401,2,0,4.2,Basic,Monthly,iPhone,Average,No,2,1
2788,26,Female,Dharan,56,218414,744.68,143.32,1755,822,1,8,1.25,Basic,Two Year,Android,Excellent,Yes,5,1
2789,52,Male,Dharan,118,150546,7593.73,15.88,1887,221,5,8,3.99,Premium,Two Year,iPhone,Average,Yes,2,0
2790,38,Male,Kathmandu,4,222272,7443.05,183.52,1314,736,7,3,2.53,Premium,Monthly,iPhone,Good,Yes,1,1
2791,26,Female,Chitwan,30,212573,1719.9,148.57,1894,1207,14,4,3.7,Standard,One Year,Android,Average,Yes,5,0
2792,45,Male,Dharan,12,48900,3558.05,67.76,2095,1387,7,2,1.21,Standard,One Year,iPhone,Good,No,0,1
2793,63,Female,Pokhara,120,34126,6732.77,73.22,1562,993,10,6,4.68,Basic,Monthly,Android,Excellent,Yes,0,1
2794,68,Male,Biratnagar,35,131198,5457.5,101.79,763,1211,1,1,4.07,Standard,Two Year,Android,Poor,No,2,0
2795,24,Female,Chitwan,77,221762,3460.91,72.83,1131,112,5,7,1.56,Standard,One Year,iPhone,Excellent,No,5,0
2796,33,Male,Kathmandu,52,238816,6081.28,156.91,1741,1204,11,8,1.88,Premium,Monthly,Android,Good,Yes,1,1
2797,33,Male,Chitwan,31,99303,7227.86,194.97,1798,1222,4,5,3.58,Premium,Monthly,Android,Good,Yes,0,1
2798,50,Female,Lalitpur,102,236651,7446.19,117.32,599,1093,6,8,4.69,Basic,Monthly,iPhone,Poor,No,3,1
2799,21,Male,Butwal,107,199066,3341.37,89.76,452,597,3,5,2.78,Basic,Monthly,iPhone,Good,Yes,5,0
2800,21,Male,Chitwan,87,87061,1801.71,45.33,393,903,11,2,2.94,Standard,Monthly,Android,Average,Yes,5,1
2801,56,Female,Pokhara,68,36978,7346.29,131.03,1230,484,12,9,1.95,Standard,Monthly,iPhone,Excellent,No,0,1
2802,57,Male,Kathmandu,52,76344,1194.17,137.43,1794,1422,1,2,2.53,Basic,One Year,Android,Good,No,0,0
2803,34,Male,Butwal,80,66648,5912.66,137.35,2061,550,9,1,2.14,Premium,One Year,Android,Good,No,1,0
2804,54,Male,Pokhara,7,21055,1553.73,6.37,2285,1033,2,4,2.4,Premium,One Year,iPhone,Excellent,No,1,1
2805,56,Female,Butwal,22,95582,3420.4,179.93,1151,2,8,3,1.08,Premium,One Year,iPhone,Average,No,0,1
2806,69,Female,Biratnagar,93,101214,3586.67,68.28,1862,661,9,5,1.16,Premium,Two Year,Android,Excellent,Yes,3,1
2807,46,Female,Lalitpur,75,195948,1690.68,149.09,1593,66,7,4,3.72,Premium,Two Year,Feature Phone,Good,No,3,0
2808,69,Male,Biratnagar,56,243232,7420.11,152.2,1950,704,12,5,3.73,Premium,Monthly,Feature Phone,Poor,No,2,1
2809,53,Male,Pokhara,97,127954,520.01,130.46,967,1120,8,3,2.32,Standard,Monthly,iPhone,Good,No,2,0
2810,55,Male,Pokhara,58,58725,7203.56,79.58,368,1341,4,2,4.54,Basic,Monthly,Android,Good,No,0,0
2811,56,Male,Pokhara,93,156327,7128.72,122.07,807,97,12,0,2.06,Basic,One Year,iPhone,Good,No,0,1
2812,67,Female,Bhaktapur,64,226019,2877.23,9.0,1565,1080,4,4,2.58,Basic,Two Year,iPhone,Good,No,0,0
2813,54,Male,Lalitpur,103,73380,5782.13,152.62,45,1130,6,5,3.93,Standard,One Year,Feature Phone,Average,Yes,5,0
2814,69,Male,Butwal,12,73333,2396.07,20.82,1091,87,6,4,3.97,Premium,One Year,Feature Phone,Average,No,3,0
2815,52,Male,Dharan,7,62459,6190.8,79.95,878,971,0,4,4.44,Standard,One Year,Android,Excellent,Yes,4,1
2816,24,Female,Pokhara,55,136518,4708.4,21.62,389,652,11,5,1.12,Standard,One Year,Android,Average,No,2,1
2817,44,Male,Pokhara,103,56163,2751.69,167.58,1655,655,14,3,1.74,Basic,Two Year,Android,Excellent,No,2,1
2818,45,Male,Butwal,106,185043,3501.76,110.51,1230,911,13,3,3.56,Basic,Two Year,Android,Average,No,4,0
2819,39,Male,Dharan,62,247843,5674.17,138.5,1567,370,4,7,2.35,Standard,One Year,iPhone,Average,No,0,1
2820,31,Male,Biratnagar,112,216221,7295.73,136.83,903,374,7,7,1.17,Basic,One Year,iPhone,Poor,Yes,2,1
2821,24,Male,Biratnagar,90,104730,1480.45,168.48,1934,51,6,2,3.35,Basic,Monthly,iPhone,Excellent,No,3,0
2822,54,Female,Pokhara,104,39476,4785.23,27.38,298,40,10,6,2.57,Standard,Monthly,Android,Average,Yes,4,1
2823,39,Male,Kathmandu,73,88580,2402.97,132.29,2408,815,1,4,2.46,Standard,Monthly,Android,Average,Yes,3,1
2824,22,Male,Bhaktapur,105,125576,6510.29,115.45,1371,90,13,4,2.06,Basic,Monthly,Android,Excellent,Yes,5,1
2825,19,Male,Biratnagar,98,106593,1026.78,7.15,1722,38,7,2,1.02,Standard,Two Year,iPhone,Good,Yes,0,0
2826,44,Male,Kathmandu,109,220122,5667.17,41.08,1677,1036,1,1,1.73,Standard,Monthly,iPhone,Excellent,Yes,2,0
2827,38,Male,Bhaktapur,77,226598,1812.1,54.25,1948,899,9,2,2.9,Basic,Monthly,Feature Phone,Excellent,Yes,3,0
2828,55,Male,Pokhara,55,129071,4972.89,15.44,626,620,0,6,2.1,Standard,Monthly,Android,Excellent,No,4,1
2829,32,Male,Lalitpur,119,134832,6767.69,71.59,1068,103,10,2,4.5,Standard,Monthly,Feature Phone,Good,No,0,1
2830,38,Male,Chitwan,36,158579,6163.1,6.41,2493,742,10,1,1.57,Basic,Two Year,Android,Good,No,2,1
2831,27,Male,Chitwan,89,221465,6147.07,111.08,48,42,13,3,4.5,Premium,Monthly,Android,Good,Yes,2,1
2832,40,Male,Pokhara,24,163190,4383.84,43.09,975,208,10,4,2.62,Standard,Two Year,Android,Poor,Yes,0,1
2833,56,Female,Biratnagar,44,201601,7180.59,58.11,342,599,2,6,2.1,Standard,Monthly,Android,Good,Yes,0,1
2834,22,Female,Kathmandu,17,88682,4910.79,182.18,1896,604,2,0,2.22,Premium,Two Year,Feature Phone,Average,No,0,1
2835,18,Female,Lalitpur,2,243009,7381.38,101.06,2380,475,5,7,2.32,Premium,One Year,iPhone,Excellent,No,5,1
2836,30,Female,Butwal,13,205248,4598.92,54.53,603,108,11,9,3.03,Basic,One Year,Android,Good,No,3,1
2837,38,Male,Bhaktapur,31,111713,4294.74,120.09,1313,213,2,2,2.42,Premium,Monthly,Android,Excellent,Yes,1,1
2838,43,Female,Pokhara,93,124060,2167.65,41.13,2362,408,6,5,3.59,Premium,One Year,Android,Average,Yes,5,0
2839,67,Female,Lalitpur,114,155486,4585.9,15.8,675,770,7,3,2.7,Basic,One Year,Android,Good,Yes,2,0
2840,62,Male,Dharan,28,103030,1554.39,5.16,805,632,2,4,3.69,Standard,Monthly,iPhone,Good,No,3,0
2841,38,Female,Lalitpur,60,140360,7022.68,190.35,242,76,8,9,3.42,Basic,Monthly,iPhone,Excellent,Yes,4,1
2842,35,Female,Biratnagar,27,105973,5569.19,145.2,2142,94,0,5,1.98,Standard,Two Year,Android,Average,No,2,1
2843,54,Male,Dharan,15,213209,7952.27,160.19,2169,268,14,1,4.25,Standard,Monthly,Android,Poor,No,5,1
2844,62,Male,Bhaktapur,95,155009,1190.73,196.2,2240,360,2,2,4.2,Standard,Two Year,Android,Good,No,1,0
2845,49,Male,Dharan,104,56731,2305.05,186.39,1047,529,11,7,4.96,Premium,One Year,Android,Good,No,4,0
2846,53,Female,Lalitpur,79,237934,7078.69,147.65,1703,682,2,7,1.7,Premium,Monthly,iPhone,Average,Yes,2,1
2847,34,Female,Biratnagar,33,189737,3464.41,139.1,2462,161,6,0,4.39,Premium,Monthly,Feature Phone,Excellent,Yes,1,0
2848,52,Male,Dharan,20,225582,3997.27,68.03,1669,464,10,9,4.49,Basic,Two Year,Android,Poor,Yes,0,1
2849,66,Male,Kathmandu,42,168572,6954.89,21.7,852,822,10,7,3.57,Basic,One Year,Android,Good,Yes,1,1
2850,28,Female,Biratnagar,12,134360,4413.67,115.17,1023,547,4,1,3.03,Premium,Monthly,Android,Average,Yes,2,1
2851,38,Male,Kathmandu,101,21750,1951.07,115.67,186,1210,3,9,4.83,Basic,One Year,Android,Poor,No,1,0
2852,69,Female,Kathmandu,73,85018,7190.23,190.5,2367,51,1,9,4.89,Standard,Monthly,Android,Excellent,Yes,5,0
2853,43,Male,Dharan,23,155099,732.96,89.07,2036,487,6,7,3.57,Premium,Two Year,Feature Phone,Good,No,2,0
2854,21,Male,Dharan,72,156817,7215.47,138.47,137,1419,2,9,2.44,Basic,Monthly,iPhone,Excellent,Yes,2,1
2855,51,Female,Butwal,96,212803,878.9,115.42,1829,91,6,4,4.27,Basic,Monthly,Android,Excellent,Yes,1,0
2856,69,Male,Butwal,112,106984,5493.87,36.18,2226,650,9,0,1.36,Standard,Monthly,Android,Excellent,No,1,1
2857,65,Male,Lalitpur,14,127983,1037.6,118.82,1427,356,11,7,2.16,Basic,Monthly,Android,Good,No,5,1
2858,35,Male,Biratnagar,91,48451,5796.6,108.48,1270,718,6,4,4.94,Standard,One Year,Android,Excellent,No,4,0
2859,57,Female,Butwal,25,113743,754.78,99.29,482,1167,10,0,4.26,Basic,One Year,iPhone,Average,No,4,0
2860,52,Male,Kathmandu,77,91474,6818.43,103.17,1753,198,1,3,4.76,Basic,One Year,iPhone,Good,No,3,0
2861,58,Male,Butwal,119,212608,3994.58,33.63,1691,814,6,0,3.38,Premium,One Year,Android,Average,No,2,0
2862,46,Male,Bhaktapur,85,32150,1200.9,93.23,2171,1346,5,8,2.63,Standard,Monthly,Feature Phone,Good,Yes,4,0
2863,69,Male,Lalitpur,109,33406,5801.15,121.53,1001,1355,9,9,4.92,Standard,One Year,iPhone,Excellent,No,3,0
2864,46,Male,Biratnagar,31,170853,4169.68,98.4,2317,1287,3,1,2.24,Basic,Two Year,Android,Good,No,5,0
2865,55,Male,Biratnagar,101,208489,1932.12,98.25,1056,216,10,7,4.03,Standard,Monthly,Android,Excellent,No,2,1
2866,59,Female,Chitwan,112,136047,617.54,16.43,1899,555,4,3,3.23,Premium,Monthly,Android,Average,No,5,0
2867,38,Female,Biratnagar,107,143971,3634.99,38.96,616,1457,11,8,1.91,Standard,One Year,iPhone,Excellent,No,3,1
2868,59,Male,Lalitpur,54,123157,1142.22,64.87,640,802,7,1,1.07,Standard,Monthly,iPhone,Poor,No,4,1
2869,30,Female,Bhaktapur,5,38325,1206.27,84.45,1431,1483,4,2,2.54,Basic,Monthly,Feature Phone,Excellent,Yes,3,1
2870,66,Female,Biratnagar,13,219756,2504.97,119.19,90,700,2,1,3.19,Standard,One Year,Feature Phone,Excellent,Yes,1,0
2871,58,Male,Chitwan,28,114415,5228.44,172.81,975,502,1,9,1.73,Premium,Two Year,iPhone,Poor,No,5,1
2872,34,Female,Lalitpur,43,224541,4474.33,32.67,1823,468,5,4,2.66,Premium,One Year,Android,Good,No,3,0
2873,26,Female,Kathmandu,89,160508,1017.4,4.0,457,365,5,0,3.46,Standard,One Year,iPhone,Good,Yes,5,0
2874,58,Female,Pokhara,115,37669,7763.23,90.4,1087,1262,6,2,3.86,Premium,Monthly,iPhone,Good,No,0,0
2875,18,Female,Pokhara,99,147385,7153.77,86.99,1945,623,7,0,1.21,Basic,One Year,Android,Poor,No,0,1
2876,19,Female,Kathmandu,47,92010,2444.19,110.83,1057,919,3,9,3.66,Standard,One Year,Android,Excellent,No,3,0
2877,65,Female,Butwal,103,227836,1417.54,166.81,1422,560,11,7,1.23,Basic,Monthly,Android,Good,Yes,0,1
2878,46,Female,Biratnagar,71,152915,7568.02,160.67,2381,822,7,3,1.11,Standard,Monthly,Android,Average,No,3,1
2879,50,Female,Dharan,38,216681,3958.56,20.91,1458,966,11,2,1.61,Basic,One Year,iPhone,Poor,No,5,1
2880,27,Male,Pokhara,96,70812,2833.75,186.87,504,662,0,7,3.61,Premium,Two Year,Android,Good,No,3,0
2881,67,Male,Butwal,67,36059,4177.69,22.97,188,750,5,8,1.21,Premium,One Year,iPhone,Poor,Yes,3,1
2882,57,Female,Pokhara,62,106269,6295.58,127.28,822,1419,5,7,1.08,Basic,Monthly,Android,Good,No,0,1
2883,38,Female,Kathmandu,109,191840,1762.89,134.81,265,1418,2,5,1.47,Standard,Monthly,Feature Phone,Good,No,2,1
2884,45,Male,Biratnagar,39,45395,6256.22,136.3,2333,1098,8,2,4.8,Premium,Monthly,iPhone,Average,No,3,0
2885,28,Female,Biratnagar,37,40202,6120.85,53.8,868,1121,11,7,4.63,Basic,Monthly,Feature Phone,Good,No,3,1
2886,51,Female,Butwal,119,164345,4545.11,66.74,2310,382,11,4,1.35,Basic,Two Year,Android,Good,No,1,1
2887,25,Male,Kathmandu,114,199961,6993.82,110.19,2045,1393,4,4,2.22,Standard,One Year,Feature Phone,Excellent,No,1,1
2888,39,Male,Butwal,86,249707,1491.08,40.72,1713,1308,14,8,4.79,Basic,One Year,Android,Good,No,4,0
2889,25,Male,Biratnagar,8,224120,4966.09,5.04,1370,1279,0,0,1.39,Standard,Two Year,iPhone,Excellent,No,0,1
2890,66,Female,Dharan,81,244839,3870.07,112.87,549,308,6,6,1.38,Standard,Monthly,Android,Average,Yes,2,1
2891,32,Female,Biratnagar,52,239882,3667.19,93.59,1638,175,9,7,1.34,Standard,One Year,iPhone,Good,No,3,1
2892,34,Male,Lalitpur,91,123235,2394.21,131.69,866,227,14,9,4.91,Standard,Monthly,Feature Phone,Average,Yes,3,1
2893,40,Male,Dharan,33,65510,3292.1,30.19,2409,346,13,2,3.97,Premium,Monthly,iPhone,Good,Yes,0,1
2894,41,Female,Butwal,110,107945,1311.13,168.34,1808,1365,2,7,1.86,Premium,Monthly,iPhone,Good,No,4,0
2895,62,Male,Lalitpur,81,90649,2386.99,30.1,1722,1262,9,0,1.18,Standard,Two Year,Android,Excellent,No,4,0
2896,36,Female,Kathmandu,42,126723,2539.74,178.38,779,1020,9,7,4.86,Standard,Monthly,Android,Excellent,Yes,1,1
2897,22,Female,Bhaktapur,76,22881,5905.01,90.45,1423,349,10,6,2.7,Basic,Monthly,Android,Excellent,No,0,1
2898,49,Male,Pokhara,112,65913,864.13,110.41,817,454,3,3,3.39,Basic,One Year,Android,Average,No,4,0
2899,61,Male,Lalitpur,110,131860,5383.94,179.42,551,440,5,6,2.12,Standard,Monthly,iPhone,Average,No,4,0
2900,18,Female,Pokhara,27,104785,2160.57,60.68,1937,760,7,9,4.03,Standard,Monthly,Feature Phone,Average,Yes,2,1
2901,40,Male,Chitwan,112,216109,1113.96,37.18,883,514,12,6,1.79,Basic,One Year,Feature Phone,Average,No,1,1
2902,54,Male,Kathmandu,8,82457,2756.05,89.7,61,1104,3,9,4.15,Premium,Monthly,Android,Average,Yes,1,1
2903,25,Male,Bhaktapur,23,186415,2183.55,49.63,618,1384,14,0,1.92,Standard,Two Year,Android,Good,Yes,1,1
2904,30,Male,Chitwan,106,213461,4640.24,106.04,325,287,11,2,1.39,Premium,One Year,iPhone,Excellent,No,5,0
2905,25,Female,Chitwan,113,229322,3180.32,55.78,828,7,8,6,2.92,Premium,Monthly,iPhone,Good,No,4,0
2906,40,Female,Biratnagar,64,159728,7744.95,173.03,1283,86,7,4,4.25,Basic,Monthly,Android,Excellent,No,3,0
2907,60,Female,Chitwan,93,25741,7726.62,121.86,698,997,9,8,2.54,Premium,One Year,iPhone,Excellent,No,5,0
2908,18,Female,Kathmandu,114,167733,3827.86,1.05,750,285,9,6,1.12,Basic,Monthly,Android,Average,Yes,4,1
2909,62,Male,Lalitpur,20,117091,6463.16,161.29,2045,1422,5,2,3.21,Premium,One Year,Android,Excellent,No,4,0
2910,68,Male,Kathmandu,16,48690,599.51,66.71,952,73,6,0,3.72,Standard,One Year,iPhone,Poor,No,0,0
2911,41,Female,Lalitpur,17,52833,4608.59,64.72,922,1462,7,4,3.96,Premium,One Year,Feature Phone,Good,Yes,1,1
2912,52,Female,Chitwan,80,122566,6074.74,77.23,152,1146,1,9,2.61,Standard,One Year,iPhone,Average,No,1,0
2913,41,Male,Chitwan,19,91240,2127.07,126.42,2118,1400,4,4,1.39,Standard,Two Year,Android,Average,Yes,2,1
2914,34,Female,Dharan,120,126898,958.79,88.97,411,805,12,6,3.34,Standard,Monthly,Android,Good,No,1,0
2915,22,Female,Bhaktapur,120,97711,1669.39,126.1,527,1166,6,0,2.32,Premium,Monthly,Android,Good,Yes,4,0
2916,37,Male,Lalitpur,8,208213,3813.86,30.21,1705,157,7,9,4.79,Premium,One Year,Feature Phone,Excellent,No,0,1
2917,38,Female,Chitwan,38,229304,4297.79,194.06,2421,429,4,1,3.01,Standard,Monthly,Android,Excellent,Yes,2,0
2918,57,Male,Biratnagar,38,59023,3356.64,146.19,1438,1471,2,5,2.89,Standard,One Year,Feature Phone,Good,Yes,4,0
2919,48,Male,Dharan,53,60209,3799.8,50.79,975,1433,14,7,2.24,Basic,One Year,Feature Phone,Good,No,4,1
2920,63,Female,Pokhara,93,113590,4026.76,145.11,115,1394,5,3,2.36,Premium,Monthly,iPhone,Average,No,5,1
2921,53,Male,Dharan,105,106612,6270.77,115.43,125,1132,4,2,3.05,Standard,Monthly,Android,Good,No,2,0
2922,28,Female,Bhaktapur,100,100522,1289.31,22.73,697,845,7,2,2.23,Premium,One Year,Android,Average,No,5,0
2923,69,Male,Kathmandu,90,131654,6267.13,36.46,875,35,8,2,4.57,Standard,Two Year,iPhone,Average,No,4,0
2924,32,Female,Bhaktapur,31,165512,5664.7,9.22,1982,1113,8,1,2.76,Basic,Monthly,iPhone,Poor,Yes,4,1
2925,36,Female,Pokhara,44,139107,6062.46,162.04,809,1020,11,0,2.17,Basic,One Year,Feature Phone,Good,No,5,1
2926,24,Female,Dharan,60,159032,6008.51,110.79,534,973,11,4,1.62,Basic,Monthly,Android,Good,No,0,1
2927,68,Male,Lalitpur,76,42462,4029.44,64.03,1104,1438,5,9,3.69,Standard,Monthly,iPhone,Average,No,0,1
2928,45,Male,Kathmandu,119,37821,2085.5,26.14,1027,1017,14,4,1.1,Basic,Monthly,Android,Average,No,5,1
2929,68,Female,Kathmandu,17,208844,4524.72,97.33,1337,1319,3,4,2.8,Standard,Monthly,Android,Good,No,0,1
2930,60,Male,Lalitpur,79,178330,7684.87,105.53,2369,712,3,3,3.2,Basic,One Year,iPhone,Good,No,1,0
2931,22,Female,Butwal,73,112889,4913.94,140.69,2298,1069,8,2,2.36,Standard,One Year,Android,Good,No,2,0
2932,22,Female,Butwal,39,108952,582.85,194.02,1452,487,3,2,4.0,Basic,Two Year,Android,Average,No,0,0
2933,47,Male,Bhaktapur,42,213596,947.83,87.55,316,618,7,1,3.7,Standard,Monthly,Android,Poor,No,4,0
2934,49,Female,Chitwan,48,173187,7946.48,81.8,474,169,8,4,4.89,Basic,Two Year,Android,Average,No,1,0
2935,25,Male,Butwal,12,138066,1039.6,74.62,961,145,4,3,3.04,Standard,One Year,Android,Good,Yes,2,0
2936,27,Female,Bhaktapur,96,197505,845.34,165.56,259,867,12,5,3.15,Basic,Monthly,Android,Good,Yes,0,0
2937,55,Male,Butwal,89,241576,3147.68,32.11,1641,419,5,1,1.98,Basic,Monthly,Android,Good,No,0,1
2938,64,Female,Pokhara,103,239339,7769.88,69.42,2205,572,2,1,2.54,Premium,One Year,Feature Phone,Good,Yes,2,0
2939,49,Female,Biratnagar,18,239393,2890.06,145.27,473,1026,11,7,1.11,Basic,Two Year,Feature Phone,Good,No,0,1
2940,65,Male,Chitwan,79,99364,3574.13,4.12,1269,1286,4,5,3.76,Premium,One Year,iPhone,Good,No,5,0
2941,45,Female,Bhaktapur,96,90077,5255.58,58.59,2094,798,4,2,2.25,Premium,One Year,Android,Poor,No,2,1
2942,34,Female,Biratnagar,6,60644,680.84,128.65,714,320,14,4,3.16,Standard,Monthly,Android,Poor,No,2,1
2943,48,Male,Biratnagar,108,82643,7233.23,38.0,729,245,13,2,2.02,Standard,Monthly,iPhone,Excellent,Yes,4,1
2944,25,Female,Dharan,43,33311,4395.82,61.24,2034,476,1,1,3.48,Standard,Monthly,Android,Good,No,2,0
2945,57,Male,Butwal,116,149466,4001.08,97.72,868,1282,9,2,2.79,Standard,Monthly,Android,Average,No,3,0
2946,42,Female,Dharan,35,50531,6955.45,84.98,968,1116,5,0,2.93,Standard,One Year,Android,Good,Yes,0,0
2947,26,Male,Lalitpur,98,34588,7648.07,22.1,126,782,8,6,4.77,Basic,Two Year,Android,Average,No,4,1
2948,19,Female,Pokhara,102,69416,3675.69,187.71,1744,532,10,5,3.82,Standard,Monthly,Feature Phone,Good,Yes,1,0
2949,32,Female,Pokhara,120,163452,1793.31,9.81,2103,1362,14,4,2.05,Premium,One Year,Feature Phone,Excellent,No,3,1
2950,67,Female,Pokhara,54,193717,6617.82,150.2,616,1283,6,5,3.02,Basic,Monthly,Feature Phone,Average,No,2,1
2951,20,Male,Chitwan,62,168890,3524.45,15.21,174,236,13,7,2.87,Standard,Monthly,Feature Phone,Average,Yes,1,1
2952,66,Male,Kathmandu,69,181929,7516.59,93.99,815,1164,7,2,4.18,Standard,Monthly,iPhone,Good,No,1,0
2953,53,Male,Chitwan,82,41711,7624.24,35.91,291,974,1,2,4.33,Basic,Monthly,Android,Good,No,1,0
2954,21,Male,Bhaktapur,16,156169,1361.22,29.08,1590,678,10,4,2.13,Basic,Monthly,Android,Poor,No,1,1
2955,31,Female,Biratnagar,8,136348,7674.15,26.05,1463,578,12,4,4.28,Standard,Monthly,iPhone,Good,Yes,4,1
2956,58,Female,Biratnagar,89,179465,3262.03,91.1,1227,1373,13,0,1.72,Standard,Monthly,Android,Poor,No,4,1
2957,58,Male,Dharan,96,42076,5346.89,103.58,1654,129,8,3,4.05,Basic,Monthly,Feature Phone,Average,No,1,0
2958,42,Male,Kathmandu,90,104274,760.63,27.54,1280,10,2,8,2.0,Standard,One Year,Android,Good,No,3,1
2959,67,Male,Bhaktapur,116,77609,7166.63,195.9,1958,256,9,7,2.19,Standard,Monthly,iPhone,Good,Yes,0,1
2960,27,Female,Kathmandu,86,180389,5311.98,52.3,1552,815,4,2,4.41,Premium,Two Year,iPhone,Good,No,5,0
2961,38,Male,Biratnagar,31,78480,5326.66,92.31,141,368,13,4,2.68,Basic,Two Year,Android,Poor,No,0,1
2962,53,Male,Butwal,107,27044,7266.32,44.04,1460,943,6,4,4.96,Standard,Two Year,iPhone,Good,Yes,4,0
2963,29,Female,Chitwan,10,222105,4312.6,99.29,1418,1417,3,6,1.61,Basic,One Year,iPhone,Good,No,3,1
2964,44,Female,Pokhara,56,75486,3578.87,151.45,1523,1442,6,7,2.85,Basic,One Year,iPhone,Good,No,3,0
2965,57,Male,Biratnagar,76,75162,6995.97,104.7,169,881,7,8,3.93,Basic,Monthly,iPhone,Good,Yes,2,1
2966,19,Female,Lalitpur,117,230359,6068.15,57.84,726,18,14,6,1.02,Standard,One Year,Android,Excellent,Yes,4,1
2967,30,Male,Pokhara,92,49882,7617.32,50.43,1635,109,12,1,1.61,Premium,Monthly,Feature Phone,Good,Yes,3,1
2968,49,Female,Biratnagar,70,74078,7550.91,152.03,1533,1460,9,7,1.08,Basic,Monthly,Android,Good,Yes,3,1
2969,48,Male,Chitwan,20,78734,3367.45,24.53,2220,504,13,7,4.97,Standard,Monthly,Feature Phone,Excellent,Yes,0,1
2970,33,Male,Kathmandu,5,128730,3852.4,74.62,864,1057,9,1,4.04,Basic,Monthly,Feature Phone,Excellent,Yes,3,1
2971,49,Male,Butwal,23,194898,2419.89,31.15,2347,1311,3,5,2.49,Standard,Monthly,Android,Poor,Yes,3,1
2972,49,Male,Butwal,9,107985,5454.86,52.34,2489,1002,14,9,1.63,Standard,Two Year,Feature Phone,Good,Yes,1,1
2973,51,Female,Pokhara,58,64028,3234.06,31.38,1996,254,4,0,1.36,Standard,Monthly,Feature Phone,Poor,Yes,0,1
2974,28,Female,Chitwan,59,202403,6395.75,177.47,1855,637,10,6,3.13,Standard,Two Year,iPhone,Average,No,0,1
2975,27,Female,Butwal,93,118938,1411.63,146.65,823,133,2,9,4.9,Standard,Monthly,iPhone,Excellent,No,1,0
2976,32,Female,Butwal,80,138319,1373.02,112.62,374,498,4,1,3.7,Basic,One Year,Feature Phone,Excellent,No,0,0
2977,34,Male,Bhaktapur,54,52543,2033.42,45.66,1625,396,7,4,2.46,Standard,One Year,Android,Average,Yes,2,1
2978,57,Male,Lalitpur,46,144279,1132.19,102.54,397,646,2,6,3.0,Standard,One Year,Feature Phone,Poor,Yes,5,0
2979,35,Female,Pokhara,22,49362,5150.24,104.65,2147,684,14,9,5.0,Basic,Monthly,iPhone,Good,Yes,2,1
2980,26,Female,Kathmandu,64,178387,1605.15,118.49,1600,1236,13,8,3.08,Basic,One Year,iPhone,Average,Yes,4,1
2981,42,Female,Butwal,8,178818,1699.72,12.96,1007,1373,12,0,4.86,Premium,Monthly,Android,Good,No,5,1
2982,57,Female,Bhaktapur,20,161129,606.71,194.61,252,18,4,8,1.07,Premium,One Year,Android,Good,No,0,1
2983,31,Female,Chitwan,51,62915,6365.68,93.62,173,1010,9,4,3.88,Basic,One Year,Feature Phone,Average,Yes,0,1
2984,42,Male,Butwal,78,172133,6592.22,185.38,926,118,0,5,3.51,Standard,Monthly,Android,Average,No,2,0
2985,67,Male,Dharan,39,71370,1715.17,2.95,1640,301,1,7,3.74,Standard,Monthly,Android,Excellent,No,4,1
2986,39,Male,Lalitpur,37,185229,6046.43,50.26,2438,1308,2,1,3.28,Premium,Monthly,iPhone,Average,No,4,0
2987,69,Female,Kathmandu,50,131375,3751.59,21.7,342,226,0,6,1.18,Premium,Two Year,Android,Poor,Yes,2,1
2988,47,Female,Chitwan,34,162394,2296.96,154.15,351,1235,12,3,1.6,Standard,One Year,Android,Good,Yes,2,1
2989,37,Female,Chitwan,75,89812,5160.38,64.7,262,355,10,8,4.69,Basic,Monthly,Android,Average,No,5,0
2990,38,Female,Pokhara,118,228914,1838.63,168.26,449,700,11,5,1.93,Standard,Monthly,Android,Good,Yes,1,1
2991,61,Male,Butwal,104,54017,6176.63,166.64,1225,486,10,6,4.97,Standard,Monthly,Android,Poor,No,4,0
2992,49,Male,Pokhara,33,76792,857.11,133.89,1516,1344,8,5,3.72,Premium,Monthly,Android,Excellent,Yes,4,0
2993,68,Female,Kathmandu,31,178814,7693.48,133.49,2443,222,8,7,2.78,Standard,One Year,iPhone,Average,Yes,1,1
2994,63,Male,Dharan,54,248208,1039.06,140.33,100,1214,4,5,4.68,Premium,One Year,iPhone,Average,Yes,2,0
2995,66,Male,Butwal,44,215880,4845.86,135.08,1593,994,13,6,4.18,Standard,One Year,Android,Good,Yes,1,0
2996,38,Female,Biratnagar,34,149198,7266.46,77.99,439,499,3,7,2.72,Basic,Two Year,Android,Excellent,No,1,1
2997,52,Female,Butwal,114,37629,589.28,136.88,486,1260,4,0,1.27,Standard,One Year,iPhone,Good,Yes,3,0
2998,49,Female,Dharan,71,148614,4238.86,179.58,1100,1045,3,9,4.47,Basic,One Year,Android,Average,Yes,4,0
2999,47,Female,Biratnagar,113,159317,3125.05,67.18,2020,1350,11,3,4.06,Standard,One Year,Android,Good,No,2,0
3000,56,Female,Chitwan,118,116950,4852.49,189.03,1585,1150,4,5,4.16,Standard,One Year,Android,Good,Yes,3,0
